{"type": "FeatureCollection", "features": [{"type": "Feature", "properties": {"building": "yes", "name": "邱德拔体育馆", "leisure": "sports_centre", "source": "osm"}, "geometry": {"type": "MultiPolygon", "coordinates": [[[[116.3086333, 39.9877594], [116.3086624, 39.987286], [116.3086847, 39.9869223], [116.3095004, 39.9869517], [116.309449, 39.9877888], [116.3090181, 39.9877733], [116.3086333, 39.9877594]]]]}}, {"type": "Feature", "properties": {"building": "office", "name": "搜狐网络大厦", "source": "osm"}, "geometry": {"type": "MultiPolygon", "coordinates": [[[[116.3257158, 39.9926455], [116.325736, 39.9921042], [116.3259207, 39.9921082], [116.3259229, 39.9920503], [116.3260938, 39.992054], [116.3260882, 39.9922025], [116.3261871, 39.9922047], [116.3261687, 39.992699], [116.3260634, 39.9926967], [116.3260609, 39.9927649], [116.3258783, 39.9927609], [116.3258825, 39.9926491], [116.3257158, 39.9926455]]]]}}, {"type": "Feature", "properties": {"building": "yes", "name": "华清商务会馆", "source": "osm"}, "geometry": {"type": "MultiPolygon", "coordinates": [[[[116.3272413, 39.9909957], [116.3272501, 39.9907954], [116.3275137, 39.9907985], [116.3275046, 39.9909756], [116.3281745, 39.9910019], [116.3281663, 39.9911664], [116.3273541, 39.9911383], [116.3272413, 39.9909957]]]]}}, {"type": "Feature", "properties": {"building": "yes", "name": "五道口购物中心", "shop": "mall", "source": "osm"}, "geometry": {"type": "MultiPolygon", "coordinates": [[[[116.3327904, 39.9911689], [116.3327986, 39.99093], [116.3331962, 39.9909368], [116.333206, 39.9902642], [116.3328203, 39.9902591], [116.3328264, 39.9900266], [116.3335083, 39.9900414], [116.3335062, 39.9901513], [116.3335, 39.990465], [116.3334873, 39.9911127], [116.3333916, 39.9911879], [116.3331161, 39.9911792], [116.3327904, 39.9911689]]]]}}, {"type": "Feature", "properties": {"building": "commercial", "name": "东升大厦", "shop": "mall", "source": "osm"}, "geometry": {"type": "MultiPolygon", "coordinates": [[[[116.3271256, 39.9927793], [116.3271364, 39.9925304], [116.327225, 39.9923615], [116.3273269, 39.9921945], [116.3274984, 39.9920349], [116.3277329, 39.9919228], [116.3279418, 39.9918713], [116.3280128, 39.9919826], [116.328075, 39.9919866], [116.3281316, 39.9919267], [116.3282613, 39.991927], [116.3282242, 39.9926781], [116.3278492, 39.9926586], [116.3277125, 39.9927393], [116.3275878, 39.992747], [116.3275246, 39.9928654], [116.3274361, 39.9929199], [116.3273359, 39.9928968], [116.3272563, 39.9927831], [116.3271256, 39.9927793]]]]}}, {"type": "Feature", "properties": {"building": "yes", "name": "融科资讯中心A座", "source": "osm"}, "geometry": {"type": "MultiPolygon", "coordinates": [[[[116.3192004, 39.9829699], [116.3197094, 39.9826329], [116.3198708, 39.9826435], [116.3198673, 39.9827943], [116.3194948, 39.9830302], [116.3194948, 39.9831224], [116.3198478, 39.9833778], [116.3198442, 39.9835326], [116.3196989, 39.9835307], [116.3192004, 39.9831383], [116.3192004, 39.9829699]]]]}}, {"type": "Feature", "properties": {"building": "retail", "source": "osm"}, "geometry": {"type": "MultiPolygon", "coordinates": [[[[116.3285136, 39.968039], [116.3285545, 39.9670061], [116.3296135, 39.9670347], [116.329567, 39.9680625], [116.3285136, 39.968039]]]]}}, {"type": "Feature", "properties": {"building": "yes", "source": "osm"}, "geometry": {"type": "MultiPolygon", "coordinates": [[[[116.3284845, 39.9691964], [116.3285596, 39.9681111], [116.3295184, 39.9681295], [116.3294823, 39.9692129], [116.3284845, 39.9691964]]]]}}, {"type": "Feature", "properties": {"building": "yes", "source": "osm"}, "geometry": {"type": "MultiPolygon", "coordinates": [[[[116.3302547, 39.96844], [116.3305337, 39.9670586], [116.3314134, 39.9671161], [116.3312311, 39.9684975], [116.3302547, 39.96844]]]]}}, {"type": "Feature", "properties": {"building": "commercial", "name": "银科大厦", "source": "osm"}, "geometry": {"type": "MultiPolygon", "coordinates": [[[[116.3000275, 39.9808185], [116.3000313, 39.9806021], [116.3000654, 39.9801875], [116.3003115, 39.9800623], [116.3004197, 39.9800791], [116.3005158, 39.9803584], [116.3006651, 39.9808863], [116.3006473, 39.9809348], [116.3001974, 39.9809413], [116.3000275, 39.9808185]]]]}}, {"type": "Feature", "properties": {"building": "commercial", "name": "左岸工社", "source": "osm"}, "geometry": {"type": "MultiPolygon", "coordinates": [[[[116.2976377, 39.9830002], [116.2979703, 39.9828687], [116.2980347, 39.9828769], [116.2983941, 39.9828111], [116.2986033, 39.9828029], [116.2991719, 39.9828974], [116.2990807, 39.9831523], [116.2985336, 39.9830372], [116.2980239, 39.9831235], [116.2979167, 39.9830454], [116.2977396, 39.9830947], [116.2977182, 39.9830742], [116.2976753, 39.9830906], [116.2976377, 39.9830002]]]]}}, {"type": "Feature", "properties": {"building": "train_station", "name": "五道口", "source": "osm"}, "geometry": {"type": "MultiPolygon", "coordinates": [[[[116.3315073, 39.9922191], [116.3315576, 39.990961], [116.3317895, 39.9909705], [116.3317479, 39.9922247], [116.3315073, 39.9922191]]]]}}, {"type": "Feature", "properties": {"building": "train_station", "name": "知春路", "source": "osm"}, "geometry": {"type": "MultiPolygon", "coordinates": [[[[116.3336188, 39.9758425], [116.3338363, 39.9745295], [116.3341701, 39.9745566], [116.3341151, 39.9748778], [116.3340411, 39.9752931], [116.333939, 39.9758742], [116.3336188, 39.9758425]]]]}}, {"type": "Feature", "properties": {"building": "university", "name": "9003大楼", "source": "osm"}, "geometry": {"type": "MultiPolygon", "coordinates": [[[[116.3237125, 39.9965915], [116.3237215, 39.9964581], [116.3239594, 39.9964674], [116.3239624, 39.9964221], [116.3243919, 39.996439], [116.3243937, 39.9964118], [116.3246753, 39.9964229], [116.3249357, 39.9964331], [116.3249342, 39.9964551], [116.3253552, 39.9964717], [116.3253508, 39.9965375], [116.3255911, 39.9965469], [116.3255814, 39.9966915], [116.3255415, 39.9966899], [116.3255267, 39.9969104], [116.325427, 39.9969065], [116.3253108, 39.996902], [116.3253187, 39.9967848], [116.3253285, 39.9966375], [116.3239637, 39.9965841], [116.3239536, 39.9967341], [116.3239502, 39.9967863], [116.3237323, 39.9967777], [116.3237447, 39.9965927], [116.3237125, 39.9965915]]]]}}, {"type": "Feature", "properties": {"building": "university", "name": "明理楼 （法学院）", "source": "osm"}, "geometry": {"type": "MultiPolygon", "coordinates": [[[[116.3255336, 39.9972414], [116.3255388, 39.9971121], [116.325841, 39.9971193], [116.3258456, 39.9970069], [116.3257423, 39.9970045], [116.3257513, 39.9967806], [116.3258668, 39.9967834], [116.3258767, 39.9965355], [116.3261204, 39.9965413], [116.3260917, 39.9972546], [116.3255336, 39.9972414]]]]}}, {"type": "Feature", "properties": {"building": "yes", "name": "学研大厦", "source": "osm"}, "geometry": {"type": "MultiPolygon", "coordinates": [[[[116.3294115, 39.9976396], [116.3294542, 39.996808], [116.3295633, 39.9968101], [116.3297649, 39.9969699], [116.3297463, 39.9973246], [116.3298712, 39.9974286], [116.3303597, 39.9974382], [116.3305596, 39.9976085], [116.3305575, 39.9976704], [116.3294115, 39.9976396]]]]}}, {"type": "Feature", "properties": {"building": "university", "name": "建筑馆", "source": "osm"}, "geometry": {"type": "MultiPolygon", "coordinates": [[[[116.3267924, 39.9985844], [116.3268288, 39.9978979], [116.3280714, 39.9979366], [116.3280549, 39.9982476], [116.3278411, 39.9982409], [116.3278484, 39.9981046], [116.3271721, 39.9980835], [116.3271688, 39.9981469], [116.3273093, 39.9981513], [116.3272967, 39.9983889], [116.3271425, 39.9983841], [116.3271401, 39.9984297], [116.3276033, 39.9984461], [116.3275991, 39.9986044], [116.3267924, 39.9985844]]]]}}, {"type": "Feature", "properties": {"building": "yes", "shop": "yes", "source": "osm"}, "geometry": {"type": "MultiPolygon", "coordinates": [[[[116.3179685, 39.9972388], [116.3180972, 39.9972409], [116.3180892, 39.9971047], [116.3185421, 39.9970799], [116.3185642, 39.9974058], [116.3179899, 39.9974442], [116.3179685, 39.9972388]]]]}}, {"type": "Feature", "properties": {"building": "yes", "shop": "yes", "source": "osm"}, "geometry": {"type": "MultiPolygon", "coordinates": [[[[116.3186444, 39.9970744], [116.3191808, 39.9970367], [116.3191915, 39.9973456], [116.3186686, 39.9973763], [116.3186444, 39.9970744]]]]}}, {"type": "Feature", "properties": {"building": "yes", "shop": "yes", "source": "osm"}, "geometry": {"type": "MultiPolygon", "coordinates": [[[[116.3179899, 39.997588], [116.3191701, 39.9975201], [116.3191916, 39.9978346], [116.3180227, 39.9979025], [116.3179899, 39.997588]]]]}}, {"type": "Feature", "properties": {"building": "university", "name": "纳米科技楼", "source": "osm"}, "geometry": {"type": "MultiPolygon", "coordinates": [[[[116.3225443, 39.9974391], [116.3225668, 39.9969916], [116.3231737, 39.9970095], [116.3231512, 39.9974571], [116.3225443, 39.9974391]]]]}}, {"type": "Feature", "properties": {"building": "office", "name": "服务楼", "source": "osm"}, "geometry": {"type": "MultiPolygon", "coordinates": [[[[116.3183973, 39.9981312], [116.3185383, 39.9981231], [116.3185423, 39.9981645], [116.3189132, 39.9981433], [116.3189249, 39.9982631], [116.3184131, 39.9982925], [116.3183973, 39.9981312]]]]}}, {"type": "Feature", "properties": {"building": "yes", "name": "技术科学楼", "source": "osm"}, "geometry": {"type": "MultiPolygon", "coordinates": [[[[116.3269411, 39.9972441], [116.3269676, 39.9966244], [116.3270681, 39.9966269], [116.3270708, 39.9965653], [116.3280751, 39.9965906], [116.3280679, 39.9967597], [116.3278899, 39.9967552], [116.327869, 39.9969776], [116.3276973, 39.996979], [116.3277016, 39.9967562], [116.3272793, 39.9967399], [116.327251, 39.997193], [116.3275488, 39.9972013], [116.3275603, 39.9969895], [116.328075, 39.9970024], [116.3280605, 39.9973419], [116.32704, 39.9973162], [116.3270429, 39.9972467], [116.3269411, 39.9972441]]]]}}, {"type": "Feature", "properties": {"building": "university", "name": "能科楼BC", "source": "osm"}, "geometry": {"type": "MultiPolygon", "coordinates": [[[[116.3225447, 39.9967348], [116.3225533, 39.9965894], [116.322779, 39.9965918], [116.3228988, 39.9965931], [116.3229281, 39.9965534], [116.3229855, 39.9965297], [116.3230543, 39.9965324], [116.3231322, 39.9964975], [116.3231702, 39.9965528], [116.3232046, 39.9966249], [116.3231932, 39.9966895], [116.3231428, 39.9967442], [116.3230713, 39.996772], [116.3229886, 39.996769], [116.3229101, 39.9967388], [116.3225447, 39.9967348]]]]}}, {"type": "Feature", "properties": {"building": "university", "name": "经济管理学院", "source": "osm"}, "geometry": {"type": "MultiPolygon", "coordinates": [[[[116.3241918, 39.9985655], [116.3242134, 39.9979207], [116.3259774, 39.9979554], [116.3259707, 39.9981575], [116.3259568, 39.9985708], [116.3252689, 39.9985573], [116.3252737, 39.9984163], [116.325588, 39.9984224], [116.3255986, 39.9981064], [116.3244563, 39.9980839], [116.3244602, 39.9981468], [116.3244948, 39.9982338], [116.3245726, 39.9983283], [116.3246099, 39.9984342], [116.3247703, 39.9984362], [116.324767, 39.9983961], [116.3247952, 39.9983561], [116.3248609, 39.9983098], [116.3249749, 39.9982985], [116.3250527, 39.9983314], [116.3250835, 39.9983992], [116.3250701, 39.9984629], [116.3250355, 39.9984895], [116.3250335, 39.998582], [116.3241918, 39.9985655]]]]}}, {"type": "Feature", "properties": {"building": "university", "name": "能科楼A", "source": "osm"}, "geometry": {"type": "MultiPolygon", "coordinates": [[[[116.3227749, 39.9963948], [116.3227826, 39.99626], [116.3234901, 39.9962836], [116.3234824, 39.9964184], [116.3227749, 39.9963948]]]]}}, {"type": "Feature", "properties": {"building": "yes", "name": "邮局", "source": "osm"}, "geometry": {"type": "MultiPolygon", "coordinates": [[[[116.318011, 39.9980088], [116.3185883, 39.9979917], [116.3185944, 39.9981128], [116.3180171, 39.9981298], [116.318011, 39.9980088]]]]}}, {"type": "Feature", "properties": {"building": "office", "name": "科技大厦C座", "source": "osm"}, "geometry": {"type": "MultiPolygon", "coordinates": [[[[116.3240956, 39.9922036], [116.3240986, 39.991838], [116.3245011, 39.99184], [116.3244981, 39.9922055], [116.3240956, 39.9922036]]]]}}, {"type": "Feature", "properties": {"building": "yes", "name": "科建大厦", "office": "yes", "source": "osm"}, "geometry": {"type": "MultiPolygon", "coordinates": [[[[116.3229716, 39.9928742], [116.3229856, 39.9924747], [116.323208, 39.9924793], [116.3231998, 39.9927114], [116.3235191, 39.992718], [116.3235132, 39.9928854], [116.3229716, 39.9928742]]]]}}, {"type": "Feature", "properties": {"building": "university", "name": "微电子所（集成电路学院）", "source": "osm"}, "geometry": {"type": "MultiPolygon", "coordinates": [[[[116.3237903, 39.9975315], [116.3238111, 39.9972384], [116.3240401, 39.9972479], [116.3240427, 39.9972113], [116.324713, 39.9972391], [116.3246871, 39.9976051], [116.3240238, 39.9975775], [116.3240264, 39.9975413], [116.3237903, 39.9975315]]]]}}, {"type": "Feature", "properties": {"building": "yes", "source": "osm"}, "geometry": {"type": "MultiPolygon", "coordinates": [[[[116.3245626, 39.9971238], [116.3245749, 39.9969237], [116.3250855, 39.9969421], [116.3250768, 39.9970825], [116.3250545, 39.9970817], [116.325044, 39.9972519], [116.3247797, 39.9972424], [116.3247865, 39.9971319], [116.3245626, 39.9971238]]]]}}, {"type": "Feature", "properties": {"building": "university", "name": "遥感楼", "source": "osm"}, "geometry": {"type": "MultiPolygon", "coordinates": [[[[116.3061858, 39.9919369], [116.3061943, 39.9918015], [116.3069743, 39.9918339], [116.3069686, 39.9919635], [116.3065605, 39.9919507], [116.3065563, 39.9920206], [116.3063574, 39.9920136], [116.3063616, 39.9919434], [116.3061858, 39.9919369]]]]}}, {"type": "Feature", "properties": {"building": "office", "name": "威盛", "source": "osm"}, "geometry": {"type": "MultiPolygon", "coordinates": [[[[116.3230859, 39.9921396], [116.3230958, 39.9918322], [116.3235484, 39.9918408], [116.3235467, 39.9918946], [116.3236558, 39.9918967], [116.3236466, 39.9921815], [116.32353, 39.9921793], [116.323531, 39.9921481], [116.3230859, 39.9921396]]]]}}, {"type": "Feature", "properties": {"building": "office", "name": "创新大厦", "source": "osm"}, "geometry": {"type": "MultiPolygon", "coordinates": [[[[116.3237893, 39.9947908], [116.3237905, 39.9947634], [116.3238081, 39.9943048], [116.3251633, 39.9943354], [116.3252444, 39.994337], [116.3252296, 39.9947733], [116.3252276, 39.9948236], [116.3238318, 39.9947918], [116.3237893, 39.9947908]]]]}}, {"type": "Feature", "properties": {"building": "yes", "source": "osm"}, "geometry": {"type": "MultiPolygon", "coordinates": [[[[116.291522, 39.9797294], [116.2915774, 39.9791599], [116.2919685, 39.9791774], [116.2919913, 39.9788893], [116.2934417, 39.9789621], [116.2934455, 39.9788224], [116.2933772, 39.978738], [116.2933278, 39.9786333], [116.2932937, 39.9785577], [116.2932937, 39.9784675], [116.2933468, 39.9777546], [116.2935329, 39.9777662], [116.2935784, 39.9771756], [116.2933468, 39.9771581], [116.2933517, 39.9768716], [116.2933835, 39.976798], [116.2933989, 39.9767476], [116.2934063, 39.9766056], [116.2934212, 39.9764635], [116.2937475, 39.9759293], [116.2937994, 39.9758554], [116.2938142, 39.9757815], [116.2937326, 39.9756735], [116.2937819, 39.9755322], [116.2938049, 39.9753439], [116.2938049, 39.9751661], [116.293792, 39.9749291], [116.2935769, 39.9735992], [116.2940886, 39.9736163], [116.2934418, 39.9810917], [116.293164, 39.9810822], [116.2931453, 39.9812883], [116.2930622, 39.9813701], [116.2927596, 39.9813545], [116.2927596, 39.9815534], [116.2917313, 39.9815], [116.2919, 39.9797516], [116.291522, 39.9797294]]]]}}, {"type": "Feature", "properties": {"building": "yes", "name": "海龙大厦", "shop": "computer", "source": "osm"}, "geometry": {"type": "MultiPolygon", "coordinates": [[[[116.3089123, 39.9824744], [116.3089722, 39.9822892], [116.3090291, 39.9822926], [116.3091887, 39.981737], [116.3097031, 39.9818026], [116.3095462, 39.9823088], [116.3094319, 39.9824245], [116.3092533, 39.9825291], [116.3089123, 39.9824744]]]]}}, {"type": "Feature", "properties": {"building": "commercial", "name": "中关村科贸电子城", "office": "yes", "source": "osm"}, "geometry": {"type": "MultiPolygon", "coordinates": [[[[116.3108741, 39.9826748], [116.3109157, 39.9819705], [116.3109181, 39.9819294], [116.3109292, 39.9818655], [116.3109595, 39.9818048], [116.31101, 39.9817395], [116.311082, 39.9816709], [116.3111589, 39.9816325], [116.3112426, 39.9815952], [116.3121261, 39.981629], [116.3120578, 39.9826327], [116.3112995, 39.9826068], [116.3112703, 39.9826847], [116.3108741, 39.9826748]]]]}}, {"type": "Feature", "properties": {"building": "yes", "source": "osm"}, "geometry": {"type": "MultiPolygon", "coordinates": [[[[116.3332995, 39.9813244], [116.3333087, 39.9812519], [116.3335117, 39.9812671], [116.3335025, 39.9813396], [116.3332995, 39.9813244]]]]}}, {"type": "Feature", "properties": {"building": "train_station", "name": "清华园站", "source": "osm"}, "geometry": {"type": "MultiPolygon", "coordinates": [[[[116.3335152, 39.9813406], [116.3335647, 39.9809523], [116.3336778, 39.9809607], [116.3336283, 39.981349], [116.3335152, 39.9813406]]]]}}, {"type": "Feature", "properties": {"building": "yes", "source": "osm"}, "geometry": {"type": "MultiPolygon", "coordinates": [[[[116.3332715, 39.9815804], [116.3333007, 39.9813679], [116.3336309, 39.9813946], [116.3336521, 39.9813963], [116.3336229, 39.9816087], [116.3332715, 39.9815804]]]]}}, {"type": "Feature", "properties": {"building": "yes", "source": "osm"}, "geometry": {"type": "MultiPolygon", "coordinates": [[[[116.3333317, 39.9809484], [116.3333379, 39.9808959], [116.333529, 39.980909], [116.3335228, 39.9809616], [116.3333317, 39.9809484]]]]}}, {"type": "Feature", "properties": {"building": "yes", "source": "osm"}, "geometry": {"type": "MultiPolygon", "coordinates": [[[[116.3251467, 39.9908017], [116.3251494, 39.9906361], [116.325351, 39.990638], [116.3253483, 39.9908036], [116.3251467, 39.9908017]]]]}}, {"type": "Feature", "properties": {"building": "yes", "source": "osm"}, "geometry": {"type": "MultiPolygon", "coordinates": [[[[116.3255833, 39.9901087], [116.325586, 39.989943], [116.3257875, 39.9899449], [116.3257865, 39.9900108], [116.3257849, 39.9901106], [116.3256492, 39.9901093], [116.3255833, 39.9901087]]]]}}, {"type": "Feature", "properties": {"building": "yes", "source": "osm"}, "geometry": {"type": "MultiPolygon", "coordinates": [[[[116.3249168, 39.9910785], [116.3249195, 39.9909128], [116.3251211, 39.9909147], [116.3251184, 39.9910804], [116.3249168, 39.9910785]]]]}}, {"type": "Feature", "properties": {"building": "ruins", "name": "清华园车站旧址", "source": "osm"}, "geometry": {"type": "MultiPolygon", "coordinates": [[[[116.3255192, 39.9902572], [116.3255457, 39.9902158], [116.3255954, 39.9901385], [116.3257072, 39.9901806], [116.325631, 39.9902993], [116.3255192, 39.9902572]]]]}}, {"type": "Feature", "properties": {"building": "yes", "name": "京包铁路泵站", "source": "osm"}, "geometry": {"type": "MultiPolygon", "coordinates": [[[[116.3332115, 39.9857037], [116.3332137, 39.9855401], [116.3335199, 39.9855425], [116.3335185, 39.9856453], [116.3334715, 39.9856449], [116.3334707, 39.9857057], [116.3332115, 39.9857037]]]]}}, {"type": "Feature", "properties": {"building": "yes", "source": "osm"}, "geometry": {"type": "MultiPolygon", "coordinates": [[[[116.3357923, 39.986041], [116.3357995, 39.9857367], [116.3359488, 39.9857388], [116.3359415, 39.9860431], [116.3357923, 39.986041]]]]}}, {"type": "Feature", "properties": {"building": "yes", "source": "osm"}, "geometry": {"type": "MultiPolygon", "coordinates": [[[[116.3362734, 39.9857577], [116.3362785, 39.9856422], [116.3370965, 39.9856633], [116.3370914, 39.9857788], [116.3362734, 39.9857577]]]]}}, {"type": "Feature", "properties": {"building": "yes", "name": "北京市海淀区人民政府科学技术委员会", "source": "osm"}, "geometry": {"type": "MultiPolygon", "coordinates": [[[[116.3349331, 39.9856829], [116.3351185, 39.9855541], [116.335282, 39.9856922], [116.3350966, 39.985821], [116.3349331, 39.9856829]]]]}}, {"type": "Feature", "properties": {"building": "yes", "name": "北京市海淀科技中心（馆）", "source": "osm"}, "geometry": {"type": "MultiPolygon", "coordinates": [[[[116.3352264, 39.9858844], [116.3353032, 39.9858844], [116.3353206, 39.9859056], [116.3353498, 39.9859162], [116.3353838, 39.9859179], [116.3354193, 39.9859107], [116.3354516, 39.9858982], [116.3354804, 39.9858766], [116.3354933, 39.9858458], [116.3354931, 39.9858199], [116.3354757, 39.9857848], [116.335445, 39.9857571], [116.335447, 39.9856333], [116.3355787, 39.9856348], [116.3356516, 39.9856908], [116.3356499, 39.9858312], [116.3357121, 39.9858325], [116.3357005, 39.986093], [116.3352275, 39.9860893], [116.3352264, 39.9858844]]]]}}, {"type": "Feature", "properties": {"building": "yes", "source": "osm"}, "geometry": {"type": "MultiPolygon", "coordinates": [[[[116.3354336, 39.9763403], [116.3354691, 39.9762776], [116.3355599, 39.9761706], [116.3356376, 39.9761124], [116.3357168, 39.9761947], [116.3355748, 39.9763738], [116.3354336, 39.9763403]]]]}}, {"type": "Feature", "properties": {"building": "yes", "source": "osm"}, "geometry": {"type": "MultiPolygon", "coordinates": [[[[116.3335563, 39.9745641], [116.3338096, 39.9745643], [116.3337943, 39.9746601], [116.3337393, 39.9746596], [116.3337392, 39.9747536], [116.3337236, 39.9747539], [116.3335627, 39.974753], [116.3335563, 39.9745641]]]]}}, {"type": "Feature", "properties": {"building": "yes", "name": "中国化工集团大厦", "source": "osm"}, "geometry": {"type": "MultiPolygon", "coordinates": [[[[116.3024429, 39.9828498], [116.3025298, 39.9828494], [116.3027651, 39.9828512], [116.3030952, 39.982851], [116.3030936, 39.9833328], [116.3024464, 39.9833355], [116.3024429, 39.9828498]]]]}}, {"type": "Feature", "properties": {"building": "yes", "name": "清华同方科技广场B座", "source": "osm"}, "geometry": {"type": "MultiPolygon", "coordinates": [[[[116.3323693, 39.9982735], [116.3323823, 39.9979023], [116.332802, 39.9979109], [116.332789, 39.9982821], [116.3323693, 39.9982735]]]]}}, {"type": "Feature", "properties": {"building": "yes", "name": "清华同方科技广场A座", "source": "osm"}, "geometry": {"type": "MultiPolygon", "coordinates": [[[[116.3328586, 39.9987011], [116.3328701, 39.9983842], [116.3333655, 39.9983947], [116.333354, 39.9987116], [116.3328586, 39.9987011]]]]}}, {"type": "Feature", "properties": {"building": "yes", "name": "中航科技大厦", "source": "osm"}, "geometry": {"type": "MultiPolygon", "coordinates": [[[[116.3293091, 39.974809], [116.3293165, 39.9743948], [116.3296802, 39.9743986], [116.3296791, 39.9744626], [116.3299638, 39.9744656], [116.3299646, 39.9744229], [116.3303069, 39.9744265], [116.3302999, 39.9748193], [116.3293091, 39.974809]]]]}}, {"type": "Feature", "properties": {"building": "office", "name": "领航科技大厦（原中国艺术品大厦）", "office": "it", "source": "osm"}, "geometry": {"type": "MultiPolygon", "coordinates": [[[[116.3279361, 39.9747564], [116.3279415, 39.9745385], [116.3291107, 39.9745714], [116.3291053, 39.9749332], [116.3280971, 39.9749003], [116.3279361, 39.9747564]]]]}}, {"type": "Feature", "properties": {"building": "yes", "name": "博创后院", "source": "osm"}, "geometry": {"type": "MultiPolygon", "coordinates": [[[[116.3279137, 39.9744263], [116.3279198, 39.9740279], [116.3282339, 39.9740307], [116.3282318, 39.9741721], [116.328852, 39.9741776], [116.3288536, 39.9740687], [116.3289873, 39.9740699], [116.3292111, 39.9740719], [116.3292054, 39.974438], [116.3279137, 39.9744263]]]]}}, {"type": "Feature", "properties": {"building": "yes", "name": "环境节能楼（环境工程系）", "source": "osm"}, "geometry": {"type": "MultiPolygon", "coordinates": [[[[116.3283859, 39.9970712], [116.3283988, 39.996593], [116.3285981, 39.9965962], [116.328589, 39.9969304], [116.3288477, 39.9969345], [116.3288575, 39.9965719], [116.3290537, 39.996575], [116.32904, 39.9970816], [116.3283859, 39.9970712]]]]}}, {"type": "Feature", "properties": {"building": "office", "name": "立业大厦", "source": "osm"}, "geometry": {"type": "MultiPolygon", "coordinates": [[[[116.3229378, 39.993505], [116.3229471, 39.9932931], [116.3230585, 39.993296], [116.3230676, 39.99309], [116.323224, 39.9930941], [116.3232136, 39.993331], [116.323566, 39.9933401], [116.323558, 39.993521], [116.3229378, 39.993505]]]]}}, {"type": "Feature", "properties": {"building": "yes", "name": "21号楼", "source": "osm"}, "geometry": {"type": "MultiPolygon", "coordinates": [[[[116.2939386, 39.9718052], [116.2952448, 39.9718035], [116.2952453, 39.972046], [116.2939392, 39.9720477], [116.2939386, 39.9718052]]]]}}, {"type": "Feature", "properties": {"building": "yes", "name": "27号楼", "source": "osm"}, "geometry": {"type": "MultiPolygon", "coordinates": [[[[116.293868, 39.9707702], [116.2938704, 39.9705358], [116.2953105, 39.9705443], [116.2953081, 39.9707787], [116.293868, 39.9707702]]]]}}, {"type": "Feature", "properties": {"building": "yes", "name": "26号楼", "source": "osm"}, "geometry": {"type": "MultiPolygon", "coordinates": [[[[116.2940891, 39.9709706], [116.2953307, 39.9709608], [116.295334, 39.9712013], [116.2940924, 39.9712112], [116.2940891, 39.9709706]]]]}}, {"type": "Feature", "properties": {"building": "yes", "name": "25号楼", "source": "osm"}, "geometry": {"type": "MultiPolygon", "coordinates": [[[[116.2930882, 39.9711742], [116.2930943, 39.97094], [116.2940035, 39.9709539], [116.2939974, 39.9711881], [116.2930882, 39.9711742]]]]}}, {"type": "Feature", "properties": {"building": "yes", "name": "28号楼", "source": "osm"}, "geometry": {"type": "MultiPolygon", "coordinates": [[[[116.2938849, 39.97014], [116.2951239, 39.9701284], [116.2951275, 39.9703566], [116.2938885, 39.9703682], [116.2938849, 39.97014]]]]}}, {"type": "Feature", "properties": {"building": "yes", "name": "22号楼", "source": "osm"}, "geometry": {"type": "MultiPolygon", "coordinates": [[[[116.2941388, 39.971615], [116.2941412, 39.971356], [116.2953052, 39.9713624], [116.2953028, 39.9716214], [116.2941388, 39.971615]]]]}}, {"type": "Feature", "properties": {"building": "yes", "name": "23号楼", "source": "osm"}, "geometry": {"type": "MultiPolygon", "coordinates": [[[[116.2931275, 39.9713603], [116.2940019, 39.9713543], [116.2940047, 39.9716009], [116.2931304, 39.9716069], [116.2931275, 39.9713603]]]]}}, {"type": "Feature", "properties": {"building": "yes", "name": "32号楼", "source": "osm"}, "geometry": {"type": "MultiPolygon", "coordinates": [[[[116.2932593, 39.9680132], [116.2932604, 39.9677768], [116.2943466, 39.96778], [116.2943454, 39.9680164], [116.2932593, 39.9680132]]]]}}, {"type": "Feature", "properties": {"building": "yes", "name": "31号楼", "source": "osm"}, "geometry": {"type": "MultiPolygon", "coordinates": [[[[116.2932232, 39.9684313], [116.2932267, 39.9681908], [116.2943612, 39.9682005], [116.2943578, 39.9684409], [116.2932232, 39.9684313]]]]}}, {"type": "Feature", "properties": {"building": "yes", "name": "29号楼", "source": "osm"}, "geometry": {"type": "MultiPolygon", "coordinates": [[[[116.2932147, 39.969041], [116.2943224, 39.9690362], [116.2943242, 39.9692828], [116.2932165, 39.9692876], [116.2932147, 39.969041]]]]}}, {"type": "Feature", "properties": {"building": "yes", "name": "30号楼", "source": "osm"}, "geometry": {"type": "MultiPolygon", "coordinates": [[[[116.2932193, 39.9688414], [116.2932228, 39.9686153], [116.2942794, 39.9686249], [116.2942759, 39.9688511], [116.2932193, 39.9688414]]]]}}, {"type": "Feature", "properties": {"building": "yes", "source": "osm"}, "geometry": {"type": "MultiPolygon", "coordinates": [[[[116.2937118, 39.9673703], [116.2948973, 39.9673662], [116.2950261, 39.9673868], [116.2951548, 39.9674485], [116.2952085, 39.9675225], [116.2952514, 39.9675841], [116.2952567, 39.9676746], [116.2952406, 39.9677938], [116.2949134, 39.9684639], [116.2948329, 39.9686613], [116.2947793, 39.9688422], [116.2947578, 39.9690107], [116.2947525, 39.9691382], [116.2947793, 39.9692739], [116.2945379, 39.969278], [116.2945325, 39.9692245], [116.2945379, 39.9690231], [116.2945647, 39.9687928], [116.2946023, 39.9686325], [116.2946345, 39.9685338], [116.2946827, 39.9684516], [116.2950046, 39.9677897], [116.2950422, 39.9676992], [116.2949992, 39.9676458], [116.2949563, 39.9676252], [116.2947525, 39.967617], [116.2947471, 39.96758], [116.2945945, 39.9675794], [116.2937118, 39.9675759], [116.2937118, 39.9673703]]]]}}, {"type": "Feature", "properties": {"building": "commercial", "name": "鼎好", "source": "osm"}, "geometry": {"type": "MultiPolygon", "coordinates": [[[[116.3078962, 39.9836248], [116.307907, 39.9829879], [116.3081347, 39.9829901], [116.3081547, 39.9827852], [116.3079254, 39.9827806], [116.3079421, 39.9817207], [116.3079393, 39.9814818], [116.3086631, 39.9814966], [116.308637, 39.9821092], [116.3086114, 39.9827527], [116.3085371, 39.9827521], [116.3085287, 39.9829963], [116.3086805, 39.982998], [116.3086758, 39.983054], [116.3088064, 39.9830608], [116.3086009, 39.9836361], [116.3078962, 39.9836248]]]]}}, {"type": "Feature", "properties": {"building": "hotel", "source": "osm"}, "geometry": {"type": "MultiPolygon", "coordinates": [[[[116.3208701, 39.9921087], [116.3208808, 39.991696], [116.3223617, 39.9917185], [116.322351, 39.9921312], [116.3208701, 39.9921087]]]]}}, {"type": "Feature", "properties": {"building": "yes", "source": "osm"}, "geometry": {"type": "MultiPolygon", "coordinates": [[[[116.3166963, 39.9918166], [116.3167132, 39.9914437], [116.320108, 39.9915291], [116.3202504, 39.9916642], [116.3202381, 39.9919275], [116.3166963, 39.9918166]]]]}}, {"type": "Feature", "properties": {"building": "yes", "source": "osm"}, "geometry": {"type": "MultiPolygon", "coordinates": [[[[116.3277029, 39.9901239], [116.3277337, 39.9895002], [116.3283077, 39.9895204], [116.3282906, 39.9898368], [116.3282748, 39.9901299], [116.3277029, 39.9901239]]]]}}, {"type": "Feature", "properties": {"building": "yes", "name": "政府管理学院（廖凯原楼）", "source": "osm"}, "geometry": {"type": "MultiPolygon", "coordinates": [[[[116.30814, 39.9950512], [116.3083362, 39.9945969], [116.3084616, 39.9946005], [116.3084644, 39.9945649], [116.308441, 39.994564], [116.3086736, 39.9940206], [116.3082239, 39.9938991], [116.3083271, 39.9938313], [116.3088316, 39.9939143], [116.3087374, 39.9950809], [116.30814, 39.9950512]]]]}}, {"type": "Feature", "properties": {"building": "office", "name": "创业大厦", "source": "osm"}, "geometry": {"type": "MultiPolygon", "coordinates": [[[[116.322878, 39.994119], [116.3228853, 39.9939015], [116.3229808, 39.9939034], [116.322986, 39.9937482], [116.3231382, 39.9937512], [116.3231322, 39.9939305], [116.3235505, 39.9939387], [116.323544, 39.9941321], [116.322878, 39.994119]]]]}}, {"type": "Feature", "properties": {"building": "construction", "name": "当代商城", "source": "osm"}, "geometry": {"type": "MultiPolygon", "coordinates": [[[[116.3143839, 39.9695997], [116.3145294, 39.9692446], [116.3145824, 39.969191], [116.3146826, 39.969135], [116.3146247, 39.9690653], [116.3145967, 39.9689876], [116.3145942, 39.9688974], [116.3145995, 39.9687289], [116.3156053, 39.9687988], [116.3155228, 39.969632], [116.3143839, 39.9695997]]]]}}, {"type": "Feature", "properties": {"building": "yes", "name": "中国石化", "amenity": "fuel", "source": "osm"}, "geometry": {"type": "MultiPolygon", "coordinates": [[[[116.3108494, 39.9811307], [116.3108644, 39.9808619], [116.3110756, 39.9808688], [116.3110606, 39.9811376], [116.3108494, 39.9811307]]]]}}, {"type": "Feature", "properties": {"building": "commercial", "name": "京东科技大厦（原翠宫饭店）", "office": "it", "source": "osm"}, "geometry": {"type": "MultiPolygon", "coordinates": [[[[116.325341, 39.9747076], [116.3253542, 39.974448], [116.3270582, 39.9744989], [116.3270452, 39.974754], [116.3268101, 39.974747], [116.3268167, 39.9746168], [116.3255814, 39.97458], [116.3255746, 39.9747146], [116.325341, 39.9747076]]]]}}, {"type": "Feature", "properties": {"building": "yes", "name": "恩佑寺山门", "source": "osm"}, "geometry": {"type": "MultiPolygon", "coordinates": [[[[116.2983252, 39.991979], [116.2983872, 39.9919765], [116.2983916, 39.99204], [116.2983296, 39.9920425], [116.2983252, 39.991979]]]]}}, {"type": "Feature", "properties": {"building": "yes", "name": "北京市海淀区人民法院", "amenity": "courthouse", "source": "osm"}, "geometry": {"type": "MultiPolygon", "coordinates": [[[[116.3053188, 39.9772243], [116.3053499, 39.9767929], [116.3060215, 39.9768214], [116.3059903, 39.9772528], [116.3053188, 39.9772243]]]]}}, {"type": "Feature", "properties": {"building": "yes", "name": "黄庄双关帝庙", "source": "osm"}, "geometry": {"type": "MultiPolygon", "coordinates": [[[[116.309822, 39.9781346], [116.3098766, 39.9778047], [116.3099742, 39.9778142], [116.3100788, 39.9778243], [116.3100243, 39.9781542], [116.309822, 39.9781346]]]]}}, {"type": "Feature", "properties": {"building": "apartments", "source": "osm"}, "geometry": {"type": "MultiPolygon", "coordinates": [[[[116.3203144, 39.9745791], [116.3204679, 39.9745126], [116.3204747, 39.9743702], [116.3206189, 39.9743702], [116.3206163, 39.9745176], [116.3207616, 39.9745883], [116.3206884, 39.9746685], [116.3205889, 39.9746266], [116.3204835, 39.9746246], [116.3203693, 39.9746632], [116.3203144, 39.9745791]]]]}}, {"type": "Feature", "properties": {"building": "apartments", "source": "osm"}, "geometry": {"type": "MultiPolygon", "coordinates": [[[[116.3211306, 39.9746061], [116.3212849, 39.9745393], [116.3212917, 39.9743961], [116.3214406, 39.9743961], [116.3214379, 39.9745444], [116.3215842, 39.9746155], [116.3215084, 39.9746985], [116.3214075, 39.9746561], [116.3213032, 39.9746541], [116.3211875, 39.9746933], [116.3211306, 39.9746061]]]]}}, {"type": "Feature", "properties": {"building": "yes", "source": "osm"}, "geometry": {"type": "MultiPolygon", "coordinates": [[[[116.3219078, 39.9743423], [116.3220619, 39.9742756], [116.3220688, 39.9741326], [116.3222163, 39.9741326], [116.3222136, 39.9742806], [116.3223596, 39.9743516], [116.3222845, 39.9744338], [116.3221841, 39.9743916], [116.3220795, 39.9743896], [116.3219641, 39.9744286], [116.3219078, 39.9743423]]]]}}, {"type": "Feature", "properties": {"building": "yes", "source": "osm"}, "geometry": {"type": "MultiPolygon", "coordinates": [[[[116.308182, 39.9992351], [116.3082309, 39.9990318], [116.3087911, 39.9991109], [116.3087421, 39.9993143], [116.308182, 39.9992351]]]]}}, {"type": "Feature", "properties": {"building": "yes", "source": "osm"}, "geometry": {"type": "MultiPolygon", "coordinates": [[[[116.3077153, 39.9994327], [116.3077435, 39.9993028], [116.3080329, 39.9993398], [116.3080047, 39.9994696], [116.3077153, 39.9994327]]]]}}, {"type": "Feature", "properties": {"building": "yes", "source": "osm"}, "geometry": {"type": "MultiPolygon", "coordinates": [[[[116.3075774, 39.9992203], [116.3076356, 39.9989732], [116.3082082, 39.9990523], [116.30815, 39.9992995], [116.3075774, 39.9992203]]]]}}, {"type": "Feature", "properties": {"building": "yes", "source": "osm"}, "geometry": {"type": "MultiPolygon", "coordinates": [[[[116.3080447, 39.9994769], [116.3080753, 39.9993465], [116.3086936, 39.9994316], [116.308663, 39.999562], [116.3080447, 39.9994769]]]]}}, {"type": "Feature", "properties": {"building": "yes", "name": "圆明园南门外", "amenity": "toilets", "source": "osm"}, "geometry": {"type": "MultiPolygon", "coordinates": [[[[116.3074032, 39.9990676], [116.3074295, 39.9989165], [116.3075389, 39.9989277], [116.3075126, 39.9990788], [116.3074032, 39.9990676]]]]}}, {"type": "Feature", "properties": {"building": "residential", "name": "2", "source": "osm"}, "geometry": {"type": "MultiPolygon", "coordinates": [[[[116.2958192, 39.97081], [116.2958979, 39.9707043], [116.2958952, 39.9706673], [116.2958269, 39.9705725], [116.2959486, 39.9705237], [116.296028, 39.9706287], [116.2960658, 39.9706456], [116.2962215, 39.9706428], [116.2962146, 39.9707526], [116.2960554, 39.9707499], [116.2960167, 39.9707641], [116.2959457, 39.9708665], [116.2958192, 39.97081]]]]}}, {"type": "Feature", "properties": {"building": "yes", "name": "中国石化", "amenity": "fuel", "source": "osm"}, "geometry": {"type": "MultiPolygon", "coordinates": [[[[116.3262633, 39.9894784], [116.3262689, 39.98927], [116.3265136, 39.9892738], [116.326508, 39.9894823], [116.3262633, 39.9894784]]]]}}, {"type": "Feature", "properties": {"building": "yes", "name": "九三学社中央委员会", "office": "political_party", "source": "osm"}, "geometry": {"type": "MultiPolygon", "coordinates": [[[[116.2935886, 39.9695298], [116.2936952, 39.9695239], [116.2937442, 39.9694619], [116.2938166, 39.969427], [116.2939132, 39.9694167], [116.2940124, 39.9694332], [116.2940687, 39.9694702], [116.2942431, 39.9696079], [116.2942806, 39.9695873], [116.2942672, 39.9695729], [116.2943665, 39.969501], [116.2943638, 39.969464], [116.2944443, 39.9694619], [116.2944335, 39.9694352], [116.2944335, 39.9694044], [116.2944711, 39.9693859], [116.2945194, 39.9693797], [116.2945623, 39.9693941], [116.2945945, 39.9694311], [116.2946427, 39.9694804], [116.2947286, 39.9695442], [116.2947286, 39.9695873], [116.2948895, 39.9695812], [116.2948975, 39.9696346], [116.2949002, 39.9696901], [116.2948734, 39.9697477], [116.2948144, 39.9698011], [116.2947366, 39.9698402], [116.2946615, 39.9698402], [116.2945837, 39.9698258], [116.2945354, 39.969797], [116.2943772, 39.9696839], [116.2942485, 39.9697867], [116.2941573, 39.969723], [116.2940527, 39.9698032], [116.2939883, 39.9697559], [116.2939373, 39.969799], [116.2937764, 39.9696798], [116.2937522, 39.9696901], [116.2937201, 39.9696634], [116.2936906, 39.9696223], [116.2936825, 39.9695997], [116.293594, 39.9695997], [116.2935886, 39.9695298]]]]}}, {"type": "Feature", "properties": {"building": "university", "name": "明德主楼", "source": "osm"}, "geometry": {"type": "MultiPolygon", "coordinates": [[[[116.3010031, 39.9706058], [116.3010213, 39.9704377], [116.3010309, 39.9704383], [116.3012454, 39.9704519], [116.3016854, 39.97048], [116.3022597, 39.9705165], [116.3025946, 39.9705379], [116.3028164, 39.970552], [116.3028856, 39.9705564], [116.3028674, 39.9707246], [116.302785, 39.9707193], [116.3025597, 39.970705], [116.3010031, 39.9706058]]]]}}, {"type": "Feature", "properties": {"building": "yes", "name": "品园3楼", "source": "osm"}, "geometry": {"type": "MultiPolygon", "coordinates": [[[[116.3024945, 39.9679232], [116.30251, 39.9677679], [116.3033346, 39.967816], [116.3033008, 39.9681566], [116.3031374, 39.9681471], [116.3031558, 39.9679618], [116.3024945, 39.9679232]]]]}}, {"type": "Feature", "properties": {"building": "yes", "name": "品园4楼", "source": "osm"}, "geometry": {"type": "MultiPolygon", "coordinates": [[[[116.3024419, 39.968478], [116.3024596, 39.9683287], [116.3030745, 39.9683714], [116.3030916, 39.9682273], [116.30327, 39.9682397], [116.3032353, 39.9685331], [116.3024419, 39.968478]]]]}}, {"type": "Feature", "properties": {"building": "dormitory", "name": "品园5楼", "source": "osm"}, "geometry": {"type": "MultiPolygon", "coordinates": [[[[116.3023817, 39.968904], [116.3023998, 39.9687553], [116.3030246, 39.9687998], [116.3030403, 39.9686699], [116.303212, 39.9686822], [116.3031782, 39.9689609], [116.3023817, 39.968904]]]]}}, {"type": "Feature", "properties": {"building": "yes", "name": "品园2楼", "source": "osm"}, "geometry": {"type": "MultiPolygon", "coordinates": [[[[116.3025614, 39.9674463], [116.3025781, 39.9672987], [116.3033817, 39.967352], [116.3033463, 39.9676658], [116.3031759, 39.9676545], [116.3031947, 39.9674881], [116.3025614, 39.9674463]]]]}}, {"type": "Feature", "properties": {"building": "dormitory", "name": "品园1楼", "source": "osm"}, "geometry": {"type": "MultiPolygon", "coordinates": [[[[116.3013083, 39.967525], [116.3013354, 39.9672185], [116.302402, 39.9672976], [116.302389, 39.9674323], [116.3014713, 39.9673618], [116.3014522, 39.9675357], [116.3013083, 39.967525]]]]}}, {"type": "Feature", "properties": {"building": "yes", "name": "品园6楼（公主楼）", "source": "osm"}, "geometry": {"type": "MultiPolygon", "coordinates": [[[[116.303542, 39.9677682], [116.3035979, 39.9673798], [116.3044657, 39.9674283], [116.3044478, 39.9676165], [116.303772, 39.9675787], [116.303745, 39.9677836], [116.303542, 39.9677682]]]]}}, {"type": "Feature", "properties": {"building": "public", "name": "百周年纪念讲堂", "source": "osm"}, "geometry": {"type": "MultiPolygon", "coordinates": [[[[116.3040054, 39.989078], [116.3040535, 39.9883787], [116.3040621, 39.9882529], [116.304261, 39.9882609], [116.3042643, 39.9882138], [116.3044171, 39.9882186], [116.3044104, 39.9883428], [116.3046379, 39.9885543], [116.3047745, 39.9886813], [116.3049603, 39.9886873], [116.3049845, 39.9886881], [116.30497, 39.9889162], [116.3049573, 39.9891165], [116.3040054, 39.989078]]]]}}, {"type": "Feature", "properties": {"building": "yes", "name": "艺园餐厅", "amenity": "restaurant", "source": "osm"}, "geometry": {"type": "MultiPolygon", "coordinates": [[[[116.300605, 39.9873148], [116.3006066, 39.9872043], [116.3007306, 39.9872053], [116.3007356, 39.9868518], [116.3009944, 39.9868539], [116.3009914, 39.9870623], [116.3009895, 39.9871978], [116.3007436, 39.9871958], [116.3007419, 39.987316], [116.300605, 39.9873148]]]]}}, {"type": "Feature", "properties": {"building": "apartments", "name": "22号楼", "source": "osm"}, "geometry": {"type": "MultiPolygon", "coordinates": [[[[116.29554, 39.9754626], [116.295549, 39.9753551], [116.2959648, 39.9753756], [116.2960807, 39.9753813], [116.2960717, 39.9754887], [116.29554, 39.9754626]]]]}}, {"type": "Feature", "properties": {"building": "office", "name": "天创科技大厦", "source": "osm"}, "geometry": {"type": "MultiPolygon", "coordinates": [[[[116.3026134, 39.9808535], [116.3026389, 39.9800167], [116.3031799, 39.9800264], [116.3031544, 39.9808632], [116.3026134, 39.9808535]]]]}}, {"type": "Feature", "properties": {"building": "office", "name": "立方庭", "source": "osm"}, "geometry": {"type": "MultiPolygon", "coordinates": [[[[116.3024265, 39.9797004], [116.3024454, 39.9790422], [116.3032695, 39.9790773], [116.3032511, 39.9797179], [116.3024265, 39.9797004]]]]}}, {"type": "Feature", "properties": {"building": "office", "name": "微软亚太研发集团总部1号楼", "source": "osm"}, "geometry": {"type": "MultiPolygon", "coordinates": [[[[116.3036997, 39.9782713], [116.3037117, 39.9779274], [116.3046808, 39.9779541], [116.3046543, 39.9782982], [116.3041668, 39.978281], [116.3036997, 39.9782713]]]]}}, {"type": "Feature", "properties": {"building": "commercial", "name": "维亚大厦", "source": "osm"}, "geometry": {"type": "MultiPolygon", "coordinates": [[[[116.2994948, 39.9765843], [116.2995418, 39.9758474], [116.2998153, 39.9758598], [116.2997724, 39.9765935], [116.2994948, 39.9765843]]]]}}, {"type": "Feature", "properties": {"building": "office", "name": "微软亚太研发集团总部2号楼", "source": "osm"}, "geometry": {"type": "MultiPolygon", "coordinates": [[[[116.3036742, 39.9795231], [116.3036888, 39.979195], [116.3042388, 39.9792019], [116.3046563, 39.9792141], [116.3046419, 39.9795473], [116.3036742, 39.9795231]]]]}}, {"type": "Feature", "properties": {"building": "apartments", "name": "18号楼", "source": "osm"}, "geometry": {"type": "MultiPolygon", "coordinates": [[[[116.296108, 39.9773163], [116.2961163, 39.977206], [116.296843, 39.9772381], [116.2968347, 39.9773484], [116.296108, 39.9773163]]]]}}, {"type": "Feature", "properties": {"building": "stadium", "name": "海淀游泳馆", "source": "osm"}, "geometry": {"type": "MultiPolygon", "coordinates": [[[[116.2959826, 39.9861817], [116.2960411, 39.9857448], [116.2966498, 39.9857979], [116.296627, 39.9859508], [116.2963309, 39.9859249], [116.2962897, 39.9862012], [116.2959826, 39.9861817]]]]}}, {"type": "Feature", "properties": {"building": "residential", "name": "406住宅", "source": "osm"}, "geometry": {"type": "MultiPolygon", "coordinates": [[[[116.3370464, 39.9784714], [116.3370532, 39.9783486], [116.3381443, 39.9783843], [116.3381374, 39.9785071], [116.3370464, 39.9784714]]]]}}, {"type": "Feature", "properties": {"building": "yes", "name": "北航校医院", "amenity": "hospital", "source": "osm"}, "geometry": {"type": "MultiPolygon", "coordinates": [[[[116.3371591, 39.9794638], [116.3371672, 39.9793113], [116.3373811, 39.979318], [116.3373899, 39.9791547], [116.337178, 39.979148], [116.3371862, 39.9789938], [116.3379043, 39.9790164], [116.337896, 39.9791733], [116.3376401, 39.9791653], [116.337631, 39.9793345], [116.3378785, 39.9793422], [116.3378708, 39.9794862], [116.3375118, 39.9794749], [116.3371591, 39.9794638]]]]}}, {"type": "Feature", "properties": {"building": "residential", "name": "407住宅", "source": "osm"}, "geometry": {"type": "MultiPolygon", "coordinates": [[[[116.3370259, 39.9787778], [116.3370325, 39.9786631], [116.3381385, 39.9787008], [116.3381318, 39.9788154], [116.3370259, 39.9787778]]]]}}, {"type": "Feature", "properties": {"building": "residential", "name": "405住宅", "source": "osm"}, "geometry": {"type": "MultiPolygon", "coordinates": [[[[116.3370749, 39.9781481], [116.3370824, 39.9780347], [116.3381821, 39.9780676], [116.3381745, 39.9781811], [116.3370749, 39.9781481]]]]}}, {"type": "Feature", "properties": {"building": "residential", "name": "308住宅", "source": "osm"}, "geometry": {"type": "MultiPolygon", "coordinates": [[[[116.336648, 39.9807159], [116.3366558, 39.98057], [116.3373827, 39.9805928], [116.3373749, 39.9807387], [116.336648, 39.9807159]]]]}}, {"type": "Feature", "properties": {"building": "residential", "name": "303住宅", "source": "osm"}, "geometry": {"type": "MultiPolygon", "coordinates": [[[[116.3376422, 39.9810534], [116.3376637, 39.9806711], [116.3378085, 39.9806752], [116.3377924, 39.9810575], [116.3376422, 39.9810534]]]]}}, {"type": "Feature", "properties": {"building": "residential", "name": "307住宅", "source": "osm"}, "geometry": {"type": "MultiPolygon", "coordinates": [[[[116.3366384, 39.9810371], [116.3366448, 39.9808945], [116.3373671, 39.9809135], [116.3373607, 39.9810561], [116.3366384, 39.9810371]]]]}}, {"type": "Feature", "properties": {"building": "residential", "name": "309住宅", "source": "osm"}, "geometry": {"type": "MultiPolygon", "coordinates": [[[[116.3362706, 39.9800941], [116.3362719, 39.9799923], [116.3369181, 39.9799992], [116.3369168, 39.9801011], [116.3362706, 39.9800941]]]]}}, {"type": "Feature", "properties": {"building": "residential", "name": "306住宅", "source": "osm"}, "geometry": {"type": "MultiPolygon", "coordinates": [[[[116.3362123, 39.9815746], [116.3362191, 39.9814236], [116.3363081, 39.9814259], [116.3363059, 39.9814756], [116.3363343, 39.9814763], [116.3363364, 39.9814282], [116.3364533, 39.9814313], [116.3364511, 39.981481], [116.3365121, 39.9814826], [116.3365142, 39.9814352], [116.3366714, 39.9814394], [116.3366693, 39.9814845], [116.336694, 39.9814851], [116.3366964, 39.98143], [116.3367909, 39.9814325], [116.3367839, 39.9815897], [116.3362123, 39.9815746]]]]}}, {"type": "Feature", "properties": {"building": "residential", "name": "413住宅", "source": "osm"}, "geometry": {"type": "MultiPolygon", "coordinates": [[[[116.3357838, 39.9790038], [116.3357882, 39.9789008], [116.3368282, 39.9789271], [116.3368238, 39.97903], [116.3357838, 39.9790038]]]]}}, {"type": "Feature", "properties": {"building": "residential", "name": "416住宅", "source": "osm"}, "geometry": {"type": "MultiPolygon", "coordinates": [[[[116.3357666, 39.9780502], [116.3357735, 39.977935], [116.3368597, 39.977973], [116.3368528, 39.9780881], [116.3357666, 39.9780502]]]]}}, {"type": "Feature", "properties": {"building": "residential", "name": "411住宅", "source": "osm"}, "geometry": {"type": "MultiPolygon", "coordinates": [[[[116.3361402, 39.979549], [116.3367732, 39.9795613], [116.3367678, 39.9796559], [116.3361402, 39.9796394], [116.3361402, 39.979549]]]]}}, {"type": "Feature", "properties": {"building": "residential", "name": "415住宅", "source": "osm"}, "geometry": {"type": "MultiPolygon", "coordinates": [[[[116.335751, 39.9783652], [116.3357568, 39.9782605], [116.3368754, 39.9782972], [116.3368696, 39.9784019], [116.335751, 39.9783652]]]]}}, {"type": "Feature", "properties": {"building": "residential", "name": "412住宅", "source": "osm"}, "geometry": {"type": "MultiPolygon", "coordinates": [[[[116.335743, 39.9793096], [116.3357489, 39.9792066], [116.3367915, 39.9792417], [116.3367856, 39.9793447], [116.335743, 39.9793096]]]]}}, {"type": "Feature", "properties": {"building": "residential", "name": "418住宅", "source": "osm"}, "geometry": {"type": "MultiPolygon", "coordinates": [[[[116.3354106, 39.9795366], [116.3360329, 39.9795449], [116.3360329, 39.97966], [116.3354106, 39.9796476], [116.3354106, 39.9795366]]]]}}, {"type": "Feature", "properties": {"building": "residential", "name": "417住宅", "source": "osm"}, "geometry": {"type": "MultiPolygon", "coordinates": [[[[116.3358318, 39.9776816], [116.335837, 39.9775891], [116.3368992, 39.9776242], [116.3368939, 39.9777167], [116.3358318, 39.9776816]]]]}}, {"type": "Feature", "properties": {"building": "residential", "name": "414住宅", "source": "osm"}, "geometry": {"type": "MultiPolygon", "coordinates": [[[[116.3357962, 39.978686], [116.3358003, 39.9785813], [116.3368299, 39.978605], [116.3368258, 39.9787097], [116.3357962, 39.978686]]]]}}, {"type": "Feature", "properties": {"building": "school", "name": "高中楼", "source": "osm"}, "geometry": {"type": "MultiPolygon", "coordinates": [[[[116.3372484, 39.9776105], [116.3372569, 39.9774224], [116.3373613, 39.9774258], [116.3373627, 39.9774043], [116.3374606, 39.9774068], [116.3374592, 39.9774289], [116.3374956, 39.9774222], [116.3378408, 39.9774413], [116.3378421, 39.9774176], [116.3380453, 39.9774233], [116.3380446, 39.9774464], [116.3381044, 39.9774487], [116.3381559, 39.9774443], [116.3381607, 39.9773772], [116.338365, 39.9773859], [116.338365, 39.9775711], [116.3380979, 39.9775717], [116.3380945, 39.9776358], [116.3372484, 39.9776105]]]]}}, {"type": "Feature", "properties": {"building": "office", "name": "综合维修部", "source": "osm"}, "geometry": {"type": "MultiPolygon", "coordinates": [[[[116.3353895, 39.9801148], [116.3353945, 39.9799641], [116.3360919, 39.9799724], [116.3360838, 39.9801183], [116.3353895, 39.9801148]]]]}}, {"type": "Feature", "properties": {"building": "kindergarten", "name": "北航幼儿园", "source": "osm"}, "geometry": {"type": "MultiPolygon", "coordinates": [[[[116.3357805, 39.9809182], [116.3357899, 39.9807767], [116.3361355, 39.9807902], [116.3361444, 39.9806565], [116.3357922, 39.9806427], [116.3358006, 39.9805159], [116.3361466, 39.9805294], [116.3361565, 39.9803806], [116.3359016, 39.9803706], [116.3358979, 39.9804263], [116.3357862, 39.9804219], [116.3357966, 39.9802662], [116.3361534, 39.9802802], [116.3361509, 39.9803177], [116.3365256, 39.9803324], [116.3365195, 39.9804244], [116.3361898, 39.9804115], [116.3361949, 39.9805365], [116.3362441, 39.9805346], [116.3362307, 39.9806539], [116.3361706, 39.9806512], [116.3361639, 39.9807996], [116.3365167, 39.9808135], [116.3364971, 39.9811076], [116.3362788, 39.9810991], [116.3362896, 39.9809381], [116.3357805, 39.9809182]]]]}}, {"type": "Feature", "properties": {"building": "residential", "name": "204住宅", "source": "osm"}, "geometry": {"type": "MultiPolygon", "coordinates": [[[[116.3350887, 39.9821797], [116.3354602, 39.9821883], [116.3356646, 39.9821972], [116.3356734, 39.9819701], [116.3358022, 39.9819701], [116.3357904, 39.9822829], [116.3356614, 39.9822786], [116.335657, 39.9823139], [116.3350887, 39.9822866], [116.3350887, 39.9821797]]]]}}, {"type": "Feature", "properties": {"building": "residential", "name": "203住宅", "source": "osm"}, "geometry": {"type": "MultiPolygon", "coordinates": [[[[116.3350887, 39.9821427], [116.3351064, 39.9817985], [116.3357853, 39.9818145], [116.3357837, 39.9819265], [116.3352272, 39.9819123], [116.3352172, 39.9821427], [116.3350887, 39.9821427]]]]}}, {"type": "Feature", "properties": {"building": "residential", "name": "205住宅", "source": "osm"}, "geometry": {"type": "MultiPolygon", "coordinates": [[[[116.335993, 39.9823147], [116.3360008, 39.9821686], [116.3369696, 39.9821989], [116.3369618, 39.982345], [116.335993, 39.9823147]]]]}}, {"type": "Feature", "properties": {"building": "residential", "name": "208住宅", "source": "osm"}, "geometry": {"type": "MultiPolygon", "coordinates": [[[[116.335962, 39.9827049], [116.3359697, 39.9825536], [116.3369524, 39.982583], [116.3369447, 39.9827343], [116.335962, 39.9827049]]]]}}, {"type": "Feature", "properties": {"building": "residential", "name": "207住宅", "source": "osm"}, "geometry": {"type": "MultiPolygon", "coordinates": [[[[116.3371201, 39.9827458], [116.3371222, 39.9826141], [116.3377593, 39.98262], [116.3377572, 39.9827517], [116.3371201, 39.9827458]]]]}}, {"type": "Feature", "properties": {"building": "residential", "name": "206住宅", "source": "osm"}, "geometry": {"type": "MultiPolygon", "coordinates": [[[[116.3371693, 39.9823203], [116.3371718, 39.9821955], [116.3377568, 39.9822023], [116.3377543, 39.9823271], [116.3371693, 39.9823203]]]]}}, {"type": "Feature", "properties": {"building": "residential", "name": "212住宅", "source": "osm"}, "geometry": {"type": "MultiPolygon", "coordinates": [[[[116.3371219, 39.983102], [116.337124, 39.9829681], [116.3378028, 39.9829745], [116.3378007, 39.9831084], [116.3371219, 39.983102]]]]}}, {"type": "Feature", "properties": {"building": "residential", "name": "201住宅", "source": "osm"}, "geometry": {"type": "MultiPolygon", "coordinates": [[[[116.3371606, 39.981967], [116.3371661, 39.9818273], [116.3378795, 39.9818438], [116.337874, 39.9819835], [116.3371606, 39.981967]]]]}}, {"type": "Feature", "properties": {"building": "yes", "name": "厦门商务会馆", "source": "osm"}, "geometry": {"type": "MultiPolygon", "coordinates": [[[[116.3326158, 39.9745357], [116.3327287, 39.9744336], [116.3326926, 39.9743679], [116.3333745, 39.9743367], [116.3333903, 39.9746343], [116.3331916, 39.9746413], [116.3331826, 39.9744786], [116.3328642, 39.9744907], [116.3327197, 39.974624], [116.3326158, 39.9745357]]]]}}, {"type": "Feature", "properties": {"building": "yes", "name": "希格玛大厦", "office": "it", "source": "osm"}, "geometry": {"type": "MultiPolygon", "coordinates": [[[[116.3301624, 39.9762084], [116.3301848, 39.9758603], [116.3302477, 39.9758626], [116.330251, 39.9758124], [116.3304688, 39.9758206], [116.3304745, 39.9757317], [116.3311255, 39.9757563], [116.3311202, 39.9758384], [116.3313219, 39.975846], [116.3313185, 39.9758986], [116.3313877, 39.9759012], [116.3313648, 39.9762574], [116.3310551, 39.9762457], [116.3310573, 39.9762106], [116.3304184, 39.9761865], [116.3304163, 39.976218], [116.3301624, 39.9762084]]]]}}, {"type": "Feature", "properties": {"building": "yes", "source": "osm"}, "geometry": {"type": "MultiPolygon", "coordinates": [[[[116.3312067, 39.9776968], [116.3312328, 39.9771591], [116.3313796, 39.9771606], [116.3313796, 39.977177], [116.3314107, 39.977177], [116.3314098, 39.9771485], [116.3314603, 39.9771479], [116.3316325, 39.9775354], [116.3316228, 39.9777419], [116.3315527, 39.9777426], [116.3315547, 39.9776994], [116.3312067, 39.9776968]]]]}}, {"type": "Feature", "properties": {"building": "yes", "source": "osm"}, "geometry": {"type": "MultiPolygon", "coordinates": [[[[116.3322507, 39.9755404], [116.3333527, 39.9755289], [116.3333561, 39.9757211], [116.3322541, 39.9757327], [116.3322507, 39.9755404]]]]}}, {"type": "Feature", "properties": {"building": "yes", "source": "osm"}, "geometry": {"type": "MultiPolygon", "coordinates": [[[[116.3319936, 39.9755625], [116.3321565, 39.9755609], [116.3321612, 39.9758512], [116.3319983, 39.9758528], [116.3319936, 39.9755625]]]]}}, {"type": "Feature", "properties": {"building": "residential", "source": "osm"}, "geometry": {"type": "MultiPolygon", "coordinates": [[[[116.3323328, 39.9782448], [116.3327549, 39.9782492], [116.3326479, 39.9789051], [116.3325584, 39.9788976], [116.3325195, 39.9787948], [116.3326129, 39.9784013], [116.3323736, 39.9784042], [116.3323328, 39.9782448]]]]}}, {"type": "Feature", "properties": {"building": "apartments", "source": "osm"}, "geometry": {"type": "MultiPolygon", "coordinates": [[[[116.3314605, 39.9788363], [116.3314682, 39.9786023], [116.3318223, 39.9786008], [116.3316433, 39.9780955], [116.3317892, 39.9780672], [116.3319059, 39.9782431], [116.3321004, 39.9788035], [116.3319098, 39.9788393], [116.3314605, 39.9788363]]]]}}, {"type": "Feature", "properties": {"building": "yes", "name": "中科大厦A座", "source": "osm"}, "geometry": {"type": "MultiPolygon", "coordinates": [[[[116.3109724, 39.9806489], [116.3109867, 39.9804401], [116.3110029, 39.9804451], [116.3112623, 39.9804556], [116.3113235, 39.9804536], [116.3113093, 39.9806624], [116.3109724, 39.9806489]]]]}}, {"type": "Feature", "properties": {"building": "yes", "name": "中科大厦B座", "source": "osm"}, "geometry": {"type": "MultiPolygon", "coordinates": [[[[116.3110029, 39.9804451], [116.3110511, 39.9797465], [116.3110994, 39.9797208], [116.3113101, 39.9797294], [116.3112623, 39.9804556], [116.3110029, 39.9804451]]]]}}, {"type": "Feature", "properties": {"building": "yes", "name": "阳光厅", "source": "osm"}, "geometry": {"type": "MultiPolygon", "coordinates": [[[[116.3245023, 39.9933093], [116.3245837, 39.9932408], [116.3247178, 39.9932657], [116.3247991, 39.9933187], [116.3248235, 39.993409], [116.324791, 39.9934931], [116.3246243, 39.9935149], [116.3245267, 39.9934433], [116.3245023, 39.9933093]]]]}}, {"type": "Feature", "properties": {"building": "yes", "source": "osm"}, "geometry": {"type": "MultiPolygon", "coordinates": [[[[116.32591, 39.9909278], [116.3262124, 39.9909304], [116.326226, 39.9904639], [116.326456, 39.9904673], [116.3264364, 39.9910112], [116.3262975, 39.9911011], [116.3259135, 39.9910977], [116.32591, 39.9909278]]]]}}, {"type": "Feature", "properties": {"building": "office", "name": "科技大厦A座", "source": "osm"}, "geometry": {"type": "MultiPolygon", "coordinates": [[[[116.3240883, 39.9927913], [116.3240966, 39.992471], [116.3244703, 39.9924767], [116.3244619, 39.992797], [116.3240883, 39.9927913]]]]}}, {"type": "Feature", "properties": {"building": "office", "name": "启迪科技大厦D座", "source": "osm"}, "geometry": {"type": "MultiPolygon", "coordinates": [[[[116.3249503, 39.9922117], [116.3249557, 39.9918608], [116.3253198, 39.991864], [116.3253191, 39.9919119], [116.3253174, 39.9920226], [116.3253144, 39.992215], [116.3249503, 39.9922117]]]]}}, {"type": "Feature", "properties": {"building": "yes", "name": "中国社会科学院台湾研究所", "amenity": "research_institute", "source": "osm"}, "geometry": {"type": "MultiPolygon", "coordinates": [[[[116.3261737, 39.9898476], [116.3262775, 39.9898487], [116.3262709, 39.9896982], [116.3263119, 39.9897007], [116.3263103, 39.9896209], [116.3265559, 39.9896245], [116.3265461, 39.9900294], [116.3261765, 39.9900248], [116.3261737, 39.9898476]]]]}}, {"type": "Feature", "properties": {"building": "commercial", "name": "华源世纪商务楼", "source": "osm"}, "geometry": {"type": "MultiPolygon", "coordinates": [[[[116.3280675, 39.9947787], [116.3280885, 39.9947299], [116.3281336, 39.9946919], [116.3281951, 39.9946713], [116.3288444, 39.9946755], [116.3288503, 39.9952486], [116.3288453, 39.9952778], [116.3288191, 39.9953062], [116.3287761, 39.995322], [116.328725, 39.9953272], [116.3286737, 39.9953156], [116.3286351, 39.9952861], [116.3286167, 39.9952474], [116.3286138, 39.9948891], [116.3282275, 39.9948927], [116.328162, 39.9948835], [116.328105, 39.9948575], [116.3280752, 39.9948172], [116.3280675, 39.9947787]]]]}}, {"type": "Feature", "properties": {"building": "office", "name": "科技大厦B座", "source": "osm"}, "geometry": {"type": "MultiPolygon", "coordinates": [[[[116.324958, 39.9928094], [116.3249684, 39.9925053], [116.3253285, 39.9925125], [116.3253181, 39.9928166], [116.324958, 39.9928094]]]]}}, {"type": "Feature", "properties": {"building": "yes", "name": "海淀基督教堂", "amenity": "place_of_worship", "source": "osm"}, "geometry": {"type": "MultiPolygon", "coordinates": [[[[116.3011636, 39.9818402], [116.3012186, 39.9816665], [116.3013173, 39.981659], [116.30143, 39.9816857], [116.3015592, 39.9816519], [116.3016381, 39.9817634], [116.301717, 39.9818749], [116.3016231, 39.9820311], [116.3015775, 39.9820167], [116.3015256, 39.9821036], [116.3013817, 39.9820044], [116.3012467, 39.9819707], [116.3011636, 39.9818402]]]]}}, {"type": "Feature", "properties": {"building": "yes", "source": "osm"}, "geometry": {"type": "MultiPolygon", "coordinates": [[[[116.3033049, 39.9989324], [116.3033137, 39.9988874], [116.3033228, 39.9988399], [116.3035469, 39.9988653], [116.3035367, 39.9989181], [116.303529, 39.9989579], [116.3033049, 39.9989324]]]]}}, {"type": "Feature", "properties": {"building": "yes", "name": "三圣殿", "source": "osm"}, "geometry": {"type": "MultiPolygon", "coordinates": [[[[116.3031486, 39.9993372], [116.3031733, 39.9992164], [116.3035178, 39.9992577], [116.303493, 39.9993785], [116.3031486, 39.9993372]]]]}}, {"type": "Feature", "properties": {"building": "office", "name": "中关村国际创新大厦", "source": "osm"}, "geometry": {"type": "MultiPolygon", "coordinates": [[[[116.2970762, 39.9847897], [116.2970833, 39.9845595], [116.2973537, 39.9844224], [116.2976341, 39.984428], [116.2979345, 39.9845513], [116.2979367, 39.9848226], [116.2976363, 39.9849542], [116.2973337, 39.9849459], [116.2970762, 39.9847897]]]]}}, {"type": "Feature", "properties": {"building": "industrial", "name": "北京卫星制造厂", "source": "osm"}, "geometry": {"type": "MultiPolygon", "coordinates": [[[[116.3235022, 39.9762077], [116.3235435, 39.9754755], [116.3254707, 39.9755393], [116.3254295, 39.9762715], [116.3235022, 39.9762077]]]]}}, {"type": "Feature", "properties": {"building": "residential", "name": "1", "source": "osm"}, "geometry": {"type": "MultiPolygon", "coordinates": [[[[116.2957786, 39.9711557], [116.2958855, 39.971084], [116.295991, 39.9711708], [116.2960243, 39.9711746], [116.2961879, 39.9711479], [116.2962045, 39.9712516], [116.2960625, 39.971273], [116.2960398, 39.9712882], [116.2959827, 39.9714166], [116.2958441, 39.9713863], [116.2958907, 39.971261], [116.295885, 39.9712382], [116.2957786, 39.9711557]]]]}}, {"type": "Feature", "properties": {"building": "yes", "name": "中科软商务楼", "source": "osm"}, "geometry": {"type": "MultiPolygon", "coordinates": [[[[116.3179212, 39.9801649], [116.3179377, 39.9799629], [116.3183211, 39.9799737], [116.3184058, 39.9799899], [116.3184538, 39.9800275], [116.3184829, 39.9800854], [116.3184447, 39.9803373], [116.3181129, 39.9803275], [116.3181212, 39.9802556], [116.3180311, 39.980248], [116.3180315, 39.9801686], [116.3179212, 39.9801649]]]]}}, {"type": "Feature", "properties": {"building": "yes", "name": "小白楼", "amenity": "public_building", "source": "osm"}, "geometry": {"type": "MultiPolygon", "coordinates": [[[[116.319012, 39.9808283], [116.3190369, 39.9803563], [116.3192538, 39.9803606], [116.3192266, 39.9808318], [116.319012, 39.9808283]]]]}}, {"type": "Feature", "properties": {"building": "yes", "name": "中国科学院计算技术研究所", "office": "research", "source": "osm"}, "geometry": {"type": "MultiPolygon", "coordinates": [[[[116.3200203, 39.9804359], [116.3200237, 39.9803602], [116.3209833, 39.9803857], [116.3209708, 39.9806641], [116.3210617, 39.9806665], [116.3210603, 39.9806986], [116.3200876, 39.9806726], [116.3200983, 39.9804379], [116.3200203, 39.9804359]]]]}}, {"type": "Feature", "properties": {"building": "yes", "name": "搜狐媒体大厦", "source": "osm"}, "geometry": {"type": "MultiPolygon", "coordinates": [[[[116.3189198, 39.982244], [116.3189395, 39.9817096], [116.319854, 39.9817294], [116.3198343, 39.9822639], [116.3189198, 39.982244]]]]}}, {"type": "Feature", "properties": {"building": "yes", "name": "寓园教工食堂", "amenity": "restaurant", "source": "osm"}, "geometry": {"type": "MultiPolygon", "coordinates": [[[[116.3127975, 39.9971954], [116.3128379, 39.9968233], [116.3133016, 39.9968529], [116.3132612, 39.997225], [116.3127975, 39.9971954]]]]}}, {"type": "Feature", "properties": {"building": "yes", "name": "南园教工食堂", "amenity": "restaurant", "source": "osm"}, "geometry": {"type": "MultiPolygon", "coordinates": [[[[116.3208984, 39.9947203], [116.3209285, 39.9943926], [116.3212706, 39.994411], [116.3212405, 39.9947388], [116.3208984, 39.9947203]]]]}}, {"type": "Feature", "properties": {"building": "yes", "name": "熊知行楼", "amenity": "social_facility", "source": "osm"}, "geometry": {"type": "MultiPolygon", "coordinates": [[[[116.3169608, 39.9961357], [116.3169814, 39.9958994], [116.3174267, 39.9959222], [116.3174421, 39.9957447], [116.3177841, 39.9957622], [116.3177481, 39.9961759], [116.3169608, 39.9961357]]]]}}, {"type": "Feature", "properties": {"building": "yes", "name": "建筑设计中心", "source": "osm"}, "geometry": {"type": "MultiPolygon", "coordinates": [[[[116.328324, 39.9978845], [116.3283349, 39.9975173], [116.3290173, 39.9975292], [116.3290064, 39.9978964], [116.328324, 39.9978845]]]]}}, {"type": "Feature", "properties": {"building": "university", "name": "公共管理学院", "source": "osm"}, "geometry": {"type": "MultiPolygon", "coordinates": [[[[116.3250934, 39.9977304], [116.325124, 39.9971011], [116.3253818, 39.9971085], [116.3253729, 39.9972926], [116.3254276, 39.9972941], [116.325406, 39.9977394], [116.3250934, 39.9977304]]]]}}, {"type": "Feature", "properties": {"building": "residential", "name": "西44楼", "source": "osm"}, "geometry": {"type": "MultiPolygon", "coordinates": [[[[116.3102459, 39.9970564], [116.310256, 39.9969478], [116.31085, 39.9969801], [116.3108399, 39.9970887], [116.3102459, 39.9970564]]]]}}, {"type": "Feature", "properties": {"building": "residential", "name": "16公寓", "source": "osm"}, "geometry": {"type": "MultiPolygon", "coordinates": [[[[116.3121266, 39.9974096], [116.3121328, 39.9972997], [116.3127624, 39.9973205], [116.3127562, 39.9974304], [116.3121266, 39.9974096]]]]}}, {"type": "Feature", "properties": {"building": "residential", "name": "19公寓", "source": "osm"}, "geometry": {"type": "MultiPolygon", "coordinates": [[[[116.3110136, 39.9970071], [116.3110207, 39.9969138], [116.3116927, 39.9969436], [116.3116857, 39.9970369], [116.3110136, 39.9970071]]]]}}, {"type": "Feature", "properties": {"building": "residential", "name": "15公寓", "source": "osm"}, "geometry": {"type": "MultiPolygon", "coordinates": [[[[116.3120821, 39.997769], [116.3120901, 39.9976673], [116.3127647, 39.9976985], [116.3127567, 39.9978002], [116.3120821, 39.997769]]]]}}, {"type": "Feature", "properties": {"building": "residential", "name": "17公寓", "source": "osm"}, "geometry": {"type": "MultiPolygon", "coordinates": [[[[116.3110239, 39.9977186], [116.3110308, 39.9976169], [116.311653, 39.9976417], [116.3116461, 39.9977434], [116.3110239, 39.9977186]]]]}}, {"type": "Feature", "properties": {"building": "residential", "name": "18公寓", "source": "osm"}, "geometry": {"type": "MultiPolygon", "coordinates": [[[[116.3110029, 39.997342], [116.3110088, 39.9972578], [116.3116834, 39.9972855], [116.3116775, 39.9973697], [116.3110029, 39.997342]]]]}}, {"type": "Feature", "properties": {"building": "residential", "name": "西43楼", "source": "osm"}, "geometry": {"type": "MultiPolygon", "coordinates": [[[[116.3102304, 39.9973868], [116.3102403, 39.9972832], [116.3108258, 39.9973163], [116.3108158, 39.9974198], [116.3102304, 39.9973868]]]]}}, {"type": "Feature", "properties": {"building": "residential", "name": "西8楼", "source": "osm"}, "geometry": {"type": "MultiPolygon", "coordinates": [[[[116.3118403, 39.9970369], [116.3118467, 39.9969516], [116.3125192, 39.9969813], [116.3125128, 39.9970667], [116.3118403, 39.9970369]]]]}}, {"type": "Feature", "properties": {"building": "yes", "source": "osm"}, "geometry": {"type": "MultiPolygon", "coordinates": [[[[116.3103983, 39.9967144], [116.3104091, 39.9965901], [116.3110822, 39.9966244], [116.3110715, 39.9967486], [116.3103983, 39.9967144]]]]}}, {"type": "Feature", "properties": {"building": "residential", "name": "西42楼", "source": "osm"}, "geometry": {"type": "MultiPolygon", "coordinates": [[[[116.3100752, 39.9977164], [116.310086, 39.9975921], [116.3108315, 39.9976299], [116.3108207, 39.9977542], [116.3100752, 39.9977164]]]]}}, {"type": "Feature", "properties": {"building": "residential", "name": "西41楼", "source": "osm"}, "geometry": {"type": "MultiPolygon", "coordinates": [[[[116.3100063, 39.9980383], [116.310017, 39.997914], [116.3107625, 39.9979519], [116.3107517, 39.9980762], [116.3100063, 39.9980383]]]]}}, {"type": "Feature", "properties": {"building": "residential", "name": "西2楼", "source": "osm"}, "geometry": {"type": "MultiPolygon", "coordinates": [[[[116.3119306, 39.9981393], [116.3119378, 39.9980449], [116.3126833, 39.9980783], [116.312676, 39.9981727], [116.3119306, 39.9981393]]]]}}, {"type": "Feature", "properties": {"building": "residential", "name": "西1楼", "source": "osm"}, "geometry": {"type": "MultiPolygon", "coordinates": [[[[116.3109609, 39.9980871], [116.3109696, 39.9979822], [116.3117203, 39.9980187], [116.3117117, 39.9981235], [116.3109609, 39.9980871]]]]}}, {"type": "Feature", "properties": {"building": "yes", "source": "osm"}, "geometry": {"type": "MultiPolygon", "coordinates": [[[[116.3121817, 39.99672], [116.3121924, 39.9965956], [116.3128656, 39.9966299], [116.3128549, 39.9967541], [116.3121817, 39.99672]]]]}}, {"type": "Feature", "properties": {"building": "yes", "source": "osm"}, "geometry": {"type": "MultiPolygon", "coordinates": [[[[116.3122202, 39.9964545], [116.3122309, 39.9963301], [116.3129041, 39.9963644], [116.3128934, 39.9964886], [116.3122202, 39.9964545]]]]}}, {"type": "Feature", "properties": {"building": "yes", "source": "osm"}, "geometry": {"type": "MultiPolygon", "coordinates": [[[[116.3111326, 39.9966645], [116.311143, 39.9965402], [116.3112458, 39.9965452], [116.3118861, 39.9965766], [116.3118757, 39.9967008], [116.3111326, 39.9966645]]]]}}, {"type": "Feature", "properties": {"building": "residential", "name": "中6楼", "source": "osm"}, "geometry": {"type": "MultiPolygon", "coordinates": [[[[116.3166419, 39.9977636], [116.3166506, 39.997669], [116.3172262, 39.9977], [116.3172175, 39.9977947], [116.3166419, 39.9977636]]]]}}, {"type": "Feature", "properties": {"building": "residential", "name": "中5楼", "source": "osm"}, "geometry": {"type": "MultiPolygon", "coordinates": [[[[116.3159354, 39.9977334], [116.3159441, 39.9976367], [116.3165184, 39.9976668], [116.3165098, 39.9977635], [116.3159354, 39.9977334]]]]}}, {"type": "Feature", "properties": {"building": "residential", "name": "中4楼", "source": "osm"}, "geometry": {"type": "MultiPolygon", "coordinates": [[[[116.316627, 39.9981054], [116.3166352, 39.9980106], [116.3172081, 39.99804], [116.3171998, 39.9981348], [116.316627, 39.9981054]]]]}}, {"type": "Feature", "properties": {"building": "residential", "name": "中2楼", "source": "osm"}, "geometry": {"type": "MultiPolygon", "coordinates": [[[[116.3165546, 39.9984332], [116.3165636, 39.9983344], [116.3171392, 39.9983652], [116.3171302, 39.998464], [116.3165546, 39.9984332]]]]}}, {"type": "Feature", "properties": {"building": "residential", "name": "中1楼", "source": "osm"}, "geometry": {"type": "MultiPolygon", "coordinates": [[[[116.3158885, 39.9983984], [116.3158972, 39.9983015], [116.3164714, 39.9983316], [116.3164627, 39.9984285], [116.3158885, 39.9983984]]]]}}, {"type": "Feature", "properties": {"building": "residential", "name": "中3楼", "source": "osm"}, "geometry": {"type": "MultiPolygon", "coordinates": [[[[116.3159174, 39.9980697], [116.3159253, 39.9979731], [116.316501, 39.9980006], [116.3164931, 39.9980973], [116.3159174, 39.9980697]]]]}}, {"type": "Feature", "properties": {"building": "residential", "name": "西9楼", "source": "osm"}, "geometry": {"type": "MultiPolygon", "coordinates": [[[[116.3129519, 39.9981071], [116.3129604, 39.9980094], [116.3135294, 39.9980385], [116.3135209, 39.9981362], [116.3129519, 39.9981071]]]]}}, {"type": "Feature", "properties": {"building": "residential", "name": "西11楼", "source": "osm"}, "geometry": {"type": "MultiPolygon", "coordinates": [[[[116.3146888, 39.9981968], [116.3146964, 39.9981061], [116.3154863, 39.9981449], [116.3154787, 39.9982357], [116.3146888, 39.9981968]]]]}}, {"type": "Feature", "properties": {"building": "residential", "name": "西12楼", "source": "osm"}, "geometry": {"type": "MultiPolygon", "coordinates": [[[[116.3129851, 39.997645], [116.3129939, 39.9975379], [116.3135735, 39.9975658], [116.3135647, 39.9976729], [116.3129851, 39.997645]]]]}}, {"type": "Feature", "properties": {"building": "residential", "name": "西14楼", "source": "osm"}, "geometry": {"type": "MultiPolygon", "coordinates": [[[[116.3147627, 39.9977265], [116.314771, 39.9976365], [116.315562, 39.997679], [116.3155537, 39.997769], [116.3147627, 39.9977265]]]]}}, {"type": "Feature", "properties": {"building": "residential", "name": "西10楼", "source": "osm"}, "geometry": {"type": "MultiPolygon", "coordinates": [[[[116.3136674, 39.9981397], [116.313676, 39.9980448], [116.3144685, 39.9980869], [116.3144599, 39.9981819], [116.3136674, 39.9981397]]]]}}, {"type": "Feature", "properties": {"building": "residential", "name": "西13楼", "source": "osm"}, "geometry": {"type": "MultiPolygon", "coordinates": [[[[116.3136883, 39.997671], [116.3136955, 39.9975733], [116.3143997, 39.9976041], [116.3143924, 39.9977017], [116.3136883, 39.997671]]]]}}, {"type": "Feature", "properties": {"building": "residential", "name": "8公寓", "source": "osm"}, "geometry": {"type": "MultiPolygon", "coordinates": [[[[116.3138426, 39.9963463], [116.31385, 39.9962141], [116.3145133, 39.996236], [116.3145059, 39.9963682], [116.3138426, 39.9963463]]]]}}, {"type": "Feature", "properties": {"building": "residential", "name": "4公寓", "source": "osm"}, "geometry": {"type": "MultiPolygon", "coordinates": [[[[116.3137666, 39.9970038], [116.3137771, 39.9968613], [116.314447, 39.9968901], [116.3144366, 39.9970327], [116.3137666, 39.9970038]]]]}}, {"type": "Feature", "properties": {"building": "residential", "name": "7公寓", "source": "osm"}, "geometry": {"type": "MultiPolygon", "coordinates": [[[[116.3151178, 39.9964012], [116.3151277, 39.996264], [116.3157977, 39.9962923], [116.3157878, 39.9964296], [116.3151178, 39.9964012]]]]}}, {"type": "Feature", "properties": {"building": "residential", "name": "3公寓", "source": "osm"}, "geometry": {"type": "MultiPolygon", "coordinates": [[[[116.3150536, 39.9970824], [116.3150649, 39.9969297], [116.3157363, 39.996959], [116.3157249, 39.9971117], [116.3150536, 39.9970824]]]]}}, {"type": "Feature", "properties": {"building": "residential", "name": "5公寓", "source": "osm"}, "geometry": {"type": "MultiPolygon", "coordinates": [[[[116.315092, 39.9967406], [116.3151033, 39.9965888], [116.3157504, 39.996617], [116.3157391, 39.9967689], [116.315092, 39.9967406]]]]}}, {"type": "Feature", "properties": {"building": "residential", "name": "6公寓", "source": "osm"}, "geometry": {"type": "MultiPolygon", "coordinates": [[[[116.3138, 39.9966756], [116.3138093, 39.996528], [116.3144767, 39.9965527], [116.3144674, 39.9967003], [116.3138, 39.9966756]]]]}}, {"type": "Feature", "properties": {"building": "residential", "name": "西南19", "source": "osm"}, "geometry": {"type": "MultiPolygon", "coordinates": [[[[116.3150261, 39.9957349], [116.3150357, 39.9956316], [116.3158318, 39.9956746], [116.3158223, 39.995778], [116.3150261, 39.9957349]]]]}}, {"type": "Feature", "properties": {"building": "residential", "name": "西南17", "source": "osm"}, "geometry": {"type": "MultiPolygon", "coordinates": [[[[116.3150631, 39.995103], [116.3150721, 39.994989], [116.3158418, 39.9950247], [116.3158327, 39.9951387], [116.3150631, 39.995103]]]]}}, {"type": "Feature", "properties": {"building": "residential", "name": "西南18", "source": "osm"}, "geometry": {"type": "MultiPolygon", "coordinates": [[[[116.3150347, 39.9954164], [116.3150432, 39.9953151], [116.3158276, 39.9953538], [116.3158191, 39.9954551], [116.3150347, 39.9954164]]]]}}, {"type": "Feature", "properties": {"building": "residential", "name": "11公寓", "source": "osm"}, "geometry": {"type": "MultiPolygon", "coordinates": [[[[116.3144141, 39.995067], [116.3144239, 39.9949827], [116.3148362, 39.9950109], [116.3148264, 39.9950952], [116.3144141, 39.995067]]]]}}, {"type": "Feature", "properties": {"building": "residential", "name": "西南16", "source": "osm"}, "geometry": {"type": "MultiPolygon", "coordinates": [[[[116.3151128, 39.9947722], [116.3151212, 39.9946649], [116.3158557, 39.9946987], [116.3158473, 39.994806], [116.3151128, 39.9947722]]]]}}, {"type": "Feature", "properties": {"building": "residential", "name": "12公寓", "source": "osm"}, "geometry": {"type": "MultiPolygon", "coordinates": [[[[116.3144389, 39.9948324], [116.3144476, 39.9947476], [116.3148434, 39.9947715], [116.3148347, 39.9948563], [116.3144389, 39.9948324]]]]}}, {"type": "Feature", "properties": {"building": "residential", "name": "10公寓", "source": "osm"}, "geometry": {"type": "MultiPolygon", "coordinates": [[[[116.314392, 39.9953146], [116.3144017, 39.9952325], [116.314794, 39.9952596], [116.3147843, 39.9953418], [116.314392, 39.9953146]]]]}}, {"type": "Feature", "properties": {"building": "residential", "name": "西南15", "source": "osm"}, "geometry": {"type": "MultiPolygon", "coordinates": [[[[116.3151525, 39.9944351], [116.3151617, 39.9943323], [116.3159164, 39.994372], [116.3159072, 39.9944747], [116.3151525, 39.9944351]]]]}}, {"type": "Feature", "properties": {"building": "residential", "name": "西南20", "source": "osm"}, "geometry": {"type": "MultiPolygon", "coordinates": [[[[116.3152248, 39.9960569], [116.3152328, 39.9959477], [116.3158101, 39.9959725], [116.3158022, 39.9960816], [116.3152248, 39.9960569]]]]}}, {"type": "Feature", "properties": {"building": "yes", "source": "osm"}, "geometry": {"type": "MultiPolygon", "coordinates": [[[[116.3184402, 39.9955132], [116.318462, 39.9954179], [116.318866, 39.9954721], [116.3188443, 39.9955674], [116.3184402, 39.9955132]]]]}}, {"type": "Feature", "properties": {"building": "yes", "source": "osm"}, "geometry": {"type": "MultiPolygon", "coordinates": [[[[116.3185885, 39.9949574], [116.318609, 39.9948662], [116.3190036, 39.9949183], [116.3189831, 39.9950094], [116.3185885, 39.9949574]]]]}}, {"type": "Feature", "properties": {"building": "yes", "source": "osm"}, "geometry": {"type": "MultiPolygon", "coordinates": [[[[116.3183619, 39.9958854], [116.318382, 39.9957896], [116.3187761, 39.995838], [116.3187561, 39.9959338], [116.3183619, 39.9958854]]]]}}, {"type": "Feature", "properties": {"building": "yes", "source": "osm"}, "geometry": {"type": "MultiPolygon", "coordinates": [[[[116.3184009, 39.9957043], [116.3184233, 39.9956038], [116.3188274, 39.9956566], [116.318805, 39.9957571], [116.3184009, 39.9957043]]]]}}, {"type": "Feature", "properties": {"building": "yes", "source": "osm"}, "geometry": {"type": "MultiPolygon", "coordinates": [[[[116.3184898, 39.9953291], [116.318509, 39.9952399], [116.318906, 39.995293], [116.3188816, 39.9953804], [116.3184898, 39.9953291]]]]}}, {"type": "Feature", "properties": {"building": "yes", "source": "osm"}, "geometry": {"type": "MultiPolygon", "coordinates": [[[[116.3185395, 39.9951475], [116.3185614, 39.995053], [116.3189611, 39.9951071], [116.3189393, 39.9952017], [116.3185395, 39.9951475]]]]}}, {"type": "Feature", "properties": {"building": "yes", "source": "osm"}, "geometry": {"type": "MultiPolygon", "coordinates": [[[[116.3186365, 39.994769], [116.3186551, 39.9946831], [116.3190434, 39.9947325], [116.3190248, 39.9948183], [116.3186365, 39.994769]]]]}}, {"type": "Feature", "properties": {"building": "residential", "name": "南2楼", "source": "osm"}, "geometry": {"type": "MultiPolygon", "coordinates": [[[[116.3214864, 39.9941027], [116.3214961, 39.9940062], [116.3222665, 39.9940514], [116.3222568, 39.9941479], [116.3214864, 39.9941027]]]]}}, {"type": "Feature", "properties": {"building": "residential", "name": "南3楼", "source": "osm"}, "geometry": {"type": "MultiPolygon", "coordinates": [[[[116.3214581, 39.9944396], [116.3214675, 39.9943472], [116.3222621, 39.9943947], [116.3222527, 39.9944871], [116.3214581, 39.9944396]]]]}}, {"type": "Feature", "properties": {"building": "residential", "name": "南1楼", "source": "osm"}, "geometry": {"type": "MultiPolygon", "coordinates": [[[[116.3215576, 39.9937786], [116.3215678, 39.9936718], [116.3222725, 39.9937114], [116.3222622, 39.9938182], [116.3215576, 39.9937786]]]]}}, {"type": "Feature", "properties": {"building": "residential", "name": "南0楼", "source": "osm"}, "geometry": {"type": "MultiPolygon", "coordinates": [[[[116.3215601, 39.9934394], [116.3215695, 39.9933336], [116.322317, 39.9933727], [116.3223076, 39.9934785], [116.3215601, 39.9934394]]]]}}, {"type": "Feature", "properties": {"building": "residential", "name": "南4楼", "source": "osm"}, "geometry": {"type": "MultiPolygon", "coordinates": [[[[116.321434, 39.9947889], [116.3214416, 39.9946971], [116.3222296, 39.9947352], [116.322222, 39.9948269], [116.321434, 39.9947889]]]]}}, {"type": "Feature", "properties": {"building": "residential", "name": "南12楼", "source": "osm"}, "geometry": {"type": "MultiPolygon", "coordinates": [[[[116.3205516, 39.9938945], [116.3205619, 39.9937879], [116.3213607, 39.9938335], [116.3213503, 39.9939402], [116.3205516, 39.9938945]]]]}}, {"type": "Feature", "properties": {"building": "residential", "name": "南11楼", "source": "osm"}, "geometry": {"type": "MultiPolygon", "coordinates": [[[[116.3205888, 39.9935537], [116.3205992, 39.9934469], [116.3207926, 39.9934579], [116.3213979, 39.9934925], [116.3213875, 39.9935994], [116.3205888, 39.9935537]]]]}}, {"type": "Feature", "properties": {"building": "residential", "name": "南13楼", "source": "osm"}, "geometry": {"type": "MultiPolygon", "coordinates": [[[[116.3205427, 39.994221], [116.3205522, 39.9941143], [116.3210632, 39.9941411], [116.3212987, 39.9941535], [116.3212892, 39.9942601], [116.3205427, 39.994221]]]]}}, {"type": "Feature", "properties": {"building": "university", "name": "科技服务楼（清华大学出版社）", "source": "osm"}, "geometry": {"type": "MultiPolygon", "coordinates": [[[[116.321936, 39.9966283], [116.3219587, 39.9962072], [116.3221206, 39.9962123], [116.3220979, 39.9966334], [116.321936, 39.9966283]]]]}}, {"type": "Feature", "properties": {"building": "residential", "name": "南6楼", "source": "osm"}, "geometry": {"type": "MultiPolygon", "coordinates": [[[[116.3212599, 39.9956577], [116.321271, 39.9955533], [116.3221936, 39.995611], [116.3221825, 39.9957154], [116.3212599, 39.9956577]]]]}}, {"type": "Feature", "properties": {"building": "residential", "name": "南7楼", "source": "osm"}, "geometry": {"type": "MultiPolygon", "coordinates": [[[[116.3211948, 39.9960017], [116.3212085, 39.995889], [116.3221284, 39.9959549], [116.3221147, 39.9960676], [116.3211948, 39.9960017]]]]}}, {"type": "Feature", "properties": {"building": "residential", "name": "南10楼", "source": "osm"}, "geometry": {"type": "MultiPolygon", "coordinates": [[[[116.3204588, 39.9965841], [116.3204637, 39.9964862], [116.320932, 39.9965], [116.3209271, 39.9965979], [116.3204588, 39.9965841]]]]}}, {"type": "Feature", "properties": {"building": "residential", "name": "南5楼", "source": "osm"}, "geometry": {"type": "MultiPolygon", "coordinates": [[[[116.3213355, 39.9953117], [116.3213468, 39.9952047], [116.3222713, 39.9952636], [116.3222512, 39.9953816], [116.3213355, 39.9953117]]]]}}, {"type": "Feature", "properties": {"building": "residential", "name": "南9楼", "source": "osm"}, "geometry": {"type": "MultiPolygon", "coordinates": [[[[116.3210931, 39.9966889], [116.3210977, 39.9965875], [116.3218263, 39.9966066], [116.3218218, 39.9967079], [116.3210931, 39.9966889]]]]}}, {"type": "Feature", "properties": {"building": "residential", "name": "南8楼", "source": "osm"}, "geometry": {"type": "MultiPolygon", "coordinates": [[[[116.3211286, 39.996342], [116.3211353, 39.9962384], [116.3218692, 39.9962661], [116.3218625, 39.9963697], [116.3211286, 39.996342]]]]}}, {"type": "Feature", "properties": {"building": "residential", "name": "东6楼", "source": "osm"}, "geometry": {"type": "MultiPolygon", "coordinates": [[[[116.3199987, 39.9981498], [116.3208045, 39.9980941], [116.3208169, 39.9981986], [116.320011, 39.9982543], [116.3199987, 39.9981498]]]]}}, {"type": "Feature", "properties": {"building": "residential", "name": "东7楼", "source": "osm"}, "geometry": {"type": "MultiPolygon", "coordinates": [[[[116.3199134, 39.997769], [116.3207209, 39.9977116], [116.320735, 39.9978282], [116.3199275, 39.9978856], [116.3199134, 39.997769]]]]}}, {"type": "Feature", "properties": {"building": "residential", "name": "东11楼", "source": "osm"}, "geometry": {"type": "MultiPolygon", "coordinates": [[[[116.320972, 39.9980487], [116.3217807, 39.997995], [116.3217945, 39.9981169], [116.3209858, 39.9981706], [116.320972, 39.9980487]]]]}}, {"type": "Feature", "properties": {"building": "residential", "name": "东15楼", "source": "osm"}, "geometry": {"type": "MultiPolygon", "coordinates": [[[[116.3208669, 39.9973123], [116.3218165, 39.9972873], [116.3218214, 39.9973968], [116.3208718, 39.9974217], [116.3208669, 39.9973123]]]]}}, {"type": "Feature", "properties": {"building": "residential", "name": "东16楼", "source": "osm"}, "geometry": {"type": "MultiPolygon", "coordinates": [[[[116.3208727, 39.9970419], [116.3208781, 39.9969295], [116.3219001, 39.9969581], [116.3218947, 39.9970705], [116.3208727, 39.9970419]]]]}}, {"type": "Feature", "properties": {"building": "residential", "name": "东13楼", "source": "osm"}, "geometry": {"type": "MultiPolygon", "coordinates": [[[[116.3209388, 39.9977031], [116.3217474, 39.9976493], [116.3217612, 39.9977712], [116.3209526, 39.9978249], [116.3209388, 39.9977031]]]]}}, {"type": "Feature", "properties": {"building": "residential", "name": "东2楼", "source": "osm"}, "geometry": {"type": "MultiPolygon", "coordinates": [[[[116.319417, 39.9977499], [116.3197625, 39.9977307], [116.3197739, 39.9978511], [116.3194285, 39.9978703], [116.319417, 39.9977499]]]]}}, {"type": "Feature", "properties": {"building": "residential", "name": "东5楼", "source": "osm"}, "geometry": {"type": "MultiPolygon", "coordinates": [[[[116.3195228, 39.9968143], [116.3195454, 39.9966985], [116.319876, 39.9967365], [116.3198533, 39.9968522], [116.3195228, 39.9968143]]]]}}, {"type": "Feature", "properties": {"building": "residential", "name": "东8楼", "source": "osm"}, "geometry": {"type": "MultiPolygon", "coordinates": [[[[116.3199133, 39.997298], [116.3199426, 39.9971761], [116.3207229, 39.9972861], [116.3206936, 39.9974081], [116.3199133, 39.997298]]]]}}, {"type": "Feature", "properties": {"building": "residential", "name": "东3楼", "source": "osm"}, "geometry": {"type": "MultiPolygon", "coordinates": [[[[116.3194089, 39.9974392], [116.3194316, 39.9973234], [116.3197622, 39.9973614], [116.3197395, 39.9974772], [116.3194089, 39.9974392]]]]}}, {"type": "Feature", "properties": {"building": "residential", "name": "东9楼", "source": "osm"}, "geometry": {"type": "MultiPolygon", "coordinates": [[[[116.3199962, 39.9969344], [116.3200224, 39.9968136], [116.3206591, 39.9968946], [116.3206329, 39.9970154], [116.3199962, 39.9969344]]]]}}, {"type": "Feature", "properties": {"building": "residential", "name": "东1楼", "source": "osm"}, "geometry": {"type": "MultiPolygon", "coordinates": [[[[116.3194415, 39.9980773], [116.319787, 39.9980581], [116.3197984, 39.9981786], [116.3194529, 39.9981978], [116.3194415, 39.9980773]]]]}}, {"type": "Feature", "properties": {"building": "residential", "name": "东4楼", "source": "osm"}, "geometry": {"type": "MultiPolygon", "coordinates": [[[[116.3194885, 39.9971044], [116.3195099, 39.9970012], [116.3198392, 39.9970411], [116.3198179, 39.9971444], [116.3194885, 39.9971044]]]]}}, {"type": "Feature", "properties": {"building": "residential", "name": "西南3", "source": "osm"}, "geometry": {"type": "MultiPolygon", "coordinates": [[[[116.3147975, 39.9926092], [116.3148058, 39.9924969], [116.3151175, 39.9925105], [116.3151092, 39.9926228], [116.3147975, 39.9926092]]]]}}, {"type": "Feature", "properties": {"building": "residential", "name": "西南5", "source": "osm"}, "geometry": {"type": "MultiPolygon", "coordinates": [[[[116.3146895, 39.9932423], [116.3146978, 39.99313], [116.3150096, 39.9931436], [116.3150013, 39.9932558], [116.3146895, 39.9932423]]]]}}, {"type": "Feature", "properties": {"building": "residential", "name": "西南6", "source": "osm"}, "geometry": {"type": "MultiPolygon", "coordinates": [[[[116.3146437, 39.9935602], [116.314652, 39.993448], [116.3149638, 39.9934616], [116.3149555, 39.9935739], [116.3146437, 39.9935602]]]]}}, {"type": "Feature", "properties": {"building": "residential", "name": "西南4", "source": "osm"}, "geometry": {"type": "MultiPolygon", "coordinates": [[[[116.3147359, 39.992919], [116.3147443, 39.9928067], [116.3150561, 39.9928203], [116.3150477, 39.9929326], [116.3147359, 39.992919]]]]}}, {"type": "Feature", "properties": {"building": "residential", "name": "西南7", "source": "osm"}, "geometry": {"type": "MultiPolygon", "coordinates": [[[[116.3153367, 39.9927732], [116.3153502, 39.9926458], [116.3162958, 39.9927121], [116.3162788, 39.9928259], [116.3153367, 39.9927732]]]]}}, {"type": "Feature", "properties": {"building": "residential", "name": "西南9", "source": "osm"}, "geometry": {"type": "MultiPolygon", "coordinates": [[[[116.3152775, 39.9934511], [116.3152834, 39.9933544], [116.3157479, 39.993371], [116.315742, 39.9934678], [116.3152775, 39.9934511]]]]}}, {"type": "Feature", "properties": {"building": "residential", "name": "西南13", "source": "osm"}, "geometry": {"type": "MultiPolygon", "coordinates": [[[[116.3164237, 39.9928338], [116.3164349, 39.9927254], [116.317373, 39.9927825], [116.3173618, 39.9928908], [116.3164237, 39.9928338]]]]}}, {"type": "Feature", "properties": {"building": "residential", "name": "西南10", "source": "osm"}, "geometry": {"type": "MultiPolygon", "coordinates": [[[[116.3152281, 39.9937995], [116.3152379, 39.9936898], [116.3157376, 39.9937159], [116.3157277, 39.9938257], [116.3152281, 39.9937995]]]]}}, {"type": "Feature", "properties": {"building": "residential", "name": "西南11", "source": "osm"}, "geometry": {"type": "MultiPolygon", "coordinates": [[[[116.3152015, 39.9941026], [116.315214, 39.9939937], [116.3157148, 39.9940274], [116.3157023, 39.9941363], [116.3152015, 39.9941026]]]]}}, {"type": "Feature", "properties": {"building": "residential", "name": "西南14", "source": "osm"}, "geometry": {"type": "MultiPolygon", "coordinates": [[[[116.3163901, 39.9931641], [116.3164036, 39.9930366], [116.3173492, 39.9931029], [116.3173322, 39.9932167], [116.3163901, 39.9931641]]]]}}, {"type": "Feature", "properties": {"building": "residential", "name": "西南8", "source": "osm"}, "geometry": {"type": "MultiPolygon", "coordinates": [[[[116.315276, 39.9931294], [116.3152893, 39.9930088], [116.3162327, 39.9930698], [116.3162195, 39.9931903], [116.315276, 39.9931294]]]]}}, {"type": "Feature", "properties": {"building": "residential", "name": "普吉1号楼", "source": "osm"}, "geometry": {"type": "MultiPolygon", "coordinates": [[[[116.3174232, 39.9932519], [116.3174341, 39.9931219], [116.3182836, 39.9931637], [116.3182727, 39.9932939], [116.3174232, 39.9932519]]]]}}, {"type": "Feature", "properties": {"building": "residential", "name": "高2楼", "source": "osm"}, "geometry": {"type": "MultiPolygon", "coordinates": [[[[116.3174223, 39.9979275], [116.3175381, 39.9979228], [116.3175361, 39.9978949], [116.3176402, 39.9978906], [116.3176422, 39.9979195], [116.3177539, 39.9979149], [116.3177645, 39.9980655], [116.3176802, 39.9980689], [116.3176778, 39.9980351], [116.3175294, 39.9980412], [116.3175316, 39.9980724], [116.3174328, 39.9980765], [116.3174223, 39.9979275]]]]}}, {"type": "Feature", "properties": {"building": "residential", "name": "西45楼", "source": "osm"}, "geometry": {"type": "MultiPolygon", "coordinates": [[[[116.309452, 39.9980461], [116.3094566, 39.997904], [116.3096497, 39.9979076], [116.3096451, 39.9980497], [116.309452, 39.9980461]]]]}}, {"type": "Feature", "properties": {"building": "university", "name": "第一教学楼", "source": "osm"}, "geometry": {"type": "MultiPolygon", "coordinates": [[[[116.3039768, 39.9916165], [116.3039912, 39.9914438], [116.304341, 39.9914609], [116.3046992, 39.9914784], [116.3046936, 39.9915619], [116.3046849, 39.991651], [116.3039768, 39.9916165]]]]}}, {"type": "Feature", "properties": {"building": "university", "name": "第二体育馆", "source": "osm"}, "geometry": {"type": "MultiPolygon", "coordinates": [[[[116.3018112, 39.9895903], [116.3018147, 39.989358], [116.3024039, 39.9893633], [116.3024004, 39.9895955], [116.3018112, 39.9895903]]]]}}, {"type": "Feature", "properties": {"building": "yes", "name": "北大西门", "source": "osm"}, "geometry": {"type": "MultiPolygon", "coordinates": [[[[116.2985431, 39.9933604], [116.2985442, 39.9933062], [116.2985462, 39.9932022], [116.2985966, 39.9932028], [116.2986574, 39.9932035], [116.2986555, 39.9933058], [116.2986544, 39.9933616], [116.2985937, 39.9933609], [116.2985431, 39.9933604]]]]}}, {"type": "Feature", "properties": {"building": "school", "name": "化学北楼", "source": "osm"}, "geometry": {"type": "MultiPolygon", "coordinates": [[[[116.2994857, 39.9927804], [116.3001855, 39.9927782], [116.3001867, 39.9929928], [116.2994868, 39.992995], [116.2994857, 39.9927804]]]]}}, {"type": "Feature", "properties": {"building": "school", "name": "化学南楼", "source": "osm"}, "geometry": {"type": "MultiPolygon", "coordinates": [[[[116.2995007, 39.9924137], [116.2995073, 39.9922172], [116.3001898, 39.9922306], [116.3001831, 39.9924272], [116.2995007, 39.9924137]]]]}}, {"type": "Feature", "properties": {"building": "yes", "name": "校史馆", "source": "osm"}, "geometry": {"type": "MultiPolygon", "coordinates": [[[[116.2999787, 39.9921786], [116.2999835, 39.991794], [116.3001731, 39.9917954], [116.3001682, 39.99218], [116.2999787, 39.9921786]]]]}}, {"type": "Feature", "properties": {"building": "public", "name": "档案馆", "source": "osm"}, "geometry": {"type": "MultiPolygon", "coordinates": [[[[116.3002973, 39.9927555], [116.3002987, 39.9924372], [116.3005221, 39.9924378], [116.3005208, 39.9927561], [116.3002973, 39.9927555]]]]}}, {"type": "Feature", "properties": {"building": "office", "name": "紫光大厦", "source": "osm"}, "geometry": {"type": "MultiPolygon", "coordinates": [[[[116.3256361, 39.9944038], [116.3256669, 39.993673], [116.3259131, 39.9937379], [116.3260131, 39.9938675], [116.3260208, 39.9940207], [116.3260178, 39.994236], [116.3261915, 39.9942396], [116.3261864, 39.9944069], [116.3256361, 39.9944038]]]]}}, {"type": "Feature", "properties": {"building": "yes", "source": "osm"}, "geometry": {"type": "MultiPolygon", "coordinates": [[[[116.3254686, 39.9948155], [116.3254784, 39.9946026], [116.3262746, 39.9946241], [116.3262648, 39.994837], [116.3254686, 39.9948155]]]]}}, {"type": "Feature", "properties": {"building": "residential", "name": "蓝旗营10号楼", "source": "osm"}, "geometry": {"type": "MultiPolygon", "coordinates": [[[[116.3180908, 39.9925213], [116.3180959, 39.9923884], [116.3191958, 39.9924132], [116.3191907, 39.9925461], [116.3180908, 39.9925213]]]]}}, {"type": "Feature", "properties": {"building": "residential", "name": "蓝旗营12号楼", "source": "osm"}, "geometry": {"type": "MultiPolygon", "coordinates": [[[[116.3180644, 39.9928629], [116.3180716, 39.9927368], [116.3191617, 39.9927732], [116.3191546, 39.9928993], [116.3180644, 39.9928629]]]]}}, {"type": "Feature", "properties": {"building": "yes", "source": "osm"}, "geometry": {"type": "MultiPolygon", "coordinates": [[[[116.3172631, 39.9723318], [116.3174166, 39.9722653], [116.3174234, 39.9721229], [116.3175676, 39.9721229], [116.317565, 39.9722703], [116.3177103, 39.972341], [116.3176371, 39.9724212], [116.3175376, 39.9723793], [116.3174322, 39.9723773], [116.317318, 39.9724159], [116.3172631, 39.9723318]]]]}}, {"type": "Feature", "properties": {"building": "yes", "source": "osm"}, "geometry": {"type": "MultiPolygon", "coordinates": [[[[116.3163496, 39.9723045], [116.3165031, 39.972238], [116.3165099, 39.9720956], [116.3166541, 39.9720956], [116.3166515, 39.972243], [116.3167968, 39.9723137], [116.3167236, 39.9723939], [116.3166241, 39.972352], [116.3165187, 39.97235], [116.3164045, 39.9723886], [116.3163496, 39.9723045]]]]}}, {"type": "Feature", "properties": {"building": "yes", "source": "osm"}, "geometry": {"type": "MultiPolygon", "coordinates": [[[[116.3172225, 39.9736503], [116.317376, 39.9735838], [116.3173828, 39.9734414], [116.317527, 39.9734414], [116.3175244, 39.9735888], [116.3176697, 39.9736595], [116.3175965, 39.9737397], [116.317497, 39.9736978], [116.3173916, 39.9736958], [116.3172774, 39.9737344], [116.3172225, 39.9736503]]]]}}, {"type": "Feature", "properties": {"building": "yes", "source": "osm"}, "geometry": {"type": "MultiPolygon", "coordinates": [[[[116.3168419, 39.9718106], [116.3169954, 39.9717441], [116.3170022, 39.9716017], [116.3171464, 39.9716017], [116.3171438, 39.9717491], [116.3172891, 39.9718198], [116.3172159, 39.9719], [116.3171164, 39.9718581], [116.317011, 39.9718561], [116.3168968, 39.9718947], [116.3168419, 39.9718106]]]]}}, {"type": "Feature", "properties": {"building": "yes", "source": "osm"}, "geometry": {"type": "MultiPolygon", "coordinates": [[[[116.317258, 39.9729968], [116.3174115, 39.9729303], [116.3174183, 39.9727879], [116.3175625, 39.9727879], [116.3175599, 39.9729353], [116.3177052, 39.973006], [116.317632, 39.9730862], [116.3175325, 39.9730443], [116.3174271, 39.9730423], [116.3173129, 39.9730809], [116.317258, 39.9729968]]]]}}, {"type": "Feature", "properties": {"building": "yes", "source": "osm"}, "geometry": {"type": "MultiPolygon", "coordinates": [[[[116.3158979, 39.9717873], [116.3160514, 39.9717207], [116.3160582, 39.9715783], [116.3162024, 39.9715783], [116.3161998, 39.9717257], [116.3163451, 39.9717965], [116.3162719, 39.9718767], [116.3161724, 39.9718348], [116.316067, 39.9718328], [116.3159528, 39.9718714], [116.3158979, 39.9717873]]]]}}, {"type": "Feature", "properties": {"building": "residential", "source": "osm"}, "geometry": {"type": "MultiPolygon", "coordinates": [[[[116.3128333, 39.9730932], [116.3128816, 39.9730018], [116.3130465, 39.9730388], [116.3131835, 39.9729532], [116.3132825, 39.9730232], [116.3131556, 39.9731068], [116.3131861, 39.973241], [116.313044, 39.9732702], [116.3129856, 39.9731379], [116.3128333, 39.9730932]]]]}}, {"type": "Feature", "properties": {"building": "residential", "source": "osm"}, "geometry": {"type": "MultiPolygon", "coordinates": [[[[116.3131188, 39.9724097], [116.313167, 39.9723183], [116.313332, 39.9723552], [116.313469, 39.9722696], [116.313568, 39.9723396], [116.3134411, 39.9724233], [116.3134715, 39.9725574], [116.3133294, 39.9725866], [116.3132711, 39.9724544], [116.3131188, 39.9724097]]]]}}, {"type": "Feature", "properties": {"building": "residential", "source": "osm"}, "geometry": {"type": "MultiPolygon", "coordinates": [[[[116.3133302, 39.9717498], [116.3133784, 39.9716584], [116.3135433, 39.9716954], [116.3136803, 39.9716098], [116.3137793, 39.9716798], [116.3136524, 39.9717634], [116.3136829, 39.9718976], [116.3135408, 39.9719268], [116.3134824, 39.9717945], [116.3133302, 39.9717498]]]]}}, {"type": "Feature", "properties": {"building": "yes", "name": "6", "source": "osm"}, "geometry": {"type": "MultiPolygon", "coordinates": [[[[116.2981176, 39.9696535], [116.2982767, 39.96956], [116.2985153, 39.9697983], [116.2983562, 39.9698918], [116.2981176, 39.9696535]]]]}}, {"type": "Feature", "properties": {"building": "yes", "name": "7", "source": "osm"}, "geometry": {"type": "MultiPolygon", "coordinates": [[[[116.2986651, 39.9693076], [116.2988242, 39.969214], [116.2990629, 39.9694524], [116.2989038, 39.9695459], [116.2986651, 39.9693076]]]]}}, {"type": "Feature", "properties": {"building": "yes", "name": "5", "source": "osm"}, "geometry": {"type": "MultiPolygon", "coordinates": [[[[116.2975765, 39.9699896], [116.2977356, 39.969896], [116.2979743, 39.9701343], [116.2978152, 39.9702279], [116.2975765, 39.9699896]]]]}}, {"type": "Feature", "properties": {"building": "yes", "source": "osm"}, "geometry": {"type": "MultiPolygon", "coordinates": [[[[116.2971033, 39.9689572], [116.2971686, 39.9688273], [116.2977589, 39.9690013], [116.2977457, 39.9690292], [116.2976933, 39.9691311], [116.2971033, 39.9689572]]]]}}, {"type": "Feature", "properties": {"building": "yes", "source": "osm"}, "geometry": {"type": "MultiPolygon", "coordinates": [[[[116.2976749, 39.9691671], [116.2976933, 39.9691311], [116.2977457, 39.9690292], [116.2984343, 39.969237], [116.2983635, 39.9693748], [116.2976749, 39.9691671]]]]}}, {"type": "Feature", "properties": {"building": "yes", "source": "osm"}, "geometry": {"type": "MultiPolygon", "coordinates": [[[[116.2974982, 39.9694822], [116.2975513, 39.9693834], [116.2979915, 39.9695223], [116.2979384, 39.9696212], [116.2974982, 39.9694822]]]]}}, {"type": "Feature", "properties": {"building": "office", "name": "泰鹏大厦", "source": "osm"}, "geometry": {"type": "MultiPolygon", "coordinates": [[[[116.3025425, 39.9824498], [116.3025555, 39.9820786], [116.3029708, 39.98208], [116.3031242, 39.9822506], [116.3031036, 39.9824684], [116.3025425, 39.9824498]]]]}}, {"type": "Feature", "properties": {"building": "apartments", "source": "osm"}, "geometry": {"type": "MultiPolygon", "coordinates": [[[[116.3113638, 39.9886543], [116.3113851, 39.9883344], [116.3114048, 39.9880373], [116.3117016, 39.9880503], [116.3116791, 39.9883433], [116.3116543, 39.9886664], [116.3113638, 39.9886543]]]]}}, {"type": "Feature", "properties": {"building": "dormitory", "name": "42", "source": "osm"}, "geometry": {"type": "MultiPolygon", "coordinates": [[[[116.3126291, 39.9902863], [116.3126364, 39.9901823], [116.3134554, 39.9902158], [116.3134482, 39.9903198], [116.3126291, 39.9902863]]]]}}, {"type": "Feature", "properties": {"building": "dormitory", "name": "48", "source": "osm"}, "geometry": {"type": "MultiPolygon", "coordinates": [[[[116.3135981, 39.9896557], [116.3136064, 39.9895475], [116.3144167, 39.9895843], [116.3144084, 39.9896924], [116.3135981, 39.9896557]]]]}}, {"type": "Feature", "properties": {"building": "dormitory", "name": "45", "source": "osm"}, "geometry": {"type": "MultiPolygon", "coordinates": [[[[116.3126809, 39.9892983], [116.3126869, 39.9892051], [116.3134902, 39.9892354], [116.3134842, 39.9893286], [116.3126809, 39.9892983]]]]}}, {"type": "Feature", "properties": {"building": "apartments", "source": "osm"}, "geometry": {"type": "MultiPolygon", "coordinates": [[[[116.3112606, 39.9880306], [116.3112786, 39.9878197], [116.3120838, 39.9878547], [116.3120716, 39.9879973], [116.3120659, 39.9880648], [116.3117016, 39.9880503], [116.3114048, 39.9880373], [116.3112606, 39.9880306]]]]}}, {"type": "Feature", "properties": {"building": "dormitory", "name": "49", "source": "osm"}, "geometry": {"type": "MultiPolygon", "coordinates": [[[[116.3136164, 39.9893464], [116.313622, 39.9892416], [116.3144334, 39.9892671], [116.3144278, 39.9893719], [116.3136164, 39.9893464]]]]}}, {"type": "Feature", "properties": {"building": "dormitory", "name": "46", "source": "osm"}, "geometry": {"type": "MultiPolygon", "coordinates": [[[[116.3135718, 39.9903298], [116.3135758, 39.9902353], [116.3142342, 39.9902517], [116.3142302, 39.9903463], [116.3135718, 39.9903298]]]]}}, {"type": "Feature", "properties": {"building": "dormitory", "name": "44", "source": "osm"}, "geometry": {"type": "MultiPolygon", "coordinates": [[[[116.3126683, 39.9896208], [116.3126766, 39.9895222], [116.31348, 39.9895621], [116.3134717, 39.9896606], [116.3126683, 39.9896208]]]]}}, {"type": "Feature", "properties": {"building": "dormitory", "name": "47", "source": "osm"}, "geometry": {"type": "MultiPolygon", "coordinates": [[[[116.3135903, 39.9900085], [116.3135979, 39.9898955], [116.314412, 39.9899277], [116.3144044, 39.9900407], [116.3135903, 39.9900085]]]]}}, {"type": "Feature", "properties": {"building": "dormitory", "name": "41", "source": "osm"}, "geometry": {"type": "MultiPolygon", "coordinates": [[[[116.312601, 39.9906166], [116.3126066, 39.9905137], [116.3134272, 39.9905402], [116.3134216, 39.9906431], [116.312601, 39.9906166]]]]}}, {"type": "Feature", "properties": {"building": "yes", "source": "osm"}, "geometry": {"type": "MultiPolygon", "coordinates": [[[[116.3122443, 39.9880668], [116.3122497, 39.9880041], [116.3122553, 39.9879322], [116.3125275, 39.9879421], [116.3130195, 39.9879651], [116.313002, 39.9883369], [116.3128525, 39.9883329], [116.3127409, 39.9883039], [116.3127078, 39.9882801], [116.3126646, 39.9882406], [116.3126028, 39.9881789], [116.3125206, 39.9881266], [116.3123817, 39.9880846], [116.3122443, 39.9880668]]]]}}, {"type": "Feature", "properties": {"building": "dormitory", "name": "43", "source": "osm"}, "geometry": {"type": "MultiPolygon", "coordinates": [[[[116.312668, 39.9899785], [116.3126745, 39.9898657], [116.3134927, 39.9898935], [116.3134861, 39.9900063], [116.312668, 39.9899785]]]]}}, {"type": "Feature", "properties": {"building": "yes", "source": "osm"}, "geometry": {"type": "MultiPolygon", "coordinates": [[[[116.3321518, 39.9923341], [116.3321812, 39.9918105], [116.3324963, 39.9918196], [116.3324714, 39.9923477], [116.3321518, 39.9923341]]]]}}, {"type": "Feature", "properties": {"building": "residential", "name": "东南4楼", "source": "osm"}, "geometry": {"type": "MultiPolygon", "coordinates": [[[[116.3296269, 39.9960249], [116.329714, 39.9959787], [116.3297073, 39.9958915], [116.3298647, 39.9958941], [116.3298613, 39.995971], [116.3299417, 39.9960249], [116.3298915, 39.9960788], [116.329781, 39.9960275], [116.3296638, 39.9960762], [116.3296269, 39.9960249]]]]}}, {"type": "Feature", "properties": {"building": "residential", "name": "东南3楼", "source": "osm"}, "geometry": {"type": "MultiPolygon", "coordinates": [[[[116.3299685, 39.9962788], [116.3300589, 39.9962275], [116.3300488, 39.9961429], [116.3302062, 39.996148], [116.3301995, 39.9962224], [116.3302799, 39.9962814], [116.330233, 39.9963327], [116.3301258, 39.9962814], [116.3300053, 39.9963224], [116.3299685, 39.9962788]]]]}}, {"type": "Feature", "properties": {"building": "residential", "name": "东南2楼", "source": "osm"}, "geometry": {"type": "MultiPolygon", "coordinates": [[[[116.3303033, 39.996543], [116.3303937, 39.9964917], [116.330387, 39.9964122], [116.3305444, 39.9964148], [116.3305477, 39.9964917], [116.3306147, 39.9965405], [116.3305745, 39.9965943], [116.3304674, 39.9965482], [116.3303401, 39.9965866], [116.3303033, 39.996543]]]]}}, {"type": "Feature", "properties": {"building": "residential", "name": "东南1楼", "source": "osm"}, "geometry": {"type": "MultiPolygon", "coordinates": [[[[116.3306448, 39.9968021], [116.3307252, 39.9967559], [116.3307185, 39.9966713], [116.3308826, 39.9966713], [116.3308725, 39.9967482], [116.3309596, 39.9968047], [116.330916, 39.9968637], [116.3307921, 39.9968124], [116.3306817, 39.9968611], [116.3306448, 39.9968021]]]]}}, {"type": "Feature", "properties": {"building": "residential", "name": "东南5楼", "source": "osm"}, "geometry": {"type": "MultiPolygon", "coordinates": [[[[116.3303041, 39.9959893], [116.3303057, 39.9958958], [116.3309038, 39.995902], [116.3309026, 39.995965], [116.3310039, 39.9959661], [116.3309986, 39.9962619], [116.3308626, 39.9962605], [116.3308673, 39.9959952], [116.3303041, 39.9959893]]]]}}, {"type": "Feature", "properties": {"building": "residential", "name": "东南6楼", "source": "osm"}, "geometry": {"type": "MultiPolygon", "coordinates": [[[[116.3302287, 39.9956673], [116.3302297, 39.9955681], [116.3310041, 39.9955728], [116.3310031, 39.9956719], [116.3302287, 39.9956673]]]]}}, {"type": "Feature", "properties": {"building": "residential", "name": "东南7楼", "source": "osm"}, "geometry": {"type": "MultiPolygon", "coordinates": [[[[116.3302344, 39.995335], [116.3302377, 39.9952243], [116.3310185, 39.9952383], [116.3310151, 39.995349], [116.3302344, 39.995335]]]]}}, {"type": "Feature", "properties": {"building": "yes", "source": "osm"}, "geometry": {"type": "MultiPolygon", "coordinates": [[[[116.3302951, 39.9950286], [116.330297, 39.9948895], [116.3310185, 39.9948955], [116.3310165, 39.9950344], [116.3302951, 39.9950286]]]]}}, {"type": "Feature", "properties": {"building": "yes", "source": "osm"}, "geometry": {"type": "MultiPolygon", "coordinates": [[[[116.3302911, 39.9946616], [116.3302917, 39.9945534], [116.3310466, 39.9945563], [116.3310459, 39.9946645], [116.3302911, 39.9946616]]]]}}, {"type": "Feature", "properties": {"building": "yes", "source": "osm"}, "geometry": {"type": "MultiPolygon", "coordinates": [[[[116.3302996, 39.9943358], [116.3302998, 39.9942404], [116.3310408, 39.9942413], [116.3310405, 39.9943368], [116.3302996, 39.9943358]]]]}}, {"type": "Feature", "properties": {"building": "yes", "source": "osm"}, "geometry": {"type": "MultiPolygon", "coordinates": [[[[116.3303137, 39.9939166], [116.3310707, 39.9939166], [116.3310707, 39.9940231], [116.3303137, 39.9940231], [116.3303137, 39.9939166]]]]}}, {"type": "Feature", "properties": {"building": "yes", "source": "osm"}, "geometry": {"type": "MultiPolygon", "coordinates": [[[[116.3303279, 39.9937038], [116.3303293, 39.9936006], [116.3306715, 39.9936032], [116.3309019, 39.993605], [116.3309006, 39.9937082], [116.3303279, 39.9937038]]]]}}, {"type": "Feature", "properties": {"building": "yes", "source": "osm"}, "geometry": {"type": "MultiPolygon", "coordinates": [[[[116.3303506, 39.9933845], [116.3303519, 39.9932834], [116.3309188, 39.9932878], [116.3309175, 39.9933889], [116.3303506, 39.9933845]]]]}}, {"type": "Feature", "properties": {"building": "yes", "source": "osm"}, "geometry": {"type": "MultiPolygon", "coordinates": [[[[116.3301469, 39.9929395], [116.3301495, 39.9928222], [116.3307378, 39.99283], [116.3307362, 39.9929006], [116.3308981, 39.9929027], [116.3308955, 39.9930214], [116.3309362, 39.9930219], [116.3309339, 39.9931264], [116.3307679, 39.9931243], [116.3307701, 39.9930258], [116.3307302, 39.9930253], [116.3307319, 39.9929472], [116.3301469, 39.9929395]]]]}}, {"type": "Feature", "properties": {"building": "yes", "source": "osm"}, "geometry": {"type": "MultiPolygon", "coordinates": [[[[116.3291428, 39.9936538], [116.3291433, 39.9935585], [116.3301051, 39.9935614], [116.3301046, 39.9936567], [116.3291428, 39.9936538]]]]}}, {"type": "Feature", "properties": {"building": "yes", "source": "osm"}, "geometry": {"type": "MultiPolygon", "coordinates": [[[[116.3291542, 39.9940057], [116.3291545, 39.9938973], [116.3300898, 39.9938992], [116.3300894, 39.9940076], [116.3291542, 39.9940057]]]]}}, {"type": "Feature", "properties": {"building": "yes", "source": "osm"}, "geometry": {"type": "MultiPolygon", "coordinates": [[[[116.32914, 39.9943206], [116.329142, 39.9942221], [116.3300784, 39.9942336], [116.3300763, 39.9943321], [116.3293611, 39.9943233], [116.32914, 39.9943206]]]]}}, {"type": "Feature", "properties": {"building": "yes", "source": "osm"}, "geometry": {"type": "MultiPolygon", "coordinates": [[[[116.3291286, 39.9946334], [116.3291309, 39.9945395], [116.3300694, 39.9945529], [116.3300671, 39.9946468], [116.3291286, 39.9946334]]]]}}, {"type": "Feature", "properties": {"building": "yes", "source": "osm"}, "geometry": {"type": "MultiPolygon", "coordinates": [[[[116.329123, 39.994957], [116.3291255, 39.9948612], [116.3300512, 39.9948755], [116.3300487, 39.9949712], [116.329123, 39.994957]]]]}}, {"type": "Feature", "properties": {"building": "residential", "name": "东南9楼", "source": "osm"}, "geometry": {"type": "MultiPolygon", "coordinates": [[[[116.329089, 39.9953089], [116.3290918, 39.9951956], [116.3295739, 39.9952026], [116.3295711, 39.9953159], [116.329089, 39.9953089]]]]}}, {"type": "Feature", "properties": {"building": "residential", "name": "东南8楼", "source": "osm"}, "geometry": {"type": "MultiPolygon", "coordinates": [[[[116.3296405, 39.9953384], [116.3296419, 39.9952309], [116.3300979, 39.9952344], [116.3300965, 39.9953418], [116.3296405, 39.9953384]]]]}}, {"type": "Feature", "properties": {"building": "yes", "name": "东南商业区", "shop": "yes", "source": "osm"}, "geometry": {"type": "MultiPolygon", "coordinates": [[[[116.3290888, 39.9956312], [116.3290949, 39.9954786], [116.3296925, 39.9954879], [116.3296864, 39.9957418], [116.329603, 39.9957402], [116.329603, 39.9958305], [116.329349, 39.9958336], [116.3290888, 39.9956312]], [[116.3292636, 39.9955533], [116.3292636, 39.9955985], [116.3293937, 39.9957013], [116.3295278, 39.9957028], [116.3295238, 39.9955518], [116.3292636, 39.9955533]]]]}}, {"type": "Feature", "properties": {"building": "yes", "name": "清华同方科技广场D座", "source": "osm"}, "geometry": {"type": "MultiPolygon", "coordinates": [[[[116.3325255, 39.9971073], [116.3325408, 39.9967163], [116.3332186, 39.9967319], [116.3332033, 39.9971228], [116.3325255, 39.9971073]]]]}}, {"type": "Feature", "properties": {"building": "residential", "name": "4号楼", "source": "osm"}, "geometry": {"type": "MultiPolygon", "coordinates": [[[[116.2987062, 39.9799485], [116.2987201, 39.979852], [116.2994744, 39.9798707], [116.2993998, 39.980538], [116.2991407, 39.980516], [116.2992166, 39.9799919], [116.2987062, 39.9799485]]]]}}, {"type": "Feature", "properties": {"building": "residential", "name": "5号楼", "source": "osm"}, "geometry": {"type": "MultiPolygon", "coordinates": [[[[116.2977452, 39.9799386], [116.2977537, 39.9798039], [116.2985591, 39.9798335], [116.2985507, 39.9799683], [116.2977452, 39.9799386]]]]}}, {"type": "Feature", "properties": {"building": "residential", "name": "3号楼", "source": "osm"}, "geometry": {"type": "MultiPolygon", "coordinates": [[[[116.2975179, 39.9804847], [116.2975295, 39.9803549], [116.2987994, 39.9804215], [116.2987878, 39.9805513], [116.2975179, 39.9804847]]]]}}, {"type": "Feature", "properties": {"building": "residential", "name": "2号楼", "source": "osm"}, "geometry": {"type": "MultiPolygon", "coordinates": [[[[116.2977632, 39.9810598], [116.2977817, 39.9809382], [116.2987697, 39.9810264], [116.2987513, 39.9811479], [116.2977632, 39.9810598]]]]}}, {"type": "Feature", "properties": {"building": "office", "name": "育新大厦", "source": "osm"}, "geometry": {"type": "MultiPolygon", "coordinates": [[[[116.2990193, 39.9825735], [116.2990286, 39.9822551], [116.2991267, 39.9819974], [116.2993788, 39.9820261], [116.2993321, 39.9823231], [116.29908, 39.9825914], [116.2990193, 39.9825735]]]]}}, {"type": "Feature", "properties": {"building": "office", "name": "绿创大厦", "source": "osm"}, "geometry": {"type": "MultiPolygon", "coordinates": [[[[116.2991967, 39.9819831], [116.299222, 39.9816939], [116.2994263, 39.9817044], [116.299401, 39.9819936], [116.2991967, 39.9819831]]]]}}, {"type": "Feature", "properties": {"building": "yes", "source": "osm"}, "geometry": {"type": "MultiPolygon", "coordinates": [[[[116.2982674, 39.9824483], [116.2982788, 39.9823177], [116.2989396, 39.9823514], [116.2989282, 39.9824821], [116.2982674, 39.9824483]]]]}}, {"type": "Feature", "properties": {"building": "yes", "source": "osm"}, "geometry": {"type": "MultiPolygon", "coordinates": [[[[116.2982767, 39.9820583], [116.2983036, 39.9819151], [116.2988401, 39.9819742], [116.2988132, 39.9821174], [116.2982767, 39.9820583]]]]}}, {"type": "Feature", "properties": {"building": "residential", "name": "1号楼", "source": "osm"}, "geometry": {"type": "MultiPolygon", "coordinates": [[[[116.2976696, 39.9815573], [116.2976918, 39.9814271], [116.2984798, 39.9815059], [116.2984576, 39.9816361], [116.2976696, 39.9815573]]]]}}, {"type": "Feature", "properties": {"building": "residential", "name": "7号楼", "source": "osm"}, "geometry": {"type": "MultiPolygon", "coordinates": [[[[116.2965955, 39.9807023], [116.296701, 39.9806443], [116.2966116, 39.9805256], [116.2967143, 39.9804791], [116.2969525, 39.9804863], [116.2970552, 39.9805578], [116.2969647, 39.9806645], [116.2970541, 39.9807191], [116.2969652, 39.980795], [116.2968612, 39.9807317], [116.296785, 39.980728], [116.2966863, 39.9807868], [116.2965955, 39.9807023]]]]}}, {"type": "Feature", "properties": {"building": "office", "name": "朔黄发展大厦", "source": "osm"}, "geometry": {"type": "MultiPolygon", "coordinates": [[[[116.3025747, 39.9817588], [116.3025807, 39.9813498], [116.3031581, 39.9813547], [116.3031521, 39.9817637], [116.3025747, 39.9817588]]]]}}, {"type": "Feature", "properties": {"building": "yes", "name": "中关村SOHO", "source": "osm"}, "geometry": {"type": "MultiPolygon", "coordinates": [[[[116.3035487, 39.9823097], [116.3035724, 39.982234], [116.3036396, 39.9821461], [116.3037662, 39.9820946], [116.3038726, 39.9820987], [116.3039204, 39.9821006], [116.3040113, 39.982134], [116.3041023, 39.9821249], [116.3042407, 39.9821037], [116.3043593, 39.982137], [116.3044621, 39.9822067], [116.3045056, 39.9823097], [116.3044977, 39.9824097], [116.3044226, 39.9824976], [116.3042802, 39.982543], [116.3041497, 39.98254], [116.3040667, 39.9825097], [116.3039995, 39.9825157], [116.3038571, 39.98254], [116.3036634, 39.9824824], [116.3035685, 39.9823915], [116.3035487, 39.9823097]]]]}}, {"type": "Feature", "properties": {"building": "office", "name": "理想国际大厦", "source": "osm"}, "geometry": {"type": "MultiPolygon", "coordinates": [[[[116.303519, 39.9832782], [116.3035392, 39.9829762], [116.3043683, 39.9830088], [116.3043481, 39.9833108], [116.303519, 39.9832782]]]]}}, {"type": "Feature", "properties": {"building": "office", "name": "辉煌时代大厦", "source": "osm"}, "geometry": {"type": "MultiPolygon", "coordinates": [[[[116.3051139, 39.9833439], [116.3051205, 39.9831187], [116.3051225, 39.983052], [116.3063138, 39.9830726], [116.3063052, 39.9833645], [116.3051139, 39.9833439]]]]}}, {"type": "Feature", "properties": {"building": "office", "name": "中国电科", "source": "osm"}, "geometry": {"type": "MultiPolygon", "coordinates": [[[[116.3052095, 39.9824824], [116.3052234, 39.9821833], [116.306363, 39.9822143], [116.3063491, 39.9825134], [116.3052095, 39.9824824]]]]}}, {"type": "Feature", "properties": {"building": "office", "name": "方正国际大厦", "source": "osm"}, "geometry": {"type": "MultiPolygon", "coordinates": [[[[116.3068424, 39.9834232], [116.3068707, 39.9829945], [116.3074321, 39.9830124], [116.3074304, 39.9830439], [116.307414, 39.9833803], [116.307237, 39.9833776], [116.3072267, 39.98343], [116.3068424, 39.9834232]]]]}}, {"type": "Feature", "properties": {"building": "commercial", "name": "鸿诚拓展大厦", "source": "osm"}, "geometry": {"type": "MultiPolygon", "coordinates": [[[[116.3069138, 39.982643], [116.3069275, 39.9821963], [116.3074829, 39.9822063], [116.3074692, 39.982653], [116.3069138, 39.982643]]]]}}, {"type": "Feature", "properties": {"building": "office", "name": "中关村e世界", "source": "osm"}, "geometry": {"type": "MultiPolygon", "coordinates": [[[[116.3079605, 39.980456], [116.3085116, 39.9803486], [116.3090346, 39.9802591], [116.3090253, 39.9801589], [116.309002, 39.9799621], [116.30903, 39.9797796], [116.3098005, 39.9798548], [116.3097818, 39.9800301], [116.3097725, 39.9801196], [116.3098052, 39.9802377], [116.3098612, 39.9803915], [116.3094549, 39.9804273], [116.3090533, 39.980481], [116.3086284, 39.9805633], [116.3086657, 39.9806921], [116.3086517, 39.9808317], [116.3086984, 39.9808281], [116.3086844, 39.9810106], [116.3080306, 39.9810035], [116.3080259, 39.9808281], [116.3080072, 39.9806564], [116.3079605, 39.980456]]]]}}, {"type": "Feature", "properties": {"building": "commercial", "name": "5°LAB中心场", "source": "osm"}, "geometry": {"type": "MultiPolygon", "coordinates": [[[[116.306421, 39.9818791], [116.3064461, 39.9813447], [116.307475, 39.9813731], [116.3074597, 39.9816993], [116.3074499, 39.9819075], [116.306421, 39.9818791]]]]}}, {"type": "Feature", "properties": {"building": "apartments", "name": "苏州街33号公寓", "source": "osm"}, "geometry": {"type": "MultiPolygon", "coordinates": [[[[116.2995612, 39.9757901], [116.299597, 39.9750398], [116.2998763, 39.9750476], [116.2998404, 39.975798], [116.2995612, 39.9757901]]]]}}, {"type": "Feature", "properties": {"building": "office", "name": "银丰大厦", "source": "osm"}, "geometry": {"type": "MultiPolygon", "coordinates": [[[[116.3005237, 39.9756625], [116.3005441, 39.9752061], [116.300743, 39.9752113], [116.3007226, 39.9756677], [116.3005237, 39.9756625]]]]}}, {"type": "Feature", "properties": {"building": "office", "name": "亿方大厦", "source": "osm"}, "geometry": {"type": "MultiPolygon", "coordinates": [[[[116.3004499, 39.974997], [116.3004563, 39.9748393], [116.3011417, 39.9748556], [116.3011353, 39.9750134], [116.3004499, 39.974997]]]]}}, {"type": "Feature", "properties": {"building": "yes", "name": "过程大厦A座", "source": "osm"}, "geometry": {"type": "MultiPolygon", "coordinates": [[[[116.3199857, 39.9904559], [116.3199922, 39.990299], [116.3207233, 39.9903168], [116.3207061, 39.990731], [116.3207795, 39.9907327], [116.3207721, 39.9909136], [116.3200102, 39.9908951], [116.3200166, 39.9907393], [116.3205196, 39.9907515], [116.3205312, 39.9904691], [116.3199857, 39.9904559]]]]}}, {"type": "Feature", "properties": {"building": "stadium", "name": "星海体育场", "source": "osm"}, "geometry": {"type": "MultiPolygon", "coordinates": [[[[116.2958135, 39.9877368], [116.2958356, 39.9875335], [116.2958875, 39.9870563], [116.2959826, 39.9861817], [116.2962897, 39.9862012], [116.2963953, 39.986208], [116.2962457, 39.987588], [116.2961938, 39.9875847], [116.2961747, 39.9877598], [116.2958135, 39.9877368]]]]}}, {"type": "Feature", "properties": {"building": "yes", "source": "osm"}, "geometry": {"type": "MultiPolygon", "coordinates": [[[[116.2975955, 39.9877517], [116.2977833, 39.9868013], [116.2982467, 39.9868551], [116.2980589, 39.9878055], [116.2975955, 39.9877517]]]]}}, {"type": "Feature", "properties": {"building": "commercial", "name": "畅春园·畅饷里", "source": "osm"}, "geometry": {"type": "MultiPolygon", "coordinates": [[[[116.2981933, 39.9878124], [116.2983396, 39.9867969], [116.2983461, 39.9867517], [116.2983809, 39.9867552], [116.2984168, 39.9865258], [116.2984247, 39.9864751], [116.2987874, 39.9865057], [116.298762, 39.9866921], [116.2985055, 39.9866715], [116.2984523, 39.9870601], [116.2986172, 39.9870733], [116.2986561, 39.9867896], [116.2987223, 39.9867949], [116.2985666, 39.9879226], [116.2984499, 39.9879132], [116.2984701, 39.9877672], [116.2983708, 39.9877591], [116.2983425, 39.9878243], [116.2981933, 39.9878124]], [[116.2984237, 39.9876617], [116.2985069, 39.9876696], [116.2985953, 39.9871201], [116.2985094, 39.9871283], [116.2984237, 39.9876617]]]]}}, {"type": "Feature", "properties": {"building": "commercial", "name": "资源宾馆", "source": "osm"}, "geometry": {"type": "MultiPolygon", "coordinates": [[[[116.2996225, 39.9861991], [116.2997074, 39.985326], [116.3004262, 39.985367], [116.3004077, 39.9855572], [116.3000038, 39.9855342], [116.2999374, 39.986217], [116.2996225, 39.9861991]]]]}}, {"type": "Feature", "properties": {"building": "apartments", "name": "38、39楼", "source": "osm"}, "geometry": {"type": "MultiPolygon", "coordinates": [[[[116.301693, 39.9854569], [116.3017017, 39.9852992], [116.3024709, 39.9853242], [116.3024623, 39.9854797], [116.302282, 39.9854738], [116.3022812, 39.9854882], [116.3023541, 39.9854906], [116.3023387, 39.9857685], [116.3022675, 39.9857661], [116.3022669, 39.9857762], [116.3024549, 39.9857823], [116.3024458, 39.9859488], [116.3017768, 39.9859271], [116.3017858, 39.985765], [116.3021206, 39.9857758], [116.3021374, 39.9854713], [116.301693, 39.9854569]]]]}}, {"type": "Feature", "properties": {"building": "apartments", "name": "40、41、42楼", "source": "osm"}, "geometry": {"type": "MultiPolygon", "coordinates": [[[[116.300552, 39.985747], [116.3005672, 39.9854398], [116.3006824, 39.9854432], [116.300683, 39.9854307], [116.3005871, 39.9854279], [116.3005949, 39.9852692], [116.3015276, 39.9852963], [116.3015199, 39.9854524], [116.3013085, 39.9854463], [116.3013075, 39.9854652], [116.3013562, 39.9854667], [116.3013416, 39.9857524], [116.3016618, 39.9857621], [116.3016534, 39.9859246], [116.3011337, 39.9859089], [116.3011409, 39.9857687], [116.3011255, 39.9857682], [116.3011415, 39.985456], [116.3011956, 39.9854576], [116.3011961, 39.9854464], [116.3007339, 39.9854327], [116.3007332, 39.9854463], [116.3007788, 39.9854476], [116.3007646, 39.9857354], [116.3010291, 39.9857431], [116.3010213, 39.9859014], [116.3006314, 39.9858901], [116.3006383, 39.9857495], [116.300552, 39.985747]]]]}}, {"type": "Feature", "properties": {"building": "apartments", "name": "36、37楼", "source": "osm"}, "geometry": {"type": "MultiPolygon", "coordinates": [[[[116.3025833, 39.98577], [116.3025966, 39.9854969], [116.3026131, 39.9854973], [116.3026179, 39.9853986], [116.3026371, 39.9853991], [116.302641, 39.9853181], [116.3034315, 39.9853405], [116.3034239, 39.9854987], [116.3027914, 39.9854808], [116.3027907, 39.9854948], [116.302814, 39.9854954], [116.3027999, 39.9857853], [116.3034002, 39.9858024], [116.3033923, 39.9859649], [116.302608, 39.9859426], [116.3026123, 39.9858553], [116.3025947, 39.9858548], [116.3025988, 39.9857704], [116.3025833, 39.98577]]]]}}, {"type": "Feature", "properties": {"building": "apartments", "name": "34A、34B楼", "source": "osm"}, "geometry": {"type": "MultiPolygon", "coordinates": [[[[116.3035543, 39.9859651], [116.3035606, 39.9858238], [116.3040686, 39.9858373], [116.304067, 39.9858732], [116.3041426, 39.9858752], [116.3041436, 39.9858534], [116.3041097, 39.9858525], [116.3041113, 39.9858176], [116.3040625, 39.9858163], [116.3040728, 39.9855859], [116.3041487, 39.9855879], [116.3041501, 39.9855568], [116.3035732, 39.9855415], [116.3035803, 39.985385], [116.3042691, 39.9854032], [116.3042429, 39.9859833], [116.3035543, 39.9859651]]]]}}, {"type": "Feature", "properties": {"building": "apartments", "name": "35楼", "source": "osm"}, "geometry": {"type": "MultiPolygon", "coordinates": [[[[116.3024847, 39.9865436], [116.3025003, 39.9861981], [116.3029171, 39.9862088], [116.3033509, 39.9862205], [116.3033353, 39.9865677], [116.3031162, 39.9865619], [116.3031239, 39.9863913], [116.3027147, 39.9863804], [116.3027071, 39.9865495], [116.3024847, 39.9865436]]]]}}, {"type": "Feature", "properties": {"building": "apartments", "name": "32楼", "source": "osm"}, "geometry": {"type": "MultiPolygon", "coordinates": [[[[116.3034793, 39.9865705], [116.3034974, 39.9862201], [116.3038806, 39.9862318], [116.3042637, 39.9862435], [116.3042454, 39.9865961], [116.3040253, 39.9865894], [116.3040345, 39.9864126], [116.3037068, 39.9864027], [116.3036978, 39.9865771], [116.3034793, 39.9865705]]]]}}, {"type": "Feature", "properties": {"building": "apartments", "name": "44楼", "source": "osm"}, "geometry": {"type": "MultiPolygon", "coordinates": [[[[116.3005115, 39.986719], [116.3005198, 39.9865467], [116.3010588, 39.986562], [116.3010454, 39.9868398], [116.3008229, 39.9868334], [116.300828, 39.986728], [116.3005115, 39.986719]]]]}}, {"type": "Feature", "properties": {"building": "university", "name": "王克桢楼", "source": "osm"}, "geometry": {"type": "MultiPolygon", "coordinates": [[[[116.3086252, 39.9860273], [116.3086463, 39.9856661], [116.3090884, 39.9856813], [116.3090757, 39.9858981], [116.3091799, 39.9859016], [116.3094355, 39.9864054], [116.3087846, 39.986383], [116.3088051, 39.9860335], [116.3086252, 39.9860273]]]]}}, {"type": "Feature", "properties": {"building": "university", "name": "第四教学楼", "source": "osm"}, "geometry": {"type": "MultiPolygon", "coordinates": [[[[116.3079552, 39.9881879], [116.3079718, 39.9878969], [116.3080891, 39.9879009], [116.3081747, 39.9879038], [116.308158, 39.9881948], [116.3079552, 39.9881879]]]]}}, {"type": "Feature", "properties": {"building": "school", "name": "第三教学楼（刘卿楼）", "source": "osm"}, "geometry": {"type": "MultiPolygon", "coordinates": [[[[116.3074549, 39.9878758], [116.3074735, 39.9876419], [116.30751, 39.9876436], [116.3080713, 39.9876699], [116.3081075, 39.9876716], [116.3080891, 39.9879009], [116.3079718, 39.9878969], [116.3074549, 39.9878758]]]]}}, {"type": "Feature", "properties": {"building": "school", "name": "第二教学楼（李兆基楼）", "source": "osm"}, "geometry": {"type": "MultiPolygon", "coordinates": [[[[116.3068005, 39.988575], [116.3068267, 39.9881546], [116.3068513, 39.9877606], [116.3072537, 39.9877754], [116.3072291, 39.9881701], [116.3072178, 39.9883517], [116.3080386, 39.9883817], [116.3080238, 39.9886198], [116.307836, 39.9886129], [116.3072732, 39.9885922], [116.3071634, 39.9885883], [116.3068005, 39.988575]]]]}}, {"type": "Feature", "properties": {"building": "yes", "name": "博雅塔", "source": "osm"}, "geometry": {"type": "MultiPolygon", "coordinates": [[[[116.3057166, 39.9926626], [116.3057189, 39.9926198], [116.3057627, 39.9925905], [116.3058144, 39.9925915], [116.3058529, 39.9926256], [116.3058518, 39.9926621], [116.3058136, 39.9926955], [116.3057532, 39.992693], [116.3057166, 39.9926626]]]]}}, {"type": "Feature", "properties": {"building": "yes", "name": "法学院（陈明楼）", "source": "osm"}, "geometry": {"type": "MultiPolygon", "coordinates": [[[[116.3076342, 39.9944011], [116.3077586, 39.993893], [116.3078305, 39.9939142], [116.3080125, 39.9939214], [116.3078882, 39.9944376], [116.3076342, 39.9944011]]]]}}, {"type": "Feature", "properties": {"building": "yes", "name": "光华管理学院", "source": "osm"}, "geometry": {"type": "MultiPolygon", "coordinates": [[[[116.3069068, 39.9948014], [116.3069368, 39.9946685], [116.3069201, 39.9946338], [116.3069169, 39.9946011], [116.3069239, 39.9945709], [116.3069399, 39.9945432], [116.3069621, 39.9945207], [116.3070014, 39.9944973], [116.3070629, 39.9942953], [116.3070287, 39.9942894], [116.3070699, 39.9941531], [116.3071053, 39.9941577], [116.3071127, 39.9941337], [116.307078, 39.9941264], [116.3071185, 39.9939929], [116.3071537, 39.9940007], [116.3071612, 39.9939762], [116.3071251, 39.9939712], [116.307166, 39.9938363], [116.3072025, 39.9938424], [116.3072255, 39.9937679], [116.3071894, 39.9937591], [116.3072171, 39.9936676], [116.3072543, 39.9936742], [116.307257, 39.9936656], [116.3074678, 39.9937038], [116.3074213, 39.9938544], [116.3074733, 39.9938637], [116.3073306, 39.9943269], [116.3072141, 39.994307], [116.3072097, 39.9943203], [116.3073694, 39.9943475], [116.3073358, 39.9944626], [116.3072913, 39.9944543], [116.3072823, 39.9944836], [116.3072644, 39.9944794], [116.3072371, 39.9945645], [116.3072469, 39.9946006], [116.3072428, 39.994637], [116.3072269, 39.9946688], [116.3071997, 39.9946968], [116.3071936, 39.9947166], [116.3072631, 39.994727], [116.3072508, 39.9947733], [116.3072375, 39.9947722], [116.3072158, 39.9948471], [116.3071728, 39.9948393], [116.3071698, 39.9948489], [116.3069068, 39.9948014]]]]}}, {"type": "Feature", "properties": {"building": "yes", "name": "光华管理学院2号楼", "source": "osm"}, "geometry": {"type": "MultiPolygon", "coordinates": [[[[116.3074902, 39.9949103], [116.3075289, 39.9947785], [116.3075693, 39.9947855], [116.3076422, 39.9945372], [116.3077311, 39.9945525], [116.3077464, 39.9945004], [116.3078396, 39.9945165], [116.307825, 39.9945659], [116.3078591, 39.9945718], [116.307784, 39.9948271], [116.3079761, 39.9948603], [116.307933, 39.9950118], [116.3075932, 39.994997], [116.307609, 39.9949448], [116.3075249, 39.9949302], [116.3075288, 39.9949169], [116.3074902, 39.9949103]]]]}}, {"type": "Feature", "properties": {"building": "yes", "name": "法学院（凯原楼）", "source": "osm"}, "geometry": {"type": "MultiPolygon", "coordinates": [[[[116.3072839, 39.9934766], [116.3073088, 39.9928881], [116.3077406, 39.9928989], [116.3076315, 39.9935094], [116.3072839, 39.9934766]]]]}}, {"type": "Feature", "properties": {"building": "yes", "name": "海淀新技术大厦", "source": "osm"}, "geometry": {"type": "MultiPolygon", "coordinates": [[[[116.2980268, 39.9852886], [116.298054, 39.9849963], [116.2983538, 39.984857], [116.29864, 39.984871], [116.2989352, 39.9850206], [116.2989307, 39.9852817], [116.2986263, 39.9854174], [116.2982947, 39.9854139], [116.2980268, 39.9852886]]]]}}, {"type": "Feature", "properties": {"building": "yes", "name": "中国书店", "shop": "books", "source": "osm"}, "geometry": {"type": "MultiPolygon", "coordinates": [[[[116.2998947, 39.9834405], [116.2999603, 39.9832577], [116.3000141, 39.9832691], [116.3001766, 39.9833033], [116.3003096, 39.9833313], [116.3002752, 39.9834271], [116.300244, 39.9835142], [116.2999963, 39.9834619], [116.2998947, 39.9834405]]]]}}, {"type": "Feature", "properties": {"building": "commercial", "source": "osm"}, "geometry": {"type": "MultiPolygon", "coordinates": [[[[116.2997449, 39.983109], [116.2998008, 39.9829603], [116.3002671, 39.9830634], [116.3001766, 39.9833033], [116.3000141, 39.9832691], [116.3000491, 39.9831762], [116.2997449, 39.983109]]]]}}, {"type": "Feature", "properties": {"building": "yes", "name": "外文楼", "source": "osm"}, "geometry": {"type": "MultiPolygon", "coordinates": [[[[116.2995063, 39.9938297], [116.2995108, 39.993647], [116.3001598, 39.9936566], [116.3001552, 39.9938395], [116.2995063, 39.9938297]]]]}}, {"type": "Feature", "properties": {"building": "university", "name": "办公楼（贝公楼）", "source": "osm"}, "geometry": {"type": "MultiPolygon", "coordinates": [[[[116.3002466, 39.9934834], [116.3002537, 39.9931457], [116.3003072, 39.9931464], [116.3003101, 39.9930047], [116.3005344, 39.9930074], [116.3005314, 39.9931491], [116.3005896, 39.9931498], [116.3005826, 39.9934873], [116.3005256, 39.9934866], [116.3005223, 39.9936418], [116.3002969, 39.993639], [116.3003001, 39.9934841], [116.3002466, 39.9934834]]]]}}, {"type": "Feature", "properties": {"building": "yes", "name": "赛克勒考古与艺术博物馆", "source": "osm"}, "geometry": {"type": "MultiPolygon", "coordinates": [[[[116.2994603, 39.9943911], [116.2994666, 39.9941708], [116.3001617, 39.9941825], [116.3001561, 39.9943749], [116.3000958, 39.9943739], [116.3000869, 39.9946835], [116.2995046, 39.9946736], [116.2995127, 39.994392], [116.2994603, 39.9943911]]]]}}, {"type": "Feature", "properties": {"building": "university", "name": "民主楼", "source": "osm"}, "geometry": {"type": "MultiPolygon", "coordinates": [[[[116.3002897, 39.9942156], [116.3002949, 39.9938715], [116.300503, 39.9938734], [116.3004978, 39.9942175], [116.3002897, 39.9942156]]]]}}, {"type": "Feature", "properties": {"building": "university", "name": "德斋", "source": "osm"}, "geometry": {"type": "MultiPolygon", "coordinates": [[[[116.3008367, 39.9943341], [116.3008419, 39.9938546], [116.3010506, 39.9938559], [116.3010466, 39.994232], [116.3010455, 39.9943354], [116.3008367, 39.9943341]]]]}}, {"type": "Feature", "properties": {"building": "university", "name": "才斋", "source": "osm"}, "geometry": {"type": "MultiPolygon", "coordinates": [[[[116.3015086, 39.9943434], [116.3015101, 39.9942356], [116.3015236, 39.9938638], [116.3017171, 39.9938667], [116.3017047, 39.9943464], [116.3015086, 39.9943434]]]]}}, {"type": "Feature", "properties": {"building": "university", "name": "审计室", "source": "osm"}, "geometry": {"type": "MultiPolygon", "coordinates": [[[[116.3010455, 39.9943354], [116.3010466, 39.994232], [116.3015101, 39.9942356], [116.3015086, 39.9943434], [116.301508, 39.9943872], [116.3010464, 39.9943835], [116.3010455, 39.9943354]]]]}}, {"type": "Feature", "properties": {"building": "university", "name": "均斋", "source": "osm"}, "geometry": {"type": "MultiPolygon", "coordinates": [[[[116.3021011, 39.9943698], [116.3021097, 39.9939126], [116.3023422, 39.9939151], [116.3023379, 39.9942618], [116.302337, 39.9943724], [116.3021011, 39.9943698]]]]}}, {"type": "Feature", "properties": {"building": "university", "name": "备斋", "source": "osm"}, "geometry": {"type": "MultiPolygon", "coordinates": [[[[116.3027845, 39.9943826], [116.3027855, 39.994264], [116.3027901, 39.9939165], [116.303013, 39.9939177], [116.303009, 39.9943837], [116.3027845, 39.9943826]]]]}}, {"type": "Feature", "properties": {"building": "university", "name": "人事部", "source": "osm"}, "geometry": {"type": "MultiPolygon", "coordinates": [[[[116.3023367, 39.9944071], [116.302337, 39.9943724], [116.3023379, 39.9942618], [116.3027855, 39.994264], [116.3027845, 39.9943826], [116.3027843, 39.9944093], [116.3023367, 39.9944071]]]]}}, {"type": "Feature", "properties": {"building": "university", "name": "第一体育馆", "source": "osm"}, "geometry": {"type": "MultiPolygon", "coordinates": [[[[116.305271, 39.9942577], [116.3054779, 39.9936927], [116.3056356, 39.9937266], [116.3054289, 39.9942916], [116.305271, 39.9942577]]]]}}, {"type": "Feature", "properties": {"building": "apartments", "name": "勺园4号楼", "source": "osm"}, "geometry": {"type": "MultiPolygon", "coordinates": [[[[116.2990044, 39.9899698], [116.2990113, 39.9898093], [116.2991536, 39.9898129], [116.2991512, 39.9898678], [116.2995768, 39.9898786], [116.299576, 39.9898965], [116.299606, 39.9898972], [116.2996029, 39.9899681], [116.2995748, 39.9899673], [116.2995741, 39.9899842], [116.2990044, 39.9899698]]]]}}, {"type": "Feature", "properties": {"building": "yes", "name": "勺园5号楼", "source": "osm"}, "geometry": {"type": "MultiPolygon", "coordinates": [[[[116.2990326, 39.9909167], [116.2990428, 39.9907757], [116.2995374, 39.9907968], [116.2995271, 39.9909378], [116.2990326, 39.9909167]]]]}}, {"type": "Feature", "properties": {"building": "university", "name": "北京大学国际关系学院", "source": "osm"}, "geometry": {"type": "MultiPolygon", "coordinates": [[[[116.3004444, 39.9907704], [116.3004556, 39.9903954], [116.3004963, 39.9903961], [116.3004994, 39.9902942], [116.3004797, 39.9902938], [116.3004881, 39.9900097], [116.3005092, 39.9900101], [116.3005113, 39.9899365], [116.3005527, 39.9899372], [116.3005534, 39.9899124], [116.3009919, 39.9899199], [116.3009803, 39.9903207], [116.3009455, 39.9903201], [116.3009449, 39.9903401], [116.3005591, 39.9903334], [116.3005572, 39.9904004], [116.3006169, 39.9904014], [116.3006059, 39.9907737], [116.3005283, 39.9907724], [116.3005271, 39.9908125], [116.3005376, 39.9908127], [116.3009404, 39.9908198], [116.3009355, 39.990985], [116.3005329, 39.9909779], [116.300534, 39.990943], [116.3004768, 39.990942], [116.3004819, 39.990771], [116.3004444, 39.9907704]]]]}}, {"type": "Feature", "properties": {"building": "yes", "name": "勺园6号楼", "source": "osm"}, "geometry": {"type": "MultiPolygon", "coordinates": [[[[116.2994048, 39.9896876], [116.2994164, 39.9895132], [116.300015, 39.9895365], [116.3000161, 39.989521], [116.3002815, 39.9895313], [116.300271, 39.9896902], [116.3000285, 39.9896808], [116.3000265, 39.9897117], [116.2995155, 39.9896919], [116.2994048, 39.9896876]]]]}}, {"type": "Feature", "properties": {"building": "yes", "name": "勺园7号楼", "source": "osm"}, "geometry": {"type": "MultiPolygon", "coordinates": [[[[116.2998, 39.9889791], [116.2998029, 39.9888995], [116.2998275, 39.9889], [116.2998341, 39.9887126], [116.3002094, 39.9887204], [116.3002, 39.9889904], [116.3002683, 39.9890562], [116.3002636, 39.9891314], [116.3002109, 39.9891719], [116.3001973, 39.9894443], [116.3001427, 39.9894856], [116.2999781, 39.9894819], [116.2999818, 39.9893874], [116.2998914, 39.9893854], [116.2998993, 39.9892593], [116.2999819, 39.9892617], [116.2999831, 39.9892306], [116.2998048, 39.9892266], [116.2998143, 39.9889794], [116.2998, 39.9889791]]]]}}, {"type": "Feature", "properties": {"building": "apartments", "name": "勺园8号楼", "source": "osm"}, "geometry": {"type": "MultiPolygon", "coordinates": [[[[116.2991206, 39.9893761], [116.2991251, 39.9893044], [116.2991905, 39.9893068], [116.299195, 39.9892356], [116.2993112, 39.9892399], [116.2993124, 39.9892201], [116.2997184, 39.9892351], [116.2997173, 39.9892526], [116.2998993, 39.9892593], [116.2998914, 39.9893854], [116.2998894, 39.9894168], [116.2996452, 39.9894077], [116.2996462, 39.9893917], [116.2993076, 39.9893793], [116.2993059, 39.9894069], [116.299188, 39.9894025], [116.299167, 39.9893779], [116.2991206, 39.9893761]]]]}}, {"type": "Feature", "properties": {"building": "apartments", "name": "勺园9号楼", "source": "osm"}, "geometry": {"type": "MultiPolygon", "coordinates": [[[[116.2991743, 39.9889101], [116.2991786, 39.9888057], [116.2991941, 39.9888061], [116.2992004, 39.9886547], [116.2993192, 39.9886576], [116.2993133, 39.9887993], [116.2992567, 39.9887979], [116.2992553, 39.9888317], [116.2997321, 39.9888433], [116.2997265, 39.9889772], [116.29919, 39.9889642], [116.2991922, 39.9889105], [116.2991743, 39.9889101]]]]}}, {"type": "Feature", "properties": {"building": "yes", "name": "学五食堂", "amenity": "restaurant", "source": "osm"}, "geometry": {"type": "MultiPolygon", "coordinates": [[[[116.300572, 39.9877811], [116.3005819, 39.9874906], [116.3010702, 39.9875004], [116.3010603, 39.9877908], [116.300572, 39.9877811]]]]}}, {"type": "Feature", "properties": {"building": "apartments", "name": "31楼", "source": "osm"}, "geometry": {"type": "MultiPolygon", "coordinates": [[[[116.3023911, 39.9872451], [116.3024088, 39.9868755], [116.3024265, 39.986876], [116.3024342, 39.986713], [116.3028072, 39.9867234], [116.3027992, 39.986892], [116.3026472, 39.9868878], [116.3026384, 39.987072], [116.3026303, 39.9872424], [116.3027852, 39.9872468], [116.3027771, 39.9874185], [116.3024027, 39.987408], [116.3024104, 39.9872457], [116.3023911, 39.9872451]]]]}}, {"type": "Feature", "properties": {"building": "apartments", "name": "29楼", "source": "osm"}, "geometry": {"type": "MultiPolygon", "coordinates": [[[[116.3029086, 39.9874248], [116.3029171, 39.9872496], [116.303241, 39.9872589], [116.3036841, 39.9872716], [116.3036755, 39.9874469], [116.3029086, 39.9874248]]]]}}, {"type": "Feature", "properties": {"building": "apartments", "name": "30楼", "source": "osm"}, "geometry": {"type": "MultiPolygon", "coordinates": [[[[116.3029342, 39.9868962], [116.3029437, 39.98672], [116.3037136, 39.9867446], [116.3037041, 39.9869207], [116.3032785, 39.9869072], [116.3029342, 39.9868962]]]]}}, {"type": "Feature", "properties": {"building": "apartments", "name": "28楼", "source": "osm"}, "geometry": {"type": "MultiPolygon", "coordinates": [[[[116.3038352, 39.9874534], [116.3038427, 39.98728], [116.3040074, 39.9872842], [116.3040228, 39.9869302], [116.3038589, 39.986926], [116.303866, 39.9867633], [116.3042329, 39.9867726], [116.3042256, 39.9869413], [116.3042387, 39.9869416], [116.3042328, 39.9870771], [116.3042232, 39.9872952], [116.3042105, 39.9872949], [116.3042032, 39.9874628], [116.3038352, 39.9874534]]]]}}, {"type": "Feature", "properties": {"building": "yes", "name": "农园餐厅", "amenity": "restaurant", "source": "osm"}, "geometry": {"type": "MultiPolygon", "coordinates": [[[[116.3058566, 39.9879558], [116.3058929, 39.98733], [116.3060868, 39.9873366], [116.3061028, 39.9870611], [116.3064651, 39.9870734], [116.3064129, 39.9879747], [116.3058566, 39.9879558]]]]}}, {"type": "Feature", "properties": {"building": "university", "name": "教育学院", "source": "osm"}, "geometry": {"type": "MultiPolygon", "coordinates": [[[[116.3054293, 39.9879776], [116.3054733, 39.9873451], [116.3057543, 39.9873566], [116.3057104, 39.9879891], [116.3054293, 39.9879776]]]]}}, {"type": "Feature", "properties": {"building": "university", "name": "对外汉语教育学院及信息管理系（方李邦琴楼）", "source": "osm"}, "geometry": {"type": "MultiPolygon", "coordinates": [[[[116.3055122, 39.9869906], [116.3055227, 39.9868489], [116.3055804, 39.9868514], [116.3055964, 39.9866362], [116.3056072, 39.9864915], [116.3055527, 39.9864891], [116.305563, 39.9863493], [116.3058521, 39.9863619], [116.3058475, 39.9864233], [116.30588, 39.9864247], [116.3058428, 39.9869271], [116.3058012, 39.9869253], [116.3057954, 39.987003], [116.3055122, 39.9869906]]]]}}, {"type": "Feature", "properties": {"building": "university", "name": "新闻与传播学院（蒙民伟楼）", "source": "osm"}, "geometry": {"type": "MultiPolygon", "coordinates": [[[[116.3055807, 39.986089], [116.30559, 39.9859491], [116.3056671, 39.9859521], [116.3056833, 39.9857158], [116.3056915, 39.9855879], [116.3056284, 39.9855854], [116.3056374, 39.9854513], [116.3059043, 39.9854618], [116.3058995, 39.9855336], [116.3059515, 39.9855356], [116.3059185, 39.9860281], [116.3058798, 39.9860266], [116.3058749, 39.9861005], [116.3055807, 39.986089]]]]}}, {"type": "Feature", "properties": {"building": "university", "name": "资源楼", "source": "osm"}, "geometry": {"type": "MultiPolygon", "coordinates": [[[[116.3059156, 39.9854544], [116.3059211, 39.9853293], [116.3085263, 39.9853978], [116.3085245, 39.9855662], [116.3075938, 39.9855396], [116.3075878, 39.9854842], [116.3073432, 39.9854746], [116.3073406, 39.9854449], [116.3070226, 39.985443], [116.3070188, 39.9854751], [116.3067623, 39.9854676], [116.3067553, 39.9855268], [116.3063364, 39.9855158], [116.3060958, 39.9855095], [116.306098, 39.9854591], [116.3059156, 39.9854544]]]]}}, {"type": "Feature", "properties": {"building": "yes", "name": "五四体育中心", "leisure": "sports_centre", "source": "osm"}, "geometry": {"type": "MultiPolygon", "coordinates": [[[[116.3061349, 39.9868423], [116.3061626, 39.9864205], [116.3061856, 39.9860707], [116.3061451, 39.9860691], [116.3061525, 39.9859567], [116.306191, 39.9859582], [116.3062108, 39.9856567], [116.3064432, 39.9856657], [116.3063653, 39.9868512], [116.3061349, 39.9868423]]]]}}, {"type": "Feature", "properties": {"building": "yes", "source": "osm"}, "geometry": {"type": "MultiPolygon", "coordinates": [[[[116.2953169, 39.9963717], [116.2953317, 39.9962457], [116.2961615, 39.996303], [116.2961467, 39.9964291], [116.2953169, 39.9963717]]]]}}, {"type": "Feature", "properties": {"building": "stadium", "name": "海淀体育馆", "source": "osm"}, "geometry": {"type": "MultiPolygon", "coordinates": [[[[116.2971287, 39.9884541], [116.2971673, 39.9882132], [116.2973132, 39.9882269], [116.2973237, 39.9881608], [116.298397, 39.9882616], [116.2984178, 39.9883147], [116.2983284, 39.9888705], [116.2975879, 39.9888007], [116.2976178, 39.9886145], [116.297243, 39.9885791], [116.297261, 39.9884665], [116.2971287, 39.9884541]]]]}}, {"type": "Feature", "properties": {"building": "commercial", "name": "未来科技大厦", "source": "osm"}, "geometry": {"type": "MultiPolygon", "coordinates": [[[[116.2980278, 39.9863218], [116.2980734, 39.9860343], [116.2981037, 39.9858428], [116.2982457, 39.985856], [116.2982437, 39.9858688], [116.298504, 39.985893], [116.2986387, 39.9859055], [116.2986405, 39.9858941], [116.2986944, 39.9858991], [116.2987033, 39.9858424], [116.2987502, 39.9858467], [116.2987666, 39.9857432], [116.298949, 39.9857602], [116.298848, 39.986398], [116.2980278, 39.9863218]]]]}}, {"type": "Feature", "properties": {"building": "yes", "source": "osm"}, "geometry": {"type": "MultiPolygon", "coordinates": [[[[116.2950544, 39.98589], [116.2950806, 39.9857439], [116.2959291, 39.9858332], [116.2959029, 39.9859793], [116.2950544, 39.98589]]]]}}, {"type": "Feature", "properties": {"building": "yes", "source": "osm"}, "geometry": {"type": "MultiPolygon", "coordinates": [[[[116.2967124, 39.9859924], [116.2967599, 39.9858565], [116.2977725, 39.9860412], [116.2979573, 39.9860749], [116.2978686, 39.9862496], [116.2975613, 39.9861817], [116.2974917, 39.9860992], [116.2967124, 39.9859924]]]]}}, {"type": "Feature", "properties": {"building": "yes", "source": "osm"}, "geometry": {"type": "MultiPolygon", "coordinates": [[[[116.2949552, 39.9853998], [116.2949832, 39.9852391], [116.2957531, 39.9853178], [116.2957251, 39.9854786], [116.2949552, 39.9853998]]]]}}, {"type": "Feature", "properties": {"building": "yes", "name": "中国移动通信集团设计院有限公司", "source": "osm"}, "geometry": {"type": "MultiPolygon", "coordinates": [[[[116.304382, 39.9771142], [116.3043908, 39.9766435], [116.304773, 39.9766477], [116.3047642, 39.9771184], [116.304382, 39.9771142]]]]}}, {"type": "Feature", "properties": {"building": "apartments", "name": "东王庄21号楼", "source": "osm"}, "geometry": {"type": "MultiPolygon", "coordinates": [[[[116.3378084, 39.9970869], [116.3378329, 39.9966948], [116.3379913, 39.9967006], [116.3379667, 39.9970927], [116.3378084, 39.9970869]]]]}}, {"type": "Feature", "properties": {"building": "apartments", "name": "东王庄14号楼", "source": "osm"}, "geometry": {"type": "MultiPolygon", "coordinates": [[[[116.3377043, 39.9981014], [116.3377085, 39.9979668], [116.3384343, 39.9979801], [116.3384339, 39.9979921], [116.3387189, 39.9979974], [116.3389104, 39.9980909], [116.3389935, 39.9980935], [116.3389851, 39.9982466], [116.3388815, 39.9982433], [116.3386302, 39.9981406], [116.3384374, 39.9981371], [116.3384381, 39.9981147], [116.3377043, 39.9981014]]]]}}, {"type": "Feature", "properties": {"building": "apartments", "name": "东王庄12号楼", "source": "osm"}, "geometry": {"type": "MultiPolygon", "coordinates": [[[[116.3374357, 39.9988275], [116.3374678, 39.9986755], [116.3379346, 39.9987577], [116.3386051, 39.9987864], [116.3386266, 39.998922], [116.3379453, 39.9989138], [116.3374357, 39.9988275]]]]}}, {"type": "Feature", "properties": {"building": "apartments", "name": "东王庄13号楼", "source": "osm"}, "geometry": {"type": "MultiPolygon", "coordinates": [[[[116.3374625, 39.9984248], [116.3374732, 39.9982604], [116.3377629, 39.9983631], [116.3384764, 39.998396], [116.3384656, 39.9985563], [116.3377361, 39.9985234], [116.3374625, 39.9984248]]]]}}, {"type": "Feature", "properties": {"building": "yes", "name": "西区食堂", "amenity": "food_court", "source": "osm"}, "geometry": {"type": "MultiPolygon", "coordinates": [[[[116.3012648, 39.9681125], [116.301315, 39.967646], [116.3013172, 39.9676256], [116.3015863, 39.9676426], [116.3015954, 39.9675578], [116.3018207, 39.9675721], [116.3017504, 39.9682258], [116.3015682, 39.9682143], [116.301577, 39.9681322], [116.3012648, 39.9681125]]]]}}, {"type": "Feature", "properties": {"building": "yes", "name": "中国电子大厦B座", "source": "osm"}, "geometry": {"type": "MultiPolygon", "coordinates": [[[[116.3052267, 39.9786896], [116.3052453, 39.9782586], [116.3053622, 39.9782615], [116.3053682, 39.9781226], [116.3055776, 39.9781279], [116.3055531, 39.9786978], [116.3052267, 39.9786896]]]]}}, {"type": "Feature", "properties": {"building": "office", "name": "中国电子大厦A座", "source": "osm"}, "geometry": {"type": "MultiPolygon", "coordinates": [[[[116.3056927, 39.9788434], [116.3057019, 39.9786829], [116.3057697, 39.9784775], [116.3058468, 39.9782437], [116.3059022, 39.9781186], [116.3059669, 39.9780289], [116.3060224, 39.977984], [116.3060902, 39.9779533], [116.3061949, 39.9779533], [116.3062997, 39.9779958], [116.3058991, 39.9788529], [116.3058067, 39.9788222], [116.3057728, 39.978867], [116.3056927, 39.9788434]]]]}}, {"type": "Feature", "properties": {"building": "office", "name": "新海大厦", "source": "osm"}, "geometry": {"type": "MultiPolygon", "coordinates": [[[[116.3063556, 39.9771815], [116.3063782, 39.976727], [116.3066442, 39.9767347], [116.3066217, 39.9771893], [116.3063556, 39.9771815]]]]}}, {"type": "Feature", "properties": {"building": "office", "name": "丹棱SOHO", "source": "osm"}, "geometry": {"type": "MultiPolygon", "coordinates": [[[[116.3070574, 39.9770928], [116.3070747, 39.9767187], [116.3077704, 39.9767376], [116.3077531, 39.9771117], [116.3070574, 39.9770928]]]]}}, {"type": "Feature", "properties": {"building": "hospital", "source": "osm"}, "geometry": {"type": "MultiPolygon", "coordinates": [[[[116.3082842, 39.9755524], [116.3082954, 39.9753357], [116.3091732, 39.9753623], [116.309162, 39.9755791], [116.3082842, 39.9755524]]]]}}, {"type": "Feature", "properties": {"building": "yes", "source": "osm"}, "geometry": {"type": "MultiPolygon", "coordinates": [[[[116.3115936, 39.9793202], [116.3115966, 39.9792362], [116.312306, 39.979251], [116.3123031, 39.9793351], [116.3115936, 39.9793202]]]]}}, {"type": "Feature", "properties": {"building": "apartments", "source": "osm"}, "geometry": {"type": "MultiPolygon", "coordinates": [[[[116.3111862, 39.9888705], [116.3112102, 39.988648], [116.3113638, 39.9886543], [116.3116543, 39.9886664], [116.3120528, 39.9886829], [116.3120312, 39.9889091], [116.3111862, 39.9888705]]]]}}, {"type": "Feature", "properties": {"building": "apartments", "source": "osm"}, "geometry": {"type": "MultiPolygon", "coordinates": [[[[116.3122929, 39.988833], [116.3122953, 39.9887171], [116.3127171, 39.9887251], [116.3133172, 39.988744], [116.3133136, 39.988857], [116.3133075, 39.9889648], [116.312434, 39.9889363], [116.3123967, 39.9888602], [116.3122929, 39.988833]]]]}}, {"type": "Feature", "properties": {"building": "apartments", "source": "osm"}, "geometry": {"type": "MultiPolygon", "coordinates": [[[[116.3138131, 39.988936], [116.3138153, 39.988867], [116.3138206, 39.9887746], [116.3144802, 39.9887888], [116.3144729, 39.9889486], [116.3138131, 39.988936]]]]}}, {"type": "Feature", "properties": {"building": "transportation", "name": "地铁知春路站", "source": "osm"}, "geometry": {"type": "MultiPolygon", "coordinates": [[[[116.336246, 39.9754131], [116.3365943, 39.9754175], [116.3365943, 39.9754774], [116.3365129, 39.9755422], [116.3362491, 39.9755422], [116.336246, 39.9754131]]]]}}, {"type": "Feature", "properties": {"building": "commercial", "name": "中湾国际", "source": "osm"}, "geometry": {"type": "MultiPolygon", "coordinates": [[[[116.3006326, 39.9801961], [116.3016346, 39.9802269], [116.3016414, 39.9800964], [116.3018508, 39.9801028], [116.3018326, 39.9804515], [116.3016159, 39.9804449], [116.3016179, 39.9804065], [116.3007075, 39.9803786], [116.3006326, 39.9801961]]]]}}, {"type": "Feature", "properties": {"building": "office", "name": "四通大厦", "source": "osm"}, "geometry": {"type": "MultiPolygon", "coordinates": [[[[116.3091588, 39.9810375], [116.3091635, 39.9806836], [116.3099131, 39.9806799], [116.3098876, 39.9811143], [116.3091588, 39.9810375]]]]}}, {"type": "Feature", "properties": {"building": "yes", "name": "中关村梦想实验室", "source": "osm"}, "geometry": {"type": "MultiPolygon", "coordinates": [[[[116.3089907, 39.9815614], [116.308998, 39.9814016], [116.3096915, 39.9814201], [116.3096842, 39.9815798], [116.3089907, 39.9815614]]]]}}, {"type": "Feature", "properties": {"building": "yes", "source": "osm"}, "geometry": {"type": "MultiPolygon", "coordinates": [[[[116.3102366, 39.9884771], [116.3102735, 39.9879697], [116.310468, 39.987978], [116.3104311, 39.9884854], [116.3102366, 39.9884771]]]]}}, {"type": "Feature", "properties": {"building": "yes", "source": "osm"}, "geometry": {"type": "MultiPolygon", "coordinates": [[[[116.3103316, 39.9870361], [116.3103972, 39.9865344], [116.3105123, 39.9865432], [116.3104468, 39.9870449], [116.3103316, 39.9870361]]]]}}, {"type": "Feature", "properties": {"building": "yes", "source": "osm"}, "geometry": {"type": "MultiPolygon", "coordinates": [[[[116.3103072, 39.9873024], [116.3103256, 39.9871515], [116.3104472, 39.9871603], [116.3104287, 39.9873111], [116.3103072, 39.9873024]]]]}}, {"type": "Feature", "properties": {"building": "yes", "source": "osm"}, "geometry": {"type": "MultiPolygon", "coordinates": [[[[116.3104388, 39.9873689], [116.3104497, 39.9872755], [116.3110069, 39.987314], [116.3109959, 39.9874074], [116.3104388, 39.9873689]]]]}}, {"type": "Feature", "properties": {"building": "yes", "source": "osm"}, "geometry": {"type": "MultiPolygon", "coordinates": [[[[116.3102616, 39.9876178], [116.3102825, 39.9873184], [116.3104091, 39.9873236], [116.3103882, 39.987623], [116.3102616, 39.9876178]]]]}}, {"type": "Feature", "properties": {"building": "yes", "source": "osm"}, "geometry": {"type": "MultiPolygon", "coordinates": [[[[116.3104156, 39.9877404], [116.3104232, 39.9876283], [116.3110732, 39.9876543], [116.3110656, 39.9877664], [116.3104156, 39.9877404]]]]}}, {"type": "Feature", "properties": {"building": "yes", "source": "osm"}, "geometry": {"type": "MultiPolygon", "coordinates": [[[[116.3102594, 39.987922], [116.3102823, 39.9876467], [116.3104148, 39.9876532], [116.3103919, 39.9879285], [116.3102594, 39.987922]]]]}}, {"type": "Feature", "properties": {"building": "yes", "source": "osm"}, "geometry": {"type": "MultiPolygon", "coordinates": [[[[116.310467, 39.988101], [116.3104751, 39.9879929], [116.3110434, 39.9880178], [116.3110354, 39.988126], [116.310467, 39.988101]]]]}}, {"type": "Feature", "properties": {"building": "yes", "source": "osm"}, "geometry": {"type": "MultiPolygon", "coordinates": [[[[116.3104495, 39.9884798], [116.3104554, 39.9883716], [116.3110268, 39.98839], [116.3110209, 39.9884982], [116.3104495, 39.9884798]]]]}}, {"type": "Feature", "properties": {"building": "yes", "source": "osm"}, "geometry": {"type": "MultiPolygon", "coordinates": [[[[116.3101951, 39.9888228], [116.3102207, 39.9885486], [116.3103449, 39.9885554], [116.3103192, 39.9888296], [116.3101951, 39.9888228]]]]}}, {"type": "Feature", "properties": {"building": "yes", "source": "osm"}, "geometry": {"type": "MultiPolygon", "coordinates": [[[[116.31033, 39.988827], [116.3103386, 39.9887257], [116.3109874, 39.9887579], [116.3109788, 39.9888592], [116.31033, 39.988827]]]]}}, {"type": "Feature", "properties": {"building": "office", "name": "方正大厦", "source": "osm"}, "geometry": {"type": "MultiPolygon", "coordinates": [[[[116.3101951, 39.9903652], [116.3102685, 39.9892495], [116.3103043, 39.9892449], [116.3103103, 39.9891731], [116.3103642, 39.9891258], [116.310416, 39.9890952], [116.3105974, 39.9891044], [116.3106612, 39.9891426], [116.3107051, 39.989196], [116.3106851, 39.9894053], [116.3105735, 39.9894023], [116.3105217, 39.9900713], [116.3107051, 39.9900835], [116.3106632, 39.9904822], [116.3106586, 39.9905365], [116.3106159, 39.9905552], [116.3105203, 39.9905598], [116.3105264, 39.9905038], [116.3104634, 39.99051], [116.3104594, 39.9905349], [116.3103902, 39.9905053], [116.3103008, 39.9904383], [116.310252, 39.9903698], [116.3101951, 39.9903652]]]]}}, {"type": "Feature", "properties": {"building": "yes", "name": "北京市建设工程发包承包交易中心", "source": "osm"}, "geometry": {"type": "MultiPolygon", "coordinates": [[[[116.3341963, 39.9986933], [116.3342025, 39.9985375], [116.3342981, 39.9985397], [116.3344999, 39.9985444], [116.3348286, 39.9985521], [116.3348224, 39.9987079], [116.3341963, 39.9986933]]]]}}, {"type": "Feature", "properties": {"building": "yes", "name": "33号楼", "source": "osm"}, "geometry": {"type": "MultiPolygon", "coordinates": [[[[116.3342337, 39.9980556], [116.334242, 39.9979085], [116.3345294, 39.9979181], [116.3344999, 39.9985444], [116.3342981, 39.9985397], [116.3343212, 39.9980585], [116.3342337, 39.9980556]]]]}}, {"type": "Feature", "properties": {"building": "yes", "name": "28号楼", "source": "osm"}, "geometry": {"type": "MultiPolygon", "coordinates": [[[[116.334668, 39.9980812], [116.334673, 39.9979523], [116.3349741, 39.9979592], [116.3349756, 39.9979227], [116.3357472, 39.9979405], [116.335742, 39.9980717], [116.3349739, 39.9980539], [116.3349726, 39.9980882], [116.334668, 39.9980812]]]]}}, {"type": "Feature", "properties": {"building": "yes", "source": "osm"}, "geometry": {"type": "MultiPolygon", "coordinates": [[[[116.3359259, 39.998566], [116.335956, 39.998085], [116.3361562, 39.9980923], [116.3361261, 39.9985733], [116.3359259, 39.998566]]]]}}, {"type": "Feature", "properties": {"building": "yes", "source": "osm"}, "geometry": {"type": "MultiPolygon", "coordinates": [[[[116.3357712, 39.99785], [116.3357831, 39.9976915], [116.3360454, 39.9977031], [116.3360396, 39.9977794], [116.3360991, 39.997782], [116.3360929, 39.9978642], [116.3357712, 39.99785]]]]}}, {"type": "Feature", "properties": {"building": "yes", "source": "osm"}, "geometry": {"type": "MultiPolygon", "coordinates": [[[[116.3351883, 39.9976759], [116.3352071, 39.9972811], [116.3353797, 39.9972859], [116.3353609, 39.9976807], [116.3351883, 39.9976759]]]]}}, {"type": "Feature", "properties": {"building": "residential", "name": "双榆树北里16号楼", "source": "osm"}, "geometry": {"type": "MultiPolygon", "coordinates": [[[[116.317131, 39.969214], [116.3171383, 39.9690597], [116.3178275, 39.9690788], [116.3178202, 39.9692331], [116.317131, 39.969214]]]]}}, {"type": "Feature", "properties": {"building": "residential", "name": "双榆树北里15号楼", "source": "osm"}, "geometry": {"type": "MultiPolygon", "coordinates": [[[[116.3171203, 39.9695635], [116.3171279, 39.9694012], [116.317812, 39.96942], [116.3178044, 39.9695823], [116.3171203, 39.9695635]]]]}}, {"type": "Feature", "properties": {"building": "residential", "name": "双榆树北里17号楼", "source": "osm"}, "geometry": {"type": "MultiPolygon", "coordinates": [[[[116.3171464, 39.968857], [116.3171533, 39.9687008], [116.317982, 39.9687223], [116.3179751, 39.9688785], [116.3171464, 39.968857]]]]}}, {"type": "Feature", "properties": {"building": "residential", "name": "双榆树北里14号楼", "source": "osm"}, "geometry": {"type": "MultiPolygon", "coordinates": [[[[116.3171002, 39.9699], [116.3171062, 39.9697375], [116.3179321, 39.9697554], [116.3179261, 39.969918], [116.3171002, 39.9699]]]]}}, {"type": "Feature", "properties": {"building": "yes", "name": "燕山大酒店", "source": "osm"}, "geometry": {"type": "MultiPolygon", "coordinates": [[[[116.3158408, 39.9692532], [116.315873, 39.9687681], [116.3160393, 39.9686982], [116.3168386, 39.9687393], [116.3168278, 39.9693026], [116.3158408, 39.9692532]]]]}}, {"type": "Feature", "properties": {"building": "residential", "name": "双榆树西里1号楼", "source": "osm"}, "geometry": {"type": "MultiPolygon", "coordinates": [[[[116.3156733, 39.9667139], [116.3159037, 39.9667128], [116.3159044, 39.9667955], [116.3161096, 39.9667946], [116.3161106, 39.9669255], [116.3158963, 39.9669265], [116.3158956, 39.9668453], [116.3156743, 39.9668463], [116.3156733, 39.9667139]]]]}}, {"type": "Feature", "properties": {"building": "apartments", "name": "45甲楼", "source": "osm"}, "geometry": {"type": "MultiPolygon", "coordinates": [[[[116.2993843, 39.9883319], [116.2993902, 39.9880729], [116.2994778, 39.9880753], [116.2994787, 39.9880566], [116.3002247, 39.9880775], [116.3002179, 39.988219], [116.2995566, 39.9882005], [116.2995559, 39.9882143], [116.299567, 39.9882148], [116.2995575, 39.988336], [116.2993843, 39.9883319]]]]}}, {"type": "Feature", "properties": {"building": "apartments", "name": "45乙楼", "source": "osm"}, "geometry": {"type": "MultiPolygon", "coordinates": [[[[116.2993752, 39.9885534], [116.2993843, 39.9883319], [116.2995575, 39.988336], [116.2995535, 39.9884339], [116.3002505, 39.9884506], [116.3002442, 39.9886065], [116.3000143, 39.988601], [116.3000147, 39.988591], [116.2998894, 39.988588], [116.299889, 39.9885976], [116.2997319, 39.9885938], [116.2997323, 39.9885838], [116.2996883, 39.9885827], [116.2996879, 39.988592], [116.2994592, 39.9885865], [116.2994605, 39.9885554], [116.2993752, 39.9885534]]]]}}, {"type": "Feature", "properties": {"building": "apartments", "name": "45楼", "source": "osm"}, "geometry": {"type": "MultiPolygon", "coordinates": [[[[116.2993799, 39.9879309], [116.2993884, 39.9877782], [116.299534, 39.987783], [116.2995379, 39.9877125], [116.3002927, 39.9877374], [116.300286, 39.9878565], [116.2995352, 39.9878319], [116.2995294, 39.9879358], [116.2993799, 39.9879309]]]]}}, {"type": "Feature", "properties": {"building": "yes", "name": "岛厅", "source": "osm"}, "geometry": {"type": "MultiPolygon", "coordinates": [[[[116.3034488, 39.9934158], [116.3034515, 39.9933705], [116.3034957, 39.9933404], [116.3035563, 39.9933416], [116.3035983, 39.9933742], [116.303597, 39.9934187], [116.303553, 39.9934532], [116.3034908, 39.993452], [116.3034488, 39.9934158]]]]}}, {"type": "Feature", "properties": {"building": "university", "name": "北阁", "source": "osm"}, "geometry": {"type": "MultiPolygon", "coordinates": [[[[116.3013275, 39.9918602], [116.3013319, 39.9916933], [116.3015456, 39.9916966], [116.3015411, 39.9918635], [116.3013275, 39.9918602]]]]}}, {"type": "Feature", "properties": {"building": "university", "name": "南阁", "source": "osm"}, "geometry": {"type": "MultiPolygon", "coordinates": [[[[116.3013387, 39.9915287], [116.3013415, 39.9913622], [116.3015608, 39.9913644], [116.301558, 39.9915308], [116.3013387, 39.9915287]]]]}}, {"type": "Feature", "properties": {"building": "yes", "name": "临湖轩", "source": "osm"}, "geometry": {"type": "MultiPolygon", "coordinates": [[[[116.3027965, 39.9923352], [116.3028033, 39.9921832], [116.3028594, 39.9921846], [116.3028553, 39.9922762], [116.3030629, 39.9922817], [116.3030674, 39.9921808], [116.3031912, 39.9921841], [116.3031868, 39.9922838], [116.3032933, 39.9922866], [116.3032906, 39.9923481], [116.3027965, 39.9923352]]]]}}, {"type": "Feature", "properties": {"building": "university", "name": "俄文楼", "source": "osm"}, "geometry": {"type": "MultiPolygon", "coordinates": [[[[116.3024885, 39.99181], [116.3025006, 39.9914067], [116.3027471, 39.991411], [116.302735, 39.9918144], [116.3024885, 39.99181]]]]}}, {"type": "Feature", "properties": {"building": "university", "name": "哲学楼", "source": "osm"}, "geometry": {"type": "MultiPolygon", "coordinates": [[[[116.3036986, 39.9897091], [116.3037055, 39.9895649], [116.3039826, 39.9895727], [116.3039813, 39.9895997], [116.3040473, 39.9896015], [116.3041532, 39.9896044], [116.3041571, 39.9895215], [116.3048892, 39.9895419], [116.3048798, 39.9897415], [116.3044842, 39.9897305], [116.3041452, 39.989721], [116.3041471, 39.9896821], [116.3040444, 39.9896792], [116.3039731, 39.9896772], [116.3039713, 39.9897168], [116.3036986, 39.9897091]]]]}}, {"type": "Feature", "properties": {"building": "university", "name": "一院", "source": "osm"}, "geometry": {"type": "MultiPolygon", "coordinates": [[[[116.3011849, 39.9910038], [116.301194, 39.9906739], [116.3016408, 39.9906813], [116.3016387, 39.990758], [116.3013254, 39.9907549], [116.3013225, 39.9908505], [116.3013202, 39.9909243], [116.301634, 39.9909276], [116.3016317, 39.991011], [116.3013177, 39.9910059], [116.3011849, 39.9910038]]]]}}, {"type": "Feature", "properties": {"building": "university", "name": "二院", "source": "osm"}, "geometry": {"type": "MultiPolygon", "coordinates": [[[[116.301198, 39.9905306], [116.3012071, 39.990201], [116.3016538, 39.9902057], [116.3016516, 39.9902872], [116.3013398, 39.9902839], [116.3013371, 39.9903728], [116.3013346, 39.9904543], [116.3016469, 39.9904577], [116.3016448, 39.9905353], [116.301198, 39.9905306]]]]}}, {"type": "Feature", "properties": {"building": "university", "name": "三院", "source": "osm"}, "geometry": {"type": "MultiPolygon", "coordinates": [[[[116.3012107, 39.9900705], [116.30122, 39.9897342], [116.3013567, 39.9897364], [116.3016665, 39.9897414], [116.3016645, 39.9898174], [116.3013543, 39.9898142], [116.3013519, 39.9898915], [116.3013492, 39.9899802], [116.3016599, 39.9899835], [116.3016574, 39.990075], [116.3012107, 39.9900705]]]]}}, {"type": "Feature", "properties": {"building": "university", "name": "四院", "source": "osm"}, "geometry": {"type": "MultiPolygon", "coordinates": [[[[116.3025342, 39.9900679], [116.3025366, 39.9899818], [116.3028271, 39.9899866], [116.3028292, 39.9899128], [116.3028311, 39.9898464], [116.3025375, 39.9898415], [116.3025398, 39.9897584], [116.3029727, 39.9897655], [116.302964, 39.9900749], [116.3025342, 39.9900679]]]]}}, {"type": "Feature", "properties": {"building": "university", "name": "五院", "source": "osm"}, "geometry": {"type": "MultiPolygon", "coordinates": [[[[116.3025229, 39.9905615], [116.3025247, 39.9904654], [116.3028137, 39.9904685], [116.3028151, 39.9903888], [116.3028166, 39.9903082], [116.3025286, 39.9903051], [116.3025303, 39.9902099], [116.3029628, 39.9902144], [116.3029565, 39.990566], [116.3025229, 39.9905615]]]]}}, {"type": "Feature", "properties": {"building": "university", "name": "六院", "source": "osm"}, "geometry": {"type": "MultiPolygon", "coordinates": [[[[116.302512, 39.9910275], [116.302514, 39.9909441], [116.3027989, 39.9909481], [116.3028006, 39.9908752], [116.3028028, 39.9907831], [116.3025182, 39.9907791], [116.3025201, 39.9906963], [116.3029535, 39.9907023], [116.3029457, 39.9910336], [116.302512, 39.9910275]]]]}}, {"type": "Feature", "properties": {"building": "yes", "name": "体育部", "source": "osm"}, "geometry": {"type": "MultiPolygon", "coordinates": [[[[116.3067294, 39.9681884], [116.3068018, 39.9676597], [116.3069357, 39.9676705], [116.3068632, 39.9681992], [116.3067294, 39.9681884]]]]}}, {"type": "Feature", "properties": {"building": "yes", "name": "人文楼", "source": "osm"}, "geometry": {"type": "MultiPolygon", "coordinates": [[[[116.3070228, 39.9679433], [116.3070376, 39.967812], [116.3076324, 39.967852], [116.3077434, 39.9676268], [116.3079092, 39.9676685], [116.3077821, 39.9678996], [116.3077717, 39.9679682], [116.3077786, 39.9680177], [116.3078244, 39.9682298], [116.3076742, 39.9682507], [116.3075939, 39.9679911], [116.3070228, 39.9679433]]]]}}, {"type": "Feature", "properties": {"building": "yes", "name": "逸夫会堂", "source": "osm"}, "geometry": {"type": "MultiPolygon", "coordinates": [[[[116.3098132, 39.9689306], [116.3100015, 39.9688056], [116.3101102, 39.968783], [116.3102254, 39.96882], [116.3103837, 39.9689721], [116.3103488, 39.9689926], [116.3102332, 39.9690532], [116.3102241, 39.9691506], [116.3101381, 39.9692224], [116.3099948, 39.9692105], [116.3099301, 39.9691354], [116.3099407, 39.9690277], [116.3098445, 39.9689566], [116.3098132, 39.9689306]]]]}}, {"type": "Feature", "properties": {"building": "university", "name": "藏书馆", "source": "osm"}, "geometry": {"type": "MultiPolygon", "coordinates": [[[[116.3081604, 39.9686879], [116.3081759, 39.9685737], [116.3084663, 39.9685968], [116.3084684, 39.9685816], [116.3089616, 39.968621], [116.3089595, 39.9686362], [116.309254, 39.9686597], [116.3092385, 39.9687735], [116.3090101, 39.9687553], [116.308994, 39.9688738], [116.308926, 39.9688684], [116.3088968, 39.9690832], [116.3084399, 39.9690467], [116.3084696, 39.9688285], [116.3083871, 39.9688219], [116.3084027, 39.9687072], [116.3081604, 39.9686879]]]]}}, {"type": "Feature", "properties": {"building": "yes", "name": "中国人民大学博物馆", "source": "osm"}, "geometry": {"type": "MultiPolygon", "coordinates": [[[[116.3067379, 39.9687503], [116.3067589, 39.968495], [116.3074229, 39.968527], [116.3074115, 39.9686661], [116.3071408, 39.968653], [116.3071313, 39.9687693], [116.3067379, 39.9687503]]]]}}, {"type": "Feature", "properties": {"building": "yes", "name": "艺术学院", "source": "osm"}, "geometry": {"type": "MultiPolygon", "coordinates": [[[[116.3071027, 39.9688784], [116.3071117, 39.9687684], [116.3071313, 39.9687693], [116.3071408, 39.968653], [116.3074115, 39.9686661], [116.3075833, 39.9686744], [116.3075694, 39.9688442], [116.3080009, 39.968865], [116.3079824, 39.9690909], [116.3073438, 39.9690601], [116.3073462, 39.9690319], [116.307176, 39.9690238], [116.3071876, 39.9688825], [116.3071027, 39.9688784]]]]}}, {"type": "Feature", "properties": {"building": "yes", "name": "世纪馆", "leisure": "stadium", "source": "osm"}, "geometry": {"type": "MultiPolygon", "coordinates": [[[[116.3045349, 39.9687442], [116.3047165, 39.9675505], [116.3053412, 39.9676064], [116.3051596, 39.9688001], [116.3045349, 39.9687442]]]]}}, {"type": "Feature", "properties": {"building": "commercial", "name": "神州数码大厦", "source": "osm"}, "geometry": {"type": "MultiPolygon", "coordinates": [[[[116.300259, 39.9785648], [116.3002779, 39.9779926], [116.3007457, 39.9779855], [116.3007266, 39.9785719], [116.300259, 39.9785648]]]]}}, {"type": "Feature", "properties": {"building": "apartments", "name": "知行2楼", "source": "osm"}, "geometry": {"type": "MultiPolygon", "coordinates": [[[[116.3036796, 39.971156], [116.3036977, 39.9709045], [116.3040481, 39.9709193], [116.30403, 39.9711709], [116.3036796, 39.971156]]]]}}, {"type": "Feature", "properties": {"building": "residential", "name": "中关村919号楼", "source": "osm"}, "geometry": {"type": "MultiPolygon", "coordinates": [[[[116.3179916, 39.9781745], [116.3179956, 39.9780588], [116.3181552, 39.978062], [116.3181567, 39.9780159], [116.3183415, 39.9780196], [116.3183399, 39.978066], [116.3185019, 39.9780693], [116.3185, 39.9781222], [116.3186567, 39.9781254], [116.3186523, 39.9782538], [116.3184778, 39.9782503], [116.3184801, 39.9781848], [116.3183258, 39.9781817], [116.3183274, 39.9781352], [116.3181825, 39.9781323], [116.3181809, 39.9781783], [116.3179916, 39.9781745]]]]}}, {"type": "Feature", "properties": {"building": "yes", "name": "北京中关村皇冠假日酒店", "source": "osm"}, "geometry": {"type": "MultiPolygon", "coordinates": [[[[116.3165402, 39.974502], [116.3165608, 39.9739554], [116.3173245, 39.9739724], [116.3173039, 39.9745189], [116.3165402, 39.974502]]]]}}, {"type": "Feature", "properties": {"building": "yes", "name": "豪景大厦", "source": "osm"}, "geometry": {"type": "MultiPolygon", "coordinates": [[[[116.3153909, 39.974383], [116.3153954, 39.9741868], [116.315557, 39.9739176], [116.3158186, 39.9739212], [116.3158132, 39.9741529], [116.3163618, 39.9741604], [116.3163563, 39.9743979], [116.3158739, 39.9743913], [116.3158723, 39.9744613], [116.3157509, 39.9744597], [116.3157525, 39.974388], [116.3153909, 39.974383]]]]}}, {"type": "Feature", "properties": {"building": "school", "name": "北京大学化学学院A区", "source": "osm"}, "geometry": {"type": "MultiPolygon", "coordinates": [[[[116.3112389, 39.9893822], [116.3112544, 39.9891759], [116.3119149, 39.989205], [116.3118777, 39.9896994], [116.3116114, 39.9896877], [116.3116331, 39.9893996], [116.3112389, 39.9893822]]]]}}, {"type": "Feature", "properties": {"building": "school", "name": "北京大学化学学院B区", "source": "osm"}, "geometry": {"type": "MultiPolygon", "coordinates": [[[[116.3106464, 39.9899089], [116.3106517, 39.9896869], [116.3120089, 39.989765], [116.3119821, 39.9899623], [116.3106464, 39.9899089]]]]}}, {"type": "Feature", "properties": {"building": "school", "name": "北京大学化学学院C区", "source": "osm"}, "geometry": {"type": "MultiPolygon", "coordinates": [[[[116.3115318, 39.9903201], [116.3115561, 39.9899713], [116.3118984, 39.9899807], [116.3118668, 39.99033], [116.3115318, 39.9903201]]]]}}, {"type": "Feature", "properties": {"building": "school", "name": "北京大学化学学院D区", "source": "osm"}, "geometry": {"type": "MultiPolygon", "coordinates": [[[[116.3109864, 39.9905252], [116.3109998, 39.9903465], [116.3118635, 39.9903753], [116.3118527, 39.9905479], [116.3109864, 39.9905252]]]]}}, {"type": "Feature", "properties": {"building": "office", "name": "新东方大厦", "source": "osm"}, "geometry": {"type": "MultiPolygon", "coordinates": [[[[116.3055175, 39.9796873], [116.3056034, 39.9793091], [116.3058984, 39.9793996], [116.3063168, 39.9795846], [116.3068211, 39.9799504], [116.3071376, 39.9802751], [116.3073039, 39.9806081], [116.3069766, 39.9806451], [116.3068586, 39.9803984], [116.3065636, 39.9800902], [116.3063651, 39.9799463], [116.3061076, 39.9798394], [116.3059333, 39.9797839], [116.3057589, 39.9797284], [116.3055175, 39.9796873]]]]}}, {"type": "Feature", "properties": {"building": "commercial", "name": "蓝景丽家 大钟寺家居广场", "shop": "mall", "source": "osm"}, "geometry": {"type": "MultiPolygon", "coordinates": [[[[116.3363433, 39.9692125], [116.336493, 39.9686628], [116.3364001, 39.9686431], [116.3368284, 39.9669426], [116.3373031, 39.9670138], [116.3373134, 39.9668793], [116.3378139, 39.9669623], [116.3382474, 39.9668635], [116.3385466, 39.966903], [116.3382887, 39.9676505], [116.3382371, 39.9676386], [116.3381287, 39.9679708], [116.3380823, 39.9679589], [116.3379945, 39.9682278], [116.3378862, 39.968212], [116.3378243, 39.9684176], [116.337752, 39.9684097], [116.3377004, 39.9686154], [116.3376282, 39.9685996], [116.3375095, 39.9690227], [116.3372205, 39.969347], [116.3363433, 39.9692125]]]]}}, {"type": "Feature", "properties": {"building": "university", "name": "公共教学一楼", "source": "osm"}, "geometry": {"type": "MultiPolygon", "coordinates": [[[[116.3096951, 39.9676457], [116.3097329, 39.9673715], [116.3103047, 39.9674308], [116.3102728, 39.9673836], [116.3102683, 39.9673173], [116.3103182, 39.9672588], [116.310408, 39.9672356], [116.3105179, 39.9672835], [116.3105231, 39.9672453], [116.3107484, 39.967257], [116.3106838, 39.9677258], [116.3096951, 39.9676457]]]]}}, {"type": "Feature", "properties": {"building": "university", "name": "公共教学二楼", "source": "osm"}, "geometry": {"type": "MultiPolygon", "coordinates": [[[[116.3081104, 39.9675228], [116.3081465, 39.9672164], [116.3083209, 39.9672284], [116.3083115, 39.9673086], [116.3094107, 39.9673846], [116.3094202, 39.9673038], [116.3095808, 39.9673149], [116.309549, 39.9675848], [116.3093877, 39.9675737], [116.3093921, 39.9675365], [116.3089277, 39.9675044], [116.3089251, 39.9675262], [116.3087425, 39.9675136], [116.3087451, 39.9674917], [116.3082882, 39.9674602], [116.3082795, 39.9675345], [116.3081104, 39.9675228]]]]}}, {"type": "Feature", "properties": {"building": "yes", "name": "东区食堂", "amenity": "restaurant", "source": "osm"}, "geometry": {"type": "MultiPolygon", "coordinates": [[[[116.3108264, 39.9676897], [116.3108728, 39.9673718], [116.3115359, 39.9674285], [116.3114896, 39.9677464], [116.3108264, 39.9676897]]]]}}, {"type": "Feature", "properties": {"building": "dormitory", "name": "东风6楼", "source": "osm"}, "geometry": {"type": "MultiPolygon", "coordinates": [[[[116.3125217, 39.9688672], [116.3125342, 39.9687382], [116.3132466, 39.9687788], [116.3132362, 39.9688863], [116.3133225, 39.9688913], [116.3133025, 39.9690982], [116.3131168, 39.9690877], [116.3131348, 39.9689021], [116.3125217, 39.9688672]]]]}}, {"type": "Feature", "properties": {"building": "dormitory", "name": "东风7楼", "source": "osm"}, "geometry": {"type": "MultiPolygon", "coordinates": [[[[116.3124437, 39.969288], [116.3124588, 39.9691335], [116.3130305, 39.9691664], [116.3130182, 39.9692923], [116.3131277, 39.9692986], [116.3131063, 39.9695169], [116.3129333, 39.969507], [116.3129518, 39.9693172], [116.3124437, 39.969288]]]]}}, {"type": "Feature", "properties": {"building": "apartments", "name": "五道口嘉园1号楼", "source": "osm"}, "geometry": {"type": "MultiPolygon", "coordinates": [[[[116.333389, 39.9893045], [116.3333915, 39.9890086], [116.3338367, 39.9890108], [116.3338343, 39.9893067], [116.333389, 39.9893045]]]]}}, {"type": "Feature", "properties": {"building": "apartments", "name": "五道口嘉园2号楼", "source": "osm"}, "geometry": {"type": "MultiPolygon", "coordinates": [[[[116.3328075, 39.9885817], [116.3331803, 39.9885807], [116.3331817, 39.9888931], [116.3328089, 39.9888941], [116.3328075, 39.9885817]]]]}}, {"type": "Feature", "properties": {"building": "apartments", "name": "五道口嘉园3号楼", "source": "osm"}, "geometry": {"type": "MultiPolygon", "coordinates": [[[[116.3335733, 39.9886247], [116.3336166, 39.9876205], [116.3339301, 39.9876284], [116.3338869, 39.9886326], [116.3335733, 39.9886247]]]]}}, {"type": "Feature", "properties": {"building": "commercial", "name": "恒兴大厦", "source": "osm"}, "geometry": {"type": "MultiPolygon", "coordinates": [[[[116.3264268, 39.9818776], [116.3264348, 39.9814302], [116.3269373, 39.9814514], [116.3269197, 39.9819012], [116.3264268, 39.9818776]]]]}}, {"type": "Feature", "properties": {"building": "apartments", "name": "中国科学院物理研究所研究生楼", "source": "osm"}, "geometry": {"type": "MultiPolygon", "coordinates": [[[[116.3246399, 39.9815759], [116.3246599, 39.9813382], [116.3254268, 39.9813672], [116.3254161, 39.9815864], [116.3246399, 39.9815759]]]]}}, {"type": "Feature", "properties": {"building": "yes", "name": "中国科学院数学研究所", "office": "educational_institution", "source": "osm"}, "geometry": {"type": "MultiPolygon", "coordinates": [[[[116.3258411, 39.9840332], [116.325888, 39.9839752], [116.325997, 39.9839086], [116.3260816, 39.9838493], [116.3261429, 39.9837907], [116.3261463, 39.983723], [116.3261116, 39.9837031], [116.326118, 39.9835644], [116.326022, 39.9834753], [116.3261632, 39.9834069], [116.3265934, 39.9834085], [116.3267047, 39.9833373], [116.3268036, 39.9833508], [116.3268028, 39.9834487], [116.3266463, 39.9835785], [116.3266483, 39.9837682], [116.3268077, 39.9838967], [116.326804, 39.9839924], [116.3266908, 39.9839853], [116.3265971, 39.9839168], [116.32634, 39.9840996], [116.325922, 39.984102], [116.3258411, 39.9840332]]]]}}, {"type": "Feature", "properties": {"building": "yes", "name": "中国科学院物理研究所 D楼", "office": "educational_institution", "source": "osm"}, "geometry": {"type": "MultiPolygon", "coordinates": [[[[116.3242225, 39.98274], [116.3242281, 39.9825872], [116.3242391, 39.982375], [116.3242973, 39.9823326], [116.3244164, 39.982339], [116.324613, 39.9823602], [116.3246933, 39.9824535], [116.324757, 39.9825384], [116.3247542, 39.9826254], [116.3247542, 39.9826912], [116.3246822, 39.9827655], [116.3246047, 39.9827952], [116.3244081, 39.9828227], [116.3242696, 39.98281], [116.3242225, 39.98274]]]]}}, {"type": "Feature", "properties": {"building": "apartments", "name": "科苑公寓", "source": "osm"}, "geometry": {"type": "MultiPolygon", "coordinates": [[[[116.324173, 39.9842113], [116.3241863, 39.9840892], [116.3241956, 39.9839875], [116.32477, 39.9840018], [116.3247512, 39.9842289], [116.324173, 39.9842113]]]]}}, {"type": "Feature", "properties": {"building": "yes", "name": "海淀交通支队中关村大队", "amenity": "police", "source": "osm"}, "geometry": {"type": "MultiPolygon", "coordinates": [[[[116.3277015, 39.9775328], [116.3277399, 39.9769331], [116.3289162, 39.9769883], [116.3288634, 39.9775843], [116.3277015, 39.9775328]]]]}}, {"type": "Feature", "properties": {"building": "yes", "name": "骏马大酒店", "source": "osm"}, "geometry": {"type": "MultiPolygon", "coordinates": [[[[116.325712, 39.9794301], [116.3257141, 39.9793684], [116.3258929, 39.9793719], [116.325896, 39.9792814], [116.3263975, 39.9792915], [116.3263993, 39.9792384], [116.3264101, 39.9792386], [116.3264124, 39.9791713], [116.3266673, 39.9791764], [116.3266719, 39.9790393], [116.3268522, 39.9790429], [116.3268392, 39.9794211], [116.326745, 39.9794192], [116.3267457, 39.9793975], [116.326662, 39.9793958], [116.3266631, 39.9793644], [116.3266333, 39.9793638], [116.3266329, 39.9793767], [116.3263883, 39.9793717], [116.3263858, 39.9794437], [116.325712, 39.9794301]]]]}}, {"type": "Feature", "properties": {"building": "residential", "name": "青年公寓（AB座）", "source": "osm"}, "geometry": {"type": "MultiPolygon", "coordinates": [[[[116.3304046, 39.9819201], [116.3305254, 39.9819254], [116.330534, 39.9819876], [116.3305917, 39.9820328], [116.3309595, 39.982053], [116.3309755, 39.9819536], [116.3310974, 39.9819589], [116.3310846, 39.9820894], [116.3309983, 39.9821489], [116.3305024, 39.9821225], [116.3304201, 39.982055], [116.3304046, 39.9819201]]]]}}, {"type": "Feature", "properties": {"building": "commercial", "name": "中国农业银行", "source": "osm"}, "geometry": {"type": "MultiPolygon", "coordinates": [[[[116.299879, 39.9826152], [116.2998847, 39.9822471], [116.29989, 39.9820447], [116.3002874, 39.9820565], [116.3002579, 39.9822661], [116.3001673, 39.9825735], [116.3001488, 39.9826514], [116.3001065, 39.9826606], [116.300027, 39.9826448], [116.299879, 39.9826152]]]]}}, {"type": "Feature", "properties": {"building": "residential", "name": "中关村945号楼", "source": "osm"}, "geometry": {"type": "MultiPolygon", "coordinates": [[[[116.3181639, 39.9795318], [116.3181705, 39.9793727], [116.3186149, 39.9793836], [116.3186083, 39.9795417], [116.3184669, 39.9795382], [116.3184688, 39.9794914], [116.3183289, 39.979488], [116.3183269, 39.9795358], [116.3181639, 39.9795318]]]]}}, {"type": "Feature", "properties": {"building": "commercial", "name": "东源大厦", "source": "osm"}, "geometry": {"type": "MultiPolygon", "coordinates": [[[[116.3301853, 39.9920122], [116.3301931, 39.9917864], [116.3304124, 39.9917823], [116.330523, 39.9918642], [116.3306344, 39.9919466], [116.3306266, 39.9921062], [116.3303036, 39.9920998], [116.3301853, 39.9920122]]]]}}, {"type": "Feature", "properties": {"building": "yes", "source": "osm"}, "geometry": {"type": "MultiPolygon", "coordinates": [[[[116.3058582, 39.9849087], [116.3058656, 39.9847541], [116.3059679, 39.984757], [116.305962, 39.9848803], [116.306449, 39.9848939], [116.3064549, 39.9847706], [116.3065695, 39.9847738], [116.3065624, 39.9849231], [116.3064915, 39.9849211], [116.3064891, 39.9849723], [116.3059251, 39.9849566], [116.3059273, 39.9849106], [116.3058582, 39.9849087]]]]}}, {"type": "Feature", "properties": {"building": "yes", "source": "osm"}, "geometry": {"type": "MultiPolygon", "coordinates": [[[[116.2954728, 39.9805671], [116.2955746, 39.9795874], [116.2957076, 39.9795956], [116.2956058, 39.9805752], [116.2954728, 39.9805671]]]]}}, {"type": "Feature", "properties": {"building": "yes", "source": "osm"}, "geometry": {"type": "MultiPolygon", "coordinates": [[[[116.3043069, 39.9845116], [116.3043108, 39.9843719], [116.3049933, 39.9843889], [116.3049831, 39.9845145], [116.3043069, 39.9845116]]]]}}, {"type": "Feature", "properties": {"building": "yes", "source": "osm"}, "geometry": {"type": "MultiPolygon", "coordinates": [[[[116.3058549, 39.9845435], [116.3058614, 39.9844174], [116.3065811, 39.9844392], [116.3065746, 39.9845653], [116.3058549, 39.9845435]]]]}}, {"type": "Feature", "properties": {"building": "apartments", "name": "12号楼", "source": "osm"}, "geometry": {"type": "MultiPolygon", "coordinates": [[[[116.2953019, 39.9787405], [116.2953198, 39.9785783], [116.2958809, 39.9786146], [116.295863, 39.9787768], [116.2953019, 39.9787405]]]]}}, {"type": "Feature", "properties": {"building": "yes", "source": "osm"}, "geometry": {"type": "MultiPolygon", "coordinates": [[[[116.307779, 39.9845931], [116.3077843, 39.9844819], [116.3084837, 39.9845016], [116.3084784, 39.9846128], [116.307779, 39.9845931]]]]}}, {"type": "Feature", "properties": {"building": "yes", "source": "osm"}, "geometry": {"type": "MultiPolygon", "coordinates": [[[[116.3067406, 39.9845696], [116.3067483, 39.9844535], [116.3074551, 39.9844748], [116.3074483, 39.9845853], [116.3067406, 39.9845696]]]]}}, {"type": "Feature", "properties": {"building": "apartments", "name": "19号楼", "source": "osm"}, "geometry": {"type": "MultiPolygon", "coordinates": [[[[116.2961045, 39.9769444], [116.2961125, 39.9768292], [116.2968228, 39.9768583], [116.2968148, 39.9769734], [116.2961045, 39.9769444]]]]}}, {"type": "Feature", "properties": {"building": "yes", "source": "osm"}, "geometry": {"type": "MultiPolygon", "coordinates": [[[[116.3071479, 39.9849184], [116.3071531, 39.9847898], [116.3072695, 39.9847926], [116.3072642, 39.9849211], [116.3071479, 39.9849184]]]]}}, {"type": "Feature", "properties": {"building": "apartments", "name": "11号楼", "source": "osm"}, "geometry": {"type": "MultiPolygon", "coordinates": [[[[116.2952333, 39.9794063], [116.2952475, 39.9792711], [116.2958062, 39.9793056], [116.295792, 39.9794408], [116.2952333, 39.9794063]]]]}}, {"type": "Feature", "properties": {"building": "apartments", "name": "16号楼", "source": "osm"}, "geometry": {"type": "MultiPolygon", "coordinates": [[[[116.2960524, 39.9780438], [116.2960624, 39.977938], [116.2966188, 39.9779688], [116.2966088, 39.9780747], [116.2960524, 39.9780438]]]]}}, {"type": "Feature", "properties": {"building": "apartments", "source": "osm"}, "geometry": {"type": "MultiPolygon", "coordinates": [[[[116.2955117, 39.976209], [116.2955251, 39.976098], [116.2960535, 39.9761227], [116.2960383, 39.9762411], [116.2955117, 39.976209]]]]}}, {"type": "Feature", "properties": {"building": "apartments", "name": "13号楼", "source": "osm"}, "geometry": {"type": "MultiPolygon", "coordinates": [[[[116.2953714, 39.9780499], [116.2953903, 39.9778889], [116.2959119, 39.9779248], [116.2958931, 39.9780857], [116.2953714, 39.9780499]]]]}}, {"type": "Feature", "properties": {"building": "yes", "source": "osm"}, "geometry": {"type": "MultiPolygon", "coordinates": [[[[116.3051085, 39.9849745], [116.3051123, 39.9848822], [116.3058236, 39.9848915], [116.3058233, 39.9849897], [116.3051085, 39.9849745]]]]}}, {"type": "Feature", "properties": {"building": "yes", "source": "osm"}, "geometry": {"type": "MultiPolygon", "coordinates": [[[[116.3072605, 39.9850153], [116.3072642, 39.9849211], [116.3079527, 39.9849369], [116.307949, 39.9850311], [116.3072605, 39.9850153]]]]}}, {"type": "Feature", "properties": {"building": "yes", "name": "艾瑟顿国际公寓", "source": "osm"}, "geometry": {"type": "MultiPolygon", "coordinates": [[[[116.2968598, 39.9734453], [116.2968986, 39.9729251], [116.2974086, 39.9729474], [116.2973698, 39.9734676], [116.2968598, 39.9734453]]]]}}, {"type": "Feature", "properties": {"building": "apartments", "name": "17号楼", "source": "osm"}, "geometry": {"type": "MultiPolygon", "coordinates": [[[[116.2960572, 39.977661], [116.296067, 39.9775571], [116.2967489, 39.9775952], [116.296739, 39.9776991], [116.2960572, 39.977661]]]]}}, {"type": "Feature", "properties": {"building": "yes", "source": "osm"}, "geometry": {"type": "MultiPolygon", "coordinates": [[[[116.2953877, 39.9817973], [116.2954522, 39.9816828], [116.2956732, 39.981756], [116.2956087, 39.9818704], [116.2953877, 39.9817973]]]]}}, {"type": "Feature", "properties": {"building": "yes", "source": "osm"}, "geometry": {"type": "MultiPolygon", "coordinates": [[[[116.305192, 39.9844782], [116.3051962, 39.9843696], [116.3057549, 39.9843823], [116.3057507, 39.9844909], [116.305192, 39.9844782]]]]}}, {"type": "Feature", "properties": {"building": "apartments", "name": "23号楼", "source": "osm"}, "geometry": {"type": "MultiPolygon", "coordinates": [[[[116.2956474, 39.9748455], [116.2956608, 39.9747345], [116.2961892, 39.9747592], [116.296174, 39.9748776], [116.2956474, 39.9748455]]]]}}, {"type": "Feature", "properties": {"building": "apartments", "name": "14号楼", "source": "osm"}, "geometry": {"type": "MultiPolygon", "coordinates": [[[[116.2960122, 39.9785028], [116.29602, 39.9783975], [116.2964343, 39.9784156], [116.2964265, 39.978521], [116.2960122, 39.9785028]]]]}}, {"type": "Feature", "properties": {"building": "yes", "source": "osm"}, "geometry": {"type": "MultiPolygon", "coordinates": [[[[116.3080241, 39.985041], [116.3080283, 39.9849382], [116.30869, 39.9849539], [116.3086858, 39.9850567], [116.3080241, 39.985041]]]]}}, {"type": "Feature", "properties": {"building": "apartments", "name": "15号楼", "source": "osm"}, "geometry": {"type": "MultiPolygon", "coordinates": [[[[116.2963673, 39.9783141], [116.296391, 39.9781581], [116.2965222, 39.9781698], [116.2964985, 39.9783258], [116.2963673, 39.9783141]]]]}}, {"type": "Feature", "properties": {"building": "yes", "name": "美华·海润大厦", "source": "osm"}, "geometry": {"type": "MultiPolygon", "coordinates": [[[[116.2959628, 39.9728362], [116.2959791, 39.9727685], [116.2960253, 39.9726943], [116.2960718, 39.972651], [116.2961233, 39.972619], [116.2961779, 39.9725999], [116.2962394, 39.972584], [116.29635, 39.972579], [116.2964015, 39.9725837], [116.2964413, 39.972583], [116.2964687, 39.9725786], [116.2964944, 39.9725697], [116.2964837, 39.9725571], [116.2965055, 39.9725352], [116.2964888, 39.9725236], [116.296485, 39.972494], [116.2964991, 39.9724711], [116.2965274, 39.9724638], [116.2964948, 39.972433], [116.2964537, 39.9724152], [116.296404, 39.9724119], [116.296392, 39.9723968], [116.2963611, 39.9724073], [116.29629, 39.9722957], [116.2963174, 39.9722819], [116.2963071, 39.9722556], [116.2963665, 39.9722332], [116.2964828, 39.9722333], [116.29662, 39.9722688], [116.2967228, 39.9723489], [116.2967721, 39.97247], [116.2967699, 39.9725564], [116.2967485, 39.972607], [116.2967039, 39.9726622], [116.2966354, 39.9727206], [116.296543, 39.9727599], [116.2964957, 39.9727732], [116.2964374, 39.9727791], [116.2963663, 39.9727758], [116.2963105, 39.9727614], [116.2962728, 39.972764], [116.2962454, 39.9727739], [116.2962077, 39.9728179], [116.2962017, 39.9728481], [116.2962154, 39.9728881], [116.296248, 39.9729229], [116.2963105, 39.97294], [116.296368, 39.9729335], [116.2964065, 39.9729072], [116.2964545, 39.9729492], [116.2964823, 39.9729156], [116.2965723, 39.9729537], [116.2965355, 39.9729931], [116.2964926, 39.97302], [116.2965457, 39.9730706], [116.2964824, 39.9731012], [116.2963785, 39.9731278], [116.2962653, 39.9731278], [116.2961754, 39.9731055], [116.2961145, 39.9730752], [116.2960151, 39.9729859], [116.2959886, 39.9729399], [116.2959748, 39.9728979], [116.2959628, 39.9728362]]]]}}, {"type": "Feature", "properties": {"building": "commercial", "name": "航天恆星大廈", "source": "osm"}, "geometry": {"type": "MultiPolygon", "coordinates": [[[[116.3227447, 39.9746684], [116.3227534, 39.9745394], [116.323699, 39.9745769], [116.3236903, 39.9747059], [116.3227447, 39.9746684]]]]}}, {"type": "Feature", "properties": {"building": "house", "name": "中科资源大厦", "source": "osm"}, "geometry": {"type": "MultiPolygon", "coordinates": [[[[116.3214637, 39.9838851], [116.3215158, 39.9828082], [116.3219032, 39.9828192], [116.3218672, 39.9835637], [116.3223842, 39.9835784], [116.3223681, 39.9839107], [116.3214637, 39.9838851]]]]}}, {"type": "Feature", "properties": {"building": "yes", "name": "中国科学院空天信息研究院", "office": "research", "source": "osm"}, "geometry": {"type": "MultiPolygon", "coordinates": [[[[116.3195039, 39.9858395], [116.3195223, 39.9853541], [116.3197644, 39.9853595], [116.3197618, 39.985431], [116.3200808, 39.985438], [116.3200827, 39.9853879], [116.3202935, 39.9853926], [116.3202915, 39.9854451], [116.3207137, 39.9854545], [116.3207157, 39.9854036], [116.3209183, 39.9854081], [116.3208986, 39.985926], [116.3208772, 39.9859255], [116.3208653, 39.986238], [116.3206798, 39.9862338], [116.3207033, 39.9856167], [116.3196957, 39.9855942], [116.3196862, 39.9858436], [116.3195039, 39.9858395]]]]}}, {"type": "Feature", "properties": {"building": "commercial", "name": "中国技术交易大厦", "source": "osm"}, "geometry": {"type": "MultiPolygon", "coordinates": [[[[116.3009152, 39.9832344], [116.3012581, 39.9824048], [116.3014853, 39.9822992], [116.3018165, 39.9822961], [116.3018238, 39.9827433], [116.301778, 39.9831869], [116.3012976, 39.9832307], [116.3009152, 39.9832344]]]]}}, {"type": "Feature", "properties": {"building": "commercial", "name": "天使大厦", "source": "osm"}, "geometry": {"type": "MultiPolygon", "coordinates": [[[[116.3010418, 39.981538], [116.3010665, 39.9814214], [116.3010825, 39.9813861], [116.3011178, 39.9813549], [116.3012134, 39.9813156], [116.3012665, 39.9813088], [116.3019035, 39.9813265], [116.3018894, 39.9816085], [116.3011845, 39.9815499], [116.3010418, 39.981538]]]]}}, {"type": "Feature", "properties": {"building": "residential", "source": "osm"}, "geometry": {"type": "MultiPolygon", "coordinates": [[[[116.2964285, 39.9823608], [116.2964403, 39.9822521], [116.2968123, 39.9822759], [116.2968201, 39.9822044], [116.2975472, 39.9822507], [116.2975537, 39.9821912], [116.298103, 39.9822263], [116.2980921, 39.9823264], [116.2975409, 39.9822912], [116.2975352, 39.9823434], [116.2968386, 39.9822987], [116.296829, 39.9823864], [116.2964285, 39.9823608]]]]}}, {"type": "Feature", "properties": {"building": "residential", "source": "osm"}, "geometry": {"type": "MultiPolygon", "coordinates": [[[[116.2955884, 39.9827655], [116.2956625, 39.9826575], [116.295822, 39.9827257], [116.2957404, 39.9828336], [116.2955884, 39.9827655]]]]}}, {"type": "Feature", "properties": {"building": "residential", "source": "osm"}, "geometry": {"type": "MultiPolygon", "coordinates": [[[[116.2961897, 39.9819964], [116.2961972, 39.9819035], [116.296553, 39.9819204], [116.296561, 39.9818221], [116.2972958, 39.9818571], [116.2972857, 39.9819817], [116.2965672, 39.9819475], [116.2965618, 39.982014], [116.2961897, 39.9819964]]]]}}, {"type": "Feature", "properties": {"building": "residential", "source": "osm"}, "geometry": {"type": "MultiPolygon", "coordinates": [[[[116.2966992, 39.9827305], [116.2967108, 39.9826186], [116.2970622, 39.98264], [116.29707, 39.9825638], [116.2976399, 39.9825983], [116.2976294, 39.9827001], [116.2970766, 39.9826667], [116.2970677, 39.9827528], [116.2966992, 39.9827305]]]]}}, {"type": "Feature", "properties": {"building": "yes", "source": "osm"}, "geometry": {"type": "MultiPolygon", "coordinates": [[[[116.3023855, 39.9737191], [116.3029674, 39.9737311], [116.3029779, 39.9738396], [116.3023907, 39.9738275], [116.3023855, 39.9737191]]]]}}, {"type": "Feature", "properties": {"building": "residential", "source": "osm"}, "geometry": {"type": "MultiPolygon", "coordinates": [[[[116.3018035, 39.9733575], [116.3020709, 39.9728231], [116.3032033, 39.9729356], [116.3031824, 39.9730802], [116.3021967, 39.9729918], [116.3020132, 39.9734177], [116.3018822, 39.9733816], [116.3018035, 39.9733575]]]]}}, {"type": "Feature", "properties": {"building": "commercial", "name": "9", "source": "osm"}, "geometry": {"type": "MultiPolygon", "coordinates": [[[[116.3144858, 39.9900583], [116.3144937, 39.9899462], [116.3149439, 39.9899648], [116.3149608, 39.9897248], [116.3146802, 39.9897132], [116.3146675, 39.9898929], [116.3145278, 39.9898871], [116.3145638, 39.9893752], [116.31471, 39.9893812], [116.3146927, 39.9896265], [116.3147652, 39.9896294], [116.3147676, 39.9895943], [116.3148849, 39.9895992], [116.3148824, 39.9896342], [116.3149663, 39.9896376], [116.3149881, 39.9893275], [116.3145328, 39.9893087], [116.31454, 39.9892067], [116.3151249, 39.9892308], [116.315065, 39.9900822], [116.3144858, 39.9900583]]]]}}, {"type": "Feature", "properties": {"building": "apartments", "source": "osm"}, "geometry": {"type": "MultiPolygon", "coordinates": [[[[116.3135476, 39.9906671], [116.3135562, 39.9905751], [116.3142419, 39.9906127], [116.3142333, 39.9907047], [116.3135476, 39.9906671]]]]}}, {"type": "Feature", "properties": {"building": "apartments", "source": "osm"}, "geometry": {"type": "MultiPolygon", "coordinates": [[[[116.3145902, 39.9889784], [116.3145983, 39.9888017], [116.3148853, 39.9888058], [116.3148987, 39.9885386], [116.3146117, 39.9885242], [116.3146278, 39.9883495], [116.3151508, 39.988366], [116.3151052, 39.9889887], [116.3145902, 39.9889784]]]]}}, {"type": "Feature", "properties": {"building": "apartments", "source": "osm"}, "geometry": {"type": "MultiPolygon", "coordinates": [[[[116.31208, 39.9892864], [116.3120885, 39.9891802], [116.3125615, 39.9892025], [116.312553, 39.9893087], [116.31208, 39.9892864]]]]}}, {"type": "Feature", "properties": {"building": "apartments", "source": "osm"}, "geometry": {"type": "MultiPolygon", "coordinates": [[[[116.3120548, 39.9896387], [116.3120589, 39.9895236], [116.3125428, 39.9895338], [116.3125387, 39.9896489], [116.3120548, 39.9896387]]]]}}, {"type": "Feature", "properties": {"building": "apartments", "source": "osm"}, "geometry": {"type": "MultiPolygon", "coordinates": [[[[116.3120585, 39.9899906], [116.3120675, 39.9898622], [116.3125514, 39.9898821], [116.3125425, 39.9900104], [116.3120585, 39.9899906]]]]}}, {"type": "Feature", "properties": {"building": "university", "name": "文史楼", "source": "osm"}, "geometry": {"type": "MultiPolygon", "coordinates": [[[[116.3053429, 39.9909673], [116.3053551, 39.9907907], [116.3057181, 39.9908054], [116.3061312, 39.9908222], [116.306119, 39.9909988], [116.3057003, 39.9909818], [116.3053429, 39.9909673]]]]}}, {"type": "Feature", "properties": {"building": "yes", "name": "学一食堂", "amenity": "restaurant", "source": "osm"}, "geometry": {"type": "MultiPolygon", "coordinates": [[[[116.3012482, 39.9863283], [116.3012575, 39.9861601], [116.3017047, 39.9861746], [116.3021438, 39.9861888], [116.3021395, 39.9862683], [116.3021346, 39.9863571], [116.3012482, 39.9863283]]]]}}, {"type": "Feature", "properties": {"building": "residential", "name": "青年公寓（E、F座）", "source": "osm"}, "geometry": {"type": "MultiPolygon", "coordinates": [[[[116.3288225, 39.9819872], [116.3288373, 39.9817316], [116.3301208, 39.9817753], [116.3301127, 39.9819156], [116.3290208, 39.9818784], [116.3290141, 39.9819937], [116.3288225, 39.9819872]]]]}}, {"type": "Feature", "properties": {"building": "yes", "name": "中国科学院国家空间科学中心（九章大厦A座）", "office": "research", "source": "osm"}, "geometry": {"type": "MultiPolygon", "coordinates": [[[[116.3305952, 39.9810915], [116.3306208, 39.9808993], [116.3307403, 39.980789], [116.3308502, 39.9807367], [116.3309569, 39.9807144], [116.3311777, 39.9807317], [116.3311243, 39.9811329], [116.3305952, 39.9810915]]]]}}, {"type": "Feature", "properties": {"building": "yes", "name": "中国科学院国家空间科学中心（九章大厦B座）", "office": "research", "source": "osm"}, "geometry": {"type": "MultiPolygon", "coordinates": [[[[116.3311677, 39.981154], [116.3312338, 39.9806668], [116.3320753, 39.9807336], [116.3320091, 39.9812208], [116.3311677, 39.981154]]]]}}, {"type": "Feature", "properties": {"building": "hotel", "name": "空间会议中心", "source": "osm"}, "geometry": {"type": "MultiPolygon", "coordinates": [[[[116.3305974, 39.9804446], [116.3306184, 39.9803129], [116.3310943, 39.9803575], [116.3310733, 39.9804891], [116.3305974, 39.9804446]]]]}}, {"type": "Feature", "properties": {"building": "residential", "name": "青年公寓（D座）", "source": "osm"}, "geometry": {"type": "MultiPolygon", "coordinates": [[[[116.3304106, 39.981828], [116.3304212, 39.9817168], [116.3309532, 39.9817465], [116.3309426, 39.9818577], [116.3304106, 39.981828]]]]}}, {"type": "Feature", "properties": {"building": "residential", "source": "osm"}, "geometry": {"type": "MultiPolygon", "coordinates": [[[[116.3319417, 39.9805814], [116.3320153, 39.9800064], [116.3322029, 39.9800205], [116.3321293, 39.9805955], [116.3319417, 39.9805814]]]]}}, {"type": "Feature", "properties": {"building": "yes", "source": "osm"}, "geometry": {"type": "MultiPolygon", "coordinates": [[[[116.3324961, 39.9806201], [116.3325085, 39.980514], [116.3325592, 39.9805174], [116.3325468, 39.9806236], [116.3324961, 39.9806201]]]]}}, {"type": "Feature", "properties": {"building": "yes", "name": "青年公寓六号楼", "office": "educational_institution", "source": "osm"}, "geometry": {"type": "MultiPolygon", "coordinates": [[[[116.3296562, 39.9814615], [116.3296726, 39.9812526], [116.3308291, 39.9813062], [116.3308126, 39.9815151], [116.3296562, 39.9814615]]]]}}, {"type": "Feature", "properties": {"building": "residential", "name": "青年公寓（G座）", "source": "osm"}, "geometry": {"type": "MultiPolygon", "coordinates": [[[[116.3287491, 39.982656], [116.3287495, 39.9824335], [116.3291303, 39.9824339], [116.32913, 39.9826563], [116.3287491, 39.982656]]]]}}, {"type": "Feature", "properties": {"building": "residential", "name": "青年公寓（H座）", "source": "osm"}, "geometry": {"type": "MultiPolygon", "coordinates": [[[[116.3291498, 39.9830677], [116.3291501, 39.9828452], [116.329531, 39.9828456], [116.3295306, 39.983068], [116.3291498, 39.9830677]]]]}}, {"type": "Feature", "properties": {"building": "residential", "source": "osm"}, "geometry": {"type": "MultiPolygon", "coordinates": [[[[116.3298032, 39.9831755], [116.3298065, 39.9829395], [116.330104, 39.9829419], [116.3301007, 39.9831779], [116.3298032, 39.9831755]]]]}}, {"type": "Feature", "properties": {"building": "residential", "source": "osm"}, "geometry": {"type": "MultiPolygon", "coordinates": [[[[116.3301271, 39.9827993], [116.3301304, 39.9825633], [116.3304279, 39.9825657], [116.3304247, 39.9828017], [116.3301271, 39.9827993]]]]}}, {"type": "Feature", "properties": {"building": "residential", "source": "osm"}, "geometry": {"type": "MultiPolygon", "coordinates": [[[[116.329813, 39.9823927], [116.3298163, 39.9821567], [116.3301138, 39.9821591], [116.3301106, 39.9823951], [116.329813, 39.9823927]]]]}}, {"type": "Feature", "properties": {"building": "yes", "name": "青年公寓食堂", "amenity": "restaurant", "source": "osm"}, "geometry": {"type": "MultiPolygon", "coordinates": [[[[116.3281561, 39.9835614], [116.3281741, 39.9831065], [116.328528, 39.983108], [116.3286079, 39.9833148], [116.3286199, 39.983563], [116.3281561, 39.9835614]]]]}}, {"type": "Feature", "properties": {"building": "house", "source": "osm"}, "geometry": {"type": "MultiPolygon", "coordinates": [[[[116.3308206, 39.982463], [116.331898, 39.9814069], [116.3320281, 39.9814837], [116.3309469, 39.9825456], [116.3308206, 39.982463]]]]}}, {"type": "Feature", "properties": {"building": "residential", "name": "中科院中关村人才公寓", "source": "osm"}, "geometry": {"type": "MultiPolygon", "coordinates": [[[[116.3281933, 39.9838237], [116.3281997, 39.9836677], [116.3290987, 39.9836894], [116.3290923, 39.9838455], [116.3281933, 39.9838237]]]]}}, {"type": "Feature", "properties": {"building": "residential", "name": "中科院中关村人才公寓", "source": "osm"}, "geometry": {"type": "MultiPolygon", "coordinates": [[[[116.3291027, 39.9834114], [116.3291408, 39.9832918], [116.3293735, 39.9833353], [116.3295465, 39.9834567], [116.3295311, 39.9838535], [116.3292096, 39.9838462], [116.3292158, 39.9836855], [116.3294004, 39.9836897], [116.3294069, 39.9835237], [116.3293193, 39.9834519], [116.3291027, 39.9834114]]]]}}, {"type": "Feature", "properties": {"building": "yes", "name": "中国科学院大学中关村校区教学楼", "office": "educational_institution", "source": "osm"}, "geometry": {"type": "MultiPolygon", "coordinates": [[[[116.3233955, 39.9810582], [116.3234097, 39.9807462], [116.3241212, 39.9807663], [116.3245564, 39.9807217], [116.3245432, 39.9810796], [116.3233955, 39.9810582]]]]}}, {"type": "Feature", "properties": {"building": "yes", "office": "educational_institution", "source": "osm"}, "geometry": {"type": "MultiPolygon", "coordinates": [[[[116.3284203, 39.9814315], [116.3284306, 39.9812819], [116.3292473, 39.9813147], [116.329237, 39.9814644], [116.3288105, 39.9814472], [116.3284203, 39.9814315]]]]}}, {"type": "Feature", "properties": {"building": "residential", "source": "osm"}, "geometry": {"type": "MultiPolygon", "coordinates": [[[[116.3312548, 39.9800639], [116.3312706, 39.9799502], [116.3319893, 39.980009], [116.3319734, 39.9801227], [116.3312548, 39.9800639]]]]}}, {"type": "Feature", "properties": {"building": "residential", "source": "osm"}, "geometry": {"type": "MultiPolygon", "coordinates": [[[[116.3304272, 39.9801287], [116.3304431, 39.980015], [116.3311617, 39.9800738], [116.3311459, 39.9801875], [116.3304272, 39.9801287]]]]}}, {"type": "Feature", "properties": {"building": "residential", "source": "osm"}, "geometry": {"type": "MultiPolygon", "coordinates": [[[[116.3304546, 39.9797437], [116.3304704, 39.97963], [116.331189, 39.9796888], [116.3311732, 39.9798025], [116.3304546, 39.9797437]]]]}}, {"type": "Feature", "properties": {"building": "residential", "source": "osm"}, "geometry": {"type": "MultiPolygon", "coordinates": [[[[116.3315339, 39.9797039], [116.3315501, 39.9795919], [116.3321024, 39.9796387], [116.3320862, 39.9797507], [116.3315339, 39.9797039]]]]}}, {"type": "Feature", "properties": {"building": "residential", "source": "osm"}, "geometry": {"type": "MultiPolygon", "coordinates": [[[[116.3312649, 39.979289], [116.3312798, 39.9791826], [116.3321567, 39.9792559], [116.3321444, 39.9793644], [116.3312649, 39.979289]]]]}}, {"type": "Feature", "properties": {"building": "residential", "source": "osm"}, "geometry": {"type": "MultiPolygon", "coordinates": [[[[116.3296937, 39.9802564], [116.3297094, 39.9801406], [116.3299988, 39.9801635], [116.3299942, 39.9801973], [116.3302688, 39.9802191], [116.3302525, 39.9803397], [116.3299567, 39.9803162], [116.3299619, 39.9802777], [116.3296937, 39.9802564]]]]}}, {"type": "Feature", "properties": {"building": "yes", "source": "osm"}, "geometry": {"type": "MultiPolygon", "coordinates": [[[[116.3309204, 39.9814298], [116.3309315, 39.981314], [116.3314935, 39.9813208], [116.3314935, 39.9814587], [116.3314246, 39.981457], [116.3314269, 39.9814808], [116.3312491, 39.9814791], [116.3311803, 39.9815081], [116.3311136, 39.98152], [116.3310648, 39.9815047], [116.3310292, 39.9814893], [116.3310026, 39.981503], [116.3309204, 39.9814298]]]]}}, {"type": "Feature", "properties": {"building": "residential", "source": "osm"}, "geometry": {"type": "MultiPolygon", "coordinates": [[[[116.3287192, 39.9811422], [116.3287323, 39.98099], [116.3294903, 39.9810283], [116.3294772, 39.9811805], [116.3287192, 39.9811422]]]]}}, {"type": "Feature", "properties": {"building": "residential", "name": "中关村324号楼", "source": "osm"}, "geometry": {"type": "MultiPolygon", "coordinates": [[[[116.3296047, 39.9811322], [116.3296178, 39.9809801], [116.3303759, 39.9810184], [116.3303628, 39.9811706], [116.3296047, 39.9811322]]]]}}, {"type": "Feature", "properties": {"building": "residential", "name": "中关村322号楼", "source": "osm"}, "geometry": {"type": "MultiPolygon", "coordinates": [[[[116.3287596, 39.9807829], [116.3287717, 39.9806591], [116.3303524, 39.9807501], [116.3303403, 39.980874], [116.3287596, 39.9807829]]]]}}, {"type": "Feature", "properties": {"building": "residential", "source": "osm"}, "geometry": {"type": "MultiPolygon", "coordinates": [[[[116.3296596, 39.9805344], [116.3296753, 39.9804186], [116.3299647, 39.9804416], [116.3299601, 39.9804753], [116.3302347, 39.9804971], [116.3302184, 39.9806177], [116.3299226, 39.9805942], [116.3299278, 39.9805557], [116.3296596, 39.9805344]]]]}}, {"type": "Feature", "properties": {"building": "residential", "source": "osm"}, "geometry": {"type": "MultiPolygon", "coordinates": [[[[116.3283317, 39.9804853], [116.3283509, 39.9803257], [116.3289264, 39.9803662], [116.3289287, 39.980347], [116.3295284, 39.9803893], [116.3295098, 39.9805443], [116.3289365, 39.9805039], [116.3289336, 39.9805277], [116.3283317, 39.9804853]]]]}}, {"type": "Feature", "properties": {"building": "residential", "source": "osm"}, "geometry": {"type": "MultiPolygon", "coordinates": [[[[116.3284672, 39.9801225], [116.3284869, 39.9799628], [116.3290637, 39.9800045], [116.3290661, 39.9799853], [116.3295968, 39.9800237], [116.3295776, 39.9801789], [116.3290742, 39.9801425], [116.3290712, 39.9801662], [116.3284672, 39.9801225]]]]}}, {"type": "Feature", "properties": {"building": "commercial", "name": "世纪科贸大厦A座", "source": "osm"}, "geometry": {"type": "MultiPolygon", "coordinates": [[[[116.3276266, 39.983789], [116.3276368, 39.9836147], [116.3276443, 39.9834876], [116.3280116, 39.9834978], [116.3279992, 39.983798], [116.3276266, 39.983789]]]]}}, {"type": "Feature", "properties": {"building": "commercial", "name": "世纪科贸大厦B座", "source": "osm"}, "geometry": {"type": "MultiPolygon", "coordinates": [[[[116.3276471, 39.9833375], [116.3276595, 39.9830373], [116.3280321, 39.9830463], [116.3280197, 39.9833465], [116.3276471, 39.9833375]]]]}}, {"type": "Feature", "properties": {"building": "residential", "source": "osm"}, "geometry": {"type": "MultiPolygon", "coordinates": [[[[116.3280205, 39.9827666], [116.3280212, 39.9826441], [116.3286096, 39.9826462], [116.3286089, 39.9827687], [116.3280205, 39.9827666]]]]}}, {"type": "Feature", "properties": {"building": "residential", "source": "osm"}, "geometry": {"type": "MultiPolygon", "coordinates": [[[[116.3280268, 39.9824646], [116.3280404, 39.9823438], [116.3283469, 39.9823641], [116.3283394, 39.9824309], [116.328592, 39.9824476], [116.3285771, 39.9825796], [116.3283147, 39.9825622], [116.3283235, 39.9824843], [116.3280268, 39.9824646]]]]}}, {"type": "Feature", "properties": {"building": "residential", "source": "osm"}, "geometry": {"type": "MultiPolygon", "coordinates": [[[[116.328068, 39.9820858], [116.3280837, 39.981948], [116.3286025, 39.9819826], [116.3285869, 39.9821204], [116.328068, 39.9820858]]]]}}, {"type": "Feature", "properties": {"building": "residential", "source": "osm"}, "geometry": {"type": "MultiPolygon", "coordinates": [[[[116.3281305, 39.9816969], [116.3281461, 39.9815591], [116.328665, 39.9815937], [116.3286493, 39.9817315], [116.3281305, 39.9816969]]]]}}, {"type": "Feature", "properties": {"building": "residential", "name": "声学所节能小区", "source": "osm"}, "geometry": {"type": "MultiPolygon", "coordinates": [[[[116.3277329, 39.9781421], [116.3277629, 39.9776873], [116.3287125, 39.977724], [116.328683, 39.9781709], [116.3284894, 39.9781634], [116.3285104, 39.9778442], [116.327945, 39.9778223], [116.3279235, 39.9781495], [116.3277329, 39.9781421]]]]}}, {"type": "Feature", "properties": {"building": "residential", "name": "怡升园", "source": "osm"}, "geometry": {"type": "MultiPolygon", "coordinates": [[[[116.3276895, 39.9787773], [116.3277147, 39.9784429], [116.3286514, 39.9784844], [116.3286224, 39.9788696], [116.3283747, 39.9788587], [116.3283913, 39.9786371], [116.327902, 39.9786155], [116.3278892, 39.9787861], [116.3276895, 39.9787773]]]]}}, {"type": "Feature", "properties": {"building": "residential", "source": "osm"}, "geometry": {"type": "MultiPolygon", "coordinates": [[[[116.3276395, 39.9792697], [116.3276498, 39.9790104], [116.3285257, 39.9790307], [116.3285147, 39.9793094], [116.3283485, 39.9793055], [116.328355, 39.9791404], [116.3277704, 39.9791269], [116.3277646, 39.9792726], [116.3276395, 39.9792697]]]]}}, {"type": "Feature", "properties": {"building": "residential", "source": "osm"}, "geometry": {"type": "MultiPolygon", "coordinates": [[[[116.3276261, 39.9797175], [116.3276396, 39.9794236], [116.3277603, 39.9794236], [116.3277576, 39.9796928], [116.3283289, 39.9797072], [116.3283262, 39.9798285], [116.3277361, 39.97981], [116.3277415, 39.9797175], [116.3276261, 39.9797175]]]]}}, {"type": "Feature", "properties": {"building": "residential", "source": "osm"}, "geometry": {"type": "MultiPolygon", "coordinates": [[[[116.3275382, 39.9806451], [116.3275696, 39.980007], [116.3282267, 39.980026], [116.3282209, 39.9801424], [116.3277581, 39.980129], [116.3277381, 39.9805355], [116.3280844, 39.9805456], [116.3280787, 39.9806608], [116.3275382, 39.9806451]]]]}}, {"type": "Feature", "properties": {"building": "residential", "source": "osm"}, "geometry": {"type": "MultiPolygon", "coordinates": [[[[116.3275269, 39.9812621], [116.327544, 39.980973], [116.3276864, 39.980978], [116.3276906, 39.9809068], [116.3280468, 39.9809192], [116.32804, 39.981034], [116.3276902, 39.9810219], [116.3276776, 39.9812356], [116.3278866, 39.9812429], [116.3278942, 39.9811144], [116.3280388, 39.9811194], [116.3280295, 39.9812764], [116.3278976, 39.9812718], [116.3278924, 39.9813598], [116.3276559, 39.9813516], [116.327661, 39.9812667], [116.3275269, 39.9812621]]]]}}, {"type": "Feature", "properties": {"building": "house", "source": "osm"}, "geometry": {"type": "MultiPolygon", "coordinates": [[[[116.3281467, 39.9813347], [116.328175, 39.9810451], [116.3282865, 39.9810515], [116.3282726, 39.9811938], [116.3284245, 39.9812025], [116.3282299, 39.9813395], [116.3281467, 39.9813347]]]]}}, {"type": "Feature", "properties": {"building": "house", "source": "osm"}, "geometry": {"type": "MultiPolygon", "coordinates": [[[[116.3281993, 39.9809422], [116.3282117, 39.9808187], [116.3286009, 39.9808418], [116.3285885, 39.9809652], [116.3281993, 39.9809422]]]]}}, {"type": "Feature", "properties": {"building": "house", "source": "osm"}, "geometry": {"type": "MultiPolygon", "coordinates": [[[[116.3282351, 39.9806893], [116.3282457, 39.9805939], [116.328651, 39.9806203], [116.3286404, 39.9807158], [116.3282351, 39.9806893]]]]}}, {"type": "Feature", "properties": {"building": "residential", "name": "世纪科贸大厦C座", "source": "osm"}, "geometry": {"type": "MultiPolygon", "coordinates": [[[[116.3276668, 39.9828751], [116.3276727, 39.9825388], [116.3278956, 39.9825411], [116.3278897, 39.9828773], [116.3276668, 39.9828751]]]]}}, {"type": "Feature", "properties": {"building": "residential", "source": "osm"}, "geometry": {"type": "MultiPolygon", "coordinates": [[[[116.3275727, 39.9816681], [116.3275738, 39.9815947], [116.3276181, 39.9815951], [116.3276188, 39.9815472], [116.3279728, 39.9815503], [116.3279704, 39.9817124], [116.3278416, 39.9817112], [116.3278379, 39.9819603], [116.3277467, 39.9819595], [116.3277463, 39.9819894], [116.3278616, 39.9819904], [116.327858, 39.9822367], [116.3275801, 39.9822344], [116.3275818, 39.9821118], [116.3276444, 39.9821124], [116.3276453, 39.9820532], [116.3275791, 39.9820527], [116.3275799, 39.9819977], [116.3276441, 39.9819983], [116.3276454, 39.9819093], [116.3275735, 39.9819087], [116.3275744, 39.9818514], [116.3276441, 39.981852], [116.3276453, 39.9817656], [116.3275771, 39.981765], [116.3275779, 39.9817145], [116.3276364, 39.981715], [116.3276371, 39.9816687], [116.3275727, 39.9816681]]]]}}, {"type": "Feature", "properties": {"building": "yes", "source": "osm"}, "geometry": {"type": "MultiPolygon", "coordinates": [[[[116.3296826, 39.9796325], [116.3297212, 39.9791627], [116.3299606, 39.9791742], [116.329937, 39.9794606], [116.3302885, 39.9794776], [116.3302734, 39.979661], [116.3296826, 39.9796325]]]]}}, {"type": "Feature", "properties": {"building": "yes", "source": "osm"}, "geometry": {"type": "MultiPolygon", "coordinates": [[[[116.3293716, 39.9790273], [116.3293742, 39.9789019], [116.3294708, 39.97883], [116.3299241, 39.9788464], [116.3299965, 39.9789163], [116.3299804, 39.979054], [116.3298866, 39.9790746], [116.3297498, 39.9790931], [116.3296344, 39.9790889], [116.329503, 39.9790725], [116.3293716, 39.9790273]]]]}}, {"type": "Feature", "properties": {"building": "yes", "source": "osm"}, "geometry": {"type": "MultiPolygon", "coordinates": [[[[116.328988, 39.9785833], [116.3290014, 39.9784826], [116.3290363, 39.9783799], [116.3290712, 39.9783264], [116.3292562, 39.9783326], [116.3292321, 39.9785566], [116.3295057, 39.9785669], [116.329503, 39.9785957], [116.3295768, 39.9785977], [116.3295942, 39.9784826], [116.3298812, 39.9784867], [116.3298544, 39.9788135], [116.3294654, 39.9787991], [116.3294681, 39.9787478], [116.3291784, 39.9787354], [116.3291731, 39.9788033], [116.3290229, 39.978795], [116.3289907, 39.978682], [116.328988, 39.9785833]]]]}}, {"type": "Feature", "properties": {"building": "yes", "source": "osm"}, "geometry": {"type": "MultiPolygon", "coordinates": [[[[116.329076, 39.9782639], [116.3290892, 39.9781297], [116.3296959, 39.9781647], [116.3296827, 39.978299], [116.329076, 39.9782639]]]]}}, {"type": "Feature", "properties": {"building": "yes", "source": "osm"}, "geometry": {"type": "MultiPolygon", "coordinates": [[[[116.3302932, 39.9789474], [116.3303051, 39.9787612], [116.3308412, 39.9787814], [116.3309901, 39.978787], [116.3309781, 39.9789732], [116.3302932, 39.9789474]]]]}}, {"type": "Feature", "properties": {"building": "yes", "source": "osm"}, "geometry": {"type": "MultiPolygon", "coordinates": [[[[116.3305419, 39.9783689], [116.3305545, 39.9782123], [116.3310352, 39.978235], [116.3309901, 39.978787], [116.3308412, 39.9787814], [116.3308748, 39.9785479], [116.3306545, 39.9785375], [116.3306616, 39.9784501], [116.3308784, 39.9784603], [116.3308845, 39.9783851], [116.3305419, 39.9783689]]]]}}, {"type": "Feature", "properties": {"building": "office", "name": "紫金数码园5号楼", "source": "osm"}, "geometry": {"type": "MultiPolygon", "coordinates": [[[[116.3291471, 39.9775171], [116.3291739, 39.9771237], [116.3296649, 39.9771433], [116.3296381, 39.9775367], [116.3291471, 39.9775171]]]]}}, {"type": "Feature", "properties": {"building": "yes", "office": "it", "source": "osm"}, "geometry": {"type": "MultiPolygon", "coordinates": [[[[116.3298087, 39.9775454], [116.3298237, 39.9771454], [116.3308559, 39.9771681], [116.3308409, 39.9775681], [116.3298087, 39.9775454]]]]}}, {"type": "Feature", "properties": {"building": "yes", "source": "osm"}, "geometry": {"type": "MultiPolygon", "coordinates": [[[[116.3290506, 39.976309], [116.3290588, 39.976167], [116.3299649, 39.9761977], [116.3299567, 39.9763397], [116.3290506, 39.976309]]]]}}, {"type": "Feature", "properties": {"building": "yes", "source": "osm"}, "geometry": {"type": "MultiPolygon", "coordinates": [[[[116.3291704, 39.9768446], [116.3291816, 39.9766698], [116.3300142, 39.9767013], [116.330003, 39.9768761], [116.3291704, 39.9768446]]]]}}, {"type": "Feature", "properties": {"building": "apartments", "source": "osm"}, "geometry": {"type": "MultiPolygon", "coordinates": [[[[116.3301529, 39.9766134], [116.3301658, 39.9763124], [116.3305467, 39.976322], [116.3305337, 39.976623], [116.3301529, 39.9766134]]]]}}, {"type": "Feature", "properties": {"building": "apartments", "source": "osm"}, "geometry": {"type": "MultiPolygon", "coordinates": [[[[116.330957, 39.9766254], [116.3309699, 39.9763243], [116.3313508, 39.9763339], [116.3313379, 39.976635], [116.330957, 39.9766254]]]]}}, {"type": "Feature", "properties": {"building": "yes", "source": "osm"}, "geometry": {"type": "MultiPolygon", "coordinates": [[[[116.3297624, 39.9757968], [116.3297746, 39.9755996], [116.3300762, 39.9756105], [116.330064, 39.9758077], [116.3297624, 39.9757968]]]]}}, {"type": "Feature", "properties": {"building": "residential", "source": "osm"}, "geometry": {"type": "MultiPolygon", "coordinates": [[[[116.3319723, 39.976399], [116.333217, 39.9763845], [116.3332197, 39.9765191], [116.3319749, 39.9765335], [116.3319723, 39.976399]]]]}}, {"type": "Feature", "properties": {"building": "residential", "source": "osm"}, "geometry": {"type": "MultiPolygon", "coordinates": [[[[116.3322288, 39.9779461], [116.3328265, 39.9779398], [116.3328291, 39.978085], [116.3322314, 39.9780912], [116.3322288, 39.9779461]]]]}}, {"type": "Feature", "properties": {"building": "residential", "source": "osm"}, "geometry": {"type": "MultiPolygon", "coordinates": [[[[116.3321212, 39.9775764], [116.3330225, 39.9775467], [116.3330365, 39.9777972], [116.3328131, 39.9778045], [116.332806, 39.9776789], [116.3321282, 39.9777012], [116.3321212, 39.9775764]]]]}}, {"type": "Feature", "properties": {"building": "commercial", "name": "中国工商银行海淀支行", "source": "osm"}, "geometry": {"type": "MultiPolygon", "coordinates": [[[[116.3278252, 39.9767228], [116.3278436, 39.9761428], [116.3280927, 39.9761474], [116.3280786, 39.9765923], [116.3286649, 39.9766033], [116.3286606, 39.9767384], [116.3278252, 39.9767228]]]]}}, {"type": "Feature", "properties": {"building": "yes", "name": "中关村海关辑私分局", "office": "government", "source": "osm"}, "geometry": {"type": "MultiPolygon", "coordinates": [[[[116.3278827, 39.9760556], [116.3278916, 39.9756397], [116.328511, 39.9756475], [116.3285021, 39.9760634], [116.3278827, 39.9760556]]]]}}, {"type": "Feature", "properties": {"building": "yes", "source": "osm"}, "geometry": {"type": "MultiPolygon", "coordinates": [[[[116.3286335, 39.9760516], [116.3286501, 39.9756561], [116.3288504, 39.9756611], [116.3288338, 39.9760565], [116.3286335, 39.9760516]]]]}}, {"type": "Feature", "properties": {"building": "yes", "source": "osm"}, "geometry": {"type": "MultiPolygon", "coordinates": [[[[116.3286203, 39.9798581], [116.3286775, 39.9794296], [116.3288531, 39.9794433], [116.3287959, 39.9798719], [116.3286203, 39.9798581]]]]}}, {"type": "Feature", "properties": {"building": "yes", "name": "CNIC", "office": "research", "source": "osm"}, "geometry": {"type": "MultiPolygon", "coordinates": [[[[116.3289526, 39.979697], [116.3289687, 39.9795038], [116.3296808, 39.9795521], [116.3296566, 39.9797432], [116.3289526, 39.979697]]]]}}, {"type": "Feature", "properties": {"building": "school", "source": "osm"}, "geometry": {"type": "MultiPolygon", "coordinates": [[[[116.31127, 39.9922501], [116.3112789, 39.9920831], [116.3120069, 39.9921059], [116.311998, 39.9922729], [116.31127, 39.9922501]]]]}}, {"type": "Feature", "properties": {"building": "school", "source": "osm"}, "geometry": {"type": "MultiPolygon", "coordinates": [[[[116.3100745, 39.992375], [116.3100906, 39.9920847], [116.3101886, 39.9920878], [116.3101845, 39.9921632], [116.3107103, 39.9921802], [116.3106984, 39.9923953], [116.3100745, 39.992375]]]]}}, {"type": "Feature", "properties": {"building": "school", "source": "osm"}, "geometry": {"type": "MultiPolygon", "coordinates": [[[[116.3116545, 39.9925051], [116.3116623, 39.9923432], [116.3120348, 39.9923537], [116.312027, 39.9925156], [116.3116545, 39.9925051]]]]}}, {"type": "Feature", "properties": {"building": "school", "name": "北京大学出版社", "source": "osm"}, "geometry": {"type": "MultiPolygon", "coordinates": [[[[116.3123348, 39.9913716], [116.3123427, 39.991223], [116.3133192, 39.9912532], [116.3133113, 39.9914019], [116.3123348, 39.9913716]]]]}}, {"type": "Feature", "properties": {"building": "yes", "name": "北大青鸟总部食堂", "amenity": "restaurant", "source": "osm"}, "geometry": {"type": "MultiPolygon", "coordinates": [[[[116.3122888, 39.9921039], [116.3123353, 39.991551], [116.3131708, 39.9915923], [116.3131553, 39.9917765], [116.3124764, 39.9917429], [116.3124684, 39.991838], [116.313159, 39.9918721], [116.313136, 39.9921457], [116.3122888, 39.9921039]]]]}}, {"type": "Feature", "properties": {"building": "yes", "name": "动力中心", "source": "osm"}, "geometry": {"type": "MultiPolygon", "coordinates": [[[[116.3124434, 39.9924358], [116.3124639, 39.9922102], [116.3135054, 39.9922658], [116.3134718, 39.9926351], [116.3131766, 39.9926193], [116.3131897, 39.9924755], [116.3124434, 39.9924358]]]]}}, {"type": "Feature", "properties": {"building": "school", "source": "osm"}, "geometry": {"type": "MultiPolygon", "coordinates": [[[[116.3138414, 39.9916101], [116.3138528, 39.9914276], [116.3141014, 39.9914367], [116.3140885, 39.9916178], [116.3138414, 39.9916101]]]]}}, {"type": "Feature", "properties": {"building": "school", "name": "北京大学-加速器楼", "source": "osm"}, "geometry": {"type": "MultiPolygon", "coordinates": [[[[116.3140691, 39.9918851], [116.3140885, 39.9916178], [116.3144297, 39.9916324], [116.314432, 39.9916002], [116.3143091, 39.991595], [116.3143187, 39.9914611], [116.3142303, 39.9914574], [116.3142422, 39.9912923], [116.3148504, 39.991318], [116.3148278, 39.9916312], [116.3146132, 39.9916221], [116.3146243, 39.9914678], [116.314514, 39.9914631], [116.3144822, 39.9919027], [116.3140691, 39.9918851]]]]}}, {"type": "Feature", "properties": {"building": "apartments", "source": "osm"}, "geometry": {"type": "MultiPolygon", "coordinates": [[[[116.310388, 39.9951641], [116.3103973, 39.9950476], [116.3111396, 39.9950822], [116.3111304, 39.9951988], [116.310388, 39.9951641]]]]}}, {"type": "Feature", "properties": {"building": "apartments", "source": "osm"}, "geometry": {"type": "MultiPolygon", "coordinates": [[[[116.3112431, 39.9951864], [116.311255, 39.9950628], [116.3119568, 39.9951026], [116.3119448, 39.9952263], [116.3112431, 39.9951864]]]]}}, {"type": "Feature", "properties": {"building": "yes", "source": "osm"}, "geometry": {"type": "MultiPolygon", "coordinates": [[[[116.3121395, 39.9952966], [116.3121649, 39.9951115], [116.3123344, 39.9951251], [116.312309, 39.9953102], [116.3121395, 39.9952966]]]]}}, {"type": "Feature", "properties": {"building": "yes", "source": "osm"}, "geometry": {"type": "MultiPolygon", "coordinates": [[[[116.3124834, 39.9952833], [116.3125061, 39.9951266], [116.312649, 39.9951387], [116.3126263, 39.9952955], [116.3124834, 39.9952833]]]]}}, {"type": "Feature", "properties": {"building": "yes", "source": "osm"}, "geometry": {"type": "MultiPolygon", "coordinates": [[[[116.312827, 39.9952953], [116.3128409, 39.9951609], [116.3130107, 39.9951711], [116.3129968, 39.9953055], [116.312827, 39.9952953]]]]}}, {"type": "Feature", "properties": {"building": "yes", "source": "osm"}, "geometry": {"type": "MultiPolygon", "coordinates": [[[[116.3131793, 39.9953036], [116.3131996, 39.9951636], [116.3133437, 39.9951758], [116.3133234, 39.9953159], [116.3131793, 39.9953036]]]]}}, {"type": "Feature", "properties": {"building": "yes", "source": "osm"}, "geometry": {"type": "MultiPolygon", "coordinates": [[[[116.3135058, 39.9953275], [116.3135315, 39.9951708], [116.3136698, 39.9951841], [116.3136441, 39.9953408], [116.3135058, 39.9953275]]]]}}, {"type": "Feature", "properties": {"building": "apartments", "source": "osm"}, "geometry": {"type": "MultiPolygon", "coordinates": [[[[116.31285, 39.9955599], [116.3128575, 39.9954648], [116.3132342, 39.9954822], [116.3132267, 39.9955774], [116.31285, 39.9955599]]]]}}, {"type": "Feature", "properties": {"building": "apartments", "source": "osm"}, "geometry": {"type": "MultiPolygon", "coordinates": [[[[116.3128387, 39.9958762], [116.3128473, 39.9957871], [116.3131859, 39.9958063], [116.3132, 39.9956597], [116.3133264, 39.9956669], [116.3133115, 39.9958205], [116.3131871, 39.9958134], [116.3131792, 39.9958955], [116.3128387, 39.9958762]]]]}}, {"type": "Feature", "properties": {"building": "apartments", "source": "osm"}, "geometry": {"type": "MultiPolygon", "coordinates": [[[[116.3133101, 39.9955925], [116.3133159, 39.9954954], [116.3136844, 39.9955082], [116.3136787, 39.9956054], [116.3133101, 39.9955925]]]]}}, {"type": "Feature", "properties": {"building": "yes", "source": "osm"}, "geometry": {"type": "MultiPolygon", "coordinates": [[[[116.3135347, 39.9958124], [116.313537, 39.9957321], [116.3136963, 39.9957347], [116.313694, 39.995815], [116.3135347, 39.9958124]]]]}}, {"type": "Feature", "properties": {"building": "yes", "source": "osm"}, "geometry": {"type": "MultiPolygon", "coordinates": [[[[116.3100089, 39.995816], [116.3100213, 39.9956814], [116.3101156, 39.9956865], [116.3101032, 39.9958211], [116.3100089, 39.995816]]]]}}, {"type": "Feature", "properties": {"building": "yes", "source": "osm"}, "geometry": {"type": "MultiPolygon", "coordinates": [[[[116.3101892, 39.994953], [116.3102073, 39.9947651], [116.3103572, 39.9947651], [116.3103345, 39.9949565], [116.3101892, 39.994953]]]]}}, {"type": "Feature", "properties": {"building": "yes", "source": "osm"}, "geometry": {"type": "MultiPolygon", "coordinates": [[[[116.3105435, 39.9949321], [116.3105526, 39.9947825], [116.3107025, 39.9947825], [116.3107025, 39.9949321], [116.3105435, 39.9949321]]]]}}, {"type": "Feature", "properties": {"building": "yes", "source": "osm"}, "geometry": {"type": "MultiPolygon", "coordinates": [[[[116.310952, 39.9949686], [116.3109586, 39.994835], [116.3110845, 39.9948386], [116.311078, 39.9949722], [116.310952, 39.9949686]]]]}}, {"type": "Feature", "properties": {"building": "yes", "source": "osm"}, "geometry": {"type": "MultiPolygon", "coordinates": [[[[116.3112021, 39.9949391], [116.3112248, 39.9947825], [116.3112839, 39.9947755], [116.3112612, 39.994953], [116.3112021, 39.9949391]]]]}}, {"type": "Feature", "properties": {"building": "yes", "source": "osm"}, "geometry": {"type": "MultiPolygon", "coordinates": [[[[116.3114247, 39.9948764], [116.3115246, 39.9948764], [116.3115291, 39.9950052], [116.3114247, 39.9949982], [116.3114247, 39.9948764]]]]}}, {"type": "Feature", "properties": {"building": "yes", "source": "osm"}, "geometry": {"type": "MultiPolygon", "coordinates": [[[[116.3116972, 39.9946572], [116.3118426, 39.9946642], [116.311838, 39.9948242], [116.3116972, 39.9948068], [116.3116972, 39.9946572]]]]}}, {"type": "Feature", "properties": {"building": "yes", "name": "北京大学燕东园30号楼", "source": "osm"}, "geometry": {"type": "MultiPolygon", "coordinates": [[[[116.3122332, 39.9949495], [116.3122605, 39.9946642], [116.3124149, 39.9946711], [116.3124013, 39.9948173], [116.3123422, 39.9948347], [116.3123241, 39.9949356], [116.3122332, 39.9949495]]]]}}, {"type": "Feature", "properties": {"building": "yes", "source": "osm"}, "geometry": {"type": "MultiPolygon", "coordinates": [[[[116.312374, 39.9949286], [116.3123876, 39.9948486], [116.3129872, 39.9948625], [116.3130099, 39.9948312], [116.3137367, 39.9948347], [116.3137231, 39.9950052], [116.3128464, 39.9949878], [116.3128282, 39.9949043], [116.3127419, 39.9949008], [116.3127147, 39.994953], [116.312374, 39.9949286]]]]}}, {"type": "Feature", "properties": {"building": "yes", "source": "osm"}, "geometry": {"type": "MultiPolygon", "coordinates": [[[[116.3130508, 39.9946676], [116.3130644, 39.9945667], [116.3132507, 39.9945841], [116.3133097, 39.9945772], [116.3133324, 39.994438], [116.3135278, 39.9944484], [116.313496, 39.9945772], [116.3134187, 39.9945876], [116.3134097, 39.9947442], [116.313287, 39.9947581], [116.3133006, 39.9946676], [116.3130508, 39.9946676]]]]}}, {"type": "Feature", "properties": {"building": "yes", "source": "osm"}, "geometry": {"type": "MultiPolygon", "coordinates": [[[[116.3135505, 39.994692], [116.3135596, 39.9946294], [116.3136865, 39.994634], [116.3137503, 39.9946363], [116.3137367, 39.9947129], [116.3135505, 39.994692]]]]}}, {"type": "Feature", "properties": {"building": "school", "source": "osm"}, "geometry": {"type": "MultiPolygon", "coordinates": [[[[116.3128065, 39.9945166], [116.31281, 39.9943925], [116.3129856, 39.9943954], [116.3129822, 39.9945195], [116.3128065, 39.9945166]]]]}}, {"type": "Feature", "properties": {"building": "school", "source": "osm"}, "geometry": {"type": "MultiPolygon", "coordinates": [[[[116.3114893, 39.9944379], [116.3114919, 39.9943038], [116.3116121, 39.9943052], [116.3116095, 39.9944392], [116.3114893, 39.9944379]]]]}}, {"type": "Feature", "properties": {"building": "school", "source": "osm"}, "geometry": {"type": "MultiPolygon", "coordinates": [[[[116.3115028, 39.9939914], [116.311621, 39.9939914], [116.311621, 39.994141], [116.3115028, 39.994141], [116.3115028, 39.9939914]]]]}}, {"type": "Feature", "properties": {"building": "school", "source": "osm"}, "geometry": {"type": "MultiPolygon", "coordinates": [[[[116.3116064, 39.9945284], [116.3116095, 39.9944392], [116.3118653, 39.994438], [116.3120606, 39.9944171], [116.3120561, 39.9945284], [116.3118517, 39.9945354], [116.3118471, 39.9944971], [116.3116927, 39.9944971], [116.3116881, 39.9945284], [116.3116064, 39.9945284]]]]}}, {"type": "Feature", "properties": {"building": "school", "source": "osm"}, "geometry": {"type": "MultiPolygon", "coordinates": [[[[116.3116382, 39.994257], [116.3116609, 39.9940656], [116.312215, 39.9940761], [116.3123195, 39.99409], [116.3123967, 39.9941317], [116.3124013, 39.9942118], [116.3123695, 39.9942709], [116.3122923, 39.9942918], [116.3122468, 39.9943057], [116.3122377, 39.994525], [116.3121424, 39.9945006], [116.312156, 39.9942814], [116.3116382, 39.994257]]]]}}, {"type": "Feature", "properties": {"building": "school", "source": "osm"}, "geometry": {"type": "MultiPolygon", "coordinates": [[[[116.3124967, 39.9941143], [116.3127783, 39.9941074], [116.3127783, 39.9941491], [116.3128282, 39.9941457], [116.3128146, 39.9942779], [116.3124967, 39.9942674], [116.3124967, 39.9941143]]]]}}, {"type": "Feature", "properties": {"building": "yes", "name": "北京大学燕东园34号楼", "source": "osm"}, "geometry": {"type": "MultiPolygon", "coordinates": [[[[116.3102664, 39.9944838], [116.3102685, 39.9944123], [116.3105094, 39.9944163], [116.3105075, 39.9944806], [116.3104394, 39.9944795], [116.3104373, 39.9945512], [116.3103089, 39.9945491], [116.3103107, 39.9944845], [116.3102664, 39.9944838]]]]}}, {"type": "Feature", "properties": {"building": "yes", "name": "北京大学-战略研究所", "source": "osm"}, "geometry": {"type": "MultiPolygon", "coordinates": [[[[116.3102755, 39.99417], [116.3102891, 39.9940969], [116.3105298, 39.9941004], [116.3105071, 39.9941979], [116.3102755, 39.99417]]]]}}, {"type": "Feature", "properties": {"building": "yes", "name": "北京大学-燕东园小楼32号楼", "source": "osm"}, "geometry": {"type": "MultiPolygon", "coordinates": [[[[116.3107206, 39.9940761], [116.3108569, 39.9940865], [116.3108433, 39.9942013], [116.3107252, 39.9941944], [116.3107206, 39.9940761]]]]}}, {"type": "Feature", "properties": {"building": "yes", "source": "osm"}, "geometry": {"type": "MultiPolygon", "coordinates": [[[[116.3109387, 39.994177], [116.3110159, 39.9941735], [116.3110113, 39.9942501], [116.3109432, 39.9942501], [116.3109387, 39.994177]]]]}}, {"type": "Feature", "properties": {"building": "yes", "name": "北京大学-燕东园小楼31号楼", "source": "osm"}, "geometry": {"type": "MultiPolygon", "coordinates": [[[[116.311025, 39.9940447], [116.3111249, 39.9940482], [116.3111067, 39.9940969], [116.3112066, 39.9941004], [116.3112066, 39.9941561], [116.311034, 39.9941561], [116.311025, 39.9940447]]]]}}, {"type": "Feature", "properties": {"building": "yes", "source": "osm"}, "geometry": {"type": "MultiPolygon", "coordinates": [[[[116.3098046, 39.9938511], [116.3099601, 39.9937174], [116.3100347, 39.9937683], [116.3098792, 39.993902], [116.3098046, 39.9938511]]]]}}, {"type": "Feature", "properties": {"building": "yes", "source": "osm"}, "geometry": {"type": "MultiPolygon", "coordinates": [[[[116.3105616, 39.9945806], [116.3105753, 39.9944623], [116.3106071, 39.9944902], [116.3106389, 39.994598], [116.3105616, 39.9945806]]]]}}, {"type": "Feature", "properties": {"building": "yes", "source": "osm"}, "geometry": {"type": "MultiPolygon", "coordinates": [[[[116.3106682, 39.9964177], [116.3106773, 39.996299], [116.3108726, 39.9963078], [116.3108774, 39.9962456], [116.3119342, 39.9962933], [116.3119235, 39.9964324], [116.3108544, 39.9963842], [116.3108512, 39.996426], [116.3106682, 39.9964177]]]]}}, {"type": "Feature", "properties": {"building": "residential", "name": "青年公寓（C座）", "source": "osm"}, "geometry": {"type": "MultiPolygon", "coordinates": [[[[116.3310489, 39.9819434], [116.3310572, 39.9818124], [116.3311943, 39.9817477], [116.331369, 39.9817527], [116.3313641, 39.9818557], [116.331222, 39.9818517], [116.3311707, 39.9818803], [116.3311665, 39.9819478], [116.3310489, 39.9819434]]]]}}, {"type": "Feature", "properties": {"building": "yes", "source": "osm"}, "geometry": {"type": "MultiPolygon", "coordinates": [[[[116.3319007, 39.9814], [116.3319934, 39.9812776], [116.3321138, 39.9813311], [116.3322789, 39.981113], [116.3323867, 39.9811609], [116.3321601, 39.9814604], [116.3321055, 39.9814361], [116.3320744, 39.9814772], [116.3319007, 39.9814]]]]}}, {"type": "Feature", "properties": {"building": "commercial", "source": "osm"}, "geometry": {"type": "MultiPolygon", "coordinates": [[[[116.299846, 39.9827124], [116.299879, 39.9826152], [116.300027, 39.9826448], [116.3001065, 39.9826606], [116.30048, 39.9827352], [116.300366, 39.9830705], [116.3002478, 39.9830469], [116.3003287, 39.9828087], [116.299846, 39.9827124]]]]}}, {"type": "Feature", "properties": {"building": "commercial", "name": "北京大地花园酒店", "source": "osm"}, "geometry": {"type": "MultiPolygon", "coordinates": [[[[116.2998869, 39.9816291], [116.3002912, 39.9816296], [116.3002874, 39.9820352], [116.2998869, 39.9820258], [116.2998869, 39.9816291]]]]}}, {"type": "Feature", "properties": {"building": "residential", "name": "西南2", "source": "osm"}, "geometry": {"type": "MultiPolygon", "coordinates": [[[[116.3151999, 39.992156], [116.3152042, 39.9920574], [116.3155013, 39.9920649], [116.315497, 39.9921635], [116.3151999, 39.992156]]]]}}, {"type": "Feature", "properties": {"building": "residential", "name": "西南1", "source": "osm"}, "geometry": {"type": "MultiPolygon", "coordinates": [[[[116.3154095, 39.9919118], [116.3154133, 39.9918099], [116.3157347, 39.991817], [116.3157308, 39.9919188], [116.3154095, 39.9919118]]]]}}, {"type": "Feature", "properties": {"building": "residential", "name": "9公寓", "source": "osm"}, "geometry": {"type": "MultiPolygon", "coordinates": [[[[116.3144525, 39.9959868], [116.3144596, 39.9958827], [116.3151997, 39.9959121], [116.3151927, 39.9960162], [116.3144525, 39.9959868]]]]}}, {"type": "Feature", "properties": {"building": "pavilion", "name": "教工活动中心", "source": "osm"}, "geometry": {"type": "MultiPolygon", "coordinates": [[[[116.3145037, 39.9970744], [116.3145178, 39.9969063], [116.3149343, 39.9969269], [116.3149201, 39.9970941], [116.3148252, 39.9970894], [116.3148063, 39.9973138], [116.3145923, 39.9973032], [116.3146111, 39.9970797], [116.3145037, 39.9970744]]]]}}, {"type": "Feature", "properties": {"building": "residential", "name": "2公寓", "source": "osm"}, "geometry": {"type": "MultiPolygon", "coordinates": [[[[116.3138329, 39.9972408], [116.3138389, 39.9971674], [116.3145102, 39.9971995], [116.3145042, 39.997273], [116.3138329, 39.9972408]]]]}}, {"type": "Feature", "properties": {"building": "residential", "name": "1公寓", "source": "osm"}, "geometry": {"type": "MultiPolygon", "coordinates": [[[[116.3148886, 39.9972873], [116.3148955, 39.9972092], [116.3155472, 39.9972429], [116.3155403, 39.9973211], [116.3148886, 39.9972873]]]]}}, {"type": "Feature", "properties": {"building": "yes", "name": "银网中心", "source": "osm"}, "geometry": {"type": "MultiPolygon", "coordinates": [[[[116.3141572, 39.975755], [116.3141695, 39.9751895], [116.3150516, 39.9752042], [116.3150388, 39.9756496], [116.3146967, 39.9756362], [116.3146965, 39.9755756], [116.3143414, 39.9755692], [116.3143398, 39.9756744], [116.3146356, 39.9756842], [116.3146293, 39.9758028], [116.3141961, 39.9757978], [116.3141572, 39.975755]]]]}}, {"type": "Feature", "properties": {"building": "yes", "name": "财智国际大厦", "source": "osm"}, "geometry": {"type": "MultiPolygon", "coordinates": [[[[116.3274036, 39.9870522], [116.3274129, 39.9868355], [116.3276658, 39.9868419], [116.3276788, 39.9865398], [116.327426, 39.9865334], [116.3274334, 39.9863605], [116.3279541, 39.9863736], [116.3279243, 39.9870654], [116.3274036, 39.9870522]]]]}}, {"type": "Feature", "properties": {"building": "yes", "name": "银谷大厦", "source": "osm"}, "geometry": {"type": "MultiPolygon", "coordinates": [[[[116.3275355, 39.9859915], [116.3275638, 39.9856634], [116.3285862, 39.9857152], [116.3285579, 39.9860432], [116.3275355, 39.9859915]]]]}}, {"type": "Feature", "properties": {"building": "yes", "name": "融科资讯中心C座", "source": "osm"}, "geometry": {"type": "MultiPolygon", "coordinates": [[[[116.3200748, 39.9822583], [116.3200909, 39.9817281], [116.3210297, 39.9817569], [116.3209975, 39.9822953], [116.3200748, 39.9822583]]]]}}, {"type": "Feature", "properties": {"building": "yes", "name": "110住宅", "source": "osm"}, "geometry": {"type": "MultiPolygon", "coordinates": [[[[116.3379984, 39.9847975], [116.3380062, 39.9847154], [116.338948, 39.9847427], [116.338944, 39.9848548], [116.3380651, 39.9848304], [116.3380225, 39.9848191], [116.3379984, 39.9847975]]]]}}, {"type": "Feature", "properties": {"building": "office", "name": "大恒科技大厦", "source": "osm"}, "geometry": {"type": "MultiPolygon", "coordinates": [[[[116.2988585, 39.9814963], [116.2989249, 39.9806835], [116.2993436, 39.9807036], [116.2992772, 39.9815163], [116.2988585, 39.9814963]]]]}}, {"type": "Feature", "properties": {"building": "yes", "name": "松林餐厅", "amenity": "restaurant", "source": "osm"}, "geometry": {"type": "MultiPolygon", "coordinates": [[[[116.3018693, 39.9865462], [116.3018799, 39.9863958], [116.302143, 39.9864067], [116.3021368, 39.986494], [116.3021324, 39.9865571], [116.3018693, 39.9865462]]]]}}, {"type": "Feature", "properties": {"building": "yes", "name": "餐饮综合楼（家园食堂）", "amenity": "restaurant", "source": "osm"}, "geometry": {"type": "MultiPolygon", "coordinates": [[[[116.3013023, 39.9873798], [116.301332, 39.9866439], [116.3017117, 39.986653], [116.3021088, 39.9866624], [116.3021876, 39.9866643], [116.3021744, 39.9869881], [116.302166, 39.9871949], [116.3021577, 39.9874001], [116.3013641, 39.9873827], [116.3013023, 39.9873798]]]]}}, {"type": "Feature", "properties": {"building": "apartments", "name": "43楼", "source": "osm"}, "geometry": {"type": "MultiPolygon", "coordinates": [[[[116.3004615, 39.9863273], [116.3004724, 39.9860659], [116.3010426, 39.9860799], [116.3010316, 39.9863413], [116.3004615, 39.9863273]]]]}}, {"type": "Feature", "properties": {"building": "university", "name": "理科教学楼（黄廷方楼）", "source": "osm"}, "geometry": {"type": "MultiPolygon", "coordinates": [[[[116.3066893, 39.990571], [116.3066999, 39.9903887], [116.3067235, 39.9903895], [116.306726, 39.9903471], [116.3067278, 39.9903163], [116.3067053, 39.9903155], [116.3067328, 39.9899306], [116.3069829, 39.9899405], [116.3073902, 39.9899569], [116.307389, 39.989976], [116.3075271, 39.9899807], [116.3075063, 39.9903394], [116.3074831, 39.9903386], [116.3074808, 39.9903787], [116.3074785, 39.9904182], [116.3074995, 39.9904189], [116.307489, 39.9905984], [116.3066893, 39.990571]]]]}}, {"type": "Feature", "properties": {"building": "public", "name": "英杰交流中心", "source": "osm"}, "geometry": {"type": "MultiPolygon", "coordinates": [[[[116.3074643, 39.9893794], [116.3074676, 39.9893341], [116.307517, 39.9893362], [116.307522, 39.9892682], [116.3077395, 39.9892774], [116.3080421, 39.9892903], [116.3080366, 39.9893659], [116.3080997, 39.9893686], [116.3080829, 39.9896232], [116.3077534, 39.9896074], [116.3075036, 39.9895968], [116.3075191, 39.9893817], [116.3074643, 39.9893794]]]]}}, {"type": "Feature", "properties": {"building": "university", "name": "地学楼", "source": "osm"}, "geometry": {"type": "MultiPolygon", "coordinates": [[[[116.3053681, 39.9905018], [116.3053798, 39.9903394], [116.3057428, 39.9903547], [116.306116, 39.9903705], [116.3061043, 39.9905329], [116.3057381, 39.9905174], [116.3053681, 39.9905018]]]]}}, {"type": "Feature", "properties": {"building": "university", "name": "老化学楼", "source": "osm"}, "geometry": {"type": "MultiPolygon", "coordinates": [[[[116.3052225, 39.9901449], [116.3052413, 39.9898243], [116.3063035, 39.989851], [116.306282, 39.9901778], [116.3060916, 39.9901737], [116.3060969, 39.9900586], [116.3057676, 39.9900473], [116.3054398, 39.990036], [116.3054318, 39.9901531], [116.3052225, 39.9901449]]]]}}, {"type": "Feature", "properties": {"building": "university", "name": "电化教学楼（智华楼）", "source": "osm"}, "geometry": {"type": "MultiPolygon", "coordinates": [[[[116.3054094, 39.9888567], [116.3054157, 39.9887562], [116.3055325, 39.9887605], [116.305537, 39.9886897], [116.305522, 39.9886891], [116.3055397, 39.9884329], [116.3055544, 39.9884335], [116.3055606, 39.9883471], [116.3054396, 39.988342], [116.3054476, 39.9882312], [116.3056138, 39.9882383], [116.3056149, 39.988223], [116.3061801, 39.9882472], [116.3061785, 39.988269], [116.3063447, 39.988276], [116.3063365, 39.9883907], [116.3061612, 39.9883834], [116.30616, 39.9884007], [116.3060487, 39.9883962], [116.3060499, 39.9883789], [116.3056528, 39.9883638], [116.3056497, 39.9884135], [116.3056726, 39.9884143], [116.3056698, 39.988462], [116.3058827, 39.9884693], [116.3058834, 39.9884559], [116.3061823, 39.9884651], [116.3061684, 39.9887314], [116.3059466, 39.9887246], [116.3059474, 39.988708], [116.3058651, 39.9887056], [116.305866, 39.9886885], [116.3056231, 39.9886812], [116.3056196, 39.9887489], [116.3061031, 39.9887635], [116.3061017, 39.9887899], [116.3062686, 39.9887952], [116.3062638, 39.9888836], [116.3060859, 39.988878], [116.3060847, 39.9889001], [116.3055841, 39.9888831], [116.3055853, 39.9888631], [116.3054094, 39.9888567]]]]}}, {"type": "Feature", "properties": {"building": "university", "name": "老生物楼", "source": "osm"}, "geometry": {"type": "MultiPolygon", "coordinates": [[[[116.305127, 39.9914075], [116.3051429, 39.9910961], [116.3053593, 39.9911026], [116.3053523, 39.9912413], [116.305685, 39.9912512], [116.3059866, 39.9912602], [116.3059933, 39.9911275], [116.3062293, 39.9911345], [116.3062137, 39.9914401], [116.305127, 39.9914075]]]]}}, {"type": "Feature", "properties": {"building": "university", "name": "体斋", "source": "osm"}, "geometry": {"type": "MultiPolygon", "coordinates": [[[[116.303109, 39.9943996], [116.3031251, 39.9942558], [116.3033074, 39.9942681], [116.3032914, 39.9944078], [116.303109, 39.9943996]]]]}}, {"type": "Feature", "properties": {"building": "yes", "name": "勺园食堂", "amenity": "restaurant", "source": "osm"}, "geometry": {"type": "MultiPolygon", "coordinates": [[[[116.2992555, 39.9906098], [116.2992815, 39.9901677], [116.2995856, 39.9901783], [116.2995814, 39.9902491], [116.2996154, 39.9902503], [116.2996428, 39.9902513], [116.299625, 39.9905549], [116.2995913, 39.9905537], [116.2995607, 39.9905527], [116.2995567, 39.9906202], [116.2992555, 39.9906098]]]]}}, {"type": "Feature", "properties": {"building": "yes", "name": "佟园餐厅（清真）", "amenity": "restaurant", "source": "osm"}, "geometry": {"type": "MultiPolygon", "coordinates": [[[[116.3005306, 39.9898047], [116.3005361, 39.9897028], [116.3009188, 39.9897028], [116.3009188, 39.989809], [116.3005306, 39.9898047]]]]}}, {"type": "Feature", "properties": {"building": "apartments", "name": "勺园1号楼", "source": "osm"}, "geometry": {"type": "MultiPolygon", "coordinates": [[[[116.2996505, 39.9901269], [116.2996561, 39.9900143], [116.3002411, 39.9900312], [116.3002355, 39.9901439], [116.2998604, 39.990133], [116.2997285, 39.9901292], [116.2996505, 39.9901269]]]]}}, {"type": "Feature", "properties": {"building": "apartments", "name": "勺园3号楼", "source": "osm"}, "geometry": {"type": "MultiPolygon", "coordinates": [[[[116.299618, 39.9907985], [116.2996266, 39.9906897], [116.2996934, 39.9906928], [116.2998244, 39.9906988], [116.3001926, 39.9907159], [116.3001841, 39.9908247], [116.299618, 39.9907985]]]]}}, {"type": "Feature", "properties": {"building": "apartments", "name": "勺园2号楼", "source": "osm"}, "geometry": {"type": "MultiPolygon", "coordinates": [[[[116.299679, 39.9906475], [116.2997085, 39.9901755], [116.2997255, 39.9901761], [116.2997285, 39.9901292], [116.2998604, 39.990133], [116.2998575, 39.9901784], [116.2998833, 39.9901793], [116.2998735, 39.9903368], [116.2998894, 39.9903374], [116.2998796, 39.9904962], [116.2998626, 39.9904956], [116.2998529, 39.9906525], [116.2998274, 39.9906516], [116.2998244, 39.9906988], [116.2996934, 39.9906928], [116.2996962, 39.9906482], [116.299679, 39.9906475]]]]}}, {"type": "Feature", "properties": {"building": "university", "name": "新太阳学生中心（16楼-18楼）", "source": "osm"}, "geometry": {"type": "MultiPolygon", "coordinates": [[[[116.3044127, 39.9878561], [116.3044515, 39.9873261], [116.3045163, 39.9873289], [116.3045725, 39.9873313], [116.3045757, 39.9872883], [116.3049588, 39.9873048], [116.3051693, 39.9873138], [116.3051599, 39.9874416], [116.3050563, 39.9874371], [116.3049327, 39.9874318], [116.3049205, 39.9875975], [116.304918, 39.9876322], [116.3049111, 39.9877263], [116.3049052, 39.9878062], [116.305134, 39.9878161], [116.3051243, 39.9879478], [116.3045166, 39.9879215], [116.3044659, 39.9879193], [116.3044703, 39.9878586], [116.3044127, 39.9878561]]]]}}, {"type": "Feature", "properties": {"building": "yes", "name": "燕南食堂", "amenity": "restaurant", "source": "osm"}, "geometry": {"type": "MultiPolygon", "coordinates": [[[[116.3039329, 39.9893167], [116.303949, 39.9891153], [116.3043085, 39.9891214], [116.3042987, 39.9892686], [116.304295, 39.9893249], [116.3040563, 39.9893195], [116.3039329, 39.9893167]]]]}}, {"type": "Feature", "properties": {"building": "yes", "source": "osm"}, "geometry": {"type": "MultiPolygon", "coordinates": [[[[116.3313548, 39.9748111], [116.331387, 39.9746425], [116.3316499, 39.9746713], [116.3316177, 39.9748357], [116.3313548, 39.9748111]]]]}}, {"type": "Feature", "properties": {"building": "yes", "source": "osm"}, "geometry": {"type": "MultiPolygon", "coordinates": [[[[116.3314203, 39.9742431], [116.3314418, 39.9740622], [116.3317637, 39.9740869], [116.3317368, 39.9742678], [116.3314203, 39.9742431]]]]}}, {"type": "Feature", "properties": {"building": "commercial", "source": "osm"}, "geometry": {"type": "MultiPolygon", "coordinates": [[[[116.3212671, 39.9990887], [116.3215524, 39.9990758], [116.3215632, 39.9992175], [116.3216285, 39.9992145], [116.3216351, 39.9993009], [116.3212846, 39.9993167], [116.3212671, 39.9990887]]]]}}, {"type": "Feature", "properties": {"building": "yes", "source": "osm"}, "geometry": {"type": "MultiPolygon", "coordinates": [[[[116.3113809, 39.9813725], [116.3113844, 39.9812739], [116.3120026, 39.9812866], [116.3119991, 39.9813853], [116.3113809, 39.9813725]]]]}}, {"type": "Feature", "properties": {"building": "yes", "source": "osm"}, "geometry": {"type": "MultiPolygon", "coordinates": [[[[116.3113931, 39.9810621], [116.3113969, 39.9809508], [116.3120163, 39.9809631], [116.3120125, 39.9810746], [116.3113931, 39.9810621]]]]}}, {"type": "Feature", "properties": {"building": "yes", "source": "osm"}, "geometry": {"type": "MultiPolygon", "coordinates": [[[[116.311397, 39.9807257], [116.3114005, 39.9806271], [116.3120188, 39.9806399], [116.3120153, 39.9807385], [116.311397, 39.9807257]]]]}}, {"type": "Feature", "properties": {"building": "yes", "source": "osm"}, "geometry": {"type": "MultiPolygon", "coordinates": [[[[116.3114736, 39.9804154], [116.3114774, 39.9803155], [116.3120622, 39.9803284], [116.3120584, 39.9804284], [116.3114736, 39.9804154]]]]}}, {"type": "Feature", "properties": {"building": "yes", "source": "osm"}, "geometry": {"type": "MultiPolygon", "coordinates": [[[[116.3114678, 39.9800941], [116.3114712, 39.9799954], [116.3120894, 39.9800082], [116.312086, 39.9801068], [116.3114678, 39.9800941]]]]}}, {"type": "Feature", "properties": {"building": "apartments", "source": "osm"}, "geometry": {"type": "MultiPolygon", "coordinates": [[[[116.3168396, 39.9828324], [116.3168523, 39.9826244], [116.3171588, 39.9826353], [116.3173461, 39.982642], [116.3173335, 39.98285], [116.3168396, 39.9828324]]]]}}, {"type": "Feature", "properties": {"building": "apartments", "source": "osm"}, "geometry": {"type": "MultiPolygon", "coordinates": [[[[116.3168796, 39.9822783], [116.3168922, 39.9820703], [116.3173861, 39.9820879], [116.3173735, 39.9822959], [116.3168796, 39.9822783]]]]}}, {"type": "Feature", "properties": {"building": "apartments", "source": "osm"}, "geometry": {"type": "MultiPolygon", "coordinates": [[[[116.3178164, 39.9828487], [116.317829, 39.9826407], [116.3183228, 39.9826582], [116.3183102, 39.9828663], [116.3178164, 39.9828487]]]]}}, {"type": "Feature", "properties": {"building": "apartments", "source": "osm"}, "geometry": {"type": "MultiPolygon", "coordinates": [[[[116.3178486, 39.9822896], [116.3178612, 39.9820816], [116.318355, 39.9820992], [116.3183424, 39.9823072], [116.3178486, 39.9822896]]]]}}, {"type": "Feature", "properties": {"building": "apartments", "source": "osm"}, "geometry": {"type": "MultiPolygon", "coordinates": [[[[116.3178459, 39.9817101], [116.3178585, 39.9815021], [116.3183523, 39.9815197], [116.3183397, 39.9817277], [116.3178459, 39.9817101]]]]}}, {"type": "Feature", "properties": {"building": "apartments", "source": "osm"}, "geometry": {"type": "MultiPolygon", "coordinates": [[[[116.3178754, 39.981151], [116.317888, 39.980943], [116.3183819, 39.9809606], [116.3183692, 39.9811686], [116.3178754, 39.981151]]]]}}, {"type": "Feature", "properties": {"building": "apartments", "source": "osm"}, "geometry": {"type": "MultiPolygon", "coordinates": [[[[116.3178888, 39.9806002], [116.3179014, 39.9803922], [116.3183953, 39.9804098], [116.318389, 39.9805138], [116.3183826, 39.9806178], [116.3178888, 39.9806002]]]]}}, {"type": "Feature", "properties": {"building": "apartments", "source": "osm"}, "geometry": {"type": "MultiPolygon", "coordinates": [[[[116.3169293, 39.9807886], [116.3169471, 39.9804832], [116.3173159, 39.9804959], [116.3172981, 39.9808012], [116.3169293, 39.9807886]]]]}}, {"type": "Feature", "properties": {"building": "apartments", "source": "osm"}, "geometry": {"type": "MultiPolygon", "coordinates": [[[[116.3173283, 39.9802363], [116.3173461, 39.979931], [116.3177149, 39.9799436], [116.3176971, 39.9802489], [116.3173283, 39.9802363]]]]}}, {"type": "Feature", "properties": {"building": "yes", "source": "osm"}, "geometry": {"type": "MultiPolygon", "coordinates": [[[[116.3169551, 39.9802204], [116.3169621, 39.9799967], [116.3170602, 39.9799252], [116.3173461, 39.979931], [116.3173283, 39.9802363], [116.3169551, 39.9802204]]]]}}, {"type": "Feature", "properties": {"building": "apartments", "source": "osm"}, "geometry": {"type": "MultiPolygon", "coordinates": [[[[116.3168063, 39.9839848], [116.3168106, 39.9838763], [116.3173149, 39.983888], [116.3173106, 39.9839964], [116.3168063, 39.9839848]]]]}}, {"type": "Feature", "properties": {"building": "yes", "source": "osm"}, "geometry": {"type": "MultiPolygon", "coordinates": [[[[116.316816, 39.9836464], [116.3168202, 39.983538], [116.3173245, 39.9835496], [116.3173203, 39.983658], [116.316816, 39.9836464]]]]}}, {"type": "Feature", "properties": {"building": "yes", "source": "osm"}, "geometry": {"type": "MultiPolygon", "coordinates": [[[[116.3168372, 39.9833006], [116.3168415, 39.9831922], [116.3173458, 39.9832038], [116.3173415, 39.9833123], [116.3168372, 39.9833006]]]]}}, {"type": "Feature", "properties": {"building": "apartments", "name": "raycom-a", "source": "osm"}, "geometry": {"type": "MultiPolygon", "coordinates": [[[[116.3174601, 39.984003], [116.3174644, 39.9838946], [116.3179687, 39.9839062], [116.3179644, 39.9840146], [116.3174601, 39.984003]]]]}}, {"type": "Feature", "properties": {"building": "yes", "name": "raycom-b", "source": "osm"}, "geometry": {"type": "MultiPolygon", "coordinates": [[[[116.3174884, 39.9836681], [116.3174927, 39.9835597], [116.317997, 39.9835713], [116.3179927, 39.9836797], [116.3174884, 39.9836681]]]]}}, {"type": "Feature", "properties": {"building": "yes", "source": "osm"}, "geometry": {"type": "MultiPolygon", "coordinates": [[[[116.3175008, 39.9833372], [116.3175051, 39.9832288], [116.3180094, 39.9832405], [116.3180051, 39.9833489], [116.3175008, 39.9833372]]]]}}, {"type": "Feature", "properties": {"building": "yes", "source": "osm"}, "geometry": {"type": "MultiPolygon", "coordinates": [[[[116.3140886, 39.9839097], [116.3140946, 39.9837803], [116.3146574, 39.9837954], [116.3146514, 39.9839249], [116.3140886, 39.9839097]]]]}}, {"type": "Feature", "properties": {"building": "yes", "source": "osm"}, "geometry": {"type": "MultiPolygon", "coordinates": [[[[116.3148161, 39.9839232], [116.31482, 39.983795], [116.3155658, 39.9838083], [116.3155619, 39.9839364], [116.3148161, 39.9839232]]]]}}, {"type": "Feature", "properties": {"building": "apartments", "source": "osm"}, "geometry": {"type": "MultiPolygon", "coordinates": [[[[116.3157264, 39.9839509], [116.3157315, 39.9838208], [116.3164516, 39.9838373], [116.3164466, 39.9839674], [116.3157264, 39.9839509]]]]}}, {"type": "Feature", "properties": {"building": "yes", "source": "osm"}, "geometry": {"type": "MultiPolygon", "coordinates": [[[[116.3157413, 39.9835952], [116.3157448, 39.9834787], [116.3164642, 39.9834915], [116.3164607, 39.9836081], [116.3157413, 39.9835952]]]]}}, {"type": "Feature", "properties": {"building": "yes", "source": "osm"}, "geometry": {"type": "MultiPolygon", "coordinates": [[[[116.3157532, 39.9832905], [116.3157568, 39.983174], [116.3164762, 39.9831868], [116.3164726, 39.9833034], [116.3157532, 39.9832905]]]]}}, {"type": "Feature", "properties": {"building": "yes", "source": "osm"}, "geometry": {"type": "MultiPolygon", "coordinates": [[[[116.3148578, 39.983262], [116.3148614, 39.9831455], [116.3155807, 39.9831583], [116.3155772, 39.9832749], [116.3148578, 39.983262]]]]}}, {"type": "Feature", "properties": {"building": "yes", "source": "osm"}, "geometry": {"type": "MultiPolygon", "coordinates": [[[[116.3148436, 39.9835793], [116.3148472, 39.9834628], [116.3155666, 39.9834756], [116.315563, 39.9835922], [116.3148436, 39.9835793]]]]}}, {"type": "Feature", "properties": {"building": "yes", "source": "osm"}, "geometry": {"type": "MultiPolygon", "coordinates": [[[[116.3141298, 39.983211], [116.314134, 39.9831148], [116.3147293, 39.9831299], [116.3147252, 39.9832262], [116.3141298, 39.983211]]]]}}, {"type": "Feature", "properties": {"building": "yes", "source": "osm"}, "geometry": {"type": "MultiPolygon", "coordinates": [[[[116.3139831, 39.9711359], [116.3139899, 39.9709991], [116.3142002, 39.9710052], [116.3141961, 39.9710888], [116.3144029, 39.9710948], [116.3143961, 39.9712313], [116.3141902, 39.9712253], [116.3141944, 39.971142], [116.3139831, 39.9711359]]]]}}, {"type": "Feature", "properties": {"building": "apartments", "source": "osm"}, "geometry": {"type": "MultiPolygon", "coordinates": [[[[116.3137094, 39.9707063], [116.3137162, 39.9705695], [116.3139265, 39.9705756], [116.3139224, 39.9706592], [116.3141292, 39.9706652], [116.3141224, 39.9708017], [116.3139165, 39.9707957], [116.3139207, 39.9707124], [116.3137094, 39.9707063]]]]}}, {"type": "Feature", "properties": {"building": "apartments", "source": "osm"}, "geometry": {"type": "MultiPolygon", "coordinates": [[[[116.3139546, 39.9700532], [116.3139614, 39.9699164], [116.3141717, 39.9699225], [116.3141676, 39.970006], [116.3143744, 39.970012], [116.3143676, 39.9701486], [116.3141617, 39.9701426], [116.3141658, 39.9700593], [116.3139546, 39.9700532]]]]}}, {"type": "Feature", "properties": {"building": "yes", "source": "osm"}, "geometry": {"type": "MultiPolygon", "coordinates": [[[[116.3146305, 39.9700473], [116.3146355, 39.9699462], [116.3153451, 39.9699666], [116.3153401, 39.9700677], [116.3146305, 39.9700473]]]]}}, {"type": "Feature", "properties": {"building": "yes", "source": "osm"}, "geometry": {"type": "MultiPolygon", "coordinates": [[[[116.3155418, 39.9701205], [116.3155471, 39.9700059], [116.3162568, 39.9700251], [116.3162515, 39.9701397], [116.3155418, 39.9701205]]]]}}, {"type": "Feature", "properties": {"building": "yes", "source": "osm"}, "geometry": {"type": "MultiPolygon", "coordinates": [[[[116.3155089, 39.9704955], [116.3155142, 39.9703809], [116.3162239, 39.9704001], [116.3162186, 39.9705147], [116.3155089, 39.9704955]]]]}}, {"type": "Feature", "properties": {"building": "yes", "source": "osm"}, "geometry": {"type": "MultiPolygon", "coordinates": [[[[116.3154879, 39.9708552], [116.3154932, 39.9707406], [116.3162029, 39.9707598], [116.3161976, 39.9708744], [116.3154879, 39.9708552]]]]}}, {"type": "Feature", "properties": {"building": "yes", "source": "osm"}, "geometry": {"type": "MultiPolygon", "coordinates": [[[[116.3154786, 39.9712596], [116.3154839, 39.971145], [116.3161936, 39.9711642], [116.3161883, 39.9712788], [116.3154786, 39.9712596]]]]}}, {"type": "Feature", "properties": {"building": "yes", "name": "双榆树北里 9 号楼", "source": "osm"}, "geometry": {"type": "MultiPolygon", "coordinates": [[[[116.3163168, 39.9712828], [116.3163221, 39.9711682], [116.3170318, 39.9711875], [116.3170266, 39.9713021], [116.3163168, 39.9712828]]]]}}, {"type": "Feature", "properties": {"building": "yes", "source": "osm"}, "geometry": {"type": "MultiPolygon", "coordinates": [[[[116.3163519, 39.9709142], [116.3163571, 39.9707996], [116.3170669, 39.9708188], [116.3170616, 39.9709334], [116.3163519, 39.9709142]]]]}}, {"type": "Feature", "properties": {"building": "yes", "source": "osm"}, "geometry": {"type": "MultiPolygon", "coordinates": [[[[116.3171668, 39.9712989], [116.3171721, 39.9711844], [116.3178818, 39.9712036], [116.3178765, 39.9713182], [116.3171668, 39.9712989]]]]}}, {"type": "Feature", "properties": {"building": "yes", "source": "osm"}, "geometry": {"type": "MultiPolygon", "coordinates": [[[[116.3171878, 39.9709214], [116.3171931, 39.9708068], [116.3179028, 39.970826], [116.3178975, 39.9709406], [116.3171878, 39.9709214]]]]}}, {"type": "Feature", "properties": {"building": "yes", "source": "osm"}, "geometry": {"type": "MultiPolygon", "coordinates": [[[[116.3172088, 39.9705545], [116.3172141, 39.9704399], [116.3179238, 39.9704591], [116.3179185, 39.9705737], [116.3172088, 39.9705545]]]]}}, {"type": "Feature", "properties": {"building": "yes", "source": "osm"}, "geometry": {"type": "MultiPolygon", "coordinates": [[[[116.3180617, 39.9712739], [116.3180664, 39.9711724], [116.3184323, 39.9711823], [116.3184302, 39.9712272], [116.3189777, 39.971242], [116.3189729, 39.9713449], [116.3184183, 39.9713299], [116.3184204, 39.9712836], [116.3180617, 39.9712739]]]]}}, {"type": "Feature", "properties": {"building": "yes", "source": "osm"}, "geometry": {"type": "MultiPolygon", "coordinates": [[[[116.3180855, 39.9709064], [116.3180902, 39.9708049], [116.3184561, 39.9708149], [116.318454, 39.9708597], [116.3190015, 39.9708745], [116.3189967, 39.9709775], [116.3184421, 39.9709624], [116.3184442, 39.9709161], [116.3180855, 39.9709064]]]]}}, {"type": "Feature", "properties": {"building": "yes", "source": "osm"}, "geometry": {"type": "MultiPolygon", "coordinates": [[[[116.3181103, 39.9705362], [116.3181149, 39.9704347], [116.3184808, 39.9704446], [116.3184788, 39.9704894], [116.3190263, 39.9705043], [116.3190215, 39.9706072], [116.3184669, 39.9705922], [116.318469, 39.9705459], [116.3181103, 39.9705362]]]]}}, {"type": "Feature", "properties": {"building": "yes", "name": "双榆树北里13号楼", "source": "osm"}, "geometry": {"type": "MultiPolygon", "coordinates": [[[[116.3181244, 39.9701768], [116.3181291, 39.9700753], [116.318495, 39.9700852], [116.3184929, 39.9701301], [116.3190404, 39.9701449], [116.3190357, 39.9702479], [116.318481, 39.9702328], [116.3184831, 39.9701865], [116.3181244, 39.9701768]]]]}}, {"type": "Feature", "properties": {"building": "yes", "source": "osm"}, "geometry": {"type": "MultiPolygon", "coordinates": [[[[116.3163644, 39.9707022], [116.3163794, 39.9702982], [116.3165632, 39.9703022], [116.3165481, 39.9707063], [116.3163644, 39.9707022]]]]}}, {"type": "Feature", "properties": {"building": "yes", "source": "osm"}, "geometry": {"type": "MultiPolygon", "coordinates": [[[[116.3165526, 39.9702142], [116.3165586, 39.9700956], [116.3171063, 39.9701121], [116.3171003, 39.9702305], [116.3165526, 39.9702142]]]]}}, {"type": "Feature", "properties": {"building": "residential", "name": "双榆树西里3号楼", "source": "osm"}, "geometry": {"type": "MultiPolygon", "coordinates": [[[[116.3165811, 39.9668803], [116.3168116, 39.9668792], [116.3168122, 39.9669619], [116.3170174, 39.966961], [116.3170185, 39.9670919], [116.3168041, 39.9670929], [116.3168035, 39.9670117], [116.3165822, 39.9670127], [116.3165811, 39.9668803]]]]}}, {"type": "Feature", "properties": {"building": "residential", "name": "双榆树西里4号楼", "source": "osm"}, "geometry": {"type": "MultiPolygon", "coordinates": [[[[116.316981, 39.9663744], [116.3172115, 39.9663733], [116.3172122, 39.9664561], [116.3174174, 39.9664551], [116.3174184, 39.966586], [116.3172041, 39.966587], [116.3172034, 39.9665058], [116.3169821, 39.9665069], [116.316981, 39.9663744]]]]}}, {"type": "Feature", "properties": {"building": "residential", "name": "双榆树西里2号楼", "source": "osm"}, "geometry": {"type": "MultiPolygon", "coordinates": [[[[116.3162449, 39.9663405], [116.3164753, 39.9663394], [116.316476, 39.9664221], [116.3166812, 39.9664212], [116.3166823, 39.9665521], [116.3164679, 39.9665531], [116.3164673, 39.9664719], [116.316246, 39.9664729], [116.3162449, 39.9663405]]]]}}, {"type": "Feature", "properties": {"building": "residential", "name": "双榆树西里5号楼", "source": "osm"}, "geometry": {"type": "MultiPolygon", "coordinates": [[[[116.317765, 39.9663717], [116.3179954, 39.9663706], [116.3179961, 39.9664533], [116.3182013, 39.9664524], [116.3182023, 39.9665833], [116.317988, 39.9665843], [116.3179873, 39.9665031], [116.317766, 39.9665041], [116.317765, 39.9663717]]]]}}, {"type": "Feature", "properties": {"building": "yes", "source": "osm"}, "geometry": {"type": "MultiPolygon", "coordinates": [[[[116.3179044, 39.9669491], [116.3179088, 39.9668433], [116.318268, 39.9668521], [116.3182636, 39.9669579], [116.3179044, 39.9669491]]]]}}, {"type": "Feature", "properties": {"building": "yes", "source": "osm"}, "geometry": {"type": "MultiPolygon", "coordinates": [[[[116.3178404, 39.9681466], [116.3178464, 39.9680444], [116.3185735, 39.9680695], [116.3185766, 39.9680156], [116.3191252, 39.9680345], [116.3191191, 39.9681384], [116.3185761, 39.9681197], [116.3185731, 39.9681718], [116.3178404, 39.9681466]]]]}}, {"type": "Feature", "properties": {"building": "yes", "source": "osm"}, "geometry": {"type": "MultiPolygon", "coordinates": [[[[116.3178569, 39.9677849], [116.3178629, 39.9676827], [116.31859, 39.9677078], [116.3185931, 39.9676538], [116.3191417, 39.9676728], [116.3191356, 39.9677767], [116.3185926, 39.967758], [116.3185896, 39.9678101], [116.3178569, 39.9677849]]]]}}, {"type": "Feature", "properties": {"building": "yes", "source": "osm"}, "geometry": {"type": "MultiPolygon", "coordinates": [[[[116.3178711, 39.9674172], [116.3178771, 39.9673151], [116.3186042, 39.9673401], [116.3186074, 39.9672862], [116.3191559, 39.9673051], [116.3191498, 39.967409], [116.3186069, 39.9673903], [116.3186038, 39.9674424], [116.3178711, 39.9674172]]]]}}, {"type": "Feature", "properties": {"building": "commercial", "name": "领展购物广场·中关村", "source": "osm"}, "geometry": {"type": "MultiPolygon", "coordinates": [[[[116.3071993, 39.9785741], [116.3073924, 39.9781794], [116.3074675, 39.9781918], [116.3076499, 39.9778876], [116.3077679, 39.9779205], [116.307894, 39.9777026], [116.3081729, 39.977719], [116.3082239, 39.9778033], [116.3083921, 39.9778098], [116.3090232, 39.9778341], [116.3089803, 39.9779328], [116.3088462, 39.9779349], [116.3088381, 39.9780952], [116.3083929, 39.9783089], [116.3079871, 39.9784351], [116.3073951, 39.9786193], [116.3074085, 39.9786481], [116.3073066, 39.9786912], [116.3072261, 39.9786481], [116.3072476, 39.9786111], [116.3071993, 39.9785741]]]]}}, {"type": "Feature", "properties": {"building": "yes", "source": "osm"}, "geometry": {"type": "MultiPolygon", "coordinates": [[[[116.3255448, 39.9783285], [116.3256655, 39.9782566], [116.325805, 39.9783491], [116.3259471, 39.9783409], [116.3259364, 39.9784457], [116.3260759, 39.9785813], [116.3259981, 39.9786635], [116.3256628, 39.9786594], [116.3255448, 39.9785813], [116.3255448, 39.9783285]]]]}}, {"type": "Feature", "properties": {"building": "yes", "name": "自动化所食堂", "source": "osm"}, "geometry": {"type": "MultiPolygon", "coordinates": [[[[116.325458, 39.979174], [116.3254611, 39.9788694], [116.3257785, 39.9788671], [116.3257606, 39.9791764], [116.325458, 39.979174]]]]}}, {"type": "Feature", "properties": {"building": "public", "name": "北京大学图书馆", "amenity": "library", "source": "osm"}, "geometry": {"type": "MultiPolygon", "coordinates": [[[[116.3030687, 39.9909693], [116.3030748, 39.9908609], [116.3033938, 39.9908715], [116.3034066, 39.9906442], [116.3030876, 39.9906336], [116.3030997, 39.990419], [116.3034187, 39.9904295], [116.3034323, 39.9901878], [116.3031133, 39.9901772], [116.3031201, 39.990056], [116.3034684, 39.9900675], [116.303531, 39.9900696], [116.3042168, 39.9900923], [116.3042143, 39.9901379], [116.304344, 39.9901422], [116.3043827, 39.9901435], [116.3043898, 39.990018], [116.3044474, 39.9900199], [116.3044499, 39.9899748], [116.3047143, 39.9899836], [116.3047031, 39.9901827], [116.3044387, 39.9901739], [116.3044141, 39.9906112], [116.3043967, 39.9909199], [116.3046542, 39.9909284], [116.3046431, 39.9911256], [116.3043856, 39.9911171], [116.3043877, 39.9910803], [116.3043301, 39.9910784], [116.3043363, 39.9909673], [116.3041679, 39.9909617], [116.3041654, 39.9910055], [116.3034445, 39.9909817], [116.3030687, 39.9909693]], [[116.3034864, 39.9908515], [116.3037562, 39.9908604], [116.303768, 39.9906514], [116.3037055, 39.9906494], [116.3037074, 39.9906158], [116.3035, 39.990609], [116.3034864, 39.9908515]], [[116.3039164, 39.9907982], [116.3039941, 39.9908007], [116.304006, 39.9905886], [116.3039284, 39.990586], [116.3039164, 39.9907982]], [[116.303937, 39.9905074], [116.3040146, 39.99051], [116.3040261, 39.9903063], [116.3039485, 39.9903037], [116.303937, 39.9905074]]]]}}, {"type": "Feature", "properties": {"building": "yes", "name": "中关村25号楼", "source": "osm"}, "geometry": {"type": "MultiPolygon", "coordinates": [[[[116.3118348, 39.9847528], [116.3118396, 39.9846634], [116.3127338, 39.9846916], [116.312729, 39.984781], [116.3118348, 39.9847528]]]]}}, {"type": "Feature", "properties": {"building": "yes", "name": "中关村26号楼", "source": "osm"}, "geometry": {"type": "MultiPolygon", "coordinates": [[[[116.3131164, 39.9848041], [116.3131196, 39.9847039], [116.3140443, 39.9847214], [116.3140411, 39.9848216], [116.3131164, 39.9848041]]]]}}, {"type": "Feature", "properties": {"building": "yes", "source": "osm"}, "geometry": {"type": "MultiPolygon", "coordinates": [[[[116.3117182, 39.9852079], [116.3117797, 39.9847881], [116.311928, 39.9848008], [116.3118665, 39.9852206], [116.3117182, 39.9852079]]]]}}, {"type": "Feature", "properties": {"building": "yes", "name": "中关村22号楼", "source": "osm"}, "geometry": {"type": "MultiPolygon", "coordinates": [[[[116.3120192, 39.9852227], [116.3120284, 39.9851167], [116.3125795, 39.9851445], [116.3125703, 39.9852506], [116.3120192, 39.9852227]]]]}}, {"type": "Feature", "properties": {"building": "yes", "name": "中关村甲25号楼", "source": "osm"}, "geometry": {"type": "MultiPolygon", "coordinates": [[[[116.3120937, 39.9849661], [116.3121036, 39.9848667], [116.3126616, 39.9848994], [116.3126517, 39.9849988], [116.3120937, 39.9849661]]]]}}, {"type": "Feature", "properties": {"building": "yes", "name": "中关村甲22号楼", "source": "osm"}, "geometry": {"type": "MultiPolygon", "coordinates": [[[[116.3120143, 39.9855004], [116.3120235, 39.9854029], [116.3125476, 39.9854317], [116.3125385, 39.9855292], [116.3120143, 39.9855004]]]]}}, {"type": "Feature", "properties": {"building": "yes", "name": "中关村甲21号楼", "source": "osm"}, "geometry": {"type": "MultiPolygon", "coordinates": [[[[116.3131014, 39.9855626], [116.3131115, 39.9854597], [116.3136741, 39.9854921], [116.313664, 39.9855951], [116.3131014, 39.9855626]]]]}}, {"type": "Feature", "properties": {"building": "yes", "name": "中关村21号楼", "source": "osm"}, "geometry": {"type": "MultiPolygon", "coordinates": [[[[116.3131678, 39.9852951], [116.3131774, 39.9851869], [116.313725, 39.9852154], [116.3137155, 39.9853235], [116.3131678, 39.9852951]]]]}}, {"type": "Feature", "properties": {"building": "yes", "name": "中关村甲26号楼", "source": "osm"}, "geometry": {"type": "MultiPolygon", "coordinates": [[[[116.3131811, 39.9850379], [116.3131899, 39.9849369], [116.3137608, 39.984966], [116.313752, 39.985067], [116.3131811, 39.9850379]]]]}}, {"type": "Feature", "properties": {"building": "yes", "name": "中关村15号楼", "source": "osm"}, "geometry": {"type": "MultiPolygon", "coordinates": [[[[116.3132292, 39.9859073], [116.31324, 39.9858047], [116.3138094, 39.98584], [116.3138255, 39.9856874], [116.313949, 39.985695], [116.3139221, 39.9859503], [116.3132292, 39.9859073]]]]}}, {"type": "Feature", "properties": {"building": "yes", "source": "osm"}, "geometry": {"type": "MultiPolygon", "coordinates": [[[[116.3125057, 39.9858561], [116.3125201, 39.9857429], [116.3130563, 39.9857828], [116.3130419, 39.985896], [116.3125057, 39.9858561]]]]}}, {"type": "Feature", "properties": {"building": "yes", "name": "中关村13号楼", "source": "osm"}, "geometry": {"type": "MultiPolygon", "coordinates": [[[[116.3116696, 39.9857894], [116.3116955, 39.9855367], [116.3118333, 39.9855449], [116.311818, 39.9856936], [116.3123839, 39.9857277], [116.3123733, 39.9858317], [116.3116696, 39.9857894]]]]}}, {"type": "Feature", "properties": {"building": "yes", "source": "osm"}, "geometry": {"type": "MultiPolygon", "coordinates": [[[[116.3138994, 39.9853322], [116.3139488, 39.9849089], [116.314097, 39.984919], [116.3140475, 39.9853423], [116.3138994, 39.9853322]]]]}}, {"type": "Feature", "properties": {"building": "yes", "source": "osm"}, "geometry": {"type": "MultiPolygon", "coordinates": [[[[116.3119398, 39.9860541], [116.3119524, 39.9859467], [116.312371, 39.9859752], [116.3123586, 39.9860826], [116.3119398, 39.9860541]]]]}}, {"type": "Feature", "properties": {"building": "yes", "source": "osm"}, "geometry": {"type": "MultiPolygon", "coordinates": [[[[116.313206, 39.9861667], [116.3132167, 39.9860656], [116.3136993, 39.9860955], [116.3136887, 39.9861966], [116.313206, 39.9861667]]]]}}, {"type": "Feature", "properties": {"building": "yes", "source": "osm"}, "geometry": {"type": "MultiPolygon", "coordinates": [[[[116.3123518, 39.9863023], [116.3123636, 39.9862052], [116.313122, 39.9862592], [116.3131103, 39.9863563], [116.3123518, 39.9863023]]]]}}, {"type": "Feature", "properties": {"building": "yes", "source": "osm"}, "geometry": {"type": "MultiPolygon", "coordinates": [[[[116.3119417, 39.9866279], [116.3119851, 39.9861672], [116.3120974, 39.9861734], [116.312054, 39.986634], [116.3119417, 39.9866279]]]]}}, {"type": "Feature", "properties": {"building": "yes", "source": "osm"}, "geometry": {"type": "MultiPolygon", "coordinates": [[[[116.3133446, 39.9867357], [116.3134086, 39.9862753], [116.3135161, 39.9862841], [116.3134521, 39.9867445], [116.3133446, 39.9867357]]]]}}, {"type": "Feature", "properties": {"building": "yes", "source": "osm"}, "geometry": {"type": "MultiPolygon", "coordinates": [[[[116.3118924, 39.9867968], [116.3119049, 39.9867073], [116.3126269, 39.9867668], [116.3126144, 39.9868563], [116.3118924, 39.9867968]]]]}}, {"type": "Feature", "properties": {"building": "yes", "source": "osm"}, "geometry": {"type": "MultiPolygon", "coordinates": [[[[116.3127093, 39.9868734], [116.3127221, 39.9867839], [116.3134438, 39.9868445], [116.3134311, 39.986934], [116.3127093, 39.9868734]]]]}}, {"type": "Feature", "properties": {"building": "yes", "source": "osm"}, "geometry": {"type": "MultiPolygon", "coordinates": [[[[116.3122088, 39.9865708], [116.3122206, 39.9864808], [116.3132049, 39.9865565], [116.3131931, 39.9866465], [116.3122088, 39.9865708]]]]}}, {"type": "Feature", "properties": {"building": "yes", "source": "osm"}, "geometry": {"type": "MultiPolygon", "coordinates": [[[[116.3118559, 39.9871114], [116.3118685, 39.9870219], [116.3125904, 39.9870813], [116.3125779, 39.9871708], [116.3118559, 39.9871114]]]]}}, {"type": "Feature", "properties": {"building": "yes", "source": "osm"}, "geometry": {"type": "MultiPolygon", "coordinates": [[[[116.3126664, 39.9871778], [116.3126789, 39.9870883], [116.3134009, 39.9871477], [116.3133884, 39.9872372], [116.3126664, 39.9871778]]]]}}, {"type": "Feature", "properties": {"building": "yes", "source": "osm"}, "geometry": {"type": "MultiPolygon", "coordinates": [[[[116.3110336, 39.9873465], [116.3110449, 39.9872131], [116.3114958, 39.9872379], [116.3114815, 39.9873733], [116.3110336, 39.9873465]]]]}}, {"type": "Feature", "properties": {"building": "yes", "source": "osm"}, "geometry": {"type": "MultiPolygon", "coordinates": [[[[116.3114815, 39.9873733], [116.3114958, 39.9872379], [116.3124842, 39.9872992], [116.3124699, 39.9874346], [116.3114815, 39.9873733]]]]}}, {"type": "Feature", "properties": {"building": "yes", "source": "osm"}, "geometry": {"type": "MultiPolygon", "coordinates": [[[[116.3125771, 39.9874374], [116.3125932, 39.9873057], [116.3135037, 39.987371], [116.3134876, 39.9875027], [116.3125771, 39.9874374]]]]}}, {"type": "Feature", "properties": {"building": "yes", "source": "osm"}, "geometry": {"type": "MultiPolygon", "coordinates": [[[[116.3178006, 39.9859109], [116.3178056, 39.9857918], [116.3183788, 39.9858059], [116.3183738, 39.985925], [116.3178006, 39.9859109]]]]}}, {"type": "Feature", "properties": {"building": "yes", "source": "osm"}, "geometry": {"type": "MultiPolygon", "coordinates": [[[[116.3177846, 39.9853256], [116.3178013, 39.9849127], [116.3182752, 39.984924], [116.3182702, 39.9850482], [116.3179794, 39.9850413], [116.3179746, 39.9851595], [116.3180319, 39.9851609], [116.3180337, 39.9851159], [116.3189124, 39.9851368], [116.3189107, 39.9851792], [116.3189615, 39.9851804], [116.3189657, 39.9850738], [116.3186797, 39.9850671], [116.3186851, 39.9849308], [116.3191521, 39.9849417], [116.3191353, 39.9853613], [116.3189518, 39.985357], [116.3189556, 39.9852616], [116.3189045, 39.9852604], [116.3189032, 39.9852932], [116.3180336, 39.9852728], [116.3180352, 39.9852336], [116.3179627, 39.9852319], [116.3179587, 39.9853297], [116.3177846, 39.9853256]]]]}}, {"type": "Feature", "properties": {"building": "yes", "source": "osm"}, "geometry": {"type": "MultiPolygon", "coordinates": [[[[116.3122003, 39.9838217], [116.3122047, 39.9837104], [116.3129993, 39.9837289], [116.3129948, 39.9838403], [116.3122003, 39.9838217]]]]}}, {"type": "Feature", "properties": {"building": "yes", "name": "中关村32号楼", "source": "osm"}, "geometry": {"type": "MultiPolygon", "coordinates": [[[[116.3130863, 39.9838901], [116.313089, 39.9837519], [116.3139392, 39.9837617], [116.3139365, 39.9838998], [116.3130863, 39.9838901]]]]}}, {"type": "Feature", "properties": {"building": "apartments", "source": "osm"}, "geometry": {"type": "MultiPolygon", "coordinates": [[[[116.3159513, 39.9754589], [116.3159555, 39.9753202], [116.3166923, 39.9753333], [116.3166881, 39.975472], [116.3159513, 39.9754589]]]]}}, {"type": "Feature", "properties": {"building": "yes", "source": "osm"}, "geometry": {"type": "MultiPolygon", "coordinates": [[[[116.3159316, 39.9758166], [116.3159356, 39.9757239], [116.316651, 39.9757419], [116.316647, 39.9758346], [116.3159316, 39.9758166]]]]}}, {"type": "Feature", "properties": {"building": "apartments", "source": "osm"}, "geometry": {"type": "MultiPolygon", "coordinates": [[[[116.3167473, 39.9755233], [116.3167523, 39.9753854], [116.3178641, 39.9754089], [116.3178592, 39.9755467], [116.3167473, 39.9755233]]]]}}, {"type": "Feature", "properties": {"building": "yes", "source": "osm"}, "geometry": {"type": "MultiPolygon", "coordinates": [[[[116.3167421, 39.9758464], [116.3167464, 39.9757454], [116.3178327, 39.9757725], [116.3178284, 39.9758734], [116.3167421, 39.9758464]]]]}}, {"type": "Feature", "properties": {"building": "apartments", "source": "osm"}, "geometry": {"type": "MultiPolygon", "coordinates": [[[[116.3180583, 39.9754488], [116.3180646, 39.9753456], [116.3187928, 39.9753721], [116.3187865, 39.9754752], [116.3180583, 39.9754488]]]]}}, {"type": "Feature", "properties": {"building": "yes", "source": "osm"}, "geometry": {"type": "MultiPolygon", "coordinates": [[[[116.3179272, 39.975889], [116.3179309, 39.9757934], [116.3186535, 39.9758102], [116.3186498, 39.9759058], [116.3179272, 39.975889]]]]}}, {"type": "Feature", "properties": {"building": "commercial", "name": "理想大厦", "source": "osm"}, "geometry": {"type": "MultiPolygon", "coordinates": [[[[116.3152244, 39.9757521], [116.3152487, 39.9752883], [116.3157156, 39.9753027], [116.3156912, 39.9757665], [116.3152244, 39.9757521]]]]}}, {"type": "Feature", "properties": {"building": "apartments", "name": "中关村928号楼", "source": "osm"}, "geometry": {"type": "MultiPolygon", "coordinates": [[[[116.3176546, 39.9768415], [116.3176588, 39.9767394], [116.3183591, 39.976756], [116.318355, 39.976858], [116.3176546, 39.9768415]]]]}}, {"type": "Feature", "properties": {"building": "apartments", "name": "中关村929号楼", "source": "osm"}, "geometry": {"type": "MultiPolygon", "coordinates": [[[[116.3176746, 39.9765347], [116.3176787, 39.9764326], [116.3183791, 39.9764492], [116.318375, 39.9765512], [116.3176746, 39.9765347]]]]}}, {"type": "Feature", "properties": {"building": "apartments", "name": "中关村930号楼", "source": "osm"}, "geometry": {"type": "MultiPolygon", "coordinates": [[[[116.3177515, 39.9762211], [116.3177556, 39.9761191], [116.318456, 39.9761356], [116.3184519, 39.9762377], [116.3177515, 39.9762211]]]]}}, {"type": "Feature", "properties": {"building": "yes", "source": "osm"}, "geometry": {"type": "MultiPolygon", "coordinates": [[[[116.3185544, 39.9768087], [116.3185559, 39.9767616], [116.3185822, 39.9767621], [116.3185842, 39.9766957], [116.3187664, 39.976699], [116.3187643, 39.9767678], [116.3187836, 39.9767681], [116.3187823, 39.9768127], [116.3185544, 39.9768087]]]]}}, {"type": "Feature", "properties": {"building": "yes", "name": "中关村927号楼", "source": "osm"}, "geometry": {"type": "MultiPolygon", "coordinates": [[[[116.318567, 39.9762917], [116.3185685, 39.9762447], [116.3185948, 39.9762452], [116.3185968, 39.9761788], [116.318779, 39.976182], [116.3187769, 39.9762509], [116.3187962, 39.9762512], [116.3187949, 39.9762958], [116.318567, 39.9762917]]]]}}, {"type": "Feature", "properties": {"building": "yes", "source": "osm"}, "geometry": {"type": "MultiPolygon", "coordinates": [[[[116.3185984, 39.9765889], [116.3186037, 39.9763654], [116.3187612, 39.9763676], [116.3187559, 39.9765911], [116.3185984, 39.9765889]]]]}}, {"type": "Feature", "properties": {"building": "apartments", "name": "中关村942号楼", "source": "osm"}, "geometry": {"type": "MultiPolygon", "coordinates": [[[[116.3161956, 39.9761559], [116.3161987, 39.9760644], [116.316895, 39.976078], [116.3168919, 39.9761695], [116.3161956, 39.9761559]]]]}}, {"type": "Feature", "properties": {"building": "apartments", "source": "osm"}, "geometry": {"type": "MultiPolygon", "coordinates": [[[[116.3161757, 39.9765139], [116.3161805, 39.9764235], [116.3168897, 39.9764457], [116.3168849, 39.9765362], [116.3161757, 39.9765139]]]]}}, {"type": "Feature", "properties": {"building": "apartments", "name": "中关村938号楼", "source": "osm"}, "geometry": {"type": "MultiPolygon", "coordinates": [[[[116.3160045, 39.9768587], [116.3160075, 39.9767576], [116.3165236, 39.9767665], [116.3165241, 39.9767482], [116.3170527, 39.9767573], [116.3170499, 39.9768522], [116.3165314, 39.9768432], [116.3165307, 39.9768677], [116.3160045, 39.9768587]]]]}}, {"type": "Feature", "properties": {"building": "apartments", "name": "中关村937号楼", "source": "osm"}, "geometry": {"type": "MultiPolygon", "coordinates": [[[[116.3159939, 39.977181], [116.3159969, 39.97708], [116.316513, 39.9770889], [116.3165135, 39.9770705], [116.3170421, 39.9770796], [116.3170393, 39.9771745], [116.3165207, 39.9771656], [116.31652, 39.9771901], [116.3159939, 39.977181]]]]}}, {"type": "Feature", "properties": {"building": "apartments", "name": "中关村936号楼", "source": "osm"}, "geometry": {"type": "MultiPolygon", "coordinates": [[[[116.315975, 39.9774805], [116.315978, 39.9773795], [116.3164941, 39.9773884], [116.3164946, 39.97737], [116.3170232, 39.9773791], [116.3170204, 39.977474], [116.3165019, 39.9774651], [116.3165011, 39.9774896], [116.315975, 39.9774805]]]]}}, {"type": "Feature", "properties": {"building": "apartments", "name": "中关村935号楼", "source": "osm"}, "geometry": {"type": "MultiPolygon", "coordinates": [[[[116.3159705, 39.9777846], [116.3159735, 39.9776836], [116.3164896, 39.9776925], [116.3164901, 39.9776741], [116.3170187, 39.9776832], [116.3170159, 39.9777781], [116.3164974, 39.9777692], [116.3164966, 39.9777937], [116.3159705, 39.9777846]]]]}}, {"type": "Feature", "properties": {"building": "yes", "name": "中关村934号楼（中关村博士后公寓）", "source": "osm"}, "geometry": {"type": "MultiPolygon", "coordinates": [[[[116.3159846, 39.9781724], [116.3159901, 39.9780307], [116.316498, 39.9780424], [116.316499, 39.9780171], [116.3169344, 39.9780271], [116.3169287, 39.9781703], [116.3165001, 39.9781604], [116.3164991, 39.9781842], [116.3159846, 39.9781724]]]]}}, {"type": "Feature", "properties": {"building": "apartments", "name": "中关村940号楼", "source": "osm"}, "geometry": {"type": "MultiPolygon", "coordinates": [[[[116.3169961, 39.9762207], [116.3169995, 39.976107], [116.3171672, 39.9761099], [116.3171656, 39.9761648], [116.3173124, 39.9761673], [116.3173107, 39.976223], [116.3174722, 39.9762258], [116.3174688, 39.9763404], [116.3172904, 39.9763373], [116.3172922, 39.9762763], [116.317148, 39.9762738], [116.3171494, 39.9762234], [116.3169961, 39.9762207]]]]}}, {"type": "Feature", "properties": {"building": "apartments", "source": "osm"}, "geometry": {"type": "MultiPolygon", "coordinates": [[[[116.3169692, 39.9765737], [116.3169726, 39.97646], [116.3171403, 39.9764629], [116.3171387, 39.9765178], [116.3172855, 39.9765203], [116.3172838, 39.976576], [116.3174454, 39.9765788], [116.317442, 39.9766934], [116.3172635, 39.9766903], [116.3172653, 39.9766293], [116.3171211, 39.9766268], [116.3171226, 39.9765764], [116.3169692, 39.9765737]]]]}}, {"type": "Feature", "properties": {"building": "apartments", "name": "中关村925号楼", "source": "osm"}, "geometry": {"type": "MultiPolygon", "coordinates": [[[[116.3179054, 39.9771628], [116.3179088, 39.9770673], [116.3184402, 39.9770783], [116.3184368, 39.9771738], [116.3179054, 39.9771628]]]]}}, {"type": "Feature", "properties": {"building": "apartments", "name": "中关村924号楼", "source": "osm"}, "geometry": {"type": "MultiPolygon", "coordinates": [[[[116.3178903, 39.9774724], [116.3178945, 39.9773742], [116.318418, 39.9773874], [116.3184138, 39.9774856], [116.3178903, 39.9774724]]]]}}, {"type": "Feature", "properties": {"building": "apartments", "name": "中关村923号楼", "source": "osm"}, "geometry": {"type": "MultiPolygon", "coordinates": [[[[116.3171951, 39.9777816], [116.3171987, 39.9776792], [116.3178877, 39.9776937], [116.3178885, 39.9776717], [116.3184193, 39.9776829], [116.3184157, 39.9777843], [116.3178931, 39.9777733], [116.3178923, 39.9777963], [116.3171951, 39.9777816]]]]}}, {"type": "Feature", "properties": {"building": "apartments", "name": "中关村922号楼", "source": "osm"}, "geometry": {"type": "MultiPolygon", "coordinates": [[[[116.3171584, 39.9781215], [116.3171632, 39.978018], [116.317892, 39.9780377], [116.3178872, 39.9781412], [116.3171584, 39.9781215]]]]}}, {"type": "Feature", "properties": {"building": "apartments", "name": "中关村921号楼", "source": "osm"}, "geometry": {"type": "MultiPolygon", "coordinates": [[[[116.3171412, 39.9784611], [116.317146, 39.9783575], [116.3178747, 39.9783773], [116.31787, 39.9784808], [116.3171412, 39.9784611]]]]}}, {"type": "Feature", "properties": {"building": "apartments", "name": "中关村920号楼", "source": "osm"}, "geometry": {"type": "MultiPolygon", "coordinates": [[[[116.3171209, 39.9788318], [116.3171256, 39.9787283], [116.3178544, 39.978748], [116.3178496, 39.9788515], [116.3171209, 39.9788318]]]]}}, {"type": "Feature", "properties": {"building": "yes", "source": "osm"}, "geometry": {"type": "MultiPolygon", "coordinates": [[[[116.3170653, 39.9795129], [116.3170707, 39.9793448], [116.3180316, 39.979363], [116.3180262, 39.9795311], [116.3170653, 39.9795129]]]]}}, {"type": "Feature", "properties": {"building": "apartments", "name": "中关村916号楼", "source": "osm"}, "geometry": {"type": "MultiPolygon", "coordinates": [[[[116.317105, 39.9791678], [116.3171121, 39.9790669], [116.3180857, 39.9791067], [116.3180786, 39.9792076], [116.317105, 39.9791678]]]]}}, {"type": "Feature", "properties": {"building": "apartments", "name": "中关村918号楼", "source": "osm"}, "geometry": {"type": "MultiPolygon", "coordinates": [[[[116.3179789, 39.9785207], [116.3179829, 39.978405], [116.3181425, 39.9784082], [116.318144, 39.9783621], [116.3183288, 39.9783658], [116.3183272, 39.9784122], [116.3184892, 39.9784155], [116.3184873, 39.9784684], [116.318644, 39.9784716], [116.3186396, 39.9786], [116.3184651, 39.9785965], [116.3184674, 39.978531], [116.3183131, 39.9785279], [116.3183147, 39.9784814], [116.3181698, 39.9784785], [116.3181682, 39.9785245], [116.3179789, 39.9785207]]]]}}, {"type": "Feature", "properties": {"building": "apartments", "source": "osm"}, "geometry": {"type": "MultiPolygon", "coordinates": [[[[116.3179579, 39.9788821], [116.3179619, 39.9787664], [116.3181215, 39.9787696], [116.318123, 39.9787235], [116.3183078, 39.9787272], [116.3183062, 39.9787736], [116.3184682, 39.9787769], [116.3184663, 39.9788298], [116.318623, 39.978833], [116.3186186, 39.9789614], [116.3184441, 39.9789579], [116.3184464, 39.9788924], [116.3182921, 39.9788893], [116.3182937, 39.9788428], [116.3181488, 39.9788399], [116.3181472, 39.9788859], [116.3179579, 39.9788821]]]]}}, {"type": "Feature", "properties": {"building": "yes", "name": "中关村931号楼", "source": "osm"}, "geometry": {"type": "MultiPolygon", "coordinates": [[[[116.3159804, 39.9795249], [116.3159844, 39.9794266], [116.3167454, 39.9794446], [116.3167414, 39.9795429], [116.3159804, 39.9795249]]]]}}, {"type": "Feature", "properties": {"building": "yes", "name": "中关村932号楼", "source": "osm"}, "geometry": {"type": "MultiPolygon", "coordinates": [[[[116.316075, 39.97921], [116.3160795, 39.9791117], [116.3168151, 39.9791316], [116.3168105, 39.9792299], [116.316075, 39.97921]]]]}}, {"type": "Feature", "properties": {"building": "yes", "source": "osm"}, "geometry": {"type": "MultiPolygon", "coordinates": [[[[116.31611, 39.9789209], [116.3161132, 39.9787947], [116.3165247, 39.9788008], [116.3165215, 39.978927], [116.31611, 39.9789209]]]]}}, {"type": "Feature", "properties": {"building": "kindergarten", "name": "中科院中关村实验幼儿园", "source": "osm"}, "geometry": {"type": "MultiPolygon", "coordinates": [[[[116.3160517, 39.9787855], [116.316056, 39.9786556], [116.3160909, 39.9786563], [116.3160962, 39.9784966], [116.3165093, 39.9785045], [116.3165038, 39.9786731], [116.3162113, 39.9786675], [116.3162073, 39.9787885], [116.3160517, 39.9787855]]]]}}, {"type": "Feature", "properties": {"building": "yes", "source": "osm"}, "geometry": {"type": "MultiPolygon", "coordinates": [[[[116.3184563, 39.9778586], [116.3184853, 39.977047], [116.3186864, 39.9770513], [116.3186573, 39.9778628], [116.3184563, 39.9778586]]]]}}, {"type": "Feature", "properties": {"building": "dormitory", "name": "5号楼", "source": "osm"}, "geometry": {"type": "MultiPolygon", "coordinates": [[[[116.3363189, 39.9768456], [116.3363819, 39.9767132], [116.3365202, 39.976749], [116.3365309, 39.9767179], [116.3365974, 39.9765247], [116.3368108, 39.9765636], [116.3367422, 39.9767607], [116.3367295, 39.9767973], [116.336884, 39.97683], [116.3368393, 39.9769718], [116.3366767, 39.9769406], [116.3365039, 39.9768985], [116.3363189, 39.9768456]]]]}}, {"type": "Feature", "properties": {"building": "yes", "name": "中关村大厦", "source": "osm"}, "geometry": {"type": "MultiPolygon", "coordinates": [[[[116.3100325, 39.9763309], [116.3101155, 39.9761066], [116.310338, 39.9761241], [116.3103694, 39.9763696], [116.3102746, 39.976597], [116.310052, 39.9765795], [116.3100325, 39.9763309]]]]}}, {"type": "Feature", "properties": {"building": "yes", "name": "力学所主楼", "office": "research", "source": "osm"}, "geometry": {"type": "MultiPolygon", "coordinates": [[[[116.3219988, 39.9856808], [116.3220051, 39.9854124], [116.3221813, 39.9854149], [116.3221795, 39.9854902], [116.3222713, 39.9854915], [116.3222724, 39.9854477], [116.3231457, 39.9854601], [116.3231443, 39.9855186], [116.3232279, 39.9855198], [116.3232295, 39.985451], [116.3234017, 39.9854534], [116.323396, 39.9856888], [116.3232122, 39.9856862], [116.3232149, 39.9855751], [116.323143, 39.9855741], [116.3231409, 39.9856649], [116.3222614, 39.9856525], [116.3222635, 39.9855634], [116.3222011, 39.9855626], [116.3221983, 39.9856836], [116.3219988, 39.9856808]]]]}}, {"type": "Feature", "properties": {"building": "hospital", "name": "中国人民大学校医院", "source": "osm"}, "geometry": {"type": "MultiPolygon", "coordinates": [[[[116.3049674, 39.9664333], [116.305006, 39.9662267], [116.305683, 39.966301], [116.3056445, 39.9665076], [116.3049674, 39.9664333]]]]}}, {"type": "Feature", "properties": {"building": "yes", "name": "北园5楼", "source": "osm"}, "geometry": {"type": "MultiPolygon", "coordinates": [[[[116.3038736, 39.9735732], [116.3039001, 39.9733643], [116.3040646, 39.9733766], [116.3040698, 39.973335], [116.3047343, 39.9733845], [116.3047282, 39.9734325], [116.304722, 39.973482], [116.3047483, 39.973484], [116.3047414, 39.9735385], [116.304091, 39.9734901], [116.3040785, 39.9735885], [116.3038736, 39.9735732]]]]}}, {"type": "Feature", "properties": {"building": "yes", "name": "北园4楼", "source": "osm"}, "geometry": {"type": "MultiPolygon", "coordinates": [[[[116.304983, 39.9735934], [116.3050227, 39.9732647], [116.3051135, 39.9732712], [116.3051185, 39.9732304], [116.3052309, 39.9732383], [116.305226, 39.9732791], [116.3053102, 39.9732851], [116.3052706, 39.9736137], [116.304983, 39.9735934]]]]}}, {"type": "Feature", "properties": {"building": "yes", "name": "中国人民大学综合服务中心", "source": "osm"}, "geometry": {"type": "MultiPolygon", "coordinates": [[[[116.3097318, 39.9696045], [116.30976, 39.969376], [116.3106711, 39.9694421], [116.3106485, 39.9696247], [116.3099307, 39.9695726], [116.309925, 39.9696186], [116.3097318, 39.9696045]]]]}}, {"type": "Feature", "properties": {"building": "yes", "name": "教学四楼", "source": "osm"}, "geometry": {"type": "MultiPolygon", "coordinates": [[[[116.3107292, 39.9723539], [116.3107449, 39.9722168], [116.3108074, 39.9721961], [116.3108553, 39.9722258], [116.3108757, 39.972258], [116.3115841, 39.9723056], [116.3115722, 39.9724104], [116.3107292, 39.9723539]]]]}}, {"type": "Feature", "properties": {"building": "yes", "name": "信息楼", "source": "osm"}, "geometry": {"type": "MultiPolygon", "coordinates": [[[[116.3086494, 39.9721915], [116.3086659, 39.9720493], [116.3105588, 39.9721785], [116.3105423, 39.9723208], [116.3101772, 39.9722959], [116.3101813, 39.97226], [116.3096504, 39.9722238], [116.3096462, 39.9722596], [116.3093995, 39.9722427], [116.3094035, 39.9722081], [116.3089348, 39.9721761], [116.3089307, 39.9722107], [116.3086494, 39.9721915]]]]}}, {"type": "Feature", "properties": {"building": "yes", "source": "osm"}, "geometry": {"type": "MultiPolygon", "coordinates": [[[[116.3065781, 39.9699409], [116.3066039, 39.9697425], [116.306993, 39.9697723], [116.3070143, 39.9696089], [116.3066019, 39.9695773], [116.3066235, 39.9694114], [116.3076696, 39.9694916], [116.3076475, 39.9696609], [116.3072335, 39.9696292], [116.3072125, 39.9697901], [116.307608, 39.9698204], [116.3075822, 39.9700178], [116.3065781, 39.9699409]]]]}}, {"type": "Feature", "properties": {"building": "yes", "name": "文化大厦", "source": "osm"}, "geometry": {"type": "MultiPolygon", "coordinates": [[[[116.3123557, 39.970212], [116.3124224, 39.9696493], [116.3126777, 39.9696671], [116.312904, 39.9698228], [116.3128232, 39.9701473], [116.3125847, 39.9702279], [116.3123557, 39.970212]]]]}}, {"type": "Feature", "properties": {"building": "yes", "name": "游泳馆", "leisure": "sports_centre", "source": "osm"}, "geometry": {"type": "MultiPolygon", "coordinates": [[[[116.3062309, 39.9670117], [116.3062667, 39.9667071], [116.3062908, 39.9665024], [116.3067158, 39.9665306], [116.3066587, 39.9670358], [116.3062309, 39.9670117]]]]}}, {"type": "Feature", "properties": {"building": "university", "name": "公共教学三楼", "source": "osm"}, "geometry": {"type": "MultiPolygon", "coordinates": [[[[116.3068165, 39.9673768], [116.3068587, 39.9669981], [116.3073404, 39.9670296], [116.3073291, 39.9671315], [116.3070883, 39.9671158], [116.3070786, 39.967203], [116.3076107, 39.9672378], [116.3076221, 39.9671353], [116.30791, 39.9671542], [116.3078951, 39.9672881], [116.3076617, 39.9672729], [116.3076441, 39.9674309], [116.3068165, 39.9673768]]]]}}, {"type": "Feature", "properties": {"building": "yes", "source": "osm"}, "geometry": {"type": "MultiPolygon", "coordinates": [[[[116.3013416, 39.9684341], [116.301368, 39.9682495], [116.3023101, 39.9683241], [116.302283, 39.9685133], [116.3013416, 39.9684341]]]]}}, {"type": "Feature", "properties": {"building": "university", "source": "osm"}, "geometry": {"type": "MultiPolygon", "coordinates": [[[[116.3059018, 39.9697439], [116.3059097, 39.9696792], [116.3059168, 39.9696207], [116.3060924, 39.9696333], [116.3061008, 39.9695643], [116.3061161, 39.9694391], [116.3061244, 39.9693715], [116.3059345, 39.9693578], [116.305942, 39.9692971], [116.3059485, 39.9692441], [116.3061414, 39.969258], [116.3061425, 39.9692489], [116.3061913, 39.9692524], [116.3062569, 39.9692571], [116.3062557, 39.9692662], [116.30659, 39.9692902], [116.3065824, 39.9693525], [116.306576, 39.9694046], [116.3062476, 39.9693809], [116.3062242, 39.9695726], [116.3062153, 39.9696452], [116.3064258, 39.9696603], [116.3064184, 39.9697205], [116.306411, 39.9697805], [116.3059018, 39.9697439]]]]}}, {"type": "Feature", "properties": {"building": "yes", "source": "osm"}, "geometry": {"type": "MultiPolygon", "coordinates": [[[[116.3053835, 39.9696631], [116.3054036, 39.9695499], [116.3054933, 39.9695592], [116.3054994, 39.969525], [116.3055428, 39.9695295], [116.3055588, 39.9694388], [116.3054356, 39.969426], [116.3054545, 39.9693196], [116.3055831, 39.969333], [116.3055973, 39.9692527], [116.3054687, 39.9692393], [116.3054877, 39.9691325], [116.3056617, 39.9691506], [116.3059131, 39.9691768], [116.3058939, 39.9692846], [116.3056972, 39.9692641], [116.3056829, 39.9693447], [116.3058796, 39.9693652], [116.3058609, 39.9694703], [116.3056632, 39.9694497], [116.3056469, 39.9695415], [116.3058835, 39.9695661], [116.3058575, 39.9697125], [116.3055638, 39.9696819], [116.3053835, 39.9696631]]]]}}, {"type": "Feature", "properties": {"building": "yes", "name": "理工楼", "source": "osm"}, "geometry": {"type": "MultiPolygon", "coordinates": [[[[116.307999, 39.9695311], [116.3080186, 39.9693351], [116.308165, 39.9693437], [116.3081683, 39.9693112], [116.308848, 39.9693512], [116.3088362, 39.9694663], [116.3088234, 39.9695795], [116.3081823, 39.9695419], [116.307999, 39.9695311]]]]}}, {"type": "Feature", "properties": {"building": "yes", "name": "理工楼配楼", "source": "osm"}, "geometry": {"type": "MultiPolygon", "coordinates": [[[[116.3078135, 39.9698286], [116.3078508, 39.969517], [116.307999, 39.9695311], [116.3081823, 39.9695419], [116.3081529, 39.9698486], [116.3078135, 39.9698286]]]]}}, {"type": "Feature", "properties": {"building": "yes", "name": "ITS", "office": "it", "source": "osm"}, "geometry": {"type": "MultiPolygon", "coordinates": [[[[116.3088192, 39.9696158], [116.3088234, 39.9695795], [116.3088362, 39.9694663], [116.3089477, 39.9694737], [116.3089308, 39.9696233], [116.3088192, 39.9696158]]]]}}, {"type": "Feature", "properties": {"building": "university", "name": "中区食堂", "source": "osm"}, "geometry": {"type": "MultiPolygon", "coordinates": [[[[116.3088203, 39.9700796], [116.3088705, 39.969687], [116.3090726, 39.9697022], [116.3090778, 39.9696611], [116.3092629, 39.969675], [116.3092577, 39.9697161], [116.3094119, 39.9697277], [116.3093616, 39.9701202], [116.3092253, 39.9701099], [116.3092229, 39.9701287], [116.3091689, 39.9701246], [116.3091098, 39.9701202], [116.3091122, 39.9701015], [116.3088203, 39.9700796]]]]}}, {"type": "Feature", "properties": {"building": "apartments", "name": "宜园2楼", "source": "osm"}, "geometry": {"type": "MultiPolygon", "coordinates": [[[[116.3031643, 39.970535], [116.3032026, 39.9702306], [116.3035757, 39.9702581], [116.3035374, 39.9705625], [116.3031643, 39.970535]]]]}}, {"type": "Feature", "properties": {"building": "apartments", "name": "宜园3楼", "source": "osm"}, "geometry": {"type": "MultiPolygon", "coordinates": [[[[116.3037339, 39.9705861], [116.303751, 39.9703713], [116.3037578, 39.9702852], [116.3041334, 39.9703027], [116.3041096, 39.9706036], [116.3037339, 39.9705861]]]]}}, {"type": "Feature", "properties": {"building": "yes", "name": "知行6楼", "source": "osm"}, "geometry": {"type": "MultiPolygon", "coordinates": [[[[116.3030789, 39.9715352], [116.3031565, 39.9708765], [116.3034895, 39.9708995], [116.3034299, 39.9713907], [116.3034119, 39.9715582], [116.3030789, 39.9715352]]]]}}, {"type": "Feature", "properties": {"building": "apartments", "name": "知行5楼", "source": "osm"}, "geometry": {"type": "MultiPolygon", "coordinates": [[[[116.303414, 39.9715537], [116.3034299, 39.9713907], [116.3040126, 39.9714241], [116.3039967, 39.9715871], [116.303414, 39.9715537]]]]}}, {"type": "Feature", "properties": {"building": "apartments", "name": "知行1楼", "source": "osm"}, "geometry": {"type": "MultiPolygon", "coordinates": [[[[116.3042304, 39.9711882], [116.3042438, 39.9710415], [116.3050689, 39.9710859], [116.3050475, 39.9713194], [116.3048981, 39.9713113], [116.3049061, 39.9712246], [116.3042304, 39.9711882]]]]}}, {"type": "Feature", "properties": {"building": "apartments", "name": "知行3楼", "source": "osm"}, "geometry": {"type": "MultiPolygon", "coordinates": [[[[116.3045981, 39.9717175], [116.3046274, 39.9714562], [116.3049669, 39.9714787], [116.3049375, 39.9717399], [116.3045981, 39.9717175]]]]}}, {"type": "Feature", "properties": {"building": "university", "name": "明德堂", "source": "osm"}, "geometry": {"type": "MultiPolygon", "coordinates": [[[[116.3015351, 39.9713114], [116.3015438, 39.9712348], [116.3015555, 39.9711025], [116.3015699, 39.9709845], [116.3018006, 39.970999], [116.3020334, 39.9710136], [116.3020299, 39.9710464], [116.3022805, 39.9710621], [116.3022709, 39.9711506], [116.3022625, 39.971228], [116.3022491, 39.9713561], [116.3021416, 39.9713494], [116.3021392, 39.9713716], [116.3019889, 39.9713622], [116.3019913, 39.9713399], [116.3015351, 39.9713114]]]]}}, {"type": "Feature", "properties": {"building": "university", "name": "明德国际楼", "source": "osm"}, "geometry": {"type": "MultiPolygon", "coordinates": [[[[116.3009584, 39.9711037], [116.3010123, 39.9706067], [116.301232, 39.9706207], [116.3012204, 39.9707277], [116.3011811, 39.9710899], [116.3014524, 39.9710971], [116.3015555, 39.9711025], [116.3015438, 39.9712348], [116.3014406, 39.9712294], [116.3014386, 39.9712525], [116.3011568, 39.9712418], [116.3011599, 39.9712133], [116.3011303, 39.9712114], [116.3011058, 39.9712461], [116.3010576, 39.9712569], [116.3010093, 39.9712324], [116.3010044, 39.9712005], [116.3010214, 39.9711757], [116.3010281, 39.9711089], [116.3009584, 39.9711037]]]]}}, {"type": "Feature", "properties": {"building": "university", "name": "明德新闻楼", "source": "osm"}, "geometry": {"type": "MultiPolygon", "coordinates": [[[[116.3022625, 39.971228], [116.3022709, 39.9711506], [116.3024687, 39.9711632], [116.3024609, 39.9712348], [116.302502, 39.9712374], [116.3025367, 39.9709169], [116.3025597, 39.970705], [116.302785, 39.9707193], [116.302717, 39.9713462], [116.3026218, 39.9713402], [116.3026123, 39.9714276], [116.302298, 39.9714076], [116.3023171, 39.9712315], [116.3022625, 39.971228]]]]}}, {"type": "Feature", "properties": {"building": "university", "name": "明德法学楼", "source": "osm"}, "geometry": {"type": "MultiPolygon", "coordinates": [[[[116.3024972, 39.969945], [116.3025103, 39.9698303], [116.302734, 39.9698457], [116.3028091, 39.969856], [116.3028905, 39.9699179], [116.3028164, 39.970552], [116.3025946, 39.9705379], [116.3026323, 39.9702073], [116.3026578, 39.9699836], [116.3025334, 39.9699752], [116.3025349, 39.9699624], [116.3025366, 39.9699476], [116.3024972, 39.969945]]]]}}, {"type": "Feature", "properties": {"building": "university", "name": "明德商学楼", "source": "osm"}, "geometry": {"type": "MultiPolygon", "coordinates": [[[[116.3010309, 39.9704383], [116.3011096, 39.969748], [116.3011972, 39.9697518], [116.301199, 39.9697277], [116.3013225, 39.9697332], [116.3013206, 39.9697573], [116.3013688, 39.9697594], [116.3014707, 39.9697841], [116.3015043, 39.9698499], [116.30151, 39.9699138], [116.3015694, 39.9699178], [116.3015627, 39.9699765], [116.3013017, 39.969959], [116.3012805, 39.970144], [116.3012454, 39.9704519], [116.3010309, 39.9704383]]]]}}, {"type": "Feature", "properties": {"building": "yes", "name": "宜园1楼", "source": "osm"}, "geometry": {"type": "MultiPolygon", "coordinates": [[[[116.3034099, 39.9699917], [116.303424, 39.9698749], [116.3041509, 39.9699263], [116.3041368, 39.9700431], [116.3034099, 39.9699917]]]]}}, {"type": "Feature", "properties": {"building": "apartments", "name": "知行4楼", "source": "osm"}, "geometry": {"type": "MultiPolygon", "coordinates": [[[[116.3039973, 39.97163], [116.3040109, 39.971469], [116.3044266, 39.9714895], [116.3044131, 39.9716505], [116.3039973, 39.97163]]]]}}, {"type": "Feature", "properties": {"building": "yes", "name": "静园22楼", "source": "osm"}, "geometry": {"type": "MultiPolygon", "coordinates": [[[[116.3042092, 39.9708879], [116.3042222, 39.9707792], [116.3051265, 39.9708427], [116.3051136, 39.9709514], [116.3042092, 39.9708879]]]]}}, {"type": "Feature", "properties": {"building": "residential", "name": "静园1楼", "source": "osm"}, "geometry": {"type": "MultiPolygon", "coordinates": [[[[116.307157, 39.9702198], [116.30717, 39.9701105], [116.307908, 39.9701623], [116.3078949, 39.9702716], [116.307157, 39.9702198]]]]}}, {"type": "Feature", "properties": {"building": "residential", "name": "静园2楼", "source": "osm"}, "geometry": {"type": "MultiPolygon", "coordinates": [[[[116.3071221, 39.9705035], [116.3071356, 39.9703904], [116.3078972, 39.9704439], [116.3078837, 39.9705569], [116.3071221, 39.9705035]]]]}}, {"type": "Feature", "properties": {"building": "yes", "amenity": "bicycle_parking", "source": "osm"}, "geometry": {"type": "MultiPolygon", "coordinates": [[[[116.3070899, 39.9706865], [116.3071026, 39.9705801], [116.307857, 39.970633], [116.3078443, 39.9707394], [116.3070899, 39.9706865]]]]}}, {"type": "Feature", "properties": {"building": "residential", "name": "静园3楼", "source": "osm"}, "geometry": {"type": "MultiPolygon", "coordinates": [[[[116.3070738, 39.9708509], [116.3070856, 39.9707519], [116.3078517, 39.9708057], [116.3078398, 39.9709047], [116.3070738, 39.9708509]]]]}}, {"type": "Feature", "properties": {"building": "residential", "name": "静园4楼", "source": "osm"}, "geometry": {"type": "MultiPolygon", "coordinates": [[[[116.3070524, 39.9711634], [116.3070651, 39.9710566], [116.3078248, 39.9711099], [116.3078121, 39.9712167], [116.3070524, 39.9711634]]]]}}, {"type": "Feature", "properties": {"building": "residential", "name": "静园5楼", "source": "osm"}, "geometry": {"type": "MultiPolygon", "coordinates": [[[[116.3070202, 39.9714676], [116.3070346, 39.9713471], [116.3077551, 39.9713977], [116.3077407, 39.9715181], [116.3070202, 39.9714676]]]]}}, {"type": "Feature", "properties": {"building": "residential", "name": "静园8楼", "source": "osm"}, "geometry": {"type": "MultiPolygon", "coordinates": [[[[116.3062638, 39.9701685], [116.3062773, 39.970055], [116.3070148, 39.9701068], [116.3070013, 39.9702202], [116.3062638, 39.9701685]]]]}}, {"type": "Feature", "properties": {"building": "residential", "name": "静园9楼", "source": "osm"}, "geometry": {"type": "MultiPolygon", "coordinates": [[[[116.3060975, 39.970485], [116.306113, 39.9703549], [116.3069719, 39.9704151], [116.3069564, 39.9705453], [116.3060975, 39.970485]]]]}}, {"type": "Feature", "properties": {"building": "residential", "name": "静园10楼", "source": "osm"}, "geometry": {"type": "MultiPolygon", "coordinates": [[[[116.3060385, 39.9708262], [116.3060527, 39.9707076], [116.3069236, 39.9707687], [116.3069094, 39.9708873], [116.3060385, 39.9708262]]]]}}, {"type": "Feature", "properties": {"building": "commercial", "name": "静园11楼", "source": "osm"}, "geometry": {"type": "MultiPolygon", "coordinates": [[[[116.3060868, 39.9710935], [116.3061025, 39.9709619], [116.3068646, 39.9710154], [116.3068489, 39.9711469], [116.3060868, 39.9710935]]]]}}, {"type": "Feature", "properties": {"building": "residential", "name": "静园12楼", "source": "osm"}, "geometry": {"type": "MultiPolygon", "coordinates": [[[[116.3060975, 39.9714018], [116.306112, 39.9712806], [116.3069022, 39.971336], [116.3068877, 39.9714572], [116.3060975, 39.9714018]]]]}}, {"type": "Feature", "properties": {"building": "residential", "name": "静园13楼", "source": "osm"}, "geometry": {"type": "MultiPolygon", "coordinates": [[[[116.3060707, 39.9717101], [116.3060843, 39.971596], [116.3068324, 39.9716485], [116.3068188, 39.9717626], [116.3060707, 39.9717101]]]]}}, {"type": "Feature", "properties": {"building": "residential", "name": "静园15楼", "source": "osm"}, "geometry": {"type": "MultiPolygon", "coordinates": [[[[116.3053411, 39.9701027], [116.3053541, 39.9699941], [116.3060224, 39.970041], [116.3060094, 39.9701496], [116.3053411, 39.9701027]]]]}}, {"type": "Feature", "properties": {"building": "residential", "name": "静园16楼", "source": "osm"}, "geometry": {"type": "MultiPolygon", "coordinates": [[[[116.3053143, 39.9704192], [116.3053272, 39.9703111], [116.3059902, 39.9703576], [116.3059773, 39.9704658], [116.3053143, 39.9704192]]]]}}, {"type": "Feature", "properties": {"building": "residential", "name": "静园17楼", "source": "osm"}, "geometry": {"type": "MultiPolygon", "coordinates": [[[[116.3052714, 39.9707399], [116.3052845, 39.9706302], [116.3059688, 39.9706782], [116.3059557, 39.9707879], [116.3052714, 39.9707399]]]]}}, {"type": "Feature", "properties": {"building": "residential", "name": "静园18楼", "source": "osm"}, "geometry": {"type": "MultiPolygon", "coordinates": [[[[116.3052499, 39.9710359], [116.3052627, 39.9709288], [116.3059097, 39.9709742], [116.305897, 39.9710813], [116.3052499, 39.9710359]]]]}}, {"type": "Feature", "properties": {"building": "residential", "name": "静园19楼", "source": "osm"}, "geometry": {"type": "MultiPolygon", "coordinates": [[[[116.3051963, 39.971373], [116.3052115, 39.9712459], [116.3059097, 39.9712949], [116.3058946, 39.971422], [116.3051963, 39.971373]]]]}}, {"type": "Feature", "properties": {"building": "residential", "name": "静园20楼", "source": "osm"}, "geometry": {"type": "MultiPolygon", "coordinates": [[[[116.3051909, 39.9716855], [116.3052069, 39.9715516], [116.3059686, 39.9716051], [116.3059527, 39.9717389], [116.3051909, 39.9716855]]]]}}, {"type": "Feature", "properties": {"building": "university", "name": "拳道馆", "source": "osm"}, "geometry": {"type": "MultiPolygon", "coordinates": [[[[116.3116432, 39.9677457], [116.3117101, 39.9674538], [116.3123968, 39.9675463], [116.3123298, 39.9678382], [116.3116432, 39.9677457]]]]}}, {"type": "Feature", "properties": {"building": "yes", "name": "艺术学院音乐厅", "source": "osm"}, "geometry": {"type": "MultiPolygon", "coordinates": [[[[116.3066152, 39.96897], [116.3066314, 39.9687717], [116.3068646, 39.968783], [116.3068483, 39.9689813], [116.3066152, 39.96897]]]]}}, {"type": "Feature", "properties": {"building": "yes", "source": "osm"}, "geometry": {"type": "MultiPolygon", "coordinates": [[[[116.3036867, 39.9740534], [116.3036942, 39.9739691], [116.3038118, 39.9739753], [116.3038042, 39.9740596], [116.3036867, 39.9740534]]]]}}, {"type": "Feature", "properties": {"building": "yes", "source": "osm"}, "geometry": {"type": "MultiPolygon", "coordinates": [[[[116.3036942, 39.9739691], [116.303733, 39.9735383], [116.3038108, 39.9735424], [116.303772, 39.9739732], [116.3036942, 39.9739691]]]]}}, {"type": "Feature", "properties": {"building": "university", "name": "北园1楼", "source": "osm"}, "geometry": {"type": "MultiPolygon", "coordinates": [[[[116.3041459, 39.9723937], [116.304183, 39.9720956], [116.3043599, 39.9721085], [116.3043568, 39.9721334], [116.3050693, 39.9721854], [116.3050372, 39.9724433], [116.3048226, 39.9724277], [116.3048422, 39.97227], [116.3043328, 39.9722329], [116.3043113, 39.9724058], [116.3041459, 39.9723937]]]]}}, {"type": "Feature", "properties": {"building": "university", "name": "北园2楼", "source": "osm"}, "geometry": {"type": "MultiPolygon", "coordinates": [[[[116.3051453, 39.9726516], [116.305164, 39.9725012], [116.3052927, 39.9725105], [116.3052947, 39.9724944], [116.3056083, 39.9725173], [116.3056063, 39.9725334], [116.3057273, 39.9725423], [116.3057086, 39.9726927], [116.3051453, 39.9726516]]]]}}, {"type": "Feature", "properties": {"building": "yes", "name": "开水房", "source": "osm"}, "geometry": {"type": "MultiPolygon", "coordinates": [[[[116.3047401, 39.9735803], [116.3047414, 39.9735385], [116.3047483, 39.973484], [116.3049692, 39.9734926], [116.3049626, 39.9735892], [116.3047401, 39.9735803]]]]}}, {"type": "Feature", "properties": {"building": "yes", "name": "静园14楼", "source": "osm"}, "geometry": {"type": "MultiPolygon", "coordinates": [[[[116.3060392, 39.9720222], [116.3060519, 39.9719177], [116.3071831, 39.9719983], [116.3071704, 39.9721027], [116.3060392, 39.9720222]]]]}}, {"type": "Feature", "properties": {"building": "yes", "name": "静园7楼", "source": "osm"}, "geometry": {"type": "MultiPolygon", "coordinates": [[[[116.3073792, 39.9720815], [116.3073903, 39.9719897], [116.3085253, 39.9720705], [116.3085142, 39.9721623], [116.3073792, 39.9720815]]]]}}, {"type": "Feature", "properties": {"building": "yes", "name": "林园12楼", "source": "osm"}, "geometry": {"type": "MultiPolygon", "coordinates": [[[[116.3086597, 39.9715567], [116.3086714, 39.9714364], [116.3096078, 39.9714895], [116.3095962, 39.9716097], [116.3086597, 39.9715567]]]]}}, {"type": "Feature", "properties": {"building": "university", "name": "国学馆", "source": "osm"}, "geometry": {"type": "MultiPolygon", "coordinates": [[[[116.3082754, 39.9711772], [116.3082837, 39.9710894], [116.3082873, 39.9710896], [116.3083156, 39.9707893], [116.3083397, 39.9705332], [116.3094501, 39.9705946], [116.3094324, 39.9707821], [116.3092397, 39.9707715], [116.3092242, 39.970936], [116.3094179, 39.9709467], [116.3093972, 39.9711666], [116.3093904, 39.9712389], [116.3082754, 39.9711772]]]]}}, {"type": "Feature", "properties": {"building": "yes", "source": "osm"}, "geometry": {"type": "MultiPolygon", "coordinates": [[[[116.3150115, 39.9683991], [116.3150164, 39.9682964], [116.3157426, 39.9683169], [116.3157377, 39.9684196], [116.3150115, 39.9683991]]]]}}, {"type": "Feature", "properties": {"building": "school", "name": "高中楼", "source": "osm"}, "geometry": {"type": "MultiPolygon", "coordinates": [[[[116.3080795, 39.973473], [116.308152, 39.9728558], [116.3084098, 39.9728736], [116.3083374, 39.9734908], [116.3080795, 39.973473]]]]}}, {"type": "Feature", "properties": {"building": "school", "name": "食堂及礼堂", "source": "osm"}, "geometry": {"type": "MultiPolygon", "coordinates": [[[[116.3083834, 39.9740474], [116.3084367, 39.9736181], [116.3090993, 39.9736664], [116.3090461, 39.9740956], [116.3083834, 39.9740474]]]]}}, {"type": "Feature", "properties": {"building": "yes", "name": "图书馆及计算机机房", "amenity": "library", "source": "osm"}, "geometry": {"type": "MultiPolygon", "coordinates": [[[[116.3091013, 39.9740969], [116.3091474, 39.973696], [116.309717, 39.9737345], [116.3096951, 39.9739248], [116.3093843, 39.9739038], [116.30936, 39.9741144], [116.3091013, 39.9740969]]]]}}, {"type": "Feature", "properties": {"building": "school", "name": "逸夫教学楼", "source": "osm"}, "geometry": {"type": "MultiPolygon", "coordinates": [[[[116.3098322, 39.9738038], [116.3098549, 39.9735941], [116.3098458, 39.9735936], [116.3098548, 39.9735104], [116.3098724, 39.9735116], [116.3098792, 39.9734491], [116.3098723, 39.973447], [116.3098794, 39.9733741], [116.3106628, 39.9734191], [116.3106204, 39.9738523], [116.3104827, 39.9738443], [116.3104854, 39.9738167], [116.3104149, 39.9738126], [116.3104157, 39.9738049], [116.3100458, 39.9737823], [116.3100448, 39.9737919], [116.3099786, 39.9737877], [116.3099759, 39.9738129], [116.3098322, 39.9738038]]]]}}, {"type": "Feature", "properties": {"building": "yes", "name": "大棚馆", "leisure": "sports_centre", "source": "osm"}, "geometry": {"type": "MultiPolygon", "coordinates": [[[[116.306081, 39.9737188], [116.306099, 39.9736723], [116.3061296, 39.9736463], [116.3061712, 39.9736242], [116.3062143, 39.9736107], [116.3068432, 39.9736572], [116.3069003, 39.9736811], [116.3069413, 39.9737061], [116.3069637, 39.9737463], [116.3069731, 39.9737902], [116.3069395, 39.9738592], [116.3068927, 39.9738835], [116.3068281, 39.9738933], [116.3061681, 39.9738368], [116.3061293, 39.9738178], [116.3061114, 39.9738016], [116.3060941, 39.9737793], [116.3060828, 39.9737513], [116.306081, 39.9737188]]]]}}, {"type": "Feature", "properties": {"building": "school", "name": "临建楼", "source": "osm"}, "geometry": {"type": "MultiPolygon", "coordinates": [[[[116.3060976, 39.9735418], [116.3061308, 39.9732836], [116.306301, 39.9732965], [116.306285, 39.9734209], [116.307771, 39.9735332], [116.3077745, 39.9735062], [116.3080116, 39.9735241], [116.3079908, 39.9736851], [116.3060976, 39.9735418]]]]}}, {"type": "Feature", "properties": {"building": "university", "source": "osm"}, "geometry": {"type": "MultiPolygon", "coordinates": [[[[116.3132242, 39.9685429], [116.3132381, 39.9684272], [116.3132399, 39.9684118], [116.3133578, 39.9684201], [116.3133757, 39.968272], [116.3134051, 39.9682741], [116.3133831, 39.9684562], [116.3134506, 39.968461], [116.3134363, 39.968579], [116.3133647, 39.968574], [116.3133672, 39.968553], [116.3132242, 39.9685429]]]]}}, {"type": "Feature", "properties": {"building": "dormitory", "name": "红1楼", "source": "osm"}, "geometry": {"type": "MultiPolygon", "coordinates": [[[[116.3112559, 39.9690233], [116.3112751, 39.9688487], [116.3123605, 39.968919], [116.3123413, 39.9690935], [116.3121423, 39.9690806], [116.3112559, 39.9690233]]]]}}, {"type": "Feature", "properties": {"building": "university", "source": "osm"}, "geometry": {"type": "MultiPolygon", "coordinates": [[[[116.3132814, 39.96827], [116.3132996, 39.9681319], [116.3133737, 39.9681377], [116.3133555, 39.9682757], [116.3132814, 39.96827]]]]}}, {"type": "Feature", "properties": {"building": "university", "name": "青年公寓", "source": "osm"}, "geometry": {"type": "MultiPolygon", "coordinates": [[[[116.3107726, 39.9670542], [116.3107855, 39.9670027], [116.3108087, 39.9670061], [116.3108283, 39.9669284], [116.3119159, 39.9670892], [116.3118989, 39.9671571], [116.311928, 39.9671614], [116.3119125, 39.9672227], [116.3107726, 39.9670542]]]]}}, {"type": "Feature", "properties": {"building": "university", "name": "求是楼", "source": "osm"}, "geometry": {"type": "MultiPolygon", "coordinates": [[[[116.3097574, 39.9684029], [116.3098197, 39.967814], [116.3108961, 39.9679015], [116.3108189, 39.9684762], [116.3097574, 39.9684029]], [[116.3098694, 39.9682825], [116.3100275, 39.9682953], [116.3100235, 39.9683238], [116.3106947, 39.9683784], [116.3107106, 39.9682637], [116.310613, 39.9682558], [116.3106365, 39.9680858], [116.3107337, 39.9680937], [116.31075, 39.9679756], [116.3100791, 39.9679211], [116.310075, 39.9679503], [116.3099159, 39.9679373], [116.309907, 39.9680016], [116.3102645, 39.9680306], [116.3102352, 39.9682424], [116.309879, 39.9682135], [116.3098694, 39.9682825]]]]}}, {"type": "Feature", "properties": {"building": "service", "name": "锅炉房", "source": "osm"}, "geometry": {"type": "MultiPolygon", "coordinates": [[[[116.3098821, 39.9700739], [116.309909, 39.969812], [116.3104884, 39.969847], [116.3104615, 39.9701088], [116.3098821, 39.9700739]]]]}}, {"type": "Feature", "properties": {"building": "yes", "name": "物业管理部", "source": "osm"}, "geometry": {"type": "MultiPolygon", "coordinates": [[[[116.3079536, 39.9699711], [116.3079641, 39.969879], [116.308302, 39.9699016], [116.308289, 39.9700164], [116.30819, 39.9700097], [116.3081926, 39.9699871], [116.3079536, 39.9699711]]]]}}, {"type": "Feature", "properties": {"building": "yes", "name": "数学学院", "source": "osm"}, "geometry": {"type": "MultiPolygon", "coordinates": [[[[116.3108075, 39.971932], [116.3108236, 39.971815], [116.311588, 39.9718766], [116.3115719, 39.9719937], [116.3113654, 39.971977], [116.3113425, 39.9721442], [116.311436, 39.9721517], [116.3114259, 39.9722252], [116.3111959, 39.9722067], [116.3111994, 39.9721813], [116.3109096, 39.9721579], [116.3109217, 39.9720694], [116.3112116, 39.9720928], [116.311229, 39.971966], [116.3108075, 39.971932]]]]}}, {"type": "Feature", "properties": {"building": "residential", "name": "林园4楼", "source": "osm"}, "geometry": {"type": "MultiPolygon", "coordinates": [[[[116.310876, 39.9713969], [116.3108879, 39.9712826], [116.3117248, 39.971334], [116.3117128, 39.9714483], [116.310876, 39.9713969]]]]}}, {"type": "Feature", "properties": {"building": "residential", "name": "林园3楼", "source": "osm"}, "geometry": {"type": "MultiPolygon", "coordinates": [[[[116.3109115, 39.9711031], [116.3109257, 39.9709745], [116.3117586, 39.9710288], [116.3117443, 39.9711573], [116.3109115, 39.9711031]]]]}}, {"type": "Feature", "properties": {"building": "residential", "name": "林园2楼", "source": "osm"}, "geometry": {"type": "MultiPolygon", "coordinates": [[[[116.3109661, 39.9707424], [116.3109806, 39.9706154], [116.3117914, 39.9706696], [116.311777, 39.9707966], [116.3109661, 39.9707424]]]]}}, {"type": "Feature", "properties": {"building": "residential", "name": "林园1楼", "source": "osm"}, "geometry": {"type": "MultiPolygon", "coordinates": [[[[116.3109826, 39.9703594], [116.3109963, 39.9702422], [116.3118041, 39.9702979], [116.3117903, 39.9704151], [116.3109826, 39.9703594]]]]}}, {"type": "Feature", "properties": {"building": "yes", "name": "物美", "source": "osm"}, "geometry": {"type": "MultiPolygon", "coordinates": [[[[116.3121174, 39.9693064], [116.3121423, 39.9690806], [116.3123413, 39.9690935], [116.3123164, 39.9693193], [116.3121174, 39.9693064]]]]}}, {"type": "Feature", "properties": {"building": "yes", "source": "osm"}, "geometry": {"type": "MultiPolygon", "coordinates": [[[[116.3120566, 39.9700089], [116.3120788, 39.9698067], [116.3122567, 39.9698182], [116.3122344, 39.9700205], [116.3120566, 39.9700089]]]]}}, {"type": "Feature", "properties": {"building": "dormitory", "name": "红3楼", "source": "osm"}, "geometry": {"type": "MultiPolygon", "coordinates": [[[[116.3111401, 39.9699464], [116.3111564, 39.9697979], [116.3120547, 39.969856], [116.3120383, 39.9700045], [116.3111401, 39.9699464]]]]}}, {"type": "Feature", "properties": {"building": "dormitory", "name": "红2楼", "source": "osm"}, "geometry": {"type": "MultiPolygon", "coordinates": [[[[116.3112186, 39.9694773], [116.3112353, 39.9693208], [116.3123078, 39.9693881], [116.3122911, 39.9695446], [116.3112186, 39.9694773]]]]}}, {"type": "Feature", "properties": {"building": "university", "name": "崇德楼西楼", "source": "osm"}, "geometry": {"type": "MultiPolygon", "coordinates": [[[[116.3093663, 39.9691319], [116.309368, 39.9690553], [116.3093996, 39.9690251], [116.3097363, 39.969036], [116.3098445, 39.9689566], [116.3099407, 39.9690277], [116.3097537, 39.9691726], [116.3093912, 39.9691594], [116.3093663, 39.9691319]]]]}}, {"type": "Feature", "properties": {"building": "university", "name": "崇德楼东楼", "source": "osm"}, "geometry": {"type": "MultiPolygon", "coordinates": [[[[116.3102332, 39.9690532], [116.3103488, 39.9689926], [116.3104454, 39.9690749], [116.3107806, 39.9690995], [116.3108075, 39.9691323], [116.3107978, 39.9692085], [116.310769, 39.9692337], [116.3104069, 39.9692152], [116.3102332, 39.9690532]]]]}}, {"type": "Feature", "properties": {"building": "yes", "name": "配电室", "source": "osm"}, "geometry": {"type": "MultiPolygon", "coordinates": [[[[116.3072021, 39.966687], [116.3072187, 39.9665382], [116.3075839, 39.9665621], [116.3075674, 39.9667109], [116.3072021, 39.966687]]]]}}, {"type": "Feature", "properties": {"building": "yes", "name": "锅炉房", "source": "osm"}, "geometry": {"type": "MultiPolygon", "coordinates": [[[[116.3068351, 39.9668095], [116.306879, 39.9664157], [116.3071489, 39.9664333], [116.3071051, 39.9668272], [116.3068351, 39.9668095]]]]}}, {"type": "Feature", "properties": {"building": "yes", "source": "osm"}, "geometry": {"type": "MultiPolygon", "coordinates": [[[[116.3068244, 39.9669041], [116.3068321, 39.9668351], [116.3071328, 39.9668548], [116.3071252, 39.9669238], [116.3068244, 39.9669041]]]]}}, {"type": "Feature", "properties": {"building": "yes", "name": "培训楼2号楼", "source": "osm"}, "geometry": {"type": "MultiPolygon", "coordinates": [[[[116.3075942, 39.9669596], [116.3076088, 39.9668507], [116.3079724, 39.9668794], [116.3079577, 39.9669883], [116.3075942, 39.9669596]]]]}}, {"type": "Feature", "properties": {"building": "university", "name": "友谊楼", "source": "osm"}, "geometry": {"type": "MultiPolygon", "coordinates": [[[[116.3071543, 39.9669329], [116.3071796, 39.9667057], [116.3075578, 39.9667305], [116.3075325, 39.9669576], [116.3071543, 39.9669329]]]]}}, {"type": "Feature", "properties": {"building": "dormitory", "name": "留学生3楼", "source": "osm"}, "geometry": {"type": "MultiPolygon", "coordinates": [[[[116.3076532, 39.9667211], [116.3076733, 39.9665715], [116.3084739, 39.9666348], [116.3084538, 39.9667845], [116.3076532, 39.9667211]]]]}}, {"type": "Feature", "properties": {"building": "dormitory", "name": "留学生2楼", "source": "osm"}, "geometry": {"type": "MultiPolygon", "coordinates": [[[[116.3080242, 39.9669599], [116.3080373, 39.9668625], [116.3081041, 39.9668678], [116.3081098, 39.9668251], [116.3084746, 39.9668539], [116.3084689, 39.9668964], [116.3085836, 39.9669055], [116.3085704, 39.9670031], [116.3080242, 39.9669599]]]]}}, {"type": "Feature", "properties": {"building": "dormitory", "name": "专家楼", "source": "osm"}, "geometry": {"type": "MultiPolygon", "coordinates": [[[[116.3086349, 39.9667931], [116.308653, 39.9666581], [116.3089299, 39.96668], [116.3089117, 39.966815], [116.3086349, 39.9667931]]]]}}, {"type": "Feature", "properties": {"building": "dormitory", "name": "留学生1楼", "source": "osm"}, "geometry": {"type": "MultiPolygon", "coordinates": [[[[116.3088977, 39.9669308], [116.3089264, 39.966718], [116.3093296, 39.9667499], [116.3093009, 39.9669627], [116.3088977, 39.9669308]]]]}}, {"type": "Feature", "properties": {"building": "university", "name": "国际文化交流中心", "source": "osm"}, "geometry": {"type": "MultiPolygon", "coordinates": [[[[116.3095656, 39.9670788], [116.3095997, 39.9668259], [116.3106445, 39.9669085], [116.3106234, 39.967065], [116.3099165, 39.9670091], [116.3099036, 39.9671056], [116.3095656, 39.9670788]]]]}}, {"type": "Feature", "properties": {"building": "yes", "name": "培训楼1号楼", "source": "osm"}, "geometry": {"type": "MultiPolygon", "coordinates": [[[[116.30481, 39.9672063], [116.3048228, 39.9671022], [116.3053941, 39.9671433], [116.3053814, 39.9672474], [116.30481, 39.9672063]]]]}}, {"type": "Feature", "properties": {"building": "yes", "name": "汇贤大厦D座", "source": "osm"}, "geometry": {"type": "MultiPolygon", "coordinates": [[[[116.3015294, 39.969292], [116.3015389, 39.9692239], [116.3016523, 39.9692335], [116.3016687, 39.969119], [116.3019785, 39.9691451], [116.3021534, 39.9691598], [116.3021332, 39.9693092], [116.302084, 39.9693315], [116.3020313, 39.9693359], [116.3015294, 39.969292]]]]}}, {"type": "Feature", "properties": {"building": "yes", "name": "汇贤大厦A座", "source": "osm"}, "geometry": {"type": "MultiPolygon", "coordinates": [[[[116.3019785, 39.9691451], [116.3020272, 39.9687803], [116.3022056, 39.9687953], [116.3021534, 39.9691598], [116.3019785, 39.9691451]]]]}}, {"type": "Feature", "properties": {"building": "yes", "name": "汇贤大厦B座", "source": "osm"}, "geometry": {"type": "MultiPolygon", "coordinates": [[[[116.3016058, 39.9687448], [116.3016239, 39.9686153], [116.302224, 39.9686672], [116.3022056, 39.9687953], [116.3020272, 39.9687803], [116.3016058, 39.9687448]]]]}}, {"type": "Feature", "properties": {"building": "yes", "name": "汇贤大厦C座", "source": "osm"}, "geometry": {"type": "MultiPolygon", "coordinates": [[[[116.301282, 39.9692716], [116.3013767, 39.968595], [116.3016239, 39.9686153], [116.3016058, 39.9687448], [116.3015389, 39.9692239], [116.3015294, 39.969292], [116.301282, 39.9692716]]]]}}, {"type": "Feature", "properties": {"building": "yes", "source": "osm"}, "geometry": {"type": "MultiPolygon", "coordinates": [[[[116.3011971, 39.9684232], [116.3012208, 39.9682383], [116.301368, 39.9682495], [116.3013416, 39.9684341], [116.3011971, 39.9684232]]]]}}, {"type": "Feature", "properties": {"building": "yes", "source": "osm"}, "geometry": {"type": "MultiPolygon", "coordinates": [[[[116.3070224, 39.9716911], [116.3070363, 39.971556], [116.3076156, 39.9715909], [116.3076021, 39.9717226], [116.3073969, 39.9717102], [116.3073793, 39.9718814], [116.3072473, 39.9718735], [116.3072645, 39.9717057], [116.3070224, 39.9716911]]]]}}, {"type": "Feature", "properties": {"building": "university", "name": "中国人民大学图书馆", "amenity": "library", "source": "osm"}, "geometry": {"type": "MultiPolygon", "coordinates": [[[[116.3093883, 39.971265], [116.3093904, 39.9712389], [116.3093972, 39.9711666], [116.3094179, 39.9709467], [116.3094324, 39.9707821], [116.3094501, 39.9705946], [116.3106441, 39.9706607], [116.3105605, 39.9715714], [116.3097644, 39.9715285], [116.3098027, 39.9711118], [116.3096304, 39.9711025], [116.3096144, 39.9712772], [116.3093883, 39.971265]], [[116.3096407, 39.971038], [116.3098093, 39.9710473], [116.3098209, 39.9709249], [116.3100434, 39.9709373], [116.3100536, 39.9708283], [116.3096625, 39.9708066], [116.3096407, 39.971038]], [[116.3100645, 39.9713525], [116.310261, 39.9713634], [116.3102771, 39.9711924], [116.3100806, 39.9711815], [116.3100645, 39.9713525]], [[116.3100886, 39.9710606], [116.3102946, 39.971072], [116.3103166, 39.9708386], [116.3101107, 39.9708272], [116.3100886, 39.9710606]]]]}}, {"type": "Feature", "properties": {"building": "yes", "source": "osm"}, "geometry": {"type": "MultiPolygon", "coordinates": [[[[116.3028453, 39.9671056], [116.3028574, 39.9670387], [116.3028643, 39.9669854], [116.3035414, 39.967048], [116.3035224, 39.9671682], [116.3028453, 39.9671056]]]]}}, {"type": "Feature", "properties": {"building": "yes", "name": "育贤楼", "source": "osm"}, "geometry": {"type": "MultiPolygon", "coordinates": [[[[116.3020441, 39.9670856], [116.3020629, 39.9669664], [116.3028574, 39.9670387], [116.3028453, 39.9671056], [116.3028384, 39.9671591], [116.3020441, 39.9670856]]]]}}, {"type": "Feature", "properties": {"building": "yes", "source": "osm"}, "geometry": {"type": "MultiPolygon", "coordinates": [[[[116.3013929, 39.9670254], [116.3014117, 39.9669062], [116.3020629, 39.9669664], [116.3020441, 39.9670856], [116.3013929, 39.9670254]]]]}}, {"type": "Feature", "properties": {"building": "yes", "source": "osm"}, "geometry": {"type": "MultiPolygon", "coordinates": [[[[116.3073802, 39.9718733], [116.3073969, 39.9717102], [116.3076914, 39.971728], [116.3076746, 39.971891], [116.3073802, 39.9718733]]]]}}, {"type": "Feature", "properties": {"building": "yes", "source": "osm"}, "geometry": {"type": "MultiPolygon", "coordinates": [[[[116.305325, 39.9705734], [116.3053331, 39.9705009], [116.3059098, 39.9705385], [116.3059017, 39.970611], [116.305325, 39.9705734]]]]}}, {"type": "Feature", "properties": {"building": "yes", "source": "osm"}, "geometry": {"type": "MultiPolygon", "coordinates": [[[[116.3098097, 39.9716793], [116.3098191, 39.9715746], [116.3103958, 39.9716051], [116.3103864, 39.9717097], [116.3098097, 39.9716793]]]]}}, {"type": "Feature", "properties": {"building": "yes", "source": "osm"}, "geometry": {"type": "MultiPolygon", "coordinates": [[[[116.3044145, 39.9716688], [116.3044238, 39.971558], [116.3045109, 39.9715623], [116.3045016, 39.9716731], [116.3044145, 39.9716688]]]]}}, {"type": "Feature", "properties": {"building": "yes", "name": "快递收发点", "source": "osm"}, "geometry": {"type": "MultiPolygon", "coordinates": [[[[116.3035601, 39.9716382], [116.3044801, 39.9717595], [116.3044721, 39.9717944], [116.3035601, 39.971669], [116.3035601, 39.9716382]]]]}}, {"type": "Feature", "properties": {"building": "university", "name": "北园6楼", "source": "osm"}, "geometry": {"type": "MultiPolygon", "coordinates": [[[[116.3038552, 39.9729702], [116.3038659, 39.9728468], [116.3040268, 39.9728551], [116.3039962, 39.9732077], [116.3038885, 39.9732022], [116.3039084, 39.9729729], [116.3038552, 39.9729702]]]]}}, {"type": "Feature", "properties": {"building": "yes", "name": "浴室", "amenity": "shower", "source": "osm"}, "geometry": {"type": "MultiPolygon", "coordinates": [[[[116.30539, 39.9732232], [116.3053974, 39.9731613], [116.3056598, 39.9731798], [116.3056524, 39.9732417], [116.30539, 39.9732232]]]]}}, {"type": "Feature", "properties": {"building": "yes", "source": "osm"}, "geometry": {"type": "MultiPolygon", "coordinates": [[[[116.3051292, 39.9731798], [116.3051445, 39.9730551], [116.305402, 39.9730737], [116.3053867, 39.9731984], [116.3051292, 39.9731798]]]]}}, {"type": "Feature", "properties": {"building": "yes", "source": "osm"}, "geometry": {"type": "MultiPolygon", "coordinates": [[[[116.3052902, 39.9730565], [116.305309, 39.9728993], [116.3056935, 39.9729263], [116.3056746, 39.9730835], [116.3052902, 39.9730565]]]]}}, {"type": "Feature", "properties": {"building": "office", "name": "新东方南楼", "source": "osm"}, "geometry": {"type": "MultiPolygon", "coordinates": [[[[116.306206, 39.9790354], [116.3063695, 39.978715], [116.3067878, 39.9788403], [116.3066243, 39.9791608], [116.306206, 39.9790354]]]]}}, {"type": "Feature", "properties": {"building": "office", "name": "互联网金融中心", "source": "osm"}, "geometry": {"type": "MultiPolygon", "coordinates": [[[[116.30653, 39.978383], [116.3067776, 39.9778767], [116.3070962, 39.9779682], [116.3072182, 39.9777187], [116.3074313, 39.9777799], [116.3070615, 39.9785357], [116.30653, 39.978383]]]]}}, {"type": "Feature", "properties": {"building": "yes", "source": "osm"}, "geometry": {"type": "MultiPolygon", "coordinates": [[[[116.3083114, 39.9700336], [116.3083172, 39.9699823], [116.3087304, 39.9700097], [116.3087179, 39.9701204], [116.3086054, 39.970113], [116.3086121, 39.9700536], [116.3083114, 39.9700336]]]]}}, {"type": "Feature", "properties": {"building": "yes", "name": "配电室", "source": "osm"}, "geometry": {"type": "MultiPolygon", "coordinates": [[[[116.3076639, 39.9700122], [116.3076722, 39.9699391], [116.3079383, 39.9699568], [116.30793, 39.9700299], [116.3076639, 39.9700122]]]]}}, {"type": "Feature", "properties": {"building": "yes", "name": "百家廊", "source": "osm"}, "geometry": {"type": "MultiPolygon", "coordinates": [[[[116.3048644, 39.969643], [116.304867, 39.9696021], [116.304924, 39.9696042], [116.3049234, 39.9696129], [116.3049609, 39.9696129], [116.3050186, 39.9696062], [116.3050836, 39.9695794], [116.3050707, 39.9695676], [116.305146, 39.9695194], [116.305156, 39.9695286], [116.3051929, 39.9694947], [116.3051986, 39.9694458], [116.3051909, 39.9694452], [116.3051977, 39.9693939], [116.3052564, 39.9693984], [116.3052497, 39.9694497], [116.3052396, 39.9694485], [116.305233, 39.9695051], [116.3051814, 39.9695519], [116.3051919, 39.9695616], [116.3051166, 39.9696097], [116.3051047, 39.9695988], [116.3050338, 39.9696279], [116.3049661, 39.9696361], [116.3049234, 39.9696361], [116.3049214, 39.9696451], [116.3048644, 39.969643]]]]}}, {"type": "Feature", "properties": {"building": "yes", "name": "#10宿舍楼", "source": "osm"}, "geometry": {"type": "MultiPolygon", "coordinates": [[[[116.3372864, 39.9927275], [116.3373094, 39.9921146], [116.3374939, 39.9920125], [116.3384345, 39.9920415], [116.3384322, 39.9922385], [116.3375503, 39.9922108], [116.3375458, 39.9922747], [116.33753, 39.9925028], [116.3384051, 39.9925322], [116.3383894, 39.9927517], [116.3372864, 39.9927275]]]]}}, {"type": "Feature", "properties": {"building": "yes", "source": "osm"}, "geometry": {"type": "MultiPolygon", "coordinates": [[[[116.2988907, 39.9796419], [116.2988945, 39.9795461], [116.2995348, 39.9795607], [116.2995311, 39.9796565], [116.2988907, 39.9796419]]]]}}, {"type": "Feature", "properties": {"building": "yes", "name": "超市发", "shop": "supermarket", "source": "osm"}, "geometry": {"type": "MultiPolygon", "coordinates": [[[[116.3378568, 39.9810183], [116.3378735, 39.9807453], [116.337961, 39.9807485], [116.3379524, 39.9808893], [116.3379443, 39.9810214], [116.3378568, 39.9810183]]]]}}, {"type": "Feature", "properties": {"building": "residential", "name": "9号楼", "source": "osm"}, "geometry": {"type": "MultiPolygon", "coordinates": [[[[116.3323426, 39.9956798], [116.3323461, 39.995549], [116.3329931, 39.995559], [116.3329896, 39.9956898], [116.3323426, 39.9956798]]]]}}, {"type": "Feature", "properties": {"building": "residential", "name": "8号楼", "source": "osm"}, "geometry": {"type": "MultiPolygon", "coordinates": [[[[116.3323774, 39.9953492], [116.3323819, 39.9952162], [116.3329986, 39.9952284], [116.3329941, 39.9953613], [116.3323774, 39.9953492]]]]}}, {"type": "Feature", "properties": {"building": "residential", "name": "7号楼", "source": "osm"}, "geometry": {"type": "MultiPolygon", "coordinates": [[[[116.3323714, 39.9949382], [116.3323771, 39.9947858], [116.3328958, 39.9947971], [116.3328936, 39.9948553], [116.3333259, 39.9948647], [116.3333206, 39.9950108], [116.3329004, 39.9950016], [116.3329022, 39.9949498], [116.3323714, 39.9949382]]]]}}, {"type": "Feature", "properties": {"building": "yes", "name": "伟利楼", "source": "osm"}, "geometry": {"type": "MultiPolygon", "coordinates": [[[[116.3042138, 39.992307], [116.3042249, 39.9921779], [116.3045275, 39.9921931], [116.3045164, 39.9923223], [116.3042138, 39.992307]]]]}}, {"type": "Feature", "properties": {"building": "yes", "name": "健斋", "source": "osm"}, "geometry": {"type": "MultiPolygon", "coordinates": [[[[116.3031314, 39.9945307], [116.3031415, 39.9944538], [116.303631, 39.9944913], [116.3036209, 39.9945682], [116.3031314, 39.9945307]]]]}}, {"type": "Feature", "properties": {"building": "yes", "name": "融科资讯中心B座", "source": "osm"}, "geometry": {"type": "MultiPolygon", "coordinates": [[[[116.3199755, 39.9834475], [116.3201874, 39.9831947], [116.320689, 39.9832111], [116.3208928, 39.9834701], [116.3207453, 39.9836592], [116.320107, 39.9836427], [116.3199755, 39.9834475]]]]}}, {"type": "Feature", "properties": {"building": "yes", "source": "osm"}, "geometry": {"type": "MultiPolygon", "coordinates": [[[[116.3206697, 39.9826828], [116.3206767, 39.9825978], [116.3207876, 39.982596], [116.3208938, 39.9826792], [116.3208927, 39.9827713], [116.3207794, 39.9827704], [116.3206697, 39.9826828]]]]}}, {"type": "Feature", "properties": {"building": "yes", "source": "osm"}, "geometry": {"type": "MultiPolygon", "coordinates": [[[[116.3062853, 39.9994026], [116.3063207, 39.9993029], [116.306561, 39.999353], [116.3065256, 39.9994527], [116.3062853, 39.9994026]]]]}}, {"type": "Feature", "properties": {"building": "yes", "name": "ECO 中科爱克", "source": "osm"}, "geometry": {"type": "MultiPolygon", "coordinates": [[[[116.3247392, 39.9795189], [116.3247445, 39.9793882], [116.3255145, 39.9793964], [116.3255092, 39.9795209], [116.3247392, 39.9795189]]]]}}, {"type": "Feature", "properties": {"building": "yes", "name": "中国科学院物理研究所A楼", "office": "educational_institution", "source": "osm"}, "geometry": {"type": "MultiPolygon", "coordinates": [[[[116.3222115, 39.9829237], [116.3222283, 39.98262], [116.3224328, 39.982626], [116.322424, 39.9827998], [116.3233893, 39.9828286], [116.3233985, 39.9826469], [116.3235677, 39.982652], [116.323556, 39.9829716], [116.3223155, 39.9829299], [116.3222115, 39.9829237]]]]}}, {"type": "Feature", "properties": {"building": "yes", "name": "中国科学院物理研究所M楼", "office": "educational_institution", "source": "osm"}, "geometry": {"type": "MultiPolygon", "coordinates": [[[[116.3250226, 39.9807736], [116.3250526, 39.9800326], [116.3267878, 39.9800839], [116.3267683, 39.9806332], [116.3260677, 39.9806186], [116.3260833, 39.9803355], [116.3253344, 39.980317], [116.3253232, 39.9807774], [116.3250226, 39.9807736]]]]}}, {"type": "Feature", "properties": {"building": "yes", "name": "中国科学院理论物理研究所（南楼）", "office": "research", "source": "osm"}, "geometry": {"type": "MultiPolygon", "coordinates": [[[[116.3257781, 39.9815912], [116.3257884, 39.9813252], [116.325789, 39.98131], [116.3262104, 39.9813207], [116.3261931, 39.9816033], [116.3257781, 39.9815912]]]]}}, {"type": "Feature", "properties": {"building": "yes", "name": "中国科学院数学与系统科学研究院", "office": "research", "source": "osm"}, "geometry": {"type": "MultiPolygon", "coordinates": [[[[116.3254939, 39.9810776], [116.3255135, 39.9807375], [116.3265212, 39.9807561], [116.3265016, 39.9811028], [116.3254939, 39.9810776]]]]}}, {"type": "Feature", "properties": {"building": "commercial", "name": "海淀文化艺术大厦", "shop": "electronics", "source": "osm"}, "geometry": {"type": "MultiPolygon", "coordinates": [[[[116.3119993, 39.9755018], [116.3120613, 39.9753581], [116.3121515, 39.975255], [116.3126452, 39.9752618], [116.3126435, 39.9751411], [116.3139828, 39.9751607], [116.3139857, 39.9756905], [116.3119993, 39.9756239], [116.3119993, 39.9755018]]]]}}, {"type": "Feature", "properties": {"building": "apartments", "source": "osm"}, "geometry": {"type": "MultiPolygon", "coordinates": [[[[116.3116182, 39.9762578], [116.3116287, 39.976117], [116.3117654, 39.976123], [116.3117724, 39.976029], [116.3119971, 39.9760388], [116.3119869, 39.976176], [116.3118256, 39.9761689], [116.3118183, 39.9762666], [116.3116182, 39.9762578]]]]}}, {"type": "Feature", "properties": {"building": "apartments", "source": "osm"}, "geometry": {"type": "MultiPolygon", "coordinates": [[[[116.3111529, 39.9773426], [116.311163, 39.9772055], [116.3113256, 39.9772125], [116.3113319, 39.9771274], [116.3115682, 39.9771376], [116.3115582, 39.9772729], [116.3113834, 39.9772654], [116.311377, 39.9773523], [116.3111529, 39.9773426]]]]}}, {"type": "Feature", "properties": {"building": "apartments", "source": "osm"}, "geometry": {"type": "MultiPolygon", "coordinates": [[[[116.3113584, 39.9768109], [116.3113698, 39.9766804], [116.311526, 39.9766884], [116.3115344, 39.9765915], [116.3117755, 39.9766039], [116.3117628, 39.9767488], [116.3115959, 39.9767402], [116.3115887, 39.9768227], [116.3113584, 39.9768109]]]]}}, {"type": "Feature", "properties": {"building": "commercial", "source": "osm"}, "geometry": {"type": "MultiPolygon", "coordinates": [[[[116.3126442, 39.9743277], [116.3126768, 39.9740754], [116.3127271, 39.9739985], [116.3128835, 39.9739942], [116.312976, 39.9739917], [116.312954, 39.9743326], [116.3127029, 39.9743286], [116.3126442, 39.9743277]]]]}}, {"type": "Feature", "properties": {"building": "commercial", "source": "osm"}, "geometry": {"type": "MultiPolygon", "coordinates": [[[[116.3131224, 39.9743857], [116.3131335, 39.9741212], [116.3136723, 39.9741344], [116.3136603, 39.974422], [116.3135221, 39.9744186], [116.3133799, 39.9744535], [116.3131787, 39.9744514], [116.3131224, 39.9743857]]]]}}, {"type": "Feature", "properties": {"building": "commercial", "source": "osm"}, "geometry": {"type": "MultiPolygon", "coordinates": [[[[116.3139107, 39.97428], [116.3141509, 39.9738466], [116.3147565, 39.974], [116.3145613, 39.9744718], [116.3139907, 39.9744641], [116.3139107, 39.97428]]]]}}, {"type": "Feature", "properties": {"building": "commercial", "source": "osm"}, "geometry": {"type": "MultiPolygon", "coordinates": [[[[116.3147638, 39.9744404], [116.3149509, 39.9740292], [116.3152029, 39.9741133], [116.3151704, 39.9744155], [116.3150931, 39.9744529], [116.3147638, 39.9744404]]]]}}, {"type": "Feature", "properties": {"building": "commercial", "name": "和盛大厦", "source": "osm"}, "geometry": {"type": "MultiPolygon", "coordinates": [[[[116.3126626, 39.9739431], [116.3127604, 39.9735354], [116.3129309, 39.9734772], [116.3131471, 39.9734956], [116.3131215, 39.9736512], [116.3130256, 39.9739572], [116.312785, 39.9739659], [116.3126626, 39.9739431]]]]}}, {"type": "Feature", "properties": {"building": "retail", "source": "osm"}, "geometry": {"type": "MultiPolygon", "coordinates": [[[[116.3113093, 39.9833664], [116.3113323, 39.9828554], [116.311545, 39.9828598], [116.3115795, 39.9829347], [116.3115623, 39.9832871], [116.3115335, 39.9833752], [116.3113093, 39.9833664]]]]}}, {"type": "Feature", "properties": {"building": "yes", "source": "osm"}, "geometry": {"type": "MultiPolygon", "coordinates": [[[[116.3112528, 39.9837779], [116.3112598, 39.9836716], [116.3118095, 39.9836928], [116.3118025, 39.9837991], [116.3112528, 39.9837779]]]]}}, {"type": "Feature", "properties": {"building": "yes", "source": "osm"}, "geometry": {"type": "MultiPolygon", "coordinates": [[[[116.3131501, 39.9736613], [116.3136173, 39.97374], [116.3135889, 39.973881], [116.3131678, 39.9738159], [116.3131501, 39.9736613]]]]}}, {"type": "Feature", "properties": {"building": "apartments", "source": "osm"}, "geometry": {"type": "MultiPolygon", "coordinates": [[[[116.3160409, 39.9738275], [116.3160522, 39.9735488], [116.3164257, 39.9735576], [116.3164144, 39.9738363], [116.3160409, 39.9738275]]]]}}, {"type": "Feature", "properties": {"building": "apartments", "source": "osm"}, "geometry": {"type": "MultiPolygon", "coordinates": [[[[116.3166395, 39.9736586], [116.3166477, 39.9733783], [116.3170104, 39.9733845], [116.3170022, 39.9736649], [116.3166395, 39.9736586]]]]}}, {"type": "Feature", "properties": {"building": "apartments", "source": "osm"}, "geometry": {"type": "MultiPolygon", "coordinates": [[[[116.3132887, 39.9734216], [116.3133312, 39.9733095], [116.3140026, 39.973459], [116.3139602, 39.973571], [116.3132887, 39.9734216]]]]}}, {"type": "Feature", "properties": {"building": "apartments", "source": "osm"}, "geometry": {"type": "MultiPolygon", "coordinates": [[[[116.3134399, 39.9730743], [116.3134789, 39.9729757], [116.314132, 39.9731276], [116.3140929, 39.9732262], [116.3134399, 39.9730743]]]]}}, {"type": "Feature", "properties": {"building": "apartments", "source": "osm"}, "geometry": {"type": "MultiPolygon", "coordinates": [[[[116.3135477, 39.9727321], [116.3135886, 39.9726285], [116.314271, 39.9727869], [116.3142301, 39.9728905], [116.3135477, 39.9727321]]]]}}, {"type": "Feature", "properties": {"building": "yes", "source": "osm"}, "geometry": {"type": "MultiPolygon", "coordinates": [[[[116.3141433, 39.9736146], [116.3142493, 39.9733583], [116.3145191, 39.9734239], [116.3144131, 39.9736802], [116.3141433, 39.9736146]]]]}}, {"type": "Feature", "properties": {"building": "yes", "source": "osm"}, "geometry": {"type": "MultiPolygon", "coordinates": [[[[116.3163458, 39.973032], [116.3163547, 39.9728851], [116.3169087, 39.972905], [116.3168997, 39.9730519], [116.3163458, 39.973032]]]]}}, {"type": "Feature", "properties": {"building": "apartments", "source": "osm"}, "geometry": {"type": "MultiPolygon", "coordinates": [[[[116.3174764, 39.9746257], [116.3174813, 39.9744714], [116.3181966, 39.9744847], [116.3181917, 39.9746391], [116.3174764, 39.9746257]]]]}}, {"type": "Feature", "properties": {"building": "apartments", "source": "osm"}, "geometry": {"type": "MultiPolygon", "coordinates": [[[[116.3187646, 39.9740358], [116.3187795, 39.9736153], [116.3189073, 39.9736179], [116.3188925, 39.9740385], [116.3187646, 39.9740358]]]]}}, {"type": "Feature", "properties": {"building": "apartments", "source": "osm"}, "geometry": {"type": "MultiPolygon", "coordinates": [[[[116.319303, 39.9737437], [116.3193057, 39.9736389], [116.320164, 39.9736574], [116.320156, 39.9737684], [116.319303, 39.9737437]]]]}}, {"type": "Feature", "properties": {"building": "apartments", "source": "osm"}, "geometry": {"type": "MultiPolygon", "coordinates": [[[[116.3183365, 39.9731842], [116.318338, 39.9730868], [116.3188763, 39.9730919], [116.3188747, 39.9731893], [116.3183365, 39.9731842]]]]}}, {"type": "Feature", "properties": {"building": "yes", "source": "osm"}, "geometry": {"type": "MultiPolygon", "coordinates": [[[[116.3186652, 39.9729917], [116.3186843, 39.9726011], [116.318927, 39.9726081], [116.3189079, 39.9729986], [116.3186652, 39.9729917]]]]}}, {"type": "Feature", "properties": {"building": "apartments", "source": "osm"}, "geometry": {"type": "MultiPolygon", "coordinates": [[[[116.3137291, 39.9723328], [116.3137327, 39.9722327], [116.3144461, 39.9722476], [116.3144426, 39.9723476], [116.3137291, 39.9723328]]]]}}, {"type": "Feature", "properties": {"building": "apartments", "source": "osm"}, "geometry": {"type": "MultiPolygon", "coordinates": [[[[116.3138582, 39.9719725], [116.3138638, 39.9718698], [116.3145921, 39.9718932], [116.3145865, 39.9719959], [116.3138582, 39.9719725]]]]}}, {"type": "Feature", "properties": {"building": "apartments", "source": "osm"}, "geometry": {"type": "MultiPolygon", "coordinates": [[[[116.3139128, 39.9716092], [116.3139216, 39.9715048], [116.3146224, 39.9715265], [116.3146153, 39.9716363], [116.3139128, 39.9716092]]]]}}, {"type": "Feature", "properties": {"building": "apartments", "source": "osm"}, "geometry": {"type": "MultiPolygon", "coordinates": [[[[116.317731, 39.9741515], [116.3188096, 39.9741477], [116.3188101, 39.9742341], [116.3177315, 39.974238], [116.317731, 39.9741515]]]]}}, {"type": "Feature", "properties": {"building": "apartments", "source": "osm"}, "geometry": {"type": "MultiPolygon", "coordinates": [[[[116.3177084, 39.9738118], [116.3177128, 39.973707], [116.3184313, 39.9737249], [116.3184269, 39.9738296], [116.3177084, 39.9738118]]]]}}, {"type": "Feature", "properties": {"building": "yes", "name": "清华同方科技广场C座", "source": "osm"}, "geometry": {"type": "MultiPolygon", "coordinates": [[[[116.3324443, 39.9985125], [116.3324627, 39.9984631], [116.332502, 39.9984215], [116.3325574, 39.9983928], [116.3326224, 39.9983802], [116.3326891, 39.9983855], [116.3327493, 39.9984079], [116.332796, 39.9984448], [116.3328234, 39.9984916], [116.3328287, 39.9985377], [116.3328153, 39.9985827], [116.3327843, 39.9986224], [116.3327388, 39.9986528], [116.3326833, 39.998671], [116.3326232, 39.9986751], [116.3325643, 39.9986648], [116.3325125, 39.9986411], [116.3324728, 39.9986062], [116.3324491, 39.9985637], [116.3324443, 39.9985125]]]]}}, {"type": "Feature", "properties": {"building": "yes", "source": "osm"}, "geometry": {"type": "MultiPolygon", "coordinates": [[[[116.3048742, 39.9916364], [116.3048758, 39.9915966], [116.3048808, 39.9914777], [116.3051549, 39.9914845], [116.3051482, 39.9916431], [116.3048742, 39.9916364]]]]}}, {"type": "Feature", "properties": {"building": "yes", "name": "阿卜杜勒·阿齐兹国王公共图书馆北京大学分馆（古籍图书馆）", "amenity": "library", "source": "osm"}, "geometry": {"type": "MultiPolygon", "coordinates": [[[[116.3030391, 39.9916258], [116.3030505, 39.9914033], [116.3033687, 39.9914128], [116.3037203, 39.9914234], [116.3037089, 39.9916459], [116.3030391, 39.9916258]]]]}}, {"type": "Feature", "properties": {"building": "yes", "name": "生物标本馆", "source": "osm"}, "geometry": {"type": "MultiPolygon", "coordinates": [[[[116.3052184, 39.991701], [116.3052325, 39.9914732], [116.3053845, 39.9914787], [116.3053786, 39.9915734], [116.306009, 39.9915963], [116.3060008, 39.9917294], [116.3052184, 39.991701]]]]}}, {"type": "Feature", "properties": {"building": "yes", "name": "北京大学技物楼", "office": "research", "source": "osm"}, "geometry": {"type": "MultiPolygon", "coordinates": [[[[116.3193453, 39.9890499], [116.3193564, 39.9889704], [116.3193779, 39.9888163], [116.3193982, 39.9888178], [116.320565, 39.9889035], [116.3205243, 39.9891309], [116.3193453, 39.9890499]]]]}}, {"type": "Feature", "properties": {"building": "residential", "name": "305住宅", "source": "osm"}, "geometry": {"type": "MultiPolygon", "coordinates": [[[[116.3368992, 39.9816287], [116.3369079, 39.9814265], [116.3369968, 39.9814288], [116.3370343, 39.9814596], [116.3370285, 39.9815769], [116.33779, 39.9815991], [116.337797, 39.9814688], [116.3378873, 39.9814719], [116.3379168, 39.9814801], [116.3379061, 39.9816487], [116.3377934, 39.9816404], [116.3377881, 39.9816836], [116.3370424, 39.9816528], [116.3370386, 39.9816296], [116.3369592, 39.9816302], [116.3368992, 39.9816287]]]]}}, {"type": "Feature", "properties": {"building": "apartments", "source": "osm"}, "geometry": {"type": "MultiPolygon", "coordinates": [[[[116.2941236, 39.9923728], [116.2947629, 39.9923851], [116.2947496, 39.9924851], [116.294124, 39.9924725], [116.2941236, 39.9923728]]]]}}, {"type": "Feature", "properties": {"building": "apartments", "source": "osm"}, "geometry": {"type": "MultiPolygon", "coordinates": [[[[116.294261, 39.9881598], [116.2942714, 39.9880563], [116.2943557, 39.9880612], [116.2943597, 39.9880215], [116.2945173, 39.9880309], [116.2945139, 39.9880647], [116.2945853, 39.9880689], [116.2945733, 39.9881881], [116.2944961, 39.9881835], [116.2944929, 39.9882151], [116.2943417, 39.9882062], [116.2943458, 39.9881648], [116.294261, 39.9881598]]]]}}, {"type": "Feature", "properties": {"building": "commercial", "source": "osm"}, "geometry": {"type": "MultiPolygon", "coordinates": [[[[116.2948834, 39.9875572], [116.2949194, 39.9873022], [116.2950884, 39.9873162], [116.2950681, 39.9874604], [116.2953983, 39.9874877], [116.2953827, 39.9875986], [116.2948834, 39.9875572]]]]}}, {"type": "Feature", "properties": {"building": "commercial", "source": "osm"}, "geometry": {"type": "MultiPolygon", "coordinates": [[[[116.2949099, 39.9872818], [116.2949478, 39.9870349], [116.2950897, 39.9870476], [116.2950519, 39.9872946], [116.2949099, 39.9872818]]]]}}, {"type": "Feature", "properties": {"building": "apartments", "source": "osm"}, "geometry": {"type": "MultiPolygon", "coordinates": [[[[116.2954664, 39.9872521], [116.2954945, 39.9870624], [116.295771, 39.9870864], [116.2957607, 39.9871558], [116.29558, 39.9871401], [116.2955622, 39.9872604], [116.2954664, 39.9872521]]]]}}, {"type": "Feature", "properties": {"building": "apartments", "source": "osm"}, "geometry": {"type": "MultiPolygon", "coordinates": [[[[116.294897, 39.9890324], [116.2949123, 39.9889243], [116.2956053, 39.9889878], [116.2955838, 39.9890935], [116.294897, 39.9890324]]]]}}, {"type": "Feature", "properties": {"building": "apartments", "source": "osm"}, "geometry": {"type": "MultiPolygon", "coordinates": [[[[116.2949522, 39.9886894], [116.2949614, 39.9885931], [116.2956329, 39.9886495], [116.2956175, 39.9887458], [116.2949522, 39.9886894]]]]}}, {"type": "Feature", "properties": {"building": "apartments", "source": "osm"}, "geometry": {"type": "MultiPolygon", "coordinates": [[[[116.295656, 39.9890673], [116.295671, 39.9889705], [116.2965757, 39.9890526], [116.2965607, 39.9891494], [116.295656, 39.9890673]]]]}}, {"type": "Feature", "properties": {"building": "apartments", "source": "osm"}, "geometry": {"type": "MultiPolygon", "coordinates": [[[[116.296098, 39.9887645], [116.2961174, 39.9886295], [116.2965756, 39.9886682], [116.2965562, 39.9888032], [116.296098, 39.9887645]]]]}}, {"type": "Feature", "properties": {"building": "apartments", "source": "osm"}, "geometry": {"type": "MultiPolygon", "coordinates": [[[[116.296646, 39.9891565], [116.2966681, 39.9890189], [116.2974076, 39.9890886], [116.2973855, 39.9892263], [116.296646, 39.9891565]]]]}}, {"type": "Feature", "properties": {"building": "apartments", "source": "osm"}, "geometry": {"type": "MultiPolygon", "coordinates": [[[[116.2967119, 39.9888206], [116.2967333, 39.9886841], [116.2974716, 39.9887521], [116.2974502, 39.9888885], [116.2967119, 39.9888206]]]]}}, {"type": "Feature", "properties": {"building": "yes", "office": "yes", "source": "osm"}, "geometry": {"type": "MultiPolygon", "coordinates": [[[[116.2959698, 39.9881478], [116.2959991, 39.9879559], [116.297015, 39.9880471], [116.296951, 39.9884658], [116.2962033, 39.9883987], [116.2962461, 39.9881183], [116.2961606, 39.9881106], [116.2961524, 39.9881642], [116.2959698, 39.9881478]]]]}}, {"type": "Feature", "properties": {"building": "yes", "name": "学14号楼", "source": "osm"}, "geometry": {"type": "MultiPolygon", "coordinates": [[[[116.3374453, 39.9945619], [116.3374526, 39.9943965], [116.3380445, 39.9944116], [116.3380373, 39.9945771], [116.3374453, 39.9945619]]]]}}, {"type": "Feature", "properties": {"building": "school", "source": "osm"}, "geometry": {"type": "MultiPolygon", "coordinates": [[[[116.328996, 39.9921047], [116.3290001, 39.9919492], [116.329548, 39.9919576], [116.3295439, 39.9921132], [116.328996, 39.9921047]]]]}}, {"type": "Feature", "properties": {"building": "school", "source": "osm"}, "geometry": {"type": "MultiPolygon", "coordinates": [[[[116.329711, 39.9921853], [116.3297293, 39.9919646], [116.3300077, 39.9919782], [116.3299894, 39.9921989], [116.329711, 39.9921853]]]]}}, {"type": "Feature", "properties": {"building": "school", "source": "osm"}, "geometry": {"type": "MultiPolygon", "coordinates": [[[[116.3289766, 39.9925887], [116.3289871, 39.9922517], [116.3291988, 39.9922611], [116.3291957, 39.9924744], [116.3295658, 39.9924802], [116.3295718, 39.9925032], [116.3295626, 39.9925979], [116.3289766, 39.9925887]]]]}}, {"type": "Feature", "properties": {"building": "school", "source": "osm"}, "geometry": {"type": "MultiPolygon", "coordinates": [[[[116.3295718, 39.9925032], [116.3295759, 39.9923668], [116.3298789, 39.9923723], [116.3298747, 39.9925086], [116.3295718, 39.9925032]]]]}}, {"type": "Feature", "properties": {"building": "yes", "name": "中钢大厦", "source": "osm"}, "geometry": {"type": "MultiPolygon", "coordinates": [[[[116.3066119, 39.9809734], [116.3066685, 39.98068], [116.3074342, 39.9805116], [116.3073798, 39.9810334], [116.3069948, 39.9810734], [116.3066119, 39.9809734]]]]}}, {"type": "Feature", "properties": {"building": "yes", "name": "1+1大厦", "source": "osm"}, "geometry": {"type": "MultiPolygon", "coordinates": [[[[116.3026469, 39.9787036], [116.3026562, 39.9784731], [116.3031628, 39.978485], [116.3031689, 39.9783315], [116.3026885, 39.9783203], [116.3026959, 39.9781364], [116.3033415, 39.9781516], [116.3033186, 39.9787194], [116.3026469, 39.9787036]]]]}}, {"type": "Feature", "properties": {"building": "yes", "amenity": "toilets", "source": "osm"}, "geometry": {"type": "MultiPolygon", "coordinates": [[[[116.3096557, 39.9827714], [116.3096618, 39.9826577], [116.309741, 39.9826616], [116.3097319, 39.9827729], [116.3096557, 39.9827714]]]]}}, {"type": "Feature", "properties": {"building": "apartments", "source": "osm"}, "geometry": {"type": "MultiPolygon", "coordinates": [[[[116.3371101, 39.9880761], [116.3371209, 39.9879244], [116.3377635, 39.9879514], [116.3377527, 39.988103], [116.3371101, 39.9880761]]]]}}, {"type": "Feature", "properties": {"building": "school", "name": "北大附中实验学校 阅览楼", "source": "osm"}, "geometry": {"type": "MultiPolygon", "coordinates": [[[[116.2957879, 39.9926075], [116.2958181, 39.9920646], [116.295959, 39.9920692], [116.2959288, 39.9926121], [116.2957879, 39.9926075]]]]}}, {"type": "Feature", "properties": {"building": "yes", "name": "方楼", "source": "osm"}, "geometry": {"type": "MultiPolygon", "coordinates": [[[[116.3062558, 39.9923622], [116.3062591, 39.9922311], [116.3063963, 39.9922331], [116.306393, 39.9923643], [116.3062558, 39.9923622]]]]}}, {"type": "Feature", "properties": {"building": "residential", "source": "osm"}, "geometry": {"type": "MultiPolygon", "coordinates": [[[[116.3373915, 39.9914736], [116.3373963, 39.9913575], [116.3384378, 39.9913825], [116.3384331, 39.9914987], [116.3373915, 39.9914736]]]]}}, {"type": "Feature", "properties": {"building": "residential", "source": "osm"}, "geometry": {"type": "MultiPolygon", "coordinates": [[[[116.3373959, 39.9909135], [116.3374025, 39.9907913], [116.3384967, 39.9908263], [116.33849, 39.9909485], [116.3373959, 39.9909135]]]]}}, {"type": "Feature", "properties": {"building": "residential", "source": "osm"}, "geometry": {"type": "MultiPolygon", "coordinates": [[[[116.3374843, 39.9906915], [116.3374907, 39.9905749], [116.3384875, 39.9906069], [116.3384811, 39.9907235], [116.3374843, 39.9906915]]]]}}, {"type": "Feature", "properties": {"building": "residential", "source": "osm"}, "geometry": {"type": "MultiPolygon", "coordinates": [[[[116.3379115, 39.9880612], [116.3379141, 39.9879536], [116.3380716, 39.9879559], [116.3380707, 39.9879942], [116.3386857, 39.9880031], [116.338683, 39.988114], [116.3380547, 39.9881049], [116.3380557, 39.9880632], [116.3379115, 39.9880612]]]]}}, {"type": "Feature", "properties": {"building": "residential", "source": "osm"}, "geometry": {"type": "MultiPolygon", "coordinates": [[[[116.3359259, 39.989355], [116.3359285, 39.9892112], [116.3367035, 39.9892195], [116.3367009, 39.9893633], [116.3359259, 39.989355]]]]}}, {"type": "Feature", "properties": {"building": "residential", "source": "osm"}, "geometry": {"type": "MultiPolygon", "coordinates": [[[[116.3359513, 39.9890227], [116.3359558, 39.9889045], [116.3366607, 39.9889201], [116.3366563, 39.9890381], [116.3359513, 39.9890227]]]]}}, {"type": "Feature", "properties": {"building": "residential", "source": "osm"}, "geometry": {"type": "MultiPolygon", "coordinates": [[[[116.3359603, 39.9886994], [116.3359691, 39.9885473], [116.3367355, 39.9885734], [116.3367267, 39.9887255], [116.3359603, 39.9886994]]]]}}, {"type": "Feature", "properties": {"building": "residential", "source": "osm"}, "geometry": {"type": "MultiPolygon", "coordinates": [[[[116.3351655, 39.9886256], [116.3351736, 39.9884926], [116.3358587, 39.9885171], [116.3358505, 39.9886502], [116.3351655, 39.9886256]]]]}}, {"type": "Feature", "properties": {"building": "yes", "source": "osm"}, "geometry": {"type": "MultiPolygon", "coordinates": [[[[116.3363202, 39.9726419], [116.3363316, 39.9723446], [116.336673, 39.9723523], [116.3366615, 39.9726496], [116.3363202, 39.9726419]]]]}}, {"type": "Feature", "properties": {"building": "yes", "source": "osm"}, "geometry": {"type": "MultiPolygon", "coordinates": [[[[116.3370309, 39.9726462], [116.3370423, 39.9723488], [116.3373837, 39.9723565], [116.3373723, 39.9726539], [116.3370309, 39.9726462]]]]}}, {"type": "Feature", "properties": {"building": "yes", "source": "osm"}, "geometry": {"type": "MultiPolygon", "coordinates": [[[[116.3369772, 39.9717952], [116.3369887, 39.9714978], [116.33733, 39.9715055], [116.3373186, 39.9718029], [116.3369772, 39.9717952]]]]}}, {"type": "Feature", "properties": {"building": "yes", "source": "osm"}, "geometry": {"type": "MultiPolygon", "coordinates": [[[[116.3376907, 39.9720871], [116.3377021, 39.9717897], [116.3380435, 39.9717974], [116.3380321, 39.9720948], [116.3376907, 39.9720871]]]]}}, {"type": "Feature", "properties": {"building": "yes", "source": "osm"}, "geometry": {"type": "MultiPolygon", "coordinates": [[[[116.3376187, 39.9726876], [116.3376192, 39.972558], [116.3383272, 39.9725597], [116.3383267, 39.9726892], [116.3376187, 39.9726876]]]]}}, {"type": "Feature", "properties": {"building": "yes", "source": "osm"}, "geometry": {"type": "MultiPolygon", "coordinates": [[[[116.3376858, 39.9715611], [116.3376863, 39.9714316], [116.3383943, 39.9714332], [116.3383938, 39.9715628], [116.3376858, 39.9715611]]]]}}, {"type": "Feature", "properties": {"building": "yes", "source": "osm"}, "geometry": {"type": "MultiPolygon", "coordinates": [[[[116.3376311, 39.9723669], [116.3376317, 39.9722557], [116.3383157, 39.9722577], [116.3383152, 39.9723689], [116.3376311, 39.9723669]]]]}}, {"type": "Feature", "properties": {"building": "yes", "source": "osm"}, "geometry": {"type": "MultiPolygon", "coordinates": [[[[116.337859, 39.9712366], [116.3378602, 39.9711206], [116.3385218, 39.9711246], [116.3385206, 39.9712406], [116.337859, 39.9712366]]]]}}, {"type": "Feature", "properties": {"building": "yes", "source": "osm"}, "geometry": {"type": "MultiPolygon", "coordinates": [[[[116.3374829, 39.9713251], [116.3374904, 39.9710071], [116.3375288, 39.9710077], [116.3375303, 39.9709473], [116.337576, 39.9709479], [116.3375775, 39.970888], [116.3377321, 39.9708901], [116.337733, 39.9708524], [116.3385107, 39.9708632], [116.3385083, 39.9709614], [116.3379057, 39.970953], [116.3379046, 39.9709993], [116.3377311, 39.9709969], [116.3377233, 39.9713284], [116.3374829, 39.9713251]]]]}}, {"type": "Feature", "properties": {"building": "yes", "source": "osm"}, "geometry": {"type": "MultiPolygon", "coordinates": [[[[116.3379588, 39.9732693], [116.3384145, 39.9732631], [116.3384191, 39.9734605], [116.3379634, 39.9734667], [116.3379588, 39.9732693]]]]}}, {"type": "Feature", "properties": {"building": "yes", "source": "osm"}, "geometry": {"type": "MultiPolygon", "coordinates": [[[[116.3350933, 39.9684301], [116.3351161, 39.9683312], [116.3351768, 39.9683487], [116.3352071, 39.9682382], [116.3351616, 39.9681742], [116.3351844, 39.9680928], [116.3354347, 39.9680986], [116.3354423, 39.9682033], [116.3353589, 39.9682556], [116.3353437, 39.9683545], [116.3354195, 39.9683545], [116.3353664, 39.9684649], [116.3350933, 39.9684301]]]]}}, {"type": "Feature", "properties": {"building": "yes", "source": "osm"}, "geometry": {"type": "MultiPolygon", "coordinates": [[[[116.3341602, 39.9678603], [116.334183, 39.9677614], [116.3342436, 39.9677789], [116.334274, 39.9676684], [116.3342285, 39.9676044], [116.3342512, 39.967523], [116.3345016, 39.9675288], [116.3345092, 39.9676335], [116.3344257, 39.9676858], [116.3344106, 39.9677847], [116.3344864, 39.9677847], [116.3344333, 39.9678951], [116.3341602, 39.9678603]]]]}}, {"type": "Feature", "properties": {"building": "yes", "source": "osm"}, "geometry": {"type": "MultiPolygon", "coordinates": [[[[116.3340161, 39.9688894], [116.3340388, 39.9687905], [116.3340995, 39.968808], [116.3341299, 39.9686975], [116.3340843, 39.9686335], [116.3341071, 39.9685521], [116.3343574, 39.968558], [116.334365, 39.9686626], [116.3342816, 39.9687149], [116.3342664, 39.9688138], [116.3343423, 39.9688138], [116.3342892, 39.9689243], [116.3340161, 39.9688894]]]]}}, {"type": "Feature", "properties": {"building": "yes", "source": "osm"}, "geometry": {"type": "MultiPolygon", "coordinates": [[[[116.3351237, 39.9696975], [116.3351464, 39.9695987], [116.3352071, 39.9696161], [116.3352375, 39.9695057], [116.335192, 39.9694417], [116.3352147, 39.9693603], [116.3354651, 39.9693661], [116.3354727, 39.9694708], [116.3353892, 39.9695231], [116.335374, 39.969622], [116.3354499, 39.969622], [116.3353968, 39.9697324], [116.3351237, 39.9696975]]]]}}, {"type": "Feature", "properties": {"building": "yes", "source": "osm"}, "geometry": {"type": "MultiPolygon", "coordinates": [[[[116.3357837, 39.9697557], [116.3358065, 39.9696568], [116.3358671, 39.9696743], [116.3358975, 39.9695638], [116.335852, 39.9694999], [116.3358747, 39.9694185], [116.3361251, 39.9694243], [116.3361327, 39.9695289], [116.3360492, 39.9695813], [116.336034, 39.9696801], [116.3361099, 39.9696801], [116.3360568, 39.9697906], [116.3357837, 39.9697557]]]]}}, {"type": "Feature", "properties": {"building": "yes", "source": "osm"}, "geometry": {"type": "MultiPolygon", "coordinates": [[[[116.3364437, 39.9698138], [116.3364665, 39.969715], [116.3365272, 39.9697324], [116.3365575, 39.969622], [116.336512, 39.969558], [116.3365348, 39.9694766], [116.3367851, 39.9694824], [116.3367927, 39.9695871], [116.3367092, 39.9696394], [116.3366941, 39.9697382], [116.3367699, 39.9697382], [116.3367168, 39.9698487], [116.3364437, 39.9698138]]]]}}, {"type": "Feature", "properties": {"building": "yes", "source": "osm"}, "geometry": {"type": "MultiPolygon", "coordinates": [[[[116.3359961, 39.9702615], [116.3360189, 39.9701627], [116.3360796, 39.9701801], [116.3361099, 39.9700696], [116.3360644, 39.9700057], [116.3360872, 39.9699243], [116.3363375, 39.9699301], [116.3363451, 39.9700348], [116.3362616, 39.9700871], [116.3362465, 39.9701859], [116.3363223, 39.9701859], [116.3362692, 39.9702964], [116.3359961, 39.9702615]]]]}}, {"type": "Feature", "properties": {"building": "yes", "source": "osm"}, "geometry": {"type": "MultiPolygon", "coordinates": [[[[116.3353209, 39.970215], [116.3353437, 39.9701162], [116.3354044, 39.9701336], [116.3354347, 39.9700231], [116.3353892, 39.9699592], [116.335412, 39.9698778], [116.3356623, 39.9698836], [116.3356699, 39.9699882], [116.3355864, 39.9700406], [116.3355713, 39.9701394], [116.3356471, 39.9701394], [116.335594, 39.9702499], [116.3353209, 39.970215]]]]}}, {"type": "Feature", "properties": {"building": "yes", "source": "osm"}, "geometry": {"type": "MultiPolygon", "coordinates": [[[[116.3338643, 39.9700057], [116.3338871, 39.9699068], [116.3339478, 39.9699243], [116.3339781, 39.9698138], [116.3339326, 39.9697499], [116.3339554, 39.9696685], [116.3342057, 39.9696743], [116.3342133, 39.9697789], [116.3341299, 39.9698313], [116.3341147, 39.9699301], [116.3341905, 39.9699301], [116.3341374, 39.9700406], [116.3338643, 39.9700057]]]]}}, {"type": "Feature", "properties": {"building": "yes", "source": "osm"}, "geometry": {"type": "MultiPolygon", "coordinates": [[[[116.3331664, 39.9699534], [116.3331891, 39.9698545], [116.3332498, 39.969872], [116.3332802, 39.9697615], [116.3332347, 39.9696975], [116.3332574, 39.9696161], [116.3335078, 39.969622], [116.3335154, 39.9697266], [116.3334319, 39.9697789], [116.3334167, 39.9698778], [116.3334926, 39.9698778], [116.3334395, 39.9699882], [116.3331664, 39.9699534]]]]}}, {"type": "Feature", "properties": {"building": "yes", "source": "osm"}, "geometry": {"type": "MultiPolygon", "coordinates": [[[[116.3327415, 39.9703952], [116.3327643, 39.9702964], [116.332825, 39.9703138], [116.3328553, 39.9702034], [116.3328098, 39.9701394], [116.3328326, 39.970058], [116.3330829, 39.9700638], [116.3330905, 39.9701685], [116.3330071, 39.9702208], [116.3329919, 39.9703196], [116.3330678, 39.9703196], [116.3330146, 39.9704301], [116.3327415, 39.9703952]]]]}}, {"type": "Feature", "properties": {"building": "yes", "source": "osm"}, "geometry": {"type": "MultiPolygon", "coordinates": [[[[116.3341526, 39.9705115], [116.3341754, 39.9704127], [116.3342361, 39.9704301], [116.3342664, 39.9703196], [116.3342209, 39.9702557], [116.3342436, 39.9701743], [116.334494, 39.9701801], [116.3345016, 39.9702848], [116.3344181, 39.9703371], [116.334403, 39.9704359], [116.3344788, 39.9704359], [116.3344257, 39.9705464], [116.3341526, 39.9705115]]]]}}, {"type": "Feature", "properties": {"building": "yes", "source": "osm"}, "geometry": {"type": "MultiPolygon", "coordinates": [[[[116.334623, 39.9705464], [116.3346457, 39.9704476], [116.3347064, 39.970465], [116.3347368, 39.9703545], [116.3346912, 39.9702906], [116.334714, 39.9702092], [116.3349644, 39.970215], [116.3349719, 39.9703196], [116.3348885, 39.970372], [116.3348733, 39.9704708], [116.3349492, 39.9704708], [116.3348961, 39.9705813], [116.334623, 39.9705464]]]]}}, {"type": "Feature", "properties": {"building": "yes", "source": "osm"}, "geometry": {"type": "MultiPolygon", "coordinates": [[[[116.3330146, 39.9708429], [116.3330298, 39.9707673], [116.3330905, 39.970779], [116.3330981, 39.9706627], [116.3330602, 39.970622], [116.3330602, 39.9705638], [116.3334622, 39.970558], [116.3334471, 39.9706394], [116.3333856, 39.9706791], [116.3333853, 39.9707775], [116.3334438, 39.9707797], [116.3334492, 39.9708433], [116.3330146, 39.9708429]]]]}}, {"type": "Feature", "properties": {"building": "yes", "source": "osm"}, "geometry": {"type": "MultiPolygon", "coordinates": [[[[116.3336709, 39.9709038], [116.333686, 39.9708282], [116.3337467, 39.9708398], [116.3337543, 39.9707235], [116.3337164, 39.9706828], [116.3337164, 39.9706247], [116.3341185, 39.9706189], [116.3341033, 39.9707003], [116.3340418, 39.97074], [116.3340415, 39.9708384], [116.3341, 39.9708405], [116.3341055, 39.9709041], [116.3336709, 39.9709038]]]]}}, {"type": "Feature", "properties": {"building": "yes", "source": "osm"}, "geometry": {"type": "MultiPolygon", "coordinates": [[[[116.3379102, 39.973536], [116.338045, 39.9735356], [116.3380453, 39.9735934], [116.3383981, 39.9735924], [116.3383987, 39.9737211], [116.3380404, 39.9737221], [116.3380418, 39.9740104], [116.3379125, 39.9740108], [116.3379102, 39.973536]]]]}}, {"type": "Feature", "properties": {"building": "yes", "source": "osm"}, "geometry": {"type": "MultiPolygon", "coordinates": [[[[116.3378829, 39.973487], [116.3378873, 39.9729071], [116.3382717, 39.9729088], [116.3382714, 39.972956], [116.3379452, 39.9729545], [116.3379411, 39.9734873], [116.3378829, 39.973487]]]]}}, {"type": "Feature", "properties": {"building": "yes", "source": "osm"}, "geometry": {"type": "MultiPolygon", "coordinates": [[[[116.3359099, 39.9733262], [116.3359148, 39.9730256], [116.3362844, 39.9730291], [116.3362794, 39.9733297], [116.3359099, 39.9733262]]]]}}, {"type": "Feature", "properties": {"building": "yes", "source": "osm"}, "geometry": {"type": "MultiPolygon", "coordinates": [[[[116.3366263, 39.973325], [116.3366312, 39.9730243], [116.3370007, 39.9730279], [116.3369958, 39.9733285], [116.3366263, 39.973325]]]]}}, {"type": "Feature", "properties": {"building": "yes", "source": "osm"}, "geometry": {"type": "MultiPolygon", "coordinates": [[[[116.3373216, 39.9733445], [116.3373265, 39.9730439], [116.3376961, 39.9730475], [116.3376911, 39.9733481], [116.3373216, 39.9733445]]]]}}, {"type": "Feature", "properties": {"building": "office", "name": "知识产权大厦", "source": "osm"}, "geometry": {"type": "MultiPolygon", "coordinates": [[[[116.3031107, 39.9755792], [116.303127, 39.9751958], [116.3034736, 39.9751964], [116.3034609, 39.9754117], [116.3036324, 39.9754138], [116.3036361, 39.9752744], [116.3040225, 39.9752809], [116.3040041, 39.9756009], [116.3031107, 39.9755792]]]]}}, {"type": "Feature", "properties": {"building": "commercial", "name": "东升大厦C座", "source": "osm"}, "geometry": {"type": "MultiPolygon", "coordinates": [[[[116.3271289, 39.9937436], [116.3271538, 39.9932166], [116.3276922, 39.9932316], [116.3276857, 39.9933692], [116.3274621, 39.993363], [116.3274436, 39.9937524], [116.3271289, 39.9937436]]]]}}, {"type": "Feature", "properties": {"building": "yes", "source": "osm"}, "geometry": {"type": "MultiPolygon", "coordinates": [[[[116.3137116, 39.9670466], [116.3137585, 39.9669319], [116.3138889, 39.9669632], [116.3140161, 39.966652], [116.3141356, 39.9666806], [116.3142092, 39.9665004], [116.3143551, 39.9665354], [116.314143, 39.9670544], [116.3140559, 39.9670335], [116.3140203, 39.9671207], [116.3137116, 39.9670466]]]]}}, {"type": "Feature", "properties": {"building": "yes", "name": "保护生物学楼", "source": "osm"}, "geometry": {"type": "MultiPolygon", "coordinates": [[[[116.2996389, 39.9956949], [116.3000702, 39.9956898], [116.3000729, 39.9958219], [116.2996416, 39.995827], [116.2996389, 39.9956949]]]]}}, {"type": "Feature", "properties": {"building": "yes", "name": "保护生物学新楼", "source": "osm"}, "geometry": {"type": "MultiPolygon", "coordinates": [[[[116.2996715, 39.9954223], [116.3000082, 39.9954212], [116.3000093, 39.9956104], [116.2999602, 39.9956106], [116.2999606, 39.9956676], [116.2997626, 39.9956683], [116.2997618, 39.9955414], [116.2996722, 39.9955417], [116.2996715, 39.9954223]]]]}}, {"type": "Feature", "properties": {"building": "yes", "name": "生物技术楼", "source": "osm"}, "geometry": {"type": "MultiPolygon", "coordinates": [[[[116.2994862, 39.9953183], [116.2994893, 39.9951389], [116.3000315, 39.9951365], [116.3000346, 39.9953277], [116.2997719, 39.9953232], [116.2994862, 39.9953183]]]]}}, {"type": "Feature", "properties": {"building": "office", "name": "燕园大厦", "source": "osm"}, "geometry": {"type": "MultiPolygon", "coordinates": [[[[116.308545, 39.9866858], [116.3085594, 39.9864157], [116.3086975, 39.98642], [116.3093748, 39.9864413], [116.3093677, 39.9865753], [116.3093604, 39.9867114], [116.308545, 39.9866858]]]]}}, {"type": "Feature", "properties": {"building": "yes", "name": "中电投大厦", "source": "osm"}, "geometry": {"type": "MultiPolygon", "coordinates": [[[[116.2976779, 39.9737773], [116.2976934, 39.9735899], [116.2978506, 39.9735975], [116.2978866, 39.9731631], [116.2977273, 39.9731553], [116.2977427, 39.9729695], [116.2981187, 39.9729878], [116.2980663, 39.9736203], [116.2982105, 39.9736273], [116.298196, 39.9738025], [116.2976779, 39.9737773]]]]}}, {"type": "Feature", "properties": {"building": "commercial", "source": "osm"}, "geometry": {"type": "MultiPolygon", "coordinates": [[[[116.3193166, 39.9724595], [116.3193253, 39.9719556], [116.3197005, 39.9719609], [116.31969, 39.9724649], [116.3193166, 39.9724595]]]]}}, {"type": "Feature", "properties": {"building": "residential", "source": "osm"}, "geometry": {"type": "MultiPolygon", "coordinates": [[[[116.3277603, 39.9794236], [116.3277656, 39.9793537], [116.3282296, 39.979364], [116.328227, 39.979438], [116.3277603, 39.9794236]]]]}}, {"type": "Feature", "properties": {"building": "residential", "source": "osm"}, "geometry": {"type": "MultiPolygon", "coordinates": [[[[116.3282135, 39.9795962], [116.328227, 39.979438], [116.3283664, 39.9794421], [116.3283503, 39.9796003], [116.3282135, 39.9795962]]]]}}, {"type": "Feature", "properties": {"building": "yes", "name": "中国科学院物理研究所H楼", "source": "osm"}, "geometry": {"type": "MultiPolygon", "coordinates": [[[[116.3237267, 39.9821616], [116.3237552, 39.9817478], [116.3243474, 39.9817605], [116.3243284, 39.9821761], [116.3237267, 39.9821616]]]]}}, {"type": "Feature", "properties": {"building": "yes", "name": "中国科学院物理研究所R楼", "source": "osm"}, "geometry": {"type": "MultiPolygon", "coordinates": [[[[116.3236023, 39.981603], [116.3236161, 39.9813215], [116.3245084, 39.9813355], [116.324493, 39.9816201], [116.3236023, 39.981603]]]]}}, {"type": "Feature", "properties": {"building": "yes", "name": "中关村912号楼", "source": "osm"}, "geometry": {"type": "MultiPolygon", "coordinates": [[[[116.3191728, 39.9760597], [116.3191751, 39.975942], [116.3199163, 39.9759504], [116.319914, 39.9760682], [116.3191728, 39.9760597]]]]}}, {"type": "Feature", "properties": {"building": "yes", "name": "中关村911号楼", "source": "osm"}, "geometry": {"type": "MultiPolygon", "coordinates": [[[[116.3191547, 39.9764093], [116.3191561, 39.9762881], [116.3198906, 39.9762931], [116.3198892, 39.9764144], [116.3191547, 39.9764093]]]]}}, {"type": "Feature", "properties": {"building": "office", "name": "中国卫星通信大厦", "source": "osm"}, "geometry": {"type": "MultiPolygon", "coordinates": [[[[116.3222186, 39.9760088], [116.3222381, 39.9755931], [116.3232766, 39.9756217], [116.3232571, 39.9760374], [116.3222186, 39.9760088]]]]}}, {"type": "Feature", "properties": {"building": "commercial", "name": "北京宏宇航天技術有限公司-物資樓", "source": "osm"}, "geometry": {"type": "MultiPolygon", "coordinates": [[[[116.323541, 39.9741126], [116.3235441, 39.9739827], [116.3239939, 39.9739827], [116.323997, 39.9741102], [116.323541, 39.9741126]]]]}}, {"type": "Feature", "properties": {"building": "commercial", "source": "osm"}, "geometry": {"type": "MultiPolygon", "coordinates": [[[[116.3335984, 39.9874187], [116.3336328, 39.9864809], [116.3340868, 39.9864907], [116.3340523, 39.9874285], [116.3335984, 39.9874187]]]]}}, {"type": "Feature", "properties": {"building": "yes", "source": "osm"}, "geometry": {"type": "MultiPolygon", "coordinates": [[[[116.3033861, 39.9998536], [116.3034003, 39.9997921], [116.303516, 39.9998078], [116.303601, 39.999441], [116.3036555, 39.9994484], [116.3036815, 39.9994519], [116.3035822, 39.9998803], [116.303561, 39.9998774], [116.3033861, 39.9998536]]]]}}, {"type": "Feature", "properties": {"building": "yes", "source": "osm"}, "geometry": {"type": "MultiPolygon", "coordinates": [[[[116.3028285, 39.9997834], [116.3029325, 39.9993527], [116.3030228, 39.9993655], [116.3029347, 39.9997302], [116.3030489, 39.9997463], [116.3030329, 39.9998123], [116.3028285, 39.9997834]]]]}}, {"type": "Feature", "properties": {"building": "yes", "source": "osm"}, "geometry": {"type": "MultiPolygon", "coordinates": [[[[116.3029829, 39.9991245], [116.3030249, 39.9989458], [116.3031307, 39.9989604], [116.3030888, 39.9991391], [116.3029829, 39.9991245]]]]}}, {"type": "Feature", "properties": {"building": "yes", "source": "osm"}, "geometry": {"type": "MultiPolygon", "coordinates": [[[[116.3036314, 39.9992353], [116.3036732, 39.9990312], [116.3037567, 39.9990412], [116.3037808, 39.9990441], [116.3037391, 39.9992482], [116.3037148, 39.9992453], [116.3036314, 39.9992353]]]]}}, {"type": "Feature", "properties": {"building": "dormitory", "name": "4号楼", "source": "osm"}, "geometry": {"type": "MultiPolygon", "coordinates": [[[[116.3368393, 39.9769718], [116.336884, 39.97683], [116.3370039, 39.9768456], [116.3370548, 39.9768518], [116.3370597, 39.9768172], [116.3370873, 39.9766213], [116.3372824, 39.9766322], [116.3372616, 39.9768366], [116.337258, 39.9768721], [116.3373505, 39.9768729], [116.3373536, 39.9770123], [116.3372255, 39.9770123], [116.3370304, 39.9769951], [116.3368393, 39.9769718]]]]}}, {"type": "Feature", "properties": {"building": "dormitory", "name": "6号楼", "source": "osm"}, "geometry": {"type": "MultiPolygon", "coordinates": [[[[116.3357823, 39.9766384], [116.3358758, 39.9765309], [116.336073, 39.9766057], [116.3362254, 39.9766555], [116.3363819, 39.9767132], [116.3363189, 39.9768456], [116.3361537, 39.9767887], [116.3360018, 39.9767272], [116.3357823, 39.9766384]]]]}}, {"type": "Feature", "properties": {"building": "dormitory", "name": "7号楼", "source": "osm"}, "geometry": {"type": "MultiPolygon", "coordinates": [[[[116.3361461, 39.9763402], [116.3362193, 39.9762592], [116.3363311, 39.9761688], [116.3364856, 39.9760723], [116.3366157, 39.9761922], [116.3364632, 39.976281], [116.3363372, 39.9763682], [116.3362681, 39.9764305], [116.3361461, 39.9763402]]]]}}, {"type": "Feature", "properties": {"building": "dormitory", "name": "8号楼", "source": "osm"}, "geometry": {"type": "MultiPolygon", "coordinates": [[[[116.3364856, 39.9760723], [116.3365154, 39.9760539], [116.3365527, 39.9760309], [116.3368495, 39.9758479], [116.3369836, 39.9759757], [116.3368282, 39.9760672], [116.3367246, 39.9761281], [116.3366481, 39.9761731], [116.3366157, 39.9761922], [116.3364856, 39.9760723]]]]}}, {"type": "Feature", "properties": {"building": "dormitory", "name": "9号楼", "source": "osm"}, "geometry": {"type": "MultiPolygon", "coordinates": [[[[116.3368495, 39.9758479], [116.3368804, 39.9758296], [116.3369087, 39.9758129], [116.3369653, 39.9757794], [116.3371218, 39.9757077], [116.3372763, 39.9756517], [116.3373678, 39.9757934], [116.3372276, 39.9758542], [116.3371822, 39.9758735], [116.3370812, 39.9759165], [116.3370123, 39.9759583], [116.3369836, 39.9759757], [116.3368495, 39.9758479]]]]}}, {"type": "Feature", "properties": {"building": "dormitory", "name": "10号楼（留学生公寓）", "source": "osm"}, "geometry": {"type": "MultiPolygon", "coordinates": [[[[116.3372763, 39.9756517], [116.3374735, 39.9755894], [116.3376687, 39.9755457], [116.3378109, 39.9755255], [116.3378414, 39.9756704], [116.3377882, 39.9756772], [116.3377439, 39.9756828], [116.3375528, 39.9757327], [116.3373678, 39.9757934], [116.3372763, 39.9756517]]]]}}, {"type": "Feature", "properties": {"building": "commercial", "name": "大运村网点（西）", "source": "osm"}, "geometry": {"type": "MultiPolygon", "coordinates": [[[[116.336061, 39.9762864], [116.3361776, 39.976171], [116.3363687, 39.976018], [116.3364618, 39.9759534], [116.3365232, 39.9759108], [116.3366298, 39.9758368], [116.3367589, 39.9757562], [116.3368495, 39.9758479], [116.3365527, 39.9760309], [116.3365154, 39.9760539], [116.3364856, 39.9760723], [116.3363311, 39.9761688], [116.3362193, 39.9762592], [116.3361461, 39.9763402], [116.336061, 39.9762864]]]]}}, {"type": "Feature", "properties": {"building": "commercial", "name": "大运村网点（东）", "source": "osm"}, "geometry": {"type": "MultiPolygon", "coordinates": [[[[116.3368178, 39.9757195], [116.3370655, 39.9755649], [116.337254, 39.9754582], [116.3373658, 39.975432], [116.3375722, 39.9754053], [116.3377826, 39.9754092], [116.3378109, 39.9755255], [116.3376687, 39.9755457], [116.3374735, 39.9755894], [116.3372763, 39.9756517], [116.3371218, 39.9757077], [116.3369653, 39.9757794], [116.3369087, 39.9758129], [116.3368178, 39.9757195]]]]}}, {"type": "Feature", "properties": {"building": "dormitory", "name": "3号楼", "source": "osm"}, "geometry": {"type": "MultiPolygon", "coordinates": [[[[116.3376332, 39.9770213], [116.3376372, 39.9768928], [116.3377968, 39.9768805], [116.3377896, 39.9768394], [116.3377539, 39.9766359], [116.3379295, 39.9766215], [116.3379669, 39.9768209], [116.3379738, 39.9768579], [116.338128, 39.9768353], [116.3381763, 39.9769689], [116.3379993, 39.9770049], [116.3378088, 39.9770234], [116.3376332, 39.9770213]]]]}}, {"type": "Feature", "properties": {"building": "university", "name": "西配楼", "source": "osm"}, "geometry": {"type": "MultiPolygon", "coordinates": [[[[116.3241118, 39.9995861], [116.3241238, 39.9993569], [116.3243191, 39.9993629], [116.3243176, 39.9993908], [116.3248318, 39.9994067], [116.3248333, 39.999378], [116.3249902, 39.9993828], [116.324973, 39.99971], [116.3249649, 39.9997098], [116.3248447, 39.9997061], [116.3248253, 39.9997055], [116.3248344, 39.9995314], [116.32432, 39.9995156], [116.324316, 39.9995924], [116.3241118, 39.9995861]]]]}}, {"type": "Feature", "properties": {"building": "university", "name": "建筑馆新馆", "source": "osm"}, "geometry": {"type": "MultiPolygon", "coordinates": [[[[116.3272967, 39.9983889], [116.3273093, 39.9981513], [116.327626, 39.9981608], [116.3276137, 39.9983985], [116.3272967, 39.9983889]]]]}}, {"type": "Feature", "properties": {"building": "apartments", "source": "osm"}, "geometry": {"type": "MultiPolygon", "coordinates": [[[[116.3014303, 39.9668544], [116.301449, 39.9667292], [116.3021215, 39.9667793], [116.3021074, 39.966901], [116.3014303, 39.9668544]]]]}}, {"type": "Feature", "properties": {"building": "yes", "name": "李兆基科技大楼", "office": "research", "source": "osm"}, "geometry": {"type": "MultiPolygon", "coordinates": [[[[116.322757, 39.9959502], [116.3227652, 39.9957684], [116.3229481, 39.9957732], [116.3229642, 39.9954156], [116.3227754, 39.9954106], [116.3227833, 39.9952356], [116.3228884, 39.9952384], [116.3228916, 39.995167], [116.3233835, 39.99518], [116.3244225, 39.9952074], [116.3245031, 39.9952095], [116.3244678, 39.9959953], [116.322757, 39.9959502]], [[116.3233097, 39.9957816], [116.3240815, 39.9958004], [116.3240957, 39.9954589], [116.3233691, 39.9954412], [116.32337, 39.9954207], [116.3233248, 39.9954196], [116.3233097, 39.9957816]]]]}}, {"type": "Feature", "properties": {"building": "apartments", "name": "31号楼", "source": "osm"}, "geometry": {"type": "MultiPolygon", "coordinates": [[[[116.296245, 39.9760482], [116.2962616, 39.9759338], [116.2970297, 39.9759993], [116.2970131, 39.9761136], [116.296245, 39.9760482]]]]}}, {"type": "Feature", "properties": {"building": "yes", "source": "osm"}, "geometry": {"type": "MultiPolygon", "coordinates": [[[[116.3009137, 39.9735487], [116.300928, 39.9734606], [116.3015009, 39.9735154], [116.3014865, 39.9736036], [116.3009137, 39.9735487]]]]}}, {"type": "Feature", "properties": {"building": "yes", "source": "osm"}, "geometry": {"type": "MultiPolygon", "coordinates": [[[[116.3009515, 39.9732819], [116.3009598, 39.9732118], [116.3015968, 39.9732563], [116.3015885, 39.9733262], [116.3009515, 39.9732819]]]]}}, {"type": "Feature", "properties": {"building": "school", "source": "osm"}, "geometry": {"type": "MultiPolygon", "coordinates": [[[[116.2983307, 39.9761717], [116.2984267, 39.9754516], [116.2988197, 39.9754823], [116.2987812, 39.9757707], [116.2993823, 39.9758178], [116.2993247, 39.9762495], [116.2983307, 39.9761717]]]]}}, {"type": "Feature", "properties": {"building": "school", "source": "osm"}, "geometry": {"type": "MultiPolygon", "coordinates": [[[[116.2993156, 39.9680169], [116.2993767, 39.9678045], [116.2999192, 39.9678961], [116.2998581, 39.9681085], [116.2993156, 39.9680169]]]]}}, {"type": "Feature", "properties": {"building": "school", "source": "osm"}, "geometry": {"type": "MultiPolygon", "coordinates": [[[[116.2990784, 39.9685105], [116.2994779, 39.968491], [116.2998519, 39.9686571], [116.2997797, 39.9687744], [116.2995289, 39.9686766], [116.2994991, 39.9687581], [116.2992994, 39.9687222], [116.2993206, 39.9686375], [116.2990784, 39.9686441], [116.2990784, 39.9685105]]]]}}, {"type": "Feature", "properties": {"building": "yes", "name": "同方大厦", "source": "osm"}, "geometry": {"type": "MultiPolygon", "coordinates": [[[[116.3278468, 39.9961983], [116.3278843, 39.9954175], [116.3281211, 39.9955955], [116.328105, 39.995916], [116.3281989, 39.9959982], [116.3286495, 39.9960146], [116.3289036, 39.9962312], [116.3278468, 39.9961983]]]]}}, {"type": "Feature", "properties": {"building": "yes", "name": "3号楼", "source": "osm"}, "geometry": {"type": "MultiPolygon", "coordinates": [[[[116.3243121, 39.96771], [116.324331, 39.9673932], [116.3244674, 39.967398], [116.3244654, 39.9674313], [116.3245524, 39.9674343], [116.3245543, 39.9674024], [116.3246759, 39.9674067], [116.3246737, 39.9674431], [116.3246989, 39.9674439], [116.3246823, 39.9677229], [116.3243121, 39.96771]]]]}}, {"type": "Feature", "properties": {"building": "yes", "name": "4号楼", "source": "osm"}, "geometry": {"type": "MultiPolygon", "coordinates": [[[[116.3249825, 39.9677325], [116.324991, 39.9675959], [116.3250284, 39.9675973], [116.3250298, 39.967574], [116.3250128, 39.9675734], [116.3250179, 39.9674916], [116.3250361, 39.9674922], [116.3250402, 39.9674267], [116.3251815, 39.9674318], [116.3251785, 39.9674803], [116.3252151, 39.9674816], [116.325218, 39.9674347], [116.3253566, 39.9674398], [116.3253536, 39.9674884], [116.3253782, 39.9674893], [116.3253704, 39.9676162], [116.3254052, 39.9676175], [116.3253971, 39.9677476], [116.3249825, 39.9677325]]]]}}, {"type": "Feature", "properties": {"building": "yes", "name": "5号楼", "source": "osm"}, "geometry": {"type": "MultiPolygon", "coordinates": [[[[116.3256886, 39.9677587], [116.3257106, 39.9674524], [116.3260408, 39.9674663], [116.326037, 39.9675195], [116.3260665, 39.9675207], [116.3260569, 39.9676546], [116.3260796, 39.9676556], [116.3260711, 39.9677748], [116.3256886, 39.9677587]]]]}}, {"type": "Feature", "properties": {"building": "yes", "name": "6号楼", "source": "osm"}, "geometry": {"type": "MultiPolygon", "coordinates": [[[[116.3263496, 39.9677958], [116.3263734, 39.9674938], [116.3267485, 39.9675111], [116.3267247, 39.9678131], [116.3263496, 39.9677958]]]]}}, {"type": "Feature", "properties": {"building": "yes", "source": "osm"}, "geometry": {"type": "MultiPolygon", "coordinates": [[[[116.3195893, 39.9676989], [116.3195997, 39.9675557], [116.3202888, 39.9675853], [116.3202783, 39.9677284], [116.3195893, 39.9676989]]]]}}, {"type": "Feature", "properties": {"building": "yes", "source": "osm"}, "geometry": {"type": "MultiPolygon", "coordinates": [[[[116.3195442, 39.9680583], [116.3195541, 39.9679217], [116.3202508, 39.9679516], [116.3202408, 39.9680882], [116.3195442, 39.9680583]]]]}}, {"type": "Feature", "properties": {"building": "yes", "source": "osm"}, "geometry": {"type": "MultiPolygon", "coordinates": [[[[116.3195282, 39.9684285], [116.3195381, 39.9682937], [116.3202292, 39.9683234], [116.3202193, 39.9684582], [116.3195282, 39.9684285]]]]}}, {"type": "Feature", "properties": {"building": "yes", "source": "osm"}, "geometry": {"type": "MultiPolygon", "coordinates": [[[[116.3194951, 39.9687994], [116.3195045, 39.9686716], [116.3201845, 39.9687007], [116.3201751, 39.9688286], [116.3194951, 39.9687994]]]]}}, {"type": "Feature", "properties": {"building": "yes", "source": "osm"}, "geometry": {"type": "MultiPolygon", "coordinates": [[[[116.321397, 39.9696522], [116.3214612, 39.9692024], [116.3215712, 39.9692018], [116.3215351, 39.9696574], [116.321397, 39.9696522]]]]}}, {"type": "Feature", "properties": {"building": "yes", "source": "osm"}, "geometry": {"type": "MultiPolygon", "coordinates": [[[[116.320574, 39.9694995], [116.3205835, 39.9693697], [116.321254, 39.9693985], [116.3212446, 39.9695283], [116.320574, 39.9694995]]]]}}, {"type": "Feature", "properties": {"building": "yes", "source": "osm"}, "geometry": {"type": "MultiPolygon", "coordinates": [[[[116.3205472, 39.9698572], [116.3205567, 39.9697274], [116.3212272, 39.9697562], [116.3212177, 39.9698859], [116.3205472, 39.9698572]]]]}}, {"type": "Feature", "properties": {"building": "yes", "source": "osm"}, "geometry": {"type": "MultiPolygon", "coordinates": [[[[116.3205204, 39.9702231], [116.3205298, 39.9700933], [116.3212004, 39.9701221], [116.3211909, 39.9702518], [116.3205204, 39.9702231]]]]}}, {"type": "Feature", "properties": {"building": "yes", "source": "osm"}, "geometry": {"type": "MultiPolygon", "coordinates": [[[[116.3205257, 39.9706054], [116.3205352, 39.9704756], [116.3212058, 39.9705044], [116.3211963, 39.9706342], [116.3205257, 39.9706054]]]]}}, {"type": "Feature", "properties": {"building": "yes", "source": "osm"}, "geometry": {"type": "MultiPolygon", "coordinates": [[[[116.320515, 39.9709672], [116.3205245, 39.9708374], [116.321195, 39.9708662], [116.3211856, 39.970996], [116.320515, 39.9709672]]]]}}, {"type": "Feature", "properties": {"building": "yes", "source": "osm"}, "geometry": {"type": "MultiPolygon", "coordinates": [[[[116.3204849, 39.971336], [116.3204944, 39.9712063], [116.3211649, 39.971235], [116.3211554, 39.9713648], [116.3204849, 39.971336]]]]}}, {"type": "Feature", "properties": {"building": "yes", "source": "osm"}, "geometry": {"type": "MultiPolygon", "coordinates": [[[[116.3322919, 39.9910266], [116.3323233, 39.9907816], [116.3324858, 39.9907519], [116.3325486, 39.9907689], [116.3324821, 39.9911674], [116.3323265, 39.9911752], [116.3322919, 39.9910266]]]]}}, {"type": "Feature", "properties": {"building": "yes", "source": "osm"}, "geometry": {"type": "MultiPolygon", "coordinates": [[[[116.3268917, 39.9937418], [116.3269018, 39.9934995], [116.3270039, 39.993502], [116.3269938, 39.9937443], [116.3268917, 39.9937418]]]]}}, {"type": "Feature", "properties": {"building": "yes", "source": "osm"}, "geometry": {"type": "MultiPolygon", "coordinates": [[[[116.326923, 39.9934095], [116.326948, 39.9930171], [116.3270393, 39.9930205], [116.3270142, 39.9934129], [116.326923, 39.9934095]]]]}}, {"type": "Feature", "properties": {"building": "apartments", "name": "21楼", "source": "osm"}, "geometry": {"type": "MultiPolygon", "coordinates": [[[[116.3046695, 39.9863724], [116.3046777, 39.9862643], [116.3052763, 39.98629], [116.3052683, 39.9863926], [116.3048699, 39.9863792], [116.3046695, 39.9863724]]]]}}, {"type": "Feature", "properties": {"building": "yes", "name": "经济学院（孝义金晖楼）", "source": "osm"}, "geometry": {"type": "MultiPolygon", "coordinates": [[[[116.3065866, 39.9960253], [116.3066069, 39.9959027], [116.3067094, 39.9959139], [116.3067203, 39.995851], [116.3066209, 39.9958406], [116.3066411, 39.9957267], [116.3067427, 39.9957373], [116.3067537, 39.9956769], [116.3066466, 39.9956666], [116.3066661, 39.9955453], [116.3067729, 39.9955547], [116.3067982, 39.995427], [116.3067556, 39.9954185], [116.3067077, 39.9953939], [116.3066777, 39.9953527], [116.3066688, 39.9953043], [116.3066828, 39.9952635], [116.3067213, 39.9952261], [116.3067782, 39.9952014], [116.3068354, 39.9952004], [116.3068484, 39.9951077], [116.3071094, 39.9951379], [116.3069643, 39.9954372], [116.3069389, 39.9955815], [116.3069273, 39.9955803], [116.3068473, 39.9960488], [116.3065866, 39.9960253]]]]}}, {"type": "Feature", "properties": {"building": "yes", "name": "智能化大厦", "source": "osm"}, "geometry": {"type": "MultiPolygon", "coordinates": [[[[116.3258586, 39.9777093], [116.3258655, 39.9775324], [116.3258769, 39.9773733], [116.3261517, 39.9773799], [116.3266843, 39.9773912], [116.3266377, 39.9778667], [116.3262189, 39.9778542], [116.3262138, 39.9777237], [116.3258586, 39.9777093]]]]}}, {"type": "Feature", "properties": {"building": "yes", "name": "自动化大厦", "source": "osm"}, "geometry": {"type": "MultiPolygon", "coordinates": [[[[116.3267576, 39.9780923], [116.3268216, 39.9774576], [116.3269982, 39.9774394], [116.3271103, 39.9775211], [116.3270883, 39.9777282], [116.327076, 39.9779859], [116.3270583, 39.978223], [116.3268727, 39.9782575], [116.3267576, 39.9780923]]]]}}, {"type": "Feature", "properties": {"building": "yes", "name": "法律图书馆", "amenity": "library", "source": "osm"}, "geometry": {"type": "MultiPolygon", "coordinates": [[[[116.3224577, 39.9981807], [116.3224756, 39.9977517], [116.3230986, 39.997767], [116.3230807, 39.998196], [116.3224577, 39.9981807]]]]}}, {"type": "Feature", "properties": {"building": "yes", "source": "osm"}, "geometry": {"type": "MultiPolygon", "coordinates": [[[[116.3194035, 39.9708694], [116.3194093, 39.9707623], [116.3198866, 39.9707776], [116.3198884, 39.9707438], [116.3203609, 39.9707589], [116.3203556, 39.9708559], [116.3198812, 39.9708407], [116.3198788, 39.9708846], [116.3194035, 39.9708694]]]]}}, {"type": "Feature", "properties": {"building": "yes", "source": "osm"}, "geometry": {"type": "MultiPolygon", "coordinates": [[[[116.3199214, 39.9703521], [116.3199273, 39.9702228], [116.3201561, 39.970229], [116.320153, 39.9702978], [116.3203632, 39.9703034], [116.3203575, 39.9704274], [116.3201471, 39.9704217], [116.32015, 39.9703582], [116.3199214, 39.9703521]]]]}}, {"type": "Feature", "properties": {"building": "yes", "source": "osm"}, "geometry": {"type": "MultiPolygon", "coordinates": [[[[116.319399, 39.9712372], [116.3194048, 39.9711301], [116.3198821, 39.9711454], [116.319884, 39.9711116], [116.3203565, 39.9711267], [116.3203512, 39.9712237], [116.3198767, 39.9712085], [116.3198743, 39.9712524], [116.319399, 39.9712372]]]]}}, {"type": "Feature", "properties": {"building": "yes", "source": "osm"}, "geometry": {"type": "MultiPolygon", "coordinates": [[[[116.3195263, 39.9691707], [116.3195322, 39.9690415], [116.319761, 39.9690476], [116.3197579, 39.9691164], [116.319968, 39.9691221], [116.3199624, 39.9692461], [116.3197519, 39.9692404], [116.3197549, 39.9691769], [116.3195263, 39.9691707]]]]}}, {"type": "Feature", "properties": {"building": "yes", "source": "osm"}, "geometry": {"type": "MultiPolygon", "coordinates": [[[[116.3194837, 39.9699286], [116.3194896, 39.9697994], [116.3197185, 39.9698055], [116.3197153, 39.9698743], [116.3199255, 39.9698799], [116.3199198, 39.9700039], [116.3197094, 39.9699983], [116.3197123, 39.9699348], [116.3194837, 39.9699286]]]]}}, {"type": "Feature", "properties": {"building": "yes", "source": "osm"}, "geometry": {"type": "MultiPolygon", "coordinates": [[[[116.3202378, 39.9692145], [116.3202494, 39.9689519], [116.3204667, 39.9689575], [116.3204551, 39.9692201], [116.3202378, 39.9692145]]]]}}, {"type": "Feature", "properties": {"building": "yes", "source": "osm"}, "geometry": {"type": "MultiPolygon", "coordinates": [[[[116.3199737, 39.9695726], [116.3199796, 39.9694434], [116.3202084, 39.9694496], [116.3202053, 39.9695183], [116.3204154, 39.969524], [116.3204097, 39.969648], [116.3201993, 39.9696423], [116.3202022, 39.9695788], [116.3199737, 39.9695726]]]]}}, {"type": "Feature", "properties": {"building": "yes", "source": "osm"}, "geometry": {"type": "MultiPolygon", "coordinates": [[[[116.3349494, 39.9988094], [116.3349544, 39.9986822], [116.3356663, 39.9986986], [116.3356668, 39.9986851], [116.3361033, 39.9986951], [116.3360984, 39.9988199], [116.3356646, 39.9988099], [116.3356639, 39.9988259], [116.3349494, 39.9988094]]]]}}, {"type": "Feature", "properties": {"building": "yes", "office": "yes", "source": "osm"}, "geometry": {"type": "MultiPolygon", "coordinates": [[[[116.3230192, 39.9710902], [116.323064, 39.9704079], [116.3238636, 39.9704237], [116.3238166, 39.971109], [116.3230192, 39.9710902]]]]}}, {"type": "Feature", "properties": {"building": "apartments", "name": "64号楼", "source": "osm"}, "geometry": {"type": "MultiPolygon", "coordinates": [[[[116.2961409, 39.9929334], [116.2961623, 39.99278], [116.2967502, 39.9928281], [116.2967288, 39.9929815], [116.2961409, 39.9929334]]]]}}, {"type": "Feature", "properties": {"building": "apartments", "name": "65号楼", "source": "osm"}, "geometry": {"type": "MultiPolygon", "coordinates": [[[[116.2969671, 39.9929688], [116.2969918, 39.992807], [116.29753, 39.9928557], [116.2976524, 39.9928659], [116.2976491, 39.9928893], [116.2977086, 39.9928942], [116.2976934, 39.9930014], [116.2976901, 39.9930231], [116.2969671, 39.9929688]]]]}}, {"type": "Feature", "properties": {"building": "yes", "name": "畅春园食堂", "amenity": "restaurant", "source": "osm"}, "geometry": {"type": "MultiPolygon", "coordinates": [[[[116.29753, 39.9928557], [116.2975416, 39.9927742], [116.2975994, 39.992368], [116.2979217, 39.9923949], [116.2978617, 39.9928171], [116.2978338, 39.9930131], [116.2976934, 39.9930014], [116.2977086, 39.9928942], [116.2976491, 39.9928893], [116.2976524, 39.9928659], [116.29753, 39.9928557]]]]}}, {"type": "Feature", "properties": {"building": "apartments", "name": "59号楼", "source": "osm"}, "geometry": {"type": "MultiPolygon", "coordinates": [[[[116.2970355, 39.9922588], [116.2970482, 39.9921612], [116.2975291, 39.9921979], [116.2975244, 39.9922337], [116.2977044, 39.9922475], [116.2976921, 39.9923417], [116.2975861, 39.9923336], [116.2975158, 39.9923282], [116.2975201, 39.9922957], [116.2970355, 39.9922588]]]]}}, {"type": "Feature", "properties": {"building": "apartments", "name": "58号楼", "source": "osm"}, "geometry": {"type": "MultiPolygon", "coordinates": [[[[116.2970982, 39.9919239], [116.2971106, 39.9918277], [116.2975904, 39.9918639], [116.2975858, 39.9918997], [116.297908, 39.991924], [116.2978961, 39.9920168], [116.2975792, 39.9919929], [116.2975833, 39.9919605], [116.2970982, 39.9919239]]]]}}, {"type": "Feature", "properties": {"building": "apartments", "name": "57号楼", "source": "osm"}, "geometry": {"type": "MultiPolygon", "coordinates": [[[[116.2971447, 39.9916164], [116.2971571, 39.9915202], [116.2976369, 39.9915564], [116.2976323, 39.9915922], [116.2979545, 39.9916165], [116.2979426, 39.9917093], [116.2976257, 39.9916855], [116.2976298, 39.991653], [116.2971447, 39.9916164]]]]}}, {"type": "Feature", "properties": {"building": "apartments", "name": "61号楼", "source": "osm"}, "geometry": {"type": "MultiPolygon", "coordinates": [[[[116.2960224, 39.9922343], [116.296046, 39.9920738], [116.2966138, 39.9921228], [116.2966077, 39.9921642], [116.2968712, 39.9921869], [116.2968538, 39.9923059], [116.2960354, 39.9922354], [116.2960224, 39.9922343]]]]}}, {"type": "Feature", "properties": {"building": "apartments", "name": "62号楼", "source": "osm"}, "geometry": {"type": "MultiPolygon", "coordinates": [[[[116.2960759, 39.9919211], [116.2960994, 39.9917606], [116.2966673, 39.9918096], [116.2966612, 39.991851], [116.2969247, 39.9918737], [116.2969072, 39.9919928], [116.2960759, 39.9919211]]]]}}, {"type": "Feature", "properties": {"building": "apartments", "name": "63号楼", "source": "osm"}, "geometry": {"type": "MultiPolygon", "coordinates": [[[[116.296123, 39.9915694], [116.2961438, 39.9914243], [116.2968649, 39.9914849], [116.2968441, 39.9916301], [116.296123, 39.9915694]]]]}}, {"type": "Feature", "properties": {"building": "apartments", "name": "60号楼", "source": "osm"}, "geometry": {"type": "MultiPolygon", "coordinates": [[[[116.2960289, 39.9925595], [116.2960528, 39.9924019], [116.2965314, 39.9924444], [116.2965259, 39.9924802], [116.2968785, 39.9925116], [116.29686, 39.9926334], [116.2960289, 39.9925595]]]]}}, {"type": "Feature", "properties": {"building": "apartments", "source": "osm"}, "geometry": {"type": "MultiPolygon", "coordinates": [[[[116.293983, 39.9920737], [116.2946223, 39.992086], [116.294609, 39.992186], [116.2939834, 39.9921734], [116.293983, 39.9920737]]]]}}, {"type": "Feature", "properties": {"building": "apartments", "source": "osm"}, "geometry": {"type": "MultiPolygon", "coordinates": [[[[116.2938273, 39.991759], [116.2944666, 39.9917713], [116.2944533, 39.9918713], [116.2938277, 39.9918587], [116.2938273, 39.991759]]]]}}, {"type": "Feature", "properties": {"building": "apartments", "source": "osm"}, "geometry": {"type": "MultiPolygon", "coordinates": [[[[116.2942919, 39.9926862], [116.2949312, 39.9926985], [116.2949179, 39.9927985], [116.2942923, 39.9927859], [116.2942919, 39.9926862]]]]}}, {"type": "Feature", "properties": {"building": "yes", "name": "北大超市发超市", "shop": "supermarket", "source": "osm"}, "geometry": {"type": "MultiPolygon", "coordinates": [[[[116.2943921, 39.9930913], [116.2943995, 39.9928365], [116.2945433, 39.992839], [116.2945388, 39.9929937], [116.2948651, 39.9929993], [116.2948672, 39.9929286], [116.2950694, 39.9929321], [116.2950677, 39.9929877], [116.2951313, 39.9929888], [116.2951273, 39.9931247], [116.2949601, 39.9931218], [116.2949578, 39.9932019], [116.2944522, 39.9931931], [116.2944552, 39.9930923], [116.2943921, 39.9930913]]]]}}, {"type": "Feature", "properties": {"building": "apartments", "source": "osm"}, "geometry": {"type": "MultiPolygon", "coordinates": [[[[116.2936659, 39.9915564], [116.2936691, 39.9914074], [116.2943321, 39.9914157], [116.2943289, 39.9915648], [116.2936659, 39.9915564]]]]}}, {"type": "Feature", "properties": {"building": "apartments", "source": "osm"}, "geometry": {"type": "MultiPolygon", "coordinates": [[[[116.2952012, 39.9927037], [116.2958405, 39.992716], [116.2958272, 39.992816], [116.2952016, 39.9928034], [116.2952012, 39.9927037]]]]}}, {"type": "Feature", "properties": {"building": "school", "name": "教学楼", "source": "osm"}, "geometry": {"type": "MultiPolygon", "coordinates": [[[[116.2946673, 39.991735], [116.2946692, 39.9914673], [116.2959988, 39.9914728], [116.2959948, 39.9920391], [116.2958311, 39.9920384], [116.2958318, 39.9919375], [116.2957826, 39.9919373], [116.2957843, 39.9916797], [116.2952054, 39.9916775], [116.2952038, 39.9919245], [116.2951348, 39.9919242], [116.2951341, 39.9920354], [116.2948131, 39.9920341], [116.2948139, 39.9919239], [116.2947404, 39.9919236], [116.2947417, 39.9917353], [116.2946673, 39.991735]]]]}}, {"type": "Feature", "properties": {"building": "school", "name": "RDFZ Science Lab Building", "source": "osm"}, "geometry": {"type": "MultiPolygon", "coordinates": [[[[116.3082733, 39.9726167], [116.3082971, 39.9724325], [116.309054, 39.97249], [116.3090469, 39.972545], [116.3092502, 39.9725605], [116.3092201, 39.9727938], [116.3090973, 39.9727845], [116.3090945, 39.972806], [116.3090279, 39.9728009], [116.3090307, 39.9727791], [116.3089415, 39.9727723], [116.308955, 39.9726677], [116.3088976, 39.9726634], [116.3086603, 39.9726454], [116.3085795, 39.9726393], [116.3085773, 39.9726557], [116.3085317, 39.9726523], [116.3085337, 39.9726365], [116.3082733, 39.9726167]]]]}}, {"type": "Feature", "properties": {"building": "school", "name": "办公楼", "source": "osm"}, "geometry": {"type": "MultiPolygon", "coordinates": [[[[116.3092521, 39.9727955], [116.3092655, 39.972652], [116.3097717, 39.9726798], [116.3097582, 39.9728233], [116.3092521, 39.9727955]]]]}}, {"type": "Feature", "properties": {"building": "school", "source": "osm"}, "geometry": {"type": "MultiPolygon", "coordinates": [[[[116.3098217, 39.9726228], [116.3098326, 39.9725316], [116.3109179, 39.972614], [116.3109053, 39.9727037], [116.3098217, 39.9726228]]]]}}, {"type": "Feature", "properties": {"building": "school", "name": "科研南楼", "source": "osm"}, "geometry": {"type": "MultiPolygon", "coordinates": [[[[116.3108994, 39.9728629], [116.310918, 39.9727048], [116.3111737, 39.9727305], [116.3111919, 39.972642], [116.3117157, 39.9726983], [116.311709, 39.972751], [116.3117332, 39.9727584], [116.3117526, 39.9727709], [116.3117585, 39.9727891], [116.3117591, 39.9728093], [116.3117954, 39.972818], [116.3116156, 39.9732421], [116.3113896, 39.9731855], [116.3115503, 39.9728188], [116.3112578, 39.9727893], [116.311244, 39.9728861], [116.3108994, 39.9728629]]]]}}, {"type": "Feature", "properties": {"building": "school", "name": "室内游泳馆", "leisure": "sports_centre", "source": "osm"}, "geometry": {"type": "MultiPolygon", "coordinates": [[[[116.3071152, 39.9739561], [116.3071531, 39.9736895], [116.307882, 39.9737504], [116.307844, 39.9740171], [116.3071152, 39.9739561]]]]}}, {"type": "Feature", "properties": {"building": "school", "source": "osm"}, "geometry": {"type": "MultiPolygon", "coordinates": [[[[116.3063568, 39.9724326], [116.306366, 39.9723624], [116.3063738, 39.9722888], [116.3069197, 39.9723213], [116.3069051, 39.9724653], [116.3063568, 39.9724326]]]]}}, {"type": "Feature", "properties": {"building": "grandstand", "source": "osm"}, "geometry": {"type": "MultiPolygon", "coordinates": [[[[116.297319, 39.9875957], [116.2975392, 39.9864135], [116.2977019, 39.9864264], [116.2974836, 39.9876083], [116.297319, 39.9875957]]]]}}, {"type": "Feature", "properties": {"building": "apartments", "source": "osm"}, "geometry": {"type": "MultiPolygon", "coordinates": [[[[116.295012, 39.9883092], [116.2950212, 39.9882129], [116.2956927, 39.9882693], [116.2956773, 39.9883656], [116.295012, 39.9883092]]]]}}, {"type": "Feature", "properties": {"building": "apartments", "source": "osm"}, "geometry": {"type": "MultiPolygon", "coordinates": [[[[116.2950545, 39.9879697], [116.2950637, 39.9878734], [116.2957352, 39.9879298], [116.2957198, 39.9880261], [116.2950545, 39.9879697]]]]}}, {"type": "Feature", "properties": {"building": "apartments", "source": "osm"}, "geometry": {"type": "MultiPolygon", "coordinates": [[[[116.2941435, 39.9888662], [116.2941539, 39.9887627], [116.2942382, 39.9887677], [116.2942422, 39.988728], [116.2943999, 39.9887373], [116.2943965, 39.9887711], [116.2944679, 39.9887753], [116.2944558, 39.9888945], [116.2943786, 39.98889], [116.2943754, 39.9889216], [116.2942242, 39.9889126], [116.2942284, 39.9888712], [116.2941435, 39.9888662]]]]}}, {"type": "Feature", "properties": {"building": "apartments", "source": "osm"}, "geometry": {"type": "MultiPolygon", "coordinates": [[[[116.294342, 39.9874365], [116.2943524, 39.987333], [116.2944367, 39.9873379], [116.2944407, 39.9872982], [116.2945408, 39.9873041], [116.2945984, 39.9873076], [116.294595, 39.9873414], [116.2946664, 39.9873456], [116.2946543, 39.9874648], [116.2945771, 39.9874602], [116.2945739, 39.9874918], [116.2944227, 39.9874829], [116.2944269, 39.9874415], [116.294342, 39.9874365]]]]}}, {"type": "Feature", "properties": {"building": "apartments", "source": "osm"}, "geometry": {"type": "MultiPolygon", "coordinates": [[[[116.2944547, 39.9867104], [116.2944651, 39.9866068], [116.2945494, 39.9866118], [116.2945534, 39.9865721], [116.2946535, 39.986578], [116.2947111, 39.9865814], [116.2947077, 39.9866153], [116.294779, 39.9866195], [116.294767, 39.9867387], [116.2946898, 39.9867341], [116.2946866, 39.9867657], [116.2945354, 39.9867568], [116.2945395, 39.9867154], [116.2944547, 39.9867104]]]]}}, {"type": "Feature", "properties": {"building": "apartments", "source": "osm"}, "geometry": {"type": "MultiPolygon", "coordinates": [[[[116.294539, 39.985981], [116.2945494, 39.9858774], [116.2946337, 39.9858824], [116.2946377, 39.9858427], [116.2947378, 39.9858486], [116.2947954, 39.985852], [116.294792, 39.9858858], [116.2948634, 39.9858901], [116.2948513, 39.9860093], [116.2947741, 39.9860047], [116.2947709, 39.9860363], [116.2946197, 39.9860274], [116.2946239, 39.985986], [116.294539, 39.985981]]]]}}, {"type": "Feature", "properties": {"building": "school", "name": "综合科研2号楼", "source": "osm"}, "geometry": {"type": "MultiPolygon", "coordinates": [[[[116.3004726, 39.9884642], [116.3004834, 39.9882528], [116.3010486, 39.9882697], [116.3010649, 39.9879493], [116.3010944, 39.9879502], [116.3010981, 39.9878775], [116.3013583, 39.9878853], [116.3013555, 39.9879402], [116.30137, 39.9879406], [116.3013538, 39.9882598], [116.3013092, 39.9882585], [116.3013072, 39.9882969], [116.3013502, 39.9882982], [116.3013404, 39.9884902], [116.3004726, 39.9884642]]]]}}, {"type": "Feature", "properties": {"building": "school", "name": "综合科研1号楼（逸夫楼）", "source": "osm"}, "geometry": {"type": "MultiPolygon", "coordinates": [[[[116.3005572, 39.9890374], [116.3005711, 39.9888026], [116.3005821, 39.9886148], [116.3012682, 39.9886385], [116.3012393, 39.9891285], [116.3010554, 39.9891221], [116.3006858, 39.9891093], [116.30069, 39.9890423], [116.3005572, 39.9890374]], [[116.3007002, 39.9890107], [116.301063, 39.9890211], [116.301073, 39.9888192], [116.3007101, 39.9888087], [116.3007002, 39.9890107]]]]}}, {"type": "Feature", "properties": {"building": "school", "name": "核磁中心", "source": "osm"}, "geometry": {"type": "MultiPolygon", "coordinates": [[[[116.3014618, 39.9886429], [116.3014682, 39.9885468], [116.3015512, 39.98855], [116.3015635, 39.988364], [116.3014809, 39.9883608], [116.3014863, 39.9882793], [116.3017355, 39.988289], [116.3017113, 39.9886526], [116.3014618, 39.9886429]]]]}}, {"type": "Feature", "properties": {"building": "school", "name": "51号楼", "source": "osm"}, "geometry": {"type": "MultiPolygon", "coordinates": [[[[116.3025174, 39.9891131], [116.3025208, 39.9889263], [116.3027475, 39.9889287], [116.3027441, 39.9891155], [116.3025174, 39.9891131]]]]}}, {"type": "Feature", "properties": {"building": "yes", "name": "52号楼", "source": "osm"}, "geometry": {"type": "MultiPolygon", "coordinates": [[[[116.3028853, 39.9890827], [116.3028855, 39.9890271], [116.3029353, 39.9890273], [116.3029357, 39.9889162], [116.3031177, 39.9889167], [116.3031173, 39.989027], [116.3030241, 39.9890268], [116.3030239, 39.989083], [116.3028853, 39.9890827]]]]}}, {"type": "Feature", "properties": {"building": "school", "name": "60号楼", "source": "osm"}, "geometry": {"type": "MultiPolygon", "coordinates": [[[[116.302991, 39.9885452], [116.3029911, 39.9884356], [116.3031293, 39.9884357], [116.3031292, 39.9885453], [116.302991, 39.9885452]]]]}}, {"type": "Feature", "properties": {"building": "school", "source": "osm"}, "geometry": {"type": "MultiPolygon", "coordinates": [[[[116.3029368, 39.9885446], [116.302991, 39.9885452], [116.3029916, 39.9885759], [116.3029706, 39.9885753], [116.3029719, 39.9886189], [116.303135, 39.988616], [116.3031361, 39.9886524], [116.3029389, 39.9886559], [116.3029368, 39.9885446]]]]}}, {"type": "Feature", "properties": {"building": "yes", "name": "59号楼", "source": "osm"}, "geometry": {"type": "MultiPolygon", "coordinates": [[[[116.3029751, 39.9882511], [116.3029754, 39.9882041], [116.3030654, 39.9882045], [116.3030658, 39.9881575], [116.3029755, 39.9881571], [116.3029767, 39.9880123], [116.3030497, 39.9880126], [116.3030491, 39.9880922], [116.3031599, 39.9880928], [116.3031592, 39.9881707], [116.3031105, 39.9881705], [116.3031102, 39.9881989], [116.303166, 39.9881992], [116.3031655, 39.988252], [116.3029751, 39.9882511]]]]}}, {"type": "Feature", "properties": {"building": "yes", "name": "53号楼", "source": "osm"}, "geometry": {"type": "MultiPolygon", "coordinates": [[[[116.3034887, 39.9889884], [116.3036383, 39.9889852], [116.3036412, 39.9890654], [116.3036852, 39.9890644], [116.303687, 39.9891156], [116.3035924, 39.9891176], [116.3035905, 39.989066], [116.3034915, 39.9890681], [116.3034887, 39.9889884]]]]}}, {"type": "Feature", "properties": {"building": "yes", "name": "54号楼", "source": "osm"}, "geometry": {"type": "MultiPolygon", "coordinates": [[[[116.3033233, 39.9888472], [116.3033257, 39.9887057], [116.303384, 39.9887063], [116.3033858, 39.9886029], [116.3035504, 39.9886045], [116.3035492, 39.9886728], [116.3036155, 39.9886735], [116.3036136, 39.9887857], [116.3034016, 39.9887836], [116.3034005, 39.9888479], [116.3033233, 39.9888472]]]]}}, {"type": "Feature", "properties": {"building": "yes", "name": "56号楼", "source": "osm"}, "geometry": {"type": "MultiPolygon", "coordinates": [[[[116.3033256, 39.9884288], [116.3033262, 39.9882427], [116.3034152, 39.9882429], [116.3034149, 39.9883123], [116.3034769, 39.9883124], [116.3035029, 39.9883125], [116.303503, 39.9882843], [116.303561, 39.9882845], [116.3035605, 39.9884293], [116.3033256, 39.9884288]]]]}}, {"type": "Feature", "properties": {"building": "yes", "name": "58号楼", "source": "osm"}, "geometry": {"type": "MultiPolygon", "coordinates": [[[[116.3031879, 39.9878599], [116.3031896, 39.9877922], [116.3032526, 39.9877931], [116.3032536, 39.9877507], [116.3035583, 39.9877551], [116.3035576, 39.9877826], [116.3036229, 39.9877836], [116.3036208, 39.9878715], [116.3035537, 39.9878705], [116.3035526, 39.9879176], [116.3034719, 39.9879164], [116.3034713, 39.987943], [116.303531, 39.9879438], [116.3035298, 39.987996], [116.3032904, 39.9879927], [116.3032914, 39.9879484], [116.3033589, 39.9879493], [116.3033599, 39.9879089], [116.3032558, 39.9879074], [116.3032569, 39.9878609], [116.3031879, 39.9878599]], [[116.3033026, 39.9878658], [116.3033945, 39.987866], [116.3035291, 39.9878663], [116.3035293, 39.987811], [116.3033029, 39.9878105], [116.3033026, 39.9878658]]]]}}, {"type": "Feature", "properties": {"building": "yes", "name": "62号楼", "source": "osm"}, "geometry": {"type": "MultiPolygon", "coordinates": [[[[116.3025203, 39.9881482], [116.302522, 39.9879554], [116.3026645, 39.9879562], [116.3026627, 39.988149], [116.3025203, 39.9881482]]]]}}, {"type": "Feature", "properties": {"building": "yes", "name": "61号楼", "source": "osm"}, "geometry": {"type": "MultiPolygon", "coordinates": [[[[116.3021113, 39.9879585], [116.3023096, 39.9879584], [116.3023096, 39.9880313], [116.3022081, 39.9880313], [116.3022081, 39.9881056], [116.3022929, 39.9881056], [116.3022929, 39.9881948], [116.3021115, 39.9881949], [116.3021113, 39.9879585]]]]}}, {"type": "Feature", "properties": {"building": "yes", "source": "osm"}, "geometry": {"type": "MultiPolygon", "coordinates": [[[[116.3036301, 39.988345], [116.3037783, 39.9883448], [116.3037781, 39.9882649], [116.3038579, 39.9882648], [116.3038583, 39.9884092], [116.3037271, 39.9884094], [116.3037272, 39.9884516], [116.3038386, 39.9884514], [116.3038387, 39.9884861], [116.3036449, 39.9884864], [116.3036448, 39.9884464], [116.3036744, 39.9884464], [116.3036743, 39.9884173], [116.3036303, 39.9884173], [116.3036301, 39.988345]]]]}}, {"type": "Feature", "properties": {"building": "yes", "name": "50号楼", "source": "osm"}, "geometry": {"type": "MultiPolygon", "coordinates": [[[[116.3016901, 39.9889998], [116.3016918, 39.9888928], [116.3018049, 39.9888938], [116.3018041, 39.9889447], [116.3018974, 39.9889456], [116.3018982, 39.9888895], [116.301988, 39.9888903], [116.3019858, 39.9890375], [116.3017265, 39.9890351], [116.301727, 39.9890002], [116.3016901, 39.9889998]]]]}}, {"type": "Feature", "properties": {"building": "school", "name": "物理学院楼", "source": "osm"}, "geometry": {"type": "MultiPolygon", "coordinates": [[[[116.3100398, 39.9920559], [116.3100918, 39.9912229], [116.3101055, 39.9911897], [116.3101341, 39.9911695], [116.31034, 39.9911787], [116.3103192, 39.9915212], [116.3107658, 39.9915434], [116.310787, 39.9911844], [116.3119701, 39.9912454], [116.3119255, 39.9919026], [116.3101604, 39.9918148], [116.3101552, 39.9919362], [116.3102533, 39.9919358], [116.3102521, 39.9920598], [116.3100398, 39.9920559]], [[116.3109631, 39.9916932], [116.3116871, 39.9917281], [116.3117147, 39.9913912], [116.3109904, 39.9913564], [116.310979, 39.9914957], [116.3111014, 39.9915015], [116.3110928, 39.9916063], [116.3109707, 39.9916005], [116.3109631, 39.9916932]]]]}}, {"type": "Feature", "properties": {"building": "yes", "source": "osm"}, "geometry": {"type": "MultiPolygon", "coordinates": [[[[116.3123062, 39.9932125], [116.3123208, 39.9930411], [116.3128889, 39.9930696], [116.3128743, 39.993241], [116.3123062, 39.9932125]]]]}}, {"type": "Feature", "properties": {"building": "yes", "source": "osm"}, "geometry": {"type": "MultiPolygon", "coordinates": [[[[116.3121867, 39.993531], [116.3121966, 39.9933949], [116.3128383, 39.9934222], [116.3128284, 39.9935584], [116.3121867, 39.993531]]]]}}, {"type": "Feature", "properties": {"building": "university", "name": "北京大学城市与环境学院", "source": "osm"}, "geometry": {"type": "MultiPolygon", "coordinates": [[[[116.309712, 39.9951409], [116.3097339, 39.9948552], [116.3098209, 39.9948592], [116.3098317, 39.9947179], [116.3097778, 39.9947154], [116.3098328, 39.9940004], [116.310248, 39.9940192], [116.3102211, 39.994369], [116.3101072, 39.9943639], [116.3100626, 39.9949435], [116.3098253, 39.9949328], [116.3098149, 39.9950677], [116.3100371, 39.9950777], [116.3100312, 39.9951553], [116.309712, 39.9951409]]]]}}, {"type": "Feature", "properties": {"building": "yes", "source": "osm"}, "geometry": {"type": "MultiPolygon", "coordinates": [[[[116.3123189, 39.9928783], [116.3123279, 39.9927138], [116.3129005, 39.9927322], [116.3128915, 39.9928968], [116.3123189, 39.9928783]]]]}}, {"type": "Feature", "properties": {"building": "yes", "source": "osm"}, "geometry": {"type": "MultiPolygon", "coordinates": [[[[116.3113113, 39.9928788], [116.3113216, 39.9927533], [116.311405, 39.9927573], [116.3114074, 39.9927271], [116.3115097, 39.9927321], [116.3115129, 39.9926934], [116.3120696, 39.9927202], [116.3120595, 39.9928427], [116.3115056, 39.992816], [116.3114997, 39.9928878], [116.3113113, 39.9928788]]]]}}, {"type": "Feature", "properties": {"building": "university", "name": "北京大学建筑与景观设计学院", "source": "osm"}, "geometry": {"type": "MultiPolygon", "coordinates": [[[[116.3096675, 39.9955756], [116.3096736, 39.9954232], [116.309733, 39.9954246], [116.3097353, 39.9953677], [116.3099674, 39.9953732], [116.3099615, 39.9955201], [116.3100018, 39.9955211], [116.3099988, 39.9955942], [116.3099461, 39.9955929], [116.3099434, 39.9956618], [116.3097699, 39.9956578], [116.309771, 39.9956293], [116.3097146, 39.995628], [116.3097166, 39.9955768], [116.3096675, 39.9955756]]]]}}, {"type": "Feature", "properties": {"building": "retail", "source": "osm"}, "geometry": {"type": "MultiPolygon", "coordinates": [[[[116.3327986, 39.99093], [116.3328203, 39.9902591], [116.333206, 39.9902642], [116.3331962, 39.9909368], [116.3327986, 39.99093]]]]}}, {"type": "Feature", "properties": {"building": "yes", "source": "osm"}, "geometry": {"type": "MultiPolygon", "coordinates": [[[[116.3351112, 39.9921083], [116.3351178, 39.9919576], [116.3358606, 39.9919766], [116.335854, 39.9921274], [116.3351112, 39.9921083]]]]}}, {"type": "Feature", "properties": {"building": "yes", "source": "osm"}, "geometry": {"type": "MultiPolygon", "coordinates": [[[[116.335934, 39.9922128], [116.3359491, 39.9919804], [116.3364873, 39.992001], [116.3364782, 39.992119], [116.3360876, 39.992104], [116.3360801, 39.9922184], [116.335934, 39.9922128]]]]}}, {"type": "Feature", "properties": {"building": "yes", "source": "osm"}, "geometry": {"type": "MultiPolygon", "coordinates": [[[[116.3364652, 39.9922861], [116.3364782, 39.992119], [116.3364873, 39.992001], [116.3364911, 39.9919529], [116.3366227, 39.9919589], [116.3365967, 39.9922921], [116.3364652, 39.9922861]]]]}}, {"type": "Feature", "properties": {"building": "yes", "name": "朗润园12号楼", "source": "osm"}, "geometry": {"type": "MultiPolygon", "coordinates": [[[[116.3053603, 39.9981231], [116.3053887, 39.998013], [116.3057995, 39.9980752], [116.3057711, 39.9981853], [116.3053603, 39.9981231]]]]}}, {"type": "Feature", "properties": {"building": "yes", "name": "朗润园11号楼", "source": "osm"}, "geometry": {"type": "MultiPolygon", "coordinates": [[[[116.3054019, 39.9977759], [116.305423, 39.9976648], [116.3058374, 39.9977109], [116.3058164, 39.997822], [116.3054019, 39.9977759]]]]}}, {"type": "Feature", "properties": {"building": "yes", "name": "朗润园10号楼", "source": "osm"}, "geometry": {"type": "MultiPolygon", "coordinates": [[[[116.3054566, 39.9974783], [116.3054777, 39.9973672], [116.3058921, 39.9974133], [116.305871, 39.9975244], [116.3054566, 39.9974783]]]]}}, {"type": "Feature", "properties": {"building": "yes", "name": "朗润园9号楼", "source": "osm"}, "geometry": {"type": "MultiPolygon", "coordinates": [[[[116.3055142, 39.9971609], [116.3055352, 39.9970498], [116.3059496, 39.9970958], [116.3059286, 39.997207], [116.3055142, 39.9971609]]]]}}, {"type": "Feature", "properties": {"building": "yes", "name": "朗润园8号楼", "source": "osm"}, "geometry": {"type": "MultiPolygon", "coordinates": [[[[116.305566, 39.9968544], [116.305587, 39.9967433], [116.3060014, 39.9967894], [116.3059804, 39.9969005], [116.305566, 39.9968544]]]]}}, {"type": "Feature", "properties": {"building": "yes", "name": "朗润园13号楼", "source": "osm"}, "geometry": {"type": "MultiPolygon", "coordinates": [[[[116.3034069, 39.9976765], [116.3034353, 39.9975664], [116.3038462, 39.9976285], [116.3038178, 39.9977387], [116.3034069, 39.9976765]]]]}}, {"type": "Feature", "properties": {"building": "yes", "name": "中关园食堂", "amenity": "restaurant", "source": "osm"}, "geometry": {"type": "MultiPolygon", "coordinates": [[[[116.314325, 39.9907102], [116.3143392, 39.9905403], [116.3146126, 39.9905537], [116.3146048, 39.9906511], [116.3145978, 39.990724], [116.314325, 39.9907102]]]]}}, {"type": "Feature", "properties": {"building": "yes", "source": "osm"}, "geometry": {"type": "MultiPolygon", "coordinates": [[[[116.3145978, 39.990724], [116.3146048, 39.9906511], [116.3152863, 39.9906896], [116.3152792, 39.9907627], [116.3145978, 39.990724]]]]}}, {"type": "Feature", "properties": {"building": "yes", "name": "科维理天文与天体物理研究所", "office": "research", "source": "osm"}, "geometry": {"type": "MultiPolygon", "coordinates": [[[[116.3042219, 39.9979059], [116.3042759, 39.9977512], [116.3048391, 39.9978666], [116.3048263, 39.997903], [116.3049438, 39.997927], [116.304955, 39.997895], [116.3051832, 39.9979417], [116.3051307, 39.998092], [116.3042219, 39.9979059]]]]}}, {"type": "Feature", "properties": {"building": "apartments", "source": "osm"}, "geometry": {"type": "MultiPolygon", "coordinates": [[[[116.312067, 39.9955768], [116.3120789, 39.9954532], [116.3127807, 39.995493], [116.3127687, 39.9956167], [116.312067, 39.9955768]]]]}}, {"type": "Feature", "properties": {"building": "apartments", "source": "osm"}, "geometry": {"type": "MultiPolygon", "coordinates": [[[[116.3112262, 39.9955219], [116.3112382, 39.9953983], [116.3119399, 39.9954381], [116.3119279, 39.9955617], [116.3112262, 39.9955219]]]]}}, {"type": "Feature", "properties": {"building": "apartments", "source": "osm"}, "geometry": {"type": "MultiPolygon", "coordinates": [[[[116.3120598, 39.9959006], [116.3120718, 39.995777], [116.3127735, 39.9958168], [116.3127616, 39.9959405], [116.3120598, 39.9959006]]]]}}, {"type": "Feature", "properties": {"building": "apartments", "source": "osm"}, "geometry": {"type": "MultiPolygon", "coordinates": [[[[116.3112118, 39.9958522], [116.3112237, 39.9957286], [116.3119255, 39.9957684], [116.3119135, 39.9958921], [116.3112118, 39.9958522]]]]}}, {"type": "Feature", "properties": {"building": "apartments", "source": "osm"}, "geometry": {"type": "MultiPolygon", "coordinates": [[[[116.3103673, 39.9958108], [116.3103793, 39.9956872], [116.311081, 39.995727], [116.3110691, 39.9958506], [116.3103673, 39.9958108]]]]}}, {"type": "Feature", "properties": {"building": "apartments", "source": "osm"}, "geometry": {"type": "MultiPolygon", "coordinates": [[[[116.3103908, 39.9954818], [116.3104028, 39.9953582], [116.3111045, 39.995398], [116.3110925, 39.9955217], [116.3103908, 39.9954818]]]]}}, {"type": "Feature", "properties": {"building": "apartments", "source": "osm"}, "geometry": {"type": "MultiPolygon", "coordinates": [[[[116.2947516, 39.9940843], [116.2947563, 39.9939846], [116.2955151, 39.9940056], [116.2955104, 39.9941052], [116.2947516, 39.9940843]]]]}}, {"type": "Feature", "properties": {"building": "apartments", "source": "osm"}, "geometry": {"type": "MultiPolygon", "coordinates": [[[[116.2947673, 39.9937803], [116.294772, 39.9936806], [116.2955308, 39.9937015], [116.2955261, 39.9938012], [116.2947673, 39.9937803]]]]}}, {"type": "Feature", "properties": {"building": "apartments", "source": "osm"}, "geometry": {"type": "MultiPolygon", "coordinates": [[[[116.294748, 39.9944367], [116.2947517, 39.9943371], [116.2955107, 39.9943539], [116.295507, 39.9944536], [116.294748, 39.9944367]]]]}}, {"type": "Feature", "properties": {"building": "apartments", "source": "osm"}, "geometry": {"type": "MultiPolygon", "coordinates": [[[[116.2957325, 39.993799], [116.2957356, 39.9937], [116.2961134, 39.9937069], [116.2961103, 39.9938059], [116.2957325, 39.993799]]]]}}, {"type": "Feature", "properties": {"building": "apartments", "source": "osm"}, "geometry": {"type": "MultiPolygon", "coordinates": [[[[116.295726, 39.9941098], [116.2957285, 39.9940107], [116.2961062, 39.9940162], [116.2961038, 39.9941152], [116.295726, 39.9941098]]]]}}, {"type": "Feature", "properties": {"building": "apartments", "source": "osm"}, "geometry": {"type": "MultiPolygon", "coordinates": [[[[116.2957494, 39.9934562], [116.2957523, 39.993363], [116.2961301, 39.99337], [116.2961271, 39.9934632], [116.2957494, 39.9934562]]]]}}, {"type": "Feature", "properties": {"building": "yes", "source": "osm"}, "geometry": {"type": "MultiPolygon", "coordinates": [[[[116.2966981, 39.9933341], [116.2967002, 39.9932067], [116.2968443, 39.9932082], [116.2968422, 39.9933355], [116.2966981, 39.9933341]]]]}}, {"type": "Feature", "properties": {"building": "yes", "source": "osm"}, "geometry": {"type": "MultiPolygon", "coordinates": [[[[116.2968422, 39.9933355], [116.2968443, 39.9932082], [116.2968455, 39.9932043], [116.2970728, 39.9932083], [116.2970718, 39.9932388], [116.2974324, 39.9932452], [116.2974321, 39.9933029], [116.2974318, 39.9933454], [116.2968422, 39.9933355]]]]}}, {"type": "Feature", "properties": {"building": "yes", "source": "osm"}, "geometry": {"type": "MultiPolygon", "coordinates": [[[[116.2974316, 39.9933781], [116.2974318, 39.9933454], [116.2974321, 39.9933029], [116.2975656, 39.9933034], [116.297601, 39.9932681], [116.2976535, 39.9932681], [116.2976782, 39.9932894], [116.2976772, 39.9933437], [116.2976428, 39.9933568], [116.2976427, 39.993379], [116.2974316, 39.9933781]]]]}}, {"type": "Feature", "properties": {"building": "apartments", "source": "osm"}, "geometry": {"type": "MultiPolygon", "coordinates": [[[[116.2966188, 39.9953235], [116.2966216, 39.9952191], [116.2975335, 39.9952333], [116.2975325, 39.9952796], [116.2975322, 39.9953379], [116.2966188, 39.9953235]]]]}}, {"type": "Feature", "properties": {"building": "yes", "source": "osm"}, "geometry": {"type": "MultiPolygon", "coordinates": [[[[116.2975325, 39.9952796], [116.2975335, 39.9952333], [116.2975362, 39.9951069], [116.2976708, 39.9951086], [116.297667, 39.9952813], [116.2975325, 39.9952796]]]]}}, {"type": "Feature", "properties": {"building": "yes", "source": "osm"}, "geometry": {"type": "MultiPolygon", "coordinates": [[[[116.2975201, 39.9955985], [116.2975211, 39.9955523], [116.2975238, 39.9954259], [116.2976583, 39.9954276], [116.2976546, 39.9956002], [116.2975201, 39.9955985]]]]}}, {"type": "Feature", "properties": {"building": "apartments", "source": "osm"}, "geometry": {"type": "MultiPolygon", "coordinates": [[[[116.2966064, 39.9956425], [116.2966092, 39.9955381], [116.2975211, 39.9955523], [116.2975201, 39.9955985], [116.2975197, 39.9956569], [116.2966064, 39.9956425]]]]}}, {"type": "Feature", "properties": {"building": "apartments", "source": "osm"}, "geometry": {"type": "MultiPolygon", "coordinates": [[[[116.296817, 39.9949912], [116.2968199, 39.9948892], [116.2975436, 39.9949011], [116.2975423, 39.9949467], [116.2975407, 39.9950032], [116.296817, 39.9949912]]]]}}, {"type": "Feature", "properties": {"building": "yes", "source": "osm"}, "geometry": {"type": "MultiPolygon", "coordinates": [[[[116.2975423, 39.9949467], [116.2975436, 39.9949011], [116.2975471, 39.9947741], [116.2976817, 39.9947758], [116.2976779, 39.9949484], [116.2975423, 39.9949467]]]]}}, {"type": "Feature", "properties": {"building": "apartments", "source": "osm"}, "geometry": {"type": "MultiPolygon", "coordinates": [[[[116.2958183, 39.9949764], [116.2958212, 39.9948744], [116.2965449, 39.9948863], [116.2965436, 39.9949319], [116.296542, 39.9949884], [116.2958183, 39.9949764]]]]}}, {"type": "Feature", "properties": {"building": "apartments", "source": "osm"}, "geometry": {"type": "MultiPolygon", "coordinates": [[[[116.2948441, 39.9952259], [116.2948473, 39.9951251], [116.2956035, 39.9951395], [116.2956002, 39.9952405], [116.2948441, 39.9952259]]]]}}, {"type": "Feature", "properties": {"building": "apartments", "source": "osm"}, "geometry": {"type": "MultiPolygon", "coordinates": [[[[116.2948247, 39.9955314], [116.294828, 39.9954305], [116.2955842, 39.9954449], [116.2955809, 39.9955459], [116.2948247, 39.9955314]]]]}}, {"type": "Feature", "properties": {"building": "apartments", "source": "osm"}, "geometry": {"type": "MultiPolygon", "coordinates": [[[[116.2957563, 39.9955558], [116.2957596, 39.9954549], [116.2965158, 39.9954693], [116.2965125, 39.9955703], [116.2957563, 39.9955558]]]]}}, {"type": "Feature", "properties": {"building": "apartments", "source": "osm"}, "geometry": {"type": "MultiPolygon", "coordinates": [[[[116.2950096, 39.9949456], [116.295013, 39.994904], [116.2950127, 39.9948555], [116.2950253, 39.9948555], [116.2956114, 39.9948647], [116.2956089, 39.9949554], [116.2950096, 39.9949456]]]]}}, {"type": "Feature", "properties": {"building": "apartments", "source": "osm"}, "geometry": {"type": "MultiPolygon", "coordinates": [[[[116.2948276, 39.9948218], [116.2950251, 39.9948212], [116.2950253, 39.9948555], [116.2950127, 39.9948555], [116.295013, 39.994904], [116.294828, 39.9949045], [116.2948276, 39.9948218]]]]}}, {"type": "Feature", "properties": {"building": "school", "name": "理科五号楼", "source": "osm"}, "geometry": {"type": "MultiPolygon", "coordinates": [[[[116.3082326, 39.9885404], [116.3082568, 39.9881611], [116.3083524, 39.9881646], [116.3083563, 39.9881029], [116.3088619, 39.9881218], [116.3088574, 39.9881921], [116.3089261, 39.9881947], [116.3089021, 39.9885692], [116.3088257, 39.9885663], [116.3088212, 39.9886354], [116.3083072, 39.9886161], [116.3083119, 39.9885434], [116.3082326, 39.9885404]], [[116.3083914, 39.988461], [116.3087432, 39.9884776], [116.308759, 39.988282], [116.3084072, 39.9882654], [116.3083914, 39.988461]]]]}}, {"type": "Feature", "properties": {"building": "hotel", "source": "osm"}, "geometry": {"type": "MultiPolygon", "coordinates": [[[[116.3070479, 39.9968708], [116.3071695, 39.9961412], [116.3072573, 39.9961457], [116.3072627, 39.9960931], [116.3071697, 39.9960864], [116.3071874, 39.9958996], [116.3078282, 39.9959353], [116.3078249, 39.9959692], [116.3078612, 39.9959682], [116.3078541, 39.9960506], [116.307822, 39.9960491], [116.3078182, 39.9961439], [116.3073706, 39.9961238], [116.3073684, 39.9961491], [116.3074366, 39.9961531], [116.3074168, 39.9963004], [116.3074921, 39.9963197], [116.3075602, 39.9963499], [116.3075996, 39.9963911], [116.3076247, 39.9964267], [116.3076283, 39.9964844], [116.307596, 39.9965311], [116.3075602, 39.9965668], [116.3074879, 39.9966014], [116.3075009, 39.9966463], [116.3075244, 39.9966896], [116.3075696, 39.9967441], [116.3076342, 39.9967873], [116.3077142, 39.9968229], [116.3081345, 39.9968659], [116.3081263, 39.9969063], [116.3081577, 39.9969106], [116.308191, 39.996877], [116.3082304, 39.9968551], [116.308284, 39.9968394], [116.3082934, 39.9966604], [116.3082036, 39.9966561], [116.3082602, 39.9959698], [116.3083699, 39.9959751], [116.3083709, 39.9959502], [116.30849, 39.995952], [116.3084894, 39.9959766], [116.3084906, 39.995981], [116.3085787, 39.9959853], [116.3085219, 39.9966715], [116.3084314, 39.9966671], [116.3084271, 39.9966665], [116.3084143, 39.9968499], [116.3084538, 39.9968714], [116.3084553, 39.9968551], [116.3085674, 39.9968587], [116.3085585, 39.9969685], [116.3085344, 39.9969676], [116.3085222, 39.9970057], [116.3085064, 39.99705], [116.3084554, 39.9970967], [116.3083738, 39.9971242], [116.3082878, 39.9971242], [116.3082197, 39.9970995], [116.3081855, 39.9970715], [116.3081027, 39.9970644], [116.3081007, 39.9970754], [116.3073517, 39.9970072], [116.3073635, 39.9969226], [116.3073131, 39.9969185], [116.3072987, 39.9970036], [116.3070515, 39.9969855], [116.3070719, 39.9968729], [116.3070479, 39.9968708]]]]}}, {"type": "Feature", "properties": {"building": "yes", "name": "微纳电子大厦", "source": "osm"}, "geometry": {"type": "MultiPolygon", "coordinates": [[[[116.3077652, 39.9935428], [116.3078879, 39.9928461], [116.3083712, 39.9928961], [116.3082485, 39.9935927], [116.3077652, 39.9935428]], [[116.3078804, 39.9934069], [116.3081765, 39.9934321], [116.3081953, 39.9933115], [116.3079039, 39.993288], [116.3078804, 39.9934069]], [[116.3079485, 39.9931422], [116.3082212, 39.9931656], [116.3082447, 39.9930485], [116.3079673, 39.9930197], [116.3079485, 39.9931422]]]]}}, {"type": "Feature", "properties": {"building": "yes", "name": "环境科学与工程学院（刘水楼）", "source": "osm"}, "geometry": {"type": "MultiPolygon", "coordinates": [[[[116.308381, 39.9936284], [116.3083928, 39.9935329], [116.3086936, 39.9935545], [116.3087077, 39.9934249], [116.3084186, 39.9934051], [116.3084492, 39.993072], [116.3086207, 39.993081], [116.308619, 39.9930966], [116.3087641, 39.9931044], [116.3087735, 39.9929711], [116.3084915, 39.9929549], [116.3084985, 39.9928667], [116.3088558, 39.9928847], [116.3088887, 39.9928991], [116.3088816, 39.9932034], [116.3088511, 39.9932034], [116.3088323, 39.9933817], [116.3088581, 39.9933835], [116.3088299, 39.9936896], [116.308381, 39.9936284]], [[116.3085972, 39.9933421], [116.3087453, 39.9933493], [116.3087571, 39.9931872], [116.3086066, 39.9931782], [116.3085972, 39.9933421]]]]}}, {"type": "Feature", "properties": {"building": "university", "name": "理科三号楼（曙东楼）", "source": "osm"}, "geometry": {"type": "MultiPolygon", "coordinates": [[[[116.3080522, 39.9905481], [116.3080731, 39.9902132], [116.3080787, 39.9901173], [116.3081684, 39.9901203], [116.308172, 39.990057], [116.308692, 39.9900746], [116.3089442, 39.990084], [116.3089396, 39.9901571], [116.3089783, 39.9901585], [116.3089713, 39.9902781], [116.308794, 39.9902721], [116.3087929, 39.9902909], [116.3087749, 39.990603], [116.3087404, 39.9906018], [116.3086684, 39.9905994], [116.3086643, 39.9906706], [116.308192, 39.9906546], [116.3081978, 39.990553], [116.3080522, 39.9905481]], [[116.3082214, 39.9904544], [116.3085364, 39.9904691], [116.3085554, 39.9902303], [116.3082404, 39.9902156], [116.3082214, 39.9904544]]]]}}, {"type": "Feature", "properties": {"building": "yes", "source": "osm"}, "geometry": {"type": "MultiPolygon", "coordinates": [[[[116.308322, 39.9879347], [116.3083269, 39.9878366], [116.3085492, 39.9878446], [116.3085424, 39.9879419], [116.308322, 39.9879347]]]]}}, {"type": "Feature", "properties": {"building": "yes", "source": "osm"}, "geometry": {"type": "MultiPolygon", "coordinates": [[[[116.3083269, 39.9878366], [116.3083308, 39.9877738], [116.3085531, 39.9877818], [116.3085492, 39.9878446], [116.3083269, 39.9878366]]]]}}, {"type": "Feature", "properties": {"building": "yes", "source": "osm"}, "geometry": {"type": "MultiPolygon", "coordinates": [[[[116.308345, 39.987636], [116.3083487, 39.9875652], [116.308573, 39.987572], [116.3085693, 39.9876428], [116.308345, 39.987636]]]]}}, {"type": "Feature", "properties": {"building": "apartments", "name": "6号楼", "source": "osm"}, "geometry": {"type": "MultiPolygon", "coordinates": [[[[116.2997206, 39.9703025], [116.2997208, 39.9702207], [116.300436, 39.9702635], [116.3004345, 39.970343], [116.2997206, 39.9703025]]]]}}, {"type": "Feature", "properties": {"building": "commercial", "name": "名商大厦", "source": "osm"}, "geometry": {"type": "MultiPolygon", "coordinates": [[[[116.2997457, 39.9707084], [116.2997489, 39.9704815], [116.3003502, 39.9705054], [116.3003297, 39.9707388], [116.2997457, 39.9707084]]]]}}, {"type": "Feature", "properties": {"building": "apartments", "name": "1号楼", "source": "osm"}, "geometry": {"type": "MultiPolygon", "coordinates": [[[[116.299482, 39.9714587], [116.2994911, 39.9713566], [116.2995568, 39.9713597], [116.3000654, 39.9713836], [116.3000737, 39.9712615], [116.3002365, 39.9712707], [116.3002239, 39.9714512], [116.3001129, 39.971449], [116.3001103, 39.9714951], [116.299482, 39.9714587]]]]}}, {"type": "Feature", "properties": {"building": "commercial", "name": "余维薇楼", "source": "osm"}, "geometry": {"type": "MultiPolygon", "coordinates": [[[[116.3212123, 39.9983659], [116.3215908, 39.998347], [116.3216124, 39.9986919], [116.3212397, 39.9987089], [116.3212123, 39.9983659]]]]}}, {"type": "Feature", "properties": {"building": "retail", "source": "osm"}, "geometry": {"type": "MultiPolygon", "coordinates": [[[[116.3137104, 39.9974989], [116.3137202, 39.9973888], [116.3144686, 39.9974278], [116.3144588, 39.9975379], [116.3137104, 39.9974989]]]]}}, {"type": "Feature", "properties": {"building": "retail", "source": "osm"}, "geometry": {"type": "MultiPolygon", "coordinates": [[[[116.313002, 39.9974514], [116.3130136, 39.9973435], [116.3132595, 39.997359], [116.3132479, 39.9974669], [116.313002, 39.9974514]]]]}}, {"type": "Feature", "properties": {"building": "yes", "name": "面包坊", "shop": "bakery", "source": "osm"}, "geometry": {"type": "MultiPolygon", "coordinates": [[[[116.3132972, 39.9972343], [116.3133158, 39.9970693], [116.3135053, 39.9970819], [116.3135194, 39.9969574], [116.3136798, 39.996968], [116.3136471, 39.9972576], [116.3132972, 39.9972343]]]]}}, {"type": "Feature", "properties": {"building": "residential", "name": "西46楼", "source": "osm"}, "geometry": {"type": "MultiPolygon", "coordinates": [[[[116.3096281, 39.9976932], [116.3096329, 39.9975704], [116.309854, 39.9975754], [116.3098493, 39.9976983], [116.3096281, 39.9976932]]]]}}, {"type": "Feature", "properties": {"building": "residential", "name": "西47楼", "source": "osm"}, "geometry": {"type": "MultiPolygon", "coordinates": [[[[116.3099022, 39.9973635], [116.3099116, 39.9972305], [116.3101016, 39.9972384], [116.3100921, 39.9973713], [116.3099022, 39.9973635]]]]}}, {"type": "Feature", "properties": {"building": "yes", "name": "家园", "amenity": "restaurant", "source": "osm"}, "geometry": {"type": "MultiPolygon", "coordinates": [[[[116.3158117, 39.9934321], [116.315829, 39.9932939], [116.3166964, 39.9933419], [116.3166813, 39.9934259], [116.316205, 39.9934075], [116.3161911, 39.9934596], [116.3158117, 39.9934321]]]]}}, {"type": "Feature", "properties": {"building": "yes", "source": "osm"}, "geometry": {"type": "MultiPolygon", "coordinates": [[[[116.3252467, 39.9897083], [116.325264, 39.9894657], [116.3253932, 39.9894711], [116.3253759, 39.9897137], [116.3252467, 39.9897083]]]]}}, {"type": "Feature", "properties": {"building": "yes", "source": "osm"}, "geometry": {"type": "MultiPolygon", "coordinates": [[[[116.3253584, 39.9894544], [116.3253585, 39.9893278], [116.326008, 39.9893284], [116.3260078, 39.9894549], [116.3253584, 39.9894544]]]]}}, {"type": "Feature", "properties": {"building": "yes", "source": "osm"}, "geometry": {"type": "MultiPolygon", "coordinates": [[[[116.325387, 39.9904697], [116.3253897, 39.9903041], [116.3255913, 39.990306], [116.3255886, 39.9904716], [116.325387, 39.9904697]]]]}}, {"type": "Feature", "properties": {"building": "yes", "source": "osm"}, "geometry": {"type": "MultiPolygon", "coordinates": [[[[116.324417, 39.9903333], [116.3250746, 39.9903333], [116.3250746, 39.9904668], [116.324417, 39.9904668], [116.324417, 39.9903333]]]]}}, {"type": "Feature", "properties": {"building": "yes", "source": "osm"}, "geometry": {"type": "MultiPolygon", "coordinates": [[[[116.324433, 39.9901343], [116.3244378, 39.9899958], [116.3252647, 39.9900128], [116.3252599, 39.9901512], [116.324433, 39.9901343]]]]}}, {"type": "Feature", "properties": {"building": "yes", "source": "osm"}, "geometry": {"type": "MultiPolygon", "coordinates": [[[[116.3236195, 39.9904006], [116.3236216, 39.9903106], [116.3243149, 39.9903201], [116.3243129, 39.9904047], [116.3242835, 39.9904043], [116.3242824, 39.9904558], [116.3236418, 39.9904472], [116.3236428, 39.9904009], [116.3236195, 39.9904006]]]]}}, {"type": "Feature", "properties": {"building": "yes", "source": "osm"}, "geometry": {"type": "MultiPolygon", "coordinates": [[[[116.3236457, 39.990032], [116.3236478, 39.989942], [116.3243411, 39.9899515], [116.3243391, 39.9900361], [116.3243097, 39.9900357], [116.3243085, 39.9900872], [116.3236679, 39.9900786], [116.323669, 39.9900323], [116.3236457, 39.990032]]]]}}, {"type": "Feature", "properties": {"building": "apartments", "source": "osm"}, "geometry": {"type": "MultiPolygon", "coordinates": [[[[116.3222156, 39.9888526], [116.3226085, 39.9888466], [116.3226159, 39.9891338], [116.322223, 39.9891398], [116.3222156, 39.9888526]]]]}}, {"type": "Feature", "properties": {"building": "apartments", "source": "osm"}, "geometry": {"type": "MultiPolygon", "coordinates": [[[[116.3212004, 39.988841], [116.3215933, 39.988835], [116.3216007, 39.9891222], [116.3212079, 39.9891282], [116.3212004, 39.988841]]]]}}, {"type": "Feature", "properties": {"building": "apartments", "source": "osm"}, "geometry": {"type": "MultiPolygon", "coordinates": [[[[116.3232184, 39.9888503], [116.3236113, 39.9888443], [116.3236187, 39.9891315], [116.3232258, 39.9891375], [116.3232184, 39.9888503]]]]}}, {"type": "Feature", "properties": {"building": "yes", "source": "osm"}, "geometry": {"type": "MultiPolygon", "coordinates": [[[[116.3213004, 39.989249], [116.3214795, 39.9892187], [116.3215705, 39.9895303], [116.3215553, 39.9895884], [116.3213824, 39.9895907], [116.3213414, 39.9894199], [116.3213004, 39.989249]]]]}}, {"type": "Feature", "properties": {"building": "yes", "source": "osm"}, "geometry": {"type": "MultiPolygon", "coordinates": [[[[116.3216258, 39.9893006], [116.322225, 39.9892916], [116.3222285, 39.9894277], [116.3216293, 39.9894366], [116.3216258, 39.9893006]]]]}}, {"type": "Feature", "properties": {"building": "yes", "source": "osm"}, "geometry": {"type": "MultiPolygon", "coordinates": [[[[116.3226226, 39.9892994], [116.3232218, 39.9892904], [116.3232253, 39.9894265], [116.3226261, 39.9894354], [116.3226226, 39.9892994]]]]}}, {"type": "Feature", "properties": {"building": "yes", "source": "osm"}, "geometry": {"type": "MultiPolygon", "coordinates": [[[[116.3239411, 39.9894876], [116.3239533, 39.9893123], [116.3248047, 39.9893471], [116.3247925, 39.9895224], [116.3239411, 39.9894876]]]]}}, {"type": "Feature", "properties": {"building": "yes", "name": "智源大厦", "source": "osm"}, "geometry": {"type": "MultiPolygon", "coordinates": [[[[116.3235797, 39.9909339], [116.3235933, 39.9906282], [116.3241334, 39.9906423], [116.3241199, 39.9909479], [116.3235797, 39.9909339]]]]}}, {"type": "Feature", "properties": {"building": "yes", "source": "osm"}, "geometry": {"type": "MultiPolygon", "coordinates": [[[[116.3214303, 39.9906553], [116.321435, 39.99056], [116.3221784, 39.9905818], [116.3221736, 39.9906772], [116.3214303, 39.9906553]]]]}}, {"type": "Feature", "properties": {"building": "yes", "source": "osm"}, "geometry": {"type": "MultiPolygon", "coordinates": [[[[116.3213878, 39.9903085], [116.3213896, 39.9902132], [116.3221334, 39.9902212], [116.3221317, 39.9903166], [116.3213878, 39.9903085]]]]}}, {"type": "Feature", "properties": {"building": "yes", "source": "osm"}, "geometry": {"type": "MultiPolygon", "coordinates": [[[[116.3213227, 39.9898423], [116.3214643, 39.9898419], [116.3214647, 39.9899257], [116.3220997, 39.989924], [116.3221004, 39.9900647], [116.3213238, 39.9900669], [116.3213227, 39.9898423]]]]}}, {"type": "Feature", "properties": {"building": "yes", "source": "osm"}, "geometry": {"type": "MultiPolygon", "coordinates": [[[[116.3223823, 39.9903613], [116.3223904, 39.9902648], [116.323107, 39.9903002], [116.3230989, 39.9903967], [116.3223823, 39.9903613]]]]}}, {"type": "Feature", "properties": {"building": "yes", "source": "osm"}, "geometry": {"type": "MultiPolygon", "coordinates": [[[[116.322265, 39.9910853], [116.3222699, 39.9909853], [116.3227597, 39.9909993], [116.3227668, 39.9909995], [116.3230036, 39.9910063], [116.3229988, 39.9911062], [116.322265, 39.9910853]]]]}}, {"type": "Feature", "properties": {"building": "yes", "source": "osm"}, "geometry": {"type": "MultiPolygon", "coordinates": [[[[116.3223047, 39.9907964], [116.3223116, 39.9906431], [116.322446, 39.9906466], [116.3224482, 39.9905988], [116.3231168, 39.9906168], [116.3231142, 39.9906739], [116.3232544, 39.9906776], [116.3232481, 39.9908159], [116.3231052, 39.9908121], [116.3231097, 39.9907134], [116.322445, 39.9906957], [116.3224402, 39.9908], [116.3223047, 39.9907964]]]]}}, {"type": "Feature", "properties": {"building": "yes", "source": "osm"}, "geometry": {"type": "MultiPolygon", "coordinates": [[[[116.3254465, 39.9882624], [116.3254545, 39.9881191], [116.3262258, 39.9881423], [116.3262205, 39.9882875], [116.3254465, 39.9882624]]]]}}, {"type": "Feature", "properties": {"building": "yes", "source": "osm"}, "geometry": {"type": "MultiPolygon", "coordinates": [[[[116.3262205, 39.9882875], [116.3262258, 39.9881423], [116.3265639, 39.9881496], [116.3265585, 39.9882949], [116.3262205, 39.9882875]]]]}}, {"type": "Feature", "properties": {"building": "yes", "source": "osm"}, "geometry": {"type": "MultiPolygon", "coordinates": [[[[116.3254726, 39.9879303], [116.3254793, 39.9877944], [116.3259387, 39.9878078], [116.3259319, 39.9879437], [116.3254726, 39.9879303]]]]}}, {"type": "Feature", "properties": {"building": "yes", "source": "osm"}, "geometry": {"type": "MultiPolygon", "coordinates": [[[[116.3260684, 39.9879449], [116.3260742, 39.9878052], [116.3265691, 39.9878173], [116.3265633, 39.9879571], [116.3260684, 39.9879449]]]]}}, {"type": "Feature", "properties": {"building": "yes", "source": "osm"}, "geometry": {"type": "MultiPolygon", "coordinates": [[[[116.3254893, 39.9876445], [116.3254945, 39.9875244], [116.3259552, 39.987536], [116.32595, 39.9876562], [116.3254893, 39.9876445]]]]}}, {"type": "Feature", "properties": {"building": "yes", "source": "osm"}, "geometry": {"type": "MultiPolygon", "coordinates": [[[[116.3260883, 39.9876557], [116.3260935, 39.9875356], [116.3261831, 39.9875379], [116.3265542, 39.9875473], [116.326549, 39.9876674], [116.3260883, 39.9876557]]]]}}, {"type": "Feature", "properties": {"building": "yes", "source": "osm"}, "geometry": {"type": "MultiPolygon", "coordinates": [[[[116.3254987, 39.9874245], [116.3255063, 39.9872939], [116.325954, 39.9873084], [116.3259485, 39.9874179], [116.3259472, 39.9874399], [116.3254987, 39.9874245]]]]}}, {"type": "Feature", "properties": {"building": "yes", "source": "osm"}, "geometry": {"type": "MultiPolygon", "coordinates": [[[[116.3261417, 39.9874441], [116.3261429, 39.9874236], [116.3261484, 39.9873141], [116.3265978, 39.9873287], [116.3265902, 39.9874595], [116.3261417, 39.9874441]]]]}}, {"type": "Feature", "properties": {"building": "yes", "source": "osm"}, "geometry": {"type": "MultiPolygon", "coordinates": [[[[116.3259485, 39.9874179], [116.325954, 39.9873084], [116.3261484, 39.9873141], [116.3261429, 39.9874236], [116.3259485, 39.9874179]]]]}}, {"type": "Feature", "properties": {"building": "yes", "source": "osm"}, "geometry": {"type": "MultiPolygon", "coordinates": [[[[116.3255382, 39.9886474], [116.3255434, 39.9885172], [116.3260184, 39.9885284], [116.3260132, 39.9886585], [116.3255382, 39.9886474]]]]}}, {"type": "Feature", "properties": {"building": "yes", "source": "osm"}, "geometry": {"type": "MultiPolygon", "coordinates": [[[[116.3255213, 39.9888396], [116.3255265, 39.9887095], [116.3257548, 39.9887148], [116.3260015, 39.9887206], [116.3259964, 39.9888507], [116.3255213, 39.9888396]]]]}}, {"type": "Feature", "properties": {"building": "yes", "source": "osm"}, "geometry": {"type": "MultiPolygon", "coordinates": [[[[116.3255274, 39.9890326], [116.3255326, 39.9889024], [116.3260076, 39.9889136], [116.3260024, 39.9890437], [116.3255274, 39.9890326]]]]}}, {"type": "Feature", "properties": {"building": "yes", "source": "osm"}, "geometry": {"type": "MultiPolygon", "coordinates": [[[[116.3255042, 39.9892487], [116.3255054, 39.9891199], [116.325929, 39.9891222], [116.3259279, 39.989251], [116.3255042, 39.9892487]]]]}}, {"type": "Feature", "properties": {"building": "yes", "source": "osm"}, "geometry": {"type": "MultiPolygon", "coordinates": [[[[116.3261735, 39.9886598], [116.3261778, 39.9885361], [116.3265999, 39.9885446], [116.3265957, 39.9886683], [116.3261735, 39.9886598]]]]}}, {"type": "Feature", "properties": {"building": "yes", "source": "osm"}, "geometry": {"type": "MultiPolygon", "coordinates": [[[[116.3260132, 39.9886585], [116.3260184, 39.9885284], [116.3261778, 39.9885361], [116.3261735, 39.9886598], [116.3260132, 39.9886585]]]]}}, {"type": "Feature", "properties": {"building": "yes", "source": "osm"}, "geometry": {"type": "MultiPolygon", "coordinates": [[[[116.3259473, 39.9892517], [116.3259507, 39.9891167], [116.3261435, 39.9891196], [116.3261409, 39.9892264], [116.3260291, 39.9892248], [116.3260284, 39.9892529], [116.3259473, 39.9892517]]]]}}, {"type": "Feature", "properties": {"building": "yes", "source": "osm"}, "geometry": {"type": "MultiPolygon", "coordinates": [[[[116.3260706, 39.9890538], [116.3260742, 39.9889404], [116.3261881, 39.9889383], [116.326224, 39.9889377], [116.326225, 39.9889709], [116.3262258, 39.9889957], [116.3262041, 39.9890524], [116.3260706, 39.9890538]]]]}}, {"type": "Feature", "properties": {"building": "yes", "source": "osm"}, "geometry": {"type": "MultiPolygon", "coordinates": [[[[116.3261881, 39.9889383], [116.3262041, 39.9888533], [116.3263394, 39.9888547], [116.3263305, 39.9889698], [116.326225, 39.9889709], [116.326224, 39.9889377], [116.3261881, 39.9889383]]]]}}, {"type": "Feature", "properties": {"building": "yes", "source": "osm"}, "geometry": {"type": "MultiPolygon", "coordinates": [[[[116.3218338, 39.9886307], [116.3218396, 39.988433], [116.3220951, 39.9884374], [116.3220942, 39.9884674], [116.3230032, 39.9884829], [116.323004, 39.9884577], [116.323236, 39.9884617], [116.3232302, 39.9886617], [116.3230485, 39.9886586], [116.3230497, 39.9886173], [116.3220489, 39.9886001], [116.3220479, 39.9886344], [116.3218338, 39.9886307]]]]}}, {"type": "Feature", "properties": {"building": "yes", "source": "osm"}, "geometry": {"type": "MultiPolygon", "coordinates": [[[[116.3217164, 39.9881046], [116.3217252, 39.9879637], [116.3223605, 39.987987], [116.3223516, 39.9881281], [116.3217164, 39.9881046]]]]}}, {"type": "Feature", "properties": {"building": "yes", "source": "osm"}, "geometry": {"type": "MultiPolygon", "coordinates": [[[[116.3191845, 39.9884152], [116.3192046, 39.9882674], [116.3194897, 39.9882901], [116.3194851, 39.9883237], [116.3203831, 39.9883954], [116.3203873, 39.9883648], [116.3206672, 39.9883871], [116.3206466, 39.9885386], [116.3203982, 39.9885188], [116.3203945, 39.9885459], [116.3194684, 39.9884722], [116.319473, 39.9884382], [116.3191845, 39.9884152]]]]}}, {"type": "Feature", "properties": {"building": "yes", "source": "osm"}, "geometry": {"type": "MultiPolygon", "coordinates": [[[[116.319142, 39.9901845], [116.3191702, 39.9896052], [116.3195776, 39.9896168], [116.3195684, 39.9898044], [116.3194465, 39.989801], [116.319435, 39.9900395], [116.3195409, 39.9900425], [116.3195335, 39.9901957], [116.319142, 39.9901845]]]]}}, {"type": "Feature", "properties": {"building": "yes", "source": "osm"}, "geometry": {"type": "MultiPolygon", "coordinates": [[[[116.3155877, 39.9900751], [116.3156433, 39.9895401], [116.3161571, 39.9895714], [116.3161434, 39.9897028], [116.3157754, 39.9896803], [116.3157535, 39.9898908], [116.3161072, 39.9899125], [116.3160871, 39.9901056], [116.3155877, 39.9900751]]]]}}, {"type": "Feature", "properties": {"building": "yes", "source": "osm"}, "geometry": {"type": "MultiPolygon", "coordinates": [[[[116.3156218, 39.9887817], [116.3156421, 39.9886091], [116.3162574, 39.9886517], [116.3162371, 39.9888242], [116.3156218, 39.9887817]]]]}}, {"type": "Feature", "properties": {"building": "residential", "source": "osm"}, "geometry": {"type": "MultiPolygon", "coordinates": [[[[116.3211259, 39.9865836], [116.3211307, 39.9864674], [116.3216997, 39.9864811], [116.3216949, 39.9865974], [116.3211259, 39.9865836]]]]}}, {"type": "Feature", "properties": {"building": "residential", "source": "osm"}, "geometry": {"type": "MultiPolygon", "coordinates": [[[[116.3211297, 39.9862704], [116.3211345, 39.9861542], [116.3217035, 39.9861679], [116.3216987, 39.9862842], [116.3211297, 39.9862704]]]]}}, {"type": "Feature", "properties": {"building": "residential", "source": "osm"}, "geometry": {"type": "MultiPolygon", "coordinates": [[[[116.3211601, 39.9859704], [116.3211649, 39.9858542], [116.3217338, 39.985868], [116.321729, 39.9859842], [116.3211601, 39.9859704]]]]}}, {"type": "Feature", "properties": {"building": "residential", "source": "osm"}, "geometry": {"type": "MultiPolygon", "coordinates": [[[[116.3211692, 39.9856635], [116.321174, 39.9855473], [116.3217429, 39.985561], [116.3217381, 39.9856773], [116.3211692, 39.9856635]]]]}}, {"type": "Feature", "properties": {"building": "residential", "source": "osm"}, "geometry": {"type": "MultiPolygon", "coordinates": [[[[116.3211783, 39.9853543], [116.3211831, 39.9852381], [116.321752, 39.9852518], [116.3217473, 39.9853681], [116.3211783, 39.9853543]]]]}}, {"type": "Feature", "properties": {"building": "yes", "source": "osm"}, "geometry": {"type": "MultiPolygon", "coordinates": [[[[116.3245551, 39.9890811], [116.3245581, 39.9889859], [116.32459, 39.9889865], [116.3246032, 39.9885589], [116.3252044, 39.9885698], [116.3252, 39.9887124], [116.3248091, 39.9887053], [116.3248024, 39.9889211], [116.3251565, 39.9889276], [116.3251513, 39.9890921], [116.3245551, 39.9890811]]]]}}, {"type": "Feature", "properties": {"building": "yes", "source": "osm"}, "geometry": {"type": "MultiPolygon", "coordinates": [[[[116.3178449, 39.9872211], [116.3178589, 39.9870607], [116.3187013, 39.9871039], [116.3186873, 39.9872644], [116.3178449, 39.9872211]]]]}}, {"type": "Feature", "properties": {"building": "yes", "source": "osm"}, "geometry": {"type": "MultiPolygon", "coordinates": [[[[116.3348171, 39.9876134], [116.3348481, 39.987082], [116.3350026, 39.9870872], [116.3349716, 39.9876187], [116.3348171, 39.9876134]]]]}}, {"type": "Feature", "properties": {"building": "yes", "source": "osm"}, "geometry": {"type": "MultiPolygon", "coordinates": [[[[116.3351693, 39.9876203], [116.3351753, 39.9875145], [116.3355573, 39.9875273], [116.3355513, 39.987633], [116.3351693, 39.9876203]]]]}}, {"type": "Feature", "properties": {"building": "yes", "source": "osm"}, "geometry": {"type": "MultiPolygon", "coordinates": [[[[116.3352051, 39.9872882], [116.3352112, 39.9871824], [116.3355932, 39.9871952], [116.3355872, 39.9873009], [116.3352051, 39.9872882]]]]}}, {"type": "Feature", "properties": {"building": "yes", "source": "osm"}, "geometry": {"type": "MultiPolygon", "coordinates": [[[[116.3348753, 39.9869428], [116.3348799, 39.986857], [116.3356068, 39.9868801], [116.3356022, 39.9869659], [116.3348753, 39.9869428]]]]}}, {"type": "Feature", "properties": {"building": "residential", "source": "osm"}, "geometry": {"type": "MultiPolygon", "coordinates": [[[[116.3218421, 39.9860415], [116.3218511, 39.9859349], [116.3222441, 39.9859544], [116.3222352, 39.9860609], [116.3218421, 39.9860415]]]]}}, {"type": "Feature", "properties": {"building": "residential", "source": "osm"}, "geometry": {"type": "MultiPolygon", "coordinates": [[[[116.3218362, 39.9863158], [116.3218435, 39.9861856], [116.3228215, 39.9862179], [116.3228142, 39.9863479], [116.3218362, 39.9863158]]]]}}, {"type": "Feature", "properties": {"building": "yes", "source": "osm"}, "geometry": {"type": "MultiPolygon", "coordinates": [[[[116.3212523, 39.9879005], [116.3212529, 39.987706], [116.3217194, 39.9877149], [116.3217043, 39.9879707], [116.3213281, 39.9879613], [116.3212523, 39.9879005]]]]}}, {"type": "Feature", "properties": {"building": "yes", "source": "osm"}, "geometry": {"type": "MultiPolygon", "coordinates": [[[[116.3212529, 39.987706], [116.3212744, 39.9870384], [116.3213555, 39.9870399], [116.3216578, 39.9870457], [116.321741, 39.9870472], [116.3217194, 39.9877149], [116.3212529, 39.987706]]]]}}, {"type": "Feature", "properties": {"building": "yes", "source": "osm"}, "geometry": {"type": "MultiPolygon", "coordinates": [[[[116.3213555, 39.9870399], [116.3213609, 39.9867914], [116.3216631, 39.9867952], [116.3216578, 39.9870457], [116.3213555, 39.9870399]]]]}}, {"type": "Feature", "properties": {"building": "yes", "source": "osm"}, "geometry": {"type": "MultiPolygon", "coordinates": [[[[116.3232341, 39.9864614], [116.3232359, 39.9863777], [116.3232388, 39.9862415], [116.3237659, 39.9862482], [116.3237611, 39.986468], [116.323674, 39.9864669], [116.3232341, 39.9864614]]]]}}, {"type": "Feature", "properties": {"building": "yes", "source": "osm"}, "geometry": {"type": "MultiPolygon", "coordinates": [[[[116.3229756, 39.9865425], [116.3229812, 39.9863728], [116.3232359, 39.9863777], [116.3232341, 39.9864614], [116.323674, 39.9864669], [116.3236711, 39.9865558], [116.3229756, 39.9865425]]]]}}, {"type": "Feature", "properties": {"building": "yes", "source": "osm"}, "geometry": {"type": "MultiPolygon", "coordinates": [[[[116.3177119, 39.9891944], [116.3177361, 39.9890028], [116.3188168, 39.9890831], [116.3187926, 39.9892745], [116.3177119, 39.9891944]]]]}}, {"type": "Feature", "properties": {"building": "yes", "name": "过程大厦B座", "source": "osm"}, "geometry": {"type": "MultiPolygon", "coordinates": [[[[116.3200574, 39.9895476], [116.320068, 39.9892837], [116.3207261, 39.989299], [116.3207156, 39.9895631], [116.3200574, 39.9895476]]]]}}, {"type": "Feature", "properties": {"building": "residential", "name": "6号楼", "source": "osm"}, "geometry": {"type": "MultiPolygon", "coordinates": [[[[116.2970994, 39.9812377], [116.2972049, 39.9811797], [116.2971155, 39.981061], [116.2972182, 39.9810145], [116.2974564, 39.9810217], [116.2975591, 39.9810932], [116.2974686, 39.9811999], [116.297558, 39.9812545], [116.2974691, 39.9813304], [116.2973651, 39.9812671], [116.2972889, 39.9812634], [116.2971902, 39.9813222], [116.2970994, 39.9812377]]]]}}, {"type": "Feature", "properties": {"building": "yes", "name": "9号楼", "source": "osm"}, "geometry": {"type": "MultiPolygon", "coordinates": [[[[116.2970221, 39.9800523], [116.2971277, 39.9799942], [116.2970383, 39.9798755], [116.297141, 39.979829], [116.2973792, 39.9798362], [116.2974819, 39.9799077], [116.2973914, 39.9800145], [116.2974808, 39.980069], [116.2973918, 39.980145], [116.2972879, 39.9800816], [116.2972117, 39.9800779], [116.297113, 39.9801367], [116.2970221, 39.9800523]]]]}}, {"type": "Feature", "properties": {"building": "yes", "source": "osm"}, "geometry": {"type": "MultiPolygon", "coordinates": [[[[116.2985344, 39.9752631], [116.2985515, 39.9750756], [116.2994609, 39.9751394], [116.299451, 39.9752712], [116.2993301, 39.975272], [116.2993273, 39.9753381], [116.2993398, 39.9753494], [116.2993513, 39.9753628], [116.2993498, 39.9753793], [116.2993371, 39.9753925], [116.2993218, 39.9753968], [116.2989375, 39.9753903], [116.2989454, 39.9752775], [116.2987917, 39.9752688], [116.2987957, 39.9752236], [116.2986697, 39.9752167], [116.2986662, 39.9752698], [116.2985344, 39.9752631]]]]}}, {"type": "Feature", "properties": {"building": "yes", "name": "Nierongzhen Auditorium", "source": "osm"}, "geometry": {"type": "MultiPolygon", "coordinates": [[[[116.2980953, 39.9765144], [116.2981241, 39.9762818], [116.298651, 39.9763201], [116.2986222, 39.9765528], [116.2980953, 39.9765144]]]]}}, {"type": "Feature", "properties": {"building": "yes", "source": "osm"}, "geometry": {"type": "MultiPolygon", "coordinates": [[[[116.2979619, 39.9767157], [116.2979759, 39.9765902], [116.2985782, 39.9766294], [116.2985643, 39.976755], [116.2979619, 39.9767157]]]]}}, {"type": "Feature", "properties": {"building": "yes", "source": "osm"}, "geometry": {"type": "MultiPolygon", "coordinates": [[[[116.297937, 39.9769651], [116.2979509, 39.9768396], [116.2985533, 39.9768788], [116.2985394, 39.9770044], [116.297937, 39.9769651]]]]}}, {"type": "Feature", "properties": {"building": "yes", "source": "osm"}, "geometry": {"type": "MultiPolygon", "coordinates": [[[[116.2978907, 39.9773468], [116.297925, 39.9770494], [116.2985322, 39.9770906], [116.2984979, 39.9773879], [116.2978907, 39.9773468]]]]}}, {"type": "Feature", "properties": {"building": "yes", "source": "osm"}, "geometry": {"type": "MultiPolygon", "coordinates": [[[[116.2988058, 39.9768678], [116.2988244, 39.9766824], [116.2994189, 39.9767175], [116.2994003, 39.9769028], [116.299005, 39.9768795], [116.2988058, 39.9768678]]]]}}, {"type": "Feature", "properties": {"building": "yes", "name": "食堂", "amenity": "restaurant", "source": "osm"}, "geometry": {"type": "MultiPolygon", "coordinates": [[[[116.2986158, 39.9773856], [116.2986753, 39.9768608], [116.2988058, 39.9768678], [116.299005, 39.9768795], [116.2989949, 39.9769965], [116.2989727, 39.9771913], [116.2989451, 39.9774076], [116.2986158, 39.9773856]]]]}}, {"type": "Feature", "properties": {"building": "yes", "source": "osm"}, "geometry": {"type": "MultiPolygon", "coordinates": [[[[116.2989727, 39.9771913], [116.2989949, 39.9769965], [116.2992965, 39.9770168], [116.2992743, 39.9772115], [116.2989727, 39.9771913]]]]}}, {"type": "Feature", "properties": {"building": "yes", "source": "osm"}, "geometry": {"type": "MultiPolygon", "coordinates": [[[[116.2970637, 39.9772629], [116.2970911, 39.9769706], [116.2972637, 39.9769801], [116.2972364, 39.9772723], [116.2970637, 39.9772629]]]]}}, {"type": "Feature", "properties": {"building": "yes", "source": "osm"}, "geometry": {"type": "MultiPolygon", "coordinates": [[[[116.2969766, 39.9775661], [116.2969875, 39.9773654], [116.297138, 39.9773703], [116.2971266, 39.9775735], [116.2969766, 39.9775661]]]]}}, {"type": "Feature", "properties": {"building": "yes", "name": "The building of middle school", "source": "osm"}, "geometry": {"type": "MultiPolygon", "coordinates": [[[[116.2969605, 39.9777569], [116.2969766, 39.9775661], [116.2971266, 39.9775735], [116.2979241, 39.977613], [116.297908, 39.977804], [116.2969605, 39.9777569]]]]}}, {"type": "Feature", "properties": {"building": "yes", "source": "osm"}, "geometry": {"type": "MultiPolygon", "coordinates": [[[[116.2967234, 39.9785583], [116.2967265, 39.9785319], [116.296735, 39.9784609], [116.296791, 39.9784644], [116.2970483, 39.97848], [116.2970464, 39.978497], [116.2970366, 39.97858], [116.2967234, 39.9785583]]]]}}, {"type": "Feature", "properties": {"building": "yes", "source": "osm"}, "geometry": {"type": "MultiPolygon", "coordinates": [[[[116.296791, 39.9784644], [116.2967981, 39.9783959], [116.2971366, 39.9784163], [116.2971295, 39.9784849], [116.2970483, 39.97848], [116.296791, 39.9784644]]]]}}, {"type": "Feature", "properties": {"building": "yes", "source": "osm"}, "geometry": {"type": "MultiPolygon", "coordinates": [[[[116.2970366, 39.97858], [116.2970464, 39.978497], [116.2973435, 39.9785096], [116.2973519, 39.9783501], [116.2974647, 39.9783573], [116.297447, 39.978601], [116.2970366, 39.97858]]]]}}, {"type": "Feature", "properties": {"building": "yes", "source": "osm"}, "geometry": {"type": "MultiPolygon", "coordinates": [[[[116.2969784, 39.9783342], [116.2969832, 39.9782687], [116.2969855, 39.9782364], [116.2970434, 39.9782388], [116.297359, 39.9782522], [116.2973519, 39.9783501], [116.2969784, 39.9783342]]]]}}, {"type": "Feature", "properties": {"building": "yes", "source": "osm"}, "geometry": {"type": "MultiPolygon", "coordinates": [[[[116.2970434, 39.9782388], [116.2970467, 39.9781929], [116.2970494, 39.9781539], [116.297446, 39.9781704], [116.29744, 39.9782555], [116.297359, 39.9782522], [116.2970434, 39.9782388]]]]}}, {"type": "Feature", "properties": {"building": "yes", "source": "osm"}, "geometry": {"type": "MultiPolygon", "coordinates": [[[[116.2968786, 39.9780859], [116.2968894, 39.9779083], [116.2971104, 39.9779149], [116.2971104, 39.9779428], [116.2973089, 39.9779532], [116.297304, 39.978012], [116.2973032, 39.9780311], [116.2971361, 39.9780283], [116.2970954, 39.9780464], [116.2970482, 39.9780711], [116.2970246, 39.978076], [116.297016, 39.9781901], [116.2970467, 39.9781929], [116.2970434, 39.9782388], [116.2969855, 39.9782364], [116.2969832, 39.9782687], [116.2969237, 39.9782667], [116.2969353, 39.9780878], [116.2968786, 39.9780859]]]]}}, {"type": "Feature", "properties": {"building": "yes", "source": "osm"}, "geometry": {"type": "MultiPolygon", "coordinates": [[[[116.297304, 39.978012], [116.2973089, 39.9779532], [116.2973105, 39.9779343], [116.297594, 39.9779475], [116.2975883, 39.9780267], [116.297354, 39.9780146], [116.297304, 39.978012]]]]}}, {"type": "Feature", "properties": {"building": "yes", "source": "osm"}, "geometry": {"type": "MultiPolygon", "coordinates": [[[[116.2973451, 39.9781161], [116.297354, 39.9780146], [116.2975883, 39.9780267], [116.2976359, 39.9780287], [116.2976269, 39.9781306], [116.2973451, 39.9781161]]]]}}, {"type": "Feature", "properties": {"building": "yes", "source": "osm"}, "geometry": {"type": "MultiPolygon", "coordinates": [[[[116.2975883, 39.9780267], [116.297594, 39.9779475], [116.2977088, 39.9779524], [116.2977031, 39.9780316], [116.2976359, 39.9780287], [116.2975883, 39.9780267]]]]}}, {"type": "Feature", "properties": {"building": "yes", "source": "osm"}, "geometry": {"type": "MultiPolygon", "coordinates": [[[[116.2970403, 39.9768854], [116.2971127, 39.9762978], [116.2972303, 39.9763063], [116.297158, 39.9768939], [116.2970403, 39.9768854]]]]}}, {"type": "Feature", "properties": {"building": "yes", "source": "osm"}, "geometry": {"type": "MultiPolygon", "coordinates": [[[[116.2946449, 39.9854152], [116.2947708, 39.9847173], [116.294796, 39.9845459], [116.295, 39.9845663], [116.2949714, 39.9847344], [116.294927, 39.9847293], [116.2948012, 39.9854272], [116.2946449, 39.9854152]]]]}}, {"type": "Feature", "properties": {"building": "commercial", "name": "青云当代大厦", "source": "osm"}, "geometry": {"type": "MultiPolygon", "coordinates": [[[[116.3233078, 39.9676657], [116.3233138, 39.967514], [116.3233197, 39.9673623], [116.323679, 39.9673706], [116.3237987, 39.9673734], [116.3240383, 39.9673789], [116.3240264, 39.9676821], [116.3233078, 39.9676657]]]]}}, {"type": "Feature", "properties": {"building": "commercial", "name": "中航广场写字楼", "source": "osm"}, "geometry": {"type": "MultiPolygon", "coordinates": [[[[116.3220769, 39.9709588], [116.3221072, 39.9702574], [116.3229408, 39.970277], [116.3229198, 39.9709875], [116.3220769, 39.9709588]]]]}}, {"type": "Feature", "properties": {"building": "yes", "source": "osm"}, "geometry": {"type": "MultiPolygon", "coordinates": [[[[116.2960239, 39.9853803], [116.2960738, 39.9850116], [116.2965151, 39.9850467], [116.2964652, 39.9854153], [116.2960239, 39.9853803]]]]}}, {"type": "Feature", "properties": {"building": "residential", "source": "osm"}, "geometry": {"type": "MultiPolygon", "coordinates": [[[[116.2959111, 39.9816271], [116.2959186, 39.9815342], [116.2962744, 39.9815511], [116.2962824, 39.9814529], [116.2970172, 39.9814879], [116.2970071, 39.9816125], [116.2962886, 39.9815783], [116.2962832, 39.9816448], [116.2959111, 39.9816271]]]]}}, {"type": "Feature", "properties": {"building": "yes", "source": "osm"}, "geometry": {"type": "MultiPolygon", "coordinates": [[[[116.2975025, 39.9818874], [116.2975141, 39.9817294], [116.2976552, 39.9817354], [116.2976448, 39.9818782], [116.2981821, 39.9819013], [116.2981744, 39.9820071], [116.2976229, 39.9819835], [116.2976295, 39.9818929], [116.2975025, 39.9818874]]]]}}, {"type": "Feature", "properties": {"building": "yes", "source": "osm"}, "geometry": {"type": "MultiPolygon", "coordinates": [[[[116.2958992, 39.980321], [116.2959177, 39.9802183], [116.2965261, 39.9802823], [116.2965076, 39.9803852], [116.2958992, 39.980321]]]]}}, {"type": "Feature", "properties": {"building": "apartments", "source": "osm"}, "geometry": {"type": "MultiPolygon", "coordinates": [[[[116.296028, 39.9797855], [116.2960447, 39.9796798], [116.2968886, 39.9797583], [116.2968744, 39.9798481], [116.2966055, 39.9798231], [116.2966001, 39.979857], [116.2960408, 39.9798051], [116.296028, 39.9797855]]]]}}, {"type": "Feature", "properties": {"building": "yes", "source": "osm"}, "geometry": {"type": "MultiPolygon", "coordinates": [[[[116.2958208, 39.9806392], [116.2958335, 39.9805539], [116.2963953, 39.9806034], [116.2963872, 39.9806575], [116.2963558, 39.9806547], [116.2963512, 39.9806858], [116.2958208, 39.9806392]]]]}}, {"type": "Feature", "properties": {"building": "apartments", "source": "osm"}, "geometry": {"type": "MultiPolygon", "coordinates": [[[[116.2958799, 39.9800285], [116.2958988, 39.9799108], [116.2965537, 39.9799726], [116.2965348, 39.9800901], [116.2958799, 39.9800285]]]]}}, {"type": "Feature", "properties": {"building": "apartments", "name": "4号楼", "source": "osm"}, "geometry": {"type": "MultiPolygon", "coordinates": [[[[116.2966754, 39.979152], [116.2966963, 39.9790362], [116.2974996, 39.9791214], [116.2974787, 39.979237], [116.2966754, 39.979152]]]]}}, {"type": "Feature", "properties": {"building": "apartments", "name": "5号楼", "source": "osm"}, "geometry": {"type": "MultiPolygon", "coordinates": [[[[116.2967074, 39.9788274], [116.2967293, 39.9787118], [116.2975525, 39.9788034], [116.2975166, 39.9789928], [116.2973786, 39.9789775], [116.2973926, 39.9789036], [116.2967074, 39.9788274]]]]}}, {"type": "Feature", "properties": {"building": "apartments", "name": "1号楼", "source": "osm"}, "geometry": {"type": "MultiPolygon", "coordinates": [[[[116.2970728, 39.9795313], [116.2970862, 39.979443], [116.2978268, 39.9795094], [116.2978133, 39.9795976], [116.2970728, 39.9795313]]]]}}, {"type": "Feature", "properties": {"building": "apartments", "name": "3号楼", "source": "osm"}, "geometry": {"type": "MultiPolygon", "coordinates": [[[[116.2959424, 39.9794344], [116.295989, 39.9791233], [116.2961526, 39.9791377], [116.2961211, 39.9793472], [116.29697, 39.979422], [116.2969548, 39.9795235], [116.2959424, 39.9794344]]]]}}, {"type": "Feature", "properties": {"building": "apartments", "name": "2号楼", "source": "osm"}, "geometry": {"type": "MultiPolygon", "coordinates": [[[[116.2959932, 39.9790952], [116.2960054, 39.9789812], [116.296588, 39.9790324], [116.2965668, 39.9791487], [116.2959932, 39.9790952]]]]}}, {"type": "Feature", "properties": {"building": "apartments", "name": "1号楼", "source": "osm"}, "geometry": {"type": "MultiPolygon", "coordinates": [[[[116.2960306, 39.9787994], [116.2960428, 39.9786855], [116.2966254, 39.9787366], [116.2966042, 39.9788529], [116.2960306, 39.9787994]]]]}}, {"type": "Feature", "properties": {"building": "apartments", "name": "1号楼", "source": "osm"}, "geometry": {"type": "MultiPolygon", "coordinates": [[[[116.3232336, 39.9671798], [116.3232412, 39.9668997], [116.3236237, 39.9669057], [116.3236209, 39.9670489], [116.3236149, 39.9671868], [116.3232336, 39.9671798]]]]}}, {"type": "Feature", "properties": {"building": "apartments", "name": "2号楼", "source": "osm"}, "geometry": {"type": "MultiPolygon", "coordinates": [[[[116.323856, 39.9671929], [116.3238619, 39.967055], [116.3238647, 39.9669137], [116.3242471, 39.9669197], [116.3242396, 39.9671999], [116.323856, 39.9671929]]]]}}, {"type": "Feature", "properties": {"building": "yes", "amenity": "bicycle_parking", "source": "osm"}, "geometry": {"type": "MultiPolygon", "coordinates": [[[[116.3267956, 39.9673276], [116.3268019, 39.9671917], [116.3268838, 39.967194], [116.3268775, 39.9673298], [116.3267956, 39.9673276]]]]}}, {"type": "Feature", "properties": {"building": "parking", "amenity": "parking", "source": "osm"}, "geometry": {"type": "MultiPolygon", "coordinates": [[[[116.3268396, 39.9678713], [116.3268445, 39.9678171], [116.3270767, 39.9678292], [116.3270718, 39.9678835], [116.3268396, 39.9678713]]]]}}, {"type": "Feature", "properties": {"building": "parking", "amenity": "parking", "source": "osm"}, "geometry": {"type": "MultiPolygon", "coordinates": [[[[116.320089, 39.9668927], [116.3200943, 39.9668006], [116.3204479, 39.9668178], [116.320446, 39.9669148], [116.320089, 39.9668927]]]]}}, {"type": "Feature", "properties": {"building": "greenhouse", "name": "温室", "source": "osm"}, "geometry": {"type": "MultiPolygon", "coordinates": [[[[116.3288925, 39.9712607], [116.3289029, 39.971137], [116.3293481, 39.971159], [116.3293377, 39.9712827], [116.3288925, 39.9712607]]]]}}, {"type": "Feature", "properties": {"building": "greenhouse", "name": "温室", "source": "osm"}, "geometry": {"type": "MultiPolygon", "coordinates": [[[[116.3294091, 39.9712973], [116.3294195, 39.9711736], [116.3298647, 39.9711955], [116.3298543, 39.9713193], [116.3294091, 39.9712973]]]]}}, {"type": "Feature", "properties": {"building": "greenhouse", "name": "温室", "source": "osm"}, "geometry": {"type": "MultiPolygon", "coordinates": [[[[116.3299417, 39.9713315], [116.3299521, 39.9712079], [116.3303972, 39.9712298], [116.3303868, 39.9713535], [116.3299417, 39.9713315]]]]}}, {"type": "Feature", "properties": {"building": "greenhouse", "name": "温室", "source": "osm"}, "geometry": {"type": "MultiPolygon", "coordinates": [[[[116.3299663, 39.9711411], [116.3299767, 39.9710174], [116.3304218, 39.9710393], [116.3304114, 39.9711631], [116.3299663, 39.9711411]]]]}}, {"type": "Feature", "properties": {"building": "greenhouse", "name": "温室", "source": "osm"}, "geometry": {"type": "MultiPolygon", "coordinates": [[[[116.3294337, 39.9711068], [116.3294441, 39.9709831], [116.3298892, 39.9710051], [116.3298788, 39.9711288], [116.3294337, 39.9711068]]]]}}, {"type": "Feature", "properties": {"building": "greenhouse", "name": "温室", "source": "osm"}, "geometry": {"type": "MultiPolygon", "coordinates": [[[[116.3289171, 39.9710702], [116.3289275, 39.9709466], [116.3293726, 39.9709685], [116.3293622, 39.9710922], [116.3289171, 39.9710702]]]]}}, {"type": "Feature", "properties": {"building": "yes", "source": "osm"}, "geometry": {"type": "MultiPolygon", "coordinates": [[[[116.3288996, 39.9708533], [116.3289107, 39.9707207], [116.329033, 39.9707267], [116.3290219, 39.9708593], [116.3288996, 39.9708533]]]]}}, {"type": "Feature", "properties": {"building": "yes", "name": "精华教育研究院", "office": "educational_institution", "source": "osm"}, "geometry": {"type": "MultiPolygon", "coordinates": [[[[116.3236149, 39.9671868], [116.3236209, 39.9670489], [116.3238619, 39.967055], [116.323856, 39.9671929], [116.3237354, 39.9671898], [116.3236149, 39.9671868]]]]}}, {"type": "Feature", "properties": {"building": "apartments", "source": "osm"}, "geometry": {"type": "MultiPolygon", "coordinates": [[[[116.3247029, 39.9669463], [116.3247074, 39.9668215], [116.3250887, 39.9668296], [116.3250842, 39.9669544], [116.3247029, 39.9669463]]]]}}, {"type": "Feature", "properties": {"building": "apartments", "source": "osm"}, "geometry": {"type": "MultiPolygon", "coordinates": [[[[116.325144, 39.9666205], [116.3251485, 39.9664957], [116.3255298, 39.9665038], [116.3255252, 39.9666286], [116.325144, 39.9666205]]]]}}, {"type": "Feature", "properties": {"building": "apartments", "source": "osm"}, "geometry": {"type": "MultiPolygon", "coordinates": [[[[116.3244483, 39.9666221], [116.3244549, 39.9664646], [116.3250502, 39.9664793], [116.3250436, 39.9666367], [116.3244483, 39.9666221]]]]}}, {"type": "Feature", "properties": {"building": "apartments", "source": "osm"}, "geometry": {"type": "MultiPolygon", "coordinates": [[[[116.325874, 39.9668406], [116.3258809, 39.9667391], [116.3262403, 39.9667534], [116.3262362, 39.9668134], [116.3264958, 39.9668237], [116.3264886, 39.9669295], [116.3261093, 39.9669144], [116.3261136, 39.9668502], [116.325874, 39.9668406]]]]}}, {"type": "Feature", "properties": {"building": "apartments", "source": "osm"}, "geometry": {"type": "MultiPolygon", "coordinates": [[[[116.3266465, 39.9668894], [116.3266503, 39.9667601], [116.3270433, 39.9667667], [116.3270413, 39.9668355], [116.3272855, 39.9668396], [116.3274263, 39.9669465], [116.327408, 39.967593], [116.3272769, 39.9675908], [116.3272952, 39.9669486], [116.3269028, 39.9669421], [116.3269042, 39.9668937], [116.3266465, 39.9668894]]]]}}, {"type": "Feature", "properties": {"building": "apartments", "source": "osm"}, "geometry": {"type": "MultiPolygon", "coordinates": [[[[116.3271365, 39.9679465], [116.3272221, 39.9679459], [116.3272202, 39.9677915], [116.3275256, 39.9677894], [116.3275281, 39.9679987], [116.3275952, 39.9679982], [116.3275965, 39.9681013], [116.3274971, 39.968102], [116.3272342, 39.9681038], [116.3271384, 39.9681044], [116.3271365, 39.9679465]]]]}}, {"type": "Feature", "properties": {"building": "apartments", "source": "osm"}, "geometry": {"type": "MultiPolygon", "coordinates": [[[[116.3270938, 39.9687703], [116.3271794, 39.9687697], [116.3271775, 39.9686154], [116.3272235, 39.9686151], [116.3274828, 39.9686132], [116.3274854, 39.9688225], [116.3275525, 39.968822], [116.3275538, 39.9689251], [116.3275024, 39.9689255], [116.3272583, 39.9689272], [116.3270957, 39.9689283], [116.3270938, 39.9687703]]]]}}, {"type": "Feature", "properties": {"building": "apartments", "source": "osm"}, "geometry": {"type": "MultiPolygon", "coordinates": [[[[116.3270744, 39.9695813], [116.3271599, 39.9695807], [116.3271581, 39.9694264], [116.327237, 39.9694258], [116.3274634, 39.9694242], [116.3274659, 39.9696335], [116.3275331, 39.969633], [116.3275343, 39.9697361], [116.3270762, 39.9697393], [116.3270744, 39.9695813]]]]}}, {"type": "Feature", "properties": {"building": "apartments", "source": "osm"}, "geometry": {"type": "MultiPolygon", "coordinates": [[[[116.327237, 39.9694258], [116.3272583, 39.9689272], [116.3275024, 39.9689255], [116.3274634, 39.9694242], [116.327237, 39.9694258]]]]}}, {"type": "Feature", "properties": {"building": "apartments", "source": "osm"}, "geometry": {"type": "MultiPolygon", "coordinates": [[[[116.3272235, 39.9686151], [116.3272342, 39.9681038], [116.3274971, 39.968102], [116.3274828, 39.9686132], [116.3272235, 39.9686151]]]]}}, {"type": "Feature", "properties": {"building": "office", "source": "osm"}, "geometry": {"type": "MultiPolygon", "coordinates": [[[[116.3243585, 39.9682834], [116.3243729, 39.9680252], [116.3245495, 39.9680309], [116.3245466, 39.9680831], [116.3266539, 39.9681523], [116.3266563, 39.9681094], [116.3268452, 39.9681156], [116.3268308, 39.9683754], [116.3266373, 39.9683691], [116.3266404, 39.9683135], [116.3245528, 39.9682456], [116.3245504, 39.9682896], [116.3243585, 39.9682834]]]]}}, {"type": "Feature", "properties": {"building": "office", "source": "osm"}, "geometry": {"type": "MultiPolygon", "coordinates": [[[[116.3243109, 39.968642], [116.324321, 39.9684866], [116.3248818, 39.968508], [116.3248717, 39.9686634], [116.3243109, 39.968642]]]]}}, {"type": "Feature", "properties": {"building": "office", "source": "osm"}, "geometry": {"type": "MultiPolygon", "coordinates": [[[[116.3249334, 39.9686769], [116.3249436, 39.9685284], [116.3253563, 39.9685453], [116.3253577, 39.968526], [116.3261065, 39.9685566], [116.3261046, 39.9685842], [116.3266194, 39.9686051], [116.3266097, 39.9687451], [116.3249334, 39.9686769]]]]}}, {"type": "Feature", "properties": {"building": "industrial", "source": "osm"}, "geometry": {"type": "MultiPolygon", "coordinates": [[[[116.3244245, 39.969972], [116.3244882, 39.9690032], [116.3252219, 39.9690316], [116.3251579, 39.9700004], [116.3244245, 39.969972]]]]}}, {"type": "Feature", "properties": {"building": "industrial", "source": "osm"}, "geometry": {"type": "MultiPolygon", "coordinates": [[[[116.3259177, 39.9700278], [116.3259814, 39.969059], [116.3267151, 39.9690874], [116.3266511, 39.9700562], [116.3259177, 39.9700278]]]]}}, {"type": "Feature", "properties": {"building": "apartments", "source": "osm"}, "geometry": {"type": "MultiPolygon", "coordinates": [[[[116.3214697, 39.9683666], [116.3215664, 39.9681879], [116.3218757, 39.9682863], [116.3218292, 39.9683723], [116.321948, 39.9684101], [116.3218776, 39.9685402], [116.3218321, 39.9685258], [116.3217721, 39.9686367], [116.3214724, 39.9685415], [116.3215282, 39.9684385], [116.3216096, 39.9684644], [116.3216342, 39.9684189], [116.3214697, 39.9683666]]]]}}, {"type": "Feature", "properties": {"building": "apartments", "source": "osm"}, "geometry": {"type": "MultiPolygon", "coordinates": [[[[116.3206784, 39.9691566], [116.3209455, 39.9685991], [116.3211465, 39.9686653], [116.3209426, 39.9690785], [116.3212994, 39.9691925], [116.3214201, 39.969002], [116.3215862, 39.9686933], [116.3217601, 39.9687427], [116.3214784, 39.9690269], [116.3212983, 39.9693306], [116.3206784, 39.9691566]]]]}}, {"type": "Feature", "properties": {"building": "apartments", "source": "osm"}, "geometry": {"type": "MultiPolygon", "coordinates": [[[[116.320984, 39.9685788], [116.3210248, 39.9685073], [116.3211819, 39.9685569], [116.3211403, 39.9686289], [116.320984, 39.9685788]]]]}}, {"type": "Feature", "properties": {"building": "apartments", "source": "osm"}, "geometry": {"type": "MultiPolygon", "coordinates": [[[[116.3211609, 39.9683255], [116.3212102, 39.9682285], [116.321379, 39.9682789], [116.3213296, 39.968376], [116.3211609, 39.9683255]]]]}}, {"type": "Feature", "properties": {"building": "apartments", "source": "osm"}, "geometry": {"type": "MultiPolygon", "coordinates": [[[[116.3210651, 39.968055], [116.3211273, 39.9679296], [116.3214254, 39.9680165], [116.3213665, 39.9681352], [116.3211934, 39.9680847], [116.3211817, 39.9681083], [116.3211087, 39.968087], [116.321117, 39.9680702], [116.3210651, 39.968055]]]]}}, {"type": "Feature", "properties": {"building": "apartments", "source": "osm"}, "geometry": {"type": "MultiPolygon", "coordinates": [[[[116.3232576, 39.9665301], [116.3232628, 39.966439], [116.3243024, 39.9664738], [116.3242972, 39.9665651], [116.3232576, 39.9665301]]]]}}, {"type": "Feature", "properties": {"building": "industrial", "source": "osm"}, "geometry": {"type": "MultiPolygon", "coordinates": [[[[116.3231382, 39.9685362], [116.3231795, 39.9680294], [116.3239055, 39.9680642], [116.323908, 39.9680333], [116.3240206, 39.9680386], [116.3239695, 39.9686682], [116.3238945, 39.9686646], [116.323902, 39.9685727], [116.3231382, 39.9685362]]]]}}, {"type": "Feature", "properties": {"building": "school", "name": "教学楼", "source": "osm"}, "geometry": {"type": "MultiPolygon", "coordinates": [[[[116.3211255, 39.9676226], [116.3211593, 39.96705], [116.3212624, 39.9670549], [116.3212275, 39.967626], [116.3211255, 39.9676226]]]]}}, {"type": "Feature", "properties": {"building": "school", "source": "osm"}, "geometry": {"type": "MultiPolygon", "coordinates": [[[[116.3217654, 39.9677353], [116.3218435, 39.9673719], [116.3220542, 39.9673985], [116.3219761, 39.9677619], [116.3217654, 39.9677353]]]]}}, {"type": "Feature", "properties": {"building": "school", "source": "osm"}, "geometry": {"type": "MultiPolygon", "coordinates": [[[[116.321117, 39.9678707], [116.3212161, 39.9677059], [116.3219042, 39.967949], [116.3218052, 39.9681137], [116.321117, 39.9678707]]]]}}, {"type": "Feature", "properties": {"building": "commercial", "source": "osm"}, "geometry": {"type": "MultiPolygon", "coordinates": [[[[116.3205656, 39.9673905], [116.3205967, 39.9669867], [116.3210771, 39.9670083], [116.3210462, 39.9674122], [116.3205656, 39.9673905]]]]}}, {"type": "Feature", "properties": {"building": "retail", "source": "osm"}, "geometry": {"type": "MultiPolygon", "coordinates": [[[[116.3197, 39.9663819], [116.3197354, 39.966348], [116.3197955, 39.9663357], [116.3201908, 39.966343], [116.3204574, 39.966348], [116.3204479, 39.9668178], [116.320446, 39.9669148], [116.320089, 39.9668927], [116.3197035, 39.9668688], [116.3197301, 39.9666219], [116.3197, 39.9663819]]]]}}, {"type": "Feature", "properties": {"building": "apartments", "source": "osm"}, "geometry": {"type": "MultiPolygon", "coordinates": [[[[116.3206202, 39.9667899], [116.3206253, 39.9666977], [116.3211093, 39.9667134], [116.3211042, 39.9668056], [116.3206202, 39.9667899]]]]}}, {"type": "Feature", "properties": {"building": "apartments", "source": "osm"}, "geometry": {"type": "MultiPolygon", "coordinates": [[[[116.321106, 39.9668777], [116.3211135, 39.9667593], [116.3218219, 39.9667856], [116.3218144, 39.9669039], [116.321106, 39.9668777]]]]}}, {"type": "Feature", "properties": {"building": "apartments", "source": "osm"}, "geometry": {"type": "MultiPolygon", "coordinates": [[[[116.3211602, 39.9665264], [116.3211677, 39.9664079], [116.3218761, 39.9664342], [116.3218686, 39.9665526], [116.3211602, 39.9665264]]]]}}, {"type": "Feature", "properties": {"building": "apartments", "source": "osm"}, "geometry": {"type": "MultiPolygon", "coordinates": [[[[116.3221395, 39.966585], [116.3221442, 39.9664348], [116.3228636, 39.966448], [116.3228589, 39.9665983], [116.3221395, 39.966585]]]]}}, {"type": "Feature", "properties": {"building": "yes", "source": "osm"}, "geometry": {"type": "MultiPolygon", "coordinates": [[[[116.32188, 39.966702], [116.3218894, 39.9665883], [116.3220583, 39.9665965], [116.3220489, 39.9667102], [116.32188, 39.966702]]]]}}, {"type": "Feature", "properties": {"building": "yes", "source": "osm"}, "geometry": {"type": "MultiPolygon", "coordinates": [[[[116.3218894, 39.9665883], [116.3218987, 39.9665335], [116.3219472, 39.966537], [116.3219826, 39.9664248], [116.3221442, 39.9664348], [116.3221395, 39.966585], [116.3220583, 39.9665965], [116.3218894, 39.9665883]]]]}}, {"type": "Feature", "properties": {"building": "yes", "name": "双榆树社区卫生服务中心", "amenity": "clinic", "source": "osm"}, "geometry": {"type": "MultiPolygon", "coordinates": [[[[116.3182782, 39.9686396], [116.3183022, 39.9683006], [116.318771, 39.96832], [116.3187488, 39.9686339], [116.3185045, 39.9686238], [116.3185079, 39.9685749], [116.3186759, 39.9685819], [116.3186847, 39.9684589], [116.3184445, 39.9684488], [116.3184346, 39.9685886], [116.3184795, 39.9685905], [116.3184754, 39.9686478], [116.3182782, 39.9686396]]]]}}, {"type": "Feature", "properties": {"building": "yes", "amenity": "restaurant", "source": "osm"}, "geometry": {"type": "MultiPolygon", "coordinates": [[[[116.3183244, 39.9671565], [116.3183281, 39.967049], [116.3190361, 39.9670633], [116.3190317, 39.9671715], [116.3183244, 39.9671565]]]]}}, {"type": "Feature", "properties": {"building": "yes", "shop": "yes", "source": "osm"}, "geometry": {"type": "MultiPolygon", "coordinates": [[[[116.3183479, 39.9666418], [116.31837, 39.9662713], [116.3192557, 39.9663024], [116.3192034, 39.9671775], [116.3190317, 39.9671715], [116.3190499, 39.9669121], [116.3190605, 39.9666677], [116.3187102, 39.9666587], [116.3183479, 39.9666418]]]]}}, {"type": "Feature", "properties": {"building": "yes", "source": "osm"}, "geometry": {"type": "MultiPolygon", "coordinates": [[[[116.3183009, 39.9669457], [116.3183116, 39.9666973], [116.3186129, 39.9667049], [116.3186138, 39.9666826], [116.3187091, 39.966685], [116.3187102, 39.9666587], [116.3190605, 39.9666677], [116.3190499, 39.9669121], [116.3190032, 39.9669109], [116.3190043, 39.9668855], [116.3187008, 39.9668778], [116.3186974, 39.9669557], [116.3183009, 39.9669457]]]]}}, {"type": "Feature", "properties": {"building": "yes", "source": "osm"}, "geometry": {"type": "MultiPolygon", "coordinates": [[[[116.3195387, 39.9674192], [116.3195663, 39.9670073], [116.3196285, 39.9669596], [116.3203908, 39.9669897], [116.3203598, 39.9674515], [116.3195387, 39.9674192]]]]}}, {"type": "Feature", "properties": {"building": "yes", "name": "亭子", "amenity": "shelter", "source": "osm"}, "geometry": {"type": "MultiPolygon", "coordinates": [[[[116.3262207, 39.9673135], [116.3262271, 39.9672369], [116.3263232, 39.9672416], [116.3263168, 39.9673182], [116.3262207, 39.9673135]]]]}}, {"type": "Feature", "properties": {"building": "school", "source": "osm"}, "geometry": {"type": "MultiPolygon", "coordinates": [[[[116.3211593, 39.96705], [116.3211664, 39.966966], [116.32179, 39.9669829], [116.321784, 39.9670718], [116.3212624, 39.9670549], [116.3211593, 39.96705]]]]}}, {"type": "Feature", "properties": {"building": "university", "name": "清华大学经济管理学院", "source": "osm"}, "geometry": {"type": "MultiPolygon", "coordinates": [[[[116.3223651, 39.9987995], [116.3223914, 39.9983721], [116.3235811, 39.9984151], [116.3236212, 39.9977644], [116.3240046, 39.9977783], [116.323943, 39.9987783], [116.3233015, 39.9987551], [116.3232967, 39.9988331], [116.3223651, 39.9987995]]]]}}, {"type": "Feature", "properties": {"building": "yes", "name": "甲所餐厅", "amenity": "restaurant", "source": "osm"}, "geometry": {"type": "MultiPolygon", "coordinates": [[[[116.3158776, 39.9998989], [116.3158879, 39.9997665], [116.3163886, 39.9997892], [116.3164013, 39.9996246], [116.3161346, 39.9996125], [116.3161313, 39.9996551], [116.3159135, 39.9996452], [116.3159243, 39.9995064], [116.3161402, 39.9995163], [116.3161366, 39.9995619], [116.3163846, 39.9995734], [116.3163909, 39.999494], [116.3163334, 39.9994913], [116.3163413, 39.9993932], [116.3165312, 39.9994021], [116.3165233, 39.9995006], [116.3167364, 39.9995107], [116.3167244, 39.9996592], [116.3165038, 39.9996487], [116.3164841, 39.9998934], [116.3163744, 39.9998882], [116.3163703, 39.9999388], [116.3161626, 39.9999291], [116.3161661, 39.9998851], [116.3160379, 39.9998791], [116.3160358, 39.9999061], [116.3158776, 39.9998989]]]]}}, {"type": "Feature", "properties": {"building": "yes", "name": "后勤综合服务平台", "office": "yes", "source": "osm"}, "geometry": {"type": "MultiPolygon", "coordinates": [[[[116.3157896, 39.9991983], [116.3157946, 39.9991144], [116.3159694, 39.9991206], [116.3159722, 39.9990744], [116.31612, 39.9990797], [116.3161122, 39.9992097], [116.3157896, 39.9991983]]]]}}, {"type": "Feature", "properties": {"building": "yes", "name": "清华大学教育工会", "office": "yes", "source": "osm"}, "geometry": {"type": "MultiPolygon", "coordinates": [[[[116.3165487, 39.9991396], [116.3165834, 39.9990905], [116.316628, 39.999109], [116.3166657, 39.9990556], [116.316753, 39.9990918], [116.3167225, 39.9991349], [116.3169385, 39.9992246], [116.3168926, 39.9992895], [116.3167655, 39.9992368], [116.316726, 39.9992928], [116.3165623, 39.9992249], [116.3166058, 39.9991633], [116.3165487, 39.9991396]]]]}}, {"type": "Feature", "properties": {"building": "apartments", "name": "中关村913号楼", "source": "osm"}, "geometry": {"type": "MultiPolygon", "coordinates": [[[[116.3195995, 39.9754085], [116.3203021, 39.975414], [116.3203161, 39.9755342], [116.3196088, 39.975519], [116.3195995, 39.9754085]]]]}}, {"type": "Feature", "properties": {"building": "yes", "source": "osm"}, "geometry": {"type": "MultiPolygon", "coordinates": [[[[116.3058587, 39.9958223], [116.3059039, 39.9955213], [116.3061632, 39.9955441], [116.3061181, 39.9958451], [116.3058587, 39.9958223]]]]}}, {"type": "Feature", "properties": {"building": "yes", "name": "哲学系（宗教学系）", "office": "research", "source": "osm"}, "geometry": {"type": "MultiPolygon", "coordinates": [[[[116.3059755, 39.9953383], [116.3059936, 39.9952523], [116.3060197, 39.9950798], [116.3062671, 39.9951046], [116.3062229, 39.9953631], [116.3059755, 39.9953383]]]]}}, {"type": "Feature", "properties": {"building": "yes", "source": "osm"}, "geometry": {"type": "MultiPolygon", "coordinates": [[[[116.3058877, 39.9950647], [116.3059103, 39.9949411], [116.3063233, 39.9949854], [116.3063019, 39.9951024], [116.3062671, 39.9951046], [116.3060197, 39.9950798], [116.3058877, 39.9950647]]]]}}, {"type": "Feature", "properties": {"building": "yes", "name": "中国语言文学系", "office": "research", "source": "osm"}, "geometry": {"type": "MultiPolygon", "coordinates": [[[[116.3058053, 39.9962719], [116.3058188, 39.9961794], [116.3058427, 39.9960152], [116.3060791, 39.9960354], [116.3060417, 39.9962921], [116.3058053, 39.9962719]]]]}}, {"type": "Feature", "properties": {"building": "yes", "source": "osm"}, "geometry": {"type": "MultiPolygon", "coordinates": [[[[116.3188152, 39.9686116], [116.3188258, 39.9682447], [116.3191308, 39.9682528], [116.3191167, 39.9686225], [116.3188152, 39.9686116]]]]}}, {"type": "Feature", "properties": {"building": "yes", "name": "公共卫生间", "amenity": "toilets", "source": "osm"}, "geometry": {"type": "MultiPolygon", "coordinates": [[[[116.3190875, 39.9688816], [116.3190944, 39.9687462], [116.3191858, 39.9687468], [116.3191874, 39.9688836], [116.3190875, 39.9688816]]]]}}, {"type": "Feature", "properties": {"building": "yes", "source": "osm"}, "geometry": {"type": "MultiPolygon", "coordinates": [[[[116.3127273, 39.9835648], [116.3127321, 39.9834572], [116.3134776, 39.9834766], [116.3134729, 39.9835841], [116.3127273, 39.9835648]]]]}}, {"type": "Feature", "properties": {"building": "yes", "source": "osm"}, "geometry": {"type": "MultiPolygon", "coordinates": [[[[116.312335, 39.9835874], [116.31234, 39.9834508], [116.3126252, 39.9834569], [116.3126203, 39.9835934], [116.312335, 39.9835874]]]]}}, {"type": "Feature", "properties": {"building": "yes", "source": "osm"}, "geometry": {"type": "MultiPolygon", "coordinates": [[[[116.3127126, 39.9832834], [116.3127165, 39.9831555], [116.3134677, 39.9831689], [116.3134638, 39.9832969], [116.3127126, 39.9832834]]]]}}, {"type": "Feature", "properties": {"building": "yes", "source": "osm"}, "geometry": {"type": "MultiPolygon", "coordinates": [[[[116.3127865, 39.983105], [116.3128006, 39.9827483], [116.3129325, 39.9827514], [116.3129182, 39.9831081], [116.3127865, 39.983105]]]]}}, {"type": "Feature", "properties": {"building": "yes", "source": "osm"}, "geometry": {"type": "MultiPolygon", "coordinates": [[[[116.313589, 39.9832969], [116.3135917, 39.9831763], [116.3139627, 39.9831811], [116.31396, 39.9833017], [116.313589, 39.9832969]]]]}}, {"type": "Feature", "properties": {"building": "yes", "source": "osm"}, "geometry": {"type": "MultiPolygon", "coordinates": [[[[116.313108, 39.9829425], [116.3131114, 39.9827957], [116.3139203, 39.9828066], [116.3139174, 39.9829309], [116.3133988, 39.9829239], [116.3133983, 39.9829464], [116.313108, 39.9829425]]]]}}, {"type": "Feature", "properties": {"building": "yes", "source": "osm"}, "geometry": {"type": "MultiPolygon", "coordinates": [[[[116.3132553, 39.9826116], [116.3132632, 39.9824725], [116.3140166, 39.982498], [116.3140086, 39.982637], [116.3132553, 39.9826116]]]]}}, {"type": "Feature", "properties": {"building": "yes", "source": "osm"}, "geometry": {"type": "MultiPolygon", "coordinates": [[[[116.3123149, 39.9825776], [116.3123188, 39.9824313], [116.3130591, 39.9824431], [116.3130552, 39.9825894], [116.3123149, 39.9825776]]]]}}, {"type": "Feature", "properties": {"building": "yes", "source": "osm"}, "geometry": {"type": "MultiPolygon", "coordinates": [[[[116.3132704, 39.9822789], [116.3132764, 39.9821365], [116.3140081, 39.9821547], [116.3140021, 39.9822972], [116.3132704, 39.9822789]]]]}}, {"type": "Feature", "properties": {"building": "residential", "name": "1号楼", "source": "osm"}, "geometry": {"type": "MultiPolygon", "coordinates": [[[[116.3124287, 39.9814229], [116.312431, 39.9812708], [116.3128649, 39.9812746], [116.3128644, 39.9813115], [116.3128626, 39.9814268], [116.3124287, 39.9814229]]]]}}, {"type": "Feature", "properties": {"building": "residential", "name": "3号楼", "source": "osm"}, "geometry": {"type": "MultiPolygon", "coordinates": [[[[116.3123843, 39.9818586], [116.3123878, 39.9817166], [116.3128503, 39.9817229], [116.3130744, 39.9817283], [116.3130688, 39.9818687], [116.3123843, 39.9818586]]]]}}, {"type": "Feature", "properties": {"building": "residential", "name": "2号楼", "source": "osm"}, "geometry": {"type": "MultiPolygon", "coordinates": [[[[116.3128503, 39.9817229], [116.3128626, 39.9814268], [116.3128644, 39.9813115], [116.3130913, 39.9813169], [116.3130744, 39.9817283], [116.3128503, 39.9817229]]]]}}, {"type": "Feature", "properties": {"building": "yes", "source": "osm"}, "geometry": {"type": "MultiPolygon", "coordinates": [[[[116.313193, 39.9814736], [116.3131986, 39.9813291], [116.3140584, 39.9813484], [116.3140529, 39.9814928], [116.313193, 39.9814736]]]]}}, {"type": "Feature", "properties": {"building": "yes", "source": "osm"}, "geometry": {"type": "MultiPolygon", "coordinates": [[[[116.3133277, 39.9819593], [116.3133337, 39.9817756], [116.3134482, 39.9817778], [116.3134512, 39.9816871], [116.3140384, 39.9816985], [116.314035, 39.9818028], [116.3135059, 39.9817927], [116.3135003, 39.9819626], [116.3133277, 39.9819593]]]]}}, {"type": "Feature", "properties": {"building": "yes", "source": "osm"}, "geometry": {"type": "MultiPolygon", "coordinates": [[[[116.3134851, 39.9811213], [116.3134907, 39.9809689], [116.3141057, 39.9809822], [116.3141001, 39.9811347], [116.3134851, 39.9811213]]]]}}, {"type": "Feature", "properties": {"building": "yes", "source": "osm"}, "geometry": {"type": "MultiPolygon", "coordinates": [[[[116.3134866, 39.980761], [116.3134922, 39.9806086], [116.3141072, 39.9806219], [116.3141016, 39.9807743], [116.3134866, 39.980761]]]]}}, {"type": "Feature", "properties": {"building": "yes", "source": "osm"}, "geometry": {"type": "MultiPolygon", "coordinates": [[[[116.3126873, 39.9807448], [116.3126897, 39.9806083], [116.3132165, 39.9806138], [116.313214, 39.9807503], [116.3126873, 39.9807448]]]]}}, {"type": "Feature", "properties": {"building": "yes", "source": "osm"}, "geometry": {"type": "MultiPolygon", "coordinates": [[[[116.3123323, 39.9810908], [116.3123335, 39.9809618], [116.3131746, 39.9809665], [116.3131733, 39.9810957], [116.3123323, 39.9810908]]]]}}, {"type": "Feature", "properties": {"building": "yes", "source": "osm"}, "geometry": {"type": "MultiPolygon", "coordinates": [[[[116.312688, 39.9804269], [116.312691, 39.9802936], [116.313196, 39.9803003], [116.313193, 39.9804336], [116.312688, 39.9804269]]]]}}, {"type": "Feature", "properties": {"building": "yes", "source": "osm"}, "geometry": {"type": "MultiPolygon", "coordinates": [[[[116.3134885, 39.9803868], [116.3134922, 39.9802475], [116.3141244, 39.9802574], [116.3141207, 39.9803966], [116.3134885, 39.9803868]]]]}}, {"type": "Feature", "properties": {"building": "yes", "source": "osm"}, "geometry": {"type": "MultiPolygon", "coordinates": [[[[116.3123861, 39.9799808], [116.3123906, 39.9798541], [116.3132494, 39.9798722], [116.3132449, 39.979999], [116.3123861, 39.9799808]]]]}}, {"type": "Feature", "properties": {"building": "yes", "source": "osm"}, "geometry": {"type": "MultiPolygon", "coordinates": [[[[116.3134644, 39.9800163], [116.313468, 39.9798919], [116.3141032, 39.979903], [116.3140996, 39.9800273], [116.3134644, 39.9800163]]]]}}, {"type": "Feature", "properties": {"building": "yes", "source": "osm"}, "geometry": {"type": "MultiPolygon", "coordinates": [[[[116.3120936, 39.9812836], [116.3122893, 39.9812848], [116.3122878, 39.9813999], [116.3121118, 39.9813976], [116.3120951, 39.9813789], [116.3120936, 39.9812836]]]]}}, {"type": "Feature", "properties": {"building": "yes", "source": "osm"}, "geometry": {"type": "MultiPolygon", "coordinates": [[[[116.3121823, 39.980869], [116.3121876, 39.9806703], [116.3122807, 39.9806718], [116.3122918, 39.9802597], [116.3122324, 39.9802588], [116.3122382, 39.9800418], [116.3124203, 39.9800447], [116.3124161, 39.9801992], [116.3124844, 39.9802003], [116.3124715, 39.9806715], [116.3123197, 39.9806691], [116.3123188, 39.9807018], [116.3123665, 39.9807026], [116.312362, 39.9808718], [116.3121823, 39.980869]]]]}}, {"type": "Feature", "properties": {"building": "yes", "source": "osm"}, "geometry": {"type": "MultiPolygon", "coordinates": [[[[116.3142776, 39.9818416], [116.314284, 39.9816857], [116.3143678, 39.9816877], [116.3143714, 39.9815995], [116.31516, 39.9816185], [116.3151555, 39.9817274], [116.3144491, 39.9817103], [116.3144435, 39.9818456], [116.3142776, 39.9818416]]]]}}, {"type": "Feature", "properties": {"building": "apartments", "source": "osm"}, "geometry": {"type": "MultiPolygon", "coordinates": [[[[116.3204044, 39.9755347], [116.3204092, 39.9754229], [116.3209723, 39.9754372], [116.3209675, 39.975549], [116.3204044, 39.9755347]]]]}}, {"type": "Feature", "properties": {"building": "apartments", "source": "osm"}, "geometry": {"type": "MultiPolygon", "coordinates": [[[[116.3210823, 39.9755513], [116.3210871, 39.9754361], [116.321827, 39.9754538], [116.3218223, 39.9755691], [116.3210823, 39.9755513]]]]}}, {"type": "Feature", "properties": {"building": "yes", "source": "osm"}, "geometry": {"type": "MultiPolygon", "coordinates": [[[[116.31503, 39.9802138], [116.3150346, 39.9801087], [116.3157674, 39.9801274], [116.3157628, 39.9802326], [116.31503, 39.9802138]]]]}}, {"type": "Feature", "properties": {"building": "yes", "source": "osm"}, "geometry": {"type": "MultiPolygon", "coordinates": [[[[116.316149, 39.9803168], [116.3161541, 39.9802113], [116.3167855, 39.9802292], [116.3167804, 39.9803347], [116.316149, 39.9803168]]]]}}, {"type": "Feature", "properties": {"building": "yes", "source": "osm"}, "geometry": {"type": "MultiPolygon", "coordinates": [[[[116.316134, 39.9805835], [116.3161391, 39.980478], [116.3167705, 39.9804959], [116.3167654, 39.9806014], [116.316134, 39.9805835]]]]}}, {"type": "Feature", "properties": {"building": "yes", "source": "osm"}, "geometry": {"type": "MultiPolygon", "coordinates": [[[[116.3161249, 39.9808602], [116.31613, 39.9807547], [116.3167614, 39.9807726], [116.3167563, 39.9808781], [116.3161249, 39.9808602]]]]}}, {"type": "Feature", "properties": {"building": "yes", "source": "osm"}, "geometry": {"type": "MultiPolygon", "coordinates": [[[[116.3161461, 39.9799639], [116.3161517, 39.9798628], [116.3167358, 39.9798817], [116.3167302, 39.9799829], [116.3161461, 39.9799639]]]]}}, {"type": "Feature", "properties": {"building": "yes", "source": "osm"}, "geometry": {"type": "MultiPolygon", "coordinates": [[[[116.315294, 39.9799309], [116.3152981, 39.979838], [116.3160446, 39.979857], [116.3160406, 39.9799498], [116.315294, 39.9799309]]]]}}, {"type": "Feature", "properties": {"building": "yes", "source": "osm"}, "geometry": {"type": "MultiPolygon", "coordinates": [[[[116.3143407, 39.9801578], [116.3143445, 39.9798175], [116.3144653, 39.9798183], [116.3144656, 39.9797929], [116.3146773, 39.9797943], [116.3146769, 39.9798282], [116.3152185, 39.9798318], [116.3152175, 39.9799227], [116.3147788, 39.9799197], [116.3146394, 39.9799188], [116.3146397, 39.9798902], [116.3144849, 39.9798891], [116.314482, 39.9801588], [116.3143407, 39.9801578]]]]}}, {"type": "Feature", "properties": {"building": "yes", "source": "osm"}, "geometry": {"type": "MultiPolygon", "coordinates": [[[[116.3143748, 39.9804993], [116.3143779, 39.9804034], [116.3149339, 39.9804139], [116.3149308, 39.9805097], [116.3143748, 39.9804993]]]]}}, {"type": "Feature", "properties": {"building": "yes", "source": "osm"}, "geometry": {"type": "MultiPolygon", "coordinates": [[[[116.3145312, 39.9802085], [116.3145331, 39.9801248], [116.3149041, 39.9801297], [116.3149022, 39.9802134], [116.3145312, 39.9802085]]]]}}, {"type": "Feature", "properties": {"building": "yes", "source": "osm"}, "geometry": {"type": "MultiPolygon", "coordinates": [[[[116.314535, 39.9807984], [116.314539, 39.9806991], [116.3149185, 39.9807082], [116.3149144, 39.9808075], [116.314535, 39.9807984]]]]}}, {"type": "Feature", "properties": {"building": "yes", "source": "osm"}, "geometry": {"type": "MultiPolygon", "coordinates": [[[[116.3145248, 39.9810952], [116.3145288, 39.9809959], [116.3149083, 39.981005], [116.3149042, 39.9811043], [116.3145248, 39.9810952]]]]}}, {"type": "Feature", "properties": {"building": "yes", "source": "osm"}, "geometry": {"type": "MultiPolygon", "coordinates": [[[[116.3143221, 39.981401], [116.3143266, 39.9813023], [116.3148736, 39.9813168], [116.3148691, 39.9814156], [116.3143221, 39.981401]]]]}}, {"type": "Feature", "properties": {"building": "yes", "source": "osm"}, "geometry": {"type": "MultiPolygon", "coordinates": [[[[116.3150014, 39.9814131], [116.3150057, 39.9813136], [116.3157499, 39.9813325], [116.3157456, 39.9814318], [116.3150014, 39.9814131]]]]}}, {"type": "Feature", "properties": {"building": "yes", "source": "osm"}, "geometry": {"type": "MultiPolygon", "coordinates": [[[[116.3150159, 39.9811206], [116.3150202, 39.9810212], [116.3157644, 39.9810401], [116.3157602, 39.9811394], [116.3150159, 39.9811206]]]]}}, {"type": "Feature", "properties": {"building": "yes", "source": "osm"}, "geometry": {"type": "MultiPolygon", "coordinates": [[[[116.3149992, 39.9808149], [116.3150035, 39.9807154], [116.3157478, 39.9807343], [116.3157435, 39.9808336], [116.3149992, 39.9808149]]]]}}, {"type": "Feature", "properties": {"building": "yes", "source": "osm"}, "geometry": {"type": "MultiPolygon", "coordinates": [[[[116.3150215, 39.9805236], [116.3150261, 39.9804184], [116.3157589, 39.9804371], [116.3157543, 39.9805423], [116.3150215, 39.9805236]]]]}}, {"type": "Feature", "properties": {"building": "yes", "source": "osm"}, "geometry": {"type": "MultiPolygon", "coordinates": [[[[116.3160446, 39.9814612], [116.3160488, 39.9813502], [116.316721, 39.9813651], [116.3167169, 39.981476], [116.3160446, 39.9814612]]]]}}, {"type": "Feature", "properties": {"building": "yes", "source": "osm"}, "geometry": {"type": "MultiPolygon", "coordinates": [[[[116.3159409, 39.9811569], [116.3159434, 39.9810484], [116.3161873, 39.9810516], [116.316188, 39.9810231], [116.3167535, 39.9810307], [116.3167511, 39.9811371], [116.3161933, 39.9811295], [116.3161926, 39.9811603], [116.3159409, 39.9811569]]]]}}, {"type": "Feature", "properties": {"building": "yes", "source": "osm"}, "geometry": {"type": "MultiPolygon", "coordinates": [[[[116.3121945, 39.9759781], [116.3122016, 39.9758771], [116.31275, 39.9758996], [116.3127429, 39.9760006], [116.3121945, 39.9759781]]]]}}, {"type": "Feature", "properties": {"building": "yes", "source": "osm"}, "geometry": {"type": "MultiPolygon", "coordinates": [[[[116.3121561, 39.9763483], [116.3121639, 39.9762488], [116.3127059, 39.976274], [116.312698, 39.9763733], [116.3121561, 39.9763483]]]]}}, {"type": "Feature", "properties": {"building": "yes", "source": "osm"}, "geometry": {"type": "MultiPolygon", "coordinates": [[[[116.3120347, 39.9766484], [116.3120411, 39.9765377], [116.3127726, 39.9765626], [116.3127662, 39.9766732], [116.3120347, 39.9766484]]]]}}, {"type": "Feature", "properties": {"building": "yes", "source": "osm"}, "geometry": {"type": "MultiPolygon", "coordinates": [[[[116.3128033, 39.9775986], [116.3128083, 39.9774989], [116.31338, 39.9775158], [116.313375, 39.9776154], [116.3128033, 39.9775986]]]]}}, {"type": "Feature", "properties": {"building": "yes", "source": "osm"}, "geometry": {"type": "MultiPolygon", "coordinates": [[[[116.3127423, 39.9779978], [116.3127476, 39.9778988], [116.3133067, 39.9779162], [116.3133014, 39.9780152], [116.3127423, 39.9779978]]]]}}, {"type": "Feature", "properties": {"building": "yes", "source": "osm"}, "geometry": {"type": "MultiPolygon", "coordinates": [[[[116.3125534, 39.9783154], [116.3125577, 39.9782136], [116.3132755, 39.9782316], [116.3132711, 39.9783335], [116.3125534, 39.9783154]]]]}}, {"type": "Feature", "properties": {"building": "yes", "source": "osm"}, "geometry": {"type": "MultiPolygon", "coordinates": [[[[116.3125287, 39.9786165], [116.312533, 39.9785147], [116.3132508, 39.9785327], [116.3132464, 39.9786346], [116.3125287, 39.9786165]]]]}}, {"type": "Feature", "properties": {"building": "yes", "source": "osm"}, "geometry": {"type": "MultiPolygon", "coordinates": [[[[116.312524, 39.9789158], [116.3125284, 39.9788162], [116.3134649, 39.9788406], [116.3134605, 39.9789401], [116.312524, 39.9789158]]]]}}, {"type": "Feature", "properties": {"building": "yes", "source": "osm"}, "geometry": {"type": "MultiPolygon", "coordinates": [[[[116.311229, 39.9786902], [116.3112718, 39.9780972], [116.3113026, 39.9780985], [116.311345, 39.9775136], [116.3114763, 39.9775191], [116.3114337, 39.9781066], [116.31139, 39.9781048], [116.3113474, 39.9786952], [116.311229, 39.9786902]]]]}}, {"type": "Feature", "properties": {"building": "yes", "source": "osm"}, "geometry": {"type": "MultiPolygon", "coordinates": [[[[116.3134045, 39.9777878], [116.3134068, 39.977681], [116.3139764, 39.9776882], [116.3139741, 39.9777951], [116.3134045, 39.9777878]]]]}}, {"type": "Feature", "properties": {"building": "yes", "source": "osm"}, "geometry": {"type": "MultiPolygon", "coordinates": [[[[116.3110848, 39.9793055], [116.3110865, 39.9792246], [116.3111173, 39.979225], [116.3111184, 39.9791717], [116.3113991, 39.9791751], [116.3113954, 39.9793544], [116.3112551, 39.9793526], [116.311256, 39.9793076], [116.3110848, 39.9793055]]]]}}, {"type": "Feature", "properties": {"building": "yes", "source": "osm"}, "geometry": {"type": "MultiPolygon", "coordinates": [[[[116.3115359, 39.9789358], [116.3115389, 39.9788223], [116.3120323, 39.9788299], [116.3120294, 39.9789434], [116.3115359, 39.9789358]]]]}}, {"type": "Feature", "properties": {"building": "yes", "source": "osm"}, "geometry": {"type": "MultiPolygon", "coordinates": [[[[116.3115597, 39.9786051], [116.3115627, 39.9784916], [116.3120561, 39.9784992], [116.3120532, 39.9786127], [116.3115597, 39.9786051]]]]}}, {"type": "Feature", "properties": {"building": "yes", "source": "osm"}, "geometry": {"type": "MultiPolygon", "coordinates": [[[[116.3115712, 39.9782866], [116.3115742, 39.9781731], [116.3120676, 39.9781807], [116.3120647, 39.9782941], [116.3115712, 39.9782866]]]]}}, {"type": "Feature", "properties": {"building": "yes", "source": "osm"}, "geometry": {"type": "MultiPolygon", "coordinates": [[[[116.3121835, 39.9782977], [116.3121856, 39.9782355], [116.3122231, 39.9782363], [116.3122254, 39.9781674], [116.3123671, 39.9781702], [116.3123648, 39.978241], [116.3124024, 39.9782417], [116.3124003, 39.978302], [116.3121835, 39.9782977]]]]}}, {"type": "Feature", "properties": {"building": "yes", "source": "osm"}, "geometry": {"type": "MultiPolygon", "coordinates": [[[[116.3121952, 39.9786291], [116.3121973, 39.9785669], [116.3122348, 39.9785677], [116.3122371, 39.9784988], [116.3123788, 39.9785016], [116.3123764, 39.9785724], [116.312414, 39.9785731], [116.312412, 39.9786334], [116.3121952, 39.9786291]]]]}}, {"type": "Feature", "properties": {"building": "yes", "source": "osm"}, "geometry": {"type": "MultiPolygon", "coordinates": [[[[116.3121601, 39.9789585], [116.3121622, 39.9788963], [116.3121997, 39.978897], [116.312202, 39.9788282], [116.3123437, 39.9788309], [116.3123413, 39.9789017], [116.3123789, 39.9789025], [116.3123769, 39.9789628], [116.3121601, 39.9789585]]]]}}, {"type": "Feature", "properties": {"building": "yes", "source": "osm"}, "geometry": {"type": "MultiPolygon", "coordinates": [[[[116.3125149, 39.9792439], [116.3125185, 39.9791391], [116.3133417, 39.9791557], [116.3133397, 39.9792138], [116.3136988, 39.979221], [116.3137045, 39.9790535], [116.3138561, 39.9790566], [116.3138507, 39.9792157], [116.3137516, 39.9792137], [116.3137471, 39.9793451], [116.3133129, 39.9793363], [116.3133155, 39.9792601], [116.3125149, 39.9792439]]]]}}, {"type": "Feature", "properties": {"building": "yes", "source": "osm"}, "geometry": {"type": "MultiPolygon", "coordinates": [[[[116.3118347, 39.977375], [116.3118398, 39.9772622], [116.3121355, 39.9772701], [116.3121304, 39.9773829], [116.3118347, 39.977375]]]]}}, {"type": "Feature", "properties": {"building": "yes", "source": "osm"}, "geometry": {"type": "MultiPolygon", "coordinates": [[[[116.3123578, 39.9770843], [116.3123629, 39.9769715], [116.3126587, 39.9769793], [116.3126536, 39.9770922], [116.3123578, 39.9770843]]]]}}, {"type": "Feature", "properties": {"building": "yes", "source": "osm"}, "geometry": {"type": "MultiPolygon", "coordinates": [[[[116.3119464, 39.9770608], [116.3119515, 39.976948], [116.3122473, 39.9769558], [116.3122422, 39.9770686], [116.3119464, 39.9770608]]]]}}, {"type": "Feature", "properties": {"building": "apartments", "source": "osm"}, "geometry": {"type": "MultiPolygon", "coordinates": [[[[116.3134237, 39.9782272], [116.3134258, 39.9781488], [116.3134522, 39.9781492], [116.3134536, 39.9780961], [116.3136443, 39.9780991], [116.313643, 39.9781459], [116.313669, 39.9781463], [116.3136668, 39.9782299], [116.3135768, 39.9782285], [116.3135781, 39.9781798], [116.3135188, 39.9781789], [116.3135175, 39.9782287], [116.3134237, 39.9782272]]]]}}, {"type": "Feature", "properties": {"building": "apartments", "source": "osm"}, "geometry": {"type": "MultiPolygon", "coordinates": [[[[116.3136011, 39.9785381], [116.3136032, 39.9784596], [116.3136296, 39.97846], [116.313631, 39.9784069], [116.3138217, 39.97841], [116.3138204, 39.9784567], [116.3138464, 39.9784571], [116.3138442, 39.9785407], [116.3137542, 39.9785393], [116.3137555, 39.9784906], [116.3136963, 39.9784897], [116.3136949, 39.9785395], [116.3136011, 39.9785381]]]]}}, {"type": "Feature", "properties": {"building": "yes", "source": "osm"}, "geometry": {"type": "MultiPolygon", "coordinates": [[[[116.3124809, 39.9776369], [116.3124825, 39.977556], [116.3125133, 39.9775564], [116.3125145, 39.9775031], [116.3127952, 39.9775065], [116.3127914, 39.9776857], [116.3126511, 39.977684], [116.3126521, 39.9776389], [116.3124809, 39.9776369]]]]}}, {"type": "Feature", "properties": {"building": "apartments", "source": "osm"}, "geometry": {"type": "MultiPolygon", "coordinates": [[[[116.3151499, 39.9780364], [116.3151552, 39.977931], [116.31589, 39.9779523], [116.3158847, 39.9780579], [116.3151499, 39.9780364]]]]}}, {"type": "Feature", "properties": {"building": "apartments", "source": "osm"}, "geometry": {"type": "MultiPolygon", "coordinates": [[[[116.3151411, 39.9787776], [116.3151463, 39.9786722], [116.3158811, 39.9786935], [116.3158759, 39.9787991], [116.3151411, 39.9787776]]]]}}, {"type": "Feature", "properties": {"building": "apartments", "source": "osm"}, "geometry": {"type": "MultiPolygon", "coordinates": [[[[116.3151204, 39.9784121], [116.3151261, 39.9782969], [116.3158609, 39.9783179], [116.3158552, 39.9784333], [116.3151204, 39.9784121]]]]}}, {"type": "Feature", "properties": {"building": "apartments", "source": "osm"}, "geometry": {"type": "MultiPolygon", "coordinates": [[[[116.3151717, 39.9791596], [116.315174, 39.979056], [116.3158925, 39.9790655], [116.3158902, 39.979169], [116.3151717, 39.9791596]]]]}}, {"type": "Feature", "properties": {"building": "apartments", "source": "osm"}, "geometry": {"type": "MultiPolygon", "coordinates": [[[[116.3151379, 39.9794163], [116.3151402, 39.9793126], [116.3158587, 39.9793222], [116.3158564, 39.9794257], [116.3151379, 39.9794163]]]]}}, {"type": "Feature", "properties": {"building": "yes", "source": "osm"}, "geometry": {"type": "MultiPolygon", "coordinates": [[[[116.317803, 39.987718], [116.3178191, 39.9875524], [116.3188109, 39.9876087], [116.3187949, 39.9877746], [116.317803, 39.987718]]]]}}, {"type": "Feature", "properties": {"building": "yes", "name": "中国科学院科技政策与管理科学研究所", "office": "research", "source": "osm"}, "geometry": {"type": "MultiPolygon", "coordinates": [[[[116.3159499, 39.9871347], [116.3159637, 39.9869909], [116.3170909, 39.9870542], [116.3170771, 39.9871982], [116.3159499, 39.9871347]]]]}}, {"type": "Feature", "properties": {"building": "yes", "source": "osm"}, "geometry": {"type": "MultiPolygon", "coordinates": [[[[116.3191106, 39.9879961], [116.3191419, 39.9877432], [116.3197837, 39.98779], [116.3197524, 39.9880427], [116.3191106, 39.9879961]]]]}}, {"type": "Feature", "properties": {"building": "yes", "source": "osm"}, "geometry": {"type": "MultiPolygon", "coordinates": [[[[116.3185007, 39.9859806], [116.3185177, 39.985738], [116.3191527, 39.9857641], [116.3191357, 39.9860067], [116.3185007, 39.9859806]]]]}}, {"type": "Feature", "properties": {"building": "yes", "source": "osm"}, "geometry": {"type": "MultiPolygon", "coordinates": [[[[116.3191474, 39.987679], [116.3191679, 39.9875082], [116.3193106, 39.9875183], [116.319307, 39.9875487], [116.3196448, 39.9875725], [116.3196482, 39.9875443], [116.3197876, 39.9875541], [116.3197674, 39.9877227], [116.3191474, 39.987679]]]]}}, {"type": "Feature", "properties": {"building": "yes", "source": "osm"}, "geometry": {"type": "MultiPolygon", "coordinates": [[[[116.315578, 39.9907668], [116.3155879, 39.9906271], [116.3164414, 39.9906626], [116.3164315, 39.9908022], [116.315578, 39.9907668]]]]}}, {"type": "Feature", "properties": {"building": "yes", "source": "osm"}, "geometry": {"type": "MultiPolygon", "coordinates": [[[[116.3166805, 39.9908211], [116.3166907, 39.9906784], [116.3172547, 39.990702], [116.3172445, 39.9908446], [116.3166805, 39.9908211]]]]}}, {"type": "Feature", "properties": {"building": "yes", "source": "osm"}, "geometry": {"type": "MultiPolygon", "coordinates": [[[[116.3166588, 39.9904115], [116.3166644, 39.9903003], [116.3172706, 39.9903184], [116.3172649, 39.9904297], [116.3166588, 39.9904115]]]]}}, {"type": "Feature", "properties": {"building": "yes", "source": "osm"}, "geometry": {"type": "MultiPolygon", "coordinates": [[[[116.3174837, 39.9888586], [116.3175212, 39.9885408], [116.3178048, 39.9885605], [116.3177673, 39.9888782], [116.3174837, 39.9888586]]]]}}, {"type": "Feature", "properties": {"building": "residential", "name": "西南12", "source": "osm"}, "geometry": {"type": "MultiPolygon", "coordinates": [[[[116.3159598, 39.9924734], [116.3159671, 39.9923763], [116.3169248, 39.9924187], [116.3169175, 39.9925159], [116.3159598, 39.9924734]]]]}}, {"type": "Feature", "properties": {"building": "yes", "source": "osm"}, "geometry": {"type": "MultiPolygon", "coordinates": [[[[116.3215095, 39.982246], [116.3215506, 39.9816301], [116.3217428, 39.9816377], [116.3217017, 39.9822536], [116.3215095, 39.982246]]]]}}, {"type": "Feature", "properties": {"building": "yes", "source": "osm"}, "geometry": {"type": "MultiPolygon", "coordinates": [[[[116.3200735, 39.981333], [116.320078, 39.9812118], [116.3209745, 39.9812312], [116.3209692, 39.9813762], [116.3209181, 39.9813751], [116.3209153, 39.9814511], [116.3202569, 39.9814369], [116.3201142, 39.9814338], [116.3201179, 39.981334], [116.3200735, 39.981333]]]]}}, {"type": "Feature", "properties": {"building": "yes", "source": "osm"}, "geometry": {"type": "MultiPolygon", "coordinates": [[[[116.3195354, 39.9813705], [116.3195538, 39.9810415], [116.3196829, 39.9810458], [116.3196645, 39.9813747], [116.3195354, 39.9813705]]]]}}, {"type": "Feature", "properties": {"building": "yes", "source": "osm"}, "geometry": {"type": "MultiPolygon", "coordinates": [[[[116.3189158, 39.9811239], [116.3189221, 39.9810106], [116.3195541, 39.9810314], [116.3195478, 39.9811446], [116.3189158, 39.9811239]]]]}}, {"type": "Feature", "properties": {"building": "yes", "source": "osm"}, "geometry": {"type": "MultiPolygon", "coordinates": [[[[116.3190499, 39.9816356], [116.3190526, 39.9815329], [116.319057, 39.9815086], [116.3196695, 39.9815287], [116.3196624, 39.9816557], [116.3190499, 39.9816356]]]]}}, {"type": "Feature", "properties": {"building": "yes", "source": "osm"}, "geometry": {"type": "MultiPolygon", "coordinates": [[[[116.3188997, 39.9815287], [116.3189158, 39.981241], [116.3190671, 39.981246], [116.3190526, 39.9815329], [116.3188997, 39.9815287]]]]}}, {"type": "Feature", "properties": {"building": "yes", "source": "osm"}, "geometry": {"type": "MultiPolygon", "coordinates": [[[[116.319044, 39.979551], [116.319053, 39.9794065], [116.3194377, 39.9794204], [116.3194309, 39.9795318], [116.3191594, 39.9795219], [116.3191574, 39.9795551], [116.319044, 39.979551]]]]}}, {"type": "Feature", "properties": {"building": "yes", "source": "osm"}, "geometry": {"type": "MultiPolygon", "coordinates": [[[[116.32019, 39.9788527], [116.3202018, 39.9785331], [116.3203526, 39.9785364], [116.3203453, 39.9787347], [116.3205761, 39.9787397], [116.3205716, 39.978861], [116.32019, 39.9788527]]]]}}, {"type": "Feature", "properties": {"building": "yes", "source": "osm"}, "geometry": {"type": "MultiPolygon", "coordinates": [[[[116.3211769, 39.9781971], [116.3211856, 39.9780891], [116.3214706, 39.9781026], [116.3214619, 39.9782106], [116.3211769, 39.9781971]]]]}}, {"type": "Feature", "properties": {"building": "yes", "source": "osm"}, "geometry": {"type": "MultiPolygon", "coordinates": [[[[116.3210401, 39.9788404], [116.3210656, 39.9785239], [116.3211308, 39.978527], [116.3211527, 39.9782547], [116.32134, 39.9782635], [116.321315, 39.9785743], [116.321256, 39.9785715], [116.3212337, 39.9788496], [116.3210401, 39.9788404]]]]}}, {"type": "Feature", "properties": {"building": "yes", "source": "osm"}, "geometry": {"type": "MultiPolygon", "coordinates": [[[[116.3208094, 39.9779412], [116.3208179, 39.9777326], [116.3212895, 39.9777439], [116.3212811, 39.9779525], [116.3208094, 39.9779412]]]]}}, {"type": "Feature", "properties": {"building": "yes", "source": "osm"}, "geometry": {"type": "MultiPolygon", "coordinates": [[[[116.3204299, 39.9773811], [116.3204418, 39.9770881], [116.3207075, 39.9770944], [116.3206956, 39.9773875], [116.3204299, 39.9773811]]]]}}, {"type": "Feature", "properties": {"building": "yes", "source": "osm"}, "geometry": {"type": "MultiPolygon", "coordinates": [[[[116.319758, 39.9778693], [116.3197727, 39.9775065], [116.3199378, 39.9775104], [116.319923, 39.9778732], [116.319758, 39.9778693]]]]}}, {"type": "Feature", "properties": {"building": "yes", "source": "osm"}, "geometry": {"type": "MultiPolygon", "coordinates": [[[[116.320001, 39.9778946], [116.320016, 39.9776557], [116.3200246, 39.9775206], [116.3207687, 39.9775481], [116.32076, 39.9776865], [116.3201593, 39.9776642], [116.3201445, 39.9778999], [116.320001, 39.9778946]]]]}}, {"type": "Feature", "properties": {"building": "yes", "source": "osm"}, "geometry": {"type": "MultiPolygon", "coordinates": [[[[116.3202944, 39.9762671], [116.3202971, 39.9759465], [116.3204205, 39.9759471], [116.3204179, 39.9762677], [116.3202944, 39.9762671]]]]}}, {"type": "Feature", "properties": {"building": "yes", "source": "osm"}, "geometry": {"type": "MultiPolygon", "coordinates": [[[[116.3216329, 39.9764459], [116.3216382, 39.9760883], [116.3218101, 39.9760898], [116.3218047, 39.9764474], [116.3216329, 39.9764459]]]]}}, {"type": "Feature", "properties": {"building": "yes", "source": "osm"}, "geometry": {"type": "MultiPolygon", "coordinates": [[[[116.3204576, 39.9766436], [116.3204587, 39.9766017], [116.3204615, 39.9765027], [116.3207353, 39.9765072], [116.3207313, 39.9766482], [116.3204576, 39.9766436]]]]}}, {"type": "Feature", "properties": {"building": "yes", "source": "osm"}, "geometry": {"type": "MultiPolygon", "coordinates": [[[[116.3200319, 39.9765949], [116.3200354, 39.9764675], [116.3204613, 39.9764743], [116.3204615, 39.9765027], [116.3204587, 39.9766017], [116.3200319, 39.9765949]]]]}}, {"type": "Feature", "properties": {"building": "yes", "source": "osm"}, "geometry": {"type": "MultiPolygon", "coordinates": [[[[116.3199876, 39.9768714], [116.3199933, 39.9767214], [116.3205682, 39.9767341], [116.3205673, 39.9767563], [116.3208073, 39.9767616], [116.3208013, 39.9769216], [116.3205376, 39.9769157], [116.3205389, 39.9768835], [116.3199876, 39.9768714]]]]}}, {"type": "Feature", "properties": {"building": "yes", "source": "osm"}, "geometry": {"type": "MultiPolygon", "coordinates": [[[[116.3197934, 39.9768658], [116.319803, 39.9764735], [116.3199983, 39.9764763], [116.3199933, 39.9767214], [116.3199876, 39.9768714], [116.3197934, 39.9768658]]]]}}, {"type": "Feature", "properties": {"building": "yes", "source": "osm"}, "geometry": {"type": "MultiPolygon", "coordinates": [[[[116.3193864, 39.9765844], [116.319388, 39.9765047], [116.3196972, 39.9765085], [116.3196954, 39.9765912], [116.3196406, 39.9765905], [116.3196354, 39.9768409], [116.3195772, 39.9768402], [116.3195781, 39.9767969], [116.3194875, 39.9767958], [116.3194867, 39.9768363], [116.3194248, 39.9768356], [116.31943, 39.9765849], [116.3193864, 39.9765844]]]]}}, {"type": "Feature", "properties": {"building": "yes", "source": "osm"}, "geometry": {"type": "MultiPolygon", "coordinates": [[[[116.3248221, 39.9776576], [116.3248238, 39.9776068], [116.3248738, 39.9776078], [116.3248783, 39.9774746], [116.3248796, 39.9774366], [116.3248811, 39.977391], [116.3249521, 39.9773924], [116.3249505, 39.9774382], [116.3250862, 39.9774409], [116.3250876, 39.9774003], [116.3251521, 39.9774016], [116.3251496, 39.9774781], [116.325145, 39.9776124], [116.3251679, 39.9776129], [116.3251661, 39.9776658], [116.325039, 39.9776633], [116.3250403, 39.9776271], [116.3249421, 39.9776252], [116.3249409, 39.97766], [116.3248221, 39.9776576]]]]}}, {"type": "Feature", "properties": {"building": "yes", "source": "osm"}, "geometry": {"type": "MultiPolygon", "coordinates": [[[[116.3244177, 39.9780856], [116.3244183, 39.9780404], [116.3244576, 39.9780407], [116.3244582, 39.9779986], [116.324419, 39.9779982], [116.3244203, 39.9779084], [116.324531, 39.9779094], [116.3245304, 39.977949], [116.3246162, 39.9779497], [116.3246168, 39.9779078], [116.3247382, 39.9779089], [116.3247368, 39.9779988], [116.3246942, 39.9779984], [116.3246935, 39.9780473], [116.3247234, 39.9780476], [116.3247228, 39.9780918], [116.3246624, 39.9780913], [116.3246628, 39.9780643], [116.324477, 39.9780627], [116.3244767, 39.9780861], [116.3244177, 39.9780856]]]]}}, {"type": "Feature", "properties": {"building": "yes", "source": "osm"}, "geometry": {"type": "MultiPolygon", "coordinates": [[[[116.3251419, 39.9780918], [116.3251425, 39.9780466], [116.3251817, 39.9780469], [116.3251824, 39.9780048], [116.3251432, 39.9780044], [116.3251445, 39.9779146], [116.3252552, 39.9779155], [116.3252546, 39.9779551], [116.3253404, 39.9779559], [116.325341, 39.977914], [116.3254624, 39.977915], [116.325461, 39.9780049], [116.3254184, 39.9780046], [116.3254177, 39.9780535], [116.3254476, 39.9780537], [116.325447, 39.9780979], [116.3253866, 39.9780974], [116.325387, 39.9780704], [116.3252012, 39.9780688], [116.3252009, 39.9780923], [116.3251419, 39.9780918]]]]}}, {"type": "Feature", "properties": {"building": "yes", "source": "osm"}, "geometry": {"type": "MultiPolygon", "coordinates": [[[[116.3249756, 39.9789879], [116.3249762, 39.9789427], [116.3250155, 39.978943], [116.3250161, 39.9789009], [116.3249769, 39.9789005], [116.3249782, 39.9788107], [116.3250889, 39.9788117], [116.3250883, 39.9788513], [116.3251741, 39.978852], [116.3251747, 39.9788101], [116.3252961, 39.9788112], [116.3252947, 39.9789011], [116.3252521, 39.9789007], [116.3252514, 39.9789496], [116.3252813, 39.9789499], [116.3252807, 39.9789941], [116.3252203, 39.9789935], [116.3252207, 39.9789666], [116.3250349, 39.9789649], [116.3250346, 39.9789884], [116.3249756, 39.9789879]]]]}}, {"type": "Feature", "properties": {"building": "yes", "source": "osm"}, "geometry": {"type": "MultiPolygon", "coordinates": [[[[116.3244753, 39.9787731], [116.324476, 39.9787279], [116.3245152, 39.9787282], [116.3245158, 39.9786861], [116.3244767, 39.9786858], [116.324478, 39.9785959], [116.3245887, 39.9785969], [116.3245881, 39.9786365], [116.3246739, 39.9786372], [116.3246745, 39.9785953], [116.3247958, 39.9785964], [116.3247945, 39.9786863], [116.3247519, 39.9786859], [116.3247512, 39.9787348], [116.3247811, 39.9787351], [116.3247804, 39.9787793], [116.3247201, 39.9787788], [116.3247205, 39.9787518], [116.3245347, 39.9787502], [116.3245343, 39.9787736], [116.3244753, 39.9787731]]]]}}, {"type": "Feature", "properties": {"building": "yes", "source": "osm"}, "geometry": {"type": "MultiPolygon", "coordinates": [[[[116.3229605, 39.978193], [116.3229679, 39.9780591], [116.3229702, 39.9780172], [116.3230837, 39.9780209], [116.3233836, 39.9780306], [116.3233608, 39.9784415], [116.3230601, 39.9784317], [116.3230731, 39.9781966], [116.3229605, 39.978193]]]]}}, {"type": "Feature", "properties": {"building": "yes", "source": "osm"}, "geometry": {"type": "MultiPolygon", "coordinates": [[[[116.3221935, 39.9782546], [116.3221989, 39.9781191], [116.3223808, 39.9781233], [116.3223838, 39.9780473], [116.3229679, 39.9780591], [116.3229605, 39.978193], [116.3225587, 39.9781831], [116.3225555, 39.9782629], [116.3221935, 39.9782546]]]]}}, {"type": "Feature", "properties": {"building": "yes", "source": "osm"}, "geometry": {"type": "MultiPolygon", "coordinates": [[[[116.3199162, 39.9789596], [116.3199182, 39.9788059], [116.3201308, 39.9788075], [116.3201288, 39.9789613], [116.3199162, 39.9789596]]]]}}, {"type": "Feature", "properties": {"building": "yes", "source": "osm"}, "geometry": {"type": "MultiPolygon", "coordinates": [[[[116.320222, 39.9783348], [116.3202234, 39.9782321], [116.3210307, 39.9782383], [116.3210294, 39.978341], [116.320222, 39.9783348]]]]}}, {"type": "Feature", "properties": {"building": "yes", "source": "osm"}, "geometry": {"type": "MultiPolygon", "coordinates": [[[[116.3231161, 39.9775517], [116.3231228, 39.9773974], [116.3231268, 39.9773051], [116.3233231, 39.9773101], [116.3233123, 39.9775567], [116.3231161, 39.9775517]]]]}}, {"type": "Feature", "properties": {"building": "yes", "source": "osm"}, "geometry": {"type": "MultiPolygon", "coordinates": [[[[116.323379, 39.9776072], [116.3233843, 39.9773729], [116.3241386, 39.9773831], [116.3241332, 39.9776174], [116.323379, 39.9776072]]]]}}, {"type": "Feature", "properties": {"building": "yes", "source": "osm"}, "geometry": {"type": "MultiPolygon", "coordinates": [[[[116.3263047, 39.9765008], [116.3263161, 39.9760125], [116.3265772, 39.9760161], [116.3265698, 39.9763358], [116.3270512, 39.9763424], [116.327064, 39.9760152], [116.3272281, 39.9760206], [116.327222, 39.9765134], [116.3263047, 39.9765008]]]]}}, {"type": "Feature", "properties": {"building": "yes", "source": "osm"}, "geometry": {"type": "MultiPolygon", "coordinates": [[[[116.3263938, 39.975782], [116.3263973, 39.9756461], [116.3268229, 39.9756525], [116.3268218, 39.9756983], [116.3269222, 39.9756998], [116.3269219, 39.9757114], [116.3269439, 39.9757167], [116.3269731, 39.9757327], [116.3269945, 39.9757548], [116.3270059, 39.9757809], [116.3270062, 39.9758084], [116.3270061, 39.9758347], [116.3270107, 39.9758643], [116.3272306, 39.9758684], [116.3272281, 39.9760206], [116.327064, 39.9760152], [116.3267907, 39.9760081], [116.3267929, 39.9759239], [116.3267945, 39.9758618], [116.3267967, 39.9757868], [116.3263938, 39.975782]]]]}}, {"type": "Feature", "properties": {"building": "house", "name": "中国卫星通信大厦", "source": "osm"}, "geometry": {"type": "MultiPolygon", "coordinates": [[[[116.3256267, 39.9759362], [116.3256347, 39.9756238], [116.3261426, 39.9756314], [116.3261346, 39.9759439], [116.3256267, 39.9759362]]]]}}, {"type": "Feature", "properties": {"building": "yes", "source": "osm"}, "geometry": {"type": "MultiPolygon", "coordinates": [[[[116.323556, 39.9784849], [116.3235875, 39.9780953], [116.3242158, 39.9781252], [116.3241843, 39.9785147], [116.323556, 39.9784849]]]]}}, {"type": "Feature", "properties": {"building": "yes", "source": "osm"}, "geometry": {"type": "MultiPolygon", "coordinates": [[[[116.3235401, 39.978865], [116.323564, 39.9785691], [116.3238671, 39.9785835], [116.3238432, 39.9788794], [116.3235401, 39.978865]]]]}}, {"type": "Feature", "properties": {"building": "yes", "source": "osm"}, "geometry": {"type": "MultiPolygon", "coordinates": [[[[116.322384, 39.9793334], [116.3223944, 39.9790172], [116.3225876, 39.979021], [116.3225818, 39.9791966], [116.3226785, 39.9791985], [116.3226794, 39.9791707], [116.3234889, 39.9791864], [116.3234877, 39.9792214], [116.3235746, 39.9792231], [116.3235802, 39.979053], [116.3237663, 39.9790566], [116.3237562, 39.9793601], [116.3235715, 39.9793565], [116.3225207, 39.9793361], [116.322384, 39.9793334]]]]}}, {"type": "Feature", "properties": {"building": "yes", "source": "osm"}, "geometry": {"type": "MultiPolygon", "coordinates": [[[[116.3216683, 39.9794361], [116.3216781, 39.9792864], [116.3220587, 39.979301], [116.3220492, 39.9794468], [116.3219258, 39.9794421], [116.3219295, 39.9793845], [116.3217844, 39.9793789], [116.3217804, 39.9794404], [116.3216683, 39.9794361]]]]}}, {"type": "Feature", "properties": {"building": "yes", "source": "osm"}, "geometry": {"type": "MultiPolygon", "coordinates": [[[[116.320273, 39.9801044], [116.3202769, 39.9800059], [116.3212478, 39.9800286], [116.3212439, 39.9801271], [116.320273, 39.9801044]]]]}}, {"type": "Feature", "properties": {"building": "yes", "source": "osm"}, "geometry": {"type": "MultiPolygon", "coordinates": [[[[116.3196567, 39.9800794], [116.3196665, 39.9799297], [116.3200471, 39.9799443], [116.3200375, 39.9800901], [116.3199141, 39.9800854], [116.3199179, 39.9800278], [116.3197728, 39.9800223], [116.3197687, 39.9800837], [116.3196567, 39.9800794]]]]}}, {"type": "Feature", "properties": {"building": "yes", "source": "osm"}, "geometry": {"type": "MultiPolygon", "coordinates": [[[[116.3190344, 39.9800732], [116.3190442, 39.9799235], [116.3194248, 39.9799382], [116.3194153, 39.980084], [116.3192918, 39.9800792], [116.3192956, 39.9800217], [116.3191505, 39.9800161], [116.3191465, 39.9800775], [116.3190344, 39.9800732]]]]}}, {"type": "Feature", "properties": {"building": "apartments", "source": "osm"}, "geometry": {"type": "MultiPolygon", "coordinates": [[[[116.3196862, 39.9794916], [116.319696, 39.9793419], [116.3200766, 39.9793565], [116.320067, 39.9795023], [116.3199436, 39.9794976], [116.3199474, 39.97944], [116.3198023, 39.9794344], [116.3197982, 39.9794959], [116.3196862, 39.9794916]]]]}}, {"type": "Feature", "properties": {"building": "yes", "source": "osm"}, "geometry": {"type": "MultiPolygon", "coordinates": [[[[116.3199002, 39.9785342], [116.3199042, 39.9784202], [116.3201541, 39.9784254], [116.32015, 39.9785394], [116.3199002, 39.9785342]]]]}}, {"type": "Feature", "properties": {"building": "apartments", "source": "osm"}, "geometry": {"type": "MultiPolygon", "coordinates": [[[[116.3190758, 39.9782324], [116.3190811, 39.9780824], [116.319201, 39.9780849], [116.3192037, 39.978023], [116.3197536, 39.9780374], [116.319749, 39.9781399], [116.3194076, 39.978131], [116.319227, 39.9781263], [116.3192231, 39.9782355], [116.3190758, 39.9782324]]]]}}, {"type": "Feature", "properties": {"building": "apartments", "source": "osm"}, "geometry": {"type": "MultiPolygon", "coordinates": [[[[116.3190677, 39.9785798], [116.3190731, 39.9784297], [116.3191929, 39.9784323], [116.3191957, 39.9783704], [116.3197455, 39.9783848], [116.319741, 39.9784873], [116.319219, 39.9784736], [116.3192151, 39.9785829], [116.3190677, 39.9785798]]]]}}, {"type": "Feature", "properties": {"building": "apartments", "source": "osm"}, "geometry": {"type": "MultiPolygon", "coordinates": [[[[116.3190284, 39.9789699], [116.3190338, 39.9788199], [116.3191536, 39.9788224], [116.3191564, 39.9787605], [116.3197062, 39.9787749], [116.3197017, 39.9788774], [116.3191797, 39.9788638], [116.3191758, 39.978973], [116.3190284, 39.9789699]]]]}}, {"type": "Feature", "properties": {"building": "apartments", "source": "osm"}, "geometry": {"type": "MultiPolygon", "coordinates": [[[[116.3201952, 39.9791672], [116.3201991, 39.9790665], [116.3207462, 39.9790788], [116.3207447, 39.9791179], [116.3207424, 39.9791796], [116.3201952, 39.9791672]]]]}}, {"type": "Feature", "properties": {"building": "apartments", "source": "osm"}, "geometry": {"type": "MultiPolygon", "coordinates": [[[[116.3207447, 39.9791179], [116.3207492, 39.9790173], [116.321302, 39.9790317], [116.3212976, 39.9791323], [116.3207447, 39.9791179]]]]}}, {"type": "Feature", "properties": {"building": "apartments", "source": "osm"}, "geometry": {"type": "MultiPolygon", "coordinates": [[[[116.3202596, 39.9794776], [116.3202659, 39.9793699], [116.3207665, 39.9793871], [116.3207696, 39.9793336], [116.3212493, 39.9793502], [116.3212434, 39.9794517], [116.3207637, 39.9794352], [116.3207602, 39.9794948], [116.3202596, 39.9794776]]]]}}, {"type": "Feature", "properties": {"building": "apartments", "source": "osm"}, "geometry": {"type": "MultiPolygon", "coordinates": [[[[116.3190843, 39.9792554], [116.3190941, 39.9791057], [116.3194747, 39.9791203], [116.3194651, 39.9792661], [116.3193417, 39.9792614], [116.3193455, 39.9792038], [116.3192004, 39.9791982], [116.3191963, 39.9792597], [116.3190843, 39.9792554]]]]}}, {"type": "Feature", "properties": {"building": "yes", "source": "osm"}, "geometry": {"type": "MultiPolygon", "coordinates": [[[[116.3037338, 39.9665451], [116.3037476, 39.9664402], [116.3039396, 39.966455], [116.3039457, 39.9664084], [116.3047571, 39.9664711], [116.304745, 39.9665631], [116.3039336, 39.9665004], [116.3039258, 39.96656], [116.3037338, 39.9665451]]]]}}, {"type": "Feature", "properties": {"building": "yes", "source": "osm"}, "geometry": {"type": "MultiPolygon", "coordinates": [[[[116.3036788, 39.9668432], [116.3036926, 39.9667383], [116.3038846, 39.9667531], [116.3038907, 39.9667065], [116.3047021, 39.9667692], [116.30469, 39.9668612], [116.3038786, 39.9667985], [116.3038708, 39.966858], [116.3036788, 39.9668432]]]]}}, {"type": "Feature", "properties": {"building": "yes", "source": "osm"}, "geometry": {"type": "MultiPolygon", "coordinates": [[[[116.3036714, 39.9671549], [116.3036853, 39.96705], [116.3038772, 39.9670648], [116.3038833, 39.9670182], [116.3046947, 39.9670809], [116.3046826, 39.9671729], [116.3038712, 39.9671102], [116.3038634, 39.9671697], [116.3036714, 39.9671549]]]]}}, {"type": "Feature", "properties": {"building": "yes", "source": "osm"}, "geometry": {"type": "MultiPolygon", "coordinates": [[[[116.3123779, 39.9668393], [116.3124085, 39.9667093], [116.3126616, 39.9667443], [116.3126716, 39.9667016], [116.3134039, 39.9668028], [116.3133926, 39.9668507], [116.31366, 39.9668877], [116.3136293, 39.9670182], [116.3133462, 39.9669791], [116.31336, 39.9669204], [116.3126695, 39.966825], [116.3126571, 39.9668779], [116.3123779, 39.9668393]]]]}}, {"type": "Feature", "properties": {"building": "yes", "source": "osm"}, "geometry": {"type": "MultiPolygon", "coordinates": [[[[116.3133126, 39.9664457], [116.31334, 39.9663295], [116.3135111, 39.9663532], [116.3134989, 39.9664051], [116.3140905, 39.9664868], [116.3140648, 39.9665959], [116.3134399, 39.9665096], [116.3134504, 39.9664647], [116.3133126, 39.9664457]]]]}}, {"type": "Feature", "properties": {"building": "yes", "source": "osm"}, "geometry": {"type": "MultiPolygon", "coordinates": [[[[116.312862, 39.9665032], [116.313023, 39.966236], [116.3131529, 39.966282], [116.312992, 39.9665492], [116.312862, 39.9665032]]]]}}, {"type": "Feature", "properties": {"building": "yes", "source": "osm"}, "geometry": {"type": "MultiPolygon", "coordinates": [[[[116.3097694, 39.9664703], [116.3097988, 39.9663426], [116.3100714, 39.9663794], [116.3100859, 39.9663162], [116.3105272, 39.9663757], [116.31051, 39.9664503], [116.3107806, 39.9664868], [116.310751, 39.9666159], [116.3104641, 39.9665772], [116.3104774, 39.9665195], [116.3100694, 39.9664645], [116.3100591, 39.9665094], [116.3097694, 39.9664703]]]]}}, {"type": "Feature", "properties": {"building": "yes", "source": "osm"}, "geometry": {"type": "MultiPolygon", "coordinates": [[[[116.310963, 39.9666245], [116.3109923, 39.9665062], [116.3122234, 39.9666851], [116.3121942, 39.9668034], [116.310963, 39.9666245]]]]}}, {"type": "Feature", "properties": {"building": "yes", "source": "osm"}, "geometry": {"type": "MultiPolygon", "coordinates": [[[[116.3020473, 39.9666926], [116.3020582, 39.9666119], [116.3021922, 39.9666226], [116.3024981, 39.9666469], [116.3024872, 39.9667276], [116.3020473, 39.9666926]]]]}}, {"type": "Feature", "properties": {"building": "yes", "source": "osm"}, "geometry": {"type": "MultiPolygon", "coordinates": [[[[116.3014868, 39.9666513], [116.3014977, 39.9665705], [116.3019376, 39.9666055], [116.3019267, 39.9666862], [116.3014868, 39.9666513]]]]}}, {"type": "Feature", "properties": {"building": "yes", "source": "osm"}, "geometry": {"type": "MultiPolygon", "coordinates": [[[[116.3026321, 39.966567], [116.3026643, 39.9662894], [116.3029937, 39.9663119], [116.3029615, 39.9665894], [116.3026321, 39.966567]]]]}}, {"type": "Feature", "properties": {"building": "apartments", "name": "19楼", "source": "osm"}, "geometry": {"type": "MultiPolygon", "coordinates": [[[[116.3046433, 39.9869238], [116.3046515, 39.9868157], [116.3048459, 39.986824], [116.3052501, 39.9868414], [116.3052421, 39.986944], [116.3046433, 39.9869238]]]]}}, {"type": "Feature", "properties": {"building": "apartments", "name": "22楼", "source": "osm"}, "geometry": {"type": "MultiPolygon", "coordinates": [[[[116.3047212, 39.9859666], [116.3047293, 39.9858585], [116.3050186, 39.9858709], [116.3053279, 39.9858841], [116.3053199, 39.9859868], [116.3047212, 39.9859666]]]]}}, {"type": "Feature", "properties": {"building": "apartments", "name": "24楼", "source": "osm"}, "geometry": {"type": "MultiPolygon", "coordinates": [[[[116.304753, 39.9854541], [116.3047612, 39.985346], [116.3053598, 39.9853716], [116.3053518, 39.9854743], [116.3050499, 39.9854641], [116.304753, 39.9854541]]]]}}, {"type": "Feature", "properties": {"building": "apartments", "name": "20楼", "source": "osm"}, "geometry": {"type": "MultiPolygon", "coordinates": [[[[116.3045513, 39.9867611], [116.3045842, 39.986409], [116.3047546, 39.9864156], [116.3047368, 39.9866065], [116.3047218, 39.9867678], [116.3045513, 39.9867611]]]]}}, {"type": "Feature", "properties": {"building": "apartments", "name": "23楼", "source": "osm"}, "geometry": {"type": "MultiPolygon", "coordinates": [[[[116.3045971, 39.9858218], [116.30463, 39.9854696], [116.3048004, 39.9854763], [116.3047804, 39.9856913], [116.3047676, 39.9858284], [116.3045971, 39.9858218]]]]}}, {"type": "Feature", "properties": {"building": "yes", "amenity": "police", "source": "osm"}, "geometry": {"type": "MultiPolygon", "coordinates": [[[[116.331021, 39.991753], [116.3310827, 39.9917551], [116.3310801, 39.9918064], [116.331021, 39.9918064], [116.331021, 39.991753]]]]}}, {"type": "Feature", "properties": {"building": "yes", "amenity": "police", "source": "osm"}, "geometry": {"type": "MultiPolygon", "coordinates": [[[[116.3309703, 39.9913203], [116.3309712, 39.9912843], [116.3310771, 39.9912858], [116.3310763, 39.9913217], [116.3309703, 39.9913203]]]]}}, {"type": "Feature", "properties": {"building": "parking", "amenity": "parking", "source": "osm"}, "geometry": {"type": "MultiPolygon", "coordinates": [[[[116.3268466, 39.9677632], [116.3268514, 39.9677089], [116.3270836, 39.9677211], [116.3270788, 39.9677754], [116.3268466, 39.9677632]]]]}}, {"type": "Feature", "properties": {"building": "parking", "amenity": "parking", "source": "osm"}, "geometry": {"type": "MultiPolygon", "coordinates": [[[[116.3268537, 39.9677042], [116.3268585, 39.9676499], [116.3270907, 39.9676621], [116.3270859, 39.9677164], [116.3268537, 39.9677042]]]]}}, {"type": "Feature", "properties": {"building": "commercial", "name": "抖音 方恒广场", "office": "it", "source": "osm"}, "geometry": {"type": "MultiPolygon", "coordinates": [[[[116.3333119, 39.9671409], [116.3333247, 39.9666715], [116.3358647, 39.9666755], [116.335862, 39.967315], [116.3333119, 39.9671409]], [[116.3338336, 39.9669919], [116.3339974, 39.9669945], [116.3340004, 39.966883], [116.3338367, 39.9668803], [116.3338336, 39.9669919]], [[116.3351842, 39.967017], [116.3353956, 39.9670179], [116.3353966, 39.9668846], [116.3351852, 39.9668837], [116.3351842, 39.967017]]]]}}, {"type": "Feature", "properties": {"building": "yes", "source": "osm"}, "geometry": {"type": "MultiPolygon", "coordinates": [[[[116.3326422, 39.9715838], [116.3326706, 39.9713549], [116.3336674, 39.9714275], [116.333639, 39.9716566], [116.3331331, 39.9716196], [116.3330891, 39.9716164], [116.3326422, 39.9715838]]]]}}, {"type": "Feature", "properties": {"building": "yes", "source": "osm"}, "geometry": {"type": "MultiPolygon", "coordinates": [[[[116.3330802, 39.9717014], [116.3330891, 39.9716164], [116.3331331, 39.9716196], [116.3331243, 39.9716795], [116.3331313, 39.971688], [116.3331463, 39.9716925], [116.33323, 39.9716967], [116.3332246, 39.9717006], [116.3332184, 39.9717097], [116.3332162, 39.9717198], [116.3332183, 39.9717299], [116.333221, 39.9717339], [116.3331954, 39.9717315], [116.3331935, 39.9717486], [116.3331577, 39.9717454], [116.3331596, 39.9717295], [116.3331165, 39.971725], [116.3330976, 39.9717203], [116.3330868, 39.9717118], [116.3330802, 39.9717014]]]]}}, {"type": "Feature", "properties": {"building": "university", "name": "立德公寓", "source": "osm"}, "geometry": {"type": "MultiPolygon", "coordinates": [[[[116.3121061, 39.9672925], [116.3121411, 39.9671422], [116.3131429, 39.9672854], [116.3131324, 39.9673428], [116.3131277, 39.9673682], [116.3131447, 39.9673729], [116.3131362, 39.9674426], [116.3121061, 39.9672925]]]]}}, {"type": "Feature", "properties": {"building": "university", "name": "立德楼", "source": "osm"}, "geometry": {"type": "MultiPolygon", "coordinates": [[[[116.3132821, 39.9679668], [116.3133057, 39.96787], [116.313401, 39.9674799], [116.3134264, 39.9674831], [116.3134386, 39.9674519], [116.3136996, 39.9674889], [116.3138675, 39.9675127], [116.3138584, 39.9675337], [116.3138757, 39.9675376], [116.3136947, 39.9680073], [116.3136704, 39.9680042], [116.3136643, 39.9680236], [116.3135626, 39.9680096], [116.3135596, 39.9680213], [116.3133065, 39.9679863], [116.3133075, 39.9679715], [116.3132821, 39.9679668]]]]}}, {"type": "Feature", "properties": {"building": "university", "source": "osm"}, "geometry": {"type": "MultiPolygon", "coordinates": [[[[116.313216, 39.9678577], [116.3133113, 39.9674673], [116.3133339, 39.9673748], [116.3133492, 39.9673787], [116.3133522, 39.9673639], [116.3137151, 39.9674145], [116.3136996, 39.9674889], [116.3134386, 39.9674519], [116.3134264, 39.9674831], [116.313401, 39.9674799], [116.3133057, 39.96787], [116.313216, 39.9678577]]]]}}, {"type": "Feature", "properties": {"building": "university", "name": "理科一号楼", "source": "osm"}, "geometry": {"type": "MultiPolygon", "coordinates": [[[[116.3066954, 39.9898842], [116.3066989, 39.9898315], [116.3067146, 39.9898322], [116.3067229, 39.9897127], [116.3067393, 39.9897134], [116.3067457, 39.9896224], [116.3067292, 39.9896217], [116.306732, 39.9895823], [116.3067362, 39.9895231], [116.3067527, 39.9895238], [116.3067587, 39.9894405], [116.3067417, 39.9894398], [116.3067512, 39.9893083], [116.3067923, 39.9893101], [116.3067963, 39.989254], [116.3067552, 39.9892522], [116.3067652, 39.9891134], [116.3068063, 39.9891152], [116.306811, 39.9890515], [116.3067698, 39.9890498], [116.3067789, 39.9889236], [116.3069349, 39.9889302], [116.3069366, 39.9889074], [116.3074488, 39.9889291], [116.3074433, 39.9890047], [116.3074912, 39.9890067], [116.3074676, 39.9893341], [116.3074643, 39.9893794], [116.3075191, 39.9893817], [116.3075036, 39.9895968], [116.3077534, 39.9896074], [116.3077338, 39.9898784], [116.3075589, 39.989871], [116.3074853, 39.9899303], [116.3069849, 39.9899105], [116.3069829, 39.9899405], [116.3067328, 39.9899306], [116.3067359, 39.9898858], [116.3066954, 39.9898842]], [[116.3068868, 39.9897084], [116.3072741, 39.9897227], [116.3072894, 39.9894789], [116.3069021, 39.9894646], [116.3068868, 39.9897084]], [[116.3069839, 39.989297], [116.3073273, 39.9893086], [116.3073401, 39.9890871], [116.3069967, 39.9890755], [116.3069839, 39.989297]]]]}}, {"type": "Feature", "properties": {"building": "university", "name": "生命科学学院大楼", "source": "osm"}, "geometry": {"type": "MultiPolygon", "coordinates": [[[[116.3081543, 39.9913437], [116.3081668, 39.9909196], [116.3081841, 39.9909195], [116.3081843, 39.9908798], [116.3082306, 39.9908801], [116.3082302, 39.9908633], [116.30878, 39.990878], [116.3087532, 39.9912397], [116.3089302, 39.9912438], [116.3089247, 39.9913769], [116.308876, 39.991377], [116.3088735, 39.9914076], [116.3082369, 39.9913858], [116.3082388, 39.9913452], [116.3081543, 39.9913437]], [[116.3082821, 39.9911362], [116.3085771, 39.9911484], [116.3085909, 39.9909528], [116.3082958, 39.9909407], [116.3082821, 39.9911362]]]]}}, {"type": "Feature", "properties": {"building": "university", "name": "光华管理学院1号楼", "source": "osm"}, "geometry": {"type": "MultiPolygon", "coordinates": [[[[116.3053605, 39.9892643], [116.3053709, 39.9890984], [116.3054132, 39.9890999], [116.3054157, 39.9890586], [116.3062573, 39.9890893], [116.3062188, 39.9897081], [116.3061729, 39.9897065], [116.3061713, 39.989732], [116.3060109, 39.9897261], [116.3060125, 39.9897], [116.3059938, 39.9896994], [116.3059922, 39.9897253], [116.3057466, 39.9897162], [116.3057482, 39.9896895], [116.3057253, 39.9896887], [116.3057237, 39.9897152], [116.3054947, 39.9897068], [116.3054964, 39.9896795], [116.3053613, 39.9896746], [116.3053691, 39.9895493], [116.3055087, 39.9895544], [116.30551, 39.9895337], [116.3056359, 39.9895383], [116.3056523, 39.9892749], [116.3053605, 39.9892643]], [[116.3056927, 39.9895424], [116.3060341, 39.9895547], [116.3060491, 39.9893095], [116.3060749, 39.9893104], [116.3060761, 39.9892914], [116.3057087, 39.9892783], [116.3056927, 39.9895424]]]]}}, {"type": "Feature", "properties": {"building": "hospital", "name": "北京语言大学医院", "source": "osm"}, "geometry": {"type": "MultiPolygon", "coordinates": [[[[116.3362401, 39.9925918], [116.3362541, 39.9923732], [116.336444, 39.9923748], [116.3364429, 39.9924053], [116.3367508, 39.9924242], [116.3367594, 39.9923814], [116.3369396, 39.9923954], [116.3369203, 39.9926296], [116.3367336, 39.9926214], [116.3367347, 39.9925581], [116.33643, 39.9925516], [116.3364246, 39.9926042], [116.3362401, 39.9925918]]]]}}, {"type": "Feature", "properties": {"building": "yes", "source": "osm"}, "geometry": {"type": "MultiPolygon", "coordinates": [[[[116.3344716, 39.9931645], [116.3344772, 39.9929623], [116.3356735, 39.9929819], [116.3356679, 39.9931842], [116.3344716, 39.9931645]]]]}}, {"type": "Feature", "properties": {"building": "yes", "source": "osm"}, "geometry": {"type": "MultiPolygon", "coordinates": [[[[116.3324973, 39.9930144], [116.3325029, 39.9929083], [116.3332785, 39.992932], [116.3332776, 39.9929497], [116.333788, 39.9929644], [116.3337826, 39.9930739], [116.3332766, 39.9930594], [116.3332183, 39.9930365], [116.3324973, 39.9930144]]]]}}, {"type": "Feature", "properties": {"building": "yes", "source": "osm"}, "geometry": {"type": "MultiPolygon", "coordinates": [[[[116.3335668, 39.9937119], [116.3335892, 39.9931706], [116.3337268, 39.9931739], [116.3337044, 39.9937152], [116.3335668, 39.9937119]]]]}}, {"type": "Feature", "properties": {"building": "yes", "source": "osm"}, "geometry": {"type": "MultiPolygon", "coordinates": [[[[116.3325032, 39.9933142], [116.3325059, 39.9931962], [116.3332472, 39.9932062], [116.3332445, 39.9933241], [116.3325032, 39.9933142]]]]}}, {"type": "Feature", "properties": {"building": "yes", "source": "osm"}, "geometry": {"type": "MultiPolygon", "coordinates": [[[[116.3325028, 39.9937656], [116.3325175, 39.9934222], [116.3325515, 39.9934231], [116.3325523, 39.9934033], [116.3327031, 39.9934071], [116.3327234, 39.9934277], [116.3328944, 39.993432], [116.3328798, 39.9937751], [116.3325028, 39.9937656]]]]}}, {"type": "Feature", "properties": {"building": "yes", "source": "osm"}, "geometry": {"type": "MultiPolygon", "coordinates": [[[[116.3328125, 39.9939801], [116.332819, 39.9938116], [116.3337481, 39.9938247], [116.3337374, 39.9940006], [116.3328125, 39.9939801]]]]}}, {"type": "Feature", "properties": {"building": "yes", "source": "osm"}, "geometry": {"type": "MultiPolygon", "coordinates": [[[[116.3329381, 39.994285], [116.3329434, 39.9941815], [116.3336741, 39.9941954], [116.3336698, 39.9943015], [116.3329381, 39.994285]]]]}}, {"type": "Feature", "properties": {"building": "residential", "name": "10号楼", "source": "osm"}, "geometry": {"type": "MultiPolygon", "coordinates": [[[[116.333457, 39.9950642], [116.3334769, 39.994513], [116.3336341, 39.9945163], [116.3336141, 39.9950675], [116.333457, 39.9950642]]]]}}, {"type": "Feature", "properties": {"building": "residential", "name": "6号楼", "source": "osm"}, "geometry": {"type": "MultiPolygon", "coordinates": [[[[116.3324452, 39.9946069], [116.3324467, 39.994454], [116.3329784, 39.9944571], [116.3329781, 39.9944899], [116.3334058, 39.9944923], [116.3334041, 39.9946599], [116.332956, 39.9946573], [116.3329565, 39.9946099], [116.3324452, 39.9946069]]]]}}, {"type": "Feature", "properties": {"building": "yes", "source": "osm"}, "geometry": {"type": "MultiPolygon", "coordinates": [[[[116.3348297, 39.9940537], [116.3348608, 39.9937479], [116.3352771, 39.9937545], [116.3352396, 39.9940611], [116.3350926, 39.9940594], [116.3350851, 39.9940052], [116.3349842, 39.9940044], [116.3349853, 39.9940586], [116.3348297, 39.9940537]]]]}}, {"type": "Feature", "properties": {"building": "yes", "source": "osm"}, "geometry": {"type": "MultiPolygon", "coordinates": [[[[116.3358585, 39.9939822], [116.3358796, 39.9936454], [116.3360557, 39.9936519], [116.336048, 39.9937741], [116.3367587, 39.9938003], [116.3367668, 39.9936708], [116.3369659, 39.9936781], [116.3369449, 39.9940127], [116.3367516, 39.9940056], [116.336754, 39.9939679], [116.3360682, 39.9939427], [116.3360652, 39.9939898], [116.3358585, 39.9939822]]]]}}, {"type": "Feature", "properties": {"building": "yes", "source": "osm"}, "geometry": {"type": "MultiPolygon", "coordinates": [[[[116.3358775, 39.9935439], [116.335883, 39.9934328], [116.3369665, 39.9934643], [116.3369609, 39.9935755], [116.3358775, 39.9935439]]]]}}, {"type": "Feature", "properties": {"building": "yes", "source": "osm"}, "geometry": {"type": "MultiPolygon", "coordinates": [[[[116.3370808, 39.9949044], [116.3370858, 39.9947722], [116.3380316, 39.9947934], [116.3380266, 39.9949254], [116.3370808, 39.9949044]]]]}}, {"type": "Feature", "properties": {"building": "yes", "source": "osm"}, "geometry": {"type": "MultiPolygon", "coordinates": [[[[116.3061072, 39.9980687], [116.3061276, 39.9979504], [116.3070552, 39.998056], [116.3070386, 39.9981723], [116.3061072, 39.9980687]]]]}}, {"type": "Feature", "properties": {"building": "yes", "source": "osm"}, "geometry": {"type": "MultiPolygon", "coordinates": [[[[116.3066485, 39.9977836], [116.3066758, 39.9976595], [116.3070971, 39.9977139], [116.3071146, 39.9976343], [116.3070541, 39.9976265], [116.3070991, 39.9974224], [116.3071499, 39.997429], [116.3071617, 39.9973754], [116.3069444, 39.9973474], [116.3069739, 39.9972133], [116.3073352, 39.9972599], [116.3072042, 39.9978554], [116.3066485, 39.9977836]]]]}}, {"type": "Feature", "properties": {"building": "yes", "name": "海淀区体育运动与卫生健康促进中心", "office": "government", "source": "osm"}, "geometry": {"type": "MultiPolygon", "coordinates": [[[[116.3032902, 39.9849331], [116.3032967, 39.9847862], [116.3038125, 39.9847984], [116.3038152, 39.9847688], [116.304202, 39.9847754], [116.3041968, 39.9849218], [116.3038025, 39.9849117], [116.3038013, 39.9849482], [116.3032902, 39.9849331]]]]}}, {"type": "Feature", "properties": {"building": "yes", "name": "中成大厦", "source": "osm"}, "geometry": {"type": "MultiPolygon", "coordinates": [[[[116.3042861, 39.9849615], [116.3043028, 39.9845278], [116.3047853, 39.984536], [116.3047762, 39.9847672], [116.3051048, 39.984769], [116.3050979, 39.9849789], [116.3042861, 39.9849615]]]]}}, {"type": "Feature", "properties": {"building": "yes", "source": "osm"}, "geometry": {"type": "MultiPolygon", "coordinates": [[[[116.3328384, 39.9883437], [116.3328432, 39.9881975], [116.333439, 39.988209], [116.3334342, 39.9883552], [116.3328384, 39.9883437]]]]}}, {"type": "Feature", "properties": {"building": "yes", "source": "osm"}, "geometry": {"type": "MultiPolygon", "coordinates": [[[[116.3328589, 39.9879967], [116.3328622, 39.9878794], [116.3334583, 39.9878891], [116.333455, 39.9880065], [116.3328589, 39.9879967]]]]}}, {"type": "Feature", "properties": {"building": "yes", "source": "osm"}, "geometry": {"type": "MultiPolygon", "coordinates": [[[[116.332878, 39.9876621], [116.3328886, 39.9875412], [116.3334817, 39.9875716], [116.3334712, 39.9876925], [116.332878, 39.9876621]]]]}}, {"type": "Feature", "properties": {"building": "yes", "source": "osm"}, "geometry": {"type": "MultiPolygon", "coordinates": [[[[116.3347825, 39.9883456], [116.3348037, 39.9877306], [116.3349472, 39.9877335], [116.3349262, 39.9883485], [116.3347825, 39.9883456]]]]}}, {"type": "Feature", "properties": {"building": "yes", "source": "osm"}, "geometry": {"type": "MultiPolygon", "coordinates": [[[[116.3351043, 39.9879411], [116.335109, 39.9878313], [116.3366327, 39.9878698], [116.336628, 39.9879799], [116.3351043, 39.9879411]]]]}}, {"type": "Feature", "properties": {"building": "yes", "source": "osm"}, "geometry": {"type": "MultiPolygon", "coordinates": [[[[116.3351118, 39.9882417], [116.3351155, 39.988139], [116.3360379, 39.9881586], [116.3360342, 39.9882614], [116.3351118, 39.9882417]]]]}}, {"type": "Feature", "properties": {"building": "yes", "source": "osm"}, "geometry": {"type": "MultiPolygon", "coordinates": [[[[116.3361569, 39.988262], [116.3361616, 39.9881683], [116.336919, 39.9881905], [116.3369143, 39.9882842], [116.3361569, 39.988262]]]]}}, {"type": "Feature", "properties": {"building": "yes", "source": "osm"}, "geometry": {"type": "MultiPolygon", "coordinates": [[[[116.3359586, 39.9876177], [116.3359633, 39.9875111], [116.3366547, 39.9875289], [116.33665, 39.9876356], [116.3359586, 39.9876177]]]]}}, {"type": "Feature", "properties": {"building": "yes", "source": "osm"}, "geometry": {"type": "MultiPolygon", "coordinates": [[[[116.3272782, 39.9906079], [116.3273013, 39.9902624], [116.3276636, 39.9902767], [116.3276405, 39.9906221], [116.3272782, 39.9906079]]]]}}, {"type": "Feature", "properties": {"building": "yes", "source": "osm"}, "geometry": {"type": "MultiPolygon", "coordinates": [[[[116.3279193, 39.9906388], [116.3279424, 39.9902934], [116.3283047, 39.9903076], [116.3282817, 39.9906531], [116.3279193, 39.9906388]]]]}}, {"type": "Feature", "properties": {"building": "house", "source": "osm"}, "geometry": {"type": "MultiPolygon", "coordinates": [[[[116.3055319, 39.9963774], [116.3055558, 39.9962595], [116.3058542, 39.9962949], [116.3058303, 39.9964128], [116.305762, 39.9964047], [116.3057385, 39.9965206], [116.305996, 39.9965512], [116.3059727, 39.9966659], [116.3056131, 39.9966232], [116.3056363, 39.9965087], [116.30562, 39.9965068], [116.3056435, 39.9963906], [116.3055319, 39.9963774]]]]}}, {"type": "Feature", "properties": {"building": "house", "source": "osm"}, "geometry": {"type": "MultiPolygon", "coordinates": [[[[116.305157, 39.9965087], [116.3051708, 39.9964326], [116.3055649, 39.9964743], [116.3055511, 39.9965505], [116.305157, 39.9965087]]]]}}, {"type": "Feature", "properties": {"building": "house", "name": "历史学系", "office": "research", "source": "osm"}, "geometry": {"type": "MultiPolygon", "coordinates": [[[[116.3049929, 39.9959563], [116.3050163, 39.9958309], [116.3053909, 39.9958719], [116.305368, 39.9959944], [116.3052849, 39.9959853], [116.3052529, 39.9961571], [116.3052373, 39.9962405], [116.3052035, 39.9962368], [116.3051993, 39.9962591], [116.3053692, 39.9962778], [116.3053461, 39.9964011], [116.3050513, 39.9963688], [116.3050746, 39.9962441], [116.3049929, 39.9962351], [116.3050439, 39.9959618], [116.3049929, 39.9959563]]]]}}, {"type": "Feature", "properties": {"building": "house", "source": "osm"}, "geometry": {"type": "MultiPolygon", "coordinates": [[[[116.3056484, 39.9960306], [116.3056718, 39.9959056], [116.3058078, 39.9959205], [116.3058147, 39.9958837], [116.3061318, 39.9959184], [116.3061107, 39.9960317], [116.3058087, 39.9959986], [116.3057996, 39.9960472], [116.3056484, 39.9960306]]]]}}, {"type": "Feature", "properties": {"building": "house", "name": "李兆基人文学苑", "source": "osm"}, "geometry": {"type": "MultiPolygon", "coordinates": [[[[116.3052087, 39.9957849], [116.3052259, 39.9956953], [116.3054479, 39.9957204], [116.3054555, 39.9956807], [116.3056778, 39.9957059], [116.3056699, 39.9957466], [116.3057731, 39.9957583], [116.3057611, 39.9958206], [116.3056724, 39.9958105], [116.3056685, 39.9958306], [116.305421, 39.9958026], [116.3054233, 39.9957905], [116.3053527, 39.9957825], [116.3053492, 39.9958008], [116.3052087, 39.9957849]]]]}}, {"type": "Feature", "properties": {"building": "house", "name": "李兆基人文学苑", "source": "osm"}, "geometry": {"type": "MultiPolygon", "coordinates": [[[[116.3051612, 39.9956578], [116.3051828, 39.9955397], [116.3052645, 39.9955485], [116.305278, 39.9954746], [116.3054731, 39.9954955], [116.3054818, 39.9954475], [116.3057064, 39.9954716], [116.3056979, 39.995518], [116.3058207, 39.9955311], [116.3057883, 39.9957088], [116.305669, 39.995696], [116.3056851, 39.9956076], [116.3054653, 39.9955841], [116.305448, 39.9956785], [116.3053305, 39.995666], [116.3053488, 39.9955658], [116.3052861, 39.9955591], [116.305266, 39.995669], [116.3051612, 39.9956578]]]]}}, {"type": "Feature", "properties": {"building": "house", "name": "李兆基人文学苑", "source": "osm"}, "geometry": {"type": "MultiPolygon", "coordinates": [[[[116.3053737, 39.9954611], [116.3053902, 39.9953683], [116.3054378, 39.9953733], [116.3054503, 39.9953031], [116.3055316, 39.9953116], [116.3055347, 39.9952945], [116.3055896, 39.9953002], [116.3057021, 39.995312], [116.3056987, 39.9953311], [116.3057806, 39.9953396], [116.305769, 39.9954051], [116.3056934, 39.9953972], [116.30569, 39.9954161], [116.3055265, 39.995399], [116.3055298, 39.9953806], [116.3054527, 39.9953725], [116.3054357, 39.9954676], [116.3053737, 39.9954611]]]]}}, {"type": "Feature", "properties": {"building": "house", "source": "osm"}, "geometry": {"type": "MultiPolygon", "coordinates": [[[[116.3049332, 39.9951257], [116.3049604, 39.9949804], [116.3051945, 39.9950062], [116.3051673, 39.9951515], [116.3049332, 39.9951257]]]]}}, {"type": "Feature", "properties": {"building": "house", "source": "osm"}, "geometry": {"type": "MultiPolygon", "coordinates": [[[[116.3050491, 39.9949532], [116.3050705, 39.994841], [116.3053917, 39.994877], [116.3053703, 39.9949892], [116.3050491, 39.9949532]]]]}}, {"type": "Feature", "properties": {"building": "apartments", "name": "46楼", "source": "osm"}, "geometry": {"type": "MultiPolygon", "coordinates": [[[[116.2994188, 39.9875602], [116.299427, 39.9874075], [116.2995723, 39.9874121], [116.2995761, 39.9873415], [116.3002907, 39.987364], [116.3002844, 39.987483], [116.2995732, 39.9874607], [116.2995676, 39.9875648], [116.2994188, 39.9875602]]]]}}, {"type": "Feature", "properties": {"building": "apartments", "name": "47楼", "source": "osm"}, "geometry": {"type": "MultiPolygon", "coordinates": [[[[116.2995173, 39.9871272], [116.2995285, 39.9869739], [116.2996757, 39.9869801], [116.2996808, 39.9869107], [116.3003147, 39.9869377], [116.300306, 39.987058], [116.2996796, 39.9870313], [116.2996722, 39.9871338], [116.2995173, 39.9871272]]]]}}, {"type": "Feature", "properties": {"building": "apartments", "name": "48楼", "source": "osm"}, "geometry": {"type": "MultiPolygon", "coordinates": [[[[116.2995528, 39.9867592], [116.2995624, 39.9866055], [116.2997086, 39.9866109], [116.299713, 39.9865408], [116.3003327, 39.9865636], [116.3003251, 39.9866841], [116.2997119, 39.9866614], [116.2997054, 39.9867648], [116.2995528, 39.9867592]]]]}}, {"type": "Feature", "properties": {"building": "university", "name": "吕志和楼", "source": "osm"}, "geometry": {"type": "MultiPolygon", "coordinates": [[[[116.3066042, 39.9915012], [116.3066187, 39.9912974], [116.3066394, 39.9912982], [116.3066532, 39.9911048], [116.3066546, 39.9910859], [116.3066384, 39.9910853], [116.3066536, 39.9908733], [116.3074183, 39.9909055], [116.3074037, 39.991109], [116.3073879, 39.9911084], [116.3073723, 39.9913255], [116.3073962, 39.9913265], [116.3073815, 39.9915337], [116.3066042, 39.9915012]], [[116.3068404, 39.9912603], [116.3069852, 39.9912661], [116.3069996, 39.9912464], [116.3070576, 39.991269], [116.3071301, 39.9912719], [116.3071391, 39.9911386], [116.3069894, 39.9911327], [116.3069734, 39.9911546], [116.3069138, 39.9911297], [116.3068494, 39.9911271], [116.3068404, 39.9912603]]]]}}, {"type": "Feature", "properties": {"building": "house", "name": "顾颉刚故居", "source": "osm"}, "geometry": {"type": "MultiPolygon", "coordinates": [[[[116.3081425, 39.9944464], [116.3083307, 39.9940014], [116.3086103, 39.9940708], [116.3084219, 39.9945158], [116.3081425, 39.9944464]], [[116.3082482, 39.9943855], [116.3083791, 39.9944184], [116.308418, 39.9943274], [116.3082871, 39.9942945], [116.3082482, 39.9943855]], [[116.3083298, 39.9941928], [116.3084622, 39.9942258], [116.3085002, 39.9941365], [116.3083678, 39.9941034], [116.3083298, 39.9941928]]]]}}, {"type": "Feature", "properties": {"building": "yes", "source": "osm"}, "geometry": {"type": "MultiPolygon", "coordinates": [[[[116.2989601, 39.9906108], [116.2989898, 39.9901526], [116.2991846, 39.99016], [116.299155, 39.9906182], [116.2989601, 39.9906108]]]]}}, {"type": "Feature", "properties": {"building": "yes", "source": "osm"}, "geometry": {"type": "MultiPolygon", "coordinates": [[[[116.2997698, 39.9910189], [116.2997762, 39.990929], [116.3000064, 39.9909387], [116.3, 39.9910285], [116.2997698, 39.9910189]]]]}}, {"type": "Feature", "properties": {"building": "yes", "name": "全斋", "source": "osm"}, "geometry": {"type": "MultiPolygon", "coordinates": [[[[116.3031364, 39.994962], [116.3031729, 39.9946936], [116.3040916, 39.9947671], [116.3040551, 39.9950353], [116.3031364, 39.994962]], [[116.3032656, 39.9948761], [116.3035708, 39.9948986], [116.3035813, 39.9948153], [116.303276, 39.9947928], [116.3032656, 39.9948761]], [[116.3036338, 39.9949049], [116.3039473, 39.9949261], [116.303957, 39.9948421], [116.3036435, 39.9948208], [116.3036338, 39.9949049]]]]}}, {"type": "Feature", "properties": {"building": "yes", "name": "gate", "source": "osm"}, "geometry": {"type": "MultiPolygon", "coordinates": [[[[116.3269419, 39.9934282], [116.3269881, 39.9934282], [116.3269881, 39.9934565], [116.3269881, 39.9934758], [116.3269419, 39.9934734], [116.3269419, 39.9934544], [116.3269419, 39.9934282]]]]}}, {"type": "Feature", "properties": {"building": "yes", "name": "液晶大楼", "source": "osm"}, "geometry": {"type": "MultiPolygon", "coordinates": [[[[116.326917, 39.9959515], [116.3269385, 39.9954727], [116.3273719, 39.9954911], [116.3273862, 39.9952564], [116.3276115, 39.9952585], [116.3276732, 39.9952996], [116.3276866, 39.9953797], [116.3277402, 39.9954311], [116.3277398, 39.9955058], [116.3277183, 39.996114], [116.3271068, 39.9960933], [116.3271014, 39.9961755], [116.326944, 39.9961693], [116.3269548, 39.9959536], [116.326917, 39.9959515]], [[116.3271147, 39.9959379], [116.327522, 39.9959493], [116.3275361, 39.9956561], [116.3271288, 39.9956446], [116.3271147, 39.9959379]]]]}}, {"type": "Feature", "properties": {"building": "yes", "name": "东南小区科住物业服务中心", "source": "osm"}, "geometry": {"type": "MultiPolygon", "coordinates": [[[[116.3172045, 39.9768998], [116.3172084, 39.9767516], [116.317572, 39.9767571], [116.3175679, 39.9769146], [116.3174261, 39.9769124], [116.3174267, 39.9768883], [116.3173455, 39.976887], [116.3173451, 39.976902], [116.3172045, 39.9768998]]]]}}, {"type": "Feature", "properties": {"building": "yes", "source": "osm"}, "geometry": {"type": "MultiPolygon", "coordinates": [[[[116.3145518, 39.9859083], [116.3145644, 39.9857994], [116.3150963, 39.9858354], [116.3150838, 39.9859443], [116.3145518, 39.9859083]]]]}}, {"type": "Feature", "properties": {"building": "yes", "source": "osm"}, "geometry": {"type": "MultiPolygon", "coordinates": [[[[116.3145384, 39.9862233], [116.3145518, 39.9861067], [116.3151057, 39.9861441], [116.3150923, 39.9862608], [116.3145384, 39.9862233]]]]}}, {"type": "Feature", "properties": {"building": "yes", "source": "osm"}, "geometry": {"type": "MultiPolygon", "coordinates": [[[[116.3138397, 39.9861909], [116.3138535, 39.9860707], [116.3144007, 39.9861077], [116.3143869, 39.9862279], [116.3138397, 39.9861909]]]]}}, {"type": "Feature", "properties": {"building": "yes", "source": "osm"}, "geometry": {"type": "MultiPolygon", "coordinates": [[[[116.3114468, 39.9870197], [116.3114592, 39.9869112], [116.311765, 39.9869318], [116.3117526, 39.9870402], [116.3114468, 39.9870197]]]]}}, {"type": "Feature", "properties": {"building": "yes", "source": "osm"}, "geometry": {"type": "MultiPolygon", "coordinates": [[[[116.311154, 39.9863143], [116.3111655, 39.9862197], [116.3118844, 39.9862711], [116.3118729, 39.9863656], [116.311154, 39.9863143]]]]}}, {"type": "Feature", "properties": {"building": "yes", "source": "osm"}, "geometry": {"type": "MultiPolygon", "coordinates": [[[[116.3110623, 39.9857213], [116.3110728, 39.9856309], [116.3110864, 39.9855148], [116.3111986, 39.9855225], [116.3115801, 39.9855487], [116.3115665, 39.9856648], [116.3111851, 39.9856386], [116.3111745, 39.985729], [116.3110623, 39.9857213]]]]}}, {"type": "Feature", "properties": {"building": "yes", "source": "osm"}, "geometry": {"type": "MultiPolygon", "coordinates": [[[[116.314002, 39.9878391], [116.3140131, 39.9877406], [116.3147915, 39.9877924], [116.3147798, 39.9878905], [116.314002, 39.9878391]]]]}}, {"type": "Feature", "properties": {"building": "yes", "source": "osm"}, "geometry": {"type": "MultiPolygon", "coordinates": [[[[116.3147208, 39.9876521], [116.314733, 39.9875424], [116.3150844, 39.9875654], [116.3152507, 39.9875763], [116.3152385, 39.987686], [116.3147208, 39.9876521]]]]}}, {"type": "Feature", "properties": {"building": "yes", "source": "osm"}, "geometry": {"type": "MultiPolygon", "coordinates": [[[[116.3142286, 39.9873284], [116.3142403, 39.9872202], [116.3147741, 39.9872541], [116.3147624, 39.9873623], [116.3142286, 39.9873284]]]]}}, {"type": "Feature", "properties": {"building": "yes", "source": "osm"}, "geometry": {"type": "MultiPolygon", "coordinates": [[[[116.3136613, 39.9875668], [116.3136719, 39.9874646], [116.3142285, 39.9874985], [116.3142179, 39.9876007], [116.3136613, 39.9875668]]]]}}, {"type": "Feature", "properties": {"building": "yes", "source": "osm"}, "geometry": {"type": "MultiPolygon", "coordinates": [[[[116.3115346, 39.9867404], [116.3115451, 39.9866513], [116.3118576, 39.9866728], [116.3118471, 39.986762], [116.3115346, 39.9867404]]]]}}, {"type": "Feature", "properties": {"building": "yes", "source": "osm"}, "geometry": {"type": "MultiPolygon", "coordinates": [[[[116.311092, 39.9859949], [116.3111051, 39.9858757], [116.311887, 39.985926], [116.3118739, 39.9860452], [116.311092, 39.9859949]]]]}}, {"type": "Feature", "properties": {"building": "yes", "source": "osm"}, "geometry": {"type": "MultiPolygon", "coordinates": [[[[116.3135996, 39.9869287], [116.3136093, 39.9868373], [116.3139754, 39.9868599], [116.3139658, 39.9869513], [116.3135996, 39.9869287]]]]}}, {"type": "Feature", "properties": {"building": "yes", "source": "osm"}, "geometry": {"type": "MultiPolygon", "coordinates": [[[[116.3150425, 39.984874], [116.3150465, 39.9847526], [116.3155064, 39.9847616], [116.3155039, 39.9848345], [116.3156693, 39.9848377], [116.3156623, 39.9850501], [116.3154956, 39.9850468], [116.3155011, 39.9848829], [116.3150425, 39.984874]]]]}}, {"type": "Feature", "properties": {"building": "yes", "source": "osm"}, "geometry": {"type": "MultiPolygon", "coordinates": [[[[116.3143397, 39.9848288], [116.3143421, 39.9847332], [116.3148946, 39.9847414], [116.3148922, 39.984837], [116.3143397, 39.9848288]]]]}}, {"type": "Feature", "properties": {"building": "yes", "source": "osm"}, "geometry": {"type": "MultiPolygon", "coordinates": [[[[116.3139135, 39.9855405], [116.3139281, 39.9854202], [116.3144887, 39.9854603], [116.314474, 39.9855805], [116.3139135, 39.9855405]]]]}}, {"type": "Feature", "properties": {"building": "yes", "source": "osm"}, "geometry": {"type": "MultiPolygon", "coordinates": [[[[116.314635, 39.9853124], [116.3146491, 39.9851773], [116.3152412, 39.9852137], [116.315227, 39.9853487], [116.314635, 39.9853124]]]]}}, {"type": "Feature", "properties": {"building": "yes", "source": "osm"}, "geometry": {"type": "MultiPolygon", "coordinates": [[[[116.3146028, 39.9856145], [116.3146168, 39.9854804], [116.3151854, 39.9855154], [116.3151714, 39.9856494], [116.3146028, 39.9856145]]]]}}, {"type": "Feature", "properties": {"building": "apartments", "source": "osm"}, "geometry": {"type": "MultiPolygon", "coordinates": [[[[116.3111318, 39.984767], [116.3111357, 39.9846452], [116.311711, 39.984656], [116.3117071, 39.9847777], [116.3111318, 39.984767]]]]}}, {"type": "Feature", "properties": {"building": "apartments", "source": "osm"}, "geometry": {"type": "MultiPolygon", "coordinates": [[[[116.3151799, 39.9863265], [116.3151958, 39.9861936], [116.3153688, 39.9862058], [116.3154273, 39.9857179], [116.3152475, 39.9857052], [116.3152641, 39.9855663], [116.315609, 39.9855905], [116.3155182, 39.9863502], [116.3151799, 39.9863265]]]]}}, {"type": "Feature", "properties": {"building": "yes", "name": "生物物理小楼", "source": "osm"}, "geometry": {"type": "MultiPolygon", "coordinates": [[[[116.3135878, 39.9872558], [116.3136021, 39.9871371], [116.3139724, 39.9871633], [116.3139581, 39.987282], [116.3135878, 39.9872558]]]]}}, {"type": "Feature", "properties": {"building": "apartments", "source": "osm"}, "geometry": {"type": "MultiPolygon", "coordinates": [[[[116.3143013, 39.986925], [116.314313, 39.9868168], [116.3148468, 39.9868507], [116.3148351, 39.9869589], [116.3143013, 39.986925]]]]}}, {"type": "Feature", "properties": {"building": "yes", "source": "osm"}, "geometry": {"type": "MultiPolygon", "coordinates": [[[[116.3147798, 39.9878905], [116.3147915, 39.9877924], [116.3153758, 39.9878333], [116.3153251, 39.9882585], [116.3151581, 39.9882469], [116.315197, 39.9879196], [116.3147798, 39.9878905]]]]}}, {"type": "Feature", "properties": {"building": "apartments", "name": "科苑公寓", "source": "osm"}, "geometry": {"type": "MultiPolygon", "coordinates": [[[[116.3142423, 39.9850038], [116.3142531, 39.984877], [116.314663, 39.9848975], [116.3146542, 39.9850006], [116.3143707, 39.9849864], [116.3143572, 39.9851454], [116.314551, 39.9851551], [116.3145442, 39.9852355], [116.3143492, 39.9852257], [116.3143452, 39.9852727], [116.3145459, 39.9852827], [116.3145381, 39.9853741], [116.314255, 39.9853599], [116.3142852, 39.9850059], [116.3142423, 39.9850038]]]]}}, {"type": "Feature", "properties": {"building": "commercial", "source": "osm"}, "geometry": {"type": "MultiPolygon", "coordinates": [[[[116.332154, 39.9924756], [116.3321638, 39.9923872], [116.3325444, 39.9923961], [116.3325541, 39.9921192], [116.3325673, 39.9918255], [116.3328896, 39.9918321], [116.3328722, 39.9921262], [116.3328363, 39.9925017], [116.332154, 39.9924756]]]]}}, {"type": "Feature", "properties": {"building": "commercial", "source": "osm"}, "geometry": {"type": "MultiPolygon", "coordinates": [[[[116.3330391, 39.9928151], [116.333073, 39.9920711], [116.3338322, 39.9920696], [116.3337913, 39.9928298], [116.3330391, 39.9928151]]]]}}, {"type": "Feature", "properties": {"building": "commercial", "source": "osm"}, "geometry": {"type": "MultiPolygon", "coordinates": [[[[116.3335327, 39.9918048], [116.3339024, 39.9918144], [116.3338907, 39.9919725], [116.3338028, 39.991974], [116.3338138, 39.9918795], [116.3335355, 39.9918687], [116.3335327, 39.9918048]]]]}}, {"type": "Feature", "properties": {"building": "commercial", "source": "osm"}, "geometry": {"type": "MultiPolygon", "coordinates": [[[[116.3302052, 39.9923718], [116.3302091, 39.9921773], [116.3306368, 39.9921845], [116.3306256, 39.9923792], [116.3302052, 39.9923718]]]]}}, {"type": "Feature", "properties": {"building": "commercial", "source": "osm"}, "geometry": {"type": "MultiPolygon", "coordinates": [[[[116.3302028, 39.9924015], [116.3306261, 39.9924114], [116.3306261, 39.9924491], [116.3307401, 39.9924504], [116.3308697, 39.9924519], [116.3308662, 39.9926684], [116.3306002, 39.9926658], [116.330606, 39.9925488], [116.3304677, 39.9925475], [116.3304677, 39.9925117], [116.3302043, 39.9925108], [116.3302028, 39.9924015]]]]}}, {"type": "Feature", "properties": {"building": "commercial", "source": "osm"}, "geometry": {"type": "MultiPolygon", "coordinates": [[[[116.3284651, 39.992564], [116.3285074, 39.9918508], [116.3288875, 39.9918628], [116.3288365, 39.9925754], [116.3284651, 39.992564]]]]}}, {"type": "Feature", "properties": {"building": "commercial", "source": "osm"}, "geometry": {"type": "MultiPolygon", "coordinates": [[[[116.3284853, 39.9918426], [116.3284856, 39.9916914], [116.3289279, 39.9916952], [116.3289216, 39.9917812], [116.3287098, 39.9917751], [116.3287098, 39.9918054], [116.3286133, 39.9918037], [116.3286105, 39.9918436], [116.3284853, 39.9918426]]]]}}, {"type": "Feature", "properties": {"building": "commercial", "source": "osm"}, "geometry": {"type": "MultiPolygon", "coordinates": [[[[116.3284563, 39.9929912], [116.3284644, 39.9927975], [116.3284731, 39.9925875], [116.3287227, 39.9925906], [116.3287123, 39.9928048], [116.328703, 39.9929953], [116.3284563, 39.9929912]]]]}}, {"type": "Feature", "properties": {"building": "commercial", "source": "osm"}, "geometry": {"type": "MultiPolygon", "coordinates": [[[[116.3285113, 39.9932613], [116.3285202, 39.9930132], [116.3291106, 39.9930204], [116.3291021, 39.9932718], [116.3285113, 39.9932613]]]]}}, {"type": "Feature", "properties": {"building": "commercial", "source": "osm"}, "geometry": {"type": "MultiPolygon", "coordinates": [[[[116.3290616, 39.9929933], [116.3290668, 39.9927116], [116.3293086, 39.9927097], [116.3292963, 39.9929998], [116.3290616, 39.9929933]]]]}}, {"type": "Feature", "properties": {"building": "residential", "source": "osm"}, "geometry": {"type": "MultiPolygon", "coordinates": [[[[116.3293331, 39.9927564], [116.3293363, 39.9926951], [116.3297223, 39.9927013], [116.329715, 39.9927676], [116.3293331, 39.9927564]]]]}}, {"type": "Feature", "properties": {"building": "residential", "source": "osm"}, "geometry": {"type": "MultiPolygon", "coordinates": [[[[116.329715, 39.9927676], [116.3297223, 39.9927013], [116.330131, 39.9926983], [116.3301281, 39.9927744], [116.329715, 39.9927676]]]]}}, {"type": "Feature", "properties": {"building": "commercial", "source": "osm"}, "geometry": {"type": "MultiPolygon", "coordinates": [[[[116.3293273, 39.9931572], [116.3293482, 39.9927829], [116.3295466, 39.9927841], [116.3295369, 39.9929977], [116.3301368, 39.9930043], [116.3301293, 39.9931749], [116.3293273, 39.9931572]]]]}}, {"type": "Feature", "properties": {"building": "commercial", "source": "osm"}, "geometry": {"type": "MultiPolygon", "coordinates": [[[[116.3291672, 39.9933238], [116.3291742, 39.9931898], [116.3294478, 39.9931912], [116.3294443, 39.9932254], [116.3298462, 39.9932295], [116.3298435, 39.993394], [116.3294172, 39.9933858], [116.3294218, 39.9933309], [116.3291672, 39.9933238]]]]}}, {"type": "Feature", "properties": {"building": "residential", "source": "osm"}, "geometry": {"type": "MultiPolygon", "coordinates": [[[[116.3359383, 39.9932299], [116.3359453, 39.9931169], [116.3365956, 39.9931408], [116.3365885, 39.9932538], [116.3359383, 39.9932299]]]]}}, {"type": "Feature", "properties": {"building": "residential", "source": "osm"}, "geometry": {"type": "MultiPolygon", "coordinates": [[[[116.336628, 39.993256], [116.3366309, 39.9931448], [116.3370207, 39.9931508], [116.3370178, 39.993262], [116.336628, 39.993256]]]]}}, {"type": "Feature", "properties": {"building": "residential", "source": "osm"}, "geometry": {"type": "MultiPolygon", "coordinates": [[[[116.3359158, 39.9929095], [116.3359248, 39.9927755], [116.3370188, 39.9928186], [116.3370098, 39.9929528], [116.3359158, 39.9929095]]]]}}, {"type": "Feature", "properties": {"building": "residential", "source": "osm"}, "geometry": {"type": "MultiPolygon", "coordinates": [[[[116.3357696, 39.9948374], [116.3357744, 39.9947083], [116.3368941, 39.9947331], [116.3368893, 39.994862], [116.3357696, 39.9948374]]]]}}, {"type": "Feature", "properties": {"building": "residential", "source": "osm"}, "geometry": {"type": "MultiPolygon", "coordinates": [[[[116.3357867, 39.994477], [116.3357916, 39.9943458], [116.33663, 39.9943642], [116.3366251, 39.9944954], [116.3357867, 39.994477]]]]}}, {"type": "Feature", "properties": {"building": "yes", "name": "中国科学院物理研究所X楼", "office": "research", "source": "osm"}, "geometry": {"type": "MultiPolygon", "coordinates": [[[[116.3254161, 39.9815864], [116.3254268, 39.9813672], [116.3254288, 39.9813166], [116.3257884, 39.9813252], [116.3257781, 39.9815912], [116.3254161, 39.9815864]]]]}}, {"type": "Feature", "properties": {"building": "yes", "name": "中国科学院物理研究所B楼", "office": "research", "source": "osm"}, "geometry": {"type": "MultiPolygon", "coordinates": [[[[116.3222, 39.9833363], [116.3222115, 39.9829237], [116.3223155, 39.9829299], [116.322315, 39.9829522], [116.3224308, 39.9829601], [116.3224275, 39.9829931], [116.3224936, 39.9829972], [116.3224843, 39.9831554], [116.3222912, 39.9831452], [116.3222858, 39.9831657], [116.3231924, 39.983211], [116.3232595, 39.983287], [116.3231683, 39.9833692], [116.3222, 39.9833363]]]]}}, {"type": "Feature", "properties": {"building": "yes", "name": "中国科学院物理研究所C楼", "office": "research", "source": "osm"}, "geometry": {"type": "MultiPolygon", "coordinates": [[[[116.3226345, 39.983809], [116.3226479, 39.9836158], [116.3233185, 39.9836384], [116.3233319, 39.9834535], [116.3235384, 39.9834555], [116.3235116, 39.9838337], [116.3226345, 39.983809]]]]}}, {"type": "Feature", "properties": {"building": "yes", "name": "中国科学院物理研究所L楼", "office": "research", "source": "osm"}, "geometry": {"type": "MultiPolygon", "coordinates": [[[[116.3237101, 39.9838049], [116.3237181, 39.9836775], [116.324217, 39.983698], [116.3242036, 39.9838234], [116.3237101, 39.9838049]]]]}}, {"type": "Feature", "properties": {"building": "yes", "source": "osm"}, "geometry": {"type": "MultiPolygon", "coordinates": [[[[116.2963923, 39.9911215], [116.2964401, 39.9906917], [116.2968229, 39.9907167], [116.2967751, 39.9911464], [116.2963923, 39.9911215]]]]}}, {"type": "Feature", "properties": {"building": "industrial", "source": "osm"}, "geometry": {"type": "MultiPolygon", "coordinates": [[[[116.3339834, 39.9727424], [116.3340664, 39.9719957], [116.3343226, 39.9720123], [116.3342396, 39.9727646], [116.3339834, 39.9727424]]]]}}, {"type": "Feature", "properties": {"building": "transportation", "source": "osm"}, "geometry": {"type": "MultiPolygon", "coordinates": [[[[116.3362124, 39.9745113], [116.3364285, 39.9745099], [116.3364291, 39.9745622], [116.3362129, 39.9745635], [116.3362124, 39.9745113]]]]}}, {"type": "Feature", "properties": {"building": "transportation", "source": "osm"}, "geometry": {"type": "MultiPolygon", "coordinates": [[[[116.3354116, 39.9745017], [116.3356277, 39.9745003], [116.3356283, 39.9745526], [116.3354122, 39.9745539], [116.3354116, 39.9745017]]]]}}, {"type": "Feature", "properties": {"building": "yes", "name": "中水站", "source": "osm"}, "geometry": {"type": "MultiPolygon", "coordinates": [[[[116.2985744, 39.9950577], [116.2986403, 39.9950565], [116.2986397, 39.9950372], [116.2986985, 39.9950362], [116.298703, 39.9951869], [116.2986393, 39.995188], [116.2986388, 39.9951698], [116.2986103, 39.9951703], [116.2985777, 39.9951708], [116.2985744, 39.9950577]]]]}}, {"type": "Feature", "properties": {"building": "yes", "source": "osm"}, "geometry": {"type": "MultiPolygon", "coordinates": [[[[116.3002685, 39.9945496], [116.3002702, 39.9943829], [116.3004399, 39.9943839], [116.3004382, 39.9945507], [116.3002685, 39.9945496]]]]}}, {"type": "Feature", "properties": {"building": "yes", "source": "osm"}, "geometry": {"type": "MultiPolygon", "coordinates": [[[[116.3001903, 39.9952439], [116.3001921, 39.995132], [116.3004586, 39.9951344], [116.3004569, 39.9952463], [116.3003683, 39.9952455], [116.3002916, 39.9952448], [116.3001903, 39.9952439]]]]}}, {"type": "Feature", "properties": {"building": "yes", "name": "考古文博学院", "source": "osm"}, "geometry": {"type": "MultiPolygon", "coordinates": [[[[116.3001839, 39.9952943], [116.3002915, 39.9952942], [116.3003681, 39.9952941], [116.3005546, 39.9952939], [116.3005549, 39.9954719], [116.3004855, 39.995472], [116.300486, 39.995727], [116.3002573, 39.9957272], [116.3002569, 39.9954641], [116.3001842, 39.9954642], [116.3001839, 39.9952943]]]]}}, {"type": "Feature", "properties": {"building": "yes", "source": "osm"}, "geometry": {"type": "MultiPolygon", "coordinates": [[[[116.3002915, 39.9952942], [116.3002916, 39.9952448], [116.3003683, 39.9952455], [116.3003681, 39.9952941], [116.3002915, 39.9952942]]]]}}, {"type": "Feature", "properties": {"building": "yes", "source": "osm"}, "geometry": {"type": "MultiPolygon", "coordinates": [[[[116.3005373, 39.9958412], [116.3005398, 39.9957101], [116.3005401, 39.9956969], [116.3009035, 39.995701], [116.3009007, 39.9958454], [116.3005373, 39.9958412]]]]}}, {"type": "Feature", "properties": {"building": "yes", "name": "实验动物中心B座", "source": "osm"}, "geometry": {"type": "MultiPolygon", "coordinates": [[[[116.3001956, 39.995979], [116.3004277, 39.995969], [116.3004289, 39.9959533], [116.3004633, 39.9959295], [116.3005131, 39.9959137], [116.300563, 39.9959124], [116.3006111, 39.9959295], [116.3006661, 39.9959704], [116.3006679, 39.9960744], [116.3004656, 39.9960827], [116.3002009, 39.9960901], [116.3001956, 39.995979]]]]}}, {"type": "Feature", "properties": {"building": "yes", "source": "osm"}, "geometry": {"type": "MultiPolygon", "coordinates": [[[[116.3016304, 39.9947819], [116.3016329, 39.9946302], [116.301763, 39.9946312], [116.3017628, 39.9946443], [116.3017609, 39.9947831], [116.3016304, 39.9947819]]]]}}, {"type": "Feature", "properties": {"building": "yes", "source": "osm"}, "geometry": {"type": "MultiPolygon", "coordinates": [[[[116.302041, 39.9947855], [116.3020415, 39.994632], [116.3021637, 39.9946322], [116.3021632, 39.9947857], [116.302041, 39.9947855]]]]}}, {"type": "Feature", "properties": {"building": "yes", "source": "osm"}, "geometry": {"type": "MultiPolygon", "coordinates": [[[[116.3017609, 39.9947831], [116.3017628, 39.9946443], [116.301763, 39.9946312], [116.3020415, 39.994632], [116.302041, 39.9947855], [116.3017609, 39.9947831]]]]}}, {"type": "Feature", "properties": {"building": "yes", "source": "osm"}, "geometry": {"type": "MultiPolygon", "coordinates": [[[[116.3011542, 39.9945497], [116.3011567, 39.9944174], [116.3013454, 39.9944195], [116.3013446, 39.9944652], [116.3015177, 39.9944671], [116.301519, 39.9943941], [116.301654, 39.9943956], [116.301651, 39.9945552], [116.3011542, 39.9945497]]]]}}, {"type": "Feature", "properties": {"building": "yes", "source": "osm"}, "geometry": {"type": "MultiPolygon", "coordinates": [[[[116.3043211, 39.9971379], [116.3043511, 39.9969446], [116.3045278, 39.9969607], [116.3044978, 39.997154], [116.3043211, 39.9971379]]]]}}, {"type": "Feature", "properties": {"building": "yes", "source": "osm"}, "geometry": {"type": "MultiPolygon", "coordinates": [[[[116.3062779, 39.9971811], [116.3062965, 39.997077], [116.3068703, 39.997137], [116.3068518, 39.9972411], [116.3062779, 39.9971811]]]]}}, {"type": "Feature", "properties": {"building": "yes", "source": "osm"}, "geometry": {"type": "MultiPolygon", "coordinates": [[[[116.3041677, 39.9969094], [116.3041778, 39.9968485], [116.3043559, 39.9968658], [116.3043458, 39.9969268], [116.3042465, 39.9969181], [116.3041677, 39.9969094]]]]}}, {"type": "Feature", "properties": {"building": "yes", "source": "osm"}, "geometry": {"type": "MultiPolygon", "coordinates": [[[[116.3041188, 39.9971757], [116.3041289, 39.9971148], [116.304307, 39.9971321], [116.3042969, 39.9971931], [116.3041188, 39.9971757]]]]}}, {"type": "Feature", "properties": {"building": "yes", "source": "osm"}, "geometry": {"type": "MultiPolygon", "coordinates": [[[[116.3041446, 39.9968296], [116.3041703, 39.9966711], [116.3042086, 39.9966749], [116.3042997, 39.996683], [116.304274, 39.9968419], [116.3041446, 39.9968296]]]]}}, {"type": "Feature", "properties": {"building": "yes", "source": "osm"}, "geometry": {"type": "MultiPolygon", "coordinates": [[[[116.3039071, 39.9969307], [116.3039293, 39.9968169], [116.3041532, 39.9968426], [116.304131, 39.9969564], [116.3039071, 39.9969307]]]]}}, {"type": "Feature", "properties": {"building": "yes", "source": "osm"}, "geometry": {"type": "MultiPolygon", "coordinates": [[[[116.3038939, 39.9971415], [116.303897, 39.9971153], [116.3039043, 39.9970663], [116.3041125, 39.997085], [116.3040995, 39.9971618], [116.3038939, 39.9971415]]]]}}, {"type": "Feature", "properties": {"building": "yes", "source": "osm"}, "geometry": {"type": "MultiPolygon", "coordinates": [[[[116.3039635, 39.9966505], [116.3039754, 39.9965797], [116.3042206, 39.996604], [116.3042086, 39.9966749], [116.3041703, 39.9966711], [116.3039635, 39.9966505]]]]}}, {"type": "Feature", "properties": {"building": "yes", "source": "osm"}, "geometry": {"type": "MultiPolygon", "coordinates": [[[[116.3040031, 39.9965416], [116.3040267, 39.9964065], [116.3040865, 39.9964126], [116.3040628, 39.9965477], [116.3040031, 39.9965416]]]]}}, {"type": "Feature", "properties": {"building": "yes", "source": "osm"}, "geometry": {"type": "MultiPolygon", "coordinates": [[[[116.3037188, 39.9964198], [116.3037309, 39.9963643], [116.3039038, 39.9963864], [116.3038917, 39.9964419], [116.3037188, 39.9964198]]]]}}, {"type": "Feature", "properties": {"building": "yes", "source": "osm"}, "geometry": {"type": "MultiPolygon", "coordinates": [[[[116.3035968, 39.9971156], [116.3036097, 39.9970397], [116.3038194, 39.9970589], [116.3038121, 39.9971079], [116.3038084, 39.9971367], [116.3035968, 39.9971156]]]]}}, {"type": "Feature", "properties": {"building": "yes", "source": "osm"}, "geometry": {"type": "MultiPolygon", "coordinates": [[[[116.3036204, 39.9968974], [116.3036407, 39.996785], [116.3037227, 39.9967937], [116.3037333, 39.9967349], [116.3038368, 39.9967458], [116.303826, 39.996806], [116.303904, 39.9968143], [116.3038839, 39.9969254], [116.3036204, 39.9968974]]]]}}, {"type": "Feature", "properties": {"building": "yes", "source": "osm"}, "geometry": {"type": "MultiPolygon", "coordinates": [[[[116.3036922, 39.9966076], [116.3037075, 39.9965264], [116.3039454, 39.9965528], [116.3039301, 39.996634], [116.3036922, 39.9966076]]]]}}, {"type": "Feature", "properties": {"building": "yes", "source": "osm"}, "geometry": {"type": "MultiPolygon", "coordinates": [[[[116.3038121, 39.9971079], [116.3038194, 39.9970589], [116.3039043, 39.9970663], [116.303897, 39.9971153], [116.3038121, 39.9971079]]]]}}, {"type": "Feature", "properties": {"building": "yes", "source": "osm"}, "geometry": {"type": "MultiPolygon", "coordinates": [[[[116.3031874, 39.9970538], [116.3031997, 39.9969855], [116.303438, 39.997012], [116.3034248, 39.9970793], [116.3031874, 39.9970538]]]]}}, {"type": "Feature", "properties": {"building": "yes", "source": "osm"}, "geometry": {"type": "MultiPolygon", "coordinates": [[[[116.3034248, 39.9970793], [116.303438, 39.997012], [116.3035233, 39.9970218], [116.3035101, 39.9970891], [116.3034248, 39.9970793]]]]}}, {"type": "Feature", "properties": {"building": "yes", "source": "osm"}, "geometry": {"type": "MultiPolygon", "coordinates": [[[[116.3031045, 39.997045], [116.3031169, 39.9969767], [116.3031997, 39.9969855], [116.3031874, 39.9970538], [116.3031045, 39.997045]]]]}}, {"type": "Feature", "properties": {"building": "yes", "source": "osm"}, "geometry": {"type": "MultiPolygon", "coordinates": [[[[116.3031018, 39.9969511], [116.30312, 39.9968451], [116.3032055, 39.9968537], [116.3031859, 39.9969602], [116.3031018, 39.9969511]]]]}}, {"type": "Feature", "properties": {"building": "yes", "source": "osm"}, "geometry": {"type": "MultiPolygon", "coordinates": [[[[116.3034341, 39.996986], [116.3034536, 39.9968799], [116.303539, 39.9968894], [116.3035181, 39.9969951], [116.3034341, 39.996986]]]]}}, {"type": "Feature", "properties": {"building": "yes", "source": "osm"}, "geometry": {"type": "MultiPolygon", "coordinates": [[[[116.30312, 39.9968451], [116.3031317, 39.9967771], [116.3032603, 39.9967901], [116.3032498, 39.9968584], [116.3032055, 39.9968537], [116.30312, 39.9968451]]]]}}, {"type": "Feature", "properties": {"building": "yes", "source": "osm"}, "geometry": {"type": "MultiPolygon", "coordinates": [[[[116.3034095, 39.9968729], [116.3034204, 39.9968018], [116.3035527, 39.9968164], [116.303539, 39.9968894], [116.3034536, 39.9968799], [116.3034095, 39.9968729]]]]}}, {"type": "Feature", "properties": {"building": "yes", "source": "osm"}, "geometry": {"type": "MultiPolygon", "coordinates": [[[[116.3032498, 39.9968584], [116.3032603, 39.9967901], [116.3032681, 39.9967396], [116.3034278, 39.9967541], [116.3034204, 39.9968018], [116.3034095, 39.9968729], [116.3032498, 39.9968584]]]]}}, {"type": "Feature", "properties": {"building": "yes", "source": "osm"}, "geometry": {"type": "MultiPolygon", "coordinates": [[[[116.3031415, 39.9967247], [116.3031698, 39.9965622], [116.3032745, 39.9965729], [116.3032462, 39.9967354], [116.3031415, 39.9967247]]]]}}, {"type": "Feature", "properties": {"building": "yes", "source": "osm"}, "geometry": {"type": "MultiPolygon", "coordinates": [[[[116.3034462, 39.9967597], [116.3034745, 39.9965972], [116.3035792, 39.9966079], [116.3035508, 39.9967704], [116.3034462, 39.9967597]]]]}}, {"type": "Feature", "properties": {"building": "yes", "source": "osm"}, "geometry": {"type": "MultiPolygon", "coordinates": [[[[116.3031672, 39.9965487], [116.3031795, 39.9964804], [116.3032623, 39.9964892], [116.30325, 39.9965575], [116.3031672, 39.9965487]]]]}}, {"type": "Feature", "properties": {"building": "yes", "source": "osm"}, "geometry": {"type": "MultiPolygon", "coordinates": [[[[116.30325, 39.9965575], [116.3032623, 39.9964892], [116.3035007, 39.9965158], [116.3034875, 39.9965831], [116.30325, 39.9965575]]]]}}, {"type": "Feature", "properties": {"building": "yes", "source": "osm"}, "geometry": {"type": "MultiPolygon", "coordinates": [[[[116.3034875, 39.9965831], [116.3035007, 39.9965158], [116.3035859, 39.9965256], [116.3035727, 39.9965929], [116.3034875, 39.9965831]]]]}}, {"type": "Feature", "properties": {"building": "yes", "source": "osm"}, "geometry": {"type": "MultiPolygon", "coordinates": [[[[116.3031873, 39.9964577], [116.303211, 39.9963073], [116.3032966, 39.9963152], [116.3032729, 39.9964657], [116.3031873, 39.9964577]]]]}}, {"type": "Feature", "properties": {"building": "yes", "source": "osm"}, "geometry": {"type": "MultiPolygon", "coordinates": [[[[116.3035091, 39.9964906], [116.3035328, 39.9963401], [116.3036184, 39.9963481], [116.3035947, 39.9964985], [116.3035091, 39.9964906]]]]}}, {"type": "Feature", "properties": {"building": "yes", "source": "osm"}, "geometry": {"type": "MultiPolygon", "coordinates": [[[[116.3032207, 39.9962851], [116.3032339, 39.9962036], [116.3036268, 39.9962409], [116.3036136, 39.9963225], [116.3032207, 39.9962851]]]]}}, {"type": "Feature", "properties": {"building": "yes", "source": "osm"}, "geometry": {"type": "MultiPolygon", "coordinates": [[[[116.3028909, 39.9969172], [116.3029006, 39.9968479], [116.3030237, 39.996858], [116.303014, 39.9969273], [116.3028909, 39.9969172]]]]}}, {"type": "Feature", "properties": {"building": "yes", "source": "osm"}, "geometry": {"type": "MultiPolygon", "coordinates": [[[[116.303014, 39.9969273], [116.3030237, 39.996858], [116.3030452, 39.9967151], [116.3031142, 39.9967218], [116.3030847, 39.9969339], [116.303014, 39.9969273]]]]}}, {"type": "Feature", "properties": {"building": "yes", "source": "osm"}, "geometry": {"type": "MultiPolygon", "coordinates": [[[[116.302931, 39.9967041], [116.3029448, 39.9966197], [116.3031281, 39.9966373], [116.3031142, 39.9967218], [116.3030452, 39.9967151], [116.302931, 39.9967041]]]]}}, {"type": "Feature", "properties": {"building": "yes", "source": "osm"}, "geometry": {"type": "MultiPolygon", "coordinates": [[[[116.3028459, 39.9965105], [116.3028604, 39.9964009], [116.3030638, 39.9964167], [116.3030492, 39.9965263], [116.3028459, 39.9965105]]]]}}, {"type": "Feature", "properties": {"building": "yes", "source": "osm"}, "geometry": {"type": "MultiPolygon", "coordinates": [[[[116.3030812, 39.9963979], [116.3030977, 39.996274], [116.303174, 39.9962799], [116.3031575, 39.9964038], [116.3030812, 39.9963979]]]]}}, {"type": "Feature", "properties": {"building": "yes", "source": "osm"}, "geometry": {"type": "MultiPolygon", "coordinates": [[[[116.3027732, 39.9963776], [116.3027897, 39.9962537], [116.302866, 39.9962596], [116.3028495, 39.9963835], [116.3027732, 39.9963776]]]]}}, {"type": "Feature", "properties": {"building": "yes", "source": "osm"}, "geometry": {"type": "MultiPolygon", "coordinates": [[[[116.3027837, 39.9962462], [116.3027922, 39.9961776], [116.3028755, 39.9961836], [116.3028669, 39.9962523], [116.3027837, 39.9962462]]]]}}, {"type": "Feature", "properties": {"building": "yes", "source": "osm"}, "geometry": {"type": "MultiPolygon", "coordinates": [[[[116.3028669, 39.9962523], [116.3028755, 39.9961836], [116.3031151, 39.9962024], [116.3031056, 39.9962701], [116.3028669, 39.9962523]]]]}}, {"type": "Feature", "properties": {"building": "yes", "source": "osm"}, "geometry": {"type": "MultiPolygon", "coordinates": [[[[116.3031056, 39.9962701], [116.3031151, 39.9962024], [116.3032008, 39.9962094], [116.3031913, 39.9962771], [116.3031056, 39.9962701]]]]}}, {"type": "Feature", "properties": {"building": "yes", "source": "osm"}, "geometry": {"type": "MultiPolygon", "coordinates": [[[[116.3041537, 39.9960689], [116.3041594, 39.9960249], [116.3042163, 39.9960292], [116.3043634, 39.9960402], [116.304411, 39.9960441], [116.3044052, 39.996088], [116.3041537, 39.9960689]]]]}}, {"type": "Feature", "properties": {"building": "yes", "source": "osm"}, "geometry": {"type": "MultiPolygon", "coordinates": [[[[116.3043634, 39.9960402], [116.304377, 39.9959408], [116.3044245, 39.9959446], [116.304411, 39.9960441], [116.3043634, 39.9960402]]]]}}, {"type": "Feature", "properties": {"building": "yes", "source": "osm"}, "geometry": {"type": "MultiPolygon", "coordinates": [[[[116.3041594, 39.9960249], [116.3041738, 39.9959395], [116.3042303, 39.995945], [116.3042163, 39.9960292], [116.3041594, 39.9960249]]]]}}, {"type": "Feature", "properties": {"building": "yes", "name": "外国语学院", "source": "osm"}, "geometry": {"type": "MultiPolygon", "coordinates": [[[[116.3063211, 39.9969238], [116.30643, 39.99624], [116.3068072, 39.9962753], [116.3066972, 39.996966], [116.3066423, 39.9969609], [116.3066352, 39.9970054], [116.3064065, 39.996984], [116.3064147, 39.9969326], [116.3063211, 39.9969238]]]]}}, {"type": "Feature", "properties": {"building": "apartments", "source": "osm"}, "geometry": {"type": "MultiPolygon", "coordinates": [[[[116.3285299, 39.9899421], [116.3285339, 39.9898542], [116.3286348, 39.9898569], [116.328637, 39.989808], [116.3285886, 39.9898067], [116.3285937, 39.9896952], [116.3286492, 39.9896967], [116.3286528, 39.989617], [116.3288581, 39.9896224], [116.3288535, 39.9897256], [116.3288946, 39.9897267], [116.3288908, 39.989813], [116.3288475, 39.9898268], [116.3288451, 39.9898783], [116.3289283, 39.9898806], [116.328925, 39.9899527], [116.3285299, 39.9899421]]]]}}, {"type": "Feature", "properties": {"building": "apartments", "source": "osm"}, "geometry": {"type": "MultiPolygon", "coordinates": [[[[116.3291633, 39.9898743], [116.3291704, 39.9897717], [116.329237, 39.9897744], [116.3292385, 39.9897527], [116.3292031, 39.9897512], [116.3292161, 39.9895642], [116.3294842, 39.9895751], [116.3294689, 39.989795], [116.3295693, 39.9897991], [116.329563, 39.9898906], [116.3291633, 39.9898743]]]]}}, {"type": "Feature", "properties": {"building": "apartments", "source": "osm"}, "geometry": {"type": "MultiPolygon", "coordinates": [[[[116.3299187, 39.9894208], [116.3299222, 39.9893136], [116.3300622, 39.9893163], [116.3300633, 39.9892823], [116.3300208, 39.9892939], [116.3300296, 39.9890497], [116.3303386, 39.9890562], [116.3303311, 39.9892674], [116.330263, 39.989266], [116.3302624, 39.9892838], [116.3303189, 39.9892849], [116.3303141, 39.9894285], [116.3299187, 39.9894208]]]]}}, {"type": "Feature", "properties": {"building": "office", "source": "osm"}, "geometry": {"type": "MultiPolygon", "coordinates": [[[[116.3297841, 39.985987], [116.3298446, 39.985732], [116.3308408, 39.9858709], [116.3307803, 39.9861258], [116.3297841, 39.985987]]]]}}, {"type": "Feature", "properties": {"building": "train_station", "source": "osm"}, "geometry": {"type": "MultiPolygon", "coordinates": [[[[116.3330009, 39.9993853], [116.3330088, 39.9991842], [116.3342873, 39.9992135], [116.3342794, 39.9994149], [116.3330009, 39.9993853]]]]}}, {"type": "Feature", "properties": {"building": "school", "name": "国际部", "source": "osm"}, "geometry": {"type": "MultiPolygon", "coordinates": [[[[116.2959364, 39.9997012], [116.2959791, 39.9993069], [116.2969387, 39.9993678], [116.2969221, 39.9995209], [116.2961246, 39.9994702], [116.2961202, 39.9995106], [116.2960984, 39.9997115], [116.2959364, 39.9997012]]]]}}, {"type": "Feature", "properties": {"building": "school", "name": "教学楼", "source": "osm"}, "geometry": {"type": "MultiPolygon", "coordinates": [[[[116.2969711, 39.9995272], [116.2969892, 39.9993776], [116.2972279, 39.9993945], [116.2972298, 39.9993787], [116.2969898, 39.9993616], [116.2970059, 39.9992284], [116.2972148, 39.9992432], [116.2972097, 39.9992849], [116.2974912, 39.9993049], [116.29748, 39.9993974], [116.2973006, 39.9993847], [116.2972993, 39.9993957], [116.297477, 39.9994083], [116.2974584, 39.9995618], [116.2969711, 39.9995272]]]]}}, {"type": "Feature", "properties": {"building": "school", "name": "传达室", "source": "osm"}, "geometry": {"type": "MultiPolygon", "coordinates": [[[[116.2978249, 39.999716], [116.2978483, 39.9994102], [116.2979923, 39.9994166], [116.2979871, 39.9994847], [116.2979764, 39.9996255], [116.2979689, 39.9997225], [116.2978249, 39.999716]]]]}}, {"type": "Feature", "properties": {"building": "yes", "source": "osm"}, "geometry": {"type": "MultiPolygon", "coordinates": [[[[116.2982609, 39.9994318], [116.2982771, 39.9993023], [116.2989226, 39.9993495], [116.2989064, 39.9994792], [116.2982609, 39.9994318]]]]}}, {"type": "Feature", "properties": {"building": "dormitory", "name": "2 号楼", "source": "osm"}, "geometry": {"type": "MultiPolygon", "coordinates": [[[[116.2969984, 39.9904289], [116.2970305, 39.9901207], [116.2971108, 39.9901256], [116.2971072, 39.99016], [116.2971204, 39.9901608], [116.2971236, 39.9901305], [116.2975792, 39.9901586], [116.2975737, 39.990211], [116.2979667, 39.9902352], [116.2979696, 39.9902075], [116.297944, 39.9902059], [116.2979458, 39.9901886], [116.2978684, 39.9901839], [116.2978843, 39.9900301], [116.2980918, 39.9900427], [116.2980534, 39.990413], [116.2979421, 39.9904063], [116.297945, 39.9903777], [116.2976374, 39.9903591], [116.2976392, 39.9903411], [116.2975461, 39.9903356], [116.2975506, 39.9902907], [116.297523, 39.9902891], [116.2975213, 39.9903053], [116.297121, 39.9902821], [116.2971182, 39.9903096], [116.2971888, 39.9903137], [116.2971761, 39.9904424], [116.2969984, 39.9904289]]]]}}, {"type": "Feature", "properties": {"building": "yes", "source": "osm"}, "geometry": {"type": "MultiPolygon", "coordinates": [[[[116.2964819, 39.9965542], [116.2965089, 39.9962801], [116.2976988, 39.9963487], [116.2976813, 39.9965264], [116.2976718, 39.996623], [116.2964819, 39.9965542]]]]}}, {"type": "Feature", "properties": {"building": "yes", "source": "osm"}, "geometry": {"type": "MultiPolygon", "coordinates": [[[[116.2980166, 39.9963813], [116.2980817, 39.9963811], [116.2980823, 39.9964788], [116.2980172, 39.996479], [116.2980166, 39.9963813]]]]}}, {"type": "Feature", "properties": {"building": "yes", "source": "osm"}, "geometry": {"type": "MultiPolygon", "coordinates": [[[[116.2977718, 39.9965272], [116.2977798, 39.996453], [116.2979134, 39.9964615], [116.2979054, 39.9965357], [116.2977718, 39.9965272]]]]}}, {"type": "Feature", "properties": {"building": "school", "name": "知行楼", "source": "osm"}, "geometry": {"type": "MultiPolygon", "coordinates": [[[[116.316308, 39.9940784], [116.3163103, 39.9940637], [116.3163165, 39.9940235], [116.3163797, 39.9940011], [116.3164405, 39.9940329], [116.3164382, 39.994053], [116.3167317, 39.9940719], [116.3167409, 39.9940241], [116.3167933, 39.9939993], [116.3168422, 39.9940223], [116.3168791, 39.9940074], [116.3169422, 39.9940297], [116.3169359, 39.9940755], [116.3168712, 39.9941017], [116.3168443, 39.9940935], [116.3168148, 39.9941044], [116.3168139, 39.9941913], [116.3167841, 39.9941836], [116.3167301, 39.9942009], [116.3166808, 39.9941735], [116.3166277, 39.9941974], [116.3165735, 39.9941691], [116.3165221, 39.9941926], [116.3164652, 39.9941628], [116.3164082, 39.9941796], [116.3163583, 39.9941498], [116.316365, 39.9941043], [116.316308, 39.9940784]]]]}}, {"type": "Feature", "properties": {"building": "yes", "source": "osm"}, "geometry": {"type": "MultiPolygon", "coordinates": [[[[116.295653, 39.9994281], [116.2956701, 39.9992519], [116.295866, 39.999263], [116.2958489, 39.9994392], [116.295653, 39.9994281]]]]}}, {"type": "Feature", "properties": {"building": "yes", "source": "osm"}, "geometry": {"type": "MultiPolygon", "coordinates": [[[[116.2947433, 39.9996424], [116.2947599, 39.9994777], [116.2954057, 39.999516], [116.2953891, 39.9996808], [116.2947433, 39.9996424]]]]}}, {"type": "Feature", "properties": {"building": "yes", "source": "osm"}, "geometry": {"type": "MultiPolygon", "coordinates": [[[[116.2940042, 39.9997105], [116.2940736, 39.9992728], [116.2942206, 39.9992865], [116.2941513, 39.9997242], [116.2940042, 39.9997105]]]]}}, {"type": "Feature", "properties": {"building": "yes", "source": "osm"}, "geometry": {"type": "MultiPolygon", "coordinates": [[[[116.2951845, 39.99948], [116.2952331, 39.9991045], [116.2954649, 39.9991221], [116.2954163, 39.9994976], [116.2951845, 39.99948]]]]}}, {"type": "Feature", "properties": {"building": "yes", "source": "osm"}, "geometry": {"type": "MultiPolygon", "coordinates": [[[[116.2949538, 39.9990673], [116.2949698, 39.998979], [116.2952108, 39.9990046], [116.2951948, 39.9990929], [116.2949538, 39.9990673]]]]}}, {"type": "Feature", "properties": {"building": "yes", "source": "osm"}, "geometry": {"type": "MultiPolygon", "coordinates": [[[[116.2937524, 39.9989702], [116.2937703, 39.9988962], [116.2938798, 39.9989117], [116.2938929, 39.9988577], [116.2940165, 39.9988752], [116.2940091, 39.9989055], [116.2941108, 39.9989199], [116.2940871, 39.9990177], [116.2937524, 39.9989702]]]]}}, {"type": "Feature", "properties": {"building": "yes", "source": "osm"}, "geometry": {"type": "MultiPolygon", "coordinates": [[[[116.2937325, 39.9992146], [116.2937462, 39.9991401], [116.2940273, 39.9991704], [116.2940137, 39.9992447], [116.2937325, 39.9992146]]]]}}, {"type": "Feature", "properties": {"building": "yes", "source": "osm"}, "geometry": {"type": "MultiPolygon", "coordinates": [[[[116.2940838, 39.9992291], [116.2940854, 39.9991658], [116.2942205, 39.9991678], [116.2942189, 39.9992311], [116.2940838, 39.9992291]]]]}}, {"type": "Feature", "properties": {"building": "yes", "source": "osm"}, "geometry": {"type": "MultiPolygon", "coordinates": [[[[116.2941378, 39.9990603], [116.2941909, 39.9987921], [116.2942866, 39.9988032], [116.2942335, 39.9990714], [116.2941378, 39.9990603]]]]}}, {"type": "Feature", "properties": {"building": "yes", "source": "osm"}, "geometry": {"type": "MultiPolygon", "coordinates": [[[[116.2955822, 39.9986372], [116.2956, 39.9984902], [116.2965952, 39.9985611], [116.2965773, 39.9987079], [116.2955822, 39.9986372]]]]}}, {"type": "Feature", "properties": {"building": "yes", "source": "osm"}, "geometry": {"type": "MultiPolygon", "coordinates": [[[[116.2929969, 39.9949222], [116.2930089, 39.9948305], [116.2930482, 39.9947948], [116.2930912, 39.9947811], [116.293363, 39.9948168], [116.2934381, 39.9949031], [116.293869, 39.9949126], [116.293987, 39.9949853], [116.2939745, 39.99504], [116.293996, 39.9950565], [116.2941235, 39.9950662], [116.2941123, 39.9951526], [116.2938651, 39.9951338], [116.2938764, 39.9950462], [116.2934432, 39.9950132], [116.2934465, 39.9949882], [116.2930634, 39.9949589], [116.2930674, 39.9949276], [116.2929969, 39.9949222]]]]}}, {"type": "Feature", "properties": {"building": "yes", "source": "osm"}, "geometry": {"type": "MultiPolygon", "coordinates": [[[[116.293624, 39.9944222], [116.293742, 39.9941619], [116.2941623, 39.9942099], [116.2940925, 39.9944592], [116.293948, 39.9944386], [116.2937897, 39.9944215], [116.293624, 39.9944222]]]]}}, {"type": "Feature", "properties": {"building": "yes", "source": "osm"}, "geometry": {"type": "MultiPolygon", "coordinates": [[[[116.2940298, 39.9933452], [116.2941014, 39.9933261], [116.2941346, 39.9933993], [116.2940631, 39.9934183], [116.2940298, 39.9933452]]]]}}, {"type": "Feature", "properties": {"building": "stadium", "source": "osm"}, "geometry": {"type": "MultiPolygon", "coordinates": [[[[116.2975234, 39.9750591], [116.2976721, 39.9749588], [116.2977252, 39.9750564], [116.2975234, 39.9750591]]]]}}, {"type": "Feature", "properties": {"building": "stadium", "source": "osm"}, "geometry": {"type": "MultiPolygon", "coordinates": [[[[116.2979304, 39.9750781], [116.2979835, 39.9749804], [116.2980897, 39.9751025], [116.2979304, 39.9750781]]]]}}, {"type": "Feature", "properties": {"building": "yes", "source": "osm"}, "geometry": {"type": "MultiPolygon", "coordinates": [[[[116.2943237, 39.9909544], [116.2944463, 39.9908618], [116.2945493, 39.9909419], [116.2950274, 39.9909494], [116.2950242, 39.9910691], [116.2944598, 39.9910602], [116.2943237, 39.9909544]]]]}}, {"type": "Feature", "properties": {"building": "apartments", "source": "osm"}, "geometry": {"type": "MultiPolygon", "coordinates": [[[[116.2967383, 39.9697877], [116.2968024, 39.9696571], [116.296968, 39.9697049], [116.2974764, 39.9698515], [116.2974123, 39.9699821], [116.2967383, 39.9697877]]]]}}, {"type": "Feature", "properties": {"building": "apartments", "source": "osm"}, "geometry": {"type": "MultiPolygon", "coordinates": [[[[116.2968024, 39.9696571], [116.2970517, 39.9691294], [116.2972179, 39.9691755], [116.296968, 39.9697049], [116.2968024, 39.9696571]]]]}}, {"type": "Feature", "properties": {"building": "apartments", "source": "osm"}, "geometry": {"type": "MultiPolygon", "coordinates": [[[[116.2971915, 39.9686538], [116.2972473, 39.9685356], [116.2978328, 39.9686987], [116.2977754, 39.9688163], [116.2971915, 39.9686538]]]]}}, {"type": "Feature", "properties": {"building": "apartments", "source": "osm"}, "geometry": {"type": "MultiPolygon", "coordinates": [[[[116.2977754, 39.9688163], [116.2978328, 39.9686987], [116.2984497, 39.9688757], [116.2983923, 39.9689933], [116.2977754, 39.9688163]]]]}}, {"type": "Feature", "properties": {"building": "yes", "source": "osm"}, "geometry": {"type": "MultiPolygon", "coordinates": [[[[116.3160381, 39.9680994], [116.3160441, 39.9679876], [116.3167492, 39.9680101], [116.316744, 39.9681061], [116.3167924, 39.9681077], [116.3167835, 39.9682723], [116.3166095, 39.9682668], [116.3166149, 39.9681676], [116.3166971, 39.9681702], [116.3166998, 39.9681205], [116.3160381, 39.9680994]]]]}}, {"type": "Feature", "properties": {"building": "yes", "source": "osm"}, "geometry": {"type": "MultiPolygon", "coordinates": [[[[116.3160537, 39.9677853], [116.3160584, 39.9676664], [116.3168488, 39.9676849], [116.3168441, 39.9678038], [116.3160537, 39.9677853]]]]}}, {"type": "Feature", "properties": {"building": "yes", "source": "osm"}, "geometry": {"type": "MultiPolygon", "coordinates": [[[[116.3160249, 39.9685459], [116.3160296, 39.968427], [116.3168199, 39.9684455], [116.3168152, 39.9685644], [116.3160249, 39.9685459]]]]}}, {"type": "Feature", "properties": {"building": "yes", "source": "osm"}, "geometry": {"type": "MultiPolygon", "coordinates": [[[[116.3150712, 39.9681587], [116.3150801, 39.967994], [116.3151286, 39.9679956], [116.3151338, 39.9678995], [116.3158389, 39.967922], [116.3158328, 39.9680338], [116.3151711, 39.9680127], [116.3151684, 39.9680624], [116.3152506, 39.9680651], [116.3152452, 39.9681642], [116.3150712, 39.9681587]]]]}}, {"type": "Feature", "properties": {"building": "yes", "source": "osm"}, "geometry": {"type": "MultiPolygon", "coordinates": [[[[116.3153586, 39.9676826], [116.315364, 39.9675928], [116.3157525, 39.9676065], [116.3157471, 39.9676963], [116.3153586, 39.9676826]]]]}}, {"type": "Feature", "properties": {"building": "apartments", "source": "osm"}, "geometry": {"type": "MultiPolygon", "coordinates": [[[[116.3203491, 39.9687115], [116.3203526, 39.9686132], [116.3207594, 39.9686215], [116.3207559, 39.9687198], [116.3203491, 39.9687115]]]]}}, {"type": "Feature", "properties": {"building": "apartments", "source": "osm"}, "geometry": {"type": "MultiPolygon", "coordinates": [[[[116.3203824, 39.9684461], [116.3203852, 39.9683448], [116.3208633, 39.9683526], [116.3208605, 39.9684539], [116.3203824, 39.9684461]]]]}}, {"type": "Feature", "properties": {"building": "apartments", "source": "osm"}, "geometry": {"type": "MultiPolygon", "coordinates": [[[[116.3217538, 39.9735903], [116.3217572, 39.9734794], [116.3224405, 39.9734917], [116.3224371, 39.9736024], [116.3217538, 39.9735903]]]]}}, {"type": "Feature", "properties": {"building": "apartments", "source": "osm"}, "geometry": {"type": "MultiPolygon", "coordinates": [[[[116.3217292, 39.9739281], [116.3217325, 39.9738172], [116.3224158, 39.9738295], [116.3224125, 39.9739402], [116.3217292, 39.9739281]]]]}}, {"type": "Feature", "properties": {"building": "hotel", "name": "4号楼", "source": "osm"}, "geometry": {"type": "MultiPolygon", "coordinates": [[[[116.3361621, 39.9962776], [116.3361688, 39.9959382], [116.3364009, 39.9959409], [116.3363942, 39.9962803], [116.3361621, 39.9962776]]]]}}, {"type": "Feature", "properties": {"building": "hotel;yes", "name": "2号楼", "source": "osm"}, "geometry": {"type": "MultiPolygon", "coordinates": [[[[116.3358594, 39.9964232], [116.3358667, 39.9962012], [116.3360458, 39.9962047], [116.3360429, 39.9962929], [116.3365764, 39.9963029], [116.3365793, 39.996215], [116.3367584, 39.9962185], [116.3367511, 39.9964404], [116.336572, 39.9964369], [116.3360386, 39.9964266], [116.3358594, 39.9964232]]]]}}, {"type": "Feature", "properties": {"building": "hotel", "name": "5号楼", "source": "osm"}, "geometry": {"type": "MultiPolygon", "coordinates": [[[[116.3369915, 39.995368], [116.3370007, 39.9952017], [116.337504, 39.995218], [116.3374987, 39.9953134], [116.3374362, 39.9953113], [116.3374289, 39.9954433], [116.3372494, 39.9954374], [116.3372528, 39.9953766], [116.3369915, 39.995368]]]]}}, {"type": "Feature", "properties": {"building": "yes", "name": "北京矿业大学家属院公寓", "source": "osm"}, "geometry": {"type": "MultiPolygon", "coordinates": [[[[116.3375725, 39.9953388], [116.3375758, 39.9952109], [116.3378731, 39.9952154], [116.3378698, 39.9953433], [116.3375725, 39.9953388]]]]}}, {"type": "Feature", "properties": {"building": "hotel", "name": "6号楼", "source": "osm"}, "geometry": {"type": "MultiPolygon", "coordinates": [[[[116.3369952, 39.9958291], [116.3370024, 39.9956658], [116.3370396, 39.9956667], [116.3370459, 39.9955238], [116.3372285, 39.9955285], [116.3372311, 39.9954693], [116.3372833, 39.9954707], [116.3372685, 39.9958111], [116.3371024, 39.9958068], [116.3371013, 39.9958318], [116.3369952, 39.9958291]]]]}}, {"type": "Feature", "properties": {"building": "hotel", "name": "8号楼", "source": "osm"}, "geometry": {"type": "MultiPolygon", "coordinates": [[[[116.3368958, 39.9964348], [116.3368996, 39.9962689], [116.3374715, 39.9962765], [116.3374704, 39.9963223], [116.3375059, 39.9963227], [116.3375182, 39.9957713], [116.3378831, 39.9957761], [116.3378675, 39.9964726], [116.3374886, 39.9964676], [116.3374892, 39.9964427], [116.3368958, 39.9964348]]]]}}, {"type": "Feature", "properties": {"building": "yes", "source": "osm"}, "geometry": {"type": "MultiPolygon", "coordinates": [[[[116.337302, 39.9959753], [116.3373026, 39.9959323], [116.3373041, 39.9958149], [116.3375061, 39.9958165], [116.337504, 39.9959769], [116.337332, 39.9959756], [116.337302, 39.9959753]]]]}}, {"type": "Feature", "properties": {"building": "yes", "name": "1号楼", "source": "osm"}, "geometry": {"type": "MultiPolygon", "coordinates": [[[[116.3344499, 39.9958394], [116.3344525, 39.9957516], [116.3352563, 39.9957656], [116.3352537, 39.9958532], [116.3344499, 39.9958394]]]]}}, {"type": "Feature", "properties": {"building": "yes", "name": "4号楼", "source": "osm"}, "geometry": {"type": "MultiPolygon", "coordinates": [[[[116.3344445, 39.9960664], [116.3344471, 39.9959786], [116.3352509, 39.9959926], [116.3352483, 39.9960802], [116.3344445, 39.9960664]]]]}}, {"type": "Feature", "properties": {"building": "hotel", "name": "1号楼", "source": "osm"}, "geometry": {"type": "MultiPolygon", "coordinates": [[[[116.3356733, 39.9954819], [116.3357473, 39.9953776], [116.335861, 39.9953817], [116.3358846, 39.9953414], [116.3365659, 39.9953537], [116.3366721, 39.9955091], [116.3365466, 39.9956685], [116.3363535, 39.995657], [116.3363953, 39.9956036], [116.3362773, 39.9956003], [116.3362215, 39.9956554], [116.3360724, 39.9956545], [116.3360284, 39.9956003], [116.3357516, 39.9955954], [116.3356733, 39.9954819]]]]}}, {"type": "Feature", "properties": {"building": "yes", "source": "osm"}, "geometry": {"type": "MultiPolygon", "coordinates": [[[[116.3353524, 39.9955919], [116.3353591, 39.995358], [116.3354759, 39.9953365], [116.3356239, 39.995343], [116.335654, 39.99538], [116.3356443, 39.9955781], [116.3356003, 39.995625], [116.3354909, 39.995625], [116.3353524, 39.9955919]]]]}}, {"type": "Feature", "properties": {"building": "office", "name": "学院路国际人才创新实验室", "source": "osm"}, "geometry": {"type": "MultiPolygon", "coordinates": [[[[116.3341092, 39.9956002], [116.33412, 39.9953387], [116.3341224, 39.9953388], [116.3343488, 39.9953442], [116.3343418, 39.9955139], [116.3349616, 39.9955289], [116.3349578, 39.9956209], [116.3341092, 39.9956002]]]]}}, {"type": "Feature", "properties": {"building": "yes", "source": "osm"}, "geometry": {"type": "MultiPolygon", "coordinates": [[[[116.3342781, 39.9952534], [116.3342821, 39.9951366], [116.3345743, 39.9951425], [116.3345703, 39.9952593], [116.3342781, 39.9952534]]]]}}, {"type": "Feature", "properties": {"building": "yes", "source": "osm"}, "geometry": {"type": "MultiPolygon", "coordinates": [[[[116.3345832, 39.9953362], [116.3345864, 39.9952272], [116.3350301, 39.9952349], [116.335027, 39.9953438], [116.3345832, 39.9953362]]]]}}, {"type": "Feature", "properties": {"building": "yes", "source": "osm"}, "geometry": {"type": "MultiPolygon", "coordinates": [[[[116.3351162, 39.9952301], [116.3351182, 39.9951054], [116.3352077, 39.9951473], [116.3353856, 39.9951489], [116.3353842, 39.9952326], [116.3351162, 39.9952301]]]]}}, {"type": "Feature", "properties": {"building": "yes", "source": "osm"}, "geometry": {"type": "MultiPolygon", "coordinates": [[[[116.3354432, 39.9952219], [116.3354476, 39.9951229], [116.3361438, 39.9951414], [116.3361394, 39.9952403], [116.3354432, 39.9952219]]]]}}, {"type": "Feature", "properties": {"building": "yes", "source": "osm"}, "geometry": {"type": "MultiPolygon", "coordinates": [[[[116.336159, 39.9951913], [116.3361635, 39.9950924], [116.3368597, 39.9951109], [116.3368552, 39.9952097], [116.336159, 39.9951913]]]]}}, {"type": "Feature", "properties": {"building": "bungalow", "source": "osm"}, "geometry": {"type": "MultiPolygon", "coordinates": [[[[116.3341801, 39.9947704], [116.3341994, 39.9944486], [116.3342798, 39.9944514], [116.3342604, 39.9947732], [116.3341801, 39.9947704]]]]}}, {"type": "Feature", "properties": {"building": "bungalow", "source": "osm"}, "geometry": {"type": "MultiPolygon", "coordinates": [[[[116.334165, 39.9950282], [116.334174, 39.9948418], [116.3342487, 39.9948439], [116.3342397, 39.9950303], [116.334165, 39.9950282]]]]}}, {"type": "Feature", "properties": {"building": "yes", "name": "7号楼", "source": "osm"}, "geometry": {"type": "MultiPolygon", "coordinates": [[[[116.3341798, 39.9963983], [116.3341936, 39.9960451], [116.3343148, 39.9960479], [116.334301, 39.9964011], [116.3341798, 39.9963983]]]]}}, {"type": "Feature", "properties": {"building": "yes", "name": "2号楼", "source": "osm"}, "geometry": {"type": "MultiPolygon", "coordinates": [[[[116.3344142, 39.9963687], [116.3344168, 39.9962809], [116.3352206, 39.9962948], [116.335218, 39.9963825], [116.3344142, 39.9963687]]]]}}, {"type": "Feature", "properties": {"building": "yes", "source": "osm"}, "geometry": {"type": "MultiPolygon", "coordinates": [[[[116.3343297, 39.994593], [116.3343356, 39.994485], [116.3345909, 39.9944931], [116.334585, 39.9946012], [116.3343297, 39.994593]]]]}}, {"type": "Feature", "properties": {"building": "yes", "source": "osm"}, "geometry": {"type": "MultiPolygon", "coordinates": [[[[116.3343068, 39.9948226], [116.3343127, 39.9947145], [116.3345681, 39.9947227], [116.3345622, 39.9948308], [116.3343068, 39.9948226]]]]}}, {"type": "Feature", "properties": {"building": "yes", "source": "osm"}, "geometry": {"type": "MultiPolygon", "coordinates": [[[[116.3352252, 39.9948423], [116.3352311, 39.9947343], [116.3354865, 39.9947424], [116.3354805, 39.9948505], [116.3352252, 39.9948423]]]]}}, {"type": "Feature", "properties": {"building": "yes", "source": "osm"}, "geometry": {"type": "MultiPolygon", "coordinates": [[[[116.3352327, 39.9946138], [116.3352386, 39.9945058], [116.335494, 39.9945139], [116.3354881, 39.994622], [116.3352327, 39.9946138]]]]}}, {"type": "Feature", "properties": {"building": "yes", "source": "osm"}, "geometry": {"type": "MultiPolygon", "coordinates": [[[[116.3345971, 39.9950018], [116.3346008, 39.9949049], [116.3351997, 39.9949183], [116.335196, 39.9950151], [116.3345971, 39.9950018]]]]}}, {"type": "Feature", "properties": {"building": "yes", "source": "osm"}, "geometry": {"type": "MultiPolygon", "coordinates": [[[[116.3353312, 39.9960665], [116.3353426, 39.9957659], [116.3357902, 39.9957759], [116.335787, 39.9958598], [116.3357471, 39.9958589], [116.3357445, 39.9959277], [116.3356808, 39.9959263], [116.3356797, 39.9959572], [116.3355314, 39.9959539], [116.3355294, 39.9960075], [116.3357804, 39.9960131], [116.335778, 39.9960764], [116.3353312, 39.9960665]]]]}}, {"type": "Feature", "properties": {"building": "bungalow", "source": "osm"}, "geometry": {"type": "MultiPolygon", "coordinates": [[[[116.3352965, 39.9962295], [116.3352995, 39.9961445], [116.3357704, 39.9961543], [116.3357674, 39.9962392], [116.3352965, 39.9962295]]]]}}, {"type": "Feature", "properties": {"building": "bungalow", "source": "osm"}, "geometry": {"type": "MultiPolygon", "coordinates": [[[[116.3352844, 39.9963943], [116.3352874, 39.9963093], [116.3357583, 39.9963191], [116.3357553, 39.9964041], [116.3352844, 39.9963943]]]]}}, {"type": "Feature", "properties": {"building": "yes", "name": "6号楼", "source": "osm"}, "geometry": {"type": "MultiPolygon", "coordinates": [[[[116.3342248, 39.996038], [116.334229, 39.9957458], [116.3343507, 39.9957468], [116.3343466, 39.996039], [116.3342248, 39.996038]]]]}}, {"type": "Feature", "properties": {"building": "bungalow", "source": "osm"}, "geometry": {"type": "MultiPolygon", "coordinates": [[[[116.3340351, 39.9965141], [116.3340394, 39.9960785], [116.3340827, 39.9960788], [116.3340847, 39.9958823], [116.334163, 39.9958828], [116.3341601, 39.9961651], [116.3341053, 39.9961955], [116.3341022, 39.9965145], [116.3340351, 39.9965141]]]]}}, {"type": "Feature", "properties": {"building": "bungalow", "source": "osm"}, "geometry": {"type": "MultiPolygon", "coordinates": [[[[116.3340104, 39.9968402], [116.3340148, 39.9965966], [116.3341146, 39.9965976], [116.3341111, 39.9967916], [116.3346308, 39.9967971], [116.33463, 39.9968467], [116.3340104, 39.9968402]]]]}}, {"type": "Feature", "properties": {"building": "yes", "name": "北京振中天利科技有限公司", "source": "osm"}, "geometry": {"type": "MultiPolygon", "coordinates": [[[[116.334128, 39.996644], [116.3341297, 39.9965802], [116.3345862, 39.9965873], [116.3345809, 39.9967863], [116.3341306, 39.9967793], [116.3341329, 39.9966937], [116.3343659, 39.9966974], [116.3343673, 39.9966477], [116.334128, 39.996644]]]]}}, {"type": "Feature", "properties": {"building": "yes", "source": "osm"}, "geometry": {"type": "MultiPolygon", "coordinates": [[[[116.3347495, 39.9967514], [116.3347596, 39.9964777], [116.3351357, 39.9964859], [116.3351254, 39.9967596], [116.3347495, 39.9967514]]]]}}, {"type": "Feature", "properties": {"building": "yes", "source": "osm"}, "geometry": {"type": "MultiPolygon", "coordinates": [[[[116.3342004, 39.997049], [116.3342047, 39.9969054], [116.3342952, 39.996907], [116.334291, 39.9970506], [116.3342004, 39.997049]]]]}}, {"type": "Feature", "properties": {"building": "yes", "source": "osm"}, "geometry": {"type": "MultiPolygon", "coordinates": [[[[116.3341403, 39.9953252], [116.3341491, 39.9950787], [116.3342665, 39.9950812], [116.3342577, 39.9953276], [116.3341403, 39.9953252]]]]}}, {"type": "Feature", "properties": {"building": "residential", "name": "3号楼", "source": "osm"}, "geometry": {"type": "MultiPolygon", "coordinates": [[[[116.3334124, 39.9965895], [116.3334191, 39.9960908], [116.3335638, 39.9960919], [116.3335572, 39.9965906], [116.3334124, 39.9965895]]]]}}, {"type": "Feature", "properties": {"building": "yes", "source": "osm"}, "geometry": {"type": "MultiPolygon", "coordinates": [[[[116.3369513, 39.9960096], [116.3369533, 39.9959273], [116.3373026, 39.9959323], [116.337302, 39.9959753], [116.337332, 39.9959756], [116.3373294, 39.9960812], [116.3372327, 39.9960798], [116.3372343, 39.9960137], [116.3369513, 39.9960096]]]]}}, {"type": "Feature", "properties": {"building": "residential", "name": "2号楼", "source": "osm"}, "geometry": {"type": "MultiPolygon", "coordinates": [[[[116.3334303, 39.9959435], [116.3334341, 39.9955311], [116.3335877, 39.9955319], [116.3335839, 39.9959443], [116.3334303, 39.9959435]]]]}}, {"type": "Feature", "properties": {"building": "residential", "name": "1号楼", "source": "osm"}, "geometry": {"type": "MultiPolygon", "coordinates": [[[[116.3332502, 39.9954069], [116.3332526, 39.9953025], [116.3333269, 39.9953036], [116.3336096, 39.9953074], [116.3336332, 39.9953077], [116.33363, 39.9954458], [116.3334789, 39.9954438], [116.3334797, 39.99541], [116.3332502, 39.9954069]]]]}}, {"type": "Feature", "properties": {"building": "yes", "source": "osm"}, "geometry": {"type": "MultiPolygon", "coordinates": [[[[116.3331934, 39.9957213], [116.3331971, 39.9955682], [116.3333693, 39.9955706], [116.3333657, 39.9957237], [116.3331934, 39.9957213]]]]}}, {"type": "Feature", "properties": {"building": "residential", "name": "4号楼", "source": "osm"}, "geometry": {"type": "MultiPolygon", "coordinates": [[[[116.3326703, 39.9961635], [116.3326761, 39.9960249], [116.3332724, 39.9960396], [116.3332666, 39.9961781], [116.3326703, 39.9961635]]]]}}, {"type": "Feature", "properties": {"building": "yes", "source": "osm"}, "geometry": {"type": "MultiPolygon", "coordinates": [[[[116.3356578, 39.9953164], [116.3356595, 39.9952889], [116.3358202, 39.9952946], [116.3358186, 39.9953221], [116.3356578, 39.9953164]]]]}}, {"type": "Feature", "properties": {"building": "hotel;yes", "name": "3号楼", "source": "osm"}, "geometry": {"type": "MultiPolygon", "coordinates": [[[[116.3358803, 39.9959989], [116.3358885, 39.995777], [116.3360676, 39.995781], [116.336601, 39.9957926], [116.3367802, 39.9957965], [116.336772, 39.9960184], [116.3365929, 39.9960145], [116.3365961, 39.9959263], [116.3360626, 39.995915], [116.3360594, 39.9960029], [116.3358803, 39.9959989]]]]}}, {"type": "Feature", "properties": {"building": "yes", "name": "和润生鲜超市", "shop": "supermarket", "source": "osm"}, "geometry": {"type": "MultiPolygon", "coordinates": [[[[116.3333269, 39.9953036], [116.3333278, 39.9951636], [116.3336106, 39.9951648], [116.3336096, 39.9953074], [116.3333269, 39.9953036]]]]}}, {"type": "Feature", "properties": {"building": "residential", "name": "5号楼", "source": "osm"}, "geometry": {"type": "MultiPolygon", "coordinates": [[[[116.3326565, 39.9965523], [116.3326623, 39.9964137], [116.3332586, 39.9964283], [116.3332528, 39.9965669], [116.3326565, 39.9965523]]]]}}, {"type": "Feature", "properties": {"building": "yes", "name": "学院路街道城建第四社区卫生服务站", "source": "osm"}, "geometry": {"type": "MultiPolygon", "coordinates": [[[[116.3318757, 39.9949997], [116.3318818, 39.9946823], [116.332308, 39.9946871], [116.3323022, 39.9949897], [116.3320796, 39.9949873], [116.3320732, 39.9950019], [116.3318757, 39.9949997]]]]}}, {"type": "Feature", "properties": {"building": "bungalow", "source": "osm"}, "geometry": {"type": "MultiPolygon", "coordinates": [[[[116.3318335, 39.994672], [116.3318408, 39.9944349], [116.3319126, 39.9944362], [116.3319052, 39.9946733], [116.3318335, 39.994672]]]]}}, {"type": "Feature", "properties": {"building": "yes", "source": "osm"}, "geometry": {"type": "MultiPolygon", "coordinates": [[[[116.3319195, 39.9946728], [116.331924, 39.9944401], [116.3320559, 39.9944416], [116.3320514, 39.9946742], [116.3319195, 39.9946728]]]]}}, {"type": "Feature", "properties": {"building": "yes", "source": "osm"}, "geometry": {"type": "MultiPolygon", "coordinates": [[[[116.3320671, 39.9945029], [116.3320676, 39.9944327], [116.3323095, 39.9944339], [116.3323089, 39.9945041], [116.3320671, 39.9945029]]]]}}, {"type": "Feature", "properties": {"building": "yes", "source": "osm"}, "geometry": {"type": "MultiPolygon", "coordinates": [[[[116.3318649, 39.9944207], [116.3318814, 39.9939829], [116.3320633, 39.9939869], [116.3320547, 39.9942137], [116.3323152, 39.9942195], [116.3323126, 39.9942888], [116.332062, 39.9942832], [116.3320567, 39.994425], [116.3318649, 39.9944207]]]]}}, {"type": "Feature", "properties": {"building": "yes", "source": "osm"}, "geometry": {"type": "MultiPolygon", "coordinates": [[[[116.3320871, 39.9942002], [116.3320915, 39.9940527], [116.3323291, 39.9940569], [116.3323247, 39.9942044], [116.3320871, 39.9942002]]]]}}, {"type": "Feature", "properties": {"building": "yes", "source": "osm"}, "geometry": {"type": "MultiPolygon", "coordinates": [[[[116.3323491, 39.9942064], [116.3324255, 39.9942058], [116.3324257, 39.9942188], [116.3324436, 39.9942187], [116.3324428, 39.9941516], [116.3326299, 39.9941503], [116.3326911, 39.9941848], [116.3326879, 39.9943837], [116.3327093, 39.9943878], [116.3327093, 39.9944277], [116.3324336, 39.9944249], [116.3324325, 39.9943829], [116.332351, 39.9943599], [116.3323491, 39.9942064]]]]}}, {"type": "Feature", "properties": {"building": "yes", "source": "osm"}, "geometry": {"type": "MultiPolygon", "coordinates": [[[[116.3321002, 39.9939953], [116.3321134, 39.9936208], [116.3323387, 39.9936255], [116.3323362, 39.9936974], [116.3322148, 39.993695], [116.3322067, 39.9939263], [116.3322866, 39.9939279], [116.3322841, 39.9939991], [116.3321002, 39.9939953]]]]}}, {"type": "Feature", "properties": {"building": "yes", "source": "osm"}, "geometry": {"type": "MultiPolygon", "coordinates": [[[[116.3318818, 39.9939827], [116.3318918, 39.9937006], [116.3319648, 39.9937021], [116.3319566, 39.9939322], [116.3320745, 39.9939347], [116.3320726, 39.9939866], [116.3318818, 39.9939827]]]]}}, {"type": "Feature", "properties": {"building": "dormitory", "source": "osm"}, "geometry": {"type": "MultiPolygon", "coordinates": [[[[116.3373629, 39.993902], [116.3373753, 39.9937748], [116.3380268, 39.9938122], [116.3380143, 39.9939393], [116.3373629, 39.993902]]]]}}, {"type": "Feature", "properties": {"building": "dormitory", "source": "osm"}, "geometry": {"type": "MultiPolygon", "coordinates": [[[[116.3373957, 39.9935997], [116.3374081, 39.9934725], [116.3380596, 39.9935099], [116.3380472, 39.993637], [116.3373957, 39.9935997]]]]}}, {"type": "Feature", "properties": {"building": "kindergarten", "source": "osm"}, "geometry": {"type": "MultiPolygon", "coordinates": [[[[116.3353877, 39.9926595], [116.3353905, 39.992553], [116.3357903, 39.9925592], [116.3357874, 39.9926691], [116.3356408, 39.9926668], [116.3356378, 39.9927792], [116.3355157, 39.9927772], [116.3355188, 39.9926616], [116.3353877, 39.9926595]]]]}}, {"type": "Feature", "properties": {"building": "yes", "source": "osm"}, "geometry": {"type": "MultiPolygon", "coordinates": [[[[116.3344996, 39.9924742], [116.3345025, 39.9923488], [116.3346253, 39.9923505], [116.3346602, 39.9923621], [116.3349231, 39.9923652], [116.3349218, 39.9924295], [116.3353401, 39.9924345], [116.3353383, 39.9925194], [116.3352427, 39.9925183], [116.3352431, 39.9924964], [116.3348007, 39.9924907], [116.3348018, 39.9924428], [116.3346366, 39.9924406], [116.3346358, 39.992476], [116.3344996, 39.9924742]]]]}}, {"type": "Feature", "properties": {"building": "school", "source": "osm"}, "geometry": {"type": "MultiPolygon", "coordinates": [[[[116.334481, 39.9928558], [116.3344843, 39.9927172], [116.3352819, 39.9927282], [116.3352786, 39.9928667], [116.334481, 39.9928558]]]]}}, {"type": "Feature", "properties": {"building": "yes", "source": "osm"}, "geometry": {"type": "MultiPolygon", "coordinates": [[[[116.3342691, 39.9930496], [116.3342732, 39.9928813], [116.3344545, 39.9928839], [116.3344531, 39.9929394], [116.3344232, 39.9929389], [116.3344204, 39.9930518], [116.3342691, 39.9930496]]]]}}, {"type": "Feature", "properties": {"building": "yes", "source": "osm"}, "geometry": {"type": "MultiPolygon", "coordinates": [[[[116.3342783, 39.9924658], [116.3342852, 39.9922725], [116.3344503, 39.9922759], [116.3344809, 39.9923036], [116.334475, 39.9924699], [116.3342783, 39.9924658]]]]}}, {"type": "Feature", "properties": {"building": "office", "source": "osm"}, "geometry": {"type": "MultiPolygon", "coordinates": [[[[116.3345152, 39.9922062], [116.3345177, 39.9920958], [116.3347838, 39.9919394], [116.3349943, 39.9919433], [116.3349917, 39.9920655], [116.3347614, 39.9920581], [116.3346823, 39.9921222], [116.3346804, 39.9922101], [116.3345152, 39.9922062]]]]}}, {"type": "Feature", "properties": {"building": "yes", "source": "osm"}, "geometry": {"type": "MultiPolygon", "coordinates": [[[[116.3343305, 39.9919798], [116.3343358, 39.9919066], [116.3343936, 39.991852], [116.3344236, 39.9918533], [116.3344141, 39.9919834], [116.3343305, 39.9919798]]]]}}, {"type": "Feature", "properties": {"building": "yes", "name": "38号楼", "source": "osm"}, "geometry": {"type": "MultiPolygon", "coordinates": [[[[116.3346492, 39.9970281], [116.3346504, 39.9969171], [116.3350738, 39.9969197], [116.3350735, 39.9969512], [116.3353807, 39.9969531], [116.3353794, 39.9970706], [116.3350607, 39.9970686], [116.3350611, 39.9970306], [116.3346492, 39.9970281]]]]}}, {"type": "Feature", "properties": {"building": "yes", "name": "37号楼", "source": "osm"}, "geometry": {"type": "MultiPolygon", "coordinates": [[[[116.334212, 39.9973306], [116.3342128, 39.9972119], [116.3345352, 39.9972131], [116.334535, 39.9972509], [116.3350438, 39.9972527], [116.3350432, 39.997365], [116.3345204, 39.9973632], [116.3345206, 39.9973317], [116.334212, 39.9973306]]]]}}, {"type": "Feature", "properties": {"building": "yes", "name": "35号楼", "source": "osm"}, "geometry": {"type": "MultiPolygon", "coordinates": [[[[116.3341924, 39.9977003], [116.3341928, 39.9975816], [116.3344492, 39.997582], [116.334449, 39.997621], [116.3349929, 39.9976218], [116.3349926, 39.9977278], [116.3344258, 39.997727], [116.3344258, 39.9977007], [116.3341924, 39.9977003]]]]}}, {"type": "Feature", "properties": {"building": "yes", "source": "osm"}, "geometry": {"type": "MultiPolygon", "coordinates": [[[[116.3355493, 39.997073], [116.3355511, 39.9969361], [116.3356556, 39.996937], [116.3356555, 39.9969466], [116.3357584, 39.9969475], [116.3357582, 39.99696], [116.3358411, 39.9969607], [116.3358409, 39.9969769], [116.3363219, 39.996981], [116.3363196, 39.9971387], [116.3358059, 39.9971342], [116.3358063, 39.997111], [116.3357147, 39.9971102], [116.335715, 39.9970898], [116.3356338, 39.9970891], [116.335634, 39.9970737], [116.3355493, 39.997073]]]]}}, {"type": "Feature", "properties": {"building": "yes", "source": "osm"}, "geometry": {"type": "MultiPolygon", "coordinates": [[[[116.3355422, 39.997423], [116.3355446, 39.9972858], [116.3356486, 39.9972869], [116.3356484, 39.9972966], [116.335751, 39.9972977], [116.3357508, 39.9973103], [116.3358334, 39.9973111], [116.3358331, 39.9973274], [116.3364835, 39.9973344], [116.3364806, 39.9974924], [116.3357978, 39.997485], [116.3357982, 39.9974617], [116.335707, 39.9974607], [116.3357073, 39.9974403], [116.3356264, 39.9974394], [116.3356267, 39.9974239], [116.3355422, 39.997423]]]]}}, {"type": "Feature", "properties": {"building": "yes", "source": "osm"}, "geometry": {"type": "MultiPolygon", "coordinates": [[[[116.3353295, 39.9966478], [116.3354891, 39.9966468], [116.335491, 39.9968288], [116.3353314, 39.9968298], [116.3353295, 39.9966478]]]]}}, {"type": "Feature", "properties": {"building": "yes", "source": "osm"}, "geometry": {"type": "MultiPolygon", "coordinates": [[[[116.3355105, 39.9967205], [116.3355123, 39.9965989], [116.3358105, 39.9966041], [116.335812, 39.9966215], [116.3364037, 39.996632], [116.3364037, 39.9966587], [116.3367891, 39.9967122], [116.3368316, 39.996711], [116.3368255, 39.9968191], [116.3367997, 39.9968191], [116.3367815, 39.9968331], [116.336387, 39.9967901], [116.3363414, 39.9967578], [116.3358091, 39.9967454], [116.33581, 39.9967198], [116.3355105, 39.9967205]]]]}}, {"type": "Feature", "properties": {"building": "yes", "source": "osm"}, "geometry": {"type": "MultiPolygon", "coordinates": [[[[116.3366439, 39.997438], [116.3366662, 39.9969575], [116.3368492, 39.9969625], [116.3368268, 39.997443], [116.3366439, 39.997438]]]]}}, {"type": "Feature", "properties": {"building": "yes", "source": "osm"}, "geometry": {"type": "MultiPolygon", "coordinates": [[[[116.3370113, 39.997407], [116.3370168, 39.9971954], [116.3375031, 39.9972029], [116.337505, 39.9971294], [116.3376255, 39.9971313], [116.337617, 39.9974593], [116.3374969, 39.9974575], [116.337498, 39.9974146], [116.3370113, 39.997407]]]]}}, {"type": "Feature", "properties": {"building": "yes", "source": "osm"}, "geometry": {"type": "MultiPolygon", "coordinates": [[[[116.3370224, 39.9975942], [116.3370249, 39.9975039], [116.3376408, 39.997514], [116.3376377, 39.9976266], [116.3372563, 39.9976204], [116.3372166, 39.9975974], [116.3370224, 39.9975942]]]]}}, {"type": "Feature", "properties": {"building": "yes", "source": "osm"}, "geometry": {"type": "MultiPolygon", "coordinates": [[[[116.3363331, 39.9988194], [116.336335, 39.9987062], [116.3365102, 39.9987079], [116.3365107, 39.9986752], [116.3364804, 39.9986572], [116.3364872, 39.9986194], [116.3365252, 39.9985973], [116.3365279, 39.9985238], [116.3363732, 39.9985204], [116.3363785, 39.998378], [116.3370679, 39.998393], [116.3370552, 39.9987372], [116.3369844, 39.9987357], [116.3369799, 39.9988575], [116.3368815, 39.9988554], [116.3368834, 39.9988041], [116.3366473, 39.998799], [116.3366291, 39.9988077], [116.3366283, 39.9988548], [116.3365775, 39.9988542], [116.336578, 39.9988219], [116.3363331, 39.9988194]]]]}}, {"type": "Feature", "properties": {"building": "bungalow", "source": "osm"}, "geometry": {"type": "MultiPolygon", "coordinates": [[[[116.3363082, 39.9983282], [116.3363216, 39.9980753], [116.336404, 39.9980778], [116.3364021, 39.9981118], [116.336917, 39.9981279], [116.3369188, 39.9980949], [116.3373336, 39.9981079], [116.3373262, 39.9982455], [116.3363977, 39.9982164], [116.3363966, 39.9982362], [116.3370635, 39.998257], [116.3370585, 39.9983515], [116.3363082, 39.9983282]]]]}}, {"type": "Feature", "properties": {"building": "yes", "source": "osm"}, "geometry": {"type": "MultiPolygon", "coordinates": [[[[116.3369877, 39.996925], [116.3369887, 39.9966513], [116.337128, 39.9966516], [116.3371274, 39.9968128], [116.3375209, 39.9968137], [116.3375214, 39.9966847], [116.3376827, 39.9966851], [116.3376814, 39.9970098], [116.3375074, 39.9970094], [116.3375077, 39.9969262], [116.3369877, 39.996925]]]]}}, {"type": "Feature", "properties": {"building": "yes", "source": "osm"}, "geometry": {"type": "MultiPolygon", "coordinates": [[[[116.3346951, 39.9990649], [116.3346986, 39.9989501], [116.334795, 39.9989519], [116.3347915, 39.9990666], [116.3346951, 39.9990649]]]]}}, {"type": "Feature", "properties": {"building": "yes", "source": "osm"}, "geometry": {"type": "MultiPolygon", "coordinates": [[[[116.3345178, 39.9990945], [116.3345218, 39.9989374], [116.3346561, 39.9989393], [116.3346541, 39.9990185], [116.3346124, 39.9990179], [116.3346116, 39.9990487], [116.3346526, 39.9990493], [116.3346514, 39.9990965], [116.3345178, 39.9990945]]]]}}, {"type": "Feature", "properties": {"building": "bungalow", "source": "osm"}, "geometry": {"type": "MultiPolygon", "coordinates": [[[[116.3324198, 39.9927585], [116.3324228, 39.9926972], [116.3325533, 39.992701], [116.3325503, 39.9927622], [116.3324198, 39.9927585]]]]}}, {"type": "Feature", "properties": {"building": "bungalow", "source": "osm"}, "geometry": {"type": "MultiPolygon", "coordinates": [[[[116.3326331, 39.9927603], [116.3326361, 39.992699], [116.3327666, 39.9927028], [116.3327636, 39.9927641], [116.3326331, 39.9927603]]]]}}, {"type": "Feature", "properties": {"building": "bungalow", "source": "osm"}, "geometry": {"type": "MultiPolygon", "coordinates": [[[[116.332423, 39.9926563], [116.332426, 39.992595], [116.3325565, 39.9925988], [116.3325535, 39.9926601], [116.332423, 39.9926563]]]]}}, {"type": "Feature", "properties": {"building": "bungalow", "source": "osm"}, "geometry": {"type": "MultiPolygon", "coordinates": [[[[116.3326483, 39.9926609], [116.3326513, 39.9925996], [116.3327818, 39.9926034], [116.3327788, 39.9926647], [116.3326483, 39.9926609]]]]}}, {"type": "Feature", "properties": {"building": "bungalow", "source": "osm"}, "geometry": {"type": "MultiPolygon", "coordinates": [[[[116.3326532, 39.9928833], [116.3326547, 39.9928257], [116.3326567, 39.9927921], [116.3327883, 39.9927954], [116.3327843, 39.9928864], [116.3326532, 39.9928833]]]]}}, {"type": "Feature", "properties": {"building": "bungalow", "source": "osm"}, "geometry": {"type": "MultiPolygon", "coordinates": [[[[116.3324244, 39.9928798], [116.3324259, 39.9928222], [116.3326547, 39.9928257], [116.3326532, 39.9928833], [116.3324244, 39.9928798]]]]}}, {"type": "Feature", "properties": {"building": "bungalow", "source": "osm"}, "geometry": {"type": "MultiPolygon", "coordinates": [[[[116.3321586, 39.9929015], [116.3321602, 39.9928086], [116.332332, 39.9928104], [116.3323304, 39.9929032], [116.3321586, 39.9929015]]]]}}, {"type": "Feature", "properties": {"building": "yes", "name": "30号楼", "source": "osm"}, "geometry": {"type": "MultiPolygon", "coordinates": [[[[116.3346532, 39.9984566], [116.3346582, 39.9983277], [116.3349593, 39.9983346], [116.3349608, 39.9982981], [116.3357324, 39.998316], [116.3357272, 39.9984471], [116.3349591, 39.9984293], [116.3349578, 39.9984636], [116.3346532, 39.9984566]]]]}}, {"type": "Feature", "properties": {"building": "school", "source": "osm"}, "geometry": {"type": "MultiPolygon", "coordinates": [[[[116.3373685, 39.990454], [116.3373784, 39.9903022], [116.3380955, 39.9903296], [116.3380857, 39.9904812], [116.3373685, 39.990454]]]]}}, {"type": "Feature", "properties": {"building": "residential", "source": "osm"}, "geometry": {"type": "MultiPolygon", "coordinates": [[[[116.3379544, 39.9876897], [116.337957, 39.9875821], [116.3381145, 39.9875844], [116.3381136, 39.9876227], [116.3387286, 39.9876316], [116.3387258, 39.9877425], [116.3380975, 39.9877334], [116.3380986, 39.9876918], [116.3379544, 39.9876897]]]]}}, {"type": "Feature", "properties": {"building": "apartments", "source": "osm"}, "geometry": {"type": "MultiPolygon", "coordinates": [[[[116.3371886, 39.9877064], [116.3371952, 39.9875665], [116.3378348, 39.9875842], [116.3378281, 39.9877242], [116.3371886, 39.9877064]]]]}}, {"type": "Feature", "properties": {"building": "residential", "source": "osm"}, "geometry": {"type": "MultiPolygon", "coordinates": [[[[116.3378664, 39.9884114], [116.337869, 39.9883039], [116.3380265, 39.9883061], [116.3380256, 39.9883444], [116.3386406, 39.9883533], [116.3386378, 39.9884642], [116.3380096, 39.9884551], [116.3380106, 39.9884135], [116.3378664, 39.9884114]]]]}}, {"type": "Feature", "properties": {"building": "apartments", "source": "osm"}, "geometry": {"type": "MultiPolygon", "coordinates": [[[[116.3371178, 39.9884333], [116.3371286, 39.9882816], [116.3377712, 39.9883086], [116.3377604, 39.9884602], [116.3371178, 39.9884333]]]]}}, {"type": "Feature", "properties": {"building": "yes", "source": "osm"}, "geometry": {"type": "MultiPolygon", "coordinates": [[[[116.3368464, 39.9888089], [116.3368521, 39.9886881], [116.3381981, 39.9887254], [116.3381925, 39.988846], [116.3368464, 39.9888089]]]]}}, {"type": "Feature", "properties": {"building": "yes", "source": "osm"}, "geometry": {"type": "MultiPolygon", "coordinates": [[[[116.3368208, 39.9891493], [116.3368265, 39.9890285], [116.3381725, 39.9890658], [116.3381668, 39.9891864], [116.3368208, 39.9891493]]]]}}, {"type": "Feature", "properties": {"building": "yes", "source": "osm"}, "geometry": {"type": "MultiPolygon", "coordinates": [[[[116.3368143, 39.9894929], [116.33682, 39.9893721], [116.3381661, 39.9894094], [116.3381604, 39.98953], [116.3368143, 39.9894929]]]]}}, {"type": "Feature", "properties": {"building": "yes", "source": "osm"}, "geometry": {"type": "MultiPolygon", "coordinates": [[[[116.3360521, 39.9865666], [116.3360574, 39.9864217], [116.3362993, 39.9864269], [116.3363026, 39.986335], [116.3370647, 39.9863511], [116.3370596, 39.9864901], [116.3362874, 39.9864737], [116.3362839, 39.9865715], [116.3360521, 39.9865666]]]]}}, {"type": "Feature", "properties": {"building": "yes", "source": "osm"}, "geometry": {"type": "MultiPolygon", "coordinates": [[[[116.3360523, 39.9860141], [116.336055, 39.9859136], [116.3362633, 39.9859169], [116.3362612, 39.9859964], [116.3370824, 39.9860095], [116.3370796, 39.986112], [116.3362564, 39.9860988], [116.3362587, 39.9860174], [116.3360523, 39.9860141]]]]}}, {"type": "Feature", "properties": {"building": "yes", "source": "osm"}, "geometry": {"type": "MultiPolygon", "coordinates": [[[[116.3373158, 39.9860032], [116.3373177, 39.985879], [116.3375364, 39.9858811], [116.3375361, 39.9859042], [116.3379451, 39.985908], [116.337943, 39.9860416], [116.3374382, 39.9860368], [116.3374388, 39.9860043], [116.3373158, 39.9860032]]]]}}, {"type": "Feature", "properties": {"building": "yes", "source": "osm"}, "geometry": {"type": "MultiPolygon", "coordinates": [[[[116.3372346, 39.9863049], [116.3372423, 39.9861872], [116.3377888, 39.9862081], [116.3377811, 39.9863257], [116.3372346, 39.9863049]]]]}}, {"type": "Feature", "properties": {"building": "yes", "source": "osm"}, "geometry": {"type": "MultiPolygon", "coordinates": [[[[116.3372221, 39.9865484], [116.337225, 39.9864119], [116.3373016, 39.9864128], [116.337301, 39.9864436], [116.3377612, 39.9864494], [116.337759, 39.9865552], [116.3372221, 39.9865484]]]]}}, {"type": "Feature", "properties": {"building": "yes", "source": "osm"}, "geometry": {"type": "MultiPolygon", "coordinates": [[[[116.3372864, 39.9872468], [116.3372927, 39.9869102], [116.3374907, 39.9869124], [116.3374844, 39.9872489], [116.3372864, 39.9872468]]]]}}, {"type": "Feature", "properties": {"building": "yes", "source": "osm"}, "geometry": {"type": "MultiPolygon", "coordinates": [[[[116.3372366, 39.986877], [116.3372381, 39.9867341], [116.3373267, 39.9867347], [116.3373252, 39.9868776], [116.3372366, 39.986877]]]]}}, {"type": "Feature", "properties": {"building": "yes", "source": "osm"}, "geometry": {"type": "MultiPolygon", "coordinates": [[[[116.3358983, 39.9869835], [116.3359058, 39.986753], [116.3362695, 39.9867599], [116.3362716, 39.9866968], [116.3370384, 39.9867115], [116.3370345, 39.9868298], [116.3362831, 39.9868155], [116.3362774, 39.9869907], [116.3358983, 39.9869835]]]]}}, {"type": "Feature", "properties": {"building": "yes", "source": "osm"}, "geometry": {"type": "MultiPolygon", "coordinates": [[[[116.3357339, 39.9873262], [116.3357399, 39.9872054], [116.3361946, 39.9872185], [116.3361886, 39.9873394], [116.3357339, 39.9873262]]]]}}, {"type": "Feature", "properties": {"building": "yes", "source": "osm"}, "geometry": {"type": "MultiPolygon", "coordinates": [[[[116.3361969, 39.9872813], [116.3362013, 39.9871679], [116.3368081, 39.9871815], [116.3368038, 39.9872948], [116.3361969, 39.9872813]]]]}}, {"type": "Feature", "properties": {"building": "yes", "source": "osm"}, "geometry": {"type": "MultiPolygon", "coordinates": [[[[116.3357268, 39.9867186], [116.335736, 39.9864224], [116.33586, 39.9864247], [116.3358508, 39.9867209], [116.3357268, 39.9867186]]]]}}, {"type": "Feature", "properties": {"building": "yes", "source": "osm"}, "geometry": {"type": "MultiPolygon", "coordinates": [[[[116.3367511, 39.9880562], [116.3367739, 39.9875746], [116.3370357, 39.9875818], [116.3370131, 39.9880634], [116.3367511, 39.9880562]]]]}}, {"type": "Feature", "properties": {"building": "yes", "source": "osm"}, "geometry": {"type": "MultiPolygon", "coordinates": [[[[116.3376609, 39.987135], [116.3376682, 39.98702], [116.3381294, 39.9870373], [116.3381221, 39.9871522], [116.3376609, 39.987135]]]]}}, {"type": "Feature", "properties": {"building": "school", "source": "osm"}, "geometry": {"type": "MultiPolygon", "coordinates": [[[[116.3378699, 39.9866763], [116.3378775, 39.9864575], [116.3379172, 39.9864583], [116.3379211, 39.9863436], [116.3380102, 39.9863454], [116.338013, 39.9862654], [116.338599, 39.9862771], [116.3385937, 39.9862631], [116.3387064, 39.9862655], [116.3387005, 39.986436], [116.3384541, 39.986431], [116.3384561, 39.9863725], [116.3381972, 39.9863672], [116.3381947, 39.9864368], [116.3380846, 39.9864346], [116.3380761, 39.9866805], [116.3378699, 39.9866763]]]]}}, {"type": "Feature", "properties": {"building": "college", "source": "osm"}, "geometry": {"type": "MultiPolygon", "coordinates": [[[[116.3348453, 39.9866027], [116.3348648, 39.9863845], [116.3348967, 39.9863043], [116.334902, 39.9862506], [116.3350983, 39.9862619], [116.3350775, 39.9864744], [116.3351162, 39.9864766], [116.3351175, 39.9864629], [116.3353589, 39.9864761], [116.3353603, 39.9864604], [116.3355776, 39.9864719], [116.3355625, 39.9866404], [116.3348453, 39.9866027]]]]}}, {"type": "Feature", "properties": {"building": "college", "source": "osm"}, "geometry": {"type": "MultiPolygon", "coordinates": [[[[116.3349266, 39.9862166], [116.334953, 39.9859077], [116.3351837, 39.9859192], [116.3351547, 39.9862595], [116.3349611, 39.9862499], [116.3349266, 39.9862166]]]]}}, {"type": "Feature", "properties": {"building": "apartments", "source": "osm"}, "geometry": {"type": "MultiPolygon", "coordinates": [[[[116.3297027, 39.9903608], [116.3297098, 39.9902582], [116.3297764, 39.9902609], [116.3297779, 39.9902392], [116.3297425, 39.9902377], [116.3297555, 39.9900507], [116.3300236, 39.9900616], [116.3300083, 39.9902815], [116.3301087, 39.9902856], [116.3301024, 39.9903771], [116.3297027, 39.9903608]]]]}}, {"type": "Feature", "properties": {"building": "apartments", "source": "osm"}, "geometry": {"type": "MultiPolygon", "coordinates": [[[[116.3304733, 39.9903217], [116.3304804, 39.9902191], [116.330547, 39.9902218], [116.3305485, 39.9902001], [116.3305131, 39.9901986], [116.3305261, 39.9900116], [116.3307942, 39.9900225], [116.3307789, 39.9902424], [116.3308793, 39.9902465], [116.330873, 39.990338], [116.3304733, 39.9903217]]]]}}, {"type": "Feature", "properties": {"building": "apartments", "source": "osm"}, "geometry": {"type": "MultiPolygon", "coordinates": [[[[116.330606, 39.9894752], [116.3306131, 39.9893726], [116.3306797, 39.9893753], [116.3306812, 39.9893536], [116.3306458, 39.9893521], [116.3306588, 39.9891651], [116.3309269, 39.989176], [116.3309116, 39.9893959], [116.331012, 39.9894], [116.3310057, 39.9894915], [116.330606, 39.9894752]]]]}}, {"type": "Feature", "properties": {"building": "apartments", "source": "osm"}, "geometry": {"type": "MultiPolygon", "coordinates": [[[[116.3302947, 39.991137], [116.3303018, 39.9910344], [116.3303684, 39.9910371], [116.3303699, 39.9910154], [116.3303345, 39.9910139], [116.3303475, 39.9908269], [116.3306156, 39.9908378], [116.3306003, 39.9910577], [116.3307007, 39.9910618], [116.3306944, 39.9911533], [116.3302947, 39.991137]]]]}}, {"type": "Feature", "properties": {"building": "apartments", "source": "osm"}, "geometry": {"type": "MultiPolygon", "coordinates": [[[[116.3297052, 39.991221], [116.3297123, 39.9911185], [116.3297789, 39.9911212], [116.3297804, 39.9910995], [116.329745, 39.991098], [116.329758, 39.990911], [116.3300261, 39.9909219], [116.3300108, 39.9911418], [116.3301112, 39.9911459], [116.3301049, 39.9912373], [116.3297052, 39.991221]]]]}}, {"type": "Feature", "properties": {"building": "apartments", "source": "osm"}, "geometry": {"type": "MultiPolygon", "coordinates": [[[[116.3290009, 39.9911761], [116.329008, 39.9910735], [116.3290746, 39.9910762], [116.3290761, 39.9910545], [116.3290407, 39.991053], [116.3290537, 39.990866], [116.3293218, 39.9908769], [116.3293065, 39.9910968], [116.3294069, 39.9911009], [116.3294006, 39.9911924], [116.3290009, 39.9911761]]]]}}, {"type": "Feature", "properties": {"building": "apartments", "source": "osm"}, "geometry": {"type": "MultiPolygon", "coordinates": [[[[116.3283017, 39.9911663], [116.3283088, 39.9910637], [116.3283754, 39.9910664], [116.3283769, 39.9910447], [116.3283415, 39.9910432], [116.3283545, 39.9908562], [116.3286226, 39.9908671], [116.3286073, 39.991087], [116.3287077, 39.9910911], [116.3287014, 39.9911826], [116.3283017, 39.9911663]]]]}}, {"type": "Feature", "properties": {"building": "yes", "source": "osm"}, "geometry": {"type": "MultiPolygon", "coordinates": [[[[116.3286482, 39.9893571], [116.3286485, 39.9892418], [116.3291122, 39.9892427], [116.3291124, 39.9891871], [116.3295941, 39.9891879], [116.3295937, 39.9893194], [116.3291269, 39.9893185], [116.3291268, 39.9893581], [116.3286482, 39.9893571]]]]}}, {"type": "Feature", "properties": {"building": "yes", "source": "osm"}, "geometry": {"type": "MultiPolygon", "coordinates": [[[[116.2954892, 39.9876082], [116.2954992, 39.9875127], [116.2958356, 39.9875335], [116.2958135, 39.9877368], [116.2958086, 39.9877835], [116.2956424, 39.9877732], [116.2956586, 39.9876186], [116.2954892, 39.9876082]]]]}}, {"type": "Feature", "properties": {"building": "yes", "source": "osm"}, "geometry": {"type": "MultiPolygon", "coordinates": [[[[116.2957214, 39.9885495], [116.2957336, 39.9884263], [116.2958846, 39.9884351], [116.2958725, 39.9885583], [116.2957214, 39.9885495]]]]}}, {"type": "Feature", "properties": {"building": "yes", "source": "osm"}, "geometry": {"type": "MultiPolygon", "coordinates": [[[[116.2957599, 39.9887247], [116.2957665, 39.9886133], [116.2958543, 39.9886163], [116.2958567, 39.9885763], [116.295989, 39.9885809], [116.29598, 39.9887323], [116.2957599, 39.9887247]]]]}}, {"type": "Feature", "properties": {"building": "dormitory", "name": "东王庄17号楼", "source": "osm"}, "geometry": {"type": "MultiPolygon", "coordinates": [[[[116.3377887, 39.9975725], [116.3377915, 39.997435], [116.3378953, 39.9974363], [116.3378951, 39.997446], [116.3379975, 39.9974472], [116.3379972, 39.9974599], [116.3380795, 39.9974609], [116.3380792, 39.9974772], [116.3386529, 39.9974843], [116.3386495, 39.9976425], [116.3380437, 39.997635], [116.3380441, 39.9976116], [116.3379531, 39.9976105], [116.3379535, 39.99759], [116.3378727, 39.997589], [116.3378731, 39.9975735], [116.3377887, 39.9975725]]]]}}, {"type": "Feature", "properties": {"building": "yes", "name": "校景亭", "amenity": "shelter", "source": "osm"}, "geometry": {"type": "MultiPolygon", "coordinates": [[[[116.3004785, 39.9949351], [116.3005784, 39.9949331], [116.3005812, 39.9950172], [116.3004813, 39.9950191], [116.3004785, 39.9949351]]]]}}, {"type": "Feature", "properties": {"building": "school", "source": "osm"}, "geometry": {"type": "MultiPolygon", "coordinates": [[[[116.313528, 39.9774095], [116.3135344, 39.9771936], [116.3139407, 39.9771974], [116.3139339, 39.9774146], [116.313528, 39.9774095]]]]}}, {"type": "Feature", "properties": {"building": "roof", "amenity": "fuel", "source": "osm"}, "geometry": {"type": "MultiPolygon", "coordinates": [[[[116.3094534, 39.9994295], [116.3094849, 39.9991601], [116.3097931, 39.9991812], [116.3097616, 39.9994506], [116.3094534, 39.9994295]]]]}}, {"type": "Feature", "properties": {"building": "dormitory", "name": "3 号楼", "source": "osm"}, "geometry": {"type": "MultiPolygon", "coordinates": [[[[116.2969663, 39.9907372], [116.2969984, 39.9904289], [116.2971761, 39.9904424], [116.2971634, 39.9905711], [116.2970728, 39.9905659], [116.2970679, 39.9906148], [116.2974828, 39.9906387], [116.297481, 39.9906564], [116.2975118, 39.9906582], [116.2975172, 39.990604], [116.2979334, 39.9906283], [116.2979355, 39.9906072], [116.2980309, 39.9906128], [116.297996, 39.9909611], [116.2978234, 39.9909509], [116.2978389, 39.9907966], [116.2979066, 39.9908006], [116.2979104, 39.9907627], [116.2976009, 39.9907443], [116.2976025, 39.990728], [116.2975054, 39.9907222], [116.2975004, 39.9907712], [116.2970529, 39.9907442], [116.297056, 39.9907143], [116.2970268, 39.9907126], [116.2970239, 39.9907408], [116.2969663, 39.9907372]]]]}}, {"type": "Feature", "properties": {"building": "dormitory", "name": "1 号楼", "source": "osm"}, "geometry": {"type": "MultiPolygon", "coordinates": [[[[116.2970334, 39.9900604], [116.2970501, 39.9898872], [116.297074, 39.9898886], [116.2970813, 39.9898124], [116.2971139, 39.9898143], [116.29712, 39.989751], [116.2974795, 39.9897713], [116.297475, 39.9898185], [116.2980213, 39.9898494], [116.2980172, 39.9898915], [116.2981024, 39.9898963], [116.2980942, 39.9899808], [116.2980269, 39.989977], [116.2980296, 39.989949], [116.2979898, 39.9899467], [116.2979854, 39.9899916], [116.2974805, 39.9899627], [116.2974864, 39.9899029], [116.2973829, 39.989897], [116.2973815, 39.989911], [116.2971807, 39.9898996], [116.2971799, 39.989907], [116.297263, 39.9899117], [116.2972475, 39.9900725], [116.2970334, 39.9900604]]]]}}, {"type": "Feature", "properties": {"building": "dormitory", "name": "4 号楼", "source": "osm"}, "geometry": {"type": "MultiPolygon", "coordinates": [[[[116.296961, 39.9909939], [116.2969834, 39.9908389], [116.2971713, 39.9908543], [116.2971444, 39.9910336], [116.2972994, 39.9910354], [116.2972975, 39.9910578], [116.2973718, 39.9910615], [116.2973763, 39.9910098], [116.297882, 39.9910353], [116.2978784, 39.991078], [116.2979024, 39.9910792], [116.297905, 39.9910487], [116.2979808, 39.9910525], [116.2979732, 39.9911409], [116.2978738, 39.9911359], [116.2978701, 39.9911791], [116.2973508, 39.991153], [116.2973473, 39.9911938], [116.2972909, 39.991191], [116.2972924, 39.9911725], [116.2969988, 39.9911601], [116.2970086, 39.9910972], [116.2970048, 39.9909994], [116.296961, 39.9909939]]]]}}, {"type": "Feature", "properties": {"building": "school", "name": "启程楼", "source": "osm"}, "geometry": {"type": "MultiPolygon", "coordinates": [[[[116.3162279, 39.9936144], [116.3162361, 39.9934841], [116.3162723, 39.9934855], [116.3162735, 39.9934661], [116.3165591, 39.9934767], [116.3165567, 39.9935141], [116.3166477, 39.9935175], [116.3166461, 39.9935428], [116.3167351, 39.9935461], [116.3167331, 39.993577], [116.3168343, 39.9935808], [116.3168278, 39.9936829], [116.3167301, 39.9936792], [116.3167311, 39.9936623], [116.3166298, 39.9936585], [116.3166311, 39.9936378], [116.3165398, 39.9936344], [116.3165415, 39.9936066], [116.3164396, 39.9936028], [116.3164406, 39.9935872], [116.3162893, 39.9935817], [116.3162871, 39.9936165], [116.3162279, 39.9936144]]]]}}, {"type": "Feature", "properties": {"building": "school", "name": "修远楼", "source": "osm"}, "geometry": {"type": "MultiPolygon", "coordinates": [[[[116.3158389, 39.9938593], [116.3158695, 39.9936282], [116.3162144, 39.993655], [116.316209, 39.9936959], [116.3163909, 39.9937101], [116.3163658, 39.9939001], [116.3161968, 39.993887], [116.3161528, 39.9938836], [116.3158389, 39.9938593]]]]}}, {"type": "Feature", "properties": {"building": "school", "name": "华韵楼", "source": "osm"}, "geometry": {"type": "MultiPolygon", "coordinates": [[[[116.3170842, 39.9941618], [116.3170974, 39.9940418], [116.3171435, 39.9940448], [116.3171401, 39.9940759], [116.3171662, 39.9940776], [116.3171911, 39.9940792], [116.3173011, 39.9940863], [116.3172915, 39.9941734], [116.3175731, 39.9941915], [116.3175807, 39.9941214], [116.3176685, 39.99413], [116.3176532, 39.9942803], [116.3171276, 39.9942465], [116.3171365, 39.9941651], [116.3170842, 39.9941618]]]]}}, {"type": "Feature", "properties": {"building": "school", "name": "联盛馆", "source": "osm"}, "geometry": {"type": "MultiPolygon", "coordinates": [[[[116.3174396, 39.9941091], [116.3174564, 39.9939882], [116.3174766, 39.9938425], [116.3177506, 39.9938648], [116.3177136, 39.9941314], [116.3175807, 39.9941214], [116.3174396, 39.9941091]]]]}}, {"type": "Feature", "properties": {"building": "school", "name": "丁香书苑", "source": "osm"}, "geometry": {"type": "MultiPolygon", "coordinates": [[[[116.3172275, 39.9937475], [116.3172371, 39.99366], [116.3176844, 39.993686], [116.3176976, 39.9935506], [116.3173098, 39.9935284], [116.3173202, 39.9934221], [116.3177599, 39.9934473], [116.3177278, 39.9937752], [116.3172275, 39.9937475]]]]}}, {"type": "Feature", "properties": {"building": "residential", "name": "蓝旗营11号楼", "source": "osm"}, "geometry": {"type": "MultiPolygon", "coordinates": [[[[116.3174791, 39.9926858], [116.3174836, 39.992609], [116.317525, 39.9926104], [116.3175317, 39.9924959], [116.3175816, 39.9924976], [116.3175878, 39.99239], [116.3177607, 39.9923959], [116.3177546, 39.9924999], [116.3178066, 39.9925016], [116.3178, 39.9926142], [116.3178419, 39.9926156], [116.3178371, 39.992698], [116.3174791, 39.9926858]]]]}}, {"type": "Feature", "properties": {"building": "residential", "name": "蓝旗营6号楼", "source": "osm"}, "geometry": {"type": "MultiPolygon", "coordinates": [[[[116.3170688, 39.9922543], [116.3170732, 39.9921774], [116.3171146, 39.9921788], [116.3171213, 39.9920644], [116.3171712, 39.9920661], [116.3171775, 39.9919584], [116.3173503, 39.9919643], [116.3173442, 39.9920683], [116.3173962, 39.9920701], [116.3173896, 39.9921827], [116.3174315, 39.9921841], [116.3174267, 39.9922665], [116.3170688, 39.9922543]]]]}}, {"type": "Feature", "properties": {"building": "residential", "name": "蓝旗营7号楼", "source": "osm"}, "geometry": {"type": "MultiPolygon", "coordinates": [[[[116.3198824, 39.9923673], [116.3198869, 39.9922905], [116.3199283, 39.9922919], [116.3199349, 39.9921774], [116.3199848, 39.9921791], [116.3199911, 39.9920714], [116.3201639, 39.9920773], [116.3201579, 39.9921814], [116.3202098, 39.9921831], [116.3202033, 39.9922957], [116.3202451, 39.9922971], [116.3202404, 39.9923795], [116.3198824, 39.9923673]]]]}}, {"type": "Feature", "properties": {"building": "residential", "name": "蓝旗营9号楼", "source": "osm"}, "geometry": {"type": "MultiPolygon", "coordinates": [[[[116.3194747, 39.9927803], [116.3194792, 39.9927035], [116.3195206, 39.9927049], [116.3195272, 39.9925904], [116.3195771, 39.9925921], [116.3195834, 39.9924845], [116.3197562, 39.9924904], [116.3197502, 39.9925944], [116.3198021, 39.9925962], [116.3197956, 39.9927087], [116.3198374, 39.9927101], [116.3198327, 39.9927925], [116.3194747, 39.9927803]]]]}}, {"type": "Feature", "properties": {"building": "yes", "source": "osm"}, "geometry": {"type": "MultiPolygon", "coordinates": [[[[116.3199047, 39.9929643], [116.3199091, 39.9928919], [116.3201079, 39.9928989], [116.3201106, 39.9928538], [116.3201948, 39.9928568], [116.3201876, 39.9929744], [116.3199047, 39.9929643]]]]}}, {"type": "Feature", "properties": {"building": "residential", "name": "蓝旗营8号楼", "source": "osm"}, "geometry": {"type": "MultiPolygon", "coordinates": [[[[116.3203163, 39.9929067], [116.3203208, 39.9928299], [116.3203622, 39.9928313], [116.3203688, 39.9927168], [116.3204187, 39.9927185], [116.320425, 39.9926109], [116.3205978, 39.9926168], [116.3205918, 39.9927208], [116.3206437, 39.9927226], [116.3206372, 39.9928351], [116.3206791, 39.9928365], [116.3206743, 39.9929189], [116.3203163, 39.9929067]]]]}}, {"type": "Feature", "properties": {"building": "school", "source": "osm"}, "geometry": {"type": "MultiPolygon", "coordinates": [[[[116.3217867, 39.9927568], [116.3217926, 39.9925699], [116.3222139, 39.9925777], [116.322208, 39.9927646], [116.3217867, 39.9927568]]]]}}, {"type": "Feature", "properties": {"building": "school", "source": "osm"}, "geometry": {"type": "MultiPolygon", "coordinates": [[[[116.320839, 39.9927076], [116.320847, 39.9925767], [116.3209737, 39.9925813], [116.3209774, 39.9925216], [116.3216517, 39.9925458], [116.3216357, 39.9928068], [116.3214195, 39.992799], [116.3214279, 39.9926623], [116.3211942, 39.9926539], [116.3211917, 39.9926935], [116.3209913, 39.9926862], [116.3209896, 39.9927131], [116.320839, 39.9927076]]]]}}, {"type": "Feature", "properties": {"building": "school", "source": "osm"}, "geometry": {"type": "MultiPolygon", "coordinates": [[[[116.3208367, 39.9933029], [116.3208372, 39.9932372], [116.3212328, 39.9932389], [116.3212323, 39.9933046], [116.3208367, 39.9933029]]]]}}, {"type": "Feature", "properties": {"building": "residential", "name": "高1楼", "source": "osm"}, "geometry": {"type": "MultiPolygon", "coordinates": [[[[116.317496, 39.9985748], [116.3176123, 39.99857], [116.3176104, 39.9985429], [116.3177115, 39.9985388], [116.3177136, 39.9985682], [116.3178276, 39.9985635], [116.3178378, 39.9987087], [116.3177491, 39.9987124], [116.3177464, 39.9986741], [116.3175949, 39.9986803], [116.3175977, 39.9987201], [116.3175064, 39.9987238], [116.317496, 39.9985748]]]]}}, {"type": "Feature", "properties": {"building": "school", "name": "博雅楼", "source": "osm"}, "geometry": {"type": "MultiPolygon", "coordinates": [[[[116.3168168, 39.9934997], [116.3168307, 39.9933585], [116.3169826, 39.9933672], [116.3169758, 39.9934362], [116.3172094, 39.9934497], [116.3172059, 39.9934846], [116.3172022, 39.993522], [116.3168168, 39.9934997]]]]}}, {"type": "Feature", "properties": {"building": "kindergarten", "source": "osm"}, "geometry": {"type": "MultiPolygon", "coordinates": [[[[116.3201588, 39.9951704], [116.3202483, 39.9947732], [116.3207286, 39.9948367], [116.3207116, 39.9949121], [116.3203938, 39.9948701], [116.3203214, 39.9951919], [116.3201588, 39.9951704]]]]}}, {"type": "Feature", "properties": {"building": "kindergarten", "source": "osm"}, "geometry": {"type": "MultiPolygon", "coordinates": [[[[116.3195971, 39.9959879], [116.3196292, 39.9958462], [116.3197097, 39.9958585], [116.3197151, 39.9958359], [116.3198331, 39.9958564], [116.3198438, 39.9958359], [116.3200504, 39.9958708], [116.3200584, 39.9958441], [116.3201255, 39.9958585], [116.320163, 39.9957188], [116.3200852, 39.9956263], [116.320163, 39.9953057], [116.3202032, 39.9952585], [116.3202569, 39.9952482], [116.3203293, 39.9952626], [116.3203508, 39.9952872], [116.3203615, 39.9953283], [116.3202113, 39.9959283], [116.3202703, 39.9959427], [116.3203078, 39.9959016], [116.3203722, 39.9959283], [116.3204205, 39.9959674], [116.3204554, 39.9960085], [116.3205063, 39.9959859], [116.3205868, 39.9959941], [116.3205948, 39.9959694], [116.3207558, 39.99599], [116.3207638, 39.9959653], [116.3208684, 39.9959818], [116.3208389, 39.9960968], [116.3207182, 39.9960804], [116.3207048, 39.9961174], [116.3204446, 39.9960763], [116.3203754, 39.9960851], [116.3203159, 39.9960927], [116.3202998, 39.9960578], [116.3202783, 39.9960352], [116.3202408, 39.9960126], [116.3201979, 39.9960003], [116.3201845, 39.9960434], [116.3198063, 39.9959879], [116.3197982, 39.9960146], [116.3195971, 39.9959879]]]]}}, {"type": "Feature", "properties": {"building": "kindergarten", "source": "osm"}, "geometry": {"type": "MultiPolygon", "coordinates": [[[[116.3203996, 39.9963365], [116.3204064, 39.9962142], [116.3208282, 39.996228], [116.3208308, 39.9961829], [116.3209743, 39.9961876], [116.3209663, 39.9963304], [116.3208223, 39.9963257], [116.3208209, 39.9963504], [116.3203996, 39.9963365]]]]}}, {"type": "Feature", "properties": {"building": "kindergarten", "source": "osm"}, "geometry": {"type": "MultiPolygon", "coordinates": [[[[116.3194844, 39.9965263], [116.3195059, 39.9964194], [116.3201067, 39.9964996], [116.3201389, 39.9963578], [116.3201576, 39.9963167], [116.3201952, 39.9962797], [116.3202676, 39.9962612], [116.3203306, 39.9962791], [116.3203754, 39.9960851], [116.3204446, 39.9960763], [116.3204429, 39.9961202], [116.3204053, 39.9961167], [116.3203669, 39.9963064], [116.3202864, 39.9966352], [116.3194844, 39.9965263]]]]}}, {"type": "Feature", "properties": {"building": "kindergarten", "name": "办公楼", "source": "osm"}, "geometry": {"type": "MultiPolygon", "coordinates": [[[[116.3204887, 39.9951911], [116.320519, 39.9950737], [116.3208807, 39.9951286], [116.3208504, 39.995246], [116.3204887, 39.9951911]]]]}}, {"type": "Feature", "properties": {"building": "university", "name": "能科楼D", "source": "osm"}, "geometry": {"type": "MultiPolygon", "coordinates": [[[[116.3232617, 39.9967313], [116.3232764, 39.9964682], [116.3234319, 39.9964734], [116.3234172, 39.9967364], [116.3232617, 39.9967313]]]]}}, {"type": "Feature", "properties": {"building": "school", "name": "福寿之园", "source": "osm"}, "geometry": {"type": "MultiPolygon", "coordinates": [[[[116.3161926, 39.9953634], [116.3162099, 39.99516], [116.3162853, 39.9951638], [116.3162733, 39.9953054], [116.316616, 39.9953225], [116.3166286, 39.9951746], [116.3166987, 39.9951781], [116.3166808, 39.9953878], [116.3161926, 39.9953634]]]]}}, {"type": "Feature", "properties": {"building": "yes", "name": "实验动物中心A座", "source": "osm"}, "geometry": {"type": "MultiPolygon", "coordinates": [[[[116.2994212, 39.9958933], [116.299796, 39.9958812], [116.2997956, 39.9959442], [116.3001416, 39.9959453], [116.3001412, 39.9960218], [116.2995767, 39.9960247], [116.2994263, 39.9960029], [116.2994212, 39.9958933]]]]}}, {"type": "Feature", "properties": {"building": "commercial", "name": "洗车房", "amenity": "car_wash", "source": "osm"}, "geometry": {"type": "MultiPolygon", "coordinates": [[[[116.3095558, 39.9989856], [116.3095606, 39.9988962], [116.3097712, 39.9989028], [116.3097664, 39.9989922], [116.3095558, 39.9989856]]]]}}, {"type": "Feature", "properties": {"building": "yes", "name": "家恩德运医院", "amenity": "hospital", "source": "osm"}, "geometry": {"type": "MultiPolygon", "coordinates": [[[[116.3356302, 39.9770225], [116.335665, 39.9768338], [116.3358524, 39.9768369], [116.3358483, 39.9769362], [116.3360553, 39.9769387], [116.3360507, 39.9770376], [116.3359213, 39.9770595], [116.3357595, 39.9770518], [116.3356302, 39.9770225]]]]}}, {"type": "Feature", "properties": {"building": "yes", "source": "osm"}, "geometry": {"type": "MultiPolygon", "coordinates": [[[[116.3305435, 39.9741077], [116.3305476, 39.9740043], [116.3309552, 39.9740137], [116.3309511, 39.9741172], [116.3305435, 39.9741077]]]]}}, {"type": "Feature", "properties": {"building": "yes", "source": "osm"}, "geometry": {"type": "MultiPolygon", "coordinates": [[[[116.330534, 39.9731016], [116.3305503, 39.9727624], [116.3313261, 39.9727843], [116.3313204, 39.9729039], [116.3306956, 39.9728863], [116.3306851, 39.9731059], [116.330534, 39.9731016]]]]}}, {"type": "Feature", "properties": {"building": "yes", "source": "osm"}, "geometry": {"type": "MultiPolygon", "coordinates": [[[[116.3305324, 39.9744728], [116.3305365, 39.9743694], [116.3309441, 39.9743789], [116.33094, 39.9744823], [116.3305324, 39.9744728]]]]}}, {"type": "Feature", "properties": {"building": "yes", "source": "osm"}, "geometry": {"type": "MultiPolygon", "coordinates": [[[[116.3314634, 39.9735939], [116.3314874, 39.973413], [116.3318066, 39.9734378], [116.3317826, 39.9736187], [116.3314634, 39.9735939]]]]}}, {"type": "Feature", "properties": {"building": "yes", "source": "osm"}, "geometry": {"type": "MultiPolygon", "coordinates": [[[[116.3305569, 39.9737496], [116.330561, 39.9736461], [116.3309686, 39.9736556], [116.3309645, 39.973759], [116.3305569, 39.9737496]]]]}}, {"type": "Feature", "properties": {"building": "yes", "source": "osm"}, "geometry": {"type": "MultiPolygon", "coordinates": [[[[116.3315735, 39.9729504], [116.3315994, 39.9727635], [116.3318419, 39.9727833], [116.331816, 39.9729702], [116.3315735, 39.9729504]]]]}}, {"type": "Feature", "properties": {"building": "yes", "source": "osm"}, "geometry": {"type": "MultiPolygon", "coordinates": [[[[116.3304731, 39.9747043], [116.3311711, 39.9746986], [116.331173, 39.9748359], [116.330475, 39.9748416], [116.3304731, 39.9747043]]]]}}, {"type": "Feature", "properties": {"building": "yes", "source": "osm"}, "geometry": {"type": "MultiPolygon", "coordinates": [[[[116.3310961, 39.97419], [116.3311003, 39.9740241], [116.3312992, 39.9740271], [116.331295, 39.9741929], [116.3310961, 39.97419]]]]}}, {"type": "Feature", "properties": {"building": "yes", "source": "osm"}, "geometry": {"type": "MultiPolygon", "coordinates": [[[[116.331109, 39.9738567], [116.3311132, 39.9736908], [116.3313121, 39.9736938], [116.3313079, 39.9738597], [116.331109, 39.9738567]]]]}}, {"type": "Feature", "properties": {"building": "yes", "source": "osm"}, "geometry": {"type": "MultiPolygon", "coordinates": [[[[116.3315231, 39.9739394], [116.331539, 39.973724], [116.3317442, 39.9737329], [116.3317283, 39.9739483], [116.3315231, 39.9739394]]]]}}, {"type": "Feature", "properties": {"building": "yes", "source": "osm"}, "geometry": {"type": "MultiPolygon", "coordinates": [[[[116.3314727, 39.9745966], [116.3314897, 39.9743783], [116.3316484, 39.9743856], [116.3316314, 39.9746038], [116.3314727, 39.9745966]]]]}}, {"type": "Feature", "properties": {"building": "yes", "source": "osm"}, "geometry": {"type": "MultiPolygon", "coordinates": [[[[116.3311114, 39.9735192], [116.3311156, 39.9733533], [116.3313145, 39.9733563], [116.3313103, 39.9735222], [116.3311114, 39.9735192]]]]}}, {"type": "Feature", "properties": {"building": "yes", "source": "osm"}, "geometry": {"type": "MultiPolygon", "coordinates": [[[[116.3310836, 39.974545], [116.3310879, 39.9743791], [116.3312868, 39.9743821], [116.3312825, 39.9745479], [116.3310836, 39.974545]]]]}}, {"type": "Feature", "properties": {"building": "yes", "source": "osm"}, "geometry": {"type": "MultiPolygon", "coordinates": [[[[116.3238818, 39.9969883], [116.3238929, 39.9968351], [116.3245391, 39.9968626], [116.3245281, 39.9970158], [116.3238818, 39.9969883]]]]}}, {"type": "Feature", "properties": {"building": "yes", "source": "osm"}, "geometry": {"type": "MultiPolygon", "coordinates": [[[[116.3129875, 39.9989044], [116.3129901, 39.9988571], [116.3131677, 39.9988628], [116.3131651, 39.9989101], [116.3129875, 39.9989044]]]]}}, {"type": "Feature", "properties": {"building": "yes", "amenity": "shower", "source": "osm"}, "geometry": {"type": "MultiPolygon", "coordinates": [[[[116.3126683, 39.9991753], [116.3127842, 39.9989791], [116.3128808, 39.9990126], [116.3127965, 39.9991634], [116.3130818, 39.9991836], [116.3130731, 39.9992482], [116.3127628, 39.9992195], [116.3126683, 39.9991753]]]]}}, {"type": "Feature", "properties": {"building": "transportation", "source": "osm"}, "geometry": {"type": "MultiPolygon", "coordinates": [[[[116.3326545, 39.9988779], [116.3326586, 39.9988086], [116.3328858, 39.9988165], [116.3328817, 39.9988857], [116.3326545, 39.9988779]]]]}}, {"type": "Feature", "properties": {"building": "residential", "name": "4号楼", "source": "osm"}, "geometry": {"type": "MultiPolygon", "coordinates": [[[[116.2964999, 39.9706791], [116.2973324, 39.9701535], [116.2974144, 39.9702428], [116.2965991, 39.9707552], [116.2964999, 39.9706791]]]]}}, {"type": "Feature", "properties": {"building": "residential", "name": "3", "source": "osm"}, "geometry": {"type": "MultiPolygon", "coordinates": [[[[116.2957433, 39.9698119], [116.2957784, 39.9697281], [116.2968739, 39.9700238], [116.2968162, 39.9701187], [116.2957433, 39.9698119]]]]}}, {"type": "Feature", "properties": {"building": "yes", "source": "osm"}, "geometry": {"type": "MultiPolygon", "coordinates": [[[[116.2990342, 39.9832917], [116.2990611, 39.9832213], [116.2991195, 39.9832344], [116.2990927, 39.9833047], [116.2990342, 39.9832917]]]]}}, {"type": "Feature", "properties": {"building": "greenhouse", "source": "osm"}, "geometry": {"type": "MultiPolygon", "coordinates": [[[[116.3016463, 39.9965506], [116.301771, 39.9964751], [116.3020052, 39.996702], [116.3018806, 39.9967775], [116.3016463, 39.9965506]]]]}}, {"type": "Feature", "properties": {"building": "greenhouse", "source": "osm"}, "geometry": {"type": "MultiPolygon", "coordinates": [[[[116.3026299, 39.997463], [116.3026755, 39.9974032], [116.3029687, 39.9975344], [116.302923, 39.9975942], [116.3026299, 39.997463]]]]}}, {"type": "Feature", "properties": {"building": "yes", "source": "osm"}, "geometry": {"type": "MultiPolygon", "coordinates": [[[[116.3061504, 39.9975412], [116.306169, 39.9974371], [116.3067428, 39.9974971], [116.3067243, 39.9976012], [116.3061504, 39.9975412]]]]}}, {"type": "Feature", "properties": {"building": "yes", "source": "osm"}, "geometry": {"type": "MultiPolygon", "coordinates": [[[[116.3074021, 39.9975349], [116.3074297, 39.9973908], [116.3084014, 39.9975269], [116.308371, 39.9977094], [116.3082754, 39.9977024], [116.3082223, 39.9978338], [116.308066, 39.997986], [116.3077277, 39.9981278], [116.3074348, 39.998086], [116.3075536, 39.9975604], [116.3074021, 39.9975349]], [[116.3077822, 39.9978506], [116.3079992, 39.9978782], [116.3080435, 39.9976733], [116.3078265, 39.9976458], [116.3077822, 39.9978506]]]]}}, {"type": "Feature", "properties": {"building": "bungalow", "source": "osm"}, "geometry": {"type": "MultiPolygon", "coordinates": [[[[116.3036567, 39.9956668], [116.3036448, 39.9957358], [116.3034545, 39.9957149], [116.3034683, 39.9956417], [116.3034023, 39.9956344], [116.3034869, 39.9951836], [116.304063, 39.995247], [116.304049, 39.9953212], [116.3038327, 39.9952974], [116.3038118, 39.9954091], [116.3040262, 39.9954327], [116.3040077, 39.9955319], [116.3038091, 39.9955101], [116.3037979, 39.9955701], [116.3039857, 39.9955907], [116.3039696, 39.9956769], [116.3037519, 39.995653], [116.3037473, 39.9956776], [116.3036567, 39.9956668]], [[116.3036567, 39.9956668], [116.3036704, 39.9955933], [116.3034886, 39.9955734], [116.3034811, 39.9956133], [116.3035097, 39.9956165], [116.3035034, 39.99565], [116.3036567, 39.9956668]], [[116.3035004, 39.9954886], [116.3037097, 39.9955122], [116.3037243, 39.995436], [116.303515, 39.9954124], [116.3035004, 39.9954886]], [[116.3035402, 39.9953293], [116.3037495, 39.9953529], [116.3037642, 39.9952767], [116.3035548, 39.9952531], [116.3035402, 39.9953293]]]]}}, {"type": "Feature", "properties": {"building": "bungalow", "name": "教育基金会", "source": "osm"}, "geometry": {"type": "MultiPolygon", "coordinates": [[[[116.304028, 39.9958678], [116.3041285, 39.9953271], [116.3045781, 39.9953762], [116.3044775, 39.9959169], [116.304028, 39.9958678]], [[116.3041475, 39.9957814], [116.3043794, 39.9958054], [116.3043944, 39.9957198], [116.3041625, 39.9956958], [116.3041475, 39.9957814]], [[116.3041984, 39.9955546], [116.3044283, 39.9955811], [116.3044552, 39.9954441], [116.3042253, 39.9954176], [116.3041984, 39.9955546]]]]}}, {"type": "Feature", "properties": {"building": "bungalow", "name": "李兆基人文学苑", "source": "osm"}, "geometry": {"type": "MultiPolygon", "coordinates": [[[[116.3052826, 39.9952372], [116.3053107, 39.9950495], [116.3054674, 39.9950632], [116.3054555, 39.9951432], [116.3054394, 39.9952509], [116.3052826, 39.9952372]]]]}}, {"type": "Feature", "properties": {"building": "bungalow", "source": "osm"}, "geometry": {"type": "MultiPolygon", "coordinates": [[[[116.3059283, 39.9955126], [116.3059444, 39.9954087], [116.3062183, 39.9954336], [116.3062022, 39.9955375], [116.3059283, 39.9955126]]]]}}, {"type": "Feature", "properties": {"building": "bungalow", "source": "osm"}, "geometry": {"type": "MultiPolygon", "coordinates": [[[[116.3023347, 39.9948251], [116.3023432, 39.9946555], [116.3024116, 39.9946576], [116.3024074, 39.9947398], [116.3025964, 39.9947453], [116.3025932, 39.9948097], [116.3024019, 39.994804], [116.3024008, 39.994827], [116.3023347, 39.9948251]]]]}}, {"type": "Feature", "properties": {"building": "bungalow", "source": "osm"}, "geometry": {"type": "MultiPolygon", "coordinates": [[[[116.3026446, 39.994845], [116.3026517, 39.9946485], [116.3027294, 39.9946502], [116.3027253, 39.9947642], [116.3028803, 39.9947675], [116.3028841, 39.9946599], [116.3029363, 39.994661], [116.3029305, 39.9948215], [116.3027257, 39.9948172], [116.3027246, 39.9948467], [116.3026446, 39.994845]]]]}}, {"type": "Feature", "properties": {"building": "bungalow", "source": "osm"}, "geometry": {"type": "MultiPolygon", "coordinates": [[[[116.3027598, 39.9953121], [116.3027647, 39.9951066], [116.3029968, 39.9951099], [116.3029925, 39.9952904], [116.3031481, 39.9952926], [116.3031488, 39.9952643], [116.3032956, 39.9952664], [116.3032947, 39.9953047], [116.3033702, 39.9953058], [116.3033689, 39.9953608], [116.3029716, 39.9953552], [116.3029725, 39.995315], [116.3027598, 39.9953121]]]]}}, {"type": "Feature", "properties": {"building": "bungalow", "source": "osm"}, "geometry": {"type": "MultiPolygon", "coordinates": [[[[116.3032941, 39.9952502], [116.3032984, 39.9951266], [116.3033772, 39.9951282], [116.3033729, 39.9952519], [116.3032941, 39.9952502]]]]}}, {"type": "Feature", "properties": {"building": "bungalow", "name": "北大-港理工中国社会工作研究中心（恩善苑）", "source": "osm"}, "geometry": {"type": "MultiPolygon", "coordinates": [[[[116.3012622, 39.9962266], [116.3012778, 39.996122], [116.3016768, 39.996157], [116.3016322, 39.9964552], [116.3014959, 39.9964432], [116.3015072, 39.9963677], [116.3014242, 39.9963604], [116.3014336, 39.9962975], [116.3015361, 39.9963065], [116.3015444, 39.9962513], [116.3012622, 39.9962266]]]]}}, {"type": "Feature", "properties": {"building": "college", "source": "osm"}, "geometry": {"type": "MultiPolygon", "coordinates": [[[[116.3063348, 39.9930059], [116.3063408, 39.9927752], [116.3070302, 39.9927858], [116.3070266, 39.992922], [116.3068962, 39.99292], [116.3068884, 39.9932151], [116.3066744, 39.9932118], [116.3066782, 39.9930683], [116.3064091, 39.9930641], [116.3063348, 39.9930059]]]]}}, {"type": "Feature", "properties": {"building": "bungalow", "source": "osm"}, "geometry": {"type": "MultiPolygon", "coordinates": [[[[116.3061268, 39.9931796], [116.3061561, 39.9930867], [116.3065471, 39.9931591], [116.3065261, 39.9932258], [116.3062344, 39.9931718], [116.3062261, 39.993198], [116.3061268, 39.9931796]]]]}}, {"type": "Feature", "properties": {"building": "yes", "amenity": "police", "source": "osm"}, "geometry": {"type": "MultiPolygon", "coordinates": [[[[116.3310501, 39.9909866], [116.3310785, 39.9908398], [116.3311754, 39.9908528], [116.3311472, 39.9909995], [116.3310501, 39.9909866]]]]}}, {"type": "Feature", "properties": {"building": "yes", "source": "osm"}, "geometry": {"type": "MultiPolygon", "coordinates": [[[[116.3004444, 39.9907704], [116.3004556, 39.9903954], [116.3004963, 39.9903961], [116.3005572, 39.9904004], [116.3006169, 39.9904014], [116.3006059, 39.9907737], [116.3005283, 39.9907724], [116.3004819, 39.990771], [116.3004444, 39.9907704]]]]}}, {"type": "Feature", "properties": {"building": "yes", "source": "osm"}, "geometry": {"type": "MultiPolygon", "coordinates": [[[[116.3005329, 39.9909779], [116.300534, 39.990943], [116.3005376, 39.9908127], [116.3009404, 39.9908198], [116.3009355, 39.990985], [116.3005329, 39.9909779]]]]}}, {"type": "Feature", "properties": {"building": "yes", "source": "osm"}, "geometry": {"type": "MultiPolygon", "coordinates": [[[[116.300542, 39.9903337], [116.3005527, 39.9899372], [116.3005534, 39.9899124], [116.3009919, 39.9899199], [116.3009803, 39.9903207], [116.3009455, 39.9903201], [116.3009449, 39.9903401], [116.3005591, 39.9903334], [116.300542, 39.9903337]]]]}}, {"type": "Feature", "properties": {"building": "yes", "source": "osm"}, "geometry": {"type": "MultiPolygon", "coordinates": [[[[116.3005711, 39.9888026], [116.3005821, 39.9886148], [116.3012682, 39.9886385], [116.3012393, 39.9891285], [116.3010554, 39.9891221], [116.301063, 39.9890211], [116.301073, 39.9888192], [116.3007101, 39.9888087], [116.3005711, 39.9888026]]]]}}, {"type": "Feature", "properties": {"building": "yes", "source": "osm"}, "geometry": {"type": "MultiPolygon", "coordinates": [[[[116.3002466, 39.9934834], [116.3002537, 39.9931457], [116.3003072, 39.9931464], [116.3005314, 39.9931491], [116.3005896, 39.9931498], [116.3005826, 39.9934873], [116.3005256, 39.9934866], [116.3003001, 39.9934841], [116.3002466, 39.9934834]]]]}}, {"type": "Feature", "properties": {"building": "yes", "name": "章桂堂", "source": "osm"}, "geometry": {"type": "MultiPolygon", "coordinates": [[[[116.3045555, 39.9923881], [116.3045665, 39.9922041], [116.3047262, 39.9922098], [116.3047152, 39.9923938], [116.3045555, 39.9923881]]]]}}, {"type": "Feature", "properties": {"building": "yes", "source": "osm"}, "geometry": {"type": "MultiPolygon", "coordinates": [[[[116.3048382, 39.9922881], [116.3048403, 39.9922238], [116.3049223, 39.9922254], [116.3051286, 39.9922292], [116.3052251, 39.9922311], [116.305223, 39.9922953], [116.3051263, 39.9922935], [116.30492, 39.9922897], [116.3048382, 39.9922881]]]]}}, {"type": "Feature", "properties": {"building": "yes", "name": "亨利楼", "source": "osm"}, "geometry": {"type": "MultiPolygon", "coordinates": [[[[116.30492, 39.9922897], [116.3049223, 39.9922254], [116.3051286, 39.9922292], [116.3051263, 39.9922935], [116.30492, 39.9922897]]]]}}, {"type": "Feature", "properties": {"building": "yes", "source": "osm"}, "geometry": {"type": "MultiPolygon", "coordinates": [[[[116.3052419, 39.9885799], [116.3052459, 39.9885419], [116.3052955, 39.988544], [116.3052915, 39.988582], [116.3052419, 39.9885799]]]]}}, {"type": "Feature", "properties": {"building": "yes", "source": "osm"}, "geometry": {"type": "MultiPolygon", "coordinates": [[[[116.3083814, 39.9872828], [116.3083961, 39.986916], [116.3086847, 39.9869223], [116.3086624, 39.987286], [116.3083814, 39.9872828]]]]}}, {"type": "Feature", "properties": {"building": "yes", "name": "中国科学院晨兴数学中心", "source": "osm"}, "geometry": {"type": "MultiPolygon", "coordinates": [[[[116.3250227, 39.9835705], [116.3250322, 39.9834129], [116.3257345, 39.9834323], [116.3257155, 39.9836359], [116.3254782, 39.9836287], [116.3254592, 39.983585], [116.3250227, 39.9835705]]]]}}, {"type": "Feature", "properties": {"building": "yes", "amenity": "bicycle_parking", "source": "osm"}, "geometry": {"type": "MultiPolygon", "coordinates": [[[[116.299656, 39.9883822], [116.2996614, 39.9882609], [116.3002139, 39.9882815], [116.3002085, 39.9883986], [116.299656, 39.9883822]]]]}}, {"type": "Feature", "properties": {"building": "yes", "amenity": "bicycle_parking", "source": "osm"}, "geometry": {"type": "MultiPolygon", "coordinates": [[[[116.3036003, 39.9857515], [116.303603, 39.985622], [116.3040133, 39.9856385], [116.304008, 39.9857659], [116.3036003, 39.9857515]]]]}}, {"type": "Feature", "properties": {"building": "yes", "amenity": "bicycle_parking", "source": "osm"}, "geometry": {"type": "MultiPolygon", "coordinates": [[[[116.3028841, 39.9857186], [116.3028975, 39.9855398], [116.3034018, 39.9855563], [116.3033884, 39.985733], [116.3028841, 39.9857186]]]]}}, {"type": "Feature", "properties": {"building": "yes", "amenity": "bicycle_parking", "source": "osm"}, "geometry": {"type": "MultiPolygon", "coordinates": [[[[116.3018166, 39.9857104], [116.3018247, 39.9855213], [116.3020473, 39.9855275], [116.3020392, 39.9857145], [116.3018166, 39.9857104]]]]}}, {"type": "Feature", "properties": {"building": "yes", "amenity": "bicycle_parking", "source": "osm"}, "geometry": {"type": "MultiPolygon", "coordinates": [[[[116.3008591, 39.9856672], [116.3008698, 39.9854926], [116.301028, 39.9855028], [116.3010146, 39.9856755], [116.3008591, 39.9856672]]]]}}, {"type": "Feature", "properties": {"building": "residential", "name": "202住宅", "source": "osm"}, "geometry": {"type": "MultiPolygon", "coordinates": [[[[116.335937, 39.9820182], [116.3359481, 39.9818328], [116.336056, 39.9818366], [116.3360587, 39.9817913], [116.3369674, 39.9818233], [116.336965, 39.9818644], [116.3370659, 39.9818679], [116.3370544, 39.98206], [116.3369194, 39.9820553], [116.3369273, 39.9819236], [116.3360834, 39.9818939], [116.3360756, 39.9820231], [116.335937, 39.9820182]]]]}}, {"type": "Feature", "properties": {"building": "residential", "name": "211住宅", "source": "osm"}, "geometry": {"type": "MultiPolygon", "coordinates": [[[[116.3358479, 39.9830784], [116.3358568, 39.9828862], [116.3359918, 39.9828899], [116.3359857, 39.9830216], [116.33683, 39.9830445], [116.336836, 39.9829152], [116.3369747, 39.982919], [116.3369661, 39.9831045], [116.3368582, 39.9831015], [116.3368561, 39.9831468], [116.335947, 39.9831222], [116.3359489, 39.9830812], [116.3358479, 39.9830784]]]]}}, {"type": "Feature", "properties": {"building": "yes", "source": "osm"}, "geometry": {"type": "MultiPolygon", "coordinates": [[[[116.3349301, 39.9838375], [116.3349369, 39.9837151], [116.3355592, 39.9837351], [116.3355524, 39.9838576], [116.3349301, 39.9838375]]]]}}, {"type": "Feature", "properties": {"building": "yes", "source": "osm"}, "geometry": {"type": "MultiPolygon", "coordinates": [[[[116.3357944, 39.98377], [116.3358004, 39.9836483], [116.3369101, 39.9836803], [116.3369041, 39.9838019], [116.3357944, 39.98377]]]]}}, {"type": "Feature", "properties": {"building": "yes", "source": "osm"}, "geometry": {"type": "MultiPolygon", "coordinates": [[[[116.335787, 39.9841289], [116.3357929, 39.9840073], [116.3369026, 39.9840392], [116.3368967, 39.9841609], [116.335787, 39.9841289]]]]}}, {"type": "Feature", "properties": {"building": "yes", "source": "osm"}, "geometry": {"type": "MultiPolygon", "coordinates": [[[[116.3352723, 39.9841738], [116.3352898, 39.9840183], [116.3354699, 39.9840365], [116.3354609, 39.9841363], [116.3354164, 39.984135], [116.3354076, 39.9841692], [116.335429, 39.9842797], [116.3355119, 39.9843598], [116.3356131, 39.9843846], [116.3366337, 39.9844098], [116.3366245, 39.9845057], [116.3356003, 39.9844731], [116.3354193, 39.9844252], [116.3352964, 39.9843159], [116.3352723, 39.9841738]]]]}}, {"type": "Feature", "properties": {"building": "yes", "source": "osm"}, "geometry": {"type": "MultiPolygon", "coordinates": [[[[116.3372042, 39.9839005], [116.3372109, 39.9837781], [116.3378332, 39.9837981], [116.3378265, 39.9839206], [116.3372042, 39.9839005]]]]}}, {"type": "Feature", "properties": {"building": "yes", "name": "108楼", "source": "osm"}, "geometry": {"type": "MultiPolygon", "coordinates": [[[[116.3368039, 39.9846447], [116.3368053, 39.9846069], [116.3368436, 39.9846077], [116.3368444, 39.9845869], [116.3368109, 39.9845861], [116.3368132, 39.9845263], [116.3368673, 39.9845274], [116.3368691, 39.9844795], [116.3368191, 39.9844784], [116.3368213, 39.9844206], [116.3368761, 39.9844218], [116.336877, 39.9843956], [116.3368247, 39.9843945], [116.336828, 39.9843055], [116.3369049, 39.9843072], [116.3369037, 39.9843394], [116.3369502, 39.9843404], [116.336951, 39.9843198], [116.3370243, 39.9843213], [116.3370236, 39.9843426], [116.3370743, 39.9843436], [116.3370753, 39.9843152], [116.337148, 39.9843168], [116.3371447, 39.9844076], [116.3370853, 39.9844063], [116.3370844, 39.9844298], [116.337142, 39.984431], [116.33714, 39.984486], [116.3370977, 39.9844851], [116.3370969, 39.9845067], [116.3370797, 39.9845063], [116.3370784, 39.9845414], [116.3371333, 39.9845426], [116.3371317, 39.9845866], [116.3370956, 39.9845858], [116.3370942, 39.9846212], [116.3371417, 39.9846222], [116.3371406, 39.9846521], [116.3368039, 39.9846447]]]]}}, {"type": "Feature", "properties": {"building": "yes", "source": "osm"}, "geometry": {"type": "MultiPolygon", "coordinates": [[[[116.3368227, 39.9835284], [116.3368283, 39.9833679], [116.3369252, 39.9833699], [116.3369266, 39.9833287], [116.3376986, 39.9833447], [116.3376972, 39.9833835], [116.3377874, 39.9833854], [116.3377815, 39.9835526], [116.3376629, 39.9835501], [116.3376669, 39.9834387], [116.336944, 39.9834237], [116.3369402, 39.9835309], [116.3368227, 39.9835284]]]]}}, {"type": "Feature", "properties": {"building": "yes", "name": "109楼", "source": "osm"}, "geometry": {"type": "MultiPolygon", "coordinates": [[[[116.3374278, 39.9846855], [116.3374292, 39.9846476], [116.3374676, 39.9846485], [116.3374684, 39.9846277], [116.3374349, 39.9846269], [116.3374371, 39.984567], [116.3374913, 39.9845682], [116.3374931, 39.9845203], [116.3374431, 39.9845192], [116.3374452, 39.9844614], [116.3375, 39.9844626], [116.337501, 39.9844364], [116.3374486, 39.9844353], [116.3374519, 39.9843463], [116.3375289, 39.984348], [116.3375277, 39.9843802], [116.3375741, 39.9843812], [116.3375749, 39.9843605], [116.3376483, 39.9843621], [116.3376475, 39.9843833], [116.3376982, 39.9843844], [116.3376993, 39.984356], [116.337772, 39.9843575], [116.3377686, 39.9844484], [116.3377092, 39.9844471], [116.3377084, 39.9844706], [116.337766, 39.9844718], [116.337764, 39.9845268], [116.3377217, 39.9845258], [116.3377209, 39.9845474], [116.3377037, 39.9845471], [116.3377024, 39.9845822], [116.3377573, 39.9845834], [116.3377556, 39.9846273], [116.3377195, 39.9846265], [116.3377182, 39.9846619], [116.3377657, 39.984663], [116.3377645, 39.9846929], [116.3374278, 39.9846855]]]]}}, {"type": "Feature", "properties": {"building": "yes", "source": "osm"}, "geometry": {"type": "MultiPolygon", "coordinates": [[[[116.3349474, 39.9834595], [116.3349531, 39.983299], [116.33505, 39.983301], [116.3350514, 39.9832598], [116.3358234, 39.9832758], [116.335822, 39.9833146], [116.3359122, 39.9833165], [116.3359062, 39.9834837], [116.3357877, 39.9834813], [116.3357916, 39.9833698], [116.3350687, 39.9833548], [116.335065, 39.983462], [116.3349474, 39.9834595]]]]}}, {"type": "Feature", "properties": {"building": "yes", "source": "osm"}, "geometry": {"type": "MultiPolygon", "coordinates": [[[[116.3360064, 39.9834938], [116.336018, 39.983305], [116.3367607, 39.9833316], [116.3367515, 39.9834831], [116.3362473, 39.9834651], [116.3362451, 39.9835023], [116.3360064, 39.9834938]]]]}}, {"type": "Feature", "properties": {"building": "university", "name": "建筑馆报告厅", "source": "osm"}, "geometry": {"type": "MultiPolygon", "coordinates": [[[[116.3276764, 39.9986177], [116.3276889, 39.9983618], [116.3280013, 39.9983708], [116.3279888, 39.9986267], [116.3276764, 39.9986177]]]]}}, {"type": "Feature", "properties": {"building": "yes", "name": "北大科技园", "source": "osm"}, "geometry": {"type": "MultiPolygon", "coordinates": [[[[116.3082036, 39.9966561], [116.3082602, 39.9959698], [116.3083699, 39.9959751], [116.3084906, 39.995981], [116.3085787, 39.9959853], [116.3085219, 39.9966715], [116.3084314, 39.9966671], [116.3082934, 39.9966604], [116.3082036, 39.9966561]]]]}}, {"type": "Feature", "properties": {"building": "university", "name": "理科二号楼（逸夫苑）", "source": "osm"}, "geometry": {"type": "MultiPolygon", "coordinates": [[[[116.3081903, 39.9897444], [116.3082186, 39.9893066], [116.3082904, 39.9893093], [116.3082954, 39.9892309], [116.3082968, 39.9892098], [116.3085293, 39.9892186], [116.3086275, 39.9892224], [116.3088331, 39.9892301], [116.3088325, 39.9892398], [116.3088293, 39.9892891], [116.3089181, 39.9892924], [116.3088862, 39.9897891], [116.3088099, 39.9897862], [116.3088067, 39.9898345], [116.3087067, 39.9898307], [116.3083255, 39.9898163], [116.3083298, 39.9897497], [116.3081903, 39.9897444]], [[116.3083331, 39.9896603], [116.3087128, 39.9896765], [116.3087306, 39.9894321], [116.3083509, 39.9894159], [116.3083331, 39.9896603]]]]}}, {"type": "Feature", "properties": {"building": "yes", "source": "osm"}, "geometry": {"type": "MultiPolygon", "coordinates": [[[[116.3077338, 39.9898784], [116.3077534, 39.9896074], [116.3080829, 39.9896232], [116.3080997, 39.9893686], [116.3081093, 39.9892237], [116.3082954, 39.9892309], [116.3082968, 39.9892098], [116.3085293, 39.9892186], [116.3086275, 39.9892224], [116.3086324, 39.9891461], [116.3087505, 39.9891506], [116.3088381, 39.9891539], [116.3088331, 39.9892301], [116.3088325, 39.9892398], [116.3088293, 39.9892891], [116.3089181, 39.9892924], [116.3088862, 39.9897891], [116.3088099, 39.9897862], [116.3088067, 39.9898345], [116.3087067, 39.9898307], [116.308692, 39.9900746], [116.3089442, 39.990084], [116.3089396, 39.9901571], [116.3089783, 39.9901585], [116.3089713, 39.9902781], [116.3089694, 39.9902974], [116.3087929, 39.9902909], [116.3087749, 39.990603], [116.3087404, 39.9906018], [116.3087348, 39.9906922], [116.3080447, 39.9906669], [116.3080522, 39.9905481], [116.3080731, 39.9902132], [116.3080407, 39.990212], [116.3079556, 39.9901468], [116.3079738, 39.9899465], [116.3078907, 39.9898828], [116.3077338, 39.9898784]], [[116.3082214, 39.9904544], [116.3085364, 39.9904691], [116.3085554, 39.9902303], [116.3082404, 39.9902156], [116.3082214, 39.9904544]], [[116.3083331, 39.9896603], [116.3087128, 39.9896765], [116.3087306, 39.9894321], [116.3083509, 39.9894159], [116.3083331, 39.9896603]]]]}}, {"type": "Feature", "properties": {"building": "yes", "name": "辽宁大厦", "source": "osm"}, "geometry": {"type": "MultiPolygon", "coordinates": [[[[116.3301785, 39.9838215], [116.3303572, 39.9835475], [116.3304648, 39.983562], [116.3304838, 39.9835342], [116.3306388, 39.9835208], [116.3306594, 39.9834202], [116.3315311, 39.9834602], [116.3315234, 39.983642], [116.3315058, 39.9840578], [116.3301927, 39.9839936], [116.3301785, 39.9838215]]]]}}, {"type": "Feature", "properties": {"building": "yes", "source": "osm"}, "geometry": {"type": "MultiPolygon", "coordinates": [[[[116.3311272, 39.9840377], [116.3311563, 39.9836313], [116.3315234, 39.983642], [116.3315058, 39.9840578], [116.3311272, 39.9840377]]]]}}, {"type": "Feature", "properties": {"building": "transportation", "source": "osm"}, "geometry": {"type": "MultiPolygon", "coordinates": [[[[116.3116832, 39.9752293], [116.3117541, 39.9750812], [116.3118433, 39.9751063], [116.3117724, 39.9752544], [116.3116832, 39.9752293]]]]}}, {"type": "Feature", "properties": {"building": "industrial", "name": "北京卫星制造厂", "source": "osm"}, "geometry": {"type": "MultiPolygon", "coordinates": [[[[116.3234568, 39.9771985], [116.3234938, 39.9764868], [116.3254157, 39.9765457], [116.3253787, 39.9772571], [116.3234568, 39.9771985]]]]}}, {"type": "Feature", "properties": {"building": "industrial", "name": "北京卫星制造厂", "source": "osm"}, "geometry": {"type": "MultiPolygon", "coordinates": [[[[116.320458, 39.9762972], [116.3204798, 39.9757999], [116.321471, 39.9758254], [116.3214512, 39.9762773], [116.3209681, 39.9762648], [116.3209749, 39.9761123], [116.3205808, 39.9761021], [116.320572, 39.9763002], [116.320458, 39.9762972]]]]}}, {"type": "Feature", "properties": {"building": "university", "source": "osm"}, "geometry": {"type": "MultiPolygon", "coordinates": [[[[116.3263135, 39.9953186], [116.3263213, 39.9951951], [116.326542, 39.9952033], [116.3265384, 39.9952612], [116.3263896, 39.9952557], [116.3263854, 39.9953213], [116.3263135, 39.9953186]]]]}}, {"type": "Feature", "properties": {"building": "university", "source": "osm"}, "geometry": {"type": "MultiPolygon", "coordinates": [[[[116.3266725, 39.9952594], [116.3266761, 39.9952015], [116.3268969, 39.9952097], [116.3268891, 39.9953331], [116.3268172, 39.9953305], [116.3268213, 39.9952649], [116.3266725, 39.9952594]]]]}}, {"type": "Feature", "properties": {"building": "hospital", "name": "海淀医院新建发热门诊楼", "source": "osm"}, "geometry": {"type": "MultiPolygon", "coordinates": [[[[116.3087382, 39.9750498], [116.308742, 39.9750123], [116.3091203, 39.9750195], [116.3091184, 39.9750426], [116.3092803, 39.9750512], [116.3092766, 39.9752171], [116.3092201, 39.975256], [116.309126, 39.9752589], [116.3091316, 39.9752084], [116.3087796, 39.9752041], [116.3087909, 39.9750555], [116.3087382, 39.9750498]]]]}}, {"type": "Feature", "properties": {"building": "yes", "source": "osm"}, "geometry": {"type": "MultiPolygon", "coordinates": [[[[116.3335642, 39.9795144], [116.3335788, 39.9794304], [116.3336208, 39.9794347], [116.3336062, 39.9795186], [116.3335642, 39.9795144]]]]}}, {"type": "Feature", "properties": {"building": "yes", "source": "osm"}, "geometry": {"type": "MultiPolygon", "coordinates": [[[[116.3334393, 39.9793789], [116.333446, 39.9793332], [116.3335714, 39.979344], [116.3335647, 39.9793897], [116.3334393, 39.9793789]]]]}}, {"type": "Feature", "properties": {"building": "yes", "source": "osm"}, "geometry": {"type": "MultiPolygon", "coordinates": [[[[116.3333521, 39.9804631], [116.333358, 39.9804347], [116.3334242, 39.9804428], [116.3334183, 39.9804712], [116.3333521, 39.9804631]]]]}}, {"type": "Feature", "properties": {"building": "yes", "source": "osm"}, "geometry": {"type": "MultiPolygon", "coordinates": [[[[116.333219, 39.9804957], [116.3332324, 39.980432], [116.3332763, 39.9804374], [116.3332629, 39.9805011], [116.333219, 39.9804957]]]]}}, {"type": "Feature", "properties": {"building": "train_station", "name": "清华园站", "source": "osm"}, "geometry": {"type": "MultiPolygon", "coordinates": [[[[116.3332609, 39.9811418], [116.3332857, 39.9809913], [116.3333969, 39.9810021], [116.3333721, 39.9811526], [116.3332609, 39.9811418]]]]}}, {"type": "Feature", "properties": {"building": "yes", "source": "osm"}, "geometry": {"type": "MultiPolygon", "coordinates": [[[[116.3280537, 39.9892025], [116.3280649, 39.9890853], [116.3284361, 39.9891062], [116.3284048, 39.989433], [116.3282552, 39.9894245], [116.3282754, 39.9892149], [116.3280537, 39.9892025]]]]}}, {"type": "Feature", "properties": {"building": "yes", "source": "osm"}, "geometry": {"type": "MultiPolygon", "coordinates": [[[[116.3281885, 39.988714], [116.3282215, 39.9884435], [116.3284652, 39.9884609], [116.3284322, 39.9887315], [116.3281885, 39.988714]]]]}}, {"type": "Feature", "properties": {"building": "yes", "source": "osm"}, "geometry": {"type": "MultiPolygon", "coordinates": [[[[116.3280004, 39.988808], [116.3280134, 39.9887015], [116.3281885, 39.988714], [116.3284322, 39.9887315], [116.3284868, 39.9887354], [116.3284738, 39.988842], [116.3280004, 39.988808]]]]}}, {"type": "Feature", "properties": {"building": "yes", "source": "osm"}, "geometry": {"type": "MultiPolygon", "coordinates": [[[[116.3305512, 39.9870201], [116.3305525, 39.9865855], [116.3307792, 39.9865859], [116.3307778, 39.9870206], [116.3305512, 39.9870201]]]]}}, {"type": "Feature", "properties": {"building": "yes", "source": "osm"}, "geometry": {"type": "MultiPolygon", "coordinates": [[[[116.3292814, 39.9875604], [116.3299904, 39.9872701], [116.3301258, 39.9874643], [116.3294169, 39.9877546], [116.3292814, 39.9875604]]]]}}, {"type": "Feature", "properties": {"building": "yes", "source": "osm"}, "geometry": {"type": "MultiPolygon", "coordinates": [[[[116.3285302, 39.9878679], [116.3292391, 39.9875776], [116.3293746, 39.9877718], [116.3286656, 39.9880621], [116.3285302, 39.9878679]]]]}}, {"type": "Feature", "properties": {"building": "yes", "source": "osm"}, "geometry": {"type": "MultiPolygon", "coordinates": [[[[116.3283854, 39.9866166], [116.3284056, 39.9863393], [116.3286968, 39.9863518], [116.3286765, 39.9866291], [116.3283854, 39.9866166]]]]}}, {"type": "Feature", "properties": {"building": "yes", "source": "osm"}, "geometry": {"type": "MultiPolygon", "coordinates": [[[[116.3288454, 39.9865404], [116.3288613, 39.986388], [116.3294221, 39.9864223], [116.3294062, 39.9865748], [116.3288454, 39.9865404]]]]}}, {"type": "Feature", "properties": {"building": "yes", "source": "osm"}, "geometry": {"type": "MultiPolygon", "coordinates": [[[[116.3295168, 39.9867102], [116.3295399, 39.9864508], [116.329869, 39.986468], [116.3298459, 39.9867274], [116.3295168, 39.9867102]]]]}}, {"type": "Feature", "properties": {"building": "yes", "source": "osm"}, "geometry": {"type": "MultiPolygon", "coordinates": [[[[116.3298488, 39.987132], [116.3298703, 39.9868838], [116.3301886, 39.9869001], [116.3301794, 39.9870053], [116.330167, 39.9871482], [116.3298488, 39.987132]]]]}}, {"type": "Feature", "properties": {"building": "yes", "source": "osm"}, "geometry": {"type": "MultiPolygon", "coordinates": [[[[116.3292104, 39.9872252], [116.3292188, 39.9870849], [116.3292262, 39.9869604], [116.3293546, 39.9869649], [116.329529, 39.986971], [116.3295132, 39.9872358], [116.3292104, 39.9872252]]]]}}, {"type": "Feature", "properties": {"building": "yes", "source": "osm"}, "geometry": {"type": "MultiPolygon", "coordinates": [[[[116.3286644, 39.9874334], [116.3286778, 39.9871921], [116.3289738, 39.9872018], [116.3289603, 39.987443], [116.3288063, 39.987438], [116.3286644, 39.9874334]]]]}}, {"type": "Feature", "properties": {"building": "apartments", "source": "osm"}, "geometry": {"type": "MultiPolygon", "coordinates": [[[[116.3278907, 39.9876846], [116.3278972, 39.9875244], [116.3283622, 39.9875355], [116.3283556, 39.9876957], [116.3278907, 39.9876846]]]]}}, {"type": "Feature", "properties": {"building": "apartments", "source": "osm"}, "geometry": {"type": "MultiPolygon", "coordinates": [[[[116.3273782, 39.9874671], [116.3276142, 39.9874671], [116.3276142, 39.9881487], [116.3282259, 39.9881504], [116.3282271, 39.9879117], [116.3283218, 39.987912], [116.3283196, 39.9883621], [116.3276142, 39.98836], [116.3273782, 39.98836], [116.3273782, 39.9874671]]]]}}, {"type": "Feature", "properties": {"building": "school", "source": "osm"}, "geometry": {"type": "MultiPolygon", "coordinates": [[[[116.3271998, 39.9893187], [116.3272025, 39.9891327], [116.327567, 39.9891358], [116.3275661, 39.9891995], [116.3279204, 39.9892026], [116.3279186, 39.9893249], [116.3271998, 39.9893187]]]]}}, {"type": "Feature", "properties": {"building": "apartments", "source": "osm"}, "geometry": {"type": "MultiPolygon", "coordinates": [[[[116.3145749, 39.9723943], [116.3145827, 39.9722863], [116.315315, 39.9723175], [116.3153072, 39.9724256], [116.3145749, 39.9723943]]]]}}, {"type": "Feature", "properties": {"building": "apartments", "source": "osm"}, "geometry": {"type": "MultiPolygon", "coordinates": [[[[116.3146955, 39.9720264], [116.3147034, 39.9719184], [116.3154357, 39.9719496], [116.3154279, 39.9720576], [116.3146955, 39.9720264]]]]}}, {"type": "Feature", "properties": {"building": "grandstand", "name": "主席台", "source": "osm"}, "geometry": {"type": "MultiPolygon", "coordinates": [[[[116.296624, 39.9692777], [116.2966927, 39.9691517], [116.2968412, 39.9691774], [116.2967595, 39.9693344], [116.296624, 39.9692777]]]]}}, {"type": "Feature", "properties": {"building": "yes", "name": "棒球训练室", "source": "osm"}, "geometry": {"type": "MultiPolygon", "coordinates": [[[[116.2960521, 39.9688157], [116.2960624, 39.9687948], [116.2960917, 39.9687354], [116.296367, 39.9688174], [116.2963263, 39.9688987], [116.2960521, 39.9688157]]]]}}, {"type": "Feature", "properties": {"building": "school", "name": "第一教学楼", "source": "osm"}, "geometry": {"type": "MultiPolygon", "coordinates": [[[[116.2956183, 39.9688274], [116.295682, 39.9686912], [116.2960624, 39.9687948], [116.2960521, 39.9688157], [116.2959973, 39.9689332], [116.2956183, 39.9688274]]]]}}, {"type": "Feature", "properties": {"building": "school", "name": "书画院楼", "source": "osm"}, "geometry": {"type": "MultiPolygon", "coordinates": [[[[116.295237, 39.9688441], [116.2952544, 39.9687965], [116.2952945, 39.9686989], [116.295336, 39.9687125], [116.2953787, 39.9686057], [116.295682, 39.9686912], [116.2956183, 39.9688274], [116.2954506, 39.9687752], [116.2954011, 39.9688848], [116.295237, 39.9688441]]]]}}, {"type": "Feature", "properties": {"building": "yes", "name": "晨光文具", "shop": "yes", "source": "osm"}, "geometry": {"type": "MultiPolygon", "coordinates": [[[[116.2951284, 39.9688268], [116.2951553, 39.9687695], [116.2952544, 39.9687965], [116.295237, 39.9688441], [116.2952298, 39.968857], [116.2951284, 39.9688268]]]]}}, {"type": "Feature", "properties": {"building": "school", "name": "音乐楼", "source": "osm"}, "geometry": {"type": "MultiPolygon", "coordinates": [[[[116.295786, 39.9691109], [116.2958226, 39.969044], [116.2959077, 39.9690744], [116.2959535, 39.968983], [116.2959727, 39.968986], [116.2960696, 39.9690144], [116.2959884, 39.9691722], [116.2958618, 39.9691366], [116.295786, 39.9691109]]]]}}, {"type": "Feature", "properties": {"building": "school", "name": "行政楼", "source": "osm"}, "geometry": {"type": "MultiPolygon", "coordinates": [[[[116.2952635, 39.9689725], [116.2952924, 39.9689055], [116.2956776, 39.9690026], [116.2956455, 39.9690787], [116.2952635, 39.9689725]]]]}}, {"type": "Feature", "properties": {"building": "school", "name": "科体楼", "source": "osm"}, "geometry": {"type": "MultiPolygon", "coordinates": [[[[116.2952622, 39.9692141], [116.2952915, 39.9691493], [116.2954781, 39.9692018], [116.2957912, 39.9692863], [116.2959113, 39.9693219], [116.2957875, 39.9695821], [116.2957784, 39.9696037], [116.2957622, 39.9696432], [116.2955628, 39.9695874], [116.2953656, 39.9694943], [116.2954074, 39.9694048], [116.2952778, 39.9693705], [116.2953351, 39.9692341], [116.2952622, 39.9692141]]]]}}, {"type": "Feature", "properties": {"building": "school", "name": "第二教学楼", "source": "osm"}, "geometry": {"type": "MultiPolygon", "coordinates": [[[[116.2958306, 39.9695582], [116.2959381, 39.9693497], [116.2966388, 39.9695672], [116.296544, 39.969767], [116.2964933, 39.9697531], [116.2958306, 39.9695582]]]]}}, {"type": "Feature", "properties": {"building": "school", "name": "外挂楼", "source": "osm"}, "geometry": {"type": "MultiPolygon", "coordinates": [[[[116.2957622, 39.9696432], [116.2957784, 39.9696037], [116.2957875, 39.9695821], [116.2964808, 39.9697776], [116.2964933, 39.9697531], [116.296544, 39.969767], [116.2965021, 39.9698504], [116.2957622, 39.9696432]]]]}}, {"type": "Feature", "properties": {"building": "school", "source": "osm"}, "geometry": {"type": "MultiPolygon", "coordinates": [[[[116.3136229, 39.9931556], [116.3141973, 39.99322], [116.314188, 39.9933076], [116.3136252, 39.9932522], [116.3136229, 39.9931985], [116.3136229, 39.9931556]]]]}}, {"type": "Feature", "properties": {"building": "school", "source": "osm"}, "geometry": {"type": "MultiPolygon", "coordinates": [[[[116.3118059, 39.9937921], [116.3118127, 39.993685], [116.31291, 39.9937258], [116.3128958, 39.9939489], [116.3127419, 39.9939432], [116.3127511, 39.9937997], [116.3125705, 39.9937929], [116.3125527, 39.9940737], [116.3122947, 39.9940641], [116.3123108, 39.9938108], [116.3118059, 39.9937921]]]]}}, {"type": "Feature", "properties": {"building": "yes", "source": "osm"}, "geometry": {"type": "MultiPolygon", "coordinates": [[[[116.3279386, 39.993823], [116.3279537, 39.9934408], [116.3283844, 39.9934508], [116.3283632, 39.9939888], [116.3279996, 39.9939804], [116.3280058, 39.9938245], [116.3279386, 39.993823]]]]}}, {"type": "Feature", "properties": {"building": "yes", "source": "osm"}, "geometry": {"type": "MultiPolygon", "coordinates": [[[[116.3285839, 39.993847], [116.3285849, 39.9936993], [116.3286928, 39.9936997], [116.3286938, 39.9935455], [116.3286177, 39.9935452], [116.3286186, 39.9934101], [116.329039, 39.9934118], [116.3290379, 39.9935692], [116.3289686, 39.993569], [116.3289674, 39.9937407], [116.3290459, 39.993741], [116.3290452, 39.9938488], [116.3285839, 39.993847]]]]}}, {"type": "Feature", "properties": {"building": "yes", "source": "osm"}, "geometry": {"type": "MultiPolygon", "coordinates": [[[[116.3285883, 39.9941327], [116.3285892, 39.9939567], [116.3290229, 39.993958], [116.3290221, 39.9941339], [116.3285883, 39.9941327]]]]}}, {"type": "Feature", "properties": {"building": "yes", "source": "osm"}, "geometry": {"type": "MultiPolygon", "coordinates": [[[[116.305774, 39.975409], [116.3058014, 39.9750134], [116.3063702, 39.9750365], [116.3063427, 39.9754322], [116.305774, 39.975409]]]]}}, {"type": "Feature", "properties": {"building": "yes", "source": "osm"}, "geometry": {"type": "MultiPolygon", "coordinates": [[[[116.3204587, 39.9879469], [116.3204622, 39.9874306], [116.3207001, 39.9874316], [116.3206965, 39.9879478], [116.3204587, 39.9879469]]]]}}, {"type": "Feature", "properties": {"building": "yes", "source": "osm"}, "geometry": {"type": "MultiPolygon", "coordinates": [[[[116.3199925, 39.9875577], [116.3204237, 39.9875528], [116.3204141, 39.9879664], [116.3199925, 39.9879713], [116.3199925, 39.9875577]]]]}}, {"type": "Feature", "properties": {"building": "retail", "source": "osm"}, "geometry": {"type": "MultiPolygon", "coordinates": [[[[116.3293851, 39.9918041], [116.3293902, 39.9916942], [116.3294998, 39.9916648], [116.3300317, 39.9916757], [116.3300108, 39.9918994], [116.3294913, 39.9918937], [116.3293851, 39.9918041]]]]}}, {"type": "Feature", "properties": {"building": "roof", "name": "华清嘉园", "source": "osm"}, "geometry": {"type": "MultiPolygon", "coordinates": [[[[116.3282035, 39.9911378], [116.3282072, 39.9911034], [116.3282914, 39.9911092], [116.3282877, 39.9911436], [116.3282035, 39.9911378]]]]}}, {"type": "Feature", "properties": {"building": "yes", "name": "Future Internet Technology (FIT)", "office": "research", "source": "osm"}, "geometry": {"type": "MultiPolygon", "coordinates": [[[[116.3248078, 39.9957503], [116.3248213, 39.9954701], [116.3249218, 39.995473], [116.324931, 39.9952829], [116.3250201, 39.9952855], [116.3250251, 39.995181], [116.3258876, 39.9952054], [116.3258832, 39.9952952], [116.3259757, 39.9952978], [116.3259723, 39.9953679], [116.3260776, 39.9953709], [116.3260743, 39.9954377], [116.3261624, 39.9954402], [116.3261346, 39.9960172], [116.3248992, 39.9959822], [116.3249103, 39.9957532], [116.3248078, 39.9957503]], [[116.3251306, 39.9957899], [116.3259833, 39.9958133], [116.3259978, 39.9955049], [116.3251451, 39.9954814], [116.3251306, 39.9957899]]]]}}, {"type": "Feature", "properties": {"building": "yes", "source": "osm"}, "geometry": {"type": "MultiPolygon", "coordinates": [[[[116.3117764, 39.9664795], [116.3117896, 39.9664108], [116.3120508, 39.9664401], [116.3120377, 39.9665088], [116.3117764, 39.9664795]]]]}}, {"type": "Feature", "properties": {"building": "yes", "source": "osm"}, "geometry": {"type": "MultiPolygon", "coordinates": [[[[116.3321316, 39.9989675], [116.3321343, 39.9988662], [116.3322054, 39.9988692], [116.3322023, 39.9989172], [116.332275, 39.9989195], [116.3322741, 39.998972], [116.3321316, 39.9989675]]]]}}, {"type": "Feature", "properties": {"building": "university", "name": "新奥工学大楼", "source": "osm"}, "geometry": {"type": "MultiPolygon", "coordinates": [[[[116.3099256, 39.9936839], [116.3100027, 39.9928964], [116.3104822, 39.992924], [116.3104791, 39.9929564], [116.311488, 39.9930146], [116.3114915, 39.9929781], [116.311755, 39.9929932], [116.3117519, 39.9930255], [116.3118019, 39.9930284], [116.3117853, 39.9931988], [116.3117334, 39.9931959], [116.3116796, 39.9937496], [116.3114639, 39.9937373], [116.3102433, 39.9936677], [116.31024, 39.993702], [116.3099256, 39.9936839]], [[116.3103916, 39.9934661], [116.3115724, 39.9935285], [116.3116088, 39.9931242], [116.3104281, 39.9930617], [116.3103916, 39.9934661]]]]}}, {"type": "Feature", "properties": {"building": "yes", "name": "九扇", "amenity": "restaurant", "source": "osm"}, "geometry": {"type": "MultiPolygon", "coordinates": [[[[116.2989788, 39.9777104], [116.2994551, 39.9777175], [116.2994458, 39.9778499], [116.2989881, 39.9778428], [116.2989788, 39.9777104]]]]}}, {"type": "Feature", "properties": {"building": "yes", "amenity": "toilets", "source": "osm"}, "geometry": {"type": "MultiPolygon", "coordinates": [[[[116.3002307, 39.9946875], [116.3002321, 39.9946299], [116.3003424, 39.9946302], [116.3003388, 39.9946878], [116.3002307, 39.9946875]]]]}}, {"type": "Feature", "properties": {"building": "yes", "name": "北京大学校医院", "amenity": "hospital", "source": "osm"}, "geometry": {"type": "MultiPolygon", "coordinates": [[[[116.3072778, 39.9956369], [116.3072908, 39.9954928], [116.3073534, 39.995492], [116.3073664, 39.9953272], [116.3073678, 39.9952889], [116.3073817, 39.9952562], [116.3074071, 39.9952291], [116.3074338, 39.9952076], [116.3074605, 39.9951926], [116.3074986, 39.995181], [116.3075002, 39.9951505], [116.3076049, 39.9951476], [116.3076036, 39.9951676], [116.307683, 39.9951683], [116.3076846, 39.9951547], [116.3078978, 39.9951652], [116.3078978, 39.9952], [116.3080545, 39.995204], [116.3081338, 39.9952048], [116.3081334, 39.9951839], [116.3083415, 39.9951909], [116.3083405, 39.9952057], [116.3084031, 39.9952093], [116.3084456, 39.9952139], [116.3084889, 39.9952236], [116.3085274, 39.9952344], [116.3085571, 39.9952445], [116.3085834, 39.9952622], [116.3086071, 39.9952524], [116.3086271, 39.995272], [116.3086397, 39.9952875], [116.3086513, 39.9953076], [116.30866, 39.9953268], [116.308664, 39.9957152], [116.3082452, 39.9957003], [116.3082446, 39.9956936], [116.3082307, 39.9956934], [116.3082299, 39.9956757], [116.3081674, 39.9956773], [116.3081534, 39.9956728], [116.308139, 39.9956634], [116.3081271, 39.9956536], [116.3081212, 39.9956429], [116.3081176, 39.9956338], [116.3081167, 39.9956182], [116.30807, 39.9956178], [116.3080734, 39.995531], [116.3081062, 39.9955311], [116.3081242, 39.9952825], [116.3080484, 39.9952802], [116.3078729, 39.9952754], [116.3078738, 39.9953486], [116.3078474, 39.9953477], [116.3078359, 39.9955206], [116.3078967, 39.9955206], [116.3078957, 39.9955478], [116.3079246, 39.9955473], [116.3079245, 39.9956005], [116.3079409, 39.9956008], [116.3079407, 39.9956322], [116.3078402, 39.9956306], [116.307841, 39.9956674], [116.3077458, 39.9956638], [116.3077448, 39.9956892], [116.3076392, 39.9956867], [116.3076393, 39.9956557], [116.3072778, 39.9956369]], [[116.3075674, 39.9954948], [116.3077122, 39.995504], [116.3077313, 39.9953283], [116.3075865, 39.995319], [116.3075674, 39.9954948]], [[116.3082097, 39.9954629], [116.3082983, 39.9954681], [116.3083115, 39.9953337], [116.308223, 39.9953286], [116.3082097, 39.9954629]]]]}}, {"type": "Feature", "properties": {"building": "yes", "source": "osm"}, "geometry": {"type": "MultiPolygon", "coordinates": [[[[116.3094398, 39.9897971], [116.3094429, 39.9897242], [116.3095123, 39.989726], [116.3095092, 39.9897988], [116.3094398, 39.9897971]]]]}}, {"type": "Feature", "properties": {"building": "yes", "source": "osm"}, "geometry": {"type": "MultiPolygon", "coordinates": [[[[116.3094047, 39.9901127], [116.3094078, 39.9900399], [116.3094773, 39.9900416], [116.3094742, 39.9901145], [116.3094047, 39.9901127]]]]}}, {"type": "Feature", "properties": {"building": "yes", "source": "osm"}, "geometry": {"type": "MultiPolygon", "coordinates": [[[[116.3170713, 39.998758], [116.3170802, 39.9986441], [116.3172453, 39.9986517], [116.3172364, 39.9987656], [116.3170713, 39.998758]]]]}}, {"type": "Feature", "properties": {"building": "yes", "source": "osm"}, "geometry": {"type": "MultiPolygon", "coordinates": [[[[116.3135353, 39.9969434], [116.3135834, 39.9965174], [116.3137177, 39.9965263], [116.3136695, 39.9969523], [116.3135353, 39.9969434]]]]}}, {"type": "Feature", "properties": {"building": "yes", "source": "osm"}, "geometry": {"type": "MultiPolygon", "coordinates": [[[[116.3133502, 39.9969003], [116.3133718, 39.9967091], [116.3135272, 39.9967194], [116.3135056, 39.9969106], [116.3133502, 39.9969003]]]]}}, {"type": "Feature", "properties": {"building": "transportation", "source": "osm"}, "geometry": {"type": "MultiPolygon", "coordinates": [[[[116.3107946, 39.9750491], [116.3108032, 39.9749218], [116.3108808, 39.9749248], [116.3108723, 39.9750521], [116.3107946, 39.9750491]]]]}}, {"type": "Feature", "properties": {"building": "transportation", "source": "osm"}, "geometry": {"type": "MultiPolygon", "coordinates": [[[[116.3124203, 39.9744606], [116.3124571, 39.9744081], [116.3126436, 39.9744848], [116.3126069, 39.9745373], [116.3124203, 39.9744606]]]]}}, {"type": "Feature", "properties": {"building": "yes", "source": "osm"}, "geometry": {"type": "MultiPolygon", "coordinates": [[[[116.3321582, 39.9914133], [116.3321593, 39.9913781], [116.3322272, 39.9913794], [116.3322261, 39.9914145], [116.3321582, 39.9914133]]]]}}, {"type": "Feature", "properties": {"building": "yes", "source": "osm"}, "geometry": {"type": "MultiPolygon", "coordinates": [[[[116.3343483, 39.9779982], [116.3344457, 39.9774058], [116.3346248, 39.977423], [116.3345276, 39.9780155], [116.3343483, 39.9779982]]]]}}, {"type": "Feature", "properties": {"building": "yes", "source": "osm"}, "geometry": {"type": "MultiPolygon", "coordinates": [[[[116.3340064, 39.9828652], [116.3340181, 39.9826738], [116.3340904, 39.9826764], [116.3340786, 39.9828678], [116.3340064, 39.9828652]]]]}}, {"type": "Feature", "properties": {"building": "retail", "source": "osm"}, "geometry": {"type": "MultiPolygon", "coordinates": [[[[116.3320665, 39.9919018], [116.3320735, 39.9917526], [116.3321233, 39.991754], [116.3321163, 39.9919032], [116.3320665, 39.9919018]]]]}}, {"type": "Feature", "properties": {"building": "yes", "source": "osm"}, "geometry": {"type": "MultiPolygon", "coordinates": [[[[116.3312489, 39.991823], [116.3313591, 39.9918006], [116.3313534, 39.9920856], [116.3312805, 39.9920691], [116.3312531, 39.9919696], [116.3312946, 39.9919709], [116.3312489, 39.991823]]]]}}, {"type": "Feature", "properties": {"building": "yes", "amenity": "car_wash", "source": "osm"}, "geometry": {"type": "MultiPolygon", "coordinates": [[[[116.3311115, 39.9918714], [116.3311614, 39.9918624], [116.3312107, 39.9920225], [116.3311607, 39.9920316], [116.3311115, 39.9918714]]]]}}, {"type": "Feature", "properties": {"building": "yes", "name": "新中关购物中心", "shop": "mall", "source": "osm"}, "geometry": {"type": "MultiPolygon", "coordinates": [[[[116.3082574, 39.9771508], [116.3083515, 39.9771022], [116.308359, 39.9768937], [116.3082885, 39.9768817], [116.3083429, 39.9767025], [116.3101899, 39.9767701], [116.3101604, 39.9769821], [116.3100947, 39.9769797], [116.3100354, 39.977092], [116.3101719, 39.9772009], [116.3084446, 39.9771557], [116.3082574, 39.9771508]]]]}}, {"type": "Feature", "properties": {"building": "apartments", "name": "海淀南路6号楼", "source": "osm"}, "geometry": {"type": "MultiPolygon", "coordinates": [[[[116.3043953, 39.9742472], [116.3044037, 39.9741343], [116.3060199, 39.9741762], [116.3060072, 39.9742891], [116.3043953, 39.9742472]]]]}}, {"type": "Feature", "properties": {"building": "yes", "name": "中关新园超市", "source": "osm"}, "geometry": {"type": "MultiPolygon", "coordinates": [[[[116.3134884, 39.9889727], [116.3134976, 39.9887436], [116.3136602, 39.9887473], [116.3136486, 39.9889755], [116.3134884, 39.9889727]]]]}}, {"type": "Feature", "properties": {"building": "yes", "source": "osm"}, "geometry": {"type": "MultiPolygon", "coordinates": [[[[116.3315127, 39.9821734], [116.3315589, 39.9820555], [116.3320508, 39.9821347], [116.3320187, 39.9822633], [116.3315127, 39.9821734]]]]}}, {"type": "Feature", "properties": {"building": "yes", "source": "osm"}, "geometry": {"type": "MultiPolygon", "coordinates": [[[[116.3317509, 39.9819436], [116.3317842, 39.9818131], [116.3321359, 39.9818746], [116.3320952, 39.982007], [116.3317509, 39.9819436]]]]}}, {"type": "Feature", "properties": {"building": "yes", "source": "osm"}, "geometry": {"type": "MultiPolygon", "coordinates": [[[[116.3319249, 39.9817328], [116.3319619, 39.9816184], [116.3320779, 39.9816344], [116.332131, 39.9814727], [116.3322704, 39.9815002], [116.3321964, 39.9817848], [116.3319249, 39.9817328]]]]}}, {"type": "Feature", "properties": {"building": "carport", "name": "自行车棚", "source": "osm"}, "geometry": {"type": "MultiPolygon", "coordinates": [[[[116.3082799, 39.9724213], [116.3082857, 39.9723873], [116.3082927, 39.9723466], [116.3090432, 39.9724002], [116.3090289, 39.972481], [116.3082799, 39.9724213]]]]}}, {"type": "Feature", "properties": {"building": "school", "name": "校工宿舍", "source": "osm"}, "geometry": {"type": "MultiPolygon", "coordinates": [[[[116.3090705, 39.972497], [116.3090853, 39.9724036], [116.3092516, 39.972417], [116.30924, 39.9725123], [116.3090705, 39.972497]]]]}}, {"type": "Feature", "properties": {"building": "school", "name": "手工教室", "source": "osm"}, "geometry": {"type": "MultiPolygon", "coordinates": [[[[116.3080903, 39.9723904], [116.3081004, 39.972324], [116.3082328, 39.9723347], [116.3082254, 39.9723818], [116.308222, 39.972403], [116.3080903, 39.9723904]]]]}}, {"type": "Feature", "properties": {"building": "school", "name": "危化储存间", "source": "osm"}, "geometry": {"type": "MultiPolygon", "coordinates": [[[[116.3082254, 39.9723818], [116.3082328, 39.9723347], [116.308294, 39.9723397], [116.3082857, 39.9723873], [116.3082254, 39.9723818]]]]}}, {"type": "Feature", "properties": {"building": "dormitory", "name": "宿舍楼", "source": "osm"}, "geometry": {"type": "MultiPolygon", "coordinates": [[[[116.3057606, 39.9736011], [116.3059431, 39.9722992], [116.3061966, 39.9723219], [116.306038, 39.9736194], [116.3057606, 39.9736011]]]]}}, {"type": "Feature", "properties": {"building": "school", "source": "osm"}, "geometry": {"type": "MultiPolygon", "coordinates": [[[[116.3062247, 39.9725046], [116.3062447, 39.972353], [116.306366, 39.9723624], [116.3063568, 39.9724326], [116.306346, 39.972514], [116.3062247, 39.9725046]]]]}}, {"type": "Feature", "properties": {"building": "residential", "source": "osm"}, "geometry": {"type": "MultiPolygon", "coordinates": [[[[116.3031224, 39.9766504], [116.3035032, 39.9766524], [116.3035064, 39.9771214], [116.3031243, 39.9771246], [116.3031224, 39.9766504]]]]}}, {"type": "Feature", "properties": {"building": "residential", "name": "海兴大厦", "source": "osm"}, "geometry": {"type": "MultiPolygon", "coordinates": [[[[116.3031224, 39.9766504], [116.304773, 39.9766477], [116.3047642, 39.9771184], [116.304382, 39.9771142], [116.3035064, 39.9771214], [116.3031243, 39.9771246], [116.3031224, 39.9766504]]]]}}, {"type": "Feature", "properties": {"building": "residential", "name": "西屋国际公寓", "source": "osm"}, "geometry": {"type": "MultiPolygon", "coordinates": [[[[116.3001602, 39.9797231], [116.300168, 39.9796114], [116.3001884, 39.9790502], [116.3002449, 39.9790466], [116.3002818, 39.9790289], [116.3002834, 39.9789958], [116.3011996, 39.9790175], [116.3011973, 39.979042], [116.3012393, 39.9790733], [116.3012732, 39.9790733], [116.3012581, 39.9795578], [116.3010589, 39.9795563], [116.3010649, 39.9792509], [116.3011204, 39.9792497], [116.3011158, 39.9792249], [116.3010696, 39.9792249], [116.3010665, 39.9791812], [116.301031, 39.9791399], [116.3009586, 39.9791387], [116.3009602, 39.9791175], [116.3007923, 39.9791387], [116.3006105, 39.9791387], [116.3004496, 39.9791349], [116.3004157, 39.97916], [116.3003963, 39.9795262], [116.3003223, 39.979525], [116.3003216, 39.979557], [116.3006602, 39.9795627], [116.30066, 39.9795762], [116.3006676, 39.9795762], [116.3006679, 39.9795999], [116.3007091, 39.9796012], [116.3007031, 39.979732], [116.3001602, 39.9797231]]]]}}, {"type": "Feature", "properties": {"building": "commercial", "name": "鄂尔多斯写字楼", "source": "osm"}, "geometry": {"type": "MultiPolygon", "coordinates": [[[[116.3008085, 39.9806351], [116.3016174, 39.9806522], [116.3016132, 39.9807913], [116.3017167, 39.9807925], [116.301725, 39.9805694], [116.3019458, 39.9805714], [116.3019324, 39.9808057], [116.3020021, 39.980816], [116.3019967, 39.9809578], [116.3009051, 39.9809372], [116.3009051, 39.9808694], [116.3008085, 39.9806351]]]]}}, {"type": "Feature", "properties": {"building": "yes", "source": "osm"}, "geometry": {"type": "MultiPolygon", "coordinates": [[[[116.3040384, 39.9817701], [116.3040512, 39.981669], [116.304572, 39.9816855], [116.3045658, 39.9817905], [116.3040384, 39.9817701]]]]}}, {"type": "Feature", "properties": {"building": "transportation", "name": "苏州街", "source": "osm"}, "geometry": {"type": "MultiPolygon", "coordinates": [[[[116.3001028, 39.9728016], [116.3001175, 39.9726464], [116.3001417, 39.9726479], [116.3001685, 39.9726495], [116.3001537, 39.9728047], [116.3001028, 39.9728016]]]]}}, {"type": "Feature", "properties": {"building": "yes", "source": "osm"}, "geometry": {"type": "MultiPolygon", "coordinates": [[[[116.2955441, 39.9846575], [116.2955862, 39.9843349], [116.2960623, 39.9843398], [116.2960753, 39.9842927], [116.2965255, 39.9843125], [116.2969076, 39.9843076], [116.2968558, 39.9849701], [116.2959684, 39.9848858], [116.2959911, 39.9846996], [116.2955441, 39.9846575]]]]}}, {"type": "Feature", "properties": {"building": "yes", "name": "海淀清真古寺", "amenity": "place_of_worship", "source": "osm"}, "geometry": {"type": "MultiPolygon", "coordinates": [[[[116.2989567, 39.9775879], [116.2989793, 39.9774012], [116.2997344, 39.9774547], [116.2997118, 39.9776415], [116.2989567, 39.9775879]]]]}}, {"type": "Feature", "properties": {"building": "dormitory", "name": "幸福乐购超市", "shop": "supermarket", "source": "osm"}, "geometry": {"type": "MultiPolygon", "coordinates": [[[[116.3364618, 39.9759534], [116.3365232, 39.9759108], [116.3366574, 39.9760195], [116.3366328, 39.9760373], [116.3367246, 39.9761281], [116.3366481, 39.9761731], [116.3365154, 39.9760539], [116.3365527, 39.9760309], [116.3364618, 39.9759534]]]]}}, {"type": "Feature", "properties": {"building": "office", "source": "osm"}, "geometry": {"type": "MultiPolygon", "coordinates": [[[[116.3308298, 39.9861369], [116.3309577, 39.985976], [116.3310949, 39.9857947], [116.3311524, 39.9857009], [116.3314046, 39.9857078], [116.331357, 39.9858918], [116.3311188, 39.9861999], [116.3308298, 39.9861369]]]]}}, {"type": "Feature", "properties": {"building": "office", "source": "osm"}, "geometry": {"type": "MultiPolygon", "coordinates": [[[[116.329986, 39.9858505], [116.3300149, 39.9856301], [116.3310374, 39.9857091], [116.331016, 39.9858716], [116.3309608, 39.9859196], [116.329986, 39.9858505]]]]}}, {"type": "Feature", "properties": {"building": "yes", "name": "三才堂写字楼", "source": "osm"}, "geometry": {"type": "MultiPolygon", "coordinates": [[[[116.3215073, 39.9910083], [116.3215134, 39.9908236], [116.3221703, 39.9908467], [116.3221643, 39.9910221], [116.3215073, 39.9910083]]]]}}, {"type": "Feature", "properties": {"building": "residential", "name": "38号楼", "source": "osm"}, "geometry": {"type": "MultiPolygon", "coordinates": [[[[116.2985374, 39.9665468], [116.298538, 39.9664073], [116.2991321, 39.9664022], [116.2991318, 39.9663176], [116.2998682, 39.9663152], [116.299868, 39.9664253], [116.2991437, 39.9664286], [116.2991423, 39.9665444], [116.2985374, 39.9665468]]]]}}, {"type": "Feature", "properties": {"building": "residential", "name": "39号楼", "source": "osm"}, "geometry": {"type": "MultiPolygon", "coordinates": [[[[116.2983853, 39.966961], [116.2983857, 39.9668009], [116.299154, 39.9667943], [116.2991499, 39.9669514], [116.2983853, 39.966961]]]]}}, {"type": "Feature", "properties": {"building": "residential", "name": "30号楼", "source": "osm"}, "geometry": {"type": "MultiPolygon", "coordinates": [[[[116.2961514, 39.9662753], [116.2963922, 39.9662737], [116.2963925, 39.9663081], [116.2967421, 39.9663102], [116.2967439, 39.9663407], [116.2969368, 39.9663379], [116.2969376, 39.9663852], [116.2971135, 39.9663896], [116.2971138, 39.9664326], [116.2973924, 39.9664326], [116.2973932, 39.9665768], [116.2970907, 39.9665801], [116.2970896, 39.9665328], [116.2969071, 39.9665414], [116.29691, 39.9664979], [116.2967273, 39.9664989], [116.2967255, 39.9664542], [116.2963604, 39.9664594], [116.2963623, 39.9664073], [116.296153, 39.9664161], [116.2961514, 39.9662753]]]]}}, {"type": "Feature", "properties": {"building": "residential", "name": "31号楼", "source": "osm"}, "geometry": {"type": "MultiPolygon", "coordinates": [[[[116.2978113, 39.9665964], [116.2980851, 39.966594], [116.2980869, 39.9665634], [116.298116, 39.9665359], [116.2981614, 39.9665235], [116.2982062, 39.966531], [116.2982372, 39.9665611], [116.2982439, 39.9665997], [116.2982386, 39.9667235], [116.2978125, 39.9667278], [116.2978113, 39.9665964]]]]}}, {"type": "Feature", "properties": {"building": "residential", "name": "32号楼", "source": "osm"}, "geometry": {"type": "MultiPolygon", "coordinates": [[[[116.2960643, 39.9668538], [116.2960652, 39.9667108], [116.2968075, 39.9667061], [116.2968076, 39.9667475], [116.2969839, 39.9667425], [116.296981, 39.9667905], [116.2973366, 39.9667833], [116.2973393, 39.9669538], [116.2969573, 39.9669587], [116.2969537, 39.9669206], [116.2967894, 39.966926], [116.296789, 39.966885], [116.2962599, 39.9668933], [116.2962585, 39.9668551], [116.2960643, 39.9668538]]]]}}, {"type": "Feature", "properties": {"building": "residential", "name": "33号楼", "source": "osm"}, "geometry": {"type": "MultiPolygon", "coordinates": [[[[116.2974643, 39.9668358], [116.2982112, 39.9668247], [116.2982079, 39.9669755], [116.2974665, 39.9669864], [116.2974643, 39.9668358]]]]}}, {"type": "Feature", "properties": {"building": "residential", "name": "8号楼", "source": "osm"}, "geometry": {"type": "MultiPolygon", "coordinates": [[[[116.2965856, 39.980366], [116.2965986, 39.9802628], [116.2969808, 39.9802842], [116.2969624, 39.9803859], [116.2965856, 39.980366]]]]}}, {"type": "Feature", "properties": {"building": "yes", "name": "北京市地震局", "office": "government", "source": "osm"}, "geometry": {"type": "MultiPolygon", "coordinates": [[[[116.3007743, 39.978568], [116.3008102, 39.9780847], [116.3010301, 39.978086], [116.3010145, 39.9783588], [116.3013919, 39.9783707], [116.3013805, 39.9785807], [116.3007743, 39.978568]]]]}}, {"type": "Feature", "properties": {"building": "office", "name": "创富大厦", "source": "osm"}, "geometry": {"type": "MultiPolygon", "coordinates": [[[[116.3016717, 39.9775224], [116.301681, 39.97716], [116.3020452, 39.9771585], [116.3020433, 39.9775328], [116.3016717, 39.9775224]]]]}}, {"type": "Feature", "properties": {"building": "commercial", "name": "长远天地", "source": "osm"}, "geometry": {"type": "MultiPolygon", "coordinates": [[[[116.300357, 39.977282], [116.300407, 39.9760175], [116.3006433, 39.9759846], [116.3007063, 39.9757292], [116.3013066, 39.9757477], [116.3012649, 39.9760493], [116.3008697, 39.9760838], [116.3007991, 39.9770705], [116.3008957, 39.977219], [116.3015945, 39.9772421], [116.3015644, 39.9775552], [116.3006136, 39.9775274], [116.300357, 39.977282]]]]}}, {"type": "Feature", "properties": {"building": "office", "name": "时代网络大厦", "source": "osm"}, "geometry": {"type": "MultiPolygon", "coordinates": [[[[116.304175, 39.9756825], [116.3041919, 39.9753818], [116.3048202, 39.9753949], [116.3048044, 39.9757037], [116.304175, 39.9756825]]]]}}, {"type": "Feature", "properties": {"building": "apartments", "name": "远中悦莱", "source": "osm"}, "geometry": {"type": "MultiPolygon", "coordinates": [[[[116.3031717, 39.9763187], [116.3031804, 39.9759695], [116.3046528, 39.9759903], [116.3046329, 39.9763518], [116.3031717, 39.9763187]]]]}}, {"type": "Feature", "properties": {"building": "apartments", "name": "中关村公馆", "source": "osm"}, "geometry": {"type": "MultiPolygon", "coordinates": [[[[116.3053373, 39.9764101], [116.3053469, 39.9760144], [116.3055744, 39.9760216], [116.3055682, 39.9761962], [116.3063494, 39.9762165], [116.3063563, 39.9760409], [116.3065932, 39.9760436], [116.3065728, 39.976438], [116.3053373, 39.9764101]]]]}}, {"type": "Feature", "properties": {"building": "yes", "source": "osm"}, "geometry": {"type": "MultiPolygon", "coordinates": [[[[116.3317475, 39.9671756], [116.3317535, 39.9671271], [116.3319112, 39.9671385], [116.3319051, 39.9671871], [116.3317475, 39.9671756]]]]}}, {"type": "Feature", "properties": {"building": "yes", "name": "大钟楼", "source": "osm"}, "geometry": {"type": "MultiPolygon", "coordinates": [[[[116.3315268, 39.968856], [116.3315403, 39.9687092], [116.3317489, 39.9687204], [116.3317353, 39.9688673], [116.3315268, 39.968856]]]]}}, {"type": "Feature", "properties": {"building": "yes", "source": "osm"}, "geometry": {"type": "MultiPolygon", "coordinates": [[[[116.3318235, 39.9686732], [116.3318349, 39.9685427], [116.3319578, 39.968549], [116.3319464, 39.9686795], [116.3318235, 39.9686732]]]]}}, {"type": "Feature", "properties": {"building": "yes", "source": "osm"}, "geometry": {"type": "MultiPolygon", "coordinates": [[[[116.331749, 39.9688261], [116.331756, 39.9687607], [116.3318937, 39.9687693], [116.3318868, 39.9688347], [116.331749, 39.9688261]]]]}}, {"type": "Feature", "properties": {"building": "yes", "source": "osm"}, "geometry": {"type": "MultiPolygon", "coordinates": [[[[116.3313963, 39.9688125], [116.3314035, 39.9687389], [116.3315237, 39.9687458], [116.3315166, 39.9688194], [116.3313963, 39.9688125]]]]}}, {"type": "Feature", "properties": {"building": "yes", "source": "osm"}, "geometry": {"type": "MultiPolygon", "coordinates": [[[[116.3315024, 39.9684307], [116.3315147, 39.9683143], [116.3318588, 39.9683358], [116.3318464, 39.9684521], [116.3315024, 39.9684307]]]]}}, {"type": "Feature", "properties": {"building": "yes", "source": "osm"}, "geometry": {"type": "MultiPolygon", "coordinates": [[[[116.3319159, 39.9671828], [116.3319219, 39.9671379], [116.3320242, 39.9671459], [116.3320182, 39.9671908], [116.3319159, 39.9671828]]]]}}, {"type": "Feature", "properties": {"building": "yes", "source": "osm"}, "geometry": {"type": "MultiPolygon", "coordinates": [[[[116.3320299, 39.9671942], [116.3320375, 39.9671482], [116.3321366, 39.9671578], [116.332129, 39.9672038], [116.3320299, 39.9671942]]]]}}, {"type": "Feature", "properties": {"building": "yes", "source": "osm"}, "geometry": {"type": "MultiPolygon", "coordinates": [[[[116.3317089, 39.9674554], [116.3317136, 39.9673972], [116.3318912, 39.9674056], [116.3318865, 39.9674638], [116.3317089, 39.9674554]]]]}}, {"type": "Feature", "properties": {"building": "yes", "source": "osm"}, "geometry": {"type": "MultiPolygon", "coordinates": [[[[116.3316346, 39.9678149], [116.3316406, 39.9677048], [116.3318862, 39.9677127], [116.3318802, 39.9678229], [116.3316346, 39.9678149]]]]}}, {"type": "Feature", "properties": {"building": "yes", "source": "osm"}, "geometry": {"type": "MultiPolygon", "coordinates": [[[[116.3316015, 39.9681003], [116.3316101, 39.9680177], [116.3318419, 39.9680319], [116.3318333, 39.9681146], [116.3316015, 39.9681003]]]]}}, {"type": "Feature", "properties": {"building": "yes", "source": "osm"}, "geometry": {"type": "MultiPolygon", "coordinates": [[[[116.3318757, 39.9685075], [116.331896, 39.9683409], [116.3319912, 39.9683477], [116.3319709, 39.9685143], [116.3318757, 39.9685075]]]]}}, {"type": "Feature", "properties": {"building": "yes", "source": "osm"}, "geometry": {"type": "MultiPolygon", "coordinates": [[[[116.3318778, 39.9683047], [116.3318961, 39.9681339], [116.3320004, 39.9681405], [116.3319821, 39.9683113], [116.3318778, 39.9683047]]]]}}, {"type": "Feature", "properties": {"building": "yes", "source": "osm"}, "geometry": {"type": "MultiPolygon", "coordinates": [[[[116.3319096, 39.9681002], [116.3319649, 39.967686], [116.3320623, 39.9676936], [116.3320072, 39.9681078], [116.3319096, 39.9681002]]]]}}, {"type": "Feature", "properties": {"building": "yes", "source": "osm"}, "geometry": {"type": "MultiPolygon", "coordinates": [[[[116.3319508, 39.9676651], [116.3319706, 39.967505], [116.3320889, 39.9675136], [116.3320691, 39.9676737], [116.3319508, 39.9676651]]]]}}, {"type": "Feature", "properties": {"building": "yes", "source": "osm"}, "geometry": {"type": "MultiPolygon", "coordinates": [[[[116.3314994, 39.9676313], [116.3315156, 39.9674561], [116.3316057, 39.967461], [116.3315895, 39.9676362], [116.3314994, 39.9676313]]]]}}, {"type": "Feature", "properties": {"building": "yes", "source": "osm"}, "geometry": {"type": "MultiPolygon", "coordinates": [[[[116.3314522, 39.9680877], [116.3314935, 39.9676625], [116.3315529, 39.9676659], [116.3315117, 39.9680911], [116.3314522, 39.9680877]]]]}}, {"type": "Feature", "properties": {"building": "yes", "source": "osm"}, "geometry": {"type": "MultiPolygon", "coordinates": [[[[116.3314268, 39.9682635], [116.3314449, 39.9681006], [116.3314963, 39.9681041], [116.3314834, 39.9682699], [116.3314268, 39.9682635]]]]}}, {"type": "Feature", "properties": {"building": "yes", "source": "osm"}, "geometry": {"type": "MultiPolygon", "coordinates": [[[[116.3313902, 39.9686324], [116.3314025, 39.9684942], [116.3314706, 39.9684977], [116.3314583, 39.968636], [116.3313902, 39.9686324]]]]}}, {"type": "Feature", "properties": {"building": "yes", "source": "osm"}, "geometry": {"type": "MultiPolygon", "coordinates": [[[[116.3314041, 39.9684691], [116.3314205, 39.9682884], [116.3314649, 39.9682907], [116.3314486, 39.9684715], [116.3314041, 39.9684691]]]]}}, {"type": "Feature", "properties": {"building": "yes", "amenity": "toilets", "source": "osm"}, "geometry": {"type": "MultiPolygon", "coordinates": [[[[116.331562, 39.9670831], [116.3315694, 39.967004], [116.331629, 39.9670072], [116.3316217, 39.9670864], [116.331562, 39.9670831]]]]}}, {"type": "Feature", "properties": {"building": "yes", "source": "osm"}, "geometry": {"type": "MultiPolygon", "coordinates": [[[[116.3320235, 39.9686489], [116.3320316, 39.9685864], [116.3322921, 39.9686063], [116.3323597, 39.9680858], [116.3320924, 39.9680654], [116.3321018, 39.967993], [116.3324194, 39.9680172], [116.3323344, 39.9686726], [116.3320235, 39.9686489]]]]}}, {"type": "Feature", "properties": {"building": "yes", "source": "osm"}, "geometry": {"type": "MultiPolygon", "coordinates": [[[[116.3319864, 39.9688967], [116.3319993, 39.9688132], [116.3322425, 39.9688354], [116.3322296, 39.9689188], [116.3319864, 39.9688967]]]]}}, {"type": "Feature", "properties": {"building": "yes", "source": "osm"}, "geometry": {"type": "MultiPolygon", "coordinates": [[[[116.3320099, 39.9687406], [116.3320161, 39.9686818], [116.332317, 39.9687003], [116.3322963, 39.9688981], [116.3322489, 39.9688952], [116.3322635, 39.9687563], [116.3320099, 39.9687406]]]]}}, {"type": "Feature", "properties": {"building": "yes", "source": "osm"}, "geometry": {"type": "MultiPolygon", "coordinates": [[[[116.3321012, 39.9679601], [116.3321113, 39.9678952], [116.332351, 39.9679171], [116.3323409, 39.9679822], [116.3321012, 39.9679601]]]]}}, {"type": "Feature", "properties": {"building": "yes", "source": "osm"}, "geometry": {"type": "MultiPolygon", "coordinates": [[[[116.3321395, 39.9677937], [116.3321602, 39.967673], [116.3324202, 39.9676993], [116.3323995, 39.96782], [116.3321395, 39.9677937]]]]}}, {"type": "Feature", "properties": {"building": "yes", "source": "osm"}, "geometry": {"type": "MultiPolygon", "coordinates": [[[[116.3321745, 39.9675411], [116.3321938, 39.9674406], [116.3324619, 39.9674709], [116.3324425, 39.9675714], [116.3321745, 39.9675411]]]]}}, {"type": "Feature", "properties": {"building": "yes", "source": "osm"}, "geometry": {"type": "MultiPolygon", "coordinates": [[[[116.3321959, 39.9672524], [116.3322084, 39.9671649], [116.3324764, 39.9671872], [116.332464, 39.9672748], [116.3321959, 39.9672524]]]]}}, {"type": "Feature", "properties": {"building": "yes", "source": "osm"}, "geometry": {"type": "MultiPolygon", "coordinates": [[[[116.3323508, 39.9679009], [116.3323586, 39.9678392], [116.3324361, 39.967845], [116.3324282, 39.9679067], [116.3323508, 39.9679009]]]]}}, {"type": "Feature", "properties": {"building": "yes", "source": "osm"}, "geometry": {"type": "MultiPolygon", "coordinates": [[[[116.3323891, 39.9674253], [116.3324047, 39.9673304], [116.3324855, 39.9673383], [116.3324699, 39.9674331], [116.3323891, 39.9674253]]]]}}, {"type": "Feature", "properties": {"building": "sty", "name": "ICC楼", "source": "osm"}, "geometry": {"type": "MultiPolygon", "coordinates": [[[[116.3076064, 39.9725981], [116.3076353, 39.9724341], [116.3076383, 39.9724087], [116.3079649, 39.9724313], [116.3079614, 39.9724677], [116.3081886, 39.9724807], [116.3081733, 39.9726379], [116.3076064, 39.9725981]]]]}}, {"type": "Feature", "properties": {"building": "school", "name": "初中楼", "source": "osm"}, "geometry": {"type": "MultiPolygon", "coordinates": [[[[116.306945, 39.9725714], [116.3069667, 39.972384], [116.3076353, 39.9724341], [116.3076064, 39.9725981], [116.3076043, 39.9726163], [116.306945, 39.9725714]]]]}}, {"type": "Feature", "properties": {"building": "hospital", "name": "门诊楼", "source": "osm"}, "geometry": {"type": "MultiPolygon", "coordinates": [[[[116.3139894, 39.979296], [116.3139948, 39.9791448], [116.3147845, 39.9791624], [116.3147777, 39.9793126], [116.3139894, 39.979296]]]]}}, {"type": "Feature", "properties": {"building": "hospital", "name": "急诊楼", "source": "osm"}, "geometry": {"type": "MultiPolygon", "coordinates": [[[[116.3147741, 39.9794164], [116.3147845, 39.9791624], [116.3150144, 39.979168], [116.3150039, 39.9794219], [116.3147741, 39.9794164]]]]}}, {"type": "Feature", "properties": {"building": "hospital", "source": "osm"}, "geometry": {"type": "MultiPolygon", "coordinates": [[[[116.3139302, 39.9794426], [116.3139327, 39.9793515], [116.3140067, 39.9793528], [116.3140042, 39.9794429], [116.3139658, 39.9794711], [116.3139302, 39.9794426]]]]}}, {"type": "Feature", "properties": {"building": "hospital", "name": "内科", "source": "osm"}, "geometry": {"type": "MultiPolygon", "coordinates": [[[[116.3139888, 39.9781532], [116.3139946, 39.9779768], [116.314989, 39.9779959], [116.3149832, 39.9781724], [116.3139888, 39.9781532]]]]}}, {"type": "Feature", "properties": {"building": "hospital", "name": "保健科", "source": "osm"}, "geometry": {"type": "MultiPolygon", "coordinates": [[[[116.3139183, 39.9784555], [116.3139229, 39.9782873], [116.3140253, 39.9782889], [116.3140207, 39.9784571], [116.3139183, 39.9784555]]]]}}, {"type": "Feature", "properties": {"building": "hospital", "name": "综合楼", "source": "osm"}, "geometry": {"type": "MultiPolygon", "coordinates": [[[[116.3141098, 39.9786797], [116.3141234, 39.9783637], [116.3141917, 39.9782731], [116.3148326, 39.9782895], [116.3147999, 39.9790451], [116.3142137, 39.9790302], [116.3142287, 39.9786827], [116.3141098, 39.9786797]]]]}}, {"type": "Feature", "properties": {"building": "yes", "source": "osm"}, "geometry": {"type": "MultiPolygon", "coordinates": [[[[116.311307, 39.9797975], [116.3113101, 39.9797294], [116.3113125, 39.9796784], [116.3120532, 39.9796986], [116.3120477, 39.9798178], [116.311307, 39.9797975]]]]}}, {"type": "Feature", "properties": {"building": "commercial", "source": "osm"}, "geometry": {"type": "MultiPolygon", "coordinates": [[[[116.3004767, 39.9833903], [116.3004787, 39.9832903], [116.3010418, 39.981538], [116.3011845, 39.9815499], [116.3008475, 39.9825533], [116.3010533, 39.9825907], [116.3007242, 39.9834817], [116.3005197, 39.9834532], [116.3004767, 39.9833903]]]]}}, {"type": "Feature", "properties": {"building": "commercial", "source": "osm"}, "geometry": {"type": "MultiPolygon", "coordinates": [[[[116.3002057, 39.9826676], [116.3004685, 39.9817296], [116.3007766, 39.9816077], [116.3004678, 39.9827107], [116.3002057, 39.9826676]]]]}}, {"type": "Feature", "properties": {"building": "yes", "name": "彩和坊书院", "amenity": "restaurant", "source": "osm"}, "geometry": {"type": "MultiPolygon", "coordinates": [[[[116.3013124, 39.9797004], [116.3013878, 39.9789266], [116.3020072, 39.9789513], [116.3019352, 39.9797555], [116.3013124, 39.9797004]]]]}}, {"type": "Feature", "properties": {"building": "yes", "source": "osm"}, "geometry": {"type": "MultiPolygon", "coordinates": [[[[116.312264, 39.9704197], [116.3122948, 39.9703173], [116.3127408, 39.9703961], [116.31271, 39.9704985], [116.312264, 39.9704197]]]]}}, {"type": "Feature", "properties": {"building": "yes", "source": "osm"}, "geometry": {"type": "MultiPolygon", "coordinates": [[[[116.3119029, 39.9705687], [116.3119249, 39.9703307], [116.3121345, 39.970342], [116.3121229, 39.9704676], [116.3120326, 39.9704627], [116.3120223, 39.9705752], [116.3119029, 39.9705687]]]]}}, {"type": "Feature", "properties": {"building": "yes", "source": "osm"}, "geometry": {"type": "MultiPolygon", "coordinates": [[[[116.3118045, 39.971438], [116.3118945, 39.9706438], [116.3120078, 39.9706514], [116.3119176, 39.9714455], [116.3118045, 39.971438]]]]}}, {"type": "Feature", "properties": {"building": "commercial", "name": "大华时尚科技大厦", "source": "osm"}, "geometry": {"type": "MultiPolygon", "coordinates": [[[[116.3119703, 39.9713716], [116.3122214, 39.9706827], [116.3120617, 39.9706485], [116.3121053, 39.9705291], [116.3125338, 39.9706208], [116.3122393, 39.9714292], [116.3119703, 39.9713716]]]]}}, {"type": "Feature", "properties": {"building": "commercial", "name": "兴发大厦", "source": "osm"}, "geometry": {"type": "MultiPolygon", "coordinates": [[[[116.3116592, 39.9724292], [116.3117964, 39.9720506], [116.3121018, 39.9721156], [116.3120089, 39.9723718], [116.311756, 39.9724498], [116.3116592, 39.9724292]]]]}}, {"type": "Feature", "properties": {"building": "commercial", "source": "osm"}, "geometry": {"type": "MultiPolygon", "coordinates": [[[[116.3117196, 39.971915], [116.311825, 39.9715226], [116.3122753, 39.9715936], [116.3121724, 39.9719769], [116.3120733, 39.9719613], [116.3121021, 39.9718538], [116.3120017, 39.971838], [116.3119704, 39.9719546], [116.3117196, 39.971915]]]]}}, {"type": "Feature", "properties": {"building": "yes", "source": "osm"}, "geometry": {"type": "MultiPolygon", "coordinates": [[[[116.3039261, 39.9751563], [116.3039299, 39.9750144], [116.3041114, 39.9750173], [116.3041135, 39.9749393], [116.3043345, 39.9749427], [116.3043305, 39.9750919], [116.3041664, 39.9750893], [116.3041645, 39.9751601], [116.3039261, 39.9751563]]]]}}, {"type": "Feature", "properties": {"building": "yes", "source": "osm"}, "geometry": {"type": "MultiPolygon", "coordinates": [[[[116.3030475, 39.9750153], [116.3030513, 39.9749085], [116.3037625, 39.9749235], [116.3037586, 39.9750303], [116.3030475, 39.9750153]]]]}}, {"type": "Feature", "properties": {"building": "yes", "source": "osm"}, "geometry": {"type": "MultiPolygon", "coordinates": [[[[116.304443, 39.9751644], [116.3044478, 39.9749916], [116.3049353, 39.9749997], [116.3049305, 39.9751724], [116.304443, 39.9751644]]]]}}, {"type": "Feature", "properties": {"building": "yes", "source": "osm"}, "geometry": {"type": "MultiPolygon", "coordinates": [[[[116.3055601, 39.9758197], [116.3055758, 39.9755686], [116.305774, 39.9755759], [116.3057825, 39.9754382], [116.30589, 39.9754422], [116.3058841, 39.9755363], [116.3063031, 39.9755517], [116.3062847, 39.9758463], [116.3055601, 39.9758197]]]]}}, {"type": "Feature", "properties": {"building": "yes", "source": "osm"}, "geometry": {"type": "MultiPolygon", "coordinates": [[[[116.306914, 39.9764833], [116.3069195, 39.9763216], [116.3074253, 39.9763318], [116.3074197, 39.9764935], [116.306914, 39.9764833]]]]}}, {"type": "Feature", "properties": {"building": "yes", "source": "osm"}, "geometry": {"type": "MultiPolygon", "coordinates": [[[[116.3069327, 39.9761581], [116.3069395, 39.9759956], [116.3074461, 39.976008], [116.3074393, 39.9761706], [116.3069327, 39.9761581]]]]}}, {"type": "Feature", "properties": {"building": "yes", "source": "osm"}, "geometry": {"type": "MultiPolygon", "coordinates": [[[[116.3068922, 39.9758645], [116.3069046, 39.9757151], [116.3071398, 39.9757265], [116.3071275, 39.9758759], [116.3068922, 39.9758645]]]]}}, {"type": "Feature", "properties": {"building": "yes", "source": "osm"}, "geometry": {"type": "MultiPolygon", "coordinates": [[[[116.3071356, 39.975915], [116.3071496, 39.9757765], [116.3074978, 39.9757972], [116.3074838, 39.9759357], [116.3071356, 39.975915]]]]}}, {"type": "Feature", "properties": {"building": "yes", "source": "osm"}, "geometry": {"type": "MultiPolygon", "coordinates": [[[[116.3068167, 39.975622], [116.3068311, 39.9754928], [116.3071835, 39.9755158], [116.3071691, 39.9756451], [116.3068167, 39.975622]]]]}}, {"type": "Feature", "properties": {"building": "yes", "source": "osm"}, "geometry": {"type": "MultiPolygon", "coordinates": [[[[116.3073142, 39.9756689], [116.3073173, 39.9755041], [116.3074858, 39.9755059], [116.3074873, 39.9754254], [116.3076983, 39.9754276], [116.3076958, 39.975563], [116.3075186, 39.9755611], [116.3075166, 39.9756711], [116.3073142, 39.9756689]]]]}}, {"type": "Feature", "properties": {"building": "yes", "source": "osm"}, "geometry": {"type": "MultiPolygon", "coordinates": [[[[116.3073667, 39.9754017], [116.3073678, 39.9753304], [116.3076143, 39.9753326], [116.3076132, 39.9754039], [116.3073667, 39.9754017]]]]}}, {"type": "Feature", "properties": {"building": "yes", "source": "osm"}, "geometry": {"type": "MultiPolygon", "coordinates": [[[[116.3068623, 39.9752471], [116.3068632, 39.9751193], [116.3070498, 39.9751201], [116.3070504, 39.9750306], [116.3072679, 39.9750314], [116.307267, 39.9751682], [116.3070643, 39.9751674], [116.3070637, 39.9752479], [116.3068623, 39.9752471]]]]}}, {"type": "Feature", "properties": {"building": "yes", "source": "osm"}, "geometry": {"type": "MultiPolygon", "coordinates": [[[[116.3074482, 39.975248], [116.3074538, 39.9750739], [116.3077396, 39.9750793], [116.307734, 39.9752534], [116.3074482, 39.975248]]]]}}, {"type": "Feature", "properties": {"building": "yes", "source": "osm"}, "geometry": {"type": "MultiPolygon", "coordinates": [[[[116.3064364, 39.9754286], [116.3064534, 39.9750069], [116.3066946, 39.9750127], [116.3066831, 39.9752983], [116.3065837, 39.9752959], [116.3065782, 39.975432], [116.3064364, 39.9754286]]]]}}, {"type": "Feature", "properties": {"building": "yes", "source": "osm"}, "geometry": {"type": "MultiPolygon", "coordinates": [[[[116.3010838, 39.9756341], [116.3010962, 39.975403], [116.3014784, 39.975415], [116.301466, 39.9756462], [116.3010838, 39.9756341]]]]}}, {"type": "Feature", "properties": {"building": "yes", "source": "osm"}, "geometry": {"type": "MultiPolygon", "coordinates": [[[[116.3012969, 39.974974], [116.3013044, 39.9748505], [116.3020816, 39.9748779], [116.3020742, 39.9750015], [116.3012969, 39.974974]]]]}}, {"type": "Feature", "properties": {"building": "yes", "source": "osm"}, "geometry": {"type": "MultiPolygon", "coordinates": [[[[116.3024598, 39.975382], [116.3024652, 39.9752452], [116.3026412, 39.9752493], [116.3026335, 39.9754444], [116.3024598, 39.975382]]]]}}, {"type": "Feature", "properties": {"building": "yes", "source": "osm"}, "geometry": {"type": "MultiPolygon", "coordinates": [[[[116.3022443, 39.9751036], [116.3022544, 39.9749459], [116.3024629, 39.9749538], [116.3024667, 39.9748951], [116.3026831, 39.9749033], [116.3026745, 39.9750363], [116.3024609, 39.9750282], [116.3024556, 39.9751115], [116.3022443, 39.9751036]]]]}}, {"type": "Feature", "properties": {"building": "school", "name": "实验楼", "source": "osm"}, "geometry": {"type": "MultiPolygon", "coordinates": [[[[116.3362772, 39.9774305], [116.3362831, 39.9772565], [116.3368859, 39.9772685], [116.33688, 39.9774425], [116.3362772, 39.9774305]]]]}}, {"type": "Feature", "properties": {"building": "service", "source": "osm"}, "geometry": {"type": "MultiPolygon", "coordinates": [[[[116.3374613, 39.9773489], [116.3374679, 39.9772641], [116.3376014, 39.9772702], [116.3375948, 39.977355], [116.3374613, 39.9773489]]]]}}, {"type": "Feature", "properties": {"building": "construction", "source": "osm"}, "geometry": {"type": "MultiPolygon", "coordinates": [[[[116.3053144, 39.9753515], [116.3053385, 39.9749808], [116.3057563, 39.9749968], [116.3057322, 39.9753675], [116.3053144, 39.9753515]]]]}}, {"type": "Feature", "properties": {"building": "residential", "name": "2号楼", "source": "osm"}, "geometry": {"type": "MultiPolygon", "coordinates": [[[[116.3243613, 39.9705738], [116.3243715, 39.9704464], [116.3245491, 39.9704548], [116.3245541, 39.9703928], [116.3253256, 39.9704294], [116.3253153, 39.9705566], [116.3245972, 39.9705226], [116.3245922, 39.9705847], [116.3243613, 39.9705738]]]]}}, {"type": "Feature", "properties": {"building": "residential", "name": "1号楼", "source": "osm"}, "geometry": {"type": "MultiPolygon", "coordinates": [[[[116.3253744, 39.9705543], [116.3253801, 39.9704324], [116.3261526, 39.9704536], [116.3261469, 39.9705754], [116.3253744, 39.9705543]]]]}}, {"type": "Feature", "properties": {"building": "yes", "source": "osm"}, "geometry": {"type": "MultiPolygon", "coordinates": [[[[116.3181619, 39.9951183], [116.3181965, 39.9950095], [116.3183525, 39.9950386], [116.3183179, 39.9951474], [116.3181619, 39.9951183]]]]}}, {"type": "Feature", "properties": {"building": "yes", "source": "osm"}, "geometry": {"type": "MultiPolygon", "coordinates": [[[[116.3180736, 39.9954366], [116.3181072, 39.9953289], [116.3182659, 39.9953579], [116.3182324, 39.9954656], [116.3180736, 39.9954366]]]]}}, {"type": "Feature", "properties": {"building": "yes", "source": "osm"}, "geometry": {"type": "MultiPolygon", "coordinates": [[[[116.318042, 39.9957689], [116.3180603, 39.9956679], [116.3182002, 39.9956827], [116.3181819, 39.9957837], [116.318042, 39.9957689]]]]}}, {"type": "Feature", "properties": {"building": "yes", "source": "osm"}, "geometry": {"type": "MultiPolygon", "coordinates": [[[[116.3189249, 39.9959785], [116.3189733, 39.9957738], [116.3191891, 39.9958038], [116.3191406, 39.9960085], [116.3189249, 39.9959785]]]]}}, {"type": "Feature", "properties": {"building": "yes", "source": "osm"}, "geometry": {"type": "MultiPolygon", "coordinates": [[[[116.3192196, 39.9960151], [116.3192681, 39.9958104], [116.3194838, 39.9958404], [116.3194353, 39.9960451], [116.3192196, 39.9960151]]]]}}, {"type": "Feature", "properties": {"building": "yes", "source": "osm"}, "geometry": {"type": "MultiPolygon", "coordinates": [[[[116.3190216, 39.9955958], [116.31907, 39.9953911], [116.3192858, 39.9954211], [116.3192373, 39.9956258], [116.3190216, 39.9955958]]]]}}, {"type": "Feature", "properties": {"building": "yes", "source": "osm"}, "geometry": {"type": "MultiPolygon", "coordinates": [[[[116.3193279, 39.9956387], [116.3193764, 39.995434], [116.3195921, 39.995464], [116.3195436, 39.9956687], [116.3193279, 39.9956387]]]]}}, {"type": "Feature", "properties": {"building": "yes", "source": "osm"}, "geometry": {"type": "MultiPolygon", "coordinates": [[[[116.3196399, 39.9956788], [116.3196884, 39.9954741], [116.3199041, 39.9955041], [116.3198556, 39.9957088], [116.3196399, 39.9956788]]]]}}, {"type": "Feature", "properties": {"building": "yes", "source": "osm"}, "geometry": {"type": "MultiPolygon", "coordinates": [[[[116.3191038, 39.9952538], [116.3191522, 39.9950491], [116.319368, 39.9950791], [116.3193195, 39.9952838], [116.3191038, 39.9952538]]]]}}, {"type": "Feature", "properties": {"building": "yes", "source": "osm"}, "geometry": {"type": "MultiPolygon", "coordinates": [[[[116.3194064, 39.9952881], [116.3194549, 39.9950834], [116.3196706, 39.9951134], [116.3196221, 39.9953181], [116.3194064, 39.9952881]]]]}}, {"type": "Feature", "properties": {"building": "yes", "source": "osm"}, "geometry": {"type": "MultiPolygon", "coordinates": [[[[116.3197314, 39.9953225], [116.3197799, 39.9951178], [116.3199956, 39.9951478], [116.3199471, 39.9953525], [116.3197314, 39.9953225]]]]}}, {"type": "Feature", "properties": {"building": "yes", "source": "osm"}, "geometry": {"type": "MultiPolygon", "coordinates": [[[[116.3192009, 39.9948946], [116.3192494, 39.9946899], [116.3194651, 39.9947199], [116.3194166, 39.9949246], [116.3192009, 39.9948946]]]]}}, {"type": "Feature", "properties": {"building": "yes", "source": "osm"}, "geometry": {"type": "MultiPolygon", "coordinates": [[[[116.3195035, 39.994939], [116.319552, 39.9947342], [116.3197677, 39.9947642], [116.3197192, 39.9949689], [116.3195035, 39.994939]]]]}}, {"type": "Feature", "properties": {"building": "yes", "source": "osm"}, "geometry": {"type": "MultiPolygon", "coordinates": [[[[116.3198061, 39.9949762], [116.3198546, 39.9947715], [116.3200704, 39.9948014], [116.3200218, 39.9950061], [116.3198061, 39.9949762]]]]}}, {"type": "Feature", "properties": {"building": "commercial", "name": "北京宏宇航天技術有限公司-物資樓", "source": "osm"}, "geometry": {"type": "MultiPolygon", "coordinates": [[[[116.3229931, 39.9739875], [116.3234904, 39.9739902], [116.3234904, 39.974111], [116.3229931, 39.9740975], [116.3229931, 39.9739875]]]]}}, {"type": "Feature", "properties": {"building": "commercial", "name": "北京海房投资管理集团有限公司", "source": "osm"}, "geometry": {"type": "MultiPolygon", "coordinates": [[[[116.3197484, 39.9724269], [116.3197712, 39.9720098], [116.3207631, 39.9720578], [116.3207688, 39.9721233], [116.320307, 39.9721015], [116.3202956, 39.9723811], [116.3201417, 39.9723789], [116.3201503, 39.9723068], [116.319871, 39.9722937], [116.3198681, 39.9724248], [116.3197484, 39.9724269]]]]}}, {"type": "Feature", "properties": {"building": "school", "name": "东楼", "source": "osm"}, "geometry": {"type": "MultiPolygon", "coordinates": [[[[116.3216209, 39.9727502], [116.3216249, 39.9726386], [116.3216323, 39.9724335], [116.3218033, 39.9724422], [116.3217805, 39.9727546], [116.3216209, 39.9727502]]]]}}, {"type": "Feature", "properties": {"building": "school", "name": "北楼", "source": "osm"}, "geometry": {"type": "MultiPolygon", "coordinates": [[[[116.3211051, 39.9727426], [116.3211165, 39.9726159], [116.3216249, 39.9726386], [116.3216209, 39.9727502], [116.3211051, 39.9727426]]]]}}, {"type": "Feature", "properties": {"building": "school", "name": "教学综合楼", "source": "osm"}, "geometry": {"type": "MultiPolygon", "coordinates": [[[[116.321101, 39.9725097], [116.3211226, 39.9721345], [116.3218546, 39.9721823], [116.3218632, 39.9723308], [116.3212647, 39.972285], [116.3212476, 39.9725099], [116.321101, 39.9725097]]]]}}, {"type": "Feature", "properties": {"building": "school", "name": "回购楼", "source": "osm"}, "geometry": {"type": "MultiPolygon", "coordinates": [[[[116.3218546, 39.9721823], [116.3225073, 39.9721976], [116.3225239, 39.9723552], [116.3218632, 39.9723308], [116.3218546, 39.9721823]]]]}}, {"type": "Feature", "properties": {"building": "pavilion", "source": "osm"}, "geometry": {"type": "MultiPolygon", "coordinates": [[[[116.3045595, 39.9981945], [116.3046045, 39.9980794], [116.3047289, 39.9981079], [116.3046839, 39.998223], [116.3045595, 39.9981945]]]]}}, {"type": "Feature", "properties": {"building": "yes", "source": "osm"}, "geometry": {"type": "MultiPolygon", "coordinates": [[[[116.3276141, 39.993169], [116.3276143, 39.9930184], [116.3276293, 39.9927823], [116.328171, 39.9927909], [116.328242, 39.9928381], [116.3282345, 39.9930685], [116.3281617, 39.9930657], [116.3281486, 39.9931329], [116.3280515, 39.9931258], [116.3279375, 39.9931845], [116.3278889, 39.9931787], [116.3276141, 39.993169]]]]}}, {"type": "Feature", "properties": {"building": "residential", "name": "海淀南路12号", "source": "osm"}, "geometry": {"type": "MultiPolygon", "coordinates": [[[[116.3006022, 39.9739842], [116.3006196, 39.973697], [116.3008765, 39.9737062], [116.3008702, 39.9738087], [116.3010405, 39.9738148], [116.3010446, 39.973748], [116.3013118, 39.9737576], [116.3012899, 39.9741145], [116.3010819, 39.974107], [116.3010857, 39.9740448], [116.300986, 39.9740412], [116.3009886, 39.973998], [116.3006022, 39.9739842]]]]}}, {"type": "Feature", "properties": {"building": "yes", "name": "北京市海淀区妇女联合会", "office": "government", "source": "osm"}, "geometry": {"type": "MultiPolygon", "coordinates": [[[[116.2994658, 39.9771592], [116.2994978, 39.9766429], [116.2997251, 39.9766511], [116.2996932, 39.9771674], [116.2994658, 39.9771592]]]]}}, {"type": "Feature", "properties": {"building": "yes", "source": "osm"}, "geometry": {"type": "MultiPolygon", "coordinates": [[[[116.3171401, 39.9940759], [116.3171435, 39.9940448], [116.3172022, 39.993522], [116.3172059, 39.9934846], [116.3172094, 39.9934497], [116.3172942, 39.9934474], [116.3172793, 39.9935168], [116.3172526, 39.9935182], [116.3172371, 39.99366], [116.3172275, 39.9937475], [116.3171911, 39.9940792], [116.3171662, 39.9940776], [116.3171401, 39.9940759]]]]}}, {"type": "Feature", "properties": {"building": "yes", "name": "鸣鼓亭", "amenity": "shelter", "source": "osm"}, "geometry": {"type": "MultiPolygon", "coordinates": [[[[116.3159695, 39.9940746], [116.3159711, 39.9940239], [116.3160355, 39.994025], [116.3160339, 39.9940758], [116.3159695, 39.9940746]]]]}}, {"type": "Feature", "properties": {"building": "yes", "source": "osm"}, "geometry": {"type": "MultiPolygon", "coordinates": [[[[116.3176299, 39.9944575], [116.3176395, 39.9943917], [116.317731, 39.9943995], [116.3177215, 39.9944653], [116.3176299, 39.9944575]]]]}}, {"type": "Feature", "properties": {"building": "yes", "source": "osm"}, "geometry": {"type": "MultiPolygon", "coordinates": [[[[116.3319562, 39.9935548], [116.3319626, 39.9934816], [116.3321207, 39.9934856], [116.3321287, 39.9932966], [116.3322862, 39.9933005], [116.3322751, 39.993564], [116.3319562, 39.9935548]]]]}}, {"type": "Feature", "properties": {"building": "yes", "name": "金帆民乐队排练室", "amenity": "music_school", "source": "osm"}, "geometry": {"type": "MultiPolygon", "coordinates": [[[[116.3157711, 39.9941442], [116.3157803, 39.9940346], [116.315902, 39.9940406], [116.3158914, 39.9941485], [116.3157711, 39.9941442]]]]}}, {"type": "Feature", "properties": {"building": "warehouse", "name": "体育器材室", "source": "osm"}, "geometry": {"type": "MultiPolygon", "coordinates": [[[[116.3162644, 39.9943887], [116.3162685, 39.9943268], [116.3164939, 39.9943355], [116.3164898, 39.9943974], [116.3162644, 39.9943887]]]]}}, {"type": "Feature", "properties": {"building": "yes", "name": "七叶树大道", "source": "osm"}, "geometry": {"type": "MultiPolygon", "coordinates": [[[[116.3161367, 39.9939683], [116.3161528, 39.9938836], [116.3161968, 39.993887], [116.316182, 39.9939368], [116.3162747, 39.9939417], [116.3162718, 39.9939976], [116.3163165, 39.9940235], [116.3163103, 39.9940637], [116.3162386, 39.9940578], [116.3162237, 39.9940442], [116.3162386, 39.9939775], [116.3161367, 39.9939683]]]]}}, {"type": "Feature", "properties": {"building": "yes", "source": "osm"}, "geometry": {"type": "MultiPolygon", "coordinates": [[[[116.3155922, 39.9894244], [116.315631, 39.9890805], [116.3158845, 39.9890973], [116.3158738, 39.9891924], [116.3157009, 39.9891809], [116.3156834, 39.989335], [116.3158561, 39.9893465], [116.3158454, 39.9894412], [116.3155922, 39.9894244]]]]}}, {"type": "Feature", "properties": {"building": "yes", "source": "osm"}, "geometry": {"type": "MultiPolygon", "coordinates": [[[[116.3163388, 39.9895591], [116.3163607, 39.9893898], [116.3171134, 39.9894468], [116.3170916, 39.989616], [116.3163388, 39.9895591]]]]}}, {"type": "Feature", "properties": {"building": "yes", "source": "osm"}, "geometry": {"type": "MultiPolygon", "coordinates": [[[[116.3157296, 39.988195], [116.3157499, 39.9880349], [116.3173437, 39.9881552], [116.3173105, 39.9883117], [116.3169224, 39.9882847], [116.3169127, 39.9883533], [116.316013, 39.9882924], [116.3160239, 39.9882249], [116.3157296, 39.988195]]]]}}, {"type": "Feature", "properties": {"building": "yes", "source": "osm"}, "geometry": {"type": "MultiPolygon", "coordinates": [[[[116.3166785, 39.9892308], [116.3166819, 39.9891826], [116.3167052, 39.9891377], [116.316746, 39.9891009], [116.3168, 39.989076], [116.3168616, 39.9890657], [116.3169242, 39.989071], [116.316983, 39.9890922], [116.3170293, 39.989127], [116.3170358, 39.9891516], [116.3171578, 39.9891623], [116.3171423, 39.9893054], [116.3170095, 39.9892978], [116.3169687, 39.9893438], [116.3169078, 39.989361], [116.3168429, 39.9893619], [116.3167812, 39.9893464], [116.3167309, 39.9893172], [116.3166954, 39.9892773], [116.3166785, 39.9892308]]]]}}, {"type": "Feature", "properties": {"building": "residential", "source": "osm"}, "geometry": {"type": "MultiPolygon", "coordinates": [[[[116.3196061, 39.9944482], [116.3196186, 39.9943928], [116.3198395, 39.9944221], [116.3198254, 39.9944846], [116.3197826, 39.9944789], [116.3197751, 39.9945118], [116.319746, 39.994508], [116.319742, 39.9945255], [116.319665, 39.9945153], [116.3196689, 39.994498], [116.319636, 39.9944936], [116.3196451, 39.9944533], [116.3196061, 39.9944482]]]]}}, {"type": "Feature", "properties": {"building": "residential", "source": "osm"}, "geometry": {"type": "MultiPolygon", "coordinates": [[[[116.3199183, 39.9944885], [116.3199308, 39.9944332], [116.3201517, 39.9944625], [116.3201376, 39.994525], [116.3200947, 39.9945193], [116.3200873, 39.9945522], [116.3200581, 39.9945483], [116.3200542, 39.9945659], [116.3199772, 39.9945557], [116.3199811, 39.9945383], [116.3199481, 39.994534], [116.3199572, 39.9944937], [116.3199183, 39.9944885]]]]}}, {"type": "Feature", "properties": {"building": "residential", "source": "osm"}, "geometry": {"type": "MultiPolygon", "coordinates": [[[[116.3192983, 39.9944042], [116.3193109, 39.9943488], [116.3195318, 39.9943782], [116.3195176, 39.9944406], [116.3194748, 39.9944349], [116.3194674, 39.9944678], [116.3194382, 39.994464], [116.3194343, 39.9944816], [116.3193572, 39.9944713], [116.3193612, 39.994454], [116.3193282, 39.9944496], [116.3193373, 39.9944094], [116.3192983, 39.9944042]]]]}}, {"type": "Feature", "properties": {"building": "residential", "source": "osm"}, "geometry": {"type": "MultiPolygon", "coordinates": [[[[116.3206087, 39.9945905], [116.3206212, 39.9945351], [116.3208421, 39.9945644], [116.320828, 39.9946269], [116.3207851, 39.9946212], [116.3207777, 39.9946541], [116.3207486, 39.9946502], [116.3207446, 39.9946678], [116.3206676, 39.9946576], [116.3206715, 39.9946402], [116.3206386, 39.9946359], [116.3206477, 39.9945956], [116.3206087, 39.9945905]]]]}}, {"type": "Feature", "properties": {"building": "residential", "name": "中8楼", "source": "osm"}, "geometry": {"type": "MultiPolygon", "coordinates": [[[[116.3165153, 39.9971775], [116.3165214, 39.9970439], [116.3167493, 39.9970501], [116.3167432, 39.9971836], [116.3165153, 39.9971775]]]]}}, {"type": "Feature", "properties": {"building": "residential", "name": "302住宅", "source": "osm"}, "geometry": {"type": "MultiPolygon", "coordinates": [[[[116.3373464, 39.9805412], [116.3373513, 39.9804402], [116.3378424, 39.9804543], [116.3378473, 39.9803523], [116.3379578, 39.9803555], [116.3379503, 39.9805103], [116.3378617, 39.9805077], [116.3378593, 39.980556], [116.3373464, 39.9805412]]]]}}, {"type": "Feature", "properties": {"building": "residential", "name": "301住宅", "source": "osm"}, "geometry": {"type": "MultiPolygon", "coordinates": [[[[116.336992, 39.980208], [116.3370005, 39.9800351], [116.3370839, 39.9800375], [116.3370856, 39.9800028], [116.3378969, 39.9800265], [116.3378952, 39.9800602], [116.3379783, 39.9800626], [116.3379694, 39.9802427], [116.3378546, 39.9802394], [116.3378607, 39.9801153], [116.3370985, 39.9800932], [116.3370927, 39.9802109], [116.336992, 39.980208]]]]}}, {"type": "Feature", "properties": {"building": "residential", "name": "304住宅", "source": "osm"}, "geometry": {"type": "MultiPolygon", "coordinates": [[[[116.337322, 39.9812256], [116.337325, 39.9811368], [116.3378318, 39.9811467], [116.3378306, 39.9811833], [116.3379194, 39.9811851], [116.3379137, 39.9813589], [116.3378038, 39.9813568], [116.3378079, 39.9812351], [116.337322, 39.9812256]]]]}}, {"type": "Feature", "properties": {"building": "yes", "name": "清华同方科技广场C座", "source": "osm"}, "geometry": {"type": "MultiPolygon", "coordinates": [[[[116.3333577, 39.9971426], [116.3333759, 39.9967363], [116.3335418, 39.9967407], [116.3335235, 39.997147], [116.3333577, 39.9971426]]]]}}, {"type": "Feature", "properties": {"building": "yes", "name": "中国科学院工程热物理研究所", "office": "research", "source": "osm"}, "geometry": {"type": "MultiPolygon", "coordinates": [[[[116.3241513, 39.985545], [116.3241603, 39.9853901], [116.324838, 39.9854131], [116.3248304, 39.985545], [116.3247464, 39.9855421], [116.3247304, 39.9858174], [116.3242586, 39.9858013], [116.3242732, 39.9855492], [116.3241513, 39.985545]]]]}}, {"type": "Feature", "properties": {"building": "yes", "office": "research", "source": "osm"}, "geometry": {"type": "MultiPolygon", "coordinates": [[[[116.3225397, 39.9859647], [116.322546, 39.9858362], [116.3226639, 39.9858396], [116.3226678, 39.9857595], [116.3228401, 39.9857644], [116.3228359, 39.9858521], [116.3229582, 39.9858556], [116.3229523, 39.9859765], [116.3225397, 39.9859647]]]]}}, {"type": "Feature", "properties": {"building": "residential", "source": "osm"}, "geometry": {"type": "MultiPolygon", "coordinates": [[[[116.3218246, 39.9865515], [116.321832, 39.986453], [116.3227975, 39.9864955], [116.3227901, 39.9865942], [116.3218246, 39.9865515]]]]}}, {"type": "Feature", "properties": {"building": "yes", "office": "research", "source": "osm"}, "geometry": {"type": "MultiPolygon", "coordinates": [[[[116.3219634, 39.9851979], [116.3219709, 39.9850244], [116.3226259, 39.9850409], [116.3226216, 39.9851425], [116.3225119, 39.9851397], [116.3225088, 39.9852117], [116.3219634, 39.9851979]]]]}}, {"type": "Feature", "properties": {"building": "yes", "name": "中国科学院学术会堂", "office": "research", "source": "osm"}, "geometry": {"type": "MultiPolygon", "coordinates": [[[[116.3158662, 39.9868124], [116.3158888, 39.9866294], [116.3159203, 39.9866329], [116.3159203, 39.9865822], [116.3164955, 39.9866225], [116.316476, 39.986687], [116.3165031, 39.9866916], [116.316485, 39.9868515], [116.3164565, 39.9868596], [116.316449, 39.9869171], [116.3158888, 39.9868952], [116.3159038, 39.9868354], [116.3158662, 39.9868124]]]]}}, {"type": "Feature", "properties": {"building": "office", "source": "osm"}, "geometry": {"type": "MultiPolygon", "coordinates": [[[[116.315031, 39.9872129], [116.3151133, 39.9866247], [116.3155247, 39.9866585], [116.3154426, 39.9872467], [116.315031, 39.9872129]]]]}}, {"type": "Feature", "properties": {"building": "apartments", "name": "中招公寓", "source": "osm"}, "geometry": {"type": "MultiPolygon", "coordinates": [[[[116.3143431, 39.9867663], [116.314392, 39.986373], [116.3150262, 39.9864192], [116.3149772, 39.9868126], [116.3143431, 39.9867663]]]]}}, {"type": "Feature", "properties": {"building": "school", "source": "osm"}, "geometry": {"type": "MultiPolygon", "coordinates": [[[[116.3103736, 39.9863147], [116.3104621, 39.98553], [116.3109418, 39.9855617], [116.3109259, 39.9857024], [116.3106521, 39.9856843], [116.3106063, 39.9860909], [116.3110609, 39.986121], [116.3110404, 39.9863034], [116.310704, 39.9862812], [116.3106978, 39.9863362], [116.3103736, 39.9863147]]]]}}, {"type": "Feature", "properties": {"building": "yes", "name": "物美超市", "source": "osm"}, "geometry": {"type": "MultiPolygon", "coordinates": [[[[116.3376687, 39.9755457], [116.3378109, 39.9755255], [116.3378414, 39.9756704], [116.3377882, 39.9756772], [116.3377439, 39.9756828], [116.3376687, 39.9755457]]]]}}, {"type": "Feature", "properties": {"building": "yes", "source": "osm"}, "geometry": {"type": "MultiPolygon", "coordinates": [[[[116.3292543, 39.9996494], [116.3292602, 39.9994499], [116.3293882, 39.9994522], [116.3293823, 39.9996517], [116.3292543, 39.9996494]]]]}}, {"type": "Feature", "properties": {"building": "yes", "source": "osm"}, "geometry": {"type": "MultiPolygon", "coordinates": [[[[116.3300642, 40.0001042], [116.3300899, 39.9994651], [116.3305735, 39.9994765], [116.3305477, 40.0001156], [116.3300642, 40.0001042]]]]}}, {"type": "Feature", "properties": {"building": "yes", "amenity": "bicycle_parking", "source": "osm"}, "geometry": {"type": "MultiPolygon", "coordinates": [[[[116.2981444, 39.9856332], [116.2981538, 39.9855667], [116.2987061, 39.985613], [116.2987012, 39.9856478], [116.2986967, 39.9856794], [116.2982334, 39.9856406], [116.2981444, 39.9856332]]]]}}, {"type": "Feature", "properties": {"building": "residential", "source": "osm"}, "geometry": {"type": "MultiPolygon", "coordinates": [[[[116.3180888, 39.9962099], [116.3181032, 39.9961479], [116.3183277, 39.9961808], [116.318313, 39.9962457], [116.3182749, 39.9962406], [116.3182664, 39.9962782], [116.3182345, 39.996274], [116.3182307, 39.9962906], [116.3181535, 39.9962804], [116.3181584, 39.9962586], [116.318135, 39.9962555], [116.3181434, 39.9962189], [116.3180888, 39.9962099]]]]}}, {"type": "Feature", "properties": {"building": "residential", "source": "osm"}, "geometry": {"type": "MultiPolygon", "coordinates": [[[[116.3183991, 39.9962394], [116.3184103, 39.9961898], [116.3186202, 39.9962177], [116.3186055, 39.9962826], [116.3185674, 39.9962775], [116.3185589, 39.9963151], [116.318527, 39.9963108], [116.3185232, 39.9963275], [116.318446, 39.9963173], [116.3184509, 39.9962955], [116.3184275, 39.9962924], [116.3184383, 39.9962446], [116.3183991, 39.9962394]]]]}}, {"type": "Feature", "properties": {"building": "residential", "source": "osm"}, "geometry": {"type": "MultiPolygon", "coordinates": [[[[116.3188692, 39.9962988], [116.3188804, 39.9962493], [116.3190902, 39.9962772], [116.3190755, 39.9963421], [116.3190375, 39.996337], [116.319029, 39.9963746], [116.318997, 39.9963703], [116.3189933, 39.996387], [116.3189161, 39.9963768], [116.318921, 39.996355], [116.3188976, 39.9963519], [116.3189084, 39.9963041], [116.3188692, 39.9962988]]]]}}, {"type": "Feature", "properties": {"building": "residential", "source": "osm"}, "geometry": {"type": "MultiPolygon", "coordinates": [[[[116.3191717, 39.9963411], [116.3191829, 39.9962915], [116.3193927, 39.9963194], [116.319378, 39.9963843], [116.31934, 39.9963793], [116.3193315, 39.9964169], [116.3192995, 39.9964126], [116.3192958, 39.9964293], [116.3192186, 39.9964191], [116.3192235, 39.9963973], [116.3192001, 39.9963942], [116.3192109, 39.9963463], [116.3191717, 39.9963411]]]]}}, {"type": "Feature", "properties": {"building": "residential", "source": "osm"}, "geometry": {"type": "MultiPolygon", "coordinates": [[[[116.3180787, 39.9960708], [116.3180907, 39.9960076], [116.3183753, 39.9960394], [116.3183633, 39.9961025], [116.3180787, 39.9960708]]]]}}, {"type": "Feature", "properties": {"building": "residential", "source": "osm"}, "geometry": {"type": "MultiPolygon", "coordinates": [[[[116.3184047, 39.9961113], [116.3184167, 39.9960482], [116.3187013, 39.99608], [116.3186893, 39.9961431], [116.3184047, 39.9961113]]]]}}, {"type": "Feature", "properties": {"building": "residential", "source": "osm"}, "geometry": {"type": "MultiPolygon", "coordinates": [[[[116.3188573, 39.9961781], [116.3188693, 39.996115], [116.3191538, 39.9961468], [116.3191418, 39.9962099], [116.3188573, 39.9961781]]]]}}, {"type": "Feature", "properties": {"building": "residential", "source": "osm"}, "geometry": {"type": "MultiPolygon", "coordinates": [[[[116.3191685, 39.9962162], [116.3191805, 39.9961531], [116.3194651, 39.9961849], [116.3194531, 39.996248], [116.3191685, 39.9962162]]]]}}, {"type": "Feature", "properties": {"building": "residential", "source": "osm"}, "geometry": {"type": "MultiPolygon", "coordinates": [[[[116.3159643, 39.9972006], [116.315975, 39.9971005], [116.3163147, 39.9971217], [116.316304, 39.9972219], [116.3159643, 39.9972006]]]]}}, {"type": "Feature", "properties": {"building": "residential", "source": "osm"}, "geometry": {"type": "MultiPolygon", "coordinates": [[[[116.3160063, 39.9969056], [116.3160211, 39.9968125], [116.3161648, 39.996826], [116.31615, 39.9969191], [116.3160063, 39.9969056]]]]}}, {"type": "Feature", "properties": {"building": "residential", "source": "osm"}, "geometry": {"type": "MultiPolygon", "coordinates": [[[[116.3162355, 39.9969191], [116.3162503, 39.996826], [116.316394, 39.9968395], [116.3163792, 39.9969326], [116.3162355, 39.9969191]]]]}}, {"type": "Feature", "properties": {"building": "residential", "source": "osm"}, "geometry": {"type": "MultiPolygon", "coordinates": [[[[116.316083, 39.9963916], [116.3160979, 39.9962985], [116.3162416, 39.996312], [116.3162268, 39.9964051], [116.316083, 39.9963916]]]]}}, {"type": "Feature", "properties": {"building": "residential", "source": "osm"}, "geometry": {"type": "MultiPolygon", "coordinates": [[[[116.3163529, 39.9964131], [116.3163677, 39.99632], [116.3165114, 39.9963335], [116.3164966, 39.9964266], [116.3163529, 39.9964131]]]]}}, {"type": "Feature", "properties": {"building": "residential", "source": "osm"}, "geometry": {"type": "MultiPolygon", "coordinates": [[[[116.3168312, 39.99644], [116.316846, 39.9963469], [116.3169897, 39.9963603], [116.3169749, 39.9964534], [116.3168312, 39.99644]]]]}}, {"type": "Feature", "properties": {"building": "residential", "source": "osm"}, "geometry": {"type": "MultiPolygon", "coordinates": [[[[116.3170922, 39.9964467], [116.3171071, 39.9963536], [116.3172508, 39.996367], [116.3172359, 39.9964601], [116.3170922, 39.9964467]]]]}}, {"type": "Feature", "properties": {"building": "residential", "source": "osm"}, "geometry": {"type": "MultiPolygon", "coordinates": [[[[116.316048, 39.9966346], [116.3160628, 39.9965415], [116.3162066, 39.9965549], [116.3161917, 39.996648], [116.316048, 39.9966346]]]]}}, {"type": "Feature", "properties": {"building": "residential", "source": "osm"}, "geometry": {"type": "MultiPolygon", "coordinates": [[[[116.3163108, 39.9966641], [116.3163257, 39.996571], [116.3164694, 39.9965844], [116.3164545, 39.9966776], [116.3163108, 39.9966641]]]]}}, {"type": "Feature", "properties": {"building": "residential", "source": "osm"}, "geometry": {"type": "MultiPolygon", "coordinates": [[[[116.3167912, 39.9967348], [116.3167968, 39.9966272], [116.3172074, 39.9966397], [116.3172018, 39.9967473], [116.3167912, 39.9967348]]]]}}, {"type": "Feature", "properties": {"building": "residential", "source": "osm"}, "geometry": {"type": "MultiPolygon", "coordinates": [[[[116.3168075, 39.9969713], [116.3168131, 39.9968637], [116.3172237, 39.9968762], [116.3172181, 39.9969838], [116.3168075, 39.9969713]]]]}}, {"type": "Feature", "properties": {"building": "residential", "source": "osm"}, "geometry": {"type": "MultiPolygon", "coordinates": [[[[116.3159363, 39.997437], [116.315947, 39.9973368], [116.3162867, 39.9973581], [116.316276, 39.9974583], [116.3159363, 39.997437]]]]}}, {"type": "Feature", "properties": {"building": "residential", "source": "osm"}, "geometry": {"type": "MultiPolygon", "coordinates": [[[[116.3164676, 39.9974465], [116.3164737, 39.9973129], [116.3167016, 39.9973191], [116.3166955, 39.9974526], [116.3164676, 39.9974465]]]]}}, {"type": "Feature", "properties": {"building": "residential", "source": "osm"}, "geometry": {"type": "MultiPolygon", "coordinates": [[[[116.316772, 39.9973747], [116.3168031, 39.9971529], [116.3170086, 39.9971698], [116.3169832, 39.997351], [116.3168964, 39.9973439], [116.3169262, 39.9974016], [116.3170454, 39.9974096], [116.3171382, 39.997458], [116.317135, 39.9975119], [116.3169718, 39.9975063], [116.316772, 39.9973747]]]]}}, {"type": "Feature", "properties": {"building": "residential", "source": "osm"}, "geometry": {"type": "MultiPolygon", "coordinates": [[[[116.3170655, 39.9972995], [116.3170675, 39.9972523], [116.3172476, 39.997257], [116.3172435, 39.9973491], [116.3171616, 39.9973469], [116.3171627, 39.9973222], [116.3171435, 39.9973217], [116.3171444, 39.9973015], [116.3170655, 39.9972995]]]]}}, {"type": "Feature", "properties": {"building": "bungalow", "source": "osm"}, "geometry": {"type": "MultiPolygon", "coordinates": [[[[116.3177612, 39.9941097], [116.3177682, 39.9940591], [116.3181561, 39.9940908], [116.3181492, 39.9941406], [116.3180071, 39.994129], [116.3179995, 39.9941835], [116.3179183, 39.9941768], [116.3179258, 39.9941231], [116.3177612, 39.9941097]]]]}}, {"type": "Feature", "properties": {"building": "bungalow", "source": "osm"}, "geometry": {"type": "MultiPolygon", "coordinates": [[[[116.3177843, 39.9939947], [116.3177914, 39.9939441], [116.3181793, 39.9939758], [116.3181724, 39.9940256], [116.3180303, 39.994014], [116.3180227, 39.9940685], [116.3179415, 39.9940618], [116.317949, 39.9940081], [116.3177843, 39.9939947]]]]}}, {"type": "Feature", "properties": {"building": "bungalow", "source": "osm"}, "geometry": {"type": "MultiPolygon", "coordinates": [[[[116.3177976, 39.9938814], [116.3178046, 39.9938308], [116.3181925, 39.9938625], [116.3181856, 39.9939123], [116.3180435, 39.9939007], [116.3180359, 39.9939551], [116.3179548, 39.9939485], [116.3179622, 39.9938948], [116.3177976, 39.9938814]]]]}}, {"type": "Feature", "properties": {"building": "bungalow", "source": "osm"}, "geometry": {"type": "MultiPolygon", "coordinates": [[[[116.3178097, 39.9937639], [116.3178167, 39.9937133], [116.3182047, 39.9937449], [116.3181977, 39.9937948], [116.3180556, 39.9937831], [116.3180481, 39.9938376], [116.3179669, 39.993831], [116.3179744, 39.9937773], [116.3178097, 39.9937639]]]]}}, {"type": "Feature", "properties": {"building": "bungalow", "source": "osm"}, "geometry": {"type": "MultiPolygon", "coordinates": [[[[116.317834, 39.9936497], [116.317841, 39.9935991], [116.318229, 39.9936308], [116.318222, 39.9936806], [116.3180799, 39.993669], [116.3180724, 39.9937235], [116.3179912, 39.9937168], [116.3179986, 39.9936631], [116.317834, 39.9936497]]]]}}, {"type": "Feature", "properties": {"building": "bungalow", "source": "osm"}, "geometry": {"type": "MultiPolygon", "coordinates": [[[[116.3182788, 39.9941452], [116.3182858, 39.9940946], [116.3186738, 39.9941263], [116.3186668, 39.9941761], [116.3185247, 39.9941645], [116.3185172, 39.994219], [116.318436, 39.9942123], [116.3184434, 39.9941586], [116.3182788, 39.9941452]]]]}}, {"type": "Feature", "properties": {"building": "bungalow", "source": "osm"}, "geometry": {"type": "MultiPolygon", "coordinates": [[[[116.3183075, 39.9939085], [116.3183145, 39.9938579], [116.3187025, 39.9938895], [116.3186955, 39.9939394], [116.3185534, 39.9939277], [116.3185459, 39.9939822], [116.3184647, 39.9939756], [116.3184721, 39.9939219], [116.3183075, 39.9939085]]]]}}, {"type": "Feature", "properties": {"building": "bungalow", "source": "osm"}, "geometry": {"type": "MultiPolygon", "coordinates": [[[[116.3182931, 39.994026], [116.3183002, 39.9939754], [116.3186881, 39.9940071], [116.3186812, 39.9940569], [116.3185391, 39.9940453], [116.3185315, 39.9940997], [116.3184503, 39.9940931], [116.3184578, 39.9940394], [116.3182931, 39.994026]]]]}}, {"type": "Feature", "properties": {"building": "bungalow", "source": "osm"}, "geometry": {"type": "MultiPolygon", "coordinates": [[[[116.3183252, 39.9937952], [116.3183322, 39.9937446], [116.3187201, 39.9937762], [116.3187132, 39.993826], [116.3185711, 39.9938144], [116.3185635, 39.9938689], [116.3184823, 39.9938623], [116.3184898, 39.9938086], [116.3183252, 39.9937952]]]]}}, {"type": "Feature", "properties": {"building": "bungalow", "source": "osm"}, "geometry": {"type": "MultiPolygon", "coordinates": [[[[116.3178716, 39.9935836], [116.317877, 39.9935354], [116.318224, 39.9935584], [116.3182185, 39.9936066], [116.3178716, 39.9935836]]]]}}, {"type": "Feature", "properties": {"building": "bungalow", "source": "osm"}, "geometry": {"type": "MultiPolygon", "coordinates": [[[[116.3184177, 39.9936287], [116.318424, 39.9935748], [116.3187317, 39.9935958], [116.3187254, 39.9936496], [116.3184177, 39.9936287]]]]}}, {"type": "Feature", "properties": {"building": "bungalow", "source": "osm"}, "geometry": {"type": "MultiPolygon", "coordinates": [[[[116.3184257, 39.9935146], [116.3184319, 39.9934607], [116.3187396, 39.9934817], [116.3187333, 39.9935356], [116.3184257, 39.9935146]]]]}}, {"type": "Feature", "properties": {"building": "bungalow", "source": "osm"}, "geometry": {"type": "MultiPolygon", "coordinates": [[[[116.3184422, 39.9933996], [116.3184485, 39.9933457], [116.3187562, 39.9933668], [116.3187499, 39.9934206], [116.3184422, 39.9933996]]]]}}, {"type": "Feature", "properties": {"building": "bungalow", "source": "osm"}, "geometry": {"type": "MultiPolygon", "coordinates": [[[[116.3188009, 39.9936474], [116.3188072, 39.9935935], [116.3191149, 39.9936145], [116.3191086, 39.9936683], [116.3188009, 39.9936474]]]]}}, {"type": "Feature", "properties": {"building": "bungalow", "source": "osm"}, "geometry": {"type": "MultiPolygon", "coordinates": [[[[116.3187943, 39.9935324], [116.3188006, 39.9934785], [116.3191082, 39.9934995], [116.319102, 39.9935533], [116.3187943, 39.9935324]]]]}}, {"type": "Feature", "properties": {"building": "bungalow", "source": "osm"}, "geometry": {"type": "MultiPolygon", "coordinates": [[[[116.3188031, 39.9934241], [116.3188094, 39.9933703], [116.3191171, 39.9933913], [116.3191108, 39.9934451], [116.3188031, 39.9934241]]]]}}, {"type": "Feature", "properties": {"building": "bungalow", "source": "osm"}, "geometry": {"type": "MultiPolygon", "coordinates": [[[[116.3177579, 39.9942342], [116.3177642, 39.9941803], [116.3181359, 39.9942039], [116.3181274, 39.9942568], [116.3177579, 39.9942342]]]]}}, {"type": "Feature", "properties": {"building": "bungalow", "source": "osm"}, "geometry": {"type": "MultiPolygon", "coordinates": [[[[116.3182745, 39.9942646], [116.3182807, 39.9942108], [116.3186524, 39.9942343], [116.3186439, 39.9942873], [116.3182745, 39.9942646]]]]}}, {"type": "Feature", "properties": {"building": "bungalow", "source": "osm"}, "geometry": {"type": "MultiPolygon", "coordinates": [[[[116.3191616, 39.9934193], [116.3191716, 39.9933497], [116.3196029, 39.9933861], [116.3195929, 39.9934556], [116.3191616, 39.9934193]]]]}}, {"type": "Feature", "properties": {"building": "bungalow", "source": "osm"}, "geometry": {"type": "MultiPolygon", "coordinates": [[[[116.3191465, 39.9935168], [116.3191524, 39.9934719], [116.3195788, 39.993505], [116.3195728, 39.9935499], [116.3191465, 39.9935168]]]]}}, {"type": "Feature", "properties": {"building": "bungalow", "source": "osm"}, "geometry": {"type": "MultiPolygon", "coordinates": [[[[116.3187236, 39.9941315], [116.3187307, 39.9940775], [116.3190112, 39.9940991], [116.3190041, 39.9941531], [116.3187236, 39.9941315]]]]}}, {"type": "Feature", "properties": {"building": "bungalow", "source": "osm"}, "geometry": {"type": "MultiPolygon", "coordinates": [[[[116.318738, 39.994024], [116.3187451, 39.9939699], [116.3190255, 39.9939916], [116.3190184, 39.9940456], [116.318738, 39.994024]]]]}}, {"type": "Feature", "properties": {"building": "bungalow", "source": "osm"}, "geometry": {"type": "MultiPolygon", "coordinates": [[[[116.3187534, 39.9939073], [116.3187605, 39.9938533], [116.3190409, 39.9938749], [116.3190338, 39.9939289], [116.3187534, 39.9939073]]]]}}, {"type": "Feature", "properties": {"building": "bungalow", "source": "osm"}, "geometry": {"type": "MultiPolygon", "coordinates": [[[[116.3187788, 39.9938041], [116.3187859, 39.9937501], [116.3190663, 39.9937717], [116.3190592, 39.9938257], [116.3187788, 39.9938041]]]]}}, {"type": "Feature", "properties": {"building": "bungalow", "source": "osm"}, "geometry": {"type": "MultiPolygon", "coordinates": [[[[116.3196169, 39.9941921], [116.3196297, 39.9941324], [116.3199091, 39.9941675], [116.3198964, 39.9942272], [116.3196169, 39.9941921]]]]}}, {"type": "Feature", "properties": {"building": "bungalow", "source": "osm"}, "geometry": {"type": "MultiPolygon", "coordinates": [[[[116.3196345, 39.9940552], [116.3196473, 39.9939955], [116.3199267, 39.9940306], [116.3199139, 39.9940902], [116.3196345, 39.9940552]]]]}}, {"type": "Feature", "properties": {"building": "residential", "source": "osm"}, "geometry": {"type": "MultiPolygon", "coordinates": [[[[116.3199924, 39.9941268], [116.3200049, 39.9940715], [116.3202258, 39.9941008], [116.3202117, 39.9941633], [116.3201688, 39.9941576], [116.3201614, 39.9941905], [116.3201322, 39.9941866], [116.3201283, 39.9942042], [116.3200513, 39.994194], [116.3200552, 39.9941766], [116.3200222, 39.9941723], [116.3200313, 39.994132], [116.3199924, 39.9941268]]]]}}, {"type": "Feature", "properties": {"building": "bungalow", "source": "osm"}, "geometry": {"type": "MultiPolygon", "coordinates": [[[[116.3202701, 39.9946421], [116.3202988, 39.9944803], [116.3204973, 39.9945009], [116.320486, 39.9945648], [116.3203436, 39.99455], [116.3203324, 39.9946132], [116.3204304, 39.9946233], [116.3204242, 39.9946581], [116.3202701, 39.9946421]]]]}}, {"type": "Feature", "properties": {"building": "bungalow", "source": "osm"}, "geometry": {"type": "MultiPolygon", "coordinates": [[[[116.3197585, 39.9934436], [116.3197645, 39.9933987], [116.3201909, 39.9934317], [116.3201849, 39.9934767], [116.3197585, 39.9934436]]]]}}, {"type": "Feature", "properties": {"building": "bungalow", "source": "osm"}, "geometry": {"type": "MultiPolygon", "coordinates": [[[[116.3197264, 39.9935653], [116.3197323, 39.9935204], [116.3201587, 39.9935535], [116.3201527, 39.9935984], [116.3197264, 39.9935653]]]]}}, {"type": "Feature", "properties": {"building": "bungalow", "source": "osm"}, "geometry": {"type": "MultiPolygon", "coordinates": [[[[116.3197207, 39.9936712], [116.3197266, 39.9936263], [116.320153, 39.9936593], [116.3201471, 39.9937043], [116.3197207, 39.9936712]]]]}}, {"type": "Feature", "properties": {"building": "bungalow", "source": "osm"}, "geometry": {"type": "MultiPolygon", "coordinates": [[[[116.3193148, 39.993632], [116.3193207, 39.9935893], [116.3196629, 39.9936194], [116.319657, 39.9936644], [116.3193148, 39.993632]]]]}}, {"type": "Feature", "properties": {"building": "kindergarten", "source": "osm"}, "geometry": {"type": "MultiPolygon", "coordinates": [[[[116.3209027, 39.9958714], [116.3209097, 39.9957397], [116.3209956, 39.9957424], [116.3209885, 39.9958741], [116.3209027, 39.9958714]]]]}}, {"type": "Feature", "properties": {"building": "residential", "source": "osm"}, "geometry": {"type": "MultiPolygon", "coordinates": [[[[116.3182551, 39.9965718], [116.3182661, 39.9965186], [116.3184853, 39.996545], [116.3184733, 39.9966035], [116.3184242, 39.9965976], [116.3184147, 39.996644], [116.3183834, 39.9966403], [116.3183799, 39.9966573], [116.3183047, 39.9966482], [116.3183092, 39.9966267], [116.3182854, 39.9966238], [116.318295, 39.9965766], [116.3182551, 39.9965718]]]]}}, {"type": "Feature", "properties": {"building": "residential", "source": "osm"}, "geometry": {"type": "MultiPolygon", "coordinates": [[[[116.3185187, 39.9967651], [116.3185353, 39.9966814], [116.3187552, 39.9967071], [116.3187396, 39.9967855], [116.3186895, 39.9967796], [116.318684, 39.9968072], [116.318653, 39.9968035], [116.3186496, 39.9968206], [116.3185725, 39.9968116], [116.3185768, 39.9967901], [116.3185528, 39.9967873], [116.3185564, 39.9967695], [116.3185187, 39.9967651]]]]}}, {"type": "Feature", "properties": {"building": "residential", "source": "osm"}, "geometry": {"type": "MultiPolygon", "coordinates": [[[[116.318861, 39.9966902], [116.3188776, 39.9966066], [116.3190974, 39.9966322], [116.3190819, 39.9967106], [116.3190318, 39.9967048], [116.3190263, 39.9967323], [116.3189953, 39.9967287], [116.3189919, 39.9967457], [116.3189148, 39.9967367], [116.3189191, 39.9967153], [116.3188951, 39.9967125], [116.3188987, 39.9966946], [116.318861, 39.9966902]]]]}}, {"type": "Feature", "properties": {"building": "yes", "amenity": "shelter", "source": "osm"}, "geometry": {"type": "MultiPolygon", "coordinates": [[[[116.3160419, 39.9961318], [116.316094, 39.9954736], [116.3167936, 39.9955061], [116.3167414, 39.9961643], [116.3160419, 39.9961318]]]]}}, {"type": "Feature", "properties": {"building": "university", "source": "osm"}, "geometry": {"type": "MultiPolygon", "coordinates": [[[[116.318385, 39.999191], [116.3184745, 39.9991902], [116.318475, 39.9992169], [116.3186634, 39.9992152], [116.318663, 39.9991889], [116.3187176, 39.9991884], [116.3187193, 39.9992987], [116.3186386, 39.9992994], [116.3186383, 39.9992749], [116.318611, 39.9992751], [116.318612, 39.9993418], [116.3185072, 39.9993428], [116.3185061, 39.9992697], [116.3184674, 39.99927], [116.3184679, 39.9993047], [116.3183868, 39.9993054], [116.318385, 39.999191]]]]}}, {"type": "Feature", "properties": {"building": "university", "source": "osm"}, "geometry": {"type": "MultiPolygon", "coordinates": [[[[116.3191351, 39.9991724], [116.3192246, 39.9991715], [116.319225, 39.9991983], [116.3194305, 39.9991958], [116.3194585, 39.9991579], [116.3195235, 39.999156], [116.3195205, 39.9992923], [116.3194578, 39.9992931], [116.3193884, 39.9992563], [116.3193611, 39.9992565], [116.3193621, 39.9993232], [116.3192573, 39.9993241], [116.3192562, 39.999251], [116.3192175, 39.9992514], [116.3192208, 39.9993672], [116.3191444, 39.9993665], [116.3191351, 39.9991724]]]]}}, {"type": "Feature", "properties": {"building": "residential", "source": "osm"}, "geometry": {"type": "MultiPolygon", "coordinates": [[[[116.3203533, 39.9991612], [116.3207422, 39.999144], [116.3207469, 39.9992072], [116.320358, 39.9992242], [116.3203533, 39.9991612]]]]}}, {"type": "Feature", "properties": {"building": "residential", "source": "osm"}, "geometry": {"type": "MultiPolygon", "coordinates": [[[[116.320336, 39.9990378], [116.3207248, 39.9990207], [116.3207295, 39.9990838], [116.3203407, 39.9991009], [116.320336, 39.9990378]]]]}}, {"type": "Feature", "properties": {"building": "residential", "source": "osm"}, "geometry": {"type": "MultiPolygon", "coordinates": [[[[116.3203102, 39.9989185], [116.3206991, 39.9989014], [116.3207038, 39.9989645], [116.3203149, 39.9989815], [116.3203102, 39.9989185]]]]}}, {"type": "Feature", "properties": {"building": "residential", "source": "osm"}, "geometry": {"type": "MultiPolygon", "coordinates": [[[[116.3203063, 39.9987913], [116.3206952, 39.9987741], [116.3206999, 39.9988372], [116.3203111, 39.9988543], [116.3203063, 39.9987913]]]]}}, {"type": "Feature", "properties": {"building": "residential", "source": "osm"}, "geometry": {"type": "MultiPolygon", "coordinates": [[[[116.3202948, 39.9986689], [116.3206836, 39.9986518], [116.3206883, 39.9987149], [116.3202995, 39.998732], [116.3202948, 39.9986689]]]]}}, {"type": "Feature", "properties": {"building": "residential", "source": "osm"}, "geometry": {"type": "MultiPolygon", "coordinates": [[[[116.320287, 39.9985457], [116.3206759, 39.9985285], [116.3206806, 39.9985916], [116.3202918, 39.9986087], [116.320287, 39.9985457]]]]}}, {"type": "Feature", "properties": {"building": "residential", "source": "osm"}, "geometry": {"type": "MultiPolygon", "coordinates": [[[[116.3208033, 39.9992095], [116.3211124, 39.9991982], [116.3211184, 39.9992584], [116.3208081, 39.9992725], [116.3208033, 39.9992095]]]]}}, {"type": "Feature", "properties": {"building": "residential", "source": "osm"}, "geometry": {"type": "MultiPolygon", "coordinates": [[[[116.3208085, 39.9990822], [116.3211072, 39.999069], [116.3211055, 39.9991292], [116.3208132, 39.9991453], [116.3208085, 39.9990822]]]]}}, {"type": "Feature", "properties": {"building": "residential", "source": "osm"}, "geometry": {"type": "MultiPolygon", "coordinates": [[[[116.3208278, 39.998953], [116.3211742, 39.9989388], [116.3211789, 39.999002], [116.3208338, 39.9990161], [116.3208278, 39.998953]]]]}}, {"type": "Feature", "properties": {"building": "residential", "source": "osm"}, "geometry": {"type": "MultiPolygon", "coordinates": [[[[116.3208613, 39.9988307], [116.321169, 39.9988156], [116.3211737, 39.9988787], [116.3208647, 39.9988878], [116.3208613, 39.9988307]]]]}}, {"type": "Feature", "properties": {"building": "residential", "source": "osm"}, "geometry": {"type": "MultiPolygon", "coordinates": [[[[116.320748, 39.9984066], [116.3211368, 39.9983895], [116.3211416, 39.9984526], [116.3207527, 39.9984696], [116.320748, 39.9984066]]]]}}, {"type": "Feature", "properties": {"building": "residential", "source": "osm"}, "geometry": {"type": "MultiPolygon", "coordinates": [[[[116.3208465, 39.9986502], [116.3211542, 39.9986351], [116.3211589, 39.9986982], [116.3208499, 39.9987073], [116.3208465, 39.9986502]]]]}}, {"type": "Feature", "properties": {"building": "university", "source": "osm"}, "geometry": {"type": "MultiPolygon", "coordinates": [[[[116.3194931, 39.9987625], [116.3196548, 39.9987484], [116.3196654, 39.99882], [116.3196252, 39.9988235], [116.3196277, 39.9988398], [116.3197216, 39.9988316], [116.3197341, 39.9989153], [116.3196347, 39.998924], [116.3196393, 39.9989548], [116.3196714, 39.998952], [116.3196804, 39.9990127], [116.3195321, 39.9990256], [116.3194931, 39.9987625]]]]}}, {"type": "Feature", "properties": {"building": "university", "source": "osm"}, "geometry": {"type": "MultiPolygon", "coordinates": [[[[116.3194886, 39.9984804], [116.3196159, 39.9984721], [116.3196227, 39.9985331], [116.3195824, 39.9985358], [116.3195846, 39.9985561], [116.3196952, 39.9985489], [116.3197046, 39.9986338], [116.3195915, 39.9986412], [116.3195937, 39.9986614], [116.3196207, 39.9986597], [116.3196271, 39.9987177], [116.3195157, 39.9987249], [116.3194886, 39.9984804]]]]}}, {"type": "Feature", "properties": {"building": "university", "source": "osm"}, "geometry": {"type": "MultiPolygon", "coordinates": [[[[116.3188047, 39.9991904], [116.3190335, 39.9991872], [116.3190328, 39.9991557], [116.3191035, 39.9991547], [116.3191069, 39.9993], [116.3190115, 39.9993013], [116.3190105, 39.9992571], [116.3189846, 39.9992574], [116.3189862, 39.999326], [116.318895, 39.9993272], [116.3188934, 39.9992568], [116.3188062, 39.999258], [116.3188047, 39.9991904]]]]}}, {"type": "Feature", "properties": {"building": "university", "source": "osm"}, "geometry": {"type": "MultiPolygon", "coordinates": [[[[116.3183859, 39.998576], [116.3185848, 39.9985693], [116.3185784, 39.9984589], [116.3186624, 39.998456], [116.3186683, 39.9985585], [116.3187183, 39.9985568], [116.3187131, 39.9984671], [116.318779, 39.9984648], [116.3187886, 39.9986292], [116.3187574, 39.9986372], [116.3187826, 39.9990744], [116.3184154, 39.9990869], [116.3183859, 39.998576]], [[116.3184415, 39.9988722], [116.3184425, 39.9989037], [116.3185242, 39.9989023], [116.3185233, 39.9988707], [116.3184415, 39.9988722]], [[116.3184518, 39.9986982], [116.3184551, 39.9987536], [116.3185682, 39.9987496], [116.3185666, 39.9987232], [116.3185159, 39.9987251], [116.3185141, 39.998696], [116.3184518, 39.9986982]], [[116.3184709, 39.9989732], [116.3184727, 39.9990137], [116.3185536, 39.9990116], [116.3185518, 39.9989711], [116.3184709, 39.9989732]], [[116.3185795, 39.998643], [116.3185861, 39.9987467], [116.3187024, 39.9987424], [116.3186958, 39.9986387], [116.3185795, 39.998643]], [[116.31863, 39.99897], [116.3186312, 39.9990094], [116.3187059, 39.999008], [116.3187046, 39.9989686], [116.31863, 39.99897]], [[116.3186394, 39.998849], [116.3186408, 39.9988983], [116.3187014, 39.9988972], [116.3186999, 39.998848], [116.3186394, 39.998849]]]]}}, {"type": "Feature", "properties": {"building": "university", "source": "osm"}, "geometry": {"type": "MultiPolygon", "coordinates": [[[[116.3188064, 39.9985521], [116.3189611, 39.9985483], [116.3189579, 39.9984714], [116.3190274, 39.9984697], [116.3190301, 39.998535], [116.3190868, 39.9985336], [116.319084, 39.9984662], [116.3191513, 39.9984645], [116.3191493, 39.9985486], [116.3192671, 39.9985451], [116.3192675, 39.9986083], [116.3188093, 39.9986196], [116.3188064, 39.9985521]]]]}}, {"type": "Feature", "properties": {"building": "residential", "source": "osm"}, "geometry": {"type": "MultiPolygon", "coordinates": [[[[116.3197269, 39.9985622], [116.3199403, 39.9985189], [116.319961, 39.9985788], [116.3197476, 39.9986221], [116.3197269, 39.9985622]]]]}}, {"type": "Feature", "properties": {"building": "residential", "source": "osm"}, "geometry": {"type": "MultiPolygon", "coordinates": [[[[116.3197701, 39.9989449], [116.3200397, 39.9989331], [116.3200445, 39.9989968], [116.3197748, 39.9990086], [116.3197701, 39.9989449]]]]}}, {"type": "Feature", "properties": {"building": "residential", "source": "osm"}, "geometry": {"type": "MultiPolygon", "coordinates": [[[[116.3197859, 39.9990658], [116.3200555, 39.999054], [116.3200603, 39.9991178], [116.3197907, 39.9991296], [116.3197859, 39.9990658]]]]}}, {"type": "Feature", "properties": {"building": "residential", "source": "osm"}, "geometry": {"type": "MultiPolygon", "coordinates": [[[[116.3197982, 39.9991866], [116.3200678, 39.9991748], [116.3200725, 39.9992386], [116.3198029, 39.9992504], [116.3197982, 39.9991866]]]]}}, {"type": "Feature", "properties": {"building": "residential", "source": "osm"}, "geometry": {"type": "MultiPolygon", "coordinates": [[[[116.3198157, 39.9993558], [116.3200853, 39.9993439], [116.3200901, 39.9994077], [116.3198204, 39.9994195], [116.3198157, 39.9993558]]]]}}, {"type": "Feature", "properties": {"building": "residential", "source": "osm"}, "geometry": {"type": "MultiPolygon", "coordinates": [[[[116.3197612, 39.9986399], [116.319951, 39.9985978], [116.3199932, 39.9987095], [116.3198035, 39.9987516], [116.3197612, 39.9986399]]]]}}, {"type": "Feature", "properties": {"building": "yes", "name": "北京大学激光等离子体实验室", "source": "osm"}, "geometry": {"type": "MultiPolygon", "coordinates": [[[[116.3191549, 39.9889544], [116.319194, 39.9886545], [116.3194188, 39.9886708], [116.3193982, 39.9888178], [116.3193763, 39.9889716], [116.3193564, 39.9889704], [116.3191549, 39.9889553], [116.3191549, 39.9889544]]]]}}, {"type": "Feature", "properties": {"building": "residential", "source": "osm"}, "geometry": {"type": "MultiPolygon", "coordinates": [[[[116.3287123, 39.9888431], [116.3287223, 39.9886955], [116.3287955, 39.9886985], [116.328797, 39.9886761], [116.3287544, 39.9886744], [116.3287627, 39.9885515], [116.3288503, 39.9885549], [116.3288564, 39.9884635], [116.3288228, 39.9884622], [116.3288277, 39.9883898], [116.3289507, 39.9883947], [116.3289495, 39.9884126], [116.3289876, 39.9884142], [116.3289886, 39.9884005], [116.3290935, 39.9884047], [116.329089, 39.98847], [116.3290596, 39.9884688], [116.3290553, 39.9885317], [116.3289811, 39.9885287], [116.3289739, 39.9886321], [116.328948, 39.988631], [116.3289406, 39.9887385], [116.3288948, 39.9887366], [116.3288921, 39.9887761], [116.328937, 39.9887779], [116.3289322, 39.9888478], [116.3288487, 39.9888444], [116.3288494, 39.988834], [116.328806, 39.9888323], [116.328805, 39.9888468], [116.3287123, 39.9888431]]]]}}, {"type": "Feature", "properties": {"building": "residential", "source": "osm"}, "geometry": {"type": "MultiPolygon", "coordinates": [[[[116.3290404, 39.9888436], [116.3290576, 39.9886473], [116.3301389, 39.988703], [116.3301226, 39.9888895], [116.3298782, 39.9888769], [116.329883, 39.9888229], [116.3292222, 39.9887888], [116.3292166, 39.9888526], [116.3290404, 39.9888436]]]]}}, {"type": "Feature", "properties": {"building": "residential", "source": "osm"}, "geometry": {"type": "MultiPolygon", "coordinates": [[[[116.3289926, 39.9883011], [116.3290045, 39.9881563], [116.3292178, 39.9881666], [116.3292218, 39.9881173], [116.3293683, 39.9881244], [116.329372, 39.9880787], [116.3295743, 39.9880884], [116.3295705, 39.9881349], [116.3296326, 39.9881379], [116.3296289, 39.9881824], [116.3296061, 39.9881813], [116.3296014, 39.9882388], [116.329538, 39.9882358], [116.3295396, 39.9882165], [116.3294076, 39.9882101], [116.3294023, 39.9882746], [116.3293041, 39.9882698], [116.3293003, 39.9883159], [116.3289926, 39.9883011]]]]}}, {"type": "Feature", "properties": {"building": "residential", "source": "osm"}, "geometry": {"type": "MultiPolygon", "coordinates": [[[[116.3296643, 39.9880029], [116.3296709, 39.9878813], [116.3299056, 39.9878887], [116.3299034, 39.9879297], [116.3300455, 39.9879342], [116.3300435, 39.9879707], [116.3302683, 39.9879779], [116.3302609, 39.9881144], [116.3299851, 39.9881056], [116.3299877, 39.9880581], [116.3298982, 39.9880553], [116.3298963, 39.9880911], [116.3298027, 39.9880881], [116.3298071, 39.9880074], [116.3296643, 39.9880029]]]]}}, {"type": "Feature", "properties": {"building": "residential", "source": "osm"}, "geometry": {"type": "MultiPolygon", "coordinates": [[[[116.330327, 39.9886449], [116.3303481, 39.9883364], [116.3305141, 39.9883431], [116.330493, 39.9886516], [116.330327, 39.9886449]]]]}}, {"type": "Feature", "properties": {"building": "residential", "source": "osm"}, "geometry": {"type": "MultiPolygon", "coordinates": [[[[116.3302795, 39.9889023], [116.3302907, 39.9887585], [116.3308866, 39.9887857], [116.3308796, 39.9888748], [116.3309252, 39.9888769], [116.3309799, 39.9881746], [116.3309376, 39.9881726], [116.3309322, 39.9882415], [116.3303387, 39.9882145], [116.3303492, 39.9880797], [116.3311596, 39.9881167], [116.3310957, 39.9889395], [116.3302795, 39.9889023]]]]}}, {"type": "Feature", "properties": {"building": "residential", "source": "osm"}, "geometry": {"type": "MultiPolygon", "coordinates": [[[[116.3306815, 39.9874294], [116.330682, 39.9873997], [116.3306977, 39.9873998], [116.330698, 39.9873671], [116.3306838, 39.9873671], [116.3306839, 39.9872986], [116.3307165, 39.9872985], [116.3307164, 39.9872316], [116.3307342, 39.9872316], [116.3307339, 39.9871852], [116.3308757, 39.9871847], [116.3309999, 39.9872134], [116.3309983, 39.9872556], [116.3310234, 39.9872562], [116.3310211, 39.9873172], [116.3310655, 39.9873182], [116.3310632, 39.9873823], [116.33104, 39.9873818], [116.331039, 39.987409], [116.3310759, 39.9874097], [116.3310746, 39.9874464], [116.3309918, 39.9874447], [116.3309914, 39.9874575], [116.3309098, 39.9874561], [116.3309105, 39.987431], [116.3308204, 39.9874296], [116.3308198, 39.9874528], [116.3307413, 39.9874517], [116.3307418, 39.9874301], [116.3306815, 39.9874294]]]]}}, {"type": "Feature", "properties": {"building": "residential", "source": "osm"}, "geometry": {"type": "MultiPolygon", "coordinates": [[[[116.3310413, 39.9880126], [116.3310668, 39.9874726], [116.3312635, 39.987478], [116.3312378, 39.9880181], [116.3310413, 39.9880126]]]]}}, {"type": "Feature", "properties": {"building": "residential", "source": "osm"}, "geometry": {"type": "MultiPolygon", "coordinates": [[[[116.3299595, 39.9878382], [116.3299711, 39.9877247], [116.3303665, 39.9877485], [116.3303548, 39.987862], [116.3299595, 39.9878382]]]]}}, {"type": "Feature", "properties": {"building": "yes", "source": "osm"}, "geometry": {"type": "MultiPolygon", "coordinates": [[[[116.300832, 39.9729767], [116.3008448, 39.9728346], [116.3016603, 39.9728776], [116.3016475, 39.9730199], [116.300832, 39.9729767]]]]}}, {"type": "Feature", "properties": {"building": "yes", "source": "osm"}, "geometry": {"type": "MultiPolygon", "coordinates": [[[[116.3024463, 39.9734266], [116.3024774, 39.9732978], [116.3031717, 39.9733002], [116.3031188, 39.9734505], [116.3024463, 39.9734266]]]]}}, {"type": "Feature", "properties": {"building": "yes", "source": "osm"}, "geometry": {"type": "MultiPolygon", "coordinates": [[[[116.3016434, 39.973839], [116.3016732, 39.9737331], [116.3021963, 39.9737393], [116.3021556, 39.9738535], [116.3016434, 39.973839]]]]}}, {"type": "Feature", "properties": {"building": "yes", "source": "osm"}, "geometry": {"type": "MultiPolygon", "coordinates": [[[[116.2991643, 39.9720129], [116.2992465, 39.9715705], [116.2996059, 39.9715941], [116.2995628, 39.9718098], [116.3000106, 39.9718365], [116.3000455, 39.9716004], [116.3003002, 39.9716335], [116.3002119, 39.9721215], [116.2999962, 39.9720994], [116.3000332, 39.9719798], [116.2995628, 39.9719373], [116.2995361, 39.9720522], [116.2991643, 39.9720129]]]]}}, {"type": "Feature", "properties": {"building": "yes", "source": "osm"}, "geometry": {"type": "MultiPolygon", "coordinates": [[[[116.2940571, 39.9889541], [116.2941723, 39.9880777], [116.2942251, 39.9876728], [116.2949244, 39.9878067], [116.2947345, 39.9890279], [116.2940571, 39.9889541]]]]}}, {"type": "Feature", "properties": {"building": "yes", "source": "osm"}, "geometry": {"type": "MultiPolygon", "coordinates": [[[[116.2993497, 39.9731902], [116.299969, 39.9732852], [116.2999018, 39.9740581], [116.2993886, 39.9739469], [116.2993497, 39.9731902]]]]}}, {"type": "Feature", "properties": {"building": "yes", "source": "osm"}, "geometry": {"type": "MultiPolygon", "coordinates": [[[[116.3233151, 39.9803516], [116.3240974, 39.9803616], [116.3240967, 39.9802104], [116.3243612, 39.98021], [116.3243614, 39.9803363], [116.3242371, 39.9803362], [116.3242391, 39.9804276], [116.3243724, 39.9804286], [116.3243662, 39.9806023], [116.3233151, 39.9805921], [116.3233151, 39.9803516]]]]}}, {"type": "Feature", "properties": {"building": "yes", "amenity": "bicycle_parking", "source": "osm"}, "geometry": {"type": "MultiPolygon", "coordinates": [[[[116.324699, 39.9809895], [116.3247129, 39.9805889], [116.3248084, 39.9805919], [116.3247885, 39.9809926], [116.324699, 39.9809895]]]]}}, {"type": "Feature", "properties": {"building": "yes", "source": "osm"}, "geometry": {"type": "MultiPolygon", "coordinates": [[[[116.3240879, 39.9799847], [116.3240913, 39.9798536], [116.3247127, 39.9798632], [116.3247029, 39.980237], [116.3243773, 39.980232], [116.3243804, 39.9801132], [116.3245428, 39.9801157], [116.324546, 39.9799916], [116.3240879, 39.9799847]]]]}}, {"type": "Feature", "properties": {"building": "yes", "amenity": "toilets", "source": "osm"}, "geometry": {"type": "MultiPolygon", "coordinates": [[[[116.3017705, 39.984955], [116.3017727, 39.9848861], [116.3019611, 39.9848896], [116.3019589, 39.9849586], [116.3017705, 39.984955]]]]}}, {"type": "Feature", "properties": {"building": "yes", "amenity": "toilets", "source": "osm"}, "geometry": {"type": "MultiPolygon", "coordinates": [[[[116.331297, 39.9970776], [116.3313023, 39.9969468], [116.3313731, 39.9969485], [116.3313677, 39.9970793], [116.331297, 39.9970776]]]]}}, {"type": "Feature", "properties": {"building": "yes", "source": "osm"}, "geometry": {"type": "MultiPolygon", "coordinates": [[[[116.3230273, 39.9880517], [116.323052, 39.9876475], [116.3236951, 39.9876706], [116.3236704, 39.9880747], [116.3230273, 39.9880517]]]]}}, {"type": "Feature", "properties": {"building": "yes", "source": "osm"}, "geometry": {"type": "MultiPolygon", "coordinates": [[[[116.3241926, 39.9879804], [116.3242097, 39.98721], [116.3242609, 39.9871469], [116.3244225, 39.9871496], [116.3244231, 39.9871285], [116.3248127, 39.9871349], [116.3248074, 39.9873237], [116.3247083, 39.9873221], [116.3244412, 39.9875935], [116.3244401, 39.9877381], [116.3244765, 39.9877618], [116.324476, 39.987785], [116.3248212, 39.9877895], [116.3248168, 39.9879886], [116.3241926, 39.9879804]]]]}}, {"type": "Feature", "properties": {"building": "yes", "source": "osm"}, "geometry": {"type": "MultiPolygon", "coordinates": [[[[116.3222521, 39.9872873], [116.3222648, 39.9871574], [116.3230865, 39.987205], [116.3230981, 39.9870867], [116.3232074, 39.987093], [116.323206, 39.9871074], [116.3232516, 39.98711], [116.3232434, 39.9871964], [116.3232024, 39.9871941], [116.3232019, 39.9871995], [116.3232458, 39.9872018], [116.3232322, 39.987358], [116.3230536, 39.9873488], [116.3230581, 39.9872965], [116.3230264, 39.9872949], [116.3230226, 39.9873384], [116.3229106, 39.9873326], [116.3229148, 39.987285], [116.3228577, 39.987282], [116.3228545, 39.9873179], [116.3227742, 39.9873137], [116.3227779, 39.9872723], [116.3227093, 39.9872686], [116.3227051, 39.9873149], [116.322614, 39.9873099], [116.3226177, 39.9872698], [116.3225654, 39.987267], [116.3225617, 39.987306], [116.3224673, 39.9873007], [116.3224712, 39.98726], [116.3224092, 39.9872565], [116.3224053, 39.9872961], [116.3222521, 39.9872873]]]]}}, {"type": "Feature", "properties": {"building": "yes", "source": "osm"}, "geometry": {"type": "MultiPolygon", "coordinates": [[[[116.3224424, 39.9869214], [116.3224537, 39.9868097], [116.3232627, 39.9868578], [116.3232514, 39.9869694], [116.3224424, 39.9869214]]]]}}, {"type": "Feature", "properties": {"building": "yes", "source": "osm"}, "geometry": {"type": "MultiPolygon", "coordinates": [[[[116.3175048, 39.9871792], [116.3175484, 39.9867642], [116.3177992, 39.9867797], [116.3177556, 39.9871947], [116.3175048, 39.9871792]]]]}}, {"type": "Feature", "properties": {"building": "yes", "source": "osm"}, "geometry": {"type": "MultiPolygon", "coordinates": [[[[116.318848, 39.9873637], [116.3188617, 39.9872693], [116.3190526, 39.9872856], [116.3190389, 39.98738], [116.318848, 39.9873637]]]]}}, {"type": "Feature", "properties": {"building": "yes", "source": "osm"}, "geometry": {"type": "MultiPolygon", "coordinates": [[[[116.3188587, 39.9872572], [116.318906, 39.9868658], [116.3190958, 39.9868793], [116.3190486, 39.9872706], [116.3188587, 39.9872572]]]]}}, {"type": "Feature", "properties": {"building": "yes", "source": "osm"}, "geometry": {"type": "MultiPolygon", "coordinates": [[[[116.3176129, 39.9867629], [116.3176296, 39.9866087], [116.3179954, 39.9866319], [116.3179888, 39.986693], [116.3182912, 39.9867121], [116.3182929, 39.9866962], [116.3184692, 39.9867073], [116.3184677, 39.9867216], [116.3187737, 39.9867409], [116.318779, 39.986692], [116.3191321, 39.9867143], [116.3191151, 39.986872], [116.3188179, 39.9868533], [116.3188121, 39.9869076], [116.3184789, 39.9868866], [116.3184762, 39.9869116], [116.3182976, 39.9869003], [116.3183012, 39.9868668], [116.317926, 39.986843], [116.3179325, 39.9867832], [116.3176129, 39.9867629]]]]}}, {"type": "Feature", "properties": {"building": "yes", "source": "osm"}, "geometry": {"type": "MultiPolygon", "coordinates": [[[[116.3193312, 39.9873978], [116.3193449, 39.9872998], [116.319392, 39.9873037], [116.3194677, 39.9867637], [116.3196514, 39.9867788], [116.3195761, 39.9873157], [116.3196418, 39.9873211], [116.3196276, 39.9874221], [116.3193312, 39.9873978]]]]}}, {"type": "Feature", "properties": {"building": "yes", "source": "osm"}, "geometry": {"type": "MultiPolygon", "coordinates": [[[[116.3196644, 39.9872313], [116.3196687, 39.9871621], [116.3207006, 39.9872035], [116.3206931, 39.9873556], [116.3196935, 39.9873196], [116.3196989, 39.9872325], [116.3196644, 39.9872313]]]]}}, {"type": "Feature", "properties": {"building": "yes", "source": "osm"}, "geometry": {"type": "MultiPolygon", "coordinates": [[[[116.3198296, 39.9868753], [116.319839, 39.986713], [116.3207665, 39.9867442], [116.3207571, 39.9869067], [116.3198296, 39.9868753]]]]}}, {"type": "Feature", "properties": {"building": "yes", "source": "osm"}, "geometry": {"type": "MultiPolygon", "coordinates": [[[[116.3188371, 39.9877623], [116.3188648, 39.9874477], [116.3190673, 39.9874582], [116.3190395, 39.9877727], [116.3188371, 39.9877623]]]]}}, {"type": "Feature", "properties": {"building": "yes", "source": "osm"}, "geometry": {"type": "MultiPolygon", "coordinates": [[[[116.320708, 39.9872669], [116.3207153, 39.9869189], [116.3208261, 39.9869201], [116.320819, 39.9872688], [116.320708, 39.9872669]]]]}}, {"type": "Feature", "properties": {"building": "yes", "source": "osm"}, "geometry": {"type": "MultiPolygon", "coordinates": [[[[116.315815, 39.987448], [116.3158317, 39.9873078], [116.3165808, 39.98736], [116.3165641, 39.9875004], [116.315815, 39.987448]]]]}}, {"type": "Feature", "properties": {"building": "yes", "source": "osm"}, "geometry": {"type": "MultiPolygon", "coordinates": [[[[116.3163894, 39.9878651], [116.3164331, 39.9875323], [116.3166701, 39.9875506], [116.3166263, 39.9878834], [116.3163894, 39.9878651]]]]}}, {"type": "Feature", "properties": {"building": "yes", "source": "osm"}, "geometry": {"type": "MultiPolygon", "coordinates": [[[[116.3159238, 39.9877514], [116.3159311, 39.9876821], [116.3162718, 39.9877032], [116.3162803, 39.9876222], [116.3163606, 39.9876272], [116.3163369, 39.9878529], [116.3160254, 39.9878337], [116.3160333, 39.9877582], [116.3159238, 39.9877514]]]]}}, {"type": "Feature", "properties": {"building": "yes", "source": "osm"}, "geometry": {"type": "MultiPolygon", "coordinates": [[[[116.3157674, 39.9878248], [116.3158103, 39.9875035], [116.3159182, 39.987512], [116.3158751, 39.9878333], [116.3157674, 39.9878248]]]]}}, {"type": "Feature", "properties": {"building": "yes", "source": "osm"}, "geometry": {"type": "MultiPolygon", "coordinates": [[[[116.3252644, 39.985186], [116.3252776, 39.9850438], [116.3258423, 39.9850746], [116.3258291, 39.9852168], [116.3252644, 39.985186]]]]}}, {"type": "Feature", "properties": {"building": "yes", "source": "osm"}, "geometry": {"type": "MultiPolygon", "coordinates": [[[[116.3250354, 39.9853464], [116.3250467, 39.9852372], [116.3253667, 39.9852568], [116.3253554, 39.9853659], [116.3250354, 39.9853464]]]]}}, {"type": "Feature", "properties": {"building": "yes", "source": "osm"}, "geometry": {"type": "MultiPolygon", "coordinates": [[[[116.3255652, 39.9855131], [116.3255752, 39.9853734], [116.3257912, 39.9853824], [116.3257812, 39.9855221], [116.3255652, 39.9855131]]]]}}, {"type": "Feature", "properties": {"building": "yes", "source": "osm"}, "geometry": {"type": "MultiPolygon", "coordinates": [[[[116.3250093, 39.9854979], [116.3250264, 39.9853664], [116.3251062, 39.9853725], [116.325089, 39.985504], [116.3250093, 39.9854979]]]]}}, {"type": "Feature", "properties": {"building": "yes", "source": "osm"}, "geometry": {"type": "MultiPolygon", "coordinates": [[[[116.3250996, 39.9852266], [116.3251134, 39.9851071], [116.3252473, 39.9851162], [116.3252336, 39.9852356], [116.3250996, 39.9852266]]]]}}, {"type": "Feature", "properties": {"building": "yes", "source": "osm"}, "geometry": {"type": "MultiPolygon", "coordinates": [[[[116.3251872, 39.9856708], [116.325205, 39.9854705], [116.3255603, 39.985489], [116.3255521, 39.9855808], [116.3256093, 39.9855838], [116.3255988, 39.985702], [116.3254764, 39.9856956], [116.3254711, 39.9857549], [116.3253522, 39.9857487], [116.3253583, 39.9856797], [116.3251872, 39.9856708]]]]}}, {"type": "Feature", "properties": {"building": "yes", "source": "osm"}, "geometry": {"type": "MultiPolygon", "coordinates": [[[[116.3249789, 39.9859431], [116.3249836, 39.9858271], [116.325255, 39.9858336], [116.3252503, 39.9859496], [116.3249789, 39.9859431]]]]}}, {"type": "Feature", "properties": {"building": "yes", "source": "osm"}, "geometry": {"type": "MultiPolygon", "coordinates": [[[[116.3252628, 39.98595], [116.3252722, 39.9858306], [116.3255289, 39.9858424], [116.3255195, 39.9859617], [116.3252628, 39.98595]]]]}}, {"type": "Feature", "properties": {"building": "yes", "source": "osm"}, "geometry": {"type": "MultiPolygon", "coordinates": [[[[116.3255247, 39.9859648], [116.3255355, 39.9857844], [116.3258231, 39.9857944], [116.3258123, 39.9859749], [116.3255247, 39.9859648]]]]}}, {"type": "Feature", "properties": {"building": "yes", "source": "osm"}, "geometry": {"type": "MultiPolygon", "coordinates": [[[[116.3263784, 39.9851577], [116.3263844, 39.9850883], [116.3267783, 39.9851083], [116.3267723, 39.9851776], [116.3263784, 39.9851577]]]]}}, {"type": "Feature", "properties": {"building": "yes", "source": "osm"}, "geometry": {"type": "MultiPolygon", "coordinates": [[[[116.3265241, 39.9852399], [116.3265304, 39.9851669], [116.3267829, 39.9851796], [116.3267735, 39.9852899], [116.3266842, 39.9852855], [116.3266669, 39.9852471], [116.3265241, 39.9852399]]]]}}, {"type": "Feature", "properties": {"building": "yes", "source": "osm"}, "geometry": {"type": "MultiPolygon", "coordinates": [[[[116.3266426, 39.9856584], [116.3266769, 39.9853019], [116.3267786, 39.9853076], [116.3267442, 39.9856641], [116.3266426, 39.9856584]]]]}}, {"type": "Feature", "properties": {"building": "yes", "source": "osm"}, "geometry": {"type": "MultiPolygon", "coordinates": [[[[116.325996, 39.9852794], [116.326008, 39.9851613], [116.3261798, 39.9851716], [116.3261869, 39.9851009], [116.3263621, 39.9851114], [116.3263558, 39.985174], [116.3265255, 39.9851841], [116.3265127, 39.9853102], [116.325996, 39.9852794]]]]}}, {"type": "Feature", "properties": {"building": "yes", "source": "osm"}, "geometry": {"type": "MultiPolygon", "coordinates": [[[[116.3259238, 39.9856396], [116.3259463, 39.985388], [116.3261136, 39.9853968], [116.326108, 39.9854599], [116.3264793, 39.9854793], [116.3264648, 39.9856412], [116.3261332, 39.9856239], [116.3261309, 39.9856504], [116.3259238, 39.9856396]]]]}}, {"type": "Feature", "properties": {"building": "yes", "source": "osm"}, "geometry": {"type": "MultiPolygon", "coordinates": [[[[116.3259614, 39.9859604], [116.3259706, 39.9857845], [116.3263055, 39.9857948], [116.3263019, 39.9858648], [116.3267008, 39.985877], [116.3266953, 39.9859828], [116.3259614, 39.9859604]]]]}}, {"type": "Feature", "properties": {"building": "yes", "source": "osm"}, "geometry": {"type": "MultiPolygon", "coordinates": [[[[116.3251473, 39.9870377], [116.3251543, 39.9869021], [116.3255792, 39.986915], [116.3255722, 39.9870505], [116.3251473, 39.9870377]]]]}}, {"type": "Feature", "properties": {"building": "yes", "source": "osm"}, "geometry": {"type": "MultiPolygon", "coordinates": [[[[116.325723, 39.9870572], [116.3257303, 39.9869105], [116.3264733, 39.9869261], [116.3265447, 39.9869826], [116.3265382, 39.9871206], [116.3263687, 39.9871175], [116.3263679, 39.9870783], [116.325723, 39.9870572]]]]}}, {"type": "Feature", "properties": {"building": "yes", "source": "osm"}, "geometry": {"type": "MultiPolygon", "coordinates": [[[[116.3255769, 39.9866592], [116.325587, 39.9864921], [116.3264381, 39.9865223], [116.3264644, 39.9860888], [116.3266068, 39.9860939], [116.3265705, 39.9866945], [116.3255769, 39.9866592]]]]}}, {"type": "Feature", "properties": {"building": "yes", "source": "osm"}, "geometry": {"type": "MultiPolygon", "coordinates": [[[[116.3262341, 39.9863526], [116.3262477, 39.9860738], [116.326338, 39.9860764], [116.3263243, 39.9863552], [116.3262341, 39.9863526]]]]}}, {"type": "Feature", "properties": {"building": "yes", "source": "osm"}, "geometry": {"type": "MultiPolygon", "coordinates": [[[[116.323995, 39.9863206], [116.3239955, 39.9862474], [116.3245857, 39.9862499], [116.3245852, 39.986323], [116.323995, 39.9863206]]]]}}, {"type": "Feature", "properties": {"building": "yes", "source": "osm"}, "geometry": {"type": "MultiPolygon", "coordinates": [[[[116.3241274, 39.9861761], [116.3241311, 39.9859732], [116.3242571, 39.9859746], [116.3242565, 39.9860038], [116.3244774, 39.9860061], [116.3244767, 39.9860481], [116.3245159, 39.9860485], [116.3245129, 39.9862204], [116.3242411, 39.9862176], [116.3241852, 39.9862268], [116.3241588, 39.9862167], [116.324133, 39.9861954], [116.3241274, 39.9861761]]]]}}, {"type": "Feature", "properties": {"building": "yes", "source": "osm"}, "geometry": {"type": "MultiPolygon", "coordinates": [[[[116.3246273, 39.986355], [116.324632, 39.9862121], [116.3250418, 39.9862198], [116.3250372, 39.9863628], [116.3246273, 39.986355]]]]}}, {"type": "Feature", "properties": {"building": "yes", "source": "osm"}, "geometry": {"type": "MultiPolygon", "coordinates": [[[[116.3245397, 39.9861977], [116.3245453, 39.9860544], [116.3252444, 39.9860703], [116.3252388, 39.9862137], [116.3245397, 39.9861977]]]]}}, {"type": "Feature", "properties": {"building": "yes", "source": "osm"}, "geometry": {"type": "MultiPolygon", "coordinates": [[[[116.3254097, 39.9866821], [116.3254108, 39.9864631], [116.3255603, 39.9864635], [116.3255593, 39.9866825], [116.3254097, 39.9866821]]]]}}, {"type": "Feature", "properties": {"building": "yes", "source": "osm"}, "geometry": {"type": "MultiPolygon", "coordinates": [[[[116.3250835, 39.9866526], [116.3250986, 39.9864578], [116.3253537, 39.9864695], [116.3253385, 39.9866642], [116.3250835, 39.9866526]]]]}}, {"type": "Feature", "properties": {"building": "yes", "source": "osm"}, "geometry": {"type": "MultiPolygon", "coordinates": [[[[116.3239858, 39.9865574], [116.3239929, 39.9864071], [116.3245981, 39.9864238], [116.324591, 39.9865742], [116.3239858, 39.9865574]]]]}}, {"type": "Feature", "properties": {"building": "yes", "source": "osm"}, "geometry": {"type": "MultiPolygon", "coordinates": [[[[116.3246057, 39.9865694], [116.3246136, 39.986422], [116.3250327, 39.9864351], [116.3250248, 39.9865826], [116.3246057, 39.9865694]]]]}}, {"type": "Feature", "properties": {"building": "yes", "source": "osm"}, "geometry": {"type": "MultiPolygon", "coordinates": [[[[116.3258827, 39.9863663], [116.3258924, 39.9862423], [116.3261818, 39.9862556], [116.3261764, 39.9863244], [116.3261175, 39.9863217], [116.3261143, 39.9863637], [116.3260924, 39.9863627], [116.3260876, 39.9864236], [116.3260037, 39.9864197], [116.3260074, 39.986372], [116.3258827, 39.9863663]]]]}}, {"type": "Feature", "properties": {"building": "yes", "source": "osm"}, "geometry": {"type": "MultiPolygon", "coordinates": [[[[116.3250643, 39.9863437], [116.3250701, 39.9862555], [116.325188, 39.9862601], [116.325187, 39.9862752], [116.3252127, 39.9862762], [116.3252159, 39.9862283], [116.3252439, 39.9862294], [116.3252501, 39.9861362], [116.3257631, 39.9861561], [116.3257537, 39.9862984], [116.3257152, 39.9862969], [116.3257104, 39.9863689], [116.3250643, 39.9863437]]]]}}, {"type": "Feature", "properties": {"building": "yes", "source": "osm"}, "geometry": {"type": "MultiPolygon", "coordinates": [[[[116.3249716, 39.9875319], [116.3249745, 39.9874017], [116.3250526, 39.9874027], [116.3250559, 39.9872543], [116.3254655, 39.9872597], [116.3254621, 39.987415], [116.3253781, 39.9874139], [116.3253754, 39.9875371], [116.3249716, 39.9875319]]]]}}, {"type": "Feature", "properties": {"building": "yes", "source": "osm"}, "geometry": {"type": "MultiPolygon", "coordinates": [[[[116.324011, 39.9871613], [116.3240179, 39.98693], [116.3241671, 39.9869326], [116.3241633, 39.987059], [116.324011, 39.9871613]]]]}}, {"type": "Feature", "properties": {"building": "yes", "source": "osm"}, "geometry": {"type": "MultiPolygon", "coordinates": [[[[116.3233306, 39.9869817], [116.3233445, 39.9868621], [116.3234997, 39.9868727], [116.3234935, 39.9869259], [116.323936, 39.9869562], [116.3239227, 39.9870701], [116.3234372, 39.9870369], [116.3234428, 39.9869893], [116.3233306, 39.9869817]]]]}}, {"type": "Feature", "properties": {"building": "yes", "source": "osm"}, "geometry": {"type": "MultiPolygon", "coordinates": [[[[116.3233505, 39.9873956], [116.3233661, 39.9872516], [116.32365, 39.9872697], [116.3236522, 39.987249], [116.3235442, 39.9872422], [116.3235579, 39.9871154], [116.3237442, 39.9871272], [116.3237127, 39.9874186], [116.3233505, 39.9873956]]]]}}, {"type": "Feature", "properties": {"building": "yes", "source": "osm"}, "geometry": {"type": "MultiPolygon", "coordinates": [[[[116.323807, 39.9874088], [116.3238127, 39.9872933], [116.3240139, 39.987299], [116.3240082, 39.9874147], [116.323807, 39.9874088]]]]}}, {"type": "Feature", "properties": {"building": "yes", "source": "osm"}, "geometry": {"type": "MultiPolygon", "coordinates": [[[[116.3177453, 39.9864437], [116.3177791, 39.9861098], [116.3180803, 39.9861278], [116.3180464, 39.9864616], [116.3177453, 39.9864437]]]]}}, {"type": "Feature", "properties": {"building": "yes", "source": "osm"}, "geometry": {"type": "MultiPolygon", "coordinates": [[[[116.3181349, 39.9864485], [116.318149, 39.9863082], [116.318596, 39.9863344], [116.318582, 39.9864747], [116.3181349, 39.9864485]]]]}}, {"type": "Feature", "properties": {"building": "yes", "source": "osm"}, "geometry": {"type": "MultiPolygon", "coordinates": [[[[116.3194074, 39.9865161], [116.3194432, 39.9860424], [116.3198305, 39.9860596], [116.3198289, 39.9860817], [116.3199561, 39.9860873], [116.3199407, 39.9862914], [116.3198192, 39.986286], [116.3198263, 39.9861924], [116.3195204, 39.9861789], [116.3195044, 39.9863904], [116.319982, 39.9864116], [116.3199722, 39.9865412], [116.3194074, 39.9865161]]]]}}, {"type": "Feature", "properties": {"building": "yes", "source": "osm"}, "geometry": {"type": "MultiPolygon", "coordinates": [[[[116.3200648, 39.9865044], [116.3200809, 39.9860794], [116.3202254, 39.9860826], [116.3202149, 39.9863578], [116.3207311, 39.9863694], [116.3207254, 39.9865191], [116.3200648, 39.9865044]]]]}}, {"type": "Feature", "properties": {"building": "yes", "source": "osm"}, "geometry": {"type": "MultiPolygon", "coordinates": [[[[116.3195451, 39.9859889], [116.3195508, 39.9858854], [116.3200162, 39.9859005], [116.3200104, 39.9860041], [116.3195451, 39.9859889]]]]}}, {"type": "Feature", "properties": {"building": "yes", "source": "osm"}, "geometry": {"type": "MultiPolygon", "coordinates": [[[[116.3199931, 39.9858616], [116.3199991, 39.9857648], [116.3201649, 39.9857709], [116.3201518, 39.9859791], [116.3200611, 39.9859758], [116.3200681, 39.9858644], [116.3199931, 39.9858616]]]]}}, {"type": "Feature", "properties": {"building": "yes", "source": "osm"}, "geometry": {"type": "MultiPolygon", "coordinates": [[[[116.3203585, 39.9860226], [116.3203621, 39.9858902], [116.3204879, 39.9858922], [116.3204843, 39.9860246], [116.3203585, 39.9860226]]]]}}, {"type": "Feature", "properties": {"building": "yes", "source": "osm"}, "geometry": {"type": "MultiPolygon", "coordinates": [[[[116.3202734, 39.985868], [116.3202831, 39.9856923], [116.3205493, 39.9857009], [116.3205396, 39.9858767], [116.3202734, 39.985868]]]]}}, {"type": "Feature", "properties": {"building": "yes", "source": "osm"}, "geometry": {"type": "MultiPolygon", "coordinates": [[[[116.3194301, 39.9850128], [116.3199943, 39.9850061], [116.3199996, 39.9852669], [116.3194354, 39.9852736], [116.3194301, 39.9850128]]]]}}, {"type": "Feature", "properties": {"building": "yes", "source": "osm"}, "geometry": {"type": "MultiPolygon", "coordinates": [[[[116.3189296, 39.9865053], [116.3189635, 39.9861559], [116.3192341, 39.9861714], [116.3192, 39.9865208], [116.3189296, 39.9865053]]]]}}, {"type": "Feature", "properties": {"building": "yes", "source": "osm"}, "geometry": {"type": "MultiPolygon", "coordinates": [[[[116.3219219, 39.9868619], [116.3219301, 39.9867663], [116.3223178, 39.9867858], [116.3223096, 39.9868814], [116.3219219, 39.9868619]]]]}}, {"type": "Feature", "properties": {"building": "yes", "source": "osm"}, "geometry": {"type": "MultiPolygon", "coordinates": [[[[116.3249796, 39.9884244], [116.3249849, 39.9883094], [116.3253872, 39.9883202], [116.3253819, 39.9884352], [116.3249796, 39.9884244]]]]}}, {"type": "Feature", "properties": {"building": "yes", "source": "osm"}, "geometry": {"type": "MultiPolygon", "coordinates": [[[[116.3242886, 39.9883593], [116.3242955, 39.988217], [116.3247139, 39.9882288], [116.324707, 39.9883711], [116.3242886, 39.9883593]]]]}}, {"type": "Feature", "properties": {"building": "yes", "source": "osm"}, "geometry": {"type": "MultiPolygon", "coordinates": [[[[116.3240248, 39.9883163], [116.3240293, 39.9882123], [116.3242565, 39.9882181], [116.324252, 39.9883222], [116.3240248, 39.9883163]]]]}}, {"type": "Feature", "properties": {"building": "yes", "source": "osm"}, "geometry": {"type": "MultiPolygon", "coordinates": [[[[116.3217511, 39.9875981], [116.3217548, 39.9874629], [116.3226535, 39.9874773], [116.3226498, 39.9876126], [116.3217511, 39.9875981]]]]}}, {"type": "Feature", "properties": {"building": "yes", "source": "osm"}, "geometry": {"type": "MultiPolygon", "coordinates": [[[[116.3237867, 39.9875715], [116.3237895, 39.9875065], [116.3239365, 39.9875102], [116.3239337, 39.9875751], [116.3237867, 39.9875715]]]]}}, {"type": "Feature", "properties": {"building": "yes", "source": "osm"}, "geometry": {"type": "MultiPolygon", "coordinates": [[[[116.3227896, 39.9874116], [116.322937, 39.9874102], [116.3229385, 39.9875015], [116.3227911, 39.987503], [116.3227896, 39.9874116]]]]}}, {"type": "Feature", "properties": {"building": "yes", "source": "osm"}, "geometry": {"type": "MultiPolygon", "coordinates": [[[[116.3219996, 39.9872275], [116.322025, 39.9869004], [116.3221929, 39.986908], [116.3221676, 39.9872351], [116.3219996, 39.9872275]]]]}}, {"type": "Feature", "properties": {"building": "yes", "source": "osm"}, "geometry": {"type": "MultiPolygon", "coordinates": [[[[116.3217406, 39.9872374], [116.3217487, 39.9869087], [116.3219851, 39.9869122], [116.3219769, 39.9872408], [116.3217406, 39.9872374]]]]}}, {"type": "Feature", "properties": {"building": "yes", "source": "osm"}, "geometry": {"type": "MultiPolygon", "coordinates": [[[[116.3240772, 39.9889071], [116.3240969, 39.9885831], [116.3244621, 39.9885961], [116.3244646, 39.9885561], [116.324537, 39.9885587], [116.3245335, 39.9886153], [116.3245103, 39.9886145], [116.3244916, 39.9889219], [116.3240772, 39.9889071]]]]}}, {"type": "Feature", "properties": {"building": "yes", "source": "osm"}, "geometry": {"type": "MultiPolygon", "coordinates": [[[[116.3239085, 39.9889999], [116.3239258, 39.9884933], [116.3240136, 39.9884951], [116.3239964, 39.9890017], [116.3239085, 39.9889999]]]]}}, {"type": "Feature", "properties": {"building": "yes", "source": "osm"}, "geometry": {"type": "MultiPolygon", "coordinates": [[[[116.3233745, 39.9887131], [116.3233773, 39.9886489], [116.3236519, 39.988656], [116.3236574, 39.9885312], [116.3238242, 39.9885355], [116.3238158, 39.9887245], [116.3233745, 39.9887131]]]]}}, {"type": "Feature", "properties": {"building": "yes", "source": "osm"}, "geometry": {"type": "MultiPolygon", "coordinates": [[[[116.3256492, 39.9901093], [116.3256517, 39.9900119], [116.3257865, 39.9900108], [116.3258366, 39.9900126], [116.325814, 39.9901274], [116.3256658, 39.9901382], [116.3256492, 39.9901093]]]]}}, {"type": "Feature", "properties": {"building": "school", "source": "osm"}, "geometry": {"type": "MultiPolygon", "coordinates": [[[[116.3128634, 39.9763413], [116.3128802, 39.9760671], [116.3132703, 39.976074], [116.3132677, 39.9761637], [116.3138136, 39.9761805], [116.3138265, 39.9761263], [116.3140042, 39.9761312], [116.3139939, 39.9763729], [116.3138059, 39.97637], [116.3138072, 39.9763275], [116.3132549, 39.9763117], [116.3132549, 39.9763542], [116.3128634, 39.9763413]]]]}}, {"type": "Feature", "properties": {"building": "school", "source": "osm"}, "geometry": {"type": "MultiPolygon", "coordinates": [[[[116.3141839, 39.9762276], [116.3141932, 39.9760999], [116.314343, 39.9761063], [116.3143448, 39.976082], [116.3145146, 39.9760892], [116.3145135, 39.9761038], [116.3151343, 39.9761303], [116.3151228, 39.9762876], [116.3149545, 39.9762804], [116.3149594, 39.9762047], [116.3145072, 39.9761874], [116.3145036, 39.9762423], [116.314392, 39.976238], [116.3141839, 39.9762276]]]]}}, {"type": "Feature", "properties": {"building": "school", "source": "osm"}, "geometry": {"type": "MultiPolygon", "coordinates": [[[[116.3143811, 39.976405], [116.314392, 39.976238], [116.3145036, 39.9762423], [116.3145072, 39.9761874], [116.3149594, 39.9762047], [116.3149545, 39.9762804], [116.314945, 39.9764265], [116.3143811, 39.976405]]]]}}, {"type": "Feature", "properties": {"building": "hospital", "source": "osm"}, "geometry": {"type": "MultiPolygon", "coordinates": [[[[116.309385, 39.9753772], [116.3098524, 39.9753831], [116.3102116, 39.9753969], [116.3103275, 39.9754157], [116.310388, 39.9754354], [116.3104511, 39.9754689], [116.3104871, 39.9755074], [116.3105039, 39.9755587], [116.3105232, 39.9756071], [116.3105193, 39.9756288], [116.310505, 39.9756323], [116.3104953, 39.9757106], [116.3105334, 39.975705], [116.3105294, 39.9757473], [116.3106194, 39.9757529], [116.310617, 39.9758125], [116.310604, 39.975902], [116.3105959, 39.9759723], [116.3105745, 39.976005], [116.3105418, 39.9760304], [116.3103055, 39.9760239], [116.3103169, 39.9758983], [116.3093863, 39.9758794], [116.309385, 39.9753772]]]]}}, {"type": "Feature", "properties": {"building": "hospital", "source": "osm"}, "geometry": {"type": "MultiPolygon", "coordinates": [[[[116.3081722, 39.9764745], [116.3082072, 39.9758961], [116.3086599, 39.9759122], [116.3086438, 39.9761767], [116.3090717, 39.9761919], [116.3090535, 39.9764921], [116.3090186, 39.9764909], [116.3090145, 39.9765585], [116.3088339, 39.9765521], [116.3088385, 39.9764769], [116.3084273, 39.9764621], [116.3084216, 39.9765558], [116.3082033, 39.976548], [116.3082077, 39.9764758], [116.3081722, 39.9764745]]]]}}, {"type": "Feature", "properties": {"building": "kindergarten", "source": "osm"}, "geometry": {"type": "MultiPolygon", "coordinates": [[[[116.3142334, 39.9825633], [116.3142369, 39.9824565], [116.3143198, 39.9824581], [116.3143213, 39.9824142], [116.3145149, 39.9824179], [116.3145191, 39.9822901], [116.3145041, 39.9822898], [116.3145052, 39.9822555], [116.3145294, 39.982256], [116.3145308, 39.9822071], [116.3143501, 39.9822039], [116.314353, 39.9821067], [116.314548, 39.9821101], [116.3145473, 39.9821329], [116.3145753, 39.9821333], [116.3145757, 39.9821193], [116.3147556, 39.9821223], [116.3147551, 39.9821426], [116.3147895, 39.9821431], [116.3147899, 39.9821275], [116.3149716, 39.9821304], [116.3149694, 39.9822122], [116.3149211, 39.9822114], [116.3149204, 39.9822342], [116.3148722, 39.9822334], [116.3148728, 39.982215], [116.31459, 39.9822099], [116.3145834, 39.9824229], [116.3148464, 39.9824277], [116.3148417, 39.9825785], [116.314769, 39.9825772], [116.314771, 39.9825128], [116.3143984, 39.9825058], [116.3143964, 39.9825664], [116.3142334, 39.9825633]]]]}}, {"type": "Feature", "properties": {"building": "kindergarten", "source": "osm"}, "geometry": {"type": "MultiPolygon", "coordinates": [[[[116.3147747, 39.9821119], [116.3147759, 39.9820951], [116.3147881, 39.9819163], [116.3149904, 39.9819244], [116.314977, 39.98212], [116.3147747, 39.9821119]]]]}}, {"type": "Feature", "properties": {"building": "school", "source": "osm"}, "geometry": {"type": "MultiPolygon", "coordinates": [[[[116.3149206, 39.982994], [116.3149521, 39.9824977], [116.3155545, 39.9825201], [116.315523, 39.9830165], [116.3149206, 39.982994]], [[116.3150973, 39.9828351], [116.3154007, 39.9828404], [116.3154061, 39.9826587], [116.3151027, 39.9826534], [116.3150973, 39.9828351]]]]}}, {"type": "Feature", "properties": {"building": "school", "source": "osm"}, "geometry": {"type": "MultiPolygon", "coordinates": [[[[116.3156242, 39.9828316], [116.3156378, 39.9824726], [116.3161509, 39.9824841], [116.3161424, 39.9827073], [116.3163872, 39.9827128], [116.316395, 39.9825118], [116.316509, 39.9825144], [116.3165144, 39.9823817], [116.3165569, 39.9823828], [116.3165663, 39.9821729], [116.3165254, 39.9821717], [116.3165317, 39.9820446], [116.3166433, 39.9820479], [116.3165985, 39.9829339], [116.3163861, 39.9829276], [116.3163899, 39.9828514], [116.3163874, 39.9828513], [116.3163865, 39.9828743], [116.316156, 39.9828691], [116.316155, 39.9828954], [116.3161042, 39.9828942], [116.3161061, 39.9828423], [116.3156242, 39.9828316]], [[116.3157277, 39.9826902], [116.3160246, 39.982702], [116.3160343, 39.9825602], [116.3157373, 39.9825483], [116.3157277, 39.9826902]]]]}}, {"type": "Feature", "properties": {"building": "school", "source": "osm"}, "geometry": {"type": "MultiPolygon", "coordinates": [[[[116.3149531, 39.9824767], [116.3149961, 39.982183], [116.3150902, 39.9821911], [116.3150473, 39.9824847], [116.3149531, 39.9824767]]]]}}, {"type": "Feature", "properties": {"building": "yes", "source": "osm"}, "geometry": {"type": "MultiPolygon", "coordinates": [[[[116.3179596, 39.9884163], [116.31797, 39.988295], [116.317997, 39.9882309], [116.3180202, 39.9882201], [116.3184848, 39.9882431], [116.3184815, 39.9882823], [116.3185898, 39.9882876], [116.3185709, 39.9885123], [116.3183266, 39.9885002], [116.3182867, 39.9884844], [116.3182648, 39.9884617], [116.3182558, 39.9884381], [116.3182738, 39.9884144], [116.3182996, 39.9883947], [116.3183033, 39.9883507], [116.3181498, 39.988343], [116.3181427, 39.9884256], [116.3179596, 39.9884163]]]]}}, {"type": "Feature", "properties": {"building": "yes", "source": "osm"}, "geometry": {"type": "MultiPolygon", "coordinates": [[[[116.3187861, 39.9883814], [116.3188, 39.9882758], [116.319073, 39.9882969], [116.3190591, 39.9884026], [116.3187861, 39.9883814]]]]}}, {"type": "Feature", "properties": {"building": "yes", "source": "osm"}, "geometry": {"type": "MultiPolygon", "coordinates": [[[[116.3184566, 39.9888372], [116.3184676, 39.9887325], [116.3188053, 39.9887534], [116.3188409, 39.9884153], [116.3190036, 39.9884253], [116.3189571, 39.9888681], [116.3184566, 39.9888372]]]]}}, {"type": "Feature", "properties": {"building": "yes", "source": "osm"}, "geometry": {"type": "MultiPolygon", "coordinates": [[[[116.3183342, 39.9889012], [116.3183555, 39.98867], [116.3184416, 39.9886747], [116.3184203, 39.9889059], [116.3183342, 39.9889012]]]]}}, {"type": "Feature", "properties": {"building": "yes", "source": "osm"}, "geometry": {"type": "MultiPolygon", "coordinates": [[[[116.3179773, 39.9888707], [116.3179925, 39.9887293], [116.3183246, 39.9887503], [116.3183094, 39.9888917], [116.3179773, 39.9888707]]]]}}, {"type": "Feature", "properties": {"building": "yes", "source": "osm"}, "geometry": {"type": "MultiPolygon", "coordinates": [[[[116.317133, 39.9886125], [116.3171649, 39.9883375], [116.3173082, 39.9883473], [116.3172762, 39.9886223], [116.317133, 39.9886125]]]]}}, {"type": "Feature", "properties": {"building": "yes", "source": "osm"}, "geometry": {"type": "MultiPolygon", "coordinates": [[[[116.3170729, 39.9888819], [116.3171, 39.9886684], [116.3172109, 39.9886767], [116.3171838, 39.9888901], [116.3170729, 39.9888819]]]]}}, {"type": "Feature", "properties": {"building": "yes", "source": "osm"}, "geometry": {"type": "MultiPolygon", "coordinates": [[[[116.3178465, 39.9902483], [116.3178605, 39.9901321], [116.3179429, 39.990138], [116.3179583, 39.9900097], [116.3181802, 39.9900254], [116.3181692, 39.9901167], [116.3181044, 39.9901122], [116.3180699, 39.9903983], [116.317925, 39.9903881], [116.317941, 39.990255], [116.3178465, 39.9902483]]]]}}, {"type": "Feature", "properties": {"building": "yes", "source": "osm"}, "geometry": {"type": "MultiPolygon", "coordinates": [[[[116.3187466, 39.989963], [116.3187594, 39.9898154], [116.3188811, 39.9898216], [116.3188683, 39.9899692], [116.3187466, 39.989963]]]]}}, {"type": "Feature", "properties": {"building": "yes", "source": "osm"}, "geometry": {"type": "MultiPolygon", "coordinates": [[[[116.3171952, 39.9900432], [116.3172063, 39.9899017], [116.3173376, 39.9899078], [116.3173264, 39.9900493], [116.3171952, 39.9900432]]]]}}, {"type": "Feature", "properties": {"building": "yes", "source": "osm"}, "geometry": {"type": "MultiPolygon", "coordinates": [[[[116.3172497, 39.9896135], [116.3172732, 39.9893943], [116.317497, 39.9894084], [116.3174464, 39.9898795], [116.3173122, 39.989871], [116.3173393, 39.9896191], [116.3172497, 39.9896135]]]]}}, {"type": "Feature", "properties": {"building": "yes", "source": "osm"}, "geometry": {"type": "MultiPolygon", "coordinates": [[[[116.3171953, 39.9898812], [116.3172227, 39.9896178], [116.3173131, 39.9896233], [116.3172858, 39.9898867], [116.3171953, 39.9898812]]]]}}, {"type": "Feature", "properties": {"building": "yes", "source": "osm"}, "geometry": {"type": "MultiPolygon", "coordinates": [[[[116.3179782, 39.9896127], [116.3179917, 39.9894166], [116.3186517, 39.9894433], [116.3186381, 39.9896396], [116.3179782, 39.9896127]]]]}}, {"type": "Feature", "properties": {"building": "yes", "source": "osm"}, "geometry": {"type": "MultiPolygon", "coordinates": [[[[116.3175576, 39.9895861], [116.3175609, 39.9895248], [116.3178732, 39.9895346], [116.3178699, 39.9895959], [116.3175576, 39.9895861]]]]}}, {"type": "Feature", "properties": {"building": "yes", "source": "osm"}, "geometry": {"type": "MultiPolygon", "coordinates": [[[[116.3176218, 39.9898155], [116.3176312, 39.9896682], [116.3186211, 39.9897054], [116.3186131, 39.9898303], [116.3178018, 39.9897998], [116.3178004, 39.9898222], [116.3176218, 39.9898155]]]]}}, {"type": "Feature", "properties": {"building": "yes", "source": "osm"}, "geometry": {"type": "MultiPolygon", "coordinates": [[[[116.3175821, 39.9899331], [116.3175864, 39.9898502], [116.3185717, 39.9898799], [116.3185675, 39.9899629], [116.3175821, 39.9899331]]]]}}, {"type": "Feature", "properties": {"building": "yes", "source": "osm"}, "geometry": {"type": "MultiPolygon", "coordinates": [[[[116.3187648, 39.9896068], [116.3187808, 39.9894471], [116.318883, 39.9894531], [116.3188671, 39.9896128], [116.3187648, 39.9896068]]]]}}, {"type": "Feature", "properties": {"building": "yes", "source": "osm"}, "geometry": {"type": "MultiPolygon", "coordinates": [[[[116.3173869, 39.9903608], [116.3174225, 39.990034], [116.317449, 39.9900061], [116.3174843, 39.9899959], [116.3175208, 39.9900035], [116.3175528, 39.9900357], [116.3177678, 39.9900495], [116.3177403, 39.9903004], [116.3177729, 39.9903025], [116.3177639, 39.990385], [116.3173869, 39.9903608]]]]}}, {"type": "Feature", "properties": {"building": "yes", "source": "osm"}, "geometry": {"type": "MultiPolygon", "coordinates": [[[[116.3155277, 39.9903825], [116.3155428, 39.9901862], [116.3158228, 39.9901988], [116.3158077, 39.9903951], [116.3155277, 39.9903825]]]]}}, {"type": "Feature", "properties": {"building": "yes", "source": "osm"}, "geometry": {"type": "MultiPolygon", "coordinates": [[[[116.3158468, 39.9903822], [116.315855, 39.9902553], [116.3164586, 39.9902781], [116.3164504, 39.9904051], [116.3158468, 39.9903822]]]]}}, {"type": "Feature", "properties": {"building": "yes", "source": "osm"}, "geometry": {"type": "MultiPolygon", "coordinates": [[[[116.3173513, 39.9904555], [116.3173589, 39.990389], [116.3178891, 39.9904248], [116.317882, 39.9904865], [116.3178286, 39.9904829], [116.3178253, 39.9905114], [116.3174516, 39.9904862], [116.3174543, 39.9904625], [116.3173513, 39.9904555]]]]}}, {"type": "Feature", "properties": {"building": "yes", "source": "osm"}, "geometry": {"type": "MultiPolygon", "coordinates": [[[[116.3172726, 39.9908021], [116.3172819, 39.9906307], [116.3177383, 39.9906452], [116.3177421, 39.9905749], [116.3179057, 39.9905801], [116.3179156, 39.9906307], [116.3180294, 39.9906697], [116.3180039, 39.9908306], [116.3180056, 39.990934], [116.3179397, 39.9909315], [116.3179446, 39.9908569], [116.3178926, 39.9908219], [116.3172726, 39.9908021]]]]}}, {"type": "Feature", "properties": {"building": "yes", "source": "osm"}, "geometry": {"type": "MultiPolygon", "coordinates": [[[[116.3186094, 39.990319], [116.3186274, 39.9899926], [116.3188251, 39.989999], [116.3188071, 39.9903254], [116.3186094, 39.990319]]]]}}, {"type": "Feature", "properties": {"building": "yes", "source": "osm"}, "geometry": {"type": "MultiPolygon", "coordinates": [[[[116.3182904, 39.9903939], [116.3182988, 39.9903016], [116.3185648, 39.9903158], [116.3185563, 39.9904082], [116.3182904, 39.9903939]]]]}}, {"type": "Feature", "properties": {"building": "yes", "source": "osm"}, "geometry": {"type": "MultiPolygon", "coordinates": [[[[116.31794, 39.9906211], [116.3179511, 39.9904539], [116.3188127, 39.9904875], [116.3188065, 39.9905811], [116.3180268, 39.9905508], [116.3180219, 39.9906242], [116.31794, 39.9906211]]]]}}, {"type": "Feature", "properties": {"building": "yes", "source": "osm"}, "geometry": {"type": "MultiPolygon", "coordinates": [[[[116.3180487, 39.9908001], [116.3180672, 39.9905904], [116.3182707, 39.990601], [116.3182577, 39.9907488], [116.3191318, 39.9907941], [116.3191179, 39.9909523], [116.3180927, 39.9908994], [116.3181012, 39.9908028], [116.3180487, 39.9908001]]]]}}, {"type": "Feature", "properties": {"building": "yes", "source": "osm"}, "geometry": {"type": "MultiPolygon", "coordinates": [[[[116.3199916, 39.9898785], [116.3200144, 39.9896564], [116.3201989, 39.9896675], [116.3201584, 39.9900617], [116.3200095, 39.9900527], [116.3200272, 39.9898807], [116.3199916, 39.9898785]]]]}}, {"type": "Feature", "properties": {"building": "yes", "name": "过程所食堂", "source": "osm"}, "geometry": {"type": "MultiPolygon", "coordinates": [[[[116.3192251, 39.9908838], [116.3192327, 39.9907233], [116.3192719, 39.9907244], [116.3192726, 39.990709], [116.3194002, 39.9907123], [116.3193997, 39.9907253], [116.3197924, 39.9907348], [116.3197849, 39.990721], [116.319872, 39.990721], [116.3198871, 39.9907429], [116.3199391, 39.9907444], [116.3199315, 39.9909036], [116.3192251, 39.9908838]]]]}}, {"type": "Feature", "properties": {"building": "yes", "source": "osm"}, "geometry": {"type": "MultiPolygon", "coordinates": [[[[116.3189076, 39.9905342], [116.318911, 39.9904619], [116.319076, 39.9904665], [116.3190852, 39.9902746], [116.319447, 39.9902848], [116.3194344, 39.9905489], [116.3189076, 39.9905342]]]]}}, {"type": "Feature", "properties": {"building": "yes", "source": "osm"}, "geometry": {"type": "MultiPolygon", "coordinates": [[[[116.3194514, 39.9904093], [116.3194557, 39.9902573], [116.3196479, 39.9902606], [116.3196436, 39.9904125], [116.3194514, 39.9904093]]]]}}, {"type": "Feature", "properties": {"building": "yes", "source": "osm"}, "geometry": {"type": "MultiPolygon", "coordinates": [[[[116.3193977, 39.9891886], [116.319414, 39.9890763], [116.3199637, 39.9891232], [116.3199473, 39.9892356], [116.3193977, 39.9891886]]]]}}, {"type": "Feature", "properties": {"building": "yes", "source": "osm"}, "geometry": {"type": "MultiPolygon", "coordinates": [[[[116.3190135, 39.9894887], [116.3190446, 39.9892179], [116.3191485, 39.9892249], [116.3191175, 39.9894957], [116.3190135, 39.9894887]]]]}}, {"type": "Feature", "properties": {"building": "yes", "source": "osm"}, "geometry": {"type": "MultiPolygon", "coordinates": [[[[116.3190683, 39.9891047], [116.3190765, 39.9890392], [116.3193772, 39.9890612], [116.319369, 39.9891267], [116.3190683, 39.9891047]]]]}}, {"type": "Feature", "properties": {"building": "yes", "source": "osm"}, "geometry": {"type": "MultiPolygon", "coordinates": [[[[116.319171, 39.9895095], [116.3191745, 39.9894674], [116.3192153, 39.9894694], [116.3192198, 39.9894155], [116.3194693, 39.9894276], [116.3194625, 39.9895092], [116.3192813, 39.9895004], [116.3192702, 39.9895143], [116.319171, 39.9895095]]]]}}, {"type": "Feature", "properties": {"building": "yes", "source": "osm"}, "geometry": {"type": "MultiPolygon", "coordinates": [[[[116.3189857, 39.9898174], [116.319017, 39.9895525], [116.3191336, 39.9895606], [116.3191023, 39.9898255], [116.3189857, 39.9898174]]]]}}, {"type": "Feature", "properties": {"building": "school", "source": "osm"}, "geometry": {"type": "MultiPolygon", "coordinates": [[[[116.3136227, 39.9930786], [116.313639, 39.9927806], [116.3142054, 39.9927987], [116.3141891, 39.9930968], [116.3136227, 39.9930786]]]]}}, {"type": "Feature", "properties": {"building": "yes", "source": "osm"}, "geometry": {"type": "MultiPolygon", "coordinates": [[[[116.3138144, 39.9924137], [116.3138221, 39.9922603], [116.3139122, 39.9922622], [116.3139129, 39.9921506], [116.3143555, 39.9921637], [116.3143466, 39.9923408], [116.3142351, 39.9923375], [116.3142307, 39.992425], [116.3139782, 39.9924175], [116.3139805, 39.9923705], [116.3139594, 39.9923699], [116.313957, 39.9924179], [116.3138144, 39.9924137]]]]}}, {"type": "Feature", "properties": {"building": "yes", "source": "osm"}, "geometry": {"type": "MultiPolygon", "coordinates": [[[[116.3137961, 39.9925229], [116.3138001, 39.9924578], [116.3142078, 39.9924727], [116.3142035, 39.9925423], [116.3140891, 39.9925381], [116.314086, 39.9925874], [116.3141308, 39.992589], [116.3141273, 39.9926466], [116.3138153, 39.9926352], [116.3138189, 39.9925779], [116.3139017, 39.9925809], [116.3139051, 39.9925269], [116.3137961, 39.9925229]]]]}}, {"type": "Feature", "properties": {"building": "pavilion", "source": "osm"}, "geometry": {"type": "MultiPolygon", "coordinates": [[[[116.3130098, 39.9932286], [116.313051, 39.9928198], [116.313576, 39.9928509], [116.3135349, 39.9932597], [116.3130098, 39.9932286]], [[116.3130479, 39.9931741], [116.3134819, 39.9931902], [116.313515, 39.9928709], [116.3130786, 39.9928502], [116.3130479, 39.9931741]]]]}}, {"type": "Feature", "properties": {"building": "yes", "source": "osm"}, "geometry": {"type": "MultiPolygon", "coordinates": [[[[116.3222591, 39.9899872], [116.3222612, 39.9898419], [116.3225597, 39.9898444], [116.3225576, 39.9899897], [116.3222591, 39.9899872]]]]}}, {"type": "Feature", "properties": {"building": "yes", "source": "osm"}, "geometry": {"type": "MultiPolygon", "coordinates": [[[[116.3223522, 39.9901542], [116.3223561, 39.9899989], [116.3225293, 39.9900014], [116.3225254, 39.9901567], [116.3223522, 39.9901542]]]]}}, {"type": "Feature", "properties": {"building": "yes", "source": "osm"}, "geometry": {"type": "MultiPolygon", "coordinates": [[[[116.322671, 39.9901067], [116.3226757, 39.9900517], [116.3231032, 39.9900731], [116.3230985, 39.9901282], [116.322671, 39.9901067]]]]}}, {"type": "Feature", "properties": {"building": "yes", "source": "osm"}, "geometry": {"type": "MultiPolygon", "coordinates": [[[[116.3226861, 39.9899929], [116.3226924, 39.9899374], [116.3231258, 39.9899663], [116.3231195, 39.9900217], [116.3226861, 39.9899929]]]]}}, {"type": "Feature", "properties": {"building": "yes", "source": "osm"}, "geometry": {"type": "MultiPolygon", "coordinates": [[[[116.3227286, 39.9898819], [116.3227362, 39.9898243], [116.3231407, 39.9898556], [116.3231331, 39.9899133], [116.3227286, 39.9898819]]]]}}, {"type": "Feature", "properties": {"building": "yes", "source": "osm"}, "geometry": {"type": "MultiPolygon", "coordinates": [[[[116.3232113, 39.9901861], [116.3232468, 39.9898615], [116.3235193, 39.989879], [116.323513, 39.9899369], [116.3233033, 39.9899235], [116.3232741, 39.9901902], [116.3232113, 39.9901861]]]]}}, {"type": "Feature", "properties": {"building": "yes", "source": "osm"}, "geometry": {"type": "MultiPolygon", "coordinates": [[[[116.3233481, 39.990256], [116.3233534, 39.9902086], [116.3235328, 39.9902203], [116.3235276, 39.9902677], [116.3233481, 39.990256]]]]}}, {"type": "Feature", "properties": {"building": "yes", "source": "osm"}, "geometry": {"type": "MultiPolygon", "coordinates": [[[[116.323357, 39.9901478], [116.3233619, 39.9900993], [116.3235423, 39.99011], [116.3235374, 39.9901584], [116.323357, 39.9901478]]]]}}, {"type": "Feature", "properties": {"building": "yes", "source": "osm"}, "geometry": {"type": "MultiPolygon", "coordinates": [[[[116.3243728, 39.9907467], [116.3243744, 39.9906906], [116.324911, 39.9906997], [116.3249094, 39.9907559], [116.3243728, 39.9907467]]]]}}, {"type": "Feature", "properties": {"building": "bungalow", "source": "osm"}, "geometry": {"type": "MultiPolygon", "coordinates": [[[[116.3242221, 39.99083], [116.3243765, 39.9908343], [116.3243681, 39.9907852], [116.3248646, 39.9907863], [116.3248743, 39.9908289], [116.324738, 39.9908396], [116.3247311, 39.9909344], [116.324777, 39.9909589], [116.3246687, 39.9911289], [116.3242221, 39.991124], [116.3242221, 39.99083]]]]}}, {"type": "Feature", "properties": {"building": "bungalow", "source": "osm"}, "geometry": {"type": "MultiPolygon", "coordinates": [[[[116.3251921, 39.9905866], [116.3251993, 39.9904407], [116.3253778, 39.9904459], [116.3253706, 39.9905918], [116.3251921, 39.9905866]]]]}}, {"type": "Feature", "properties": {"building": "apartments", "source": "osm"}, "geometry": {"type": "MultiPolygon", "coordinates": [[[[116.3074998, 39.9845908], [116.3075046, 39.9844785], [116.3077542, 39.9844842], [116.3077474, 39.9845954], [116.3074998, 39.9845908]]]]}}, {"type": "Feature", "properties": {"building": "apartments", "source": "osm"}, "geometry": {"type": "MultiPolygon", "coordinates": [[[[116.3066683, 39.9849921], [116.3066719, 39.9848934], [116.3071243, 39.9848962], [116.3071207, 39.984997], [116.3066683, 39.9849921]]]]}}, {"type": "Feature", "properties": {"building": "yes", "source": "osm"}, "geometry": {"type": "MultiPolygon", "coordinates": [[[[116.3138961, 39.9883071], [116.313906, 39.9881845], [116.3141047, 39.9881862], [116.3141047, 39.9882065], [116.3145925, 39.9882276], [116.314587, 39.9883477], [116.3145506, 39.9883469], [116.3145704, 39.9883798], [116.3145771, 39.9884094], [116.3145561, 39.9884373], [116.3145186, 39.9884466], [116.3144921, 39.9884466], [116.3144601, 39.9884323], [116.3144402, 39.9884103], [116.3144225, 39.9883874], [116.3144126, 39.9883697], [116.3143938, 39.9883316], [116.3138961, 39.9883071]]]]}}, {"type": "Feature", "properties": {"building": "yes", "source": "osm"}, "geometry": {"type": "MultiPolygon", "coordinates": [[[[116.3144302, 39.9881469], [116.3144587, 39.9880393], [116.3148813, 39.9881048], [116.3148529, 39.9882124], [116.3144302, 39.9881469]]]]}}, {"type": "Feature", "properties": {"building": "yes", "source": "osm"}, "geometry": {"type": "MultiPolygon", "coordinates": [[[[116.3140006, 39.9881152], [116.3140098, 39.9880257], [116.3144166, 39.9880503], [116.3144073, 39.9881398], [116.3140006, 39.9881152]]]]}}, {"type": "Feature", "properties": {"building": "yes", "source": "osm"}, "geometry": {"type": "MultiPolygon", "coordinates": [[[[116.3137829, 39.98652], [116.313804, 39.986365], [116.3140787, 39.9863868], [116.3140577, 39.9865418], [116.3137829, 39.98652]]]]}}, {"type": "Feature", "properties": {"building": "yes", "source": "osm"}, "geometry": {"type": "MultiPolygon", "coordinates": [[[[116.3140855, 39.9860049], [116.3140958, 39.9859307], [116.3143304, 39.9859499], [116.3143533, 39.9857856], [116.3141047, 39.9857652], [116.3141155, 39.9856875], [116.3144611, 39.9857158], [116.3144171, 39.9860321], [116.3140855, 39.9860049]]]]}}, {"type": "Feature", "properties": {"building": "yes", "source": "osm"}, "geometry": {"type": "MultiPolygon", "coordinates": [[[[116.3148741, 39.9851355], [116.3148884, 39.9850289], [116.3152331, 39.9850561], [116.3152188, 39.9851627], [116.3148741, 39.9851355]]]]}}, {"type": "Feature", "properties": {"building": "yes", "source": "osm"}, "geometry": {"type": "MultiPolygon", "coordinates": [[[[116.3152847, 39.9853295], [116.3152903, 39.9851796], [116.3155873, 39.9851862], [116.3155816, 39.9853361], [116.3152847, 39.9853295]]]]}}, {"type": "Feature", "properties": {"building": "yes", "source": "osm"}, "geometry": {"type": "MultiPolygon", "coordinates": [[[[116.3154037, 39.9854178], [116.3154076, 39.9853347], [116.3154822, 39.9853368], [116.3154796, 39.9853917], [116.3155136, 39.985412], [116.3156093, 39.9854147], [116.315603, 39.9855455], [116.3154215, 39.9855404], [116.3154273, 39.9854184], [116.3154037, 39.9854178]]]]}}, {"type": "Feature", "properties": {"building": "yes", "source": "osm"}, "geometry": {"type": "MultiPolygon", "coordinates": [[[[116.3192117, 39.9871129], [116.3192436, 39.9867362], [116.3193549, 39.9867417], [116.3193229, 39.9871185], [116.3192117, 39.9871129]]]]}}, {"type": "Feature", "properties": {"building": "yes", "source": "osm"}, "geometry": {"type": "MultiPolygon", "coordinates": [[[[116.3241971, 39.9891345], [116.3241972, 39.9890765], [116.3243368, 39.9890767], [116.3243366, 39.9891347], [116.3241971, 39.9891345]]]]}}, {"type": "Feature", "properties": {"building": "yes", "source": "osm"}, "geometry": {"type": "MultiPolygon", "coordinates": [[[[116.3240811, 39.9891428], [116.3240832, 39.989066], [116.3241626, 39.9890673], [116.3241605, 39.9891441], [116.3240811, 39.9891428]]]]}}, {"type": "Feature", "properties": {"building": "bungalow", "source": "osm"}, "geometry": {"type": "MultiPolygon", "coordinates": [[[[116.3254261, 39.9898214], [116.3255868, 39.9895237], [116.3260779, 39.9895306], [116.3261184, 39.9895559], [116.3258951, 39.98997], [116.3254261, 39.9898214]]]]}}, {"type": "Feature", "properties": {"building": "yes", "source": "osm"}, "geometry": {"type": "MultiPolygon", "coordinates": [[[[116.3324089, 39.9891777], [116.3324274, 39.9885881], [116.3326377, 39.988592], [116.3326193, 39.9891816], [116.3324089, 39.9891777]]]]}}, {"type": "Feature", "properties": {"building": "yes", "source": "osm"}, "geometry": {"type": "MultiPolygon", "coordinates": [[[[116.3323447, 39.9882937], [116.3326229, 39.9882908], [116.3326259, 39.9884583], [116.3324297, 39.9884603], [116.3324315, 39.9885629], [116.3323494, 39.9885638], [116.3323447, 39.9882937]]]]}}, {"type": "Feature", "properties": {"building": "yes", "source": "osm"}, "geometry": {"type": "MultiPolygon", "coordinates": [[[[116.3323553, 39.9880758], [116.3323689, 39.9875909], [116.3325402, 39.9875937], [116.3325266, 39.9880786], [116.3323553, 39.9880758]]]]}}, {"type": "Feature", "properties": {"building": "yes", "source": "osm"}, "geometry": {"type": "MultiPolygon", "coordinates": [[[[116.3323425, 39.988173], [116.332605, 39.9881712], [116.3326063, 39.9882781], [116.3323438, 39.98828], [116.3323425, 39.988173]]]]}}, {"type": "Feature", "properties": {"building": "yes", "source": "osm"}, "geometry": {"type": "MultiPolygon", "coordinates": [[[[116.3325778, 39.9871496], [116.3326703, 39.9868733], [116.3329196, 39.9869224], [116.332827, 39.9871986], [116.3325778, 39.9871496]]]]}}, {"type": "Feature", "properties": {"building": "yes", "source": "osm"}, "geometry": {"type": "MultiPolygon", "coordinates": [[[[116.3328433, 39.9872253], [116.3329014, 39.9870621], [116.3335364, 39.9871947], [116.3334341, 39.987482], [116.3330149, 39.9873945], [116.3330394, 39.9873256], [116.3332983, 39.9873797], [116.3333376, 39.9872692], [116.3330092, 39.9872006], [116.3329766, 39.987292], [116.3328456, 39.9872647], [116.3328585, 39.9872285], [116.3328433, 39.9872253]]]]}}, {"type": "Feature", "properties": {"building": "kindergarten", "source": "osm"}, "geometry": {"type": "MultiPolygon", "coordinates": [[[[116.332656, 39.9866467], [116.3326799, 39.9863671], [116.3329432, 39.9863803], [116.3329193, 39.9866599], [116.332656, 39.9866467]]]]}}, {"type": "Feature", "properties": {"building": "kindergarten", "source": "osm"}, "geometry": {"type": "MultiPolygon", "coordinates": [[[[116.3330376, 39.9867951], [116.33308, 39.986394], [116.333334, 39.9864098], [116.3332914, 39.9868108], [116.3330376, 39.9867951]]]]}}, {"type": "Feature", "properties": {"building": "yes", "source": "osm"}, "geometry": {"type": "MultiPolygon", "coordinates": [[[[116.3328009, 39.9893327], [116.3328032, 39.9892553], [116.3328991, 39.9892569], [116.3329018, 39.9891635], [116.3333688, 39.9891717], [116.3333637, 39.9893425], [116.3328009, 39.9893327]]]]}}, {"type": "Feature", "properties": {"building": "yes", "source": "osm"}, "geometry": {"type": "MultiPolygon", "coordinates": [[[[116.322661, 39.9810849], [116.3226659, 39.980976], [116.3231589, 39.9809891], [116.323154, 39.9810978], [116.322661, 39.9810849]]]]}}, {"type": "Feature", "properties": {"building": "yes", "source": "osm"}, "geometry": {"type": "MultiPolygon", "coordinates": [[[[116.322703, 39.9807683], [116.3227076, 39.9806625], [116.3231721, 39.9806742], [116.3231676, 39.98078], [116.322703, 39.9807683]]]]}}, {"type": "Feature", "properties": {"building": "yes", "source": "osm"}, "geometry": {"type": "MultiPolygon", "coordinates": [[[[116.3243189, 39.9839384], [116.3243332, 39.9835915], [116.3244619, 39.9835946], [116.3244475, 39.9839416], [116.3243189, 39.9839384]]]]}}, {"type": "Feature", "properties": {"building": "yes", "source": "osm"}, "geometry": {"type": "MultiPolygon", "coordinates": [[[[116.3240459, 39.9834106], [116.3240489, 39.9833392], [116.324381, 39.9833473], [116.324378, 39.9834187], [116.3240459, 39.9834106]]]]}}, {"type": "Feature", "properties": {"building": "yes", "source": "osm"}, "geometry": {"type": "MultiPolygon", "coordinates": [[[[116.3242837, 39.9835074], [116.3242858, 39.9834293], [116.3246172, 39.9834345], [116.3246176, 39.9834207], [116.3247552, 39.9834228], [116.3247402, 39.9839933], [116.3246135, 39.9839913], [116.3246261, 39.9835127], [116.3242837, 39.9835074]]]]}}, {"type": "Feature", "properties": {"building": "yes", "source": "osm"}, "geometry": {"type": "MultiPolygon", "coordinates": [[[[116.3249158, 39.9840598], [116.3249191, 39.983895], [116.3250928, 39.9838971], [116.3250936, 39.9838582], [116.3252597, 39.9838602], [116.3252585, 39.9839196], [116.3253003, 39.9839201], [116.3252993, 39.9839705], [116.325262, 39.98397], [116.3253784, 39.9840657], [116.3255074, 39.9840683], [116.3255063, 39.9840998], [116.3256583, 39.9841028], [116.3256526, 39.9842706], [116.3249666, 39.9842568], [116.324972, 39.9841014], [116.3253623, 39.9841092], [116.3253377, 39.9840889], [116.3253197, 39.9840904], [116.3252648, 39.9840476], [116.325261, 39.9840266], [116.3252459, 39.9840208], [116.3252454, 39.9840472], [116.3251561, 39.9840461], [116.3251558, 39.9840626], [116.3249158, 39.9840598]]]]}}, {"type": "Feature", "properties": {"building": "yes", "source": "osm"}, "geometry": {"type": "MultiPolygon", "coordinates": [[[[116.3237105, 39.9832013], [116.3237182, 39.9828926], [116.3240394, 39.9828994], [116.3240239, 39.9832081], [116.3237105, 39.9832013]], [[116.3238154, 39.9831031], [116.3239294, 39.9831054], [116.3239341, 39.9829723], [116.3238201, 39.9829699], [116.3238154, 39.9831031]]]]}}, {"type": "Feature", "properties": {"building": "yes", "source": "osm"}, "geometry": {"type": "MultiPolygon", "coordinates": [[[[116.3244144, 39.9832897], [116.324426, 39.9830621], [116.3247718, 39.9830724], [116.3247602, 39.9833001], [116.3244144, 39.9832897]]]]}}, {"type": "Feature", "properties": {"building": "university", "name": "美术学院大楼", "source": "osm"}, "geometry": {"type": "MultiPolygon", "coordinates": [[[[116.3282741, 39.9986378], [116.3282961, 39.9981974], [116.3292479, 39.9982253], [116.3292642, 39.9978424], [116.3306542, 39.9978834], [116.3306061, 39.9988421], [116.3302515, 39.9988652], [116.3297979, 39.9988519], [116.3292979, 39.9988028], [116.3289966, 39.9987413], [116.3286809, 39.9986517], [116.3282741, 39.9986378]], [[116.3290475, 39.9986118], [116.3292858, 39.998617], [116.3292922, 39.9984446], [116.3290539, 39.9984393], [116.3290475, 39.9986118]], [[116.3293688, 39.9983083], [116.3299585, 39.9983297], [116.3299675, 39.998185], [116.3293777, 39.9981637], [116.3293688, 39.9983083]], [[116.3300117, 39.998308], [116.3301272, 39.9983116], [116.3301226, 39.9983978], [116.3303096, 39.9984036], [116.3303218, 39.9981719], [116.3300194, 39.9981625], [116.3300117, 39.998308]], [[116.3300752, 39.9987134], [116.3302648, 39.9987196], [116.3302803, 39.9984416], [116.3300908, 39.9984353], [116.3300752, 39.9987134]]]]}}, {"type": "Feature", "properties": {"building": "yes", "source": "osm"}, "geometry": {"type": "MultiPolygon", "coordinates": [[[[116.3138985, 39.9704736], [116.3139085, 39.9702222], [116.3141056, 39.9702268], [116.3141073, 39.9701847], [116.3142603, 39.9701882], [116.3142452, 39.970566], [116.314101, 39.9705626], [116.3141043, 39.9704784], [116.3138985, 39.9704736]]]]}}, {"type": "Feature", "properties": {"building": "yes", "name": "倒座庙1号院D座", "source": "osm"}, "geometry": {"type": "MultiPolygon", "coordinates": [[[[116.3020838, 39.9726627], [116.3022111, 39.9723403], [116.3023209, 39.9723657], [116.3022153, 39.9726331], [116.3021936, 39.9726881], [116.3020838, 39.9726627]]]]}}, {"type": "Feature", "properties": {"building": "yes", "source": "osm"}, "geometry": {"type": "MultiPolygon", "coordinates": [[[[116.3036396, 39.9728467], [116.3036646, 39.972687], [116.3036812, 39.9725811], [116.303815, 39.9725934], [116.3037734, 39.972859], [116.3036396, 39.9728467]]]]}}, {"type": "Feature", "properties": {"building": "yes", "name": "倒座庙1号院1号楼", "source": "osm"}, "geometry": {"type": "MultiPolygon", "coordinates": [[[[116.3034147, 39.972307], [116.3034372, 39.9721602], [116.3034691, 39.9719521], [116.3038417, 39.9719856], [116.3037874, 39.9723405], [116.3037218, 39.9723346], [116.3036037, 39.972324], [116.3034147, 39.972307]]]]}}, {"type": "Feature", "properties": {"building": "yes", "name": "倒座庙1号院2号楼", "source": "osm"}, "geometry": {"type": "MultiPolygon", "coordinates": [[[[116.3024916, 39.9722009], [116.302546, 39.9718459], [116.3029186, 39.9718794], [116.3028842, 39.9721041], [116.3028643, 39.9722344], [116.3026785, 39.9722177], [116.3024916, 39.9722009]]]]}}, {"type": "Feature", "properties": {"building": "yes", "name": "倒座庙1号院C座", "source": "osm"}, "geometry": {"type": "MultiPolygon", "coordinates": [[[[116.3026476, 39.9724318], [116.3026785, 39.9722177], [116.3028643, 39.9722344], [116.3028842, 39.9721041], [116.3034372, 39.9721602], [116.3034147, 39.972307], [116.3036037, 39.972324], [116.3035723, 39.9725201], [116.3026476, 39.9724318]]]]}}, {"type": "Feature", "properties": {"building": "yes", "source": "osm"}, "geometry": {"type": "MultiPolygon", "coordinates": [[[[116.3221565, 39.9769782], [116.3221639, 39.9768173], [116.323035, 39.9768409], [116.3230276, 39.9770019], [116.3221565, 39.9769782]]]]}}, {"type": "Feature", "properties": {"building": "yes", "source": "osm"}, "geometry": {"type": "MultiPolygon", "coordinates": [[[[116.3221527, 39.9775042], [116.3221567, 39.9773665], [116.322641, 39.9773748], [116.322637, 39.9775126], [116.3221527, 39.9775042]]]]}}, {"type": "Feature", "properties": {"building": "yes", "source": "osm"}, "geometry": {"type": "MultiPolygon", "coordinates": [[[[116.3228929, 39.9767914], [116.3228982, 39.9765934], [116.3231163, 39.9765968], [116.3231111, 39.9767948], [116.3228929, 39.9767914]]]]}}, {"type": "Feature", "properties": {"building": "yes", "source": "osm"}, "geometry": {"type": "MultiPolygon", "coordinates": [[[[116.3227664, 39.976547], [116.3227687, 39.976439], [116.3230522, 39.9764425], [116.32305, 39.9765505], [116.3227664, 39.976547]]]]}}, {"type": "Feature", "properties": {"building": "yes", "source": "osm"}, "geometry": {"type": "MultiPolygon", "coordinates": [[[[116.3221788, 39.976523], [116.3221843, 39.9764067], [116.3227086, 39.9764213], [116.322703, 39.9765377], [116.3221788, 39.976523]]]]}}, {"type": "Feature", "properties": {"building": "yes", "source": "osm"}, "geometry": {"type": "MultiPolygon", "coordinates": [[[[116.3231148, 39.9771768], [116.3231535, 39.9764036], [116.323244, 39.9764063], [116.323205, 39.9771795], [116.3231148, 39.9771768]]]]}}, {"type": "Feature", "properties": {"building": "yes", "source": "osm"}, "geometry": {"type": "MultiPolygon", "coordinates": [[[[116.3243416, 39.9774532], [116.3243452, 39.9773631], [116.3247259, 39.9773722], [116.3247223, 39.9774622], [116.3243416, 39.9774532]]]]}}, {"type": "Feature", "properties": {"building": "yes", "source": "osm"}, "geometry": {"type": "MultiPolygon", "coordinates": [[[[116.3252463, 39.9774946], [116.3252507, 39.9773833], [116.3256516, 39.9773926], [116.3256472, 39.977504], [116.3252463, 39.9774946]]]]}}, {"type": "Feature", "properties": {"building": "yes", "source": "osm"}, "geometry": {"type": "MultiPolygon", "coordinates": [[[[116.3254793, 39.9772377], [116.3255306, 39.9764951], [116.326111, 39.9765185], [116.3260644, 39.9771967], [116.3260352, 39.9771955], [116.3260308, 39.97726], [116.3254793, 39.9772377]]]]}}, {"type": "Feature", "properties": {"building": "yes", "source": "osm"}, "geometry": {"type": "MultiPolygon", "coordinates": [[[[116.3235527, 39.978011], [116.3235629, 39.9778308], [116.3237396, 39.9778367], [116.3237293, 39.9780169], [116.3235527, 39.978011]]]]}}, {"type": "Feature", "properties": {"building": "yes", "source": "osm"}, "geometry": {"type": "MultiPolygon", "coordinates": [[[[116.3237755, 39.9780327], [116.3237888, 39.9778268], [116.3240086, 39.9778351], [116.3240021, 39.9779352], [116.324263, 39.9779451], [116.3242561, 39.9780509], [116.3237755, 39.9780327]]]]}}, {"type": "Feature", "properties": {"building": "yes", "source": "osm"}, "geometry": {"type": "MultiPolygon", "coordinates": [[[[116.3239808, 39.9786936], [116.3239893, 39.9785532], [116.3242567, 39.9785627], [116.3242437, 39.9787802], [116.3240461, 39.9787732], [116.3240507, 39.9786961], [116.3239808, 39.9786936]]]]}}, {"type": "Feature", "properties": {"building": "yes", "source": "osm"}, "geometry": {"type": "MultiPolygon", "coordinates": [[[[116.3238404, 39.9789386], [116.3238553, 39.978796], [116.3242595, 39.9788209], [116.3242446, 39.9789634], [116.3238404, 39.9789386]]]]}}, {"type": "Feature", "properties": {"building": "yes", "source": "osm"}, "geometry": {"type": "MultiPolygon", "coordinates": [[[[116.3238134, 39.9794586], [116.323819, 39.9792807], [116.3240375, 39.9792848], [116.3240392, 39.9792308], [116.3242833, 39.9792353], [116.3242781, 39.9793987], [116.3241858, 39.979397], [116.3241851, 39.9794172], [116.3240951, 39.9794155], [116.3240945, 39.979434], [116.3239971, 39.9794321], [116.323996, 39.9794639], [116.3239641, 39.9794633], [116.3239115, 39.9794777], [116.3238725, 39.9794754], [116.32385, 39.9794592], [116.3238134, 39.9794586]]]]}}, {"type": "Feature", "properties": {"building": "yes", "source": "osm"}, "geometry": {"type": "MultiPolygon", "coordinates": [[[[116.32382, 39.9792274], [116.3238232, 39.9791042], [116.3242997, 39.9791114], [116.3242965, 39.9792347], [116.32382, 39.9792274]]]]}}, {"type": "Feature", "properties": {"building": "yes", "source": "osm"}, "geometry": {"type": "MultiPolygon", "coordinates": [[[[116.3244273, 39.9792528], [116.3244351, 39.9791013], [116.3249635, 39.9791172], [116.3249582, 39.9792216], [116.3248459, 39.9792182], [116.3247022, 39.9792611], [116.3244273, 39.9792528]]]]}}, {"type": "Feature", "properties": {"building": "yes", "source": "osm"}, "geometry": {"type": "MultiPolygon", "coordinates": [[[[116.3202579, 39.9779507], [116.3202642, 39.9778143], [116.3207464, 39.9778274], [116.3207401, 39.9779636], [116.3202579, 39.9779507]]]]}}, {"type": "Feature", "properties": {"building": "yes", "source": "osm"}, "geometry": {"type": "MultiPolygon", "coordinates": [[[[116.3285013, 39.9906971], [116.3285143, 39.9904005], [116.3285876, 39.9904021], [116.3286201, 39.9904025], [116.3287258, 39.9904059], [116.3287222, 39.9904873], [116.3288927, 39.9904917], [116.3288903, 39.9905477], [116.3290805, 39.9905526], [116.3290735, 39.9907119], [116.3285013, 39.9906971]]]]}}, {"type": "Feature", "properties": {"building": "yes", "source": "osm"}, "geometry": {"type": "MultiPolygon", "coordinates": [[[[116.32852, 39.9902687], [116.3285212, 39.9902174], [116.3286997, 39.9902199], [116.3286986, 39.9902665], [116.3286234, 39.9902654], [116.3286226, 39.9902984], [116.3286201, 39.9904025], [116.3285876, 39.9904021], [116.3285901, 39.9902984], [116.3285908, 39.9902697], [116.32852, 39.9902687]]]]}}, {"type": "Feature", "properties": {"building": "yes", "source": "osm"}, "geometry": {"type": "MultiPolygon", "coordinates": [[[[116.3233564, 39.9872104], [116.3233653, 39.9871091], [116.3234383, 39.9871129], [116.3234294, 39.9872142], [116.3233564, 39.9872104]]]]}}, {"type": "Feature", "properties": {"building": "yes", "source": "osm"}, "geometry": {"type": "MultiPolygon", "coordinates": [[[[116.3292385, 39.9799129], [116.3292574, 39.9797483], [116.3296077, 39.979772], [116.3295888, 39.9799366], [116.3292385, 39.9799129]]]]}}, {"type": "Feature", "properties": {"building": "yes", "source": "osm"}, "geometry": {"type": "MultiPolygon", "coordinates": [[[[116.3308562, 39.9795701], [116.3308732, 39.9794166], [116.3309533, 39.9794218], [116.330948, 39.9794694], [116.3311622, 39.9794833], [116.3311505, 39.9795892], [116.3308562, 39.9795701]]]]}}, {"type": "Feature", "properties": {"building": "yes", "source": "osm"}, "geometry": {"type": "MultiPolygon", "coordinates": [[[[116.3305659, 39.9795882], [116.33059, 39.9793862], [116.3308264, 39.9794028], [116.3308023, 39.9796048], [116.3305659, 39.9795882]]]]}}, {"type": "Feature", "properties": {"building": "yes", "source": "osm"}, "geometry": {"type": "MultiPolygon", "coordinates": [[[[116.3227051, 39.9772029], [116.3230621, 39.9771984], [116.3230638, 39.9772788], [116.3227069, 39.9772834], [116.3227051, 39.9772029]]]]}}, {"type": "Feature", "properties": {"building": "yes", "source": "osm"}, "geometry": {"type": "MultiPolygon", "coordinates": [[[[116.3221616, 39.9771725], [116.3225228, 39.97717], [116.3225246, 39.9773231], [116.3221634, 39.9773257], [116.3221616, 39.9771725]]]]}}, {"type": "Feature", "properties": {"building": "yes", "source": "osm"}, "geometry": {"type": "MultiPolygon", "coordinates": [[[[116.3218883, 39.97766], [116.3219094, 39.9772634], [116.3220811, 39.9772688], [116.32206, 39.9776654], [116.3218883, 39.97766]]]]}}, {"type": "Feature", "properties": {"building": "yes", "source": "osm"}, "geometry": {"type": "MultiPolygon", "coordinates": [[[[116.322207, 39.9776498], [116.3222128, 39.977525], [116.3224922, 39.9775326], [116.3224864, 39.9776575], [116.322207, 39.9776498]]]]}}, {"type": "Feature", "properties": {"building": "yes", "source": "osm"}, "geometry": {"type": "MultiPolygon", "coordinates": [[[[116.3220136, 39.9792122], [116.3220176, 39.979087], [116.322277, 39.9790919], [116.322273, 39.9792171], [116.3220136, 39.9792122]]]]}}, {"type": "Feature", "properties": {"building": "yes", "source": "osm"}, "geometry": {"type": "MultiPolygon", "coordinates": [[[[116.3198657, 39.9783028], [116.3198741, 39.9780145], [116.3201633, 39.9780194], [116.3201585, 39.978183], [116.3200717, 39.9781815], [116.3200701, 39.9782358], [116.3201021, 39.9782364], [116.3201, 39.9783068], [116.3198657, 39.9783028]]]]}}, {"type": "Feature", "properties": {"building": "yes", "source": "osm"}, "geometry": {"type": "MultiPolygon", "coordinates": [[[[116.3163855, 39.9726228], [116.3165413, 39.9726206], [116.3165468, 39.9728516], [116.316391, 39.9728537], [116.3163855, 39.9726228]]]]}}, {"type": "Feature", "properties": {"building": "yes", "source": "osm"}, "geometry": {"type": "MultiPolygon", "coordinates": [[[[116.3168629, 39.9732037], [116.31687, 39.9730793], [116.3170757, 39.9730862], [116.3170687, 39.9732105], [116.3168629, 39.9732037]]]]}}, {"type": "Feature", "properties": {"building": "yes", "source": "osm"}, "geometry": {"type": "MultiPolygon", "coordinates": [[[[116.315458, 39.9729207], [116.3154842, 39.9728516], [116.3157216, 39.9729069], [116.3155398, 39.9727941], [116.3157983, 39.9725508], [116.3163318, 39.9725642], [116.3162936, 39.9731465], [116.3161308, 39.9732672], [116.3156908, 39.9729806], [116.315458, 39.9729207]]]]}}, {"type": "Feature", "properties": {"building": "yes", "source": "osm"}, "geometry": {"type": "MultiPolygon", "coordinates": [[[[116.3154536, 39.9723769], [116.3154708, 39.9721737], [116.3156877, 39.9721845], [116.3156759, 39.9723246], [116.3155652, 39.9723191], [116.3155599, 39.9723822], [116.3154536, 39.9723769]]]]}}, {"type": "Feature", "properties": {"building": "yes", "source": "osm"}, "geometry": {"type": "MultiPolygon", "coordinates": [[[[116.3147668, 39.9726414], [116.3147868, 39.9725625], [116.3150464, 39.9726011], [116.3150264, 39.97268], [116.3147668, 39.9726414]]]]}}, {"type": "Feature", "properties": {"building": "yes", "source": "osm"}, "geometry": {"type": "MultiPolygon", "coordinates": [[[[116.3144008, 39.9728024], [116.3144324, 39.9727212], [116.3150294, 39.9728576], [116.3149978, 39.9729387], [116.3144008, 39.9728024]]]]}}, {"type": "Feature", "properties": {"building": "yes", "source": "osm"}, "geometry": {"type": "MultiPolygon", "coordinates": [[[[116.3142694, 39.9732863], [116.3143343, 39.97312], [116.3145649, 39.9731729], [116.3145965, 39.973092], [116.3146961, 39.9731149], [116.3146899, 39.9731306], [116.3148087, 39.9731578], [116.3147642, 39.9732717], [116.3146725, 39.9732506], [116.3146642, 39.9732719], [116.3146776, 39.973275], [116.3146389, 39.9733741], [116.3144485, 39.9733304], [116.3144667, 39.9732837], [116.31437, 39.9732615], [116.3143529, 39.9733055], [116.3142694, 39.9732863]]]]}}, {"type": "Feature", "properties": {"building": "yes", "source": "osm"}, "geometry": {"type": "MultiPolygon", "coordinates": [[[[116.314858, 39.9731465], [116.3148591, 39.973017], [116.3149424, 39.9730174], [116.3149413, 39.9731469], [116.314858, 39.9731465]]]]}}, {"type": "Feature", "properties": {"building": "yes", "source": "osm"}, "geometry": {"type": "MultiPolygon", "coordinates": [[[[116.3090993, 39.9743725], [116.3091037, 39.9742798], [116.3107849, 39.9743264], [116.3107805, 39.9744194], [116.3090993, 39.9743725]]]]}}, {"type": "Feature", "properties": {"building": "yes", "source": "osm"}, "geometry": {"type": "MultiPolygon", "coordinates": [[[[116.3111145, 39.9737617], [116.3111903, 39.9735608], [116.3114048, 39.9736083], [116.3113125, 39.9738528], [116.3113637, 39.9738641], [116.3113353, 39.9739395], [116.3111344, 39.9738949], [116.3111533, 39.9738447], [116.311136, 39.9738408], [116.3111619, 39.9737722], [116.3111145, 39.9737617]]]]}}, {"type": "Feature", "properties": {"building": "yes", "source": "osm"}, "geometry": {"type": "MultiPolygon", "coordinates": [[[[116.3108345, 39.9743904], [116.3108427, 39.9742983], [116.3108983, 39.9742954], [116.3109546, 39.9742862], [116.3110004, 39.9742597], [116.311047, 39.9742189], [116.3110913, 39.9741498], [116.3111093, 39.9740992], [116.3111356, 39.9740405], [116.3111469, 39.9740077], [116.3113151, 39.9740399], [116.3112753, 39.9741354], [116.3112505, 39.974197], [116.3112295, 39.9742471], [116.3111964, 39.974285], [116.3111514, 39.9743144], [116.3110928, 39.9743478], [116.3110372, 39.9743708], [116.3109877, 39.9743852], [116.3109561, 39.9743909], [116.3108345, 39.9743904]]]]}}, {"type": "Feature", "properties": {"building": "yes", "source": "osm"}, "geometry": {"type": "MultiPolygon", "coordinates": [[[[116.3063772, 39.9743394], [116.3063896, 39.9740886], [116.3087671, 39.9741581], [116.3087547, 39.9744085], [116.3063772, 39.9743394]]]]}}, {"type": "Feature", "properties": {"building": "residential", "name": "46号楼", "source": "osm"}, "geometry": {"type": "MultiPolygon", "coordinates": [[[[116.3346796, 39.9889238], [116.334707, 39.9885526], [116.3350224, 39.9885583], [116.3349991, 39.988936], [116.3347453, 39.9889263], [116.3346796, 39.9889238]]]]}}, {"type": "Feature", "properties": {"building": "residential", "source": "osm"}, "geometry": {"type": "MultiPolygon", "coordinates": [[[[116.334722, 39.9893384], [116.3347453, 39.9889263], [116.3349991, 39.988936], [116.3349754, 39.9893455], [116.3349393, 39.9893449], [116.3348903, 39.9893431], [116.334722, 39.9893384]]]]}}, {"type": "Feature", "properties": {"building": "residential", "name": "47号楼", "source": "osm"}, "geometry": {"type": "MultiPolygon", "coordinates": [[[[116.3346294, 39.98962], [116.3346367, 39.9894856], [116.3346744, 39.9894881], [116.3346757, 39.9894402], [116.3346407, 39.9894396], [116.334646, 39.9893351], [116.334722, 39.9893384], [116.3348903, 39.9893431], [116.3348897, 39.9893844], [116.3349377, 39.9893874], [116.3349393, 39.9893449], [116.3349754, 39.9893455], [116.3349737, 39.9893926], [116.3349706, 39.9894624], [116.335065, 39.9894662], [116.3350589, 39.9896318], [116.3346294, 39.98962]]]]}}, {"type": "Feature", "properties": {"building": "residential", "name": "48号楼", "source": "osm"}, "geometry": {"type": "MultiPolygon", "coordinates": [[[[116.3350589, 39.9896318], [116.335065, 39.9894662], [116.3351364, 39.9894682], [116.335143, 39.9893689], [116.3353347, 39.9893731], [116.3353292, 39.9894726], [116.3354201, 39.9894746], [116.3354122, 39.9896369], [116.3350589, 39.9896318]]]]}}, {"type": "Feature", "properties": {"building": "residential", "name": "49号楼", "source": "osm"}, "geometry": {"type": "MultiPolygon", "coordinates": [[[[116.3354122, 39.9896369], [116.3354201, 39.9894746], [116.3354987, 39.9894774], [116.3355009, 39.9893783], [116.3357638, 39.989384], [116.3357626, 39.9894048], [116.3358413, 39.9894058], [116.3358389, 39.9894808], [116.3357648, 39.9894802], [116.3357644, 39.989497], [116.3358408, 39.9894995], [116.3358407, 39.9896435], [116.3354122, 39.9896369]]]]}}, {"type": "Feature", "properties": {"building": "yes", "amenity": "bicycle_parking", "source": "osm"}, "geometry": {"type": "MultiPolygon", "coordinates": [[[[116.3351328, 39.9887935], [116.3351343, 39.9887636], [116.3356059, 39.9887743], [116.3356034, 39.988805], [116.3351328, 39.9887935]]]]}}, {"type": "Feature", "properties": {"building": "school", "source": "osm"}, "geometry": {"type": "MultiPolygon", "coordinates": [[[[116.3375157, 39.9897804], [116.3375182, 39.9896903], [116.3381433, 39.9897081], [116.3381395, 39.9897904], [116.3375157, 39.9897804]]]]}}, {"type": "Feature", "properties": {"building": "yes", "source": "osm"}, "geometry": {"type": "MultiPolygon", "coordinates": [[[[116.332818, 39.9897278], [116.3328256, 39.9896083], [116.3328906, 39.9896107], [116.3328943, 39.9895516], [116.3333011, 39.9895668], [116.3332978, 39.9896191], [116.3333478, 39.9896209], [116.3333398, 39.9897472], [116.332818, 39.9897278]]]]}}, {"type": "Feature", "properties": {"building": "grandstand", "source": "osm"}, "geometry": {"type": "MultiPolygon", "coordinates": [[[[116.2958538, 39.9865881], [116.2958781, 39.9863756], [116.2959302, 39.9863791], [116.2959058, 39.9865916], [116.2958538, 39.9865881]]]]}}, {"type": "Feature", "properties": {"building": "school", "source": "osm"}, "geometry": {"type": "MultiPolygon", "coordinates": [[[[116.295049, 39.986575], [116.295117, 39.9860185], [116.2953098, 39.9860324], [116.2952415, 39.9865889], [116.295049, 39.986575]]]]}}, {"type": "Feature", "properties": {"building": "yes", "name": "双趣亭", "amenity": "shelter", "source": "osm"}, "geometry": {"type": "MultiPolygon", "coordinates": [[[[116.3048961, 39.9705248], [116.3048973, 39.9705084], [116.3049057, 39.9704933], [116.3049204, 39.9704813], [116.3049395, 39.9704739], [116.3049607, 39.970472], [116.3049816, 39.9704757], [116.3049979, 39.9704836], [116.3050103, 39.970495], [116.3050174, 39.9705087], [116.3050187, 39.9705234], [116.305014, 39.9705378], [116.3050037, 39.9705503], [116.3049889, 39.9705597], [116.304971, 39.9705652], [116.3049517, 39.9705662], [116.304933, 39.9705626], [116.3049151, 39.9705536], [116.3049023, 39.9705405], [116.3048961, 39.9705248]]]]}}, {"type": "Feature", "properties": {"building": "yes", "source": "osm"}, "geometry": {"type": "MultiPolygon", "coordinates": [[[[116.30229, 39.984588], [116.3022908, 39.9844993], [116.3024697, 39.9845002], [116.3024689, 39.984589], [116.30229, 39.984588]]]]}}, {"type": "Feature", "properties": {"building": "yes", "name": "火神庙", "source": "osm"}, "geometry": {"type": "MultiPolygon", "coordinates": [[[[116.2997087, 39.9853077], [116.2997157, 39.9852178], [116.3000361, 39.9852324], [116.3000291, 39.9853222], [116.2997087, 39.9853077]]]]}}, {"type": "Feature", "properties": {"building": "school", "source": "osm"}, "geometry": {"type": "MultiPolygon", "coordinates": [[[[116.3127647, 39.9770686], [116.3127672, 39.9769613], [116.313955, 39.9769829], [116.3139507, 39.9771751], [116.3131767, 39.9771648], [116.3131774, 39.9770752], [116.3127647, 39.9770686]]]]}}, {"type": "Feature", "properties": {"building": "school", "source": "osm"}, "geometry": {"type": "MultiPolygon", "coordinates": [[[[116.3127611, 39.9773515], [116.3127693, 39.9770752], [116.3130794, 39.9770817], [116.3130202, 39.9773581], [116.3127611, 39.9773515]]]]}}, {"type": "Feature", "properties": {"building": "school", "source": "osm"}, "geometry": {"type": "MultiPolygon", "coordinates": [[[[116.3127594, 39.9774509], [116.3127608, 39.9773581], [116.3134689, 39.9773709], [116.3134464, 39.9774701], [116.3127594, 39.9774509]]]]}}, {"type": "Feature", "properties": {"building": "school", "source": "osm"}, "geometry": {"type": "MultiPolygon", "coordinates": [[[[116.3140742, 39.9777088], [116.3140785, 39.9774595], [116.3141883, 39.9774628], [116.3141935, 39.9773454], [116.3140971, 39.9773426], [116.3141032, 39.9772456], [116.3142523, 39.9772494], [116.3142605, 39.9771141], [116.3140748, 39.9771084], [116.3140751, 39.9770105], [116.3142998, 39.9770171], [116.3142989, 39.9770058], [116.3147241, 39.9770144], [116.3147141, 39.9773485], [116.3143784, 39.9773413], [116.3143728, 39.9774638], [116.3143352, 39.9774624], [116.3143317, 39.9776323], [116.314702, 39.9776373], [116.3147003, 39.9777224], [116.3140742, 39.9777088]]]]}}, {"type": "Feature", "properties": {"building": "yes", "source": "osm"}, "geometry": {"type": "MultiPolygon", "coordinates": [[[[116.3006646, 39.9725547], [116.3007269, 39.9718952], [116.3007643, 39.9718972], [116.3007794, 39.9717365], [116.3008429, 39.97174], [116.3009302, 39.9716568], [116.3013944, 39.9716827], [116.3013672, 39.9719694], [116.3010706, 39.9719528], [116.3010556, 39.9721105], [116.300907, 39.9721022], [116.3008631, 39.9725657], [116.3006646, 39.9725547]]]]}}, {"type": "Feature", "properties": {"building": "yes", "name": "水房", "source": "osm"}, "geometry": {"type": "MultiPolygon", "coordinates": [[[[116.3110153, 39.9700666], [116.3110208, 39.9700056], [116.3118999, 39.9700525], [116.3118944, 39.9701133], [116.3110153, 39.9700666]]]]}}, {"type": "Feature", "properties": {"building": "school", "name": "艺术宫", "source": "osm"}, "geometry": {"type": "MultiPolygon", "coordinates": [[[[116.3078515, 39.9739991], [116.3078868, 39.973733], [116.3080831, 39.9737473], [116.3080919, 39.9737264], [116.3081092, 39.9737093], [116.308134, 39.973701], [116.3081684, 39.9736986], [116.3081979, 39.9737046], [116.3082204, 39.9737157], [116.3082314, 39.9737352], [116.3082323, 39.9737581], [116.3082707, 39.9737609], [116.3082481, 39.9739429], [116.3082629, 39.973944], [116.3082573, 39.9739886], [116.3082304, 39.9739866], [116.3082232, 39.9740262], [116.3078515, 39.9739991]]]]}}, {"type": "Feature", "properties": {"building": "residential", "source": "osm"}, "geometry": {"type": "MultiPolygon", "coordinates": [[[[116.3109013, 39.9991312], [116.3109087, 39.9990729], [116.3109471, 39.9990758], [116.3109525, 39.9990326], [116.3109151, 39.9990298], [116.3109221, 39.998974], [116.311062, 39.9989845], [116.3110552, 39.9990387], [116.3110109, 39.9990354], [116.3110046, 39.9990845], [116.3110451, 39.9990875], [116.3110383, 39.9991414], [116.3109013, 39.9991312]]]]}}, {"type": "Feature", "properties": {"building": "residential", "source": "osm"}, "geometry": {"type": "MultiPolygon", "coordinates": [[[[116.3111106, 39.9991446], [116.311118, 39.9990863], [116.3111563, 39.9990892], [116.3111618, 39.9990461], [116.3111243, 39.9990433], [116.3111314, 39.9989875], [116.3112713, 39.9989979], [116.3112644, 39.9990521], [116.3112202, 39.9990488], [116.3112139, 39.9990979], [116.3112544, 39.9991009], [116.3112475, 39.9991548], [116.3111106, 39.9991446]]]]}}, {"type": "Feature", "properties": {"building": "residential", "source": "osm"}, "geometry": {"type": "MultiPolygon", "coordinates": [[[[116.310477, 39.9990883], [116.3104844, 39.99903], [116.3105227, 39.9990328], [116.3105282, 39.9989897], [116.3104907, 39.9989869], [116.3104978, 39.9989311], [116.3106377, 39.9989415], [116.3106309, 39.9989957], [116.3105866, 39.9989924], [116.3105803, 39.9990415], [116.3106208, 39.9990446], [116.3106139, 39.9990985], [116.310477, 39.9990883]]]]}}, {"type": "Feature", "properties": {"building": "residential", "source": "osm"}, "geometry": {"type": "MultiPolygon", "coordinates": [[[[116.3102603, 39.9990757], [116.3102678, 39.9990174], [116.3103061, 39.9990203], [116.3103116, 39.9989772], [116.3102741, 39.9989744], [116.3102812, 39.9989186], [116.3104211, 39.998929], [116.3104142, 39.9989832], [116.3103699, 39.9989799], [116.3103637, 39.999029], [116.3104042, 39.999032], [116.3103973, 39.999086], [116.3102603, 39.9990757]]]]}}, {"type": "Feature", "properties": {"building": "residential", "source": "osm"}, "geometry": {"type": "MultiPolygon", "coordinates": [[[[116.3102328, 39.9993215], [116.3102402, 39.9992633], [116.3102785, 39.9992661], [116.310284, 39.999223], [116.3102465, 39.9992202], [116.3102536, 39.9991644], [116.3103935, 39.9991748], [116.3103866, 39.999229], [116.3103423, 39.9992257], [116.3103361, 39.9992748], [116.3103766, 39.9992778], [116.3103697, 39.9993318], [116.3102328, 39.9993215]]]]}}, {"type": "Feature", "properties": {"building": "residential", "source": "osm"}, "geometry": {"type": "MultiPolygon", "coordinates": [[[[116.3104341, 39.9993395], [116.3104415, 39.9992813], [116.3104798, 39.9992841], [116.3104853, 39.999241], [116.3104478, 39.9992382], [116.3104549, 39.9991824], [116.3105948, 39.9991928], [116.3105879, 39.999247], [116.3105437, 39.9992437], [116.3105374, 39.9992928], [116.3105779, 39.9992958], [116.310571, 39.9993498], [116.3104341, 39.9993395]]]]}}, {"type": "Feature", "properties": {"building": "residential", "source": "osm"}, "geometry": {"type": "MultiPolygon", "coordinates": [[[[116.3108761, 39.9993745], [116.3108835, 39.9993162], [116.3109219, 39.999319], [116.3109274, 39.9992759], [116.3108899, 39.9992731], [116.310897, 39.9992173], [116.3110369, 39.9992277], [116.31103, 39.9992819], [116.3109857, 39.9992786], [116.3109795, 39.9993278], [116.3110199, 39.9993308], [116.3110131, 39.9993847], [116.3108761, 39.9993745]]]]}}, {"type": "Feature", "properties": {"building": "residential", "source": "osm"}, "geometry": {"type": "MultiPolygon", "coordinates": [[[[116.3110794, 39.9993906], [116.3110868, 39.9993323], [116.3111251, 39.9993351], [116.3111306, 39.999292], [116.3110931, 39.9992892], [116.3111002, 39.9992334], [116.3112401, 39.9992438], [116.3112332, 39.9992981], [116.311189, 39.9992948], [116.3111827, 39.9993439], [116.3112232, 39.9993469], [116.3112163, 39.9994008], [116.3110794, 39.9993906]]]]}}, {"type": "Feature", "properties": {"building": "residential", "source": "osm"}, "geometry": {"type": "MultiPolygon", "coordinates": [[[[116.3103899, 39.9995088], [116.3104016, 39.9994212], [116.3104644, 39.9994262], [116.3104527, 39.9995137], [116.3103899, 39.9995088]]]]}}, {"type": "Feature", "properties": {"building": "residential", "source": "osm"}, "geometry": {"type": "MultiPolygon", "coordinates": [[[[116.3104083, 39.9996064], [116.3104163, 39.9995432], [116.3105737, 39.9995549], [116.3105853, 39.9994629], [116.3106423, 39.9994671], [116.3106227, 39.9996223], [116.3104083, 39.9996064]]]]}}, {"type": "Feature", "properties": {"building": "yes", "amenity": "shelter", "source": "osm"}, "geometry": {"type": "MultiPolygon", "coordinates": [[[[116.3148351, 39.9989463], [116.3148407, 39.9988819], [116.3149742, 39.9988887], [116.3149686, 39.9989531], [116.3148351, 39.9989463]]]]}}, {"type": "Feature", "properties": {"building": "service", "source": "osm"}, "geometry": {"type": "MultiPolygon", "coordinates": [[[[116.3160104, 39.9922601], [116.3160163, 39.9921787], [116.3166861, 39.9922074], [116.3166801, 39.9922889], [116.3160104, 39.9922601]]]]}}, {"type": "Feature", "properties": {"building": "residential", "source": "osm"}, "geometry": {"type": "MultiPolygon", "coordinates": [[[[116.3145585, 39.99411], [116.3145778, 39.9939769], [116.3149307, 39.9940069], [116.3149133, 39.9941272], [116.3147341, 39.9941119], [116.3147399, 39.9940718], [116.3146259, 39.9940621], [116.3146183, 39.9941151], [116.3145585, 39.99411]]]]}}, {"type": "Feature", "properties": {"building": "residential", "source": "osm"}, "geometry": {"type": "MultiPolygon", "coordinates": [[[[116.3147551, 39.994312], [116.3147614, 39.9942512], [116.3149081, 39.9942602], [116.3148972, 39.9943654], [116.3148338, 39.9943615], [116.3148384, 39.994317], [116.3147551, 39.994312]]]]}}, {"type": "Feature", "properties": {"building": "residential", "source": "osm"}, "geometry": {"type": "MultiPolygon", "coordinates": [[[[116.3144703, 39.9945722], [116.3144729, 39.994537], [116.3145121, 39.9944858], [116.3145476, 39.9944873], [116.3145486, 39.9944739], [116.3148441, 39.9944865], [116.3148424, 39.9945087], [116.3148832, 39.9945105], [116.3148764, 39.9946044], [116.3147907, 39.9946007], [116.3147946, 39.9945481], [116.3145636, 39.9945382], [116.3145609, 39.9945761], [116.3144703, 39.9945722]]]]}}, {"type": "Feature", "properties": {"building": "residential", "source": "osm"}, "geometry": {"type": "MultiPolygon", "coordinates": [[[[116.314533, 39.9943297], [116.314537, 39.9942241], [116.3145848, 39.9942251], [116.3145828, 39.9942781], [116.3147271, 39.9942814], [116.3147251, 39.994334], [116.314533, 39.9943297]]]]}}, {"type": "Feature", "properties": {"building": "service", "source": "osm"}, "geometry": {"type": "MultiPolygon", "coordinates": [[[[116.3198802, 39.9974331], [116.320008, 39.9974284], [116.3200154, 39.9975449], [116.3199761, 39.9975463], [116.3199809, 39.9976228], [116.3198924, 39.9976261], [116.3198802, 39.9974331]]]]}}, {"type": "Feature", "properties": {"building": "yes", "amenity": "bicycle_parking", "source": "osm"}, "geometry": {"type": "MultiPolygon", "coordinates": [[[[116.3152485, 39.9958948], [116.3152518, 39.9958492], [116.3157411, 39.9958703], [116.3157378, 39.995916], [116.3152485, 39.9958948]]]]}}, {"type": "Feature", "properties": {"building": "yes", "amenity": "bicycle_parking", "source": "osm"}, "geometry": {"type": "MultiPolygon", "coordinates": [[[[116.3152051, 39.9955726], [116.3152105, 39.995509], [116.3156818, 39.9955324], [116.3156764, 39.9955961], [116.3152051, 39.9955726]]]]}}, {"type": "Feature", "properties": {"building": "yes", "amenity": "bicycle_parking", "source": "osm"}, "geometry": {"type": "MultiPolygon", "coordinates": [[[[116.3152603, 39.9952528], [116.3152663, 39.9951923], [116.3156778, 39.9952162], [116.3156718, 39.9952767], [116.3152603, 39.9952528]]]]}}, {"type": "Feature", "properties": {"building": "yes", "amenity": "bicycle_parking", "source": "osm"}, "geometry": {"type": "MultiPolygon", "coordinates": [[[[116.3152737, 39.9949235], [116.3152798, 39.9948561], [116.3157028, 39.9948786], [116.3156967, 39.994946], [116.3152737, 39.9949235]]]]}}, {"type": "Feature", "properties": {"building": "yes", "amenity": "bicycle_parking", "source": "osm"}, "geometry": {"type": "MultiPolygon", "coordinates": [[[[116.3152678, 39.9945972], [116.315272, 39.9945335], [116.3156433, 39.9945481], [116.3156391, 39.9946118], [116.3152678, 39.9945972]]]]}}, {"type": "Feature", "properties": {"building": "yes", "amenity": "bicycle_parking", "source": "osm"}, "geometry": {"type": "MultiPolygon", "coordinates": [[[[116.3152888, 39.9942711], [116.3152931, 39.9942172], [116.3155892, 39.994231], [116.3155849, 39.9942849], [116.3152888, 39.9942711]]]]}}, {"type": "Feature", "properties": {"building": "yes", "amenity": "bicycle_parking", "source": "osm"}, "geometry": {"type": "MultiPolygon", "coordinates": [[[[116.3153163, 39.9939324], [116.3153203, 39.9938789], [116.3155909, 39.9938907], [116.3155869, 39.9939443], [116.3153163, 39.9939324]]]]}}, {"type": "Feature", "properties": {"building": "yes", "amenity": "bicycle_parking", "source": "osm"}, "geometry": {"type": "MultiPolygon", "coordinates": [[[[116.3153506, 39.9935766], [116.3153536, 39.9935137], [116.3155989, 39.9935205], [116.3155959, 39.9935834], [116.3153506, 39.9935766]]]]}}, {"type": "Feature", "properties": {"building": "yes", "amenity": "bicycle_parking", "source": "osm"}, "geometry": {"type": "MultiPolygon", "coordinates": [[[[116.3153004, 39.9932582], [116.3153054, 39.993206], [116.3157148, 39.9932289], [116.3157098, 39.9932811], [116.3153004, 39.9932582]]]]}}, {"type": "Feature", "properties": {"building": "yes", "amenity": "bicycle_parking", "source": "osm"}, "geometry": {"type": "MultiPolygon", "coordinates": [[[[116.3165216, 39.992977], [116.3165246, 39.9929292], [116.3169513, 39.9929449], [116.3169483, 39.9929928], [116.3165216, 39.992977]]]]}}, {"type": "Feature", "properties": {"building": "yes", "amenity": "bicycle_parking", "source": "osm"}, "geometry": {"type": "MultiPolygon", "coordinates": [[[[116.315682, 39.9929369], [116.3156875, 39.9928695], [116.3161232, 39.9928903], [116.3161178, 39.9929577], [116.315682, 39.9929369]]]]}}, {"type": "Feature", "properties": {"building": "yes", "amenity": "bicycle_parking", "source": "osm"}, "geometry": {"type": "MultiPolygon", "coordinates": [[[[116.3153974, 39.9925964], [116.3154021, 39.9925511], [116.3159126, 39.9925822], [116.3159079, 39.9926276], [116.3153974, 39.9925964]]]]}}, {"type": "Feature", "properties": {"building": "yes", "name": "中国科学院文献情报中心", "office": "research", "source": "osm"}, "geometry": {"type": "MultiPolygon", "coordinates": [[[[116.3163195, 39.9862427], [116.3163984, 39.9855375], [116.317407, 39.9856038], [116.3173363, 39.9862342], [116.3172449, 39.9863034], [116.3163195, 39.9862427]], [[116.31665, 39.9860572], [116.317138, 39.986082], [116.3171526, 39.9859126], [116.3170082, 39.9859052], [116.3170217, 39.9857488], [116.3166782, 39.9857314], [116.31665, 39.9860572]]]]}}, {"type": "Feature", "properties": {"building": "yes", "source": "osm"}, "geometry": {"type": "MultiPolygon", "coordinates": [[[[116.2962686, 39.9767493], [116.2962833, 39.9766299], [116.2965609, 39.97665], [116.2965462, 39.9767695], [116.2962686, 39.9767493]]]]}}, {"type": "Feature", "properties": {"building": "yes", "source": "osm"}, "geometry": {"type": "MultiPolygon", "coordinates": [[[[116.2961715, 39.9767461], [116.296178, 39.9766938], [116.2962711, 39.9767006], [116.2962645, 39.9767529], [116.2961715, 39.9767461]]]]}}, {"type": "Feature", "properties": {"building": "yes", "source": "osm"}, "geometry": {"type": "MultiPolygon", "coordinates": [[[[116.2961884, 39.9756996], [116.2962011, 39.9755479], [116.2965318, 39.975564], [116.2965191, 39.9757158], [116.2961884, 39.9756996]]]]}}, {"type": "Feature", "properties": {"building": "yes", "source": "osm"}, "geometry": {"type": "MultiPolygon", "coordinates": [[[[116.2963406, 39.9748957], [116.2963533, 39.9747387], [116.2972383, 39.9747805], [116.2972135, 39.9750882], [116.2970583, 39.9750809], [116.2970704, 39.9749303], [116.2963406, 39.9748957]]]]}}, {"type": "Feature", "properties": {"building": "yes", "source": "osm"}, "geometry": {"type": "MultiPolygon", "coordinates": [[[[116.2967747, 39.9756926], [116.2967841, 39.9756196], [116.2970413, 39.9756392], [116.2970318, 39.9757122], [116.2967747, 39.9756926]]]]}}, {"type": "Feature", "properties": {"building": "yes", "source": "osm"}, "geometry": {"type": "MultiPolygon", "coordinates": [[[[116.2966168, 39.9755668], [116.2966285, 39.9754635], [116.2971109, 39.9754955], [116.2970992, 39.9755989], [116.2966168, 39.9755668]]]]}}, {"type": "Feature", "properties": {"building": "yes", "source": "osm"}, "geometry": {"type": "MultiPolygon", "coordinates": [[[[116.2966524, 39.975384], [116.2966659, 39.9752637], [116.2971428, 39.9752953], [116.2971292, 39.9754157], [116.2966524, 39.975384]]]]}}, {"type": "Feature", "properties": {"building": "yes", "name": "1号楼", "source": "osm"}, "geometry": {"type": "MultiPolygon", "coordinates": [[[[116.2974116, 39.9748255], [116.297421, 39.9746999], [116.2982466, 39.9747364], [116.2982372, 39.9748618], [116.2974116, 39.9748255]]]]}}, {"type": "Feature", "properties": {"building": "apartments", "name": "17号楼", "source": "osm"}, "geometry": {"type": "MultiPolygon", "coordinates": [[[[116.2968255, 39.9744102], [116.2968274, 39.9742903], [116.2970538, 39.9742923], [116.2970528, 39.9743582], [116.2972017, 39.9743596], [116.2971999, 39.974476], [116.2970328, 39.9744745], [116.2970337, 39.9744121], [116.2968255, 39.9744102]]]]}}, {"type": "Feature", "properties": {"building": "yes", "name": "海淀南路15号楼", "source": "osm"}, "geometry": {"type": "MultiPolygon", "coordinates": [[[[116.2983986, 39.9748658], [116.2984033, 39.9747574], [116.2987828, 39.974767], [116.2987833, 39.9747545], [116.2994572, 39.9747706], [116.2994566, 39.9747862], [116.2998357, 39.974795], [116.2998285, 39.9749785], [116.299742, 39.9749765], [116.2997451, 39.9748988], [116.2994459, 39.9748919], [116.2994465, 39.9748785], [116.2987893, 39.9748622], [116.2987887, 39.9748758], [116.2983986, 39.9748658]]]]}}, {"type": "Feature", "properties": {"building": "apartments", "name": "20号楼", "source": "osm"}, "geometry": {"type": "MultiPolygon", "coordinates": [[[[116.2954381, 39.9776672], [116.2955213, 39.9769332], [116.2956495, 39.9769417], [116.2955854, 39.9775071], [116.2957424, 39.9775175], [116.2957487, 39.977462], [116.295928, 39.9774739], [116.2959026, 39.9776981], [116.2954381, 39.9776672]]]]}}, {"type": "Feature", "properties": {"building": "commercial", "source": "osm"}, "geometry": {"type": "MultiPolygon", "coordinates": [[[[116.2955769, 39.9769318], [116.2956112, 39.9764844], [116.2958459, 39.976495], [116.2958393, 39.9765818], [116.2958655, 39.976583], [116.2958688, 39.9765412], [116.2959237, 39.9765436], [116.2959062, 39.9767703], [116.2958469, 39.9767676], [116.2958405, 39.9768508], [116.2957005, 39.9768444], [116.2956934, 39.976937], [116.2955769, 39.9769318]]]]}}, {"type": "Feature", "properties": {"building": "yes", "source": "osm"}, "geometry": {"type": "MultiPolygon", "coordinates": [[[[116.2962125, 39.9764297], [116.2962298, 39.9762674], [116.2964454, 39.976281], [116.2964415, 39.9763172], [116.2965031, 39.976321], [116.2965103, 39.9762541], [116.2966076, 39.9762603], [116.296587, 39.9764532], [116.2962125, 39.9764297]]]]}}, {"type": "Feature", "properties": {"building": "yes", "source": "osm"}, "geometry": {"type": "MultiPolygon", "coordinates": [[[[116.2961966, 39.9765081], [116.2962026, 39.9764484], [116.2965438, 39.9764686], [116.2965378, 39.9765283], [116.2961966, 39.9765081]]]]}}, {"type": "Feature", "properties": {"building": "yes", "source": "osm"}, "geometry": {"type": "MultiPolygon", "coordinates": [[[[116.2964716, 39.976623], [116.2964769, 39.9765403], [116.2965653, 39.9765437], [116.2965599, 39.9766264], [116.2964716, 39.976623]]]]}}, {"type": "Feature", "properties": {"building": "yes", "source": "osm"}, "geometry": {"type": "MultiPolygon", "coordinates": [[[[116.2965994, 39.9766688], [116.2966092, 39.976541], [116.2968809, 39.9765533], [116.2968791, 39.9765774], [116.2969602, 39.976581], [116.2969522, 39.9766847], [116.2965994, 39.9766688]]]]}}, {"type": "Feature", "properties": {"building": "yes", "source": "osm"}, "geometry": {"type": "MultiPolygon", "coordinates": [[[[116.2969029, 39.9765144], [116.296954, 39.9761777], [116.297024, 39.9761839], [116.296973, 39.9765206], [116.2969029, 39.9765144]]]]}}, {"type": "Feature", "properties": {"building": "yes", "source": "osm"}, "geometry": {"type": "MultiPolygon", "coordinates": [[[[116.2965907, 39.9764754], [116.2966176, 39.9762198], [116.2967224, 39.9762263], [116.2966954, 39.9764819], [116.2965907, 39.9764754]]]]}}, {"type": "Feature", "properties": {"building": "hospital", "name": "院前急救工作站", "source": "osm"}, "geometry": {"type": "MultiPolygon", "coordinates": [[[[116.3146051, 39.993887], [116.3146347, 39.9937095], [116.3149295, 39.9937384], [116.3148998, 39.9939159], [116.3146051, 39.993887]]]]}}]}