{"type": "FeatureCollection", "features": [{"type": "Feature", "properties": {"highway": "primary", "name": "", "bridge": "", "tunnel": "", "layer": "", "source": "osm"}, "geometry": {"type": "LineString", "coordinates": [[116.3115702, 39.9746749], [116.3117227, 39.9746803]]}}, {"type": "Feature", "properties": {"highway": "tertiary", "name": "颐和园路", "bridge": "", "tunnel": "", "layer": "", "source": "osm"}, "geometry": {"type": "LineString", "coordinates": [[116.2983116, 39.9961848], [116.2983145, 39.9960881], [116.2983165, 39.996022]]}}, {"type": "Feature", "properties": {"highway": "service", "name": "", "bridge": "", "tunnel": "", "layer": "", "source": "osm"}, "geometry": {"type": "LineString", "coordinates": [[116.33463, 39.981629], [116.3345744, 39.9816279], [116.3342855, 39.9816156], [116.3339919, 39.9816071], [116.3336822, 39.9815981], [116.3337002, 39.9814177], [116.3337082, 39.9813693], [116.3336334, 39.9813626], [116.3333047, 39.9813342], [116.3332647, 39.9813299]]}}, {"type": "Feature", "properties": {"highway": "tertiary_link", "name": "", "bridge": "", "tunnel": "", "layer": "", "source": "osm"}, "geometry": {"type": "LineString", "coordinates": [[116.3264979, 39.9937911], [116.3266948, 39.9939492]]}}, {"type": "Feature", "properties": {"highway": "tertiary", "name": "中关村北二街", "bridge": "", "tunnel": "", "layer": "", "source": "osm"}, "geometry": {"type": "LineString", "coordinates": [[116.3211102, 39.9912004], [116.3211102, 39.9911209], [116.3211146, 39.9910566], [116.3211499, 39.9901866], [116.3211408, 39.9900271], [116.3211146, 39.9898939], [116.3210837, 39.9896935], [116.3209218, 39.9891446], [116.320891, 39.9890052], [116.3208763, 39.9888642], [116.3208702, 39.9887068], [116.3208763, 39.9885494], [116.3208806, 39.9881571], [116.320977, 39.9866182], [116.3211064, 39.9848536], [116.321115, 39.9847369]]}}, {"type": "Feature", "properties": {"highway": "residential", "name": "清华路", "bridge": "", "tunnel": "", "layer": "1", "source": "osm"}, "geometry": {"type": "LineString", "coordinates": [[116.3199258, 39.999711], [116.3198558, 39.9997125], [116.3183699, 39.9996258], [116.3182788, 39.9996222], [116.3181807, 39.9996178], [116.3179372, 39.9995585], [116.3177242, 39.9994668], [116.3167484, 39.9989623], [116.3166265, 39.998901], [116.3164578, 39.9988433], [116.316256, 39.9987883], [116.3159846, 39.9987486], [116.3157305, 39.9987335], [116.3127872, 39.9986084], [116.3116547, 39.9985484], [116.311599, 39.9985523], [116.3115925, 39.998552]]}}, {"type": "Feature", "properties": {"highway": "secondary", "name": "王庄路", "bridge": "", "tunnel": "", "layer": "", "source": "osm"}, "geometry": {"type": "LineString", "coordinates": [[116.3341056, 39.9920146], [116.3341172, 39.9918232], [116.3341249, 39.9917713], [116.3341298, 39.9917379], [116.3341584, 39.9916531]]}}, {"type": "Feature", "properties": {"highway": "secondary", "name": "清华西路", "bridge": "", "tunnel": "", "layer": "", "source": "osm"}, "geometry": {"type": "LineString", "coordinates": [[116.2983116, 39.9961848], [116.2983984, 39.9961924], [116.2984713, 39.9961988], [116.3005863, 39.9963839], [116.3008271, 39.996426], [116.3009964, 39.996476], [116.3012141, 39.9966022], [116.3013297, 39.9967128], [116.3015185, 39.9968964], [116.3020741, 39.9974562], [116.3023792, 39.9977205], [116.3028742, 39.9980034], [116.3029611, 39.9980305], [116.3034024, 39.9981681], [116.3039338, 39.9983038], [116.3045709, 39.9983993], [116.3052651, 39.9984819], [116.3057643, 39.9985174], [116.3059087, 39.9985211], [116.3060491, 39.9985305], [116.3061767, 39.9985377], [116.3062961, 39.9985416], [116.3063912, 39.9985448], [116.30687, 39.9985605], [116.3073919, 39.9985752], [116.3087274, 39.9985949], [116.3088778, 39.9985968]]}}, {"type": "Feature", "properties": {"highway": "tertiary", "name": "东升南路", "bridge": "", "tunnel": "", "layer": "", "source": "osm"}, "geometry": {"type": "LineString", "coordinates": [[116.3271004, 39.9861157], [116.3272093, 39.9861216], [116.3272949, 39.9861254], [116.3279725, 39.9861554], [116.3284312, 39.9861757], [116.3288607, 39.9861947], [116.329574, 39.9862895], [116.3302963, 39.986385], [116.3304003, 39.9863988], [116.3304788, 39.9864089], [116.3307161, 39.9864395], [116.3312199, 39.9865185], [116.3314418, 39.9866504]]}}, {"type": "Feature", "properties": {"highway": "primary", "name": "", "bridge": "", "tunnel": "", "layer": "", "source": "osm"}, "geometry": {"type": "LineString", "coordinates": [[116.3113773, 39.9746788], [116.3115702, 39.9746749]]}}, {"type": "Feature", "properties": {"highway": "secondary", "name": "颐和园路", "bridge": "", "tunnel": "", "layer": "", "source": "osm"}, "geometry": {"type": "LineString", "coordinates": [[116.2896528, 39.9956574], [116.2906712, 39.9957437], [116.2925641, 39.9959189], [116.2926404, 39.9959234], [116.294103, 39.9960077], [116.2943123, 39.9960098], [116.2947088, 39.9960146], [116.2948081, 39.9960146], [116.2951226, 39.9960164], [116.2953955, 39.9960188], [116.2957588, 39.9960305], [116.298147, 39.9961748], [116.2983116, 39.9961848]]}}, {"type": "Feature", "properties": {"highway": "primary", "name": "中关村大街", "bridge": "yes", "tunnel": "", "layer": "1", "source": "osm"}, "geometry": {"type": "LineString", "coordinates": [[116.3102917, 39.9840462], [116.3102677, 39.9843816]]}}, {"type": "Feature", "properties": {"highway": "tertiary_link", "name": "", "bridge": "", "tunnel": "", "layer": "", "source": "osm"}, "geometry": {"type": "LineString", "coordinates": [[116.3373076, 39.9751443], [116.3373049, 39.9752203]]}}, {"type": "Feature", "properties": {"highway": "footway", "name": "", "bridge": "", "tunnel": "", "layer": "", "source": "osm"}, "geometry": {"type": "LineString", "coordinates": [[116.3057643, 39.9985174], [116.3057336, 39.9986313], [116.3057151, 39.9987003], [116.3056929, 39.9987826], [116.3057219, 39.9988566], [116.3056035, 39.9993167], [116.3055256, 39.9996131], [116.305442, 40.0000611], [116.3053651, 40.0001578], [116.3053044, 40.000215], [116.3051067, 40.0004775], [116.3049322, 40.000746], [116.3048207, 40.0009276], [116.3046782, 40.001301], [116.3046661, 40.0013501], [116.3045898, 40.0015574]]}}, {"type": "Feature", "properties": {"highway": "primary", "name": "中关村大街", "bridge": "yes", "tunnel": "", "layer": "1", "source": "osm"}, "geometry": {"type": "LineString", "coordinates": [[116.3100265, 39.9843724], [116.3100563, 39.9840355]]}}, {"type": "Feature", "properties": {"highway": "service", "name": "", "bridge": "", "tunnel": "", "layer": "", "source": "osm"}, "geometry": {"type": "LineString", "coordinates": [[116.3265091, 39.9962799], [116.3265678, 39.9952032], [116.3264278, 39.9950703], [116.326437, 39.9948619], [116.3264465, 39.9946464], [116.3264573, 39.9944686]]}}, {"type": "Feature", "properties": {"highway": "tertiary", "name": "", "bridge": "", "tunnel": "", "layer": "", "source": "osm"}, "geometry": {"type": "LineString", "coordinates": [[116.3284085, 39.9915946], [116.3284133, 39.9915117]]}}, {"type": "Feature", "properties": {"highway": "trunk_link", "name": "", "bridge": "", "tunnel": "", "layer": "", "source": "osm"}, "geometry": {"type": "LineString", "coordinates": [[116.3377852, 39.9849792], [116.3386877, 39.9851479]]}}, {"type": "Feature", "properties": {"highway": "service", "name": "", "bridge": "", "tunnel": "", "layer": "", "source": "osm"}, "geometry": {"type": "LineString", "coordinates": [[116.3266948, 39.9939492], [116.3268068, 39.9941978], [116.3268303, 39.994267], [116.3268141, 39.9944598], [116.3268111, 39.9944958], [116.3267926, 39.9948729], [116.3267857, 39.9950175], [116.3267779, 39.9950829], [116.3266587, 39.9952103], [116.3266074, 39.9962856]]}}, {"type": "Feature", "properties": {"highway": "trunk_link", "name": "", "bridge": "", "tunnel": "", "layer": "", "source": "osm"}, "geometry": {"type": "LineString", "coordinates": [[116.3037456, 39.9840598], [116.3030418, 39.9841456], [116.3022866, 39.9842651]]}}, {"type": "Feature", "properties": {"highway": "trunk_link", "name": "", "bridge": "yes", "tunnel": "", "layer": "1", "source": "osm"}, "geometry": {"type": "LineString", "coordinates": [[116.3012722, 39.9841254], [116.3006655, 39.9841259], [116.3005954, 39.9841339], [116.3005336, 39.9841491], [116.300455, 39.9841788], [116.3003859, 39.9842138], [116.3003198, 39.9842554], [116.3002784, 39.984309], [116.3002558, 39.9843802], [116.3002544, 39.9844514], [116.3002732, 39.9845311], [116.3003132, 39.9846039], [116.3003756, 39.9846472], [116.3004554, 39.9846892], [116.3005528, 39.9847152], [116.3006465, 39.9847316], [116.3007301, 39.9847408], [116.3008259, 39.9847431], [116.3017861, 39.9847709], [116.3019589, 39.9847396], [116.3020805, 39.9846675], [116.3021492, 39.9845716], [116.302164, 39.9844806], [116.3021542, 39.9841369], [116.3021107, 39.9826122]]}}, {"type": "Feature", "properties": {"highway": "trunk_link", "name": "", "bridge": "", "tunnel": "", "layer": "", "source": "osm"}, "geometry": {"type": "LineString", "coordinates": [[116.3030418, 39.9841456], [116.3012722, 39.9841254]]}}, {"type": "Feature", "properties": {"highway": "tertiary", "name": "彩和坊路", "bridge": "", "tunnel": "", "layer": "", "source": "osm"}, "geometry": {"type": "LineString", "coordinates": [[116.3020377, 39.9837065], [116.3020366, 39.9836387], [116.3020334, 39.9834434], [116.3020332, 39.9833221], [116.3020329, 39.9830503], [116.3020319, 39.9823319], [116.3020306, 39.9813117], [116.3020304, 39.9811674], [116.3020657, 39.9810877], [116.3021317, 39.9799731], [116.302134, 39.9798512], [116.3021775, 39.9790133], [116.3021832, 39.9789037], [116.3021877, 39.9788168], [116.302232, 39.9780017], [116.3022395, 39.9778638], [116.3022519, 39.9777743], [116.3026811, 39.9768566], [116.3027447, 39.9767175], [116.302795, 39.9765855], [116.302813, 39.9764236], [116.3028154, 39.976358], [116.302832, 39.9759735], [116.3028396, 39.975798], [116.3028483, 39.9755959], [116.3028901, 39.9746287], [116.3028913, 39.9746006], [116.3028943, 39.9745711], [116.302899, 39.9745015], [116.3029009, 39.9744328]]}}, {"type": "Feature", "properties": {"highway": "service", "name": "", "bridge": "", "tunnel": "", "layer": "", "source": "osm"}, "geometry": {"type": "LineString", "coordinates": [[116.3345611, 39.9895943], [116.3344534, 39.989592], [116.3344297, 39.9895918], [116.3343668, 39.9895932], [116.3342717, 39.9895911]]}}, {"type": "Feature", "properties": {"highway": "unclassified", "name": "", "bridge": "", "tunnel": "", "layer": "", "source": "osm"}, "geometry": {"type": "LineString", "coordinates": [[116.3373197, 39.9896367], [116.3372818, 39.9902461], [116.3372649, 39.9905185], [116.3372511, 39.9907411], [116.3372363, 39.9909801], [116.3372161, 39.9913044], [116.3371997, 39.9915036], [116.3371988, 39.9915567], [116.3371981, 39.9915939], [116.3371935, 39.9916566], [116.3371872, 39.9917446], [116.3371813, 39.9918292], [116.3371792, 39.9918599], [116.3371392, 39.9922855], [116.3371099, 39.9926032], [116.3370978, 39.9927343]]}}, {"type": "Feature", "properties": {"highway": "residential", "name": "", "bridge": "", "tunnel": "", "layer": "", "source": "osm"}, "geometry": {"type": "LineString", "coordinates": [[116.3225155, 39.9948975], [116.3224649, 39.9948941], [116.3212984, 39.9948509], [116.3202058, 39.99469], [116.3191606, 39.9945497], [116.3181961, 39.994425]]}}, {"type": "Feature", "properties": {"highway": "residential", "name": "", "bridge": "", "tunnel": "", "layer": "", "source": "osm"}, "geometry": {"type": "LineString", "coordinates": [[116.315926, 39.996173], [116.3177845, 39.9963161], [116.3187478, 39.9964574], [116.3194247, 39.9965673], [116.3200248, 39.9966581], [116.3208322, 39.9967545], [116.3209878, 39.9967692], [116.3212491, 39.9967862], [116.3221316, 39.9967954], [116.3221798, 39.9967959]]}}, {"type": "Feature", "properties": {"highway": "service", "name": "", "bridge": "", "tunnel": "", "layer": "", "source": "osm"}, "geometry": {"type": "LineString", "coordinates": [[116.321508, 39.9933529], [116.3214935, 39.9935527], [116.3214798, 39.9936594], [116.3214585, 39.9938259], [116.3214395, 39.9939739], [116.3214143, 39.9941705], [116.3213937, 39.9943319], [116.3213549, 39.9944939], [116.3213162, 39.9947707], [116.3212984, 39.9948509], [116.3212095, 39.9953929], [116.3211647, 39.9956487], [116.3211585, 39.9956842], [116.3211528, 39.9957129], [116.3210834, 39.9960607], [116.3210514, 39.9962212], [116.3210222, 39.9964203], [116.3210147, 39.9964718], [116.3209878, 39.9967692]]}}, {"type": "Feature", "properties": {"highway": "footway", "name": "", "bridge": "yes", "tunnel": "", "layer": "1", "source": "osm"}, "geometry": {"type": "LineString", "coordinates": [[116.3191589, 39.9910148], [116.3185543, 39.9909953], [116.3185313, 39.9913248], [116.3191437, 39.9913436]]}}, {"type": "Feature", "properties": {"highway": "footway", "name": "", "bridge": "yes", "tunnel": "", "layer": "1", "source": "osm"}, "geometry": {"type": "LineString", "coordinates": [[116.3225972, 39.991128], [116.3225851, 39.9914588]]}}, {"type": "Feature", "properties": {"highway": "footway", "name": "", "bridge": "yes", "tunnel": "", "layer": "1", "source": "osm"}, "geometry": {"type": "LineString", "coordinates": [[116.3148445, 39.9908405], [116.3148269, 39.9912058]]}}, {"type": "Feature", "properties": {"highway": "footway", "name": "", "bridge": "yes", "tunnel": "", "layer": "1", "source": "osm"}, "geometry": {"type": "LineString", "coordinates": [[116.3091136, 39.9944244], [116.309611, 39.9944551]]}}, {"type": "Feature", "properties": {"highway": "service", "name": "成府园西路", "bridge": "", "tunnel": "", "layer": "", "source": "osm"}, "geometry": {"type": "LineString", "coordinates": [[116.3071531, 39.9916729], [116.3071094, 39.9927443], [116.3071058, 39.9928331], [116.3070893, 39.9932385], [116.3070746, 39.993371], [116.3070495, 39.9935443], [116.3066043, 39.9949843]]}}, {"type": "Feature", "properties": {"highway": "service", "name": "镜春园南路", "bridge": "", "tunnel": "", "layer": "", "source": "osm"}, "geometry": {"type": "LineString", "coordinates": [[116.3047211, 39.9947539], [116.3030869, 39.9945907], [116.3019462, 39.9945728], [116.3012961, 39.9946135], [116.3011639, 39.9946141], [116.3005549, 39.9946264]]}}, {"type": "Feature", "properties": {"highway": "footway", "name": "", "bridge": "", "tunnel": "", "layer": "", "source": "osm"}, "geometry": {"type": "LineString", "coordinates": [[116.3005837, 39.9936661], [116.3003518, 39.9936661], [116.3002312, 39.9936324], [116.3001288, 39.993623], [116.2993248, 39.9935979], [116.2992646, 39.9935631], [116.2992284, 39.9934871], [116.2991786, 39.9933027], [116.2992283, 39.9931849], [116.2993025, 39.9930739], [116.2993652, 39.9930361], [116.2994101, 39.9929968], [116.2994191, 39.9927301], [116.2994166, 39.9926118], [116.2994217, 39.9925153], [116.2994246, 39.9924591], [116.2994347, 39.9922036], [116.299766, 39.9919259], [116.2999595, 39.9917654]]}}, {"type": "Feature", "properties": {"highway": "service", "name": "百讲南路", "bridge": "", "tunnel": "", "layer": "", "source": "osm"}, "geometry": {"type": "LineString", "coordinates": [[116.3045067, 39.9880767], [116.3051395, 39.9880888], [116.3052809, 39.9880915]]}}, {"type": "Feature", "properties": {"highway": "cycleway", "name": "", "bridge": "", "tunnel": "", "layer": "", "source": "osm"}, "geometry": {"type": "LineString", "coordinates": [[116.3112505, 39.9985445], [116.3113146, 39.9985971], [116.311355, 39.9986303], [116.3113997, 39.998727], [116.3113993, 39.9989283], [116.3113991, 39.9990474], [116.3113472, 39.9994262], [116.3112589, 39.9999873], [116.3111785, 40.0004019]]}}, {"type": "Feature", "properties": {"highway": "residential", "name": "熙春路", "bridge": "", "tunnel": "", "layer": "1", "source": "osm"}, "geometry": {"type": "LineString", "coordinates": [[116.315732, 39.9986653], [116.3157318, 39.9986744], [116.3157316, 39.9986826], [116.3157305, 39.9987335], [116.3157286, 39.9987798], [116.315724, 39.9988946], [116.3157211, 39.9989681], [116.3156658, 39.9998485], [116.315475, 40.0009286], [116.3154192, 40.0013013], [116.3154025, 40.0013999], [116.3153219, 40.0018739], [116.3153071, 40.0019613], [116.3153036, 40.0019918], [116.3152404, 40.0023542], [116.3153665, 40.0023904], [116.3155976, 40.0024568]]}}, {"type": "Feature", "properties": {"highway": "cycleway", "name": "", "bridge": "", "tunnel": "", "layer": "", "source": "osm"}, "geometry": {"type": "LineString", "coordinates": [[116.3116547, 39.9985484], [116.3116464, 39.9986179], [116.3116256, 39.9987927], [116.3114315, 40.0004242], [116.311406, 40.0005116], [116.3114402, 40.0006328], [116.3114918, 40.0007499], [116.3115369, 40.0008601], [116.3115513, 40.0009752], [116.3115154, 40.0016968], [116.3115331, 40.0017614], [116.3115742, 40.001834], [116.3116389, 40.0019205], [116.3117254, 40.0019626], [116.3119141, 40.002008], [116.3124938, 40.0020529]]}}, {"type": "Feature", "properties": {"highway": "service", "name": "照澜院商业街", "bridge": "", "tunnel": "", "layer": "", "source": "osm"}, "geometry": {"type": "LineString", "coordinates": [[116.3178368, 39.9975417], [116.3186364, 39.9974866], [116.3192745, 39.9974427]]}}, {"type": "Feature", "properties": {"highway": "service", "name": "", "bridge": "", "tunnel": "", "layer": "", "source": "osm"}, "geometry": {"type": "LineString", "coordinates": [[116.3194247, 39.9965673], [116.3193488, 39.9969595], [116.3193002, 39.9971008], [116.3192745, 39.9974427], [116.319286, 39.997868], [116.3192916, 39.9980739], [116.319309, 39.9983345]]}}, {"type": "Feature", "properties": {"highway": "service", "name": "", "bridge": "", "tunnel": "", "layer": "", "source": "osm"}, "geometry": {"type": "LineString", "coordinates": [[116.3157929, 39.9978414], [116.3171811, 39.9979169], [116.317436, 39.9978298], [116.3178585, 39.9978038]]}}, {"type": "Feature", "properties": {"highway": "residential", "name": "", "bridge": "", "tunnel": "", "layer": "", "source": "osm"}, "geometry": {"type": "LineString", "coordinates": [[116.3182453, 39.9983733], [116.319309, 39.9983345], [116.3194354, 39.998335], [116.3199096, 39.9983369]]}}, {"type": "Feature", "properties": {"highway": "secondary", "name": "", "bridge": "", "tunnel": "", "layer": "", "source": "osm"}, "geometry": {"type": "LineString", "coordinates": [[116.3096421, 39.9908058], [116.309791, 39.9907458]]}}, {"type": "Feature", "properties": {"highway": "pedestrian", "name": "", "bridge": "", "tunnel": "", "layer": "", "source": "osm"}, "geometry": {"type": "LineString", "coordinates": [[116.3270065, 39.9923265], [116.3270716, 39.9923404], [116.3271153, 39.9923497], [116.3272493, 39.9921733], [116.3275573, 39.9919569], [116.3278614, 39.9917927], [116.3280606, 39.9917991], [116.3280612, 39.991742], [116.3280618, 39.9916767], [116.3270691, 39.9916452], [116.3270342, 39.9918141], [116.3270065, 39.9923265]]}}, {"type": "Feature", "properties": {"highway": "tertiary", "name": "颐和园路", "bridge": "", "tunnel": "", "layer": "", "source": "osm"}, "geometry": {"type": "LineString", "coordinates": [[116.2986565, 39.9908872], [116.2985685, 39.9907377], [116.2985104, 39.9904418], [116.2984603, 39.9901865], [116.2985453, 39.989623], [116.2985514, 39.9895737], [116.2985638, 39.9894731]]}}, {"type": "Feature", "properties": {"highway": "service", "name": "", "bridge": "", "tunnel": "", "layer": "", "source": "osm"}, "geometry": {"type": "LineString", "coordinates": [[116.295591, 39.9932276], [116.2958277, 39.9932283], [116.2959788, 39.9932371], [116.2960919, 39.9932569], [116.2961469, 39.9933237], [116.2962151, 39.9933821], [116.2963303, 39.9934158], [116.2964112, 39.9934395], [116.2966355, 39.9935428], [116.2968335, 39.9935584], [116.2974696, 39.9935263], [116.2978608, 39.9934429], [116.2979713, 39.9933861], [116.2981019, 39.9933191], [116.2982644, 39.9933121], [116.2983114, 39.9933092], [116.2983944, 39.9933053]]}}, {"type": "Feature", "properties": {"highway": "residential", "name": "五四路", "bridge": "", "tunnel": "", "layer": "", "source": "osm"}, "geometry": {"type": "LineString", "coordinates": [[116.3054565, 39.98527], [116.3054212, 39.98571], [116.3053872, 39.9861331], [116.3053601, 39.9866329], [116.3053325, 39.9871409], [116.3053048, 39.9876515], [116.3052809, 39.9880915], [116.3052159, 39.9886173], [116.3051783, 39.9889213], [116.3051682, 39.9890055], [116.3051609, 39.9891805], [116.3051551, 39.9893198], [116.3051519, 39.9893971], [116.3051374, 39.9896187], [116.3051295, 39.9897386], [116.3051105, 39.9902074], [116.3050748, 39.990637], [116.3050398, 39.9910584]]}}, {"type": "Feature", "properties": {"highway": "service", "name": "五四体育馆路", "bridge": "", "tunnel": "", "layer": "", "source": "osm"}, "geometry": {"type": "LineString", "coordinates": [[116.3060528, 39.9861604], [116.3060381, 39.9864178], [116.3060061, 39.9869801]]}}, {"type": "Feature", "properties": {"highway": "residential", "name": "", "bridge": "", "tunnel": "", "layer": "", "source": "osm"}, "geometry": {"type": "LineString", "coordinates": [[116.3067264, 39.9843091], [116.3067203, 39.9843836], [116.3067195, 39.984394], [116.3067065, 39.9846506], [116.3066185, 39.9846473], [116.3065973, 39.9850552], [116.3065955, 39.9851432], [116.3065927, 39.9851909]]}}, {"type": "Feature", "properties": {"highway": "tertiary", "name": "成府路", "bridge": "", "tunnel": "", "layer": "", "source": "osm"}, "geometry": {"type": "LineString", "coordinates": [[116.3295771, 39.9915305], [116.3292004, 39.9916083], [116.3287222, 39.9916], [116.3284085, 39.9915946]]}}, {"type": "Feature", "properties": {"highway": "tertiary", "name": "中关村南一街", "bridge": "yes", "tunnel": "", "layer": "", "source": "osm"}, "geometry": {"type": "LineString", "coordinates": [[116.3140019, 39.984027], [116.3139957, 39.9841859], [116.3139853, 39.9844506], [116.3139821, 39.9845326]]}}, {"type": "Feature", "properties": {"highway": "service", "name": "", "bridge": "", "tunnel": "", "layer": "", "source": "osm"}, "geometry": {"type": "LineString", "coordinates": [[116.3120128, 39.9960627], [116.3119459, 39.9967356]]}}, {"type": "Feature", "properties": {"highway": "service", "name": "", "bridge": "", "tunnel": "", "layer": "", "source": "osm"}, "geometry": {"type": "LineString", "coordinates": [[116.3107884, 39.9988853], [116.310731, 39.9993821], [116.3105881, 40.0003441], [116.3105294, 40.0006889]]}}, {"type": "Feature", "properties": {"highway": "service", "name": "", "bridge": "", "tunnel": "", "layer": "", "source": "osm"}, "geometry": {"type": "LineString", "coordinates": [[116.3113993, 39.9989283], [116.3107884, 39.9988853], [116.3101932, 39.9988482], [116.3101348, 39.9993338], [116.3100201, 40.0003121], [116.3099624, 40.0006371]]}}, {"type": "Feature", "properties": {"highway": "service", "name": "未名湖东路", "bridge": "", "tunnel": "", "layer": "", "source": "osm"}, "geometry": {"type": "LineString", "coordinates": [[116.3047211, 39.9947539], [116.3047324, 39.9947059], [116.3047667, 39.9946335], [116.3048311, 39.9945448], [116.3048976, 39.9944889], [116.305023, 39.9943886], [116.3051097, 39.9943192], [116.3051528, 39.9942714], [116.3051885, 39.9942375], [116.3054438, 39.9936242], [116.3053945, 39.9932263], [116.3053913, 39.9929839], [116.3054488, 39.9927438], [116.3054857, 39.9926552], [116.3056511, 39.9924092], [116.3058675, 39.9920871], [116.3059375, 39.9919705], [116.3060249, 39.9918029], [116.3061177, 39.9917385], [116.3062162, 39.9916909], [116.3063146, 39.9916188]]}}, {"type": "Feature", "properties": {"highway": "service", "name": "", "bridge": "", "tunnel": "", "layer": "", "source": "osm"}, "geometry": {"type": "LineString", "coordinates": [[116.3046036, 39.9964913], [116.3043802, 39.9964088], [116.3041465, 39.9963795], [116.3037827, 39.9963333], [116.3036884, 39.9962856], [116.3036374, 39.9962331], [116.3036001, 39.9961909]]}}, {"type": "Feature", "properties": {"highway": "residential", "name": "理教西路", "bridge": "", "tunnel": "", "layer": "", "source": "osm"}, "geometry": {"type": "LineString", "coordinates": [[116.3065184, 39.9886735], [116.3064935, 39.9889675], [116.3064815, 39.9891709], [116.3064393, 39.989573], [116.3064244, 39.989705], [116.3064146, 39.9897919], [116.3063789, 39.9902667], [116.3063755, 39.9903323], [116.3063573, 39.990685], [116.3063453, 39.9908614], [116.3063316, 39.9910617], [116.3063109, 39.991479], [116.30631, 39.9914972], [116.3063057, 39.9915758], [116.3063146, 39.9916188]]}}, {"type": "Feature", "properties": {"highway": "residential", "name": "东南门内大街", "bridge": "", "tunnel": "", "layer": "", "source": "osm"}, "geometry": {"type": "LineString", "coordinates": [[116.3065184, 39.9886735], [116.306734, 39.9886826], [116.3067716, 39.9886842], [116.3071552, 39.9887004], [116.3072664, 39.9887051], [116.3077765, 39.9887266], [116.3078257, 39.9887287], [116.3081871, 39.988744], [116.3087788, 39.988769], [116.3089602, 39.9887767], [116.3091229, 39.9887836], [116.309229, 39.9887881], [116.3094367, 39.9887974]]}}, {"type": "Feature", "properties": {"highway": "residential", "name": "科学路", "bridge": "", "tunnel": "", "layer": "", "source": "osm"}, "geometry": {"type": "LineString", "coordinates": [[116.3052974, 39.9906472], [116.3057295, 39.9906626], [116.3063573, 39.990685], [116.3075238, 39.990735], [116.307851, 39.990749], [116.3090649, 39.9907899], [116.3093076, 39.9907995]]}}, {"type": "Feature", "properties": {"highway": "service", "name": "", "bridge": "", "tunnel": "", "layer": "", "source": "osm"}, "geometry": {"type": "LineString", "coordinates": [[116.3090208, 39.9917546], [116.3090235, 39.9915735], [116.3090297, 39.9914549], [116.3090649, 39.9907899], [116.3091065, 39.9901525], [116.3091875, 39.9892504], [116.309229, 39.9887881]]}}, {"type": "Feature", "properties": {"highway": "residential", "name": "", "bridge": "", "tunnel": "", "layer": "", "source": "osm"}, "geometry": {"type": "LineString", "coordinates": [[116.312301, 39.9909431], [116.3122926, 39.9910293], [116.3122702, 39.9912176], [116.3121902, 39.9920284], [116.3121705, 39.9923178], [116.3121553, 39.9926498], [116.3121191, 39.9930952], [116.3121727, 39.9931557], [116.3121472, 39.9935096]]}}, {"type": "Feature", "properties": {"highway": "tertiary", "name": "北四环西路辅路", "bridge": "", "tunnel": "", "layer": "", "source": "osm"}, "geometry": {"type": "LineString", "coordinates": [[116.3102652, 39.9844495], [116.310156, 39.984446], [116.3100262, 39.984442]]}}, {"type": "Feature", "properties": {"highway": "tertiary", "name": "科学院南路", "bridge": "", "tunnel": "", "layer": "", "source": "osm"}, "geometry": {"type": "LineString", "coordinates": [[116.3186075, 39.9840108], [116.3186314, 39.9835269], [116.3186383, 39.9833191], [116.3186481, 39.9831395], [116.3186528, 39.983028], [116.3186578, 39.9829108], [116.3186687, 39.9826698], [116.3186834, 39.9823435], [116.3187527, 39.9809971], [116.3187706, 39.9797354]]}}, {"type": "Feature", "properties": {"highway": "secondary", "name": "", "bridge": "", "tunnel": "", "layer": "", "source": "osm"}, "geometry": {"type": "LineString", "coordinates": [[116.3308149, 39.9914889], [116.3308435, 39.9915777]]}}, {"type": "Feature", "properties": {"highway": "service", "name": "", "bridge": "", "tunnel": "", "layer": "", "source": "osm"}, "geometry": {"type": "LineString", "coordinates": [[116.3208322, 39.9967545], [116.3208252, 39.9968471], [116.3208136, 39.9970817], [116.320822, 39.9973323], [116.3208348, 39.9974821], [116.3208884, 39.9979165], [116.3209447, 39.9982623], [116.320948, 39.9983183]]}}, {"type": "Feature", "properties": {"highway": "footway", "name": "", "bridge": "yes", "tunnel": "", "layer": "1", "source": "osm"}, "geometry": {"type": "LineString", "coordinates": [[116.3112028, 39.9769472], [116.3105306, 39.9768461]]}}, {"type": "Feature", "properties": {"highway": "footway", "name": "", "bridge": "yes", "tunnel": "", "layer": "1", "source": "osm"}, "geometry": {"type": "LineString", "coordinates": [[116.3109849, 39.9791352], [116.310473, 39.9791184]]}}, {"type": "Feature", "properties": {"highway": "footway", "name": "", "bridge": "yes", "tunnel": "", "layer": "1", "source": "osm"}, "geometry": {"type": "LineString", "coordinates": [[116.3128514, 39.9720423], [116.3123466, 39.9719063]]}}, {"type": "Feature", "properties": {"highway": "footway", "name": "", "bridge": "yes", "tunnel": "", "layer": "1", "source": "osm"}, "geometry": {"type": "LineString", "coordinates": [[116.3145303, 39.9679998], [116.3138899, 39.967855]]}}, {"type": "Feature", "properties": {"highway": "tertiary", "name": "大钟寺东路", "bridge": "", "tunnel": "", "layer": "", "source": "osm"}, "geometry": {"type": "LineString", "coordinates": [[116.3330826, 39.9664472], [116.3330683, 39.966596], [116.3330669, 39.9666103], [116.3330047, 39.9672557], [116.3329359, 39.967777], [116.3327312, 39.9693269], [116.3327173, 39.9694318], [116.3323191, 39.9708802], [116.3322751, 39.9712926], [116.3321056, 39.9726828], [116.3320515, 39.9731291], [116.3318395, 39.9748764], [116.3318247, 39.9749877], [116.3318255, 39.9750796]]}}, {"type": "Feature", "properties": {"highway": "tertiary_link", "name": "", "bridge": "", "tunnel": "", "layer": "", "source": "osm"}, "geometry": {"type": "LineString", "coordinates": [[116.3127279, 39.9711804], [116.3128491, 39.9712105], [116.3130008, 39.971244]]}}, {"type": "Feature", "properties": {"highway": "footway", "name": "", "bridge": "yes", "tunnel": "", "layer": "1", "source": "osm"}, "geometry": {"type": "LineString", "coordinates": [[116.3275184, 39.9708695], [116.3275643, 39.9708709], [116.3280593, 39.9708862]]}}, {"type": "Feature", "properties": {"highway": "residential", "name": "北青云路", "bridge": "", "tunnel": "", "layer": "", "source": "osm"}, "geometry": {"type": "LineString", "coordinates": [[116.3192069, 39.9718843], [116.3210889, 39.9719951], [116.3226017, 39.9721023], [116.3241884, 39.9722187], [116.3275235, 39.9724629], [116.3276616, 39.972473]]}}, {"type": "Feature", "properties": {"highway": "residential", "name": "", "bridge": "", "tunnel": "", "layer": "", "source": "osm"}, "geometry": {"type": "LineString", "coordinates": [[116.3230299, 39.9662544], [116.3230235, 39.9664757], [116.3230137, 39.9668115], [116.3229996, 39.9672259], [116.322969, 39.9676761], [116.3229604, 39.9678025], [116.3228978, 39.9687462], [116.322818, 39.9697002], [116.3227858, 39.970092]]}}, {"type": "Feature", "properties": {"highway": "residential", "name": "", "bridge": "", "tunnel": "", "layer": "", "source": "osm"}, "geometry": {"type": "LineString", "coordinates": [[116.3228978, 39.9687462], [116.3241433, 39.9688189], [116.3255693, 39.9688889], [116.3268718, 39.9689528]]}}, {"type": "Feature", "properties": {"highway": "residential", "name": "", "bridge": "", "tunnel": "", "layer": "", "source": "osm"}, "geometry": {"type": "LineString", "coordinates": [[116.3229604, 39.9678025], [116.3242101, 39.9678282], [116.3269211, 39.9679469]]}}, {"type": "Feature", "properties": {"highway": "residential", "name": "", "bridge": "", "tunnel": "", "layer": "", "source": "osm"}, "geometry": {"type": "LineString", "coordinates": [[116.3269211, 39.9679469], [116.3268718, 39.9689528], [116.3268283, 39.9702263]]}}, {"type": "Feature", "properties": {"highway": "residential", "name": "", "bridge": "", "tunnel": "", "layer": "", "source": "osm"}, "geometry": {"type": "LineString", "coordinates": [[116.3277839, 39.97023], [116.3276632, 39.970229], [116.3271804, 39.9702252], [116.3268283, 39.9702263], [116.3254495, 39.9701997], [116.3240029, 39.9701577]]}}, {"type": "Feature", "properties": {"highway": "residential", "name": "双榆树北里五条", "bridge": "", "tunnel": "", "layer": "", "source": "osm"}, "geometry": {"type": "LineString", "coordinates": [[116.3156201, 39.9698886], [116.3157518, 39.9685981]]}}, {"type": "Feature", "properties": {"highway": "residential", "name": "双榆树三街", "bridge": "", "tunnel": "", "layer": "", "source": "osm"}, "geometry": {"type": "LineString", "coordinates": [[116.3146728, 39.9670886], [116.3148083, 39.9671637], [116.3155138, 39.9671021], [116.3170464, 39.9671442], [116.317864, 39.9671666], [116.3194326, 39.9672097]]}}, {"type": "Feature", "properties": {"highway": "residential", "name": "双榆树二街", "bridge": "", "tunnel": "", "layer": "", "source": "osm"}, "geometry": {"type": "LineString", "coordinates": [[116.3193588, 39.9687081], [116.318057, 39.9686734], [116.3170695, 39.968647], [116.3169645, 39.9686431], [116.3157518, 39.9685981], [116.3144988, 39.9685442], [116.3143026, 39.9685358], [116.314217, 39.9685323], [116.314087, 39.9685049]]}}, {"type": "Feature", "properties": {"highway": "residential", "name": "", "bridge": "", "tunnel": "", "layer": "", "source": "osm"}, "geometry": {"type": "LineString", "coordinates": [[116.3242101, 39.9678282], [116.3241433, 39.9688189], [116.3240467, 39.9697397], [116.3240029, 39.9701577]]}}, {"type": "Feature", "properties": {"highway": "residential", "name": "", "bridge": "", "tunnel": "", "layer": "", "source": "osm"}, "geometry": {"type": "LineString", "coordinates": [[116.330797, 39.9695585], [116.3304965, 39.9726566], [116.3304092, 39.9749942], [116.3304133, 39.9751044]]}}, {"type": "Feature", "properties": {"highway": "residential", "name": "", "bridge": "", "tunnel": "", "layer": "", "source": "osm"}, "geometry": {"type": "LineString", "coordinates": [[116.3330047, 39.9672557], [116.3341692, 39.9673219], [116.335934, 39.9674652]]}}, {"type": "Feature", "properties": {"highway": "residential", "name": "", "bridge": "", "tunnel": "", "layer": "", "source": "osm"}, "geometry": {"type": "LineString", "coordinates": [[116.3341692, 39.9673219], [116.3338268, 39.9694993], [116.3327173, 39.9694318]]}}, {"type": "Feature", "properties": {"highway": "tertiary", "name": "", "bridge": "", "tunnel": "", "layer": "", "source": "osm"}, "geometry": {"type": "LineString", "coordinates": [[116.3374373, 39.9705895], [116.3384469, 39.9706116], [116.3390025, 39.9706166], [116.3407941, 39.9706375], [116.3410148, 39.9706356], [116.34153, 39.9706405], [116.3422974, 39.9706388]]}}, {"type": "Feature", "properties": {"highway": "service", "name": "", "bridge": "", "tunnel": "", "layer": "", "source": "osm"}, "geometry": {"type": "LineString", "coordinates": [[116.3291884, 39.997792], [116.3307075, 39.9978398]]}}, {"type": "Feature", "properties": {"highway": "tertiary", "name": "北四环西路辅路", "bridge": "", "tunnel": "", "layer": "", "source": "osm"}, "geometry": {"type": "LineString", "coordinates": [[116.3103026, 39.983938], [116.3104285, 39.9839414], [116.3104953, 39.9839399], [116.31211, 39.9839747], [116.3125878, 39.9839917], [116.3127874, 39.9839977], [116.3129789, 39.9840024], [116.3137712, 39.9840207], [116.3138311, 39.9840221], [116.3140019, 39.984027], [116.3143476, 39.9840394], [116.3154597, 39.9840427]]}}, {"type": "Feature", "properties": {"highway": "secondary", "name": "大运村路", "bridge": "yes", "tunnel": "", "layer": "1", "source": "osm"}, "geometry": {"type": "LineString", "coordinates": [[116.3345037, 39.9853687], [116.3345374, 39.9847768], [116.3345412, 39.9846981]]}}, {"type": "Feature", "properties": {"highway": "secondary", "name": "展春园西路", "bridge": "", "tunnel": "", "layer": "", "source": "osm"}, "geometry": {"type": "LineString", "coordinates": [[116.3341782, 39.9915695], [116.3341831, 39.9914937], [116.3342072, 39.9909759], [116.3342717, 39.9895911], [116.3342761, 39.9894837], [116.3344266, 39.9867035], [116.3344396, 39.9864627], [116.3344909, 39.9855151], [116.3344926, 39.985484], [116.3344996, 39.9854469]]}}, {"type": "Feature", "properties": {"highway": "service", "name": "", "bridge": "", "tunnel": "", "layer": "", "source": "osm"}, "geometry": {"type": "LineString", "coordinates": [[116.3291146, 39.9991365], [116.3291526, 39.9991373], [116.3297731, 39.9991506], [116.3306661, 39.9991698], [116.3307778, 39.9991722], [116.3308834, 39.9991698], [116.3309465, 39.9991713]]}}, {"type": "Feature", "properties": {"highway": "service", "name": "", "bridge": "", "tunnel": "", "layer": "", "source": "osm"}, "geometry": {"type": "LineString", "coordinates": [[116.328105, 39.9983304], [116.3281067, 39.9982975], [116.3281254, 39.9979464], [116.3281284, 39.9978537], [116.3281551, 39.9974315], [116.3281971, 39.9973935], [116.3282046, 39.9972252]]}}, {"type": "Feature", "properties": {"highway": "residential", "name": "校园西路", "bridge": "", "tunnel": "", "layer": "", "source": "osm"}, "geometry": {"type": "LineString", "coordinates": [[116.3383053, 39.9779347], [116.3382561, 39.977974], [116.3382083, 39.9788288], [116.3381526, 39.979827], [116.3381519, 39.9798802], [116.3381367, 39.9803046], [116.3380775, 39.9814268], [116.3380572, 39.9817699], [116.3379865, 39.9832824], [116.3379702, 39.9836361], [116.3379647, 39.9837331], [116.3379345, 39.9842649], [116.3378949, 39.984747], [116.3378961, 39.9848262]]}}, {"type": "Feature", "properties": {"highway": "unclassified", "name": "科翔路", "bridge": "", "tunnel": "", "layer": "", "source": "osm"}, "geometry": {"type": "LineString", "coordinates": [[116.3212024, 39.9824092], [116.3199963, 39.9823783], [116.319039, 39.9823586], [116.3186834, 39.9823435]]}}, {"type": "Feature", "properties": {"highway": "residential", "name": "", "bridge": "", "tunnel": "", "layer": "", "source": "osm"}, "geometry": {"type": "LineString", "coordinates": [[116.319039, 39.9823586], [116.3190234, 39.9829271], [116.3189972, 39.9835341]]}}, {"type": "Feature", "properties": {"highway": "residential", "name": "", "bridge": "", "tunnel": "", "layer": "", "source": "osm"}, "geometry": {"type": "LineString", "coordinates": [[116.3189972, 39.9835341], [116.3188205, 39.9835317], [116.3186314, 39.9835269]]}}, {"type": "Feature", "properties": {"highway": "footway", "name": "", "bridge": "", "tunnel": "", "layer": "", "source": "osm"}, "geometry": {"type": "LineString", "coordinates": [[116.3200334, 39.9832189], [116.319951, 39.9832188], [116.3199658, 39.9829436], [116.3199963, 39.9823783], [116.3200234, 39.9815867], [116.320043, 39.9810133], [116.3200504, 39.9807959], [116.3212966, 39.9808292]]}}, {"type": "Feature", "properties": {"highway": "footway", "name": "", "bridge": "", "tunnel": "", "layer": "", "source": "osm"}, "geometry": {"type": "LineString", "coordinates": [[116.319695, 39.9829398], [116.3199658, 39.9829436]]}}, {"type": "Feature", "properties": {"highway": "steps", "name": "", "bridge": "", "tunnel": "", "layer": "", "source": "osm"}, "geometry": {"type": "LineString", "coordinates": [[116.3186578, 39.9829108], [116.3190234, 39.9829271]]}}, {"type": "Feature", "properties": {"highway": "footway", "name": "", "bridge": "", "tunnel": "", "layer": "", "source": "osm"}, "geometry": {"type": "LineString", "coordinates": [[116.3200234, 39.9815867], [116.3212491, 39.9816268]]}}, {"type": "Feature", "properties": {"highway": "service", "name": "", "bridge": "", "tunnel": "", "layer": "", "source": "osm"}, "geometry": {"type": "LineString", "coordinates": [[116.3296968, 39.9669105], [116.3296949, 39.9669542], [116.3296003, 39.9691471]]}}, {"type": "Feature", "properties": {"highway": "service", "name": "", "bridge": "", "tunnel": "", "layer": "", "source": "osm"}, "geometry": {"type": "LineString", "coordinates": [[116.3296949, 39.9669542], [116.3294721, 39.9669496], [116.3284245, 39.9669277], [116.3283128, 39.9690813]]}}, {"type": "Feature", "properties": {"highway": "residential", "name": "", "bridge": "", "tunnel": "", "layer": "", "source": "osm"}, "geometry": {"type": "LineString", "coordinates": [[116.3241997, 39.967767], [116.3242458, 39.9672591], [116.3256638, 39.9673062], [116.3268234, 39.9673561]]}}, {"type": "Feature", "properties": {"highway": "service", "name": "", "bridge": "", "tunnel": "", "layer": "", "source": "osm"}, "geometry": {"type": "LineString", "coordinates": [[116.3180687, 39.9911727], [116.3180638, 39.9912668], [116.3180618, 39.9913185], [116.3180606, 39.9913625], [116.318059, 39.9914193]]}}, {"type": "Feature", "properties": {"highway": "residential", "name": "", "bridge": "", "tunnel": "", "layer": "", "source": "osm"}, "geometry": {"type": "LineString", "coordinates": [[116.3204539, 39.9931367], [116.3204054, 39.9936534], [116.3203695, 39.9938379], [116.3202854, 39.9942698], [116.3202058, 39.99469]]}}, {"type": "Feature", "properties": {"highway": "residential", "name": "", "bridge": "", "tunnel": "", "layer": "", "source": "osm"}, "geometry": {"type": "LineString", "coordinates": [[116.3166884, 39.9840626], [116.3167318, 39.9830675], [116.3168099, 39.981549], [116.3169047, 39.9797043]]}}, {"type": "Feature", "properties": {"highway": "residential", "name": "中关村北二条", "bridge": "", "tunnel": "", "layer": "", "source": "osm"}, "geometry": {"type": "LineString", "coordinates": [[116.3239287, 39.9884056], [116.3238464, 39.9883783], [116.3235561, 39.988254], [116.3234594, 39.9882301], [116.3233834, 39.9882163], [116.3232925, 39.9882124], [116.3208806, 39.9881571], [116.3197699, 39.9881624], [116.3191202, 39.9881254], [116.3173699, 39.9880256], [116.315497, 39.9879189]]}}, {"type": "Feature", "properties": {"highway": "residential", "name": "三才堂南街", "bridge": "", "tunnel": "", "layer": "", "source": "osm"}, "geometry": {"type": "LineString", "coordinates": [[116.3210837, 39.9896935], [116.3224288, 39.9897439]]}}, {"type": "Feature", "properties": {"highway": "residential", "name": "", "bridge": "", "tunnel": "", "layer": "", "source": "osm"}, "geometry": {"type": "LineString", "coordinates": [[116.3203903, 39.9912611], [116.3203901, 39.9913273], [116.3203871, 39.991366], [116.3203813, 39.9914426], [116.3203423, 39.9919609], [116.3202745, 39.993084]]}}, {"type": "Feature", "properties": {"highway": "residential", "name": "海淀大街", "bridge": "", "tunnel": "", "layer": "", "source": "osm"}, "geometry": {"type": "LineString", "coordinates": [[116.2967011, 39.9832718], [116.2973481, 39.9829863], [116.2980707, 39.9826842], [116.2994054, 39.9827139], [116.2994914, 39.9827158]]}}, {"type": "Feature", "properties": {"highway": "service", "name": "", "bridge": "", "tunnel": "", "layer": "", "source": "osm"}, "geometry": {"type": "LineString", "coordinates": [[116.3264979, 39.9937911], [116.3264053, 39.993729], [116.3263688, 39.9937017], [116.3263149, 39.9936673], [116.3261708, 39.9935618], [116.3260201, 39.9934514], [116.3258531, 39.9933292], [116.3256201, 39.9933217], [116.3255444, 39.9933193], [116.3255523, 39.9930445], [116.3255562, 39.9929107], [116.3255656, 39.9924161], [116.3255667, 39.9923627], [116.3255734, 39.9920321], [116.3255756, 39.9919215], [116.3255798, 39.9918146], [116.3255842, 39.9917048]]}}, {"type": "Feature", "properties": {"highway": "cycleway", "name": "", "bridge": "", "tunnel": "", "layer": "", "source": "osm"}, "geometry": {"type": "LineString", "coordinates": [[116.3262893, 39.9962814], [116.3263308, 39.9962286], [116.3264276, 39.9961186], [116.3264441, 39.9954575], [116.3264543, 39.9953554], [116.326466, 39.9952], [116.3264278, 39.9950703]]}}, {"type": "Feature", "properties": {"highway": "cycleway", "name": "", "bridge": "", "tunnel": "", "layer": "", "source": "osm"}, "geometry": {"type": "LineString", "coordinates": [[116.3267779, 39.9950829], [116.3267544, 39.9952018], [116.3267292, 39.9961187], [116.3268223, 39.9963005]]}}, {"type": "Feature", "properties": {"highway": "cycleway", "name": "", "bridge": "", "tunnel": "", "layer": "", "source": "osm"}, "geometry": {"type": "LineString", "coordinates": [[116.3256064, 39.9998258], [116.3256071, 39.9997919], [116.3256084, 39.9997237], [116.3256179, 39.9996915], [116.3256569, 39.999589], [116.3257133, 39.9994791], [116.325793, 39.9993744], [116.3259324, 39.9992725], [116.3260452, 39.9992038], [116.3261065, 39.9991844], [116.3261859, 39.9991829], [116.3263068, 39.9991807], [116.3265252, 39.9991833], [116.3266082, 39.9991941], [116.3267057, 39.9992068], [116.3268444, 39.9992653], [116.3269463, 39.9993375], [116.3270241, 39.9994132], [116.3270764, 39.9994863], [116.327122, 39.9996199], [116.3271269, 39.9997227], [116.3271265, 39.9997631], [116.3271362, 39.9998654]]}}, {"type": "Feature", "properties": {"highway": "residential", "name": "日新路", "bridge": "", "tunnel": "", "layer": "", "source": "osm"}, "geometry": {"type": "LineString", "coordinates": [[116.3223681, 39.9961362], [116.3224271, 39.9961387], [116.3236827, 39.9961919], [116.3246744, 39.9962215], [116.3257254, 39.9962517], [116.3262893, 39.9962814], [116.3263152, 39.9962812], [116.3265091, 39.9962799], [116.3266074, 39.9962856], [116.3267317, 39.9962942], [116.3268223, 39.9963005], [116.3281644, 39.9963487], [116.3282432, 39.9963517], [116.3290033, 39.9963778], [116.329071, 39.9963997], [116.3291294, 39.9964189], [116.3291767, 39.9964541], [116.3292272, 39.996503], [116.3292488, 39.9965465]]}}, {"type": "Feature", "properties": {"highway": "service", "name": "", "bridge": "", "tunnel": "", "layer": "", "source": "osm"}, "geometry": {"type": "LineString", "coordinates": [[116.3182881, 39.9993898], [116.318288, 39.9993642], [116.3182876, 39.9991429], [116.3182453, 39.9983733], [116.3179608, 39.9983884], [116.3178661, 39.9979226], [116.3178585, 39.9978038], [116.3178368, 39.9975417], [116.3178163, 39.9970584], [116.3177845, 39.9963161], [116.3178838, 39.9958369], [116.3181961, 39.994425]]}}, {"type": "Feature", "properties": {"highway": "service", "name": "", "bridge": "", "tunnel": "", "layer": "", "source": "osm"}, "geometry": {"type": "LineString", "coordinates": [[116.3254693, 39.9973529], [116.3254711, 39.9973174], [116.325481, 39.9970751], [116.3254859, 39.9969799], [116.3254871, 39.9969569], [116.3256909, 39.996963], [116.3257098, 39.9965366], [116.3257179, 39.9963989], [116.3257201, 39.9963566], [116.3257224, 39.9963105], [116.3257254, 39.9962517]]}}, {"type": "Feature", "properties": {"highway": "residential", "name": "近春路", "bridge": "", "tunnel": "", "layer": "1", "source": "osm"}, "geometry": {"type": "LineString", "coordinates": [[116.312797, 39.9985302], [116.3127945, 39.9985498], [116.3127924, 39.9985667], [116.3127872, 39.9986084], [116.3127843, 39.9986749], [116.3127771, 39.9988366], [116.3127379, 39.9989358], [116.3126913, 39.9990536], [116.3125868, 39.9992257], [116.3124628, 39.9994298], [116.3124097, 39.9995441], [116.3123728, 39.999744], [116.3123634, 39.9999045], [116.3123724, 40.0000571], [116.312394, 40.0002467], [116.3124274, 40.0005396], [116.3125271, 40.0010802], [116.3125748, 40.0011149], [116.3127211, 40.0012015], [116.3127109, 40.0012867], [116.3126979, 40.0014511], [116.3126699, 40.0018064], [116.312489, 40.0019409], [116.3124938, 40.0020529]]}}, {"type": "Feature", "properties": {"highway": "service", "name": "", "bridge": "", "tunnel": "", "layer": "", "source": "osm"}, "geometry": {"type": "LineString", "coordinates": [[116.3240328, 39.9997767], [116.3240339, 39.9997406], [116.3240361, 39.9996927], [116.3240594, 39.9989408], [116.324071, 39.9986168], [116.3241136, 39.9977607]]}}, {"type": "Feature", "properties": {"highway": "service", "name": "", "bridge": "", "tunnel": "", "layer": "", "source": "osm"}, "geometry": {"type": "LineString", "coordinates": [[116.3264573, 39.9944686], [116.3264755, 39.994107], [116.3264862, 39.9939972], [116.3264871, 39.9939573], [116.3264979, 39.9937911]]}}, {"type": "Feature", "properties": {"highway": "service", "name": "", "bridge": "", "tunnel": "", "layer": "", "source": "osm"}, "geometry": {"type": "LineString", "coordinates": [[116.3267779, 39.9950829], [116.3266605, 39.9951029], [116.3265361, 39.9950999], [116.3264278, 39.9950703]]}}, {"type": "Feature", "properties": {"highway": "secondary", "name": "中关村东路", "bridge": "", "tunnel": "", "layer": "", "source": "osm"}, "geometry": {"type": "LineString", "coordinates": [[116.3264979, 39.9937911], [116.3265014, 39.9937597], [116.3265147, 39.9936019], [116.3265238, 39.9934081], [116.3265815, 39.9927121], [116.3265949, 39.9924751], [116.3266084, 39.9921926], [116.3266454, 39.9916735], [116.3266562, 39.9916064], [116.3266621, 39.9915377], [116.326671, 39.9914556]]}}, {"type": "Feature", "properties": {"highway": "footway", "name": "", "bridge": "", "tunnel": "", "layer": "", "source": "osm"}, "geometry": {"type": "LineString", "coordinates": [[116.3263068, 39.9991807], [116.3263034, 39.9992366], [116.3262825, 39.9995846], [116.32628, 39.9996155]]}}, {"type": "Feature", "properties": {"highway": "footway", "name": "", "bridge": "", "tunnel": "", "layer": "", "source": "osm"}, "geometry": {"type": "LineString", "coordinates": [[116.3265252, 39.9991833], [116.3265207, 39.999243], [116.3264948, 39.9995839], [116.3264919, 39.9996227]]}}, {"type": "Feature", "properties": {"highway": "footway", "name": "", "bridge": "", "tunnel": "", "layer": "", "source": "osm"}, "geometry": {"type": "LineString", "coordinates": [[116.3131553, 39.9994807], [116.3129939, 39.9996735], [116.3129865, 39.9997122], [116.3129572, 39.9998665], [116.3127941, 39.9999078], [116.3127739, 39.9999805], [116.3128383, 40.0000052], [116.3133425, 40.0000134], [116.3135142, 39.9999558], [116.3144127, 39.9999887], [116.3146279, 40.0000375]]}}, {"type": "Feature", "properties": {"highway": "service", "name": "", "bridge": "", "tunnel": "", "layer": "", "source": "osm"}, "geometry": {"type": "LineString", "coordinates": [[116.3264593, 39.9929259], [116.3264285, 39.9929253], [116.3261924, 39.9929171], [116.3255562, 39.9929107], [116.3253434, 39.9929057]]}}, {"type": "Feature", "properties": {"highway": "service", "name": "", "bridge": "", "tunnel": "", "layer": "", "source": "osm"}, "geometry": {"type": "LineString", "coordinates": [[116.3236402, 39.9968029], [116.3236365, 39.9968571], [116.3235883, 39.997725], [116.3238618, 39.9977448], [116.3241136, 39.9977607]]}}, {"type": "Feature", "properties": {"highway": "residential", "name": "", "bridge": "", "tunnel": "", "layer": "", "source": "osm"}, "geometry": {"type": "LineString", "coordinates": [[116.3369847, 39.977563], [116.3369674, 39.9779328], [116.3368716, 39.9797896]]}}, {"type": "Feature", "properties": {"highway": "service", "name": "", "bridge": "", "tunnel": "", "layer": "", "source": "osm"}, "geometry": {"type": "LineString", "coordinates": [[116.3348937, 39.9835449], [116.3356285, 39.9835621], [116.3359151, 39.9835688], [116.337074, 39.9836071], [116.3379702, 39.9836361]]}}, {"type": "Feature", "properties": {"highway": "service", "name": "", "bridge": "", "tunnel": "", "layer": "", "source": "osm"}, "geometry": {"type": "LineString", "coordinates": [[116.3369714, 39.984219], [116.3370126, 39.9838947], [116.3370181, 39.9838384], [116.3370576, 39.9837693], [116.337074, 39.9836071]]}}, {"type": "Feature", "properties": {"highway": "residential", "name": "", "bridge": "", "tunnel": "", "layer": "", "source": "osm"}, "geometry": {"type": "LineString", "coordinates": [[116.3204539, 39.9931367], [116.3202745, 39.993084], [116.3176623, 39.9929692], [116.3175661, 39.9928687], [116.3166673, 39.9919299], [116.3166596, 39.9918455], [116.3166829, 39.9913087], [116.3166874, 39.9912053]]}}, {"type": "Feature", "properties": {"highway": "residential", "name": "", "bridge": "", "tunnel": "", "layer": "", "source": "osm"}, "geometry": {"type": "LineString", "coordinates": [[116.3203423, 39.9919609], [116.3194019, 39.9919309], [116.318035, 39.9918872], [116.3166596, 39.9918455]]}}, {"type": "Feature", "properties": {"highway": "steps", "name": "", "bridge": "yes", "tunnel": "", "layer": "1", "source": "osm"}, "geometry": {"type": "LineString", "coordinates": [[116.3376021, 39.9751925], [116.3378902, 39.975201]]}}, {"type": "Feature", "properties": {"highway": "steps", "name": "", "bridge": "yes", "tunnel": "", "layer": "1", "source": "osm"}, "geometry": {"type": "LineString", "coordinates": [[116.337401, 39.9749089], [116.3376795, 39.9749116]]}}, {"type": "Feature", "properties": {"highway": "footway", "name": "大运会公寓南天桥", "bridge": "yes", "tunnel": "", "layer": "1", "source": "osm"}, "geometry": {"type": "LineString", "coordinates": [[116.3376795, 39.9749116], [116.3378986, 39.9749137], [116.3378902, 39.975201]]}}, {"type": "Feature", "properties": {"highway": "tertiary", "name": "", "bridge": "", "tunnel": "", "layer": "", "source": "osm"}, "geometry": {"type": "LineString", "coordinates": [[116.3377818, 39.974982], [116.3378168, 39.9738457]]}}, {"type": "Feature", "properties": {"highway": "residential", "name": "", "bridge": "", "tunnel": "", "layer": "", "source": "osm"}, "geometry": {"type": "LineString", "coordinates": [[116.3357781, 39.9929191], [116.3357653, 39.9929636], [116.3356795, 39.9932621], [116.3356685, 39.9934699], [116.3356363, 39.9940812], [116.3355939, 39.9948843], [116.335592, 39.9949208]]}}, {"type": "Feature", "properties": {"highway": "unclassified", "name": "", "bridge": "", "tunnel": "", "layer": "", "source": "osm"}, "geometry": {"type": "LineString", "coordinates": [[116.3370646, 39.9933279], [116.3380941, 39.9934068], [116.3389888, 39.9934739], [116.3399025, 39.9935425], [116.33999, 39.9935491], [116.3402899, 39.9934423], [116.3404307, 39.9934247], [116.3409526, 39.9935491], [116.341141, 39.9935866], [116.3420051, 39.9936301], [116.3429621, 39.9936489], [116.3436317, 39.9936621], [116.3439599, 39.9936686], [116.344375, 39.9936767], [116.3449725, 39.9936885], [116.3457345, 39.9937036]]}}, {"type": "Feature", "properties": {"highway": "steps", "name": "", "bridge": "yes", "tunnel": "", "layer": "1", "source": "osm"}, "geometry": {"type": "LineString", "coordinates": [[116.3378054, 39.9991951], [116.3381179, 39.9992023]]}}, {"type": "Feature", "properties": {"highway": "tertiary", "name": "", "bridge": "", "tunnel": "", "layer": "", "source": "osm"}, "geometry": {"type": "LineString", "coordinates": [[116.3346496, 39.9846289], [116.334791, 39.9846345], [116.3367522, 39.984747], [116.3377779, 39.9847966], [116.3378961, 39.9848262], [116.3379424, 39.9848459], [116.3385813, 39.9850134]]}}, {"type": "Feature", "properties": {"highway": "trunk_link", "name": "", "bridge": "", "tunnel": "", "layer": "", "source": "osm"}, "geometry": {"type": "LineString", "coordinates": [[116.2943777, 39.9818885], [116.2944534, 39.9825843]]}}, {"type": "Feature", "properties": {"highway": "tertiary", "name": "芙蓉北路", "bridge": "", "tunnel": "", "layer": "", "source": "osm"}, "geometry": {"type": "LineString", "coordinates": [[116.293809, 39.9891255], [116.2938521, 39.98913], [116.2944752, 39.9891753], [116.2947214, 39.9891933], [116.2955624, 39.9892545], [116.2967846, 39.9893435], [116.2978695, 39.9894225], [116.2983729, 39.9894592], [116.2984301, 39.9894634], [116.2985638, 39.9894731]]}}, {"type": "Feature", "properties": {"highway": "trunk_link", "name": "", "bridge": "", "tunnel": "", "layer": "", "source": "osm"}, "geometry": {"type": "LineString", "coordinates": [[116.2944402, 39.9795554], [116.2943714, 39.9787751]]}}, {"type": "Feature", "properties": {"highway": "tertiary", "name": "万泉河路", "bridge": "", "tunnel": "", "layer": "", "source": "osm"}, "geometry": {"type": "LineString", "coordinates": [[116.2943714, 39.9787751], [116.2945042, 39.9773706], [116.2945425, 39.9769659], [116.2945845, 39.9765217], [116.2946142, 39.9761698], [116.2946274, 39.9760133]]}}, {"type": "Feature", "properties": {"highway": "trunk_link", "name": "", "bridge": "yes", "tunnel": "", "layer": "2", "source": "osm"}, "geometry": {"type": "LineString", "coordinates": [[116.2940691, 39.9832489], [116.2940433, 39.9829157], [116.2940267, 39.9828505], [116.2939824, 39.9827277], [116.2939533, 39.9826636], [116.2938955, 39.9825892], [116.2937815, 39.9824973]]}}, {"type": "Feature", "properties": {"highway": "footway", "name": "", "bridge": "yes", "tunnel": "", "layer": "1", "source": "osm"}, "geometry": {"type": "LineString", "coordinates": [[116.2943153, 39.9787494], [116.2943784, 39.9781049], [116.2949889, 39.9781386], [116.2949173, 39.9787388]]}}, {"type": "Feature", "properties": {"highway": "residential", "name": "万泉河东滨河路", "bridge": "", "tunnel": "", "layer": "", "source": "osm"}, "geometry": {"type": "LineString", "coordinates": [[116.2947059, 39.9841515], [116.2946931, 39.98418], [116.2945618, 39.9844723], [116.2945146, 39.9845834], [116.2944859, 39.9846525], [116.2944645, 39.9847189], [116.2944431, 39.9848496], [116.2944147, 39.9850893], [116.2943646, 39.9855334], [116.2941711, 39.9868394], [116.2938521, 39.98913], [116.2935181, 39.9910044], [116.2935067, 39.9911837], [116.2935098, 39.9913216]]}}, {"type": "Feature", "properties": {"highway": "tertiary_link", "name": "万泉河路", "bridge": "", "tunnel": "", "layer": "", "source": "osm"}, "geometry": {"type": "LineString", "coordinates": [[116.294894, 39.9830336], [116.2948523, 39.9831277], [116.2947249, 39.9840875], [116.2947059, 39.9841515]]}}, {"type": "Feature", "properties": {"highway": "tertiary", "name": "", "bridge": "", "tunnel": "", "layer": "", "source": "osm"}, "geometry": {"type": "LineString", "coordinates": [[116.2934176, 39.9843482], [116.2934699, 39.9843524], [116.2941601, 39.9844079], [116.2942264, 39.984428], [116.2943012, 39.9844648]]}}, {"type": "Feature", "properties": {"highway": "trunk_link", "name": "", "bridge": "", "tunnel": "", "layer": "", "source": "osm"}, "geometry": {"type": "LineString", "coordinates": [[116.3034926, 39.9837448], [116.3040629, 39.9838898]]}}, {"type": "Feature", "properties": {"highway": "trunk_link", "name": "", "bridge": "", "tunnel": "", "layer": "", "source": "osm"}, "geometry": {"type": "LineString", "coordinates": [[116.3059815, 39.9842883], [116.3055802, 39.9842482], [116.3054373, 39.9842241], [116.3053199, 39.9841824], [116.3051725, 39.9841124]]}}, {"type": "Feature", "properties": {"highway": "tertiary_link", "name": "", "bridge": "", "tunnel": "", "layer": "", "source": "osm"}, "geometry": {"type": "LineString", "coordinates": [[116.2995888, 39.9841687], [116.2993784, 39.9841551]]}}, {"type": "Feature", "properties": {"highway": "trunk_link", "name": "", "bridge": "", "tunnel": "", "layer": "", "source": "osm"}, "geometry": {"type": "LineString", "coordinates": [[116.2956889, 39.9838517], [116.2949269, 39.9838782]]}}, {"type": "Feature", "properties": {"highway": "trunk_link", "name": "", "bridge": "", "tunnel": "", "layer": "", "source": "osm"}, "geometry": {"type": "LineString", "coordinates": [[116.3050943, 39.9839075], [116.3058826, 39.9838037]]}}, {"type": "Feature", "properties": {"highway": "residential", "name": "", "bridge": "", "tunnel": "", "layer": "", "source": "osm"}, "geometry": {"type": "LineString", "coordinates": [[116.3372751, 39.9983947], [116.3372841, 39.9990442], [116.3373141, 39.9992345], [116.3373111, 39.9993396]]}}, {"type": "Feature", "properties": {"highway": "service", "name": "", "bridge": "", "tunnel": "", "layer": "", "source": "osm"}, "geometry": {"type": "LineString", "coordinates": [[116.2943735, 39.9765159], [116.2945845, 39.9765217]]}}, {"type": "Feature", "properties": {"highway": "steps", "name": "", "bridge": "yes", "tunnel": "", "layer": "1", "source": "osm"}, "geometry": {"type": "LineString", "coordinates": [[116.3134337, 39.9745858], [116.3137748, 39.974596]]}}, {"type": "Feature", "properties": {"highway": "steps", "name": "", "bridge": "yes", "tunnel": "", "layer": "1", "source": "osm"}, "geometry": {"type": "LineString", "coordinates": [[116.313524, 39.9749448], [116.3137574, 39.9749545]]}}, {"type": "Feature", "properties": {"highway": "secondary", "name": "荷清路", "bridge": "", "tunnel": "", "layer": "", "source": "osm"}, "geometry": {"type": "LineString", "coordinates": [[116.3308435, 39.9915777], [116.330864, 39.9916594], [116.3308817, 39.9917149], [116.3310794, 39.9923361], [116.3311838, 39.9926874], [116.3312963, 39.993066], [116.3313365, 39.9932588], [116.331352, 39.9933665], [116.3313621, 39.9934677], [116.3313603, 39.9936198], [116.3313352, 39.9941338], [116.3312155, 39.9960896], [116.3311455, 39.9972823], [116.3311372, 39.9974225], [116.3311311, 39.9975242]]}}, {"type": "Feature", "properties": {"highway": "secondary", "name": "荷清路", "bridge": "", "tunnel": "", "layer": "", "source": "osm"}, "geometry": {"type": "LineString", "coordinates": [[116.3310187, 39.9974287], [116.3310263, 39.9973149], [116.3312387, 39.9941319], [116.3312698, 39.9936659], [116.3312659, 39.9934613], [116.3312524, 39.993324], [116.3312285, 39.993205], [116.3310937, 39.992728], [116.3309877, 39.9923527], [116.3307855, 39.99172], [116.3307802, 39.9917036], [116.330765, 39.991656], [116.3307405, 39.9915743]]}}, {"type": "Feature", "properties": {"highway": "secondary", "name": "清华东路", "bridge": "", "tunnel": "", "layer": "", "source": "osm"}, "geometry": {"type": "LineString", "coordinates": [[116.3339321, 39.9992511], [116.3340725, 39.9992548], [116.3345949, 39.9992685], [116.336192, 39.9993103], [116.3373111, 39.9993396], [116.3376701, 39.9993496], [116.3391322, 39.9993902], [116.3425507, 39.9994916], [116.3425943, 39.9994927], [116.3426726, 39.9994946], [116.3429124, 39.9994991], [116.3437537, 39.9995201], [116.3443854, 39.9995359], [116.3461359, 39.9995679], [116.3461752, 39.9995685], [116.3462329, 39.999569], [116.3462821, 39.9995695], [116.3464221, 39.9995711]]}}, {"type": "Feature", "properties": {"highway": "tertiary", "name": "双清路", "bridge": "", "tunnel": "", "layer": "", "source": "osm"}, "geometry": {"type": "LineString", "coordinates": [[116.3310187, 39.9974287], [116.3311311, 39.9975242]]}}, {"type": "Feature", "properties": {"highway": "secondary", "name": "王庄路", "bridge": "", "tunnel": "", "layer": "", "source": "osm"}, "geometry": {"type": "LineString", "coordinates": [[116.3337748, 39.9987032], [116.3337779, 39.9981803], [116.3337825, 39.9980956], [116.3338142, 39.9978568], [116.3338292, 39.9977524], [116.3338238, 39.9972672], [116.3338378, 39.9966273], [116.3338718, 39.9961095], [116.3338794, 39.9960126], [116.333898, 39.9957761], [116.3339092, 39.9956334], [116.3339213, 39.9954085], [116.3339725, 39.9944544], [116.3339956, 39.9940252], [116.334008, 39.993795], [116.3340289, 39.9934064], [116.3340403, 39.9932328], [116.3340423, 39.9931953], [116.3341056, 39.9920146]]}}, {"type": "Feature", "properties": {"highway": "cycleway", "name": "", "bridge": "", "tunnel": "", "layer": "", "source": "osm"}, "geometry": {"type": "LineString", "coordinates": [[116.3337732, 39.9991508], [116.3339332, 39.9991515], [116.3340796, 39.9991506], [116.3348428, 39.9991704], [116.336192, 39.9992054], [116.3373141, 39.9992345], [116.3391375, 39.999271], [116.3425554, 39.9993652], [116.3425983, 39.9993658], [116.3426704, 39.9993668], [116.3443858, 39.9994195], [116.3461431, 39.9994725], [116.3461832, 39.9994735], [116.3462357, 39.9994747], [116.3462862, 39.9994759], [116.3464228, 39.9994753], [116.3466535, 39.999478], [116.3468359, 39.999479], [116.3468561, 39.9994791], [116.3468723, 39.9994792], [116.3469345, 39.9994814], [116.3497834, 39.9995804], [116.3498203, 39.9995817], [116.3517148, 39.9996501], [116.353982, 39.9996864], [116.3549784, 39.9997111], [116.3552129, 39.9997228], [116.3582449, 39.9998745], [116.3583358, 39.9998763], [116.3585977, 39.9998817], [116.3587053, 39.9998847], [116.3589955, 39.999893], [116.3591413, 39.9998971], [116.359231, 39.9998996]]}}, {"type": "Feature", "properties": {"highway": "secondary", "name": "", "bridge": "", "tunnel": "", "layer": "", "source": "osm"}, "geometry": {"type": "LineString", "coordinates": [[116.3341584, 39.9916531], [116.3341782, 39.9915695]]}}, {"type": "Feature", "properties": {"highway": "residential", "name": "", "bridge": "", "tunnel": "", "layer": "", "source": "osm"}, "geometry": {"type": "LineString", "coordinates": [[116.3226948, 39.9933456], [116.3226751, 39.9932318], [116.3228503, 39.9915001], [116.3228597, 39.991407]]}}, {"type": "Feature", "properties": {"highway": "steps", "name": "", "bridge": "yes", "tunnel": "", "layer": "1", "source": "osm"}, "geometry": {"type": "LineString", "coordinates": [[116.3150778, 39.9912142], [116.3148269, 39.9912058]]}}, {"type": "Feature", "properties": {"highway": "steps", "name": "", "bridge": "yes", "tunnel": "", "layer": "", "source": "osm"}, "geometry": {"type": "LineString", "coordinates": [[116.3183441, 39.991319], [116.3185313, 39.9913248]]}}, {"type": "Feature", "properties": {"highway": "steps", "name": "", "bridge": "yes", "tunnel": "", "layer": "1", "source": "osm"}, "geometry": {"type": "LineString", "coordinates": [[116.3145702, 39.9908299], [116.3148445, 39.9908405]]}}, {"type": "Feature", "properties": {"highway": "steps", "name": "", "bridge": "yes", "tunnel": "", "layer": "", "source": "osm"}, "geometry": {"type": "LineString", "coordinates": [[116.3183697, 39.9909893], [116.3185543, 39.9909953]]}}, {"type": "Feature", "properties": {"highway": "steps", "name": "", "bridge": "", "tunnel": "", "layer": "", "source": "osm"}, "geometry": {"type": "LineString", "coordinates": [[116.3224311, 39.9911242], [116.3225972, 39.991128], [116.3228594, 39.9911339]]}}, {"type": "Feature", "properties": {"highway": "footway", "name": "", "bridge": "", "tunnel": "", "layer": "", "source": "osm"}, "geometry": {"type": "LineString", "coordinates": [[116.3221805, 39.9913684], [116.3221973, 39.9913956], [116.3222213, 39.9914519]]}}, {"type": "Feature", "properties": {"highway": "cycleway", "name": "成府路", "bridge": "", "tunnel": "", "layer": "", "source": "osm"}, "geometry": {"type": "LineString", "coordinates": [[116.3099357, 39.9906499], [116.3101118, 39.9906584], [116.310718, 39.9906875], [116.3154634, 39.990921], [116.3157172, 39.9909336], [116.3160244, 39.9909445], [116.3164237, 39.9909586], [116.3173681, 39.990992], [116.3176324, 39.9909784], [116.318074, 39.9909921], [116.3183082, 39.9910347], [116.3211102, 39.9911209], [116.321599, 39.9911378], [116.3217505, 39.9911245], [116.3221622, 39.9911367], [116.3222917, 39.991156], [116.3235207, 39.9911781], [116.3237966, 39.9911822]]}}, {"type": "Feature", "properties": {"highway": "secondary_link", "name": "", "bridge": "", "tunnel": "", "layer": "", "source": "osm"}, "geometry": {"type": "LineString", "coordinates": [[116.3268595, 39.9927583], [116.3267235, 39.99291]]}}, {"type": "Feature", "properties": {"highway": "secondary_link", "name": "", "bridge": "", "tunnel": "", "layer": "", "source": "osm"}, "geometry": {"type": "LineString", "coordinates": [[116.3266943, 39.993363], [116.3268186, 39.9935008]]}}, {"type": "Feature", "properties": {"highway": "cycleway", "name": "", "bridge": "", "tunnel": "", "layer": "", "source": "osm"}, "geometry": {"type": "LineString", "coordinates": [[116.3263903, 39.993883], [116.3264053, 39.993729], [116.326426, 39.9935162], [116.3264485, 39.993345], [116.3264593, 39.9929259], [116.3265226, 39.9916976], [116.326526, 39.9915997], [116.326522, 39.9915332], [116.326522, 39.9914485], [116.326528, 39.9913566], [116.3265306, 39.9912713], [116.3265366, 39.9912042], [116.3266578, 39.9899908], [116.3266801, 39.9895148], [116.3267088, 39.9888993], [116.3267451, 39.9881234], [116.3267825, 39.9873298], [116.3268142, 39.9868585], [116.3268219, 39.9867447]]}}, {"type": "Feature", "properties": {"highway": "tertiary", "name": "", "bridge": "", "tunnel": "", "layer": "-1", "source": "osm"}, "geometry": {"type": "LineString", "coordinates": [[116.3334491, 39.9852441], [116.3330942, 39.9853313], [116.3319426, 39.9852995], [116.3288653, 39.9851258], [116.3284589, 39.9850285]]}}, {"type": "Feature", "properties": {"highway": "secondary", "name": "中关村东路", "bridge": "", "tunnel": "", "layer": "", "source": "osm"}, "geometry": {"type": "LineString", "coordinates": [[116.3271771, 39.9849791], [116.327172, 39.9850623], [116.3271323, 39.985711], [116.3271004, 39.9861157], [116.3270659, 39.9866385], [116.3270641, 39.9866664], [116.3270574, 39.9868035], [116.3269944, 39.9880953], [116.3269928, 39.9881281], [116.3269828, 39.9883847], [116.3269572, 39.9890047], [116.3269114, 39.990254]]}}, {"type": "Feature", "properties": {"highway": "secondary", "name": "中关村东路", "bridge": "", "tunnel": "", "layer": "", "source": "osm"}, "geometry": {"type": "LineString", "coordinates": [[116.3270374, 39.9844697], [116.3270161, 39.9843392], [116.3270429, 39.9835614], [116.3270845, 39.9832582], [116.327135, 39.9822127], [116.3271541, 39.9818165], [116.3271784, 39.9813136], [116.3272119, 39.9806191]]}}, {"type": "Feature", "properties": {"highway": "trunk_link", "name": "", "bridge": "", "tunnel": "", "layer": "", "source": "osm"}, "geometry": {"type": "LineString", "coordinates": [[116.3307719, 39.9847899], [116.3317256, 39.9847142]]}}, {"type": "Feature", "properties": {"highway": "trunk_link", "name": "", "bridge": "", "tunnel": "", "layer": "", "source": "osm"}, "geometry": {"type": "LineString", "coordinates": [[116.3316754, 39.9851812], [116.330646, 39.9849499]]}}, {"type": "Feature", "properties": {"highway": "primary", "name": "中关村大街", "bridge": "", "tunnel": "", "layer": "", "source": "osm"}, "geometry": {"type": "LineString", "coordinates": [[116.3100646, 39.9839321], [116.3101093, 39.983395], [116.3103173, 39.9827436], [116.3103675, 39.9821289], [116.3104216, 39.981466], [116.3104346, 39.9813065], [116.310441, 39.9812292], [116.310448, 39.9811424], [116.3104921, 39.9804806], [116.3105437, 39.9797065], [116.3105965, 39.9795423], [116.3106014, 39.9794722], [116.310677, 39.9786721], [116.3106662, 39.9784719], [116.3106146, 39.977826], [116.3106042, 39.9777233], [116.3106003, 39.9776841], [116.3105853, 39.9775324]]}}, {"type": "Feature", "properties": {"highway": "primary", "name": "中关村北大街", "bridge": "", "tunnel": "", "layer": "", "source": "osm"}, "geometry": {"type": "LineString", "coordinates": [[116.3102652, 39.9844495], [116.3102621, 39.9845158], [116.310135, 39.9862548], [116.3101203, 39.9863943], [116.3101131, 39.9864894], [116.3100721, 39.9871333], [116.3099743, 39.9883898], [116.3099557, 39.9886285], [116.3099356, 39.9889315], [116.3098897, 39.9896208]]}}, {"type": "Feature", "properties": {"highway": "footway", "name": "", "bridge": "yes", "tunnel": "", "layer": "1", "source": "osm"}, "geometry": {"type": "LineString", "coordinates": [[116.3098458, 39.9857241], [116.3098255, 39.9860647], [116.3098398, 39.9860802], [116.3098559, 39.986064], [116.30987, 39.9858549], [116.3103546, 39.9858756], [116.3104085, 39.9857704], [116.3104225, 39.9855565], [116.3103692, 39.9855558], [116.3103548, 39.9857747]]}}, {"type": "Feature", "properties": {"highway": "footway", "name": "", "bridge": "yes", "tunnel": "", "layer": "1", "source": "osm"}, "geometry": {"type": "LineString", "coordinates": [[116.3095673, 39.9893459], [116.3100424, 39.9893678]]}}, {"type": "Feature", "properties": {"highway": "steps", "name": "", "bridge": "", "tunnel": "", "layer": "", "source": "osm"}, "geometry": {"type": "LineString", "coordinates": [[116.3102698, 39.982053], [116.3102981, 39.9818409]]}}, {"type": "Feature", "properties": {"highway": "footway", "name": "", "bridge": "yes", "tunnel": "", "layer": "1", "source": "osm"}, "geometry": {"type": "LineString", "coordinates": [[116.3095463, 39.9896329], [116.3095673, 39.9893459], [116.3095789, 39.9891867]]}}, {"type": "Feature", "properties": {"highway": "footway", "name": "", "bridge": "yes", "tunnel": "", "layer": "1", "source": "osm"}, "geometry": {"type": "LineString", "coordinates": [[116.3100262, 39.9895647], [116.3100424, 39.9893678], [116.3100659, 39.9890847]]}}, {"type": "Feature", "properties": {"highway": "steps", "name": "", "bridge": "", "tunnel": "", "layer": "", "source": "osm"}, "geometry": {"type": "LineString", "coordinates": [[116.3106191, 39.9820899], [116.31064, 39.981874]]}}, {"type": "Feature", "properties": {"highway": "steps", "name": "", "bridge": "yes", "tunnel": "", "layer": "1", "source": "osm"}, "geometry": {"type": "LineString", "coordinates": [[116.3103402, 39.9860167], [116.3103546, 39.9858756]]}}, {"type": "Feature", "properties": {"highway": "footway", "name": "", "bridge": "", "tunnel": "", "layer": "", "source": "osm"}, "geometry": {"type": "LineString", "coordinates": [[116.310043, 39.9819704], [116.3100364, 39.9821893], [116.3100864, 39.9821903], [116.3101124, 39.9818229]]}}, {"type": "Feature", "properties": {"highway": "footway", "name": "", "bridge": "yes", "tunnel": "", "layer": "1", "source": "osm"}, "geometry": {"type": "LineString", "coordinates": [[116.3097031, 39.9818026], [116.3101124, 39.9818229], [116.3102981, 39.9818409], [116.31064, 39.981874], [116.310672, 39.9818771], [116.3108538, 39.9819546], [116.3109157, 39.9819705]]}}, {"type": "Feature", "properties": {"highway": "footway", "name": "", "bridge": "yes", "tunnel": "", "layer": "1", "source": "osm"}, "geometry": {"type": "LineString", "coordinates": [[116.3111642, 39.9770575], [116.3112028, 39.9769472], [116.3113242, 39.976663]]}}, {"type": "Feature", "properties": {"highway": "footway", "name": "", "bridge": "yes", "tunnel": "", "layer": "1", "source": "osm"}, "geometry": {"type": "LineString", "coordinates": [[116.3109764, 39.9792929], [116.3109849, 39.9791352], [116.3109962, 39.9789268]]}}, {"type": "Feature", "properties": {"highway": "footway", "name": "", "bridge": "yes", "tunnel": "", "layer": "1", "source": "osm"}, "geometry": {"type": "LineString", "coordinates": [[116.3104784, 39.9769904], [116.3105306, 39.9768461], [116.3106208, 39.9765652]]}}, {"type": "Feature", "properties": {"highway": "footway", "name": "", "bridge": "yes", "tunnel": "", "layer": "1", "source": "osm"}, "geometry": {"type": "LineString", "coordinates": [[116.3104502, 39.9794151], [116.310473, 39.9791184], [116.3104832, 39.9789854]]}}, {"type": "Feature", "properties": {"highway": "primary_link", "name": "", "bridge": "", "tunnel": "", "layer": "", "source": "osm"}, "geometry": {"type": "LineString", "coordinates": [[116.3106146, 39.977826], [116.3106457, 39.97776], [116.3107084, 39.9777386], [116.3107812, 39.9777364], [116.3108413, 39.9777489], [116.3109132, 39.9778346]]}}, {"type": "Feature", "properties": {"highway": "primary_link", "name": "", "bridge": "", "tunnel": "", "layer": "", "source": "osm"}, "geometry": {"type": "LineString", "coordinates": [[116.3109612, 39.9772553], [116.310921, 39.977292], [116.310829, 39.9773274], [116.3106944, 39.9773128], [116.3106102, 39.9772196]]}}, {"type": "Feature", "properties": {"highway": "steps", "name": "", "bridge": "", "tunnel": "", "layer": "1", "source": "osm"}, "geometry": {"type": "LineString", "coordinates": [[116.3138022, 39.9680867], [116.3138899, 39.967855]]}}, {"type": "Feature", "properties": {"highway": "steps", "name": "", "bridge": "", "tunnel": "", "layer": "1", "source": "osm"}, "geometry": {"type": "LineString", "coordinates": [[116.314475, 39.968125], [116.3145303, 39.9679998]]}}, {"type": "Feature", "properties": {"highway": "residential", "name": "福缘门路", "bridge": "", "tunnel": "", "layer": "", "source": "osm"}, "geometry": {"type": "LineString", "coordinates": [[116.2946853, 40.0017199], [116.2949027, 40.0001791], [116.295358, 39.999799], [116.2955495, 39.9995712], [116.2955812, 39.9993763], [116.2955823, 39.9992752], [116.2955499, 39.9991085], [116.2954327, 39.9990183], [116.2951662, 39.9989253], [116.2948929, 39.9987118], [116.2948248, 39.9986585], [116.2948368, 39.9985524], [116.2948533, 39.9984058], [116.2951226, 39.9960164]]}}, {"type": "Feature", "properties": {"highway": "secondary", "name": "成府路", "bridge": "", "tunnel": "", "layer": "", "source": "osm"}, "geometry": {"type": "LineString", "coordinates": [[116.3307405, 39.9915743], [116.3306293, 39.9915701], [116.3302712, 39.9915566], [116.3295771, 39.9915305]]}}, {"type": "Feature", "properties": {"highway": "secondary", "name": "", "bridge": "", "tunnel": "", "layer": "", "source": "osm"}, "geometry": {"type": "LineString", "coordinates": [[116.3308435, 39.9915777], [116.3307405, 39.9915743]]}}, {"type": "Feature", "properties": {"highway": "secondary", "name": "成府路", "bridge": "", "tunnel": "", "layer": "", "source": "osm"}, "geometry": {"type": "LineString", "coordinates": [[116.3308149, 39.9914889], [116.3309366, 39.9914918], [116.3314977, 39.9915052], [116.3318312, 39.9915134], [116.332677, 39.9915353], [116.3330009, 39.9915426], [116.3336011, 39.9915563], [116.3339762, 39.9915649], [116.3341782, 39.9915695]]}}, {"type": "Feature", "properties": {"highway": "secondary", "name": "", "bridge": "", "tunnel": "", "layer": "", "source": "osm"}, "geometry": {"type": "LineString", "coordinates": [[116.3307405, 39.9915743], [116.3308149, 39.9914889]]}}, {"type": "Feature", "properties": {"highway": "service", "name": "", "bridge": "", "tunnel": "", "layer": "", "source": "osm"}, "geometry": {"type": "LineString", "coordinates": [[116.3332887, 39.9811781], [116.3332788, 39.9812433], [116.3332709, 39.981293], [116.3332647, 39.9813299]]}}, {"type": "Feature", "properties": {"highway": "service", "name": "", "bridge": "", "tunnel": "", "layer": "", "source": "osm"}, "geometry": {"type": "LineString", "coordinates": [[116.3326447, 39.9845649], [116.3342167, 39.9846137], [116.334441, 39.9846207], [116.3345432, 39.9846247]]}}, {"type": "Feature", "properties": {"highway": "service", "name": "", "bridge": "", "tunnel": "", "layer": "", "source": "osm"}, "geometry": {"type": "LineString", "coordinates": [[116.3332887, 39.9811781], [116.3335047, 39.9811963], [116.3335351, 39.9809906], [116.3333355, 39.9809741]]}}, {"type": "Feature", "properties": {"highway": "footway", "name": "", "bridge": "", "tunnel": "", "layer": "", "source": "osm"}, "geometry": {"type": "LineString", "coordinates": [[116.3344576, 39.9811104], [116.3345504, 39.9806033], [116.3346958, 39.9798087], [116.3347673, 39.9792833], [116.3348211, 39.9787868], [116.3348441, 39.9785738], [116.3348491, 39.978528], [116.3347779, 39.9784557], [116.3346046, 39.97828], [116.3345093, 39.9781834], [116.3343588, 39.9780308], [116.3343239, 39.9779954], [116.334285, 39.9779559], [116.3339013, 39.9776031], [116.3337491, 39.9775754]]}}, {"type": "Feature", "properties": {"highway": "steps", "name": "", "bridge": "", "tunnel": "", "layer": "", "source": "osm"}, "geometry": {"type": "LineString", "coordinates": [[116.3354256, 39.9749053], [116.3354273, 39.9748496]]}}, {"type": "Feature", "properties": {"highway": "footway", "name": "", "bridge": "", "tunnel": "", "layer": "", "source": "osm"}, "geometry": {"type": "LineString", "coordinates": [[116.3343061, 39.9748238], [116.3346688, 39.9748316], [116.3352664, 39.9748445], [116.3352678, 39.9748269], [116.3353236, 39.9748284], [116.3353242, 39.9748039], [116.3353265, 39.9747064], [116.3353289, 39.9746055], [116.3353298, 39.9745684], [116.3354926, 39.9745721], [116.3356534, 39.9745744]]}}, {"type": "Feature", "properties": {"highway": "steps", "name": "", "bridge": "", "tunnel": "", "layer": "", "source": "osm"}, "geometry": {"type": "LineString", "coordinates": [[116.3352664, 39.9748445], [116.3354273, 39.9748496]]}}, {"type": "Feature", "properties": {"highway": "service", "name": "", "bridge": "", "tunnel": "", "layer": "", "source": "osm"}, "geometry": {"type": "LineString", "coordinates": [[116.3351151, 39.9777453], [116.3350598, 39.9777437], [116.3348972, 39.9777264]]}}, {"type": "Feature", "properties": {"highway": "footway", "name": "", "bridge": "", "tunnel": "", "layer": "", "source": "osm"}, "geometry": {"type": "LineString", "coordinates": [[116.3318247, 39.9749877], [116.3319988, 39.9749473], [116.333729, 39.9749127], [116.3343846, 39.9748858], [116.3354256, 39.9749053], [116.3372222, 39.9749112], [116.337401, 39.9749089]]}}, {"type": "Feature", "properties": {"highway": "service", "name": "", "bridge": "", "tunnel": "", "layer": "", "source": "osm"}, "geometry": {"type": "LineString", "coordinates": [[116.3348829, 39.9747029], [116.3353265, 39.9747064], [116.3361531, 39.9747175], [116.3365228, 39.9747771]]}}, {"type": "Feature", "properties": {"highway": "footway", "name": "", "bridge": "", "tunnel": "", "layer": "", "source": "osm"}, "geometry": {"type": "LineString", "coordinates": [[116.3405731, 39.9752737], [116.3395387, 39.9752625], [116.3394622, 39.9753038], [116.3393813, 39.9753046], [116.339261, 39.9753057], [116.3386619, 39.9752956], [116.3380781, 39.9752961], [116.3380115, 39.9752672], [116.3379832, 39.9752669], [116.3373058, 39.9752668], [116.3372294, 39.9752668], [116.3342794, 39.9752385], [116.334233, 39.9752336], [116.3339668, 39.9752056], [116.3336449, 39.9752332], [116.3334882, 39.9752355], [116.3317956, 39.9752698], [116.330442, 39.9753042], [116.3291116, 39.9753736]]}}, {"type": "Feature", "properties": {"highway": "tertiary", "name": "", "bridge": "", "tunnel": "", "layer": "", "source": "osm"}, "geometry": {"type": "LineString", "coordinates": [[116.3389635, 39.9854735], [116.3384218, 39.9855235], [116.3382233, 39.9855477], [116.3381592, 39.9855454], [116.3372368, 39.9855124], [116.3357762, 39.9854683], [116.3353517, 39.9854554], [116.3349131, 39.9854423], [116.3347852, 39.9854436], [116.3347337, 39.9854428], [116.3346095, 39.9854432], [116.3344996, 39.9854469]]}}, {"type": "Feature", "properties": {"highway": "footway", "name": "", "bridge": "", "tunnel": "", "layer": "", "source": "osm"}, "geometry": {"type": "LineString", "coordinates": [[116.3339993, 39.9815647], [116.3340754, 39.9811097], [116.3340656, 39.9810507], [116.3340777, 39.9810363], [116.3340703, 39.9809522]]}}, {"type": "Feature", "properties": {"highway": "footway", "name": "", "bridge": "", "tunnel": "", "layer": "", "source": "osm"}, "geometry": {"type": "LineString", "coordinates": [[116.3327873, 39.9830394], [116.3328743, 39.9830379], [116.3330606, 39.9830414], [116.3332491, 39.9830449], [116.3333838, 39.9830474], [116.3334193, 39.983048], [116.333515, 39.9830496], [116.3335251, 39.983047], [116.3335563, 39.9830402], [116.3335938, 39.9830192], [116.3336183, 39.9830054], [116.3337457, 39.9828916], [116.3337712, 39.9828688], [116.333903, 39.9827559], [116.3341574, 39.9825379], [116.3342178, 39.9825122], [116.3343479, 39.982505], [116.3345521, 39.9825111], [116.3346033, 39.9825116]]}}, {"type": "Feature", "properties": {"highway": "footway", "name": "", "bridge": "", "tunnel": "", "layer": "", "source": "osm"}, "geometry": {"type": "LineString", "coordinates": [[116.3328432, 39.9815185], [116.3329801, 39.9807249], [116.3330366, 39.980723], [116.3330469, 39.9807223], [116.3331039, 39.9807183], [116.3331607, 39.9807143], [116.333272, 39.9807064], [116.333554, 39.9806865], [116.3337141, 39.9806726], [116.333961, 39.9806512], [116.3341151, 39.9806378], [116.3341017, 39.9807322], [116.3340806, 39.9808389], [116.3340703, 39.9809522]]}}, {"type": "Feature", "properties": {"highway": "footway", "name": "", "bridge": "", "tunnel": "", "layer": "", "source": "osm"}, "geometry": {"type": "LineString", "coordinates": [[116.3343072, 39.9822433], [116.3340988, 39.9823803], [116.3339352, 39.9824961], [116.3338983, 39.9827091]]}}, {"type": "Feature", "properties": {"highway": "footway", "name": "", "bridge": "", "tunnel": "", "layer": "", "source": "osm"}, "geometry": {"type": "LineString", "coordinates": [[116.3341786, 39.9785719], [116.3342337, 39.9785004], [116.3343057, 39.9784141], [116.3345093, 39.9781834], [116.3346385, 39.9780499], [116.3348052, 39.9778641], [116.3349405, 39.9778162], [116.3350452, 39.9778133], [116.3350911, 39.977812]]}}, {"type": "Feature", "properties": {"highway": "service", "name": "", "bridge": "", "tunnel": "", "layer": "", "source": "osm"}, "geometry": {"type": "LineString", "coordinates": [[116.3125844, 39.9840907], [116.3125878, 39.9839917]]}}, {"type": "Feature", "properties": {"highway": "tertiary", "name": "中关村南三街", "bridge": "yes", "tunnel": "", "layer": "1", "source": "osm"}, "geometry": {"type": "LineString", "coordinates": [[116.321115, 39.9847369], [116.3211279, 39.984223]]}}, {"type": "Feature", "properties": {"highway": "service", "name": "", "bridge": "", "tunnel": "", "layer": "", "source": "osm"}, "geometry": {"type": "LineString", "coordinates": [[116.3232227, 39.9848029], [116.3231684, 39.9847684]]}}, {"type": "Feature", "properties": {"highway": "service", "name": "", "bridge": "", "tunnel": "", "layer": "", "source": "osm"}, "geometry": {"type": "LineString", "coordinates": [[116.3235569, 39.9848162], [116.3235552, 39.9847802]]}}, {"type": "Feature", "properties": {"highway": "service", "name": "", "bridge": "", "tunnel": "", "layer": "", "source": "osm"}, "geometry": {"type": "LineString", "coordinates": [[116.3231755, 39.9844301], [116.323235, 39.9843076]]}}, {"type": "Feature", "properties": {"highway": "service", "name": "", "bridge": "", "tunnel": "", "layer": "", "source": "osm"}, "geometry": {"type": "LineString", "coordinates": [[116.3235704, 39.9844422], [116.3235865, 39.9843352]]}}, {"type": "Feature", "properties": {"highway": "service", "name": "", "bridge": "", "tunnel": "", "layer": "", "source": "osm"}, "geometry": {"type": "LineString", "coordinates": [[116.312106, 39.9840797], [116.31211, 39.9839747]]}}, {"type": "Feature", "properties": {"highway": "service", "name": "", "bridge": "", "tunnel": "", "layer": "", "source": "osm"}, "geometry": {"type": "LineString", "coordinates": [[116.3125874, 39.9844917], [116.3125893, 39.9844361]]}}, {"type": "Feature", "properties": {"highway": "service", "name": "", "bridge": "", "tunnel": "", "layer": "", "source": "osm"}, "geometry": {"type": "LineString", "coordinates": [[116.3120901, 39.9844812], [116.312092, 39.9844247]]}}, {"type": "Feature", "properties": {"highway": "footway", "name": "", "bridge": "yes", "tunnel": "", "layer": "1", "source": "osm"}, "geometry": {"type": "LineString", "coordinates": [[116.309734, 39.9837847], [116.309674, 39.9845829]]}}, {"type": "Feature", "properties": {"highway": "tertiary", "name": "中关村南三街", "bridge": "", "tunnel": "", "layer": "", "source": "osm"}, "geometry": {"type": "LineString", "coordinates": [[116.3211279, 39.984223], [116.3211299, 39.9841426], [116.3211313, 39.9840857], [116.3211407, 39.9837092], [116.3211519, 39.9832567], [116.3211721, 39.982917], [116.3212024, 39.9824092], [116.3212065, 39.9823411], [116.3212491, 39.9816268], [116.3212806, 39.9813085], [116.3212966, 39.9808292], [116.3213111, 39.980636], [116.3213845, 39.979661]]}}, {"type": "Feature", "properties": {"highway": "secondary", "name": "中关村东路", "bridge": "yes", "tunnel": "", "layer": "1", "source": "osm"}, "geometry": {"type": "LineString", "coordinates": [[116.3270379, 39.984904], [116.3270462, 39.9845763]]}}, {"type": "Feature", "properties": {"highway": "secondary", "name": "中关村东路", "bridge": "yes", "tunnel": "", "layer": "1", "source": "osm"}, "geometry": {"type": "LineString", "coordinates": [[116.3271833, 39.9845828], [116.3271773, 39.9849106]]}}, {"type": "Feature", "properties": {"highway": "tertiary", "name": "", "bridge": "", "tunnel": "", "layer": "", "source": "osm"}, "geometry": {"type": "LineString", "coordinates": [[116.3345412, 39.9846981], [116.3345432, 39.9846247]]}}, {"type": "Feature", "properties": {"highway": "unclassified", "name": "", "bridge": "", "tunnel": "", "layer": "", "source": "osm"}, "geometry": {"type": "LineString", "coordinates": [[116.3344996, 39.9854469], [116.3343849, 39.9854507], [116.3342843, 39.9854891], [116.3336665, 39.9854707], [116.3326056, 39.9854393], [116.3325232, 39.9854601], [116.3324592, 39.9855107], [116.3323378, 39.9862217], [116.3323337, 39.9862451], [116.3322664, 39.9866269], [116.3322508, 39.9867154], [116.3322227, 39.986936], [116.3321594, 39.9874329], [116.332146, 39.9875382], [116.3321222, 39.987725], [116.332028, 39.9894235]]}}, {"type": "Feature", "properties": {"highway": "residential", "name": "", "bridge": "", "tunnel": "", "layer": "", "source": "osm"}, "geometry": {"type": "LineString", "coordinates": [[116.3393885, 39.9751246], [116.3393868, 39.9751906], [116.3393813, 39.9753046], [116.3393635, 39.9757893], [116.339343, 39.976529], [116.3393393, 39.976661], [116.339289, 39.9767039], [116.3392148, 39.9767672], [116.3389641, 39.9768627], [116.3388715, 39.9768979], [116.338369, 39.9770803], [116.3380987, 39.9771496], [116.3377908, 39.9771954], [116.3375047, 39.977186], [116.3356416, 39.9771247], [116.3354403, 39.9771223], [116.335377, 39.9771215]]}}, {"type": "Feature", "properties": {"highway": "tertiary", "name": "", "bridge": "", "tunnel": "", "layer": "", "source": "osm"}, "geometry": {"type": "LineString", "coordinates": [[116.3113997, 39.9746083], [116.3116, 39.9745967]]}}, {"type": "Feature", "properties": {"highway": "footway", "name": "", "bridge": "", "tunnel": "", "layer": "", "source": "osm"}, "geometry": {"type": "LineString", "coordinates": [[116.33463, 39.981629], [116.334519, 39.9815724], [116.3340642, 39.9815667], [116.3339993, 39.9815647], [116.3338118, 39.9815558]]}}, {"type": "Feature", "properties": {"highway": "footway", "name": "", "bridge": "", "tunnel": "", "layer": "", "source": "osm"}, "geometry": {"type": "LineString", "coordinates": [[116.3347928, 39.9846047], [116.3346949, 39.9845933], [116.3347101, 39.983846], [116.3346295, 39.9837638], [116.3346652, 39.983193], [116.3346908, 39.9824748], [116.3347195, 39.981636], [116.3346732, 39.9816118], [116.3348795, 39.9797133]]}}, {"type": "Feature", "properties": {"highway": "footway", "name": "", "bridge": "", "tunnel": "", "layer": "", "source": "osm"}, "geometry": {"type": "LineString", "coordinates": [[116.3366153, 39.9754734], [116.3366246, 39.9754773], [116.3367747, 39.9754858], [116.3369036, 39.9754855]]}}, {"type": "Feature", "properties": {"highway": "tertiary", "name": "大运村路", "bridge": "", "tunnel": "", "layer": "", "source": "osm"}, "geometry": {"type": "LineString", "coordinates": [[116.335377, 39.9771215], [116.3351151, 39.9777453], [116.3350911, 39.977812], [116.3350629, 39.9779418], [116.3349471, 39.9786762], [116.3348297, 39.9797245], [116.3347371, 39.9806079], [116.334631, 39.981619], [116.33463, 39.981629], [116.3346016, 39.9824678], [116.3346033, 39.9825116], [116.3345891, 39.9831923], [116.3345809, 39.9834146], [116.3345696, 39.9837833]]}}, {"type": "Feature", "properties": {"highway": "footway", "name": "", "bridge": "", "tunnel": "", "layer": "", "source": "osm"}, "geometry": {"type": "LineString", "coordinates": [[116.3204104, 39.9910452], [116.3211146, 39.9910566], [116.3224289, 39.9911048], [116.3228604, 39.9911155], [116.3234595, 39.9911407], [116.3235188, 39.9911405], [116.3246898, 39.9911374], [116.3252409, 39.9911587], [116.3253107, 39.9911615], [116.325836, 39.9911818], [116.3264813, 39.991209], [116.3266515, 39.9887374], [116.3266786, 39.9881228], [116.326719, 39.987207], [116.3267482, 39.9868566], [116.326765, 39.9866547], [116.3268291, 39.9855756], [116.3268296, 39.9855649], [116.3268531, 39.9850588], [116.3268523, 39.9850409]]}}, {"type": "Feature", "properties": {"highway": "footway", "name": "", "bridge": "", "tunnel": "", "layer": "", "source": "osm"}, "geometry": {"type": "LineString", "coordinates": [[116.3228604, 39.9911155], [116.3228594, 39.9911339]]}}, {"type": "Feature", "properties": {"highway": "service", "name": "", "bridge": "", "tunnel": "", "layer": "", "source": "osm"}, "geometry": {"type": "LineString", "coordinates": [[116.3229641, 39.9929862], [116.3237485, 39.9930118]]}}, {"type": "Feature", "properties": {"highway": "footway", "name": "", "bridge": "", "tunnel": "", "layer": "", "source": "osm"}, "geometry": {"type": "LineString", "coordinates": [[116.3224289, 39.9911048], [116.3224311, 39.9911242]]}}, {"type": "Feature", "properties": {"highway": "footway", "name": "", "bridge": "", "tunnel": "", "layer": "", "source": "osm"}, "geometry": {"type": "LineString", "coordinates": [[116.3255756, 39.9919215], [116.3260114, 39.9919298]]}}, {"type": "Feature", "properties": {"highway": "footway", "name": "", "bridge": "", "tunnel": "", "layer": "", "source": "osm"}, "geometry": {"type": "LineString", "coordinates": [[116.3260114, 39.9919298], [116.3260231, 39.9915832]]}}, {"type": "Feature", "properties": {"highway": "cycleway", "name": "", "bridge": "", "tunnel": "", "layer": "", "source": "osm"}, "geometry": {"type": "LineString", "coordinates": [[116.3226751, 39.9932318], [116.3226234, 39.9931537], [116.3228125, 39.9915004], [116.3228233, 39.991406]]}}, {"type": "Feature", "properties": {"highway": "service", "name": "", "bridge": "", "tunnel": "", "layer": "", "source": "osm"}, "geometry": {"type": "LineString", "coordinates": [[116.3258347, 39.991249], [116.325836, 39.9911818], [116.3258383, 39.9908819]]}}, {"type": "Feature", "properties": {"highway": "cycleway", "name": "", "bridge": "", "tunnel": "", "layer": "", "source": "osm"}, "geometry": {"type": "LineString", "coordinates": [[116.3229421, 39.9914095], [116.3229341, 39.991502], [116.3227902, 39.9931665], [116.3227242, 39.9932335]]}}, {"type": "Feature", "properties": {"highway": "residential", "name": "", "bridge": "", "tunnel": "", "layer": "", "source": "osm"}, "geometry": {"type": "LineString", "coordinates": [[116.3229082, 39.9914078], [116.3228987, 39.9915021], [116.3227242, 39.9932335], [116.3226948, 39.9933456]]}}, {"type": "Feature", "properties": {"highway": "footway", "name": "", "bridge": "", "tunnel": "", "layer": "", "source": "osm"}, "geometry": {"type": "LineString", "coordinates": [[116.3274497, 39.9851549], [116.3274001, 39.9851831], [116.3273385, 39.985812], [116.3272971, 39.9860497], [116.3272949, 39.9861254], [116.3272881, 39.9862024], [116.3272468, 39.986672], [116.3272372, 39.9868136], [116.3272122, 39.9871836], [116.3272024, 39.9873931], [116.3271937, 39.9875791], [116.3271718, 39.9881314], [116.3271634, 39.9883898], [116.3270903, 39.9901822], [116.3271157, 39.9902542], [116.327142, 39.9903288], [116.3271173, 39.9907459], [116.3270691, 39.9912217], [116.3282558, 39.9912749], [116.3286438, 39.9912916], [116.3290577, 39.9912877], [116.3294429, 39.9912942], [116.3306061, 39.9913436], [116.3306372, 39.9913313], [116.3306566, 39.9913236], [116.3306777, 39.9912769], [116.3309059, 39.9902979], [116.3310522, 39.9896641], [116.3311968, 39.9890078], [116.3312738, 39.9885384], [116.3313261, 39.9883182], [116.3314193, 39.9869368], [116.331415, 39.9868816]]}}, {"type": "Feature", "properties": {"highway": "service", "name": "三才堂南街", "bridge": "", "tunnel": "", "layer": "", "source": "osm"}, "geometry": {"type": "LineString", "coordinates": [[116.3253258, 39.9898599], [116.3238366, 39.9898075], [116.3233205, 39.9897945], [116.3231628, 39.9897856], [116.3224288, 39.9897439]]}}, {"type": "Feature", "properties": {"highway": "footway", "name": "", "bridge": "", "tunnel": "", "layer": "", "source": "osm"}, "geometry": {"type": "LineString", "coordinates": [[116.3158303, 39.9912809], [116.3166829, 39.9913087], [116.3180606, 39.9913625], [116.319432, 39.991399], [116.3203813, 39.9914426], [116.3206928, 39.99145], [116.3214335, 39.9914676], [116.3218114, 39.9914766], [116.3228125, 39.9915004], [116.3228503, 39.9915001], [116.3228987, 39.9915021], [116.3229341, 39.991502], [116.3238222, 39.9915124], [116.323873, 39.9915136], [116.3247673, 39.9915394], [116.3256691, 39.9915705], [116.3260231, 39.9915832], [116.3264087, 39.9915849], [116.3264648, 39.9915962], [116.3264751, 39.9916671], [116.3264822, 39.9920231]]}}, {"type": "Feature", "properties": {"highway": "tertiary", "name": "北四环西路", "bridge": "", "tunnel": "", "layer": "", "source": "osm"}, "geometry": {"type": "LineString", "coordinates": [[116.3284589, 39.9850285], [116.3274546, 39.9849864], [116.3273333, 39.9849813], [116.3272681, 39.9849804], [116.3271771, 39.9849791]]}}, {"type": "Feature", "properties": {"highway": "tertiary", "name": "北四环中路", "bridge": "", "tunnel": "", "layer": "-1", "source": "osm"}, "geometry": {"type": "LineString", "coordinates": [[116.3381199, 39.9854315], [116.3334491, 39.9852441]]}}, {"type": "Feature", "properties": {"highway": "secondary", "name": "", "bridge": "", "tunnel": "", "layer": "", "source": "osm"}, "geometry": {"type": "LineString", "coordinates": [[116.3342723, 39.9915742], [116.3342574, 39.9916574]]}}, {"type": "Feature", "properties": {"highway": "footway", "name": "", "bridge": "yes", "tunnel": "", "layer": "1", "source": "osm"}, "geometry": {"type": "LineString", "coordinates": [[116.3343911, 39.9853632], [116.334437, 39.9846929]]}}, {"type": "Feature", "properties": {"highway": "footway", "name": "", "bridge": "yes", "tunnel": "", "layer": "1", "source": "osm"}, "geometry": {"type": "LineString", "coordinates": [[116.3347881, 39.9847102], [116.334745, 39.9853806]]}}, {"type": "Feature", "properties": {"highway": "footway", "name": "", "bridge": "", "tunnel": "", "layer": "", "source": "osm"}, "geometry": {"type": "LineString", "coordinates": [[116.3347928, 39.9846047], [116.334791, 39.9846345], [116.3347881, 39.9847102]]}}, {"type": "Feature", "properties": {"highway": "footway", "name": "", "bridge": "", "tunnel": "", "layer": "", "source": "osm"}, "geometry": {"type": "LineString", "coordinates": [[116.334437, 39.9846929], [116.334441, 39.9846207], [116.3344437, 39.9845845], [116.3344742, 39.983991], [116.33449, 39.9836836], [116.3345143, 39.9832179], [116.3345303, 39.9829109], [116.334549, 39.9826329]]}}, {"type": "Feature", "properties": {"highway": "footway", "name": "", "bridge": "", "tunnel": "", "layer": "", "source": "osm"}, "geometry": {"type": "LineString", "coordinates": [[116.3340668, 39.9914922], [116.3340679, 39.9914665], [116.3341556, 39.9894811], [116.3343292, 39.9864601], [116.334386, 39.9854885], [116.3343849, 39.9854507], [116.3343911, 39.9853632]]}}, {"type": "Feature", "properties": {"highway": "footway", "name": "", "bridge": "", "tunnel": "", "layer": "", "source": "osm"}, "geometry": {"type": "LineString", "coordinates": [[116.3342843, 39.9854891], [116.334386, 39.9854885], [116.3344926, 39.985484], [116.3346095, 39.985484], [116.3347336, 39.9854788], [116.3349126, 39.9854799], [116.3353489, 39.9854898], [116.3357731, 39.9855009], [116.3372247, 39.9855895], [116.3382317, 39.9856398], [116.3384158, 39.9856244], [116.3386481, 39.9856084]]}}, {"type": "Feature", "properties": {"highway": "footway", "name": "", "bridge": "", "tunnel": "", "layer": "", "source": "osm"}, "geometry": {"type": "LineString", "coordinates": [[116.334745, 39.9853806], [116.3347337, 39.9854428], [116.3347336, 39.9854788], [116.3346874, 39.9857271], [116.3345114, 39.9883659], [116.3344679, 39.9890186], [116.3344512, 39.989269], [116.3344297, 39.9895918], [116.3343479, 39.9914412], [116.334392, 39.991466], [116.3351425, 39.9914933]]}}, {"type": "Feature", "properties": {"highway": "secondary", "name": "展春园西路", "bridge": "", "tunnel": "", "layer": "", "source": "osm"}, "geometry": {"type": "LineString", "coordinates": [[116.3344996, 39.9854469], [116.3345037, 39.9853687]]}}, {"type": "Feature", "properties": {"highway": "secondary", "name": "展春园西路", "bridge": "", "tunnel": "", "layer": "", "source": "osm"}, "geometry": {"type": "LineString", "coordinates": [[116.3346095, 39.9854432], [116.3346095, 39.985484], [116.3346006, 39.9857245], [116.3345148, 39.9871438], [116.3344017, 39.9890154], [116.3343668, 39.9895932], [116.3343216, 39.9905719], [116.3342809, 39.9914515], [116.3342788, 39.9914978], [116.3342723, 39.9915742]]}}, {"type": "Feature", "properties": {"highway": "service", "name": "", "bridge": "", "tunnel": "", "layer": "", "source": "osm"}, "geometry": {"type": "LineString", "coordinates": [[116.3336665, 39.9854707], [116.3336198, 39.9855192], [116.3334941, 39.9856929]]}}, {"type": "Feature", "properties": {"highway": "secondary", "name": "", "bridge": "yes", "tunnel": "", "layer": "1", "source": "osm"}, "geometry": {"type": "LineString", "coordinates": [[116.3346473, 39.9847033], [116.3346144, 39.9853742]]}}, {"type": "Feature", "properties": {"highway": "service", "name": "", "bridge": "", "tunnel": "", "layer": "", "source": "osm"}, "geometry": {"type": "LineString", "coordinates": [[116.3353386, 39.9858664], [116.3353497, 39.9855048], [116.3353489, 39.9854898], [116.3353517, 39.9854554]]}}, {"type": "Feature", "properties": {"highway": "service", "name": "", "bridge": "", "tunnel": "", "layer": "", "source": "osm"}, "geometry": {"type": "LineString", "coordinates": [[116.3346006, 39.9857245], [116.3346874, 39.9857271], [116.3348523, 39.9857294], [116.3349122, 39.9854951], [116.3349126, 39.9854799], [116.3349131, 39.9854423]]}}, {"type": "Feature", "properties": {"highway": "residential", "name": "", "bridge": "", "tunnel": "", "layer": "", "source": "osm"}, "geometry": {"type": "LineString", "coordinates": [[116.3350464, 39.9876831], [116.3356222, 39.987707], [116.3356462, 39.9873829]]}}, {"type": "Feature", "properties": {"highway": "footway", "name": "", "bridge": "", "tunnel": "", "layer": "", "source": "osm"}, "geometry": {"type": "LineString", "coordinates": [[116.336796, 39.9848294], [116.3377668, 39.9848737], [116.3377779, 39.9847966], [116.3377765, 39.9847405], [116.336757, 39.9847076], [116.3347928, 39.9846047]]}}, {"type": "Feature", "properties": {"highway": "footway", "name": "", "bridge": "", "tunnel": "", "layer": "", "source": "osm"}, "geometry": {"type": "LineString", "coordinates": [[116.3342167, 39.9846137], [116.3342153, 39.9845751], [116.3342094, 39.9845575], [116.3342257, 39.9843156], [116.3342472, 39.9839999], [116.3342573, 39.9838539], [116.3342593, 39.9838251], [116.3338903, 39.9835223], [116.3337364, 39.9833971], [116.3337265, 39.983389], [116.3336667, 39.9833164], [116.3336573, 39.9832589], [116.3337457, 39.9828916]]}}, {"type": "Feature", "properties": {"highway": "footway", "name": "", "bridge": "", "tunnel": "", "layer": "", "source": "osm"}, "geometry": {"type": "LineString", "coordinates": [[116.3346949, 39.9845933], [116.3346521, 39.9845911], [116.334545, 39.9845872], [116.3344437, 39.9845845], [116.3342153, 39.9845751], [116.3327152, 39.9845133], [116.3326485, 39.9845106]]}}, {"type": "Feature", "properties": {"highway": "footway", "name": "", "bridge": "", "tunnel": "", "layer": "", "source": "osm"}, "geometry": {"type": "LineString", "coordinates": [[116.3338118, 39.9815558], [116.3338712, 39.9811709], [116.3339197, 39.9808895], [116.333961, 39.9806512]]}}, {"type": "Feature", "properties": {"highway": "footway", "name": "", "bridge": "", "tunnel": "", "layer": "", "source": "osm"}, "geometry": {"type": "LineString", "coordinates": [[116.3336334, 39.9813626], [116.3336326, 39.9813815], [116.3336309, 39.9813946]]}}, {"type": "Feature", "properties": {"highway": "footway", "name": "", "bridge": "", "tunnel": "", "layer": "", "source": "osm"}, "geometry": {"type": "LineString", "coordinates": [[116.3347371, 39.9806079], [116.3346413, 39.9806014], [116.3345504, 39.9806033], [116.3341151, 39.9806378]]}}, {"type": "Feature", "properties": {"highway": "pedestrian", "name": "", "bridge": "", "tunnel": "", "layer": "", "source": "osm"}, "geometry": {"type": "LineString", "coordinates": [[116.3335601, 39.9824664], [116.3335638, 39.9824373], [116.3335798, 39.9823097], [116.333617, 39.9820138], [116.3335561, 39.9818879], [116.333591, 39.9817091], [116.3339713, 39.9817259], [116.3340018, 39.9817272], [116.3339804, 39.9818514], [116.3340582, 39.9819593], [116.3340267, 39.9821125], [116.3339819, 39.9823303], [116.3338518, 39.9824215], [116.3337605, 39.9824855], [116.3337578, 39.9825399], [116.3336689, 39.9826052], [116.333634, 39.9825607], [116.3336118, 39.9825324], [116.3335601, 39.9824664]]}}, {"type": "Feature", "properties": {"highway": "footway", "name": "", "bridge": "", "tunnel": "", "layer": "", "source": "osm"}, "geometry": {"type": "LineString", "coordinates": [[116.334519, 39.9815724], [116.3342709, 39.9813013], [116.3341439, 39.9811629], [116.3340656, 39.9810507], [116.3339364, 39.9808989], [116.3339197, 39.9808895], [116.3337141, 39.9806726], [116.3337118, 39.98067], [116.3336582, 39.9805445], [116.3337573, 39.9800143], [116.3338621, 39.9795048], [116.3339131, 39.9794382]]}}, {"type": "Feature", "properties": {"highway": "footway", "name": "", "bridge": "", "tunnel": "", "layer": "", "source": "osm"}, "geometry": {"type": "LineString", "coordinates": [[116.3339179, 39.9837497], [116.3338989, 39.9836936], [116.3336878, 39.9835258], [116.333639, 39.983487], [116.3335565, 39.9833957], [116.3335069, 39.983297], [116.3335069, 39.9831737], [116.3335251, 39.983047], [116.3335641, 39.9828102], [116.3336001, 39.9825918], [116.333634, 39.9825607]]}}, {"type": "Feature", "properties": {"highway": "footway", "name": "", "bridge": "", "tunnel": "", "layer": "", "source": "osm"}, "geometry": {"type": "LineString", "coordinates": [[116.3351312, 39.9779483], [116.3350629, 39.9779418], [116.3350214, 39.9779375], [116.3350452, 39.9778133], [116.3350598, 39.9777437], [116.3350994, 39.9776332], [116.3352057, 39.9774083], [116.3352613, 39.9772906], [116.3353353, 39.9771062], [116.3353624, 39.9770457], [116.3353985, 39.9769652], [116.3354454, 39.9767686], [116.335519, 39.9765857], [116.3356194, 39.9764233], [116.3357218, 39.9762761], [116.3358029, 39.9761946], [116.3359875, 39.9760301], [116.3362329, 39.975866], [116.3364372, 39.9757226], [116.3367747, 39.9754858]]}}, {"type": "Feature", "properties": {"highway": "footway", "name": "", "bridge": "", "tunnel": "", "layer": "", "source": "osm"}, "geometry": {"type": "LineString", "coordinates": [[116.3351312, 39.9779483], [116.3352178, 39.9776729], [116.335387, 39.9772784], [116.3354103, 39.9772101], [116.3354403, 39.9771223], [116.3356373, 39.9765929], [116.3357646, 39.9763806], [116.3359617, 39.9761807], [116.3367076, 39.9756641], [116.3373058, 39.9752668]]}}, {"type": "Feature", "properties": {"highway": "service", "name": "", "bridge": "", "tunnel": "", "layer": "", "source": "osm"}, "geometry": {"type": "LineString", "coordinates": [[116.335377, 39.9771215], [116.3353353, 39.9771062], [116.3352756, 39.9770911], [116.3352226, 39.9770777], [116.3351939, 39.9770715], [116.3349484, 39.9768454], [116.335033, 39.9763321], [116.3349637, 39.9762237], [116.335019, 39.9760185], [116.3349936, 39.9759876], [116.3348789, 39.9758961]]}}, {"type": "Feature", "properties": {"highway": "footway", "name": "", "bridge": "", "tunnel": "", "layer": "", "source": "osm"}, "geometry": {"type": "LineString", "coordinates": [[116.3338621, 39.9795048], [116.3340971, 39.9794704], [116.3341273, 39.9792821], [116.3341193, 39.9792106], [116.3341369, 39.9790494], [116.3342337, 39.9785004], [116.3343239, 39.9779954], [116.3343981, 39.9775463]]}}, {"type": "Feature", "properties": {"highway": "steps", "name": "", "bridge": "yes", "tunnel": "", "layer": "1", "source": "osm"}, "geometry": {"type": "LineString", "coordinates": [[116.3378986, 39.9749137], [116.3381966, 39.9749143]]}}, {"type": "Feature", "properties": {"highway": "steps", "name": "", "bridge": "", "tunnel": "", "layer": "", "source": "osm"}, "geometry": {"type": "LineString", "coordinates": [[116.3339877, 39.9752358], [116.3339885, 39.9752525]]}}, {"type": "Feature", "properties": {"highway": "footway", "name": "", "bridge": "", "tunnel": "", "layer": "", "source": "osm"}, "geometry": {"type": "LineString", "coordinates": [[116.3339343, 39.9748753], [116.3339456, 39.9747969]]}}, {"type": "Feature", "properties": {"highway": "steps", "name": "", "bridge": "", "tunnel": "", "layer": "", "source": "osm"}, "geometry": {"type": "LineString", "coordinates": [[116.3337907, 39.9746912], [116.3337943, 39.9746601]]}}, {"type": "Feature", "properties": {"highway": "steps", "name": "", "bridge": "", "tunnel": "", "layer": "", "source": "osm"}, "geometry": {"type": "LineString", "coordinates": [[116.3336331, 39.9752968], [116.333602, 39.9752972], [116.3335885, 39.9752974]]}}, {"type": "Feature", "properties": {"highway": "footway", "name": "", "bridge": "", "tunnel": "", "layer": "", "source": "osm"}, "geometry": {"type": "LineString", "coordinates": [[116.3355708, 39.9760257], [116.3358029, 39.9761946]]}}, {"type": "Feature", "properties": {"highway": "cycleway", "name": "", "bridge": "yes", "tunnel": "", "layer": "1", "source": "osm"}, "geometry": {"type": "LineString", "coordinates": [[116.334233, 39.9752336], [116.3343014, 39.9748482]]}}, {"type": "Feature", "properties": {"highway": "footway", "name": "", "bridge": "", "tunnel": "", "layer": "", "source": "osm"}, "geometry": {"type": "LineString", "coordinates": [[116.333729, 39.9749127], [116.3337298, 39.9748822]]}}, {"type": "Feature", "properties": {"highway": "footway", "name": "", "bridge": "", "tunnel": "", "layer": "", "source": "osm"}, "geometry": {"type": "LineString", "coordinates": [[116.3334058, 39.9752975], [116.3335885, 39.9752974]]}}, {"type": "Feature", "properties": {"highway": "footway", "name": "", "bridge": "", "tunnel": "", "layer": "", "source": "osm"}, "geometry": {"type": "LineString", "coordinates": [[116.3342773, 39.9752562], [116.3342794, 39.9752385]]}}, {"type": "Feature", "properties": {"highway": "steps", "name": "", "bridge": "", "tunnel": "", "layer": "", "source": "osm"}, "geometry": {"type": "LineString", "coordinates": [[116.3337715, 39.9748507], [116.333722, 39.9748504]]}}, {"type": "Feature", "properties": {"highway": "steps", "name": "", "bridge": "", "tunnel": "", "layer": "", "source": "osm"}, "geometry": {"type": "LineString", "coordinates": [[116.3340552, 39.9748715], [116.3340958, 39.9748701]]}}, {"type": "Feature", "properties": {"highway": "footway", "name": "", "bridge": "", "tunnel": "", "layer": "", "source": "osm"}, "geometry": {"type": "LineString", "coordinates": [[116.3338635, 39.9752536], [116.3338492, 39.9753243]]}}, {"type": "Feature", "properties": {"highway": "steps", "name": "", "bridge": "", "tunnel": "", "layer": "", "source": "osm"}, "geometry": {"type": "LineString", "coordinates": [[116.3336449, 39.9752332], [116.3336347, 39.9752568]]}}, {"type": "Feature", "properties": {"highway": "steps", "name": "", "bridge": "", "tunnel": "", "layer": "", "source": "osm"}, "geometry": {"type": "LineString", "coordinates": [[116.3337298, 39.9748822], [116.3337506, 39.9748815]]}}, {"type": "Feature", "properties": {"highway": "steps", "name": "", "bridge": "", "tunnel": "", "layer": "", "source": "osm"}, "geometry": {"type": "LineString", "coordinates": [[116.3343166, 39.975261], [116.3342773, 39.9752562]]}}, {"type": "Feature", "properties": {"highway": "steps", "name": "", "bridge": "", "tunnel": "", "layer": "", "source": "osm"}, "geometry": {"type": "LineString", "coordinates": [[116.3339696, 39.9752531], [116.3339668, 39.9752056]]}}, {"type": "Feature", "properties": {"highway": "footway", "name": "", "bridge": "", "tunnel": "", "layer": "", "source": "osm"}, "geometry": {"type": "LineString", "coordinates": [[116.3343179, 39.9752956], [116.3343166, 39.975261]]}}, {"type": "Feature", "properties": {"highway": "footway", "name": "", "bridge": "", "tunnel": "", "layer": "", "source": "osm"}, "geometry": {"type": "LineString", "coordinates": [[116.3337679, 39.9748809], [116.3337715, 39.9748507], [116.3337907, 39.9746912]]}}, {"type": "Feature", "properties": {"highway": "service", "name": "", "bridge": "", "tunnel": "", "layer": "", "source": "osm"}, "geometry": {"type": "LineString", "coordinates": [[116.3347537, 39.9773831], [116.3347477, 39.9774254]]}}, {"type": "Feature", "properties": {"highway": "footway", "name": "", "bridge": "", "tunnel": "", "layer": "", "source": "osm"}, "geometry": {"type": "LineString", "coordinates": [[116.3337236, 39.9747539], [116.333722, 39.9748504], [116.3335452, 39.974853]]}}, {"type": "Feature", "properties": {"highway": "footway", "name": "", "bridge": "yes", "tunnel": "", "layer": "1", "source": "osm"}, "geometry": {"type": "LineString", "coordinates": [[116.3340958, 39.9748701], [116.3340379, 39.9752351]]}}, {"type": "Feature", "properties": {"highway": "footway", "name": "", "bridge": "", "tunnel": "", "layer": "", "source": "osm"}, "geometry": {"type": "LineString", "coordinates": [[116.3337506, 39.9748815], [116.3337679, 39.9748809], [116.3339343, 39.9748753], [116.3340552, 39.9748715]]}}, {"type": "Feature", "properties": {"highway": "footway", "name": "", "bridge": "", "tunnel": "", "layer": "", "source": "osm"}, "geometry": {"type": "LineString", "coordinates": [[116.3366246, 39.9754773], [116.3366248, 39.9753952], [116.3365943, 39.9753953], [116.336246, 39.9753909], [116.3352515, 39.9753818], [116.3351793, 39.9753148]]}}, {"type": "Feature", "properties": {"highway": "footway", "name": "", "bridge": "", "tunnel": "", "layer": "", "source": "osm"}, "geometry": {"type": "LineString", "coordinates": [[116.334103, 39.9782448], [116.3339513, 39.9781104], [116.3337773, 39.9779283], [116.3337062, 39.9778236]]}}, {"type": "Feature", "properties": {"highway": "service", "name": "", "bridge": "", "tunnel": "", "layer": "", "source": "osm"}, "geometry": {"type": "LineString", "coordinates": [[116.3340895, 39.9752972], [116.3343179, 39.9752956], [116.3350738, 39.9753124], [116.3351793, 39.9753148], [116.3371369, 39.9753295]]}}, {"type": "Feature", "properties": {"highway": "footway", "name": "", "bridge": "", "tunnel": "", "layer": "", "source": "osm"}, "geometry": {"type": "LineString", "coordinates": [[116.3339885, 39.9752525], [116.3339696, 39.9752531], [116.3338635, 39.9752536], [116.3336347, 39.9752568], [116.3336331, 39.9752968]]}}, {"type": "Feature", "properties": {"highway": "footway", "name": "", "bridge": "", "tunnel": "", "layer": "", "source": "osm"}, "geometry": {"type": "LineString", "coordinates": [[116.3339131, 39.9794382], [116.3339701, 39.979331], [116.3340385, 39.979261], [116.3340716, 39.9792053], [116.3340864, 39.9791323], [116.3341092, 39.9789812], [116.3341786, 39.9785719]]}}, {"type": "Feature", "properties": {"highway": "footway", "name": "", "bridge": "", "tunnel": "", "layer": "", "source": "osm"}, "geometry": {"type": "LineString", "coordinates": [[116.3340379, 39.9752351], [116.3339877, 39.9752358]]}}, {"type": "Feature", "properties": {"highway": "residential", "name": "海淀西街", "bridge": "", "tunnel": "", "layer": "", "source": "osm"}, "geometry": {"type": "LineString", "coordinates": [[116.3033397, 39.982681], [116.3033449, 39.9825856], [116.3033751, 39.9820287], [116.3033804, 39.9819316], [116.3033835, 39.9818183], [116.3034002, 39.981218], [116.3034015, 39.9811705]]}}, {"type": "Feature", "properties": {"highway": "residential", "name": "海淀西街", "bridge": "", "tunnel": "", "layer": "", "source": "osm"}, "geometry": {"type": "LineString", "coordinates": [[116.3034015, 39.9811705], [116.3034061, 39.9810931], [116.3034082, 39.9810329], [116.3034486, 39.9798856], [116.3035018, 39.9789986], [116.3035064, 39.9789214], [116.3035069, 39.978849], [116.3035102, 39.9787829], [116.3035652, 39.977868], [116.3035726, 39.977745], [116.3035622, 39.9776515]]}}, {"type": "Feature", "properties": {"highway": "residential", "name": "", "bridge": "", "tunnel": "", "layer": "", "source": "osm"}, "geometry": {"type": "LineString", "coordinates": [[116.3167318, 39.9830675], [116.3186481, 39.9831395]]}}, {"type": "Feature", "properties": {"highway": "tertiary", "name": "万泉河路", "bridge": "", "tunnel": "", "layer": "", "source": "osm"}, "geometry": {"type": "LineString", "coordinates": [[116.2943732, 39.9841316], [116.2943676, 39.9841575], [116.2943012, 39.9844648], [116.2942048, 39.9852634], [116.2941606, 39.9855232], [116.2940499, 39.9861747], [116.2938582, 39.9866152], [116.2938308, 39.9868131], [116.2935851, 39.9885858]]}}, {"type": "Feature", "properties": {"highway": "service", "name": "", "bridge": "", "tunnel": "", "layer": "", "source": "osm"}, "geometry": {"type": "LineString", "coordinates": [[116.2971361, 39.9912994], [116.2971189, 39.9914042], [116.2969564, 39.9923917], [116.296896, 39.9927586], [116.2968626, 39.9929614], [116.2968565, 39.9929988]]}}, {"type": "Feature", "properties": {"highway": "residential", "name": "", "bridge": "yes", "tunnel": "", "layer": "1", "source": "osm"}, "geometry": {"type": "LineString", "coordinates": [[116.2942647, 39.993607], [116.2945315, 39.993562]]}}, {"type": "Feature", "properties": {"highway": "service", "name": "", "bridge": "", "tunnel": "", "layer": "", "source": "osm"}, "geometry": {"type": "LineString", "coordinates": [[116.2955971, 39.9931604], [116.2968565, 39.9929988], [116.2980291, 39.9930865], [116.2982433, 39.9931019], [116.2984019, 39.9931168]]}}, {"type": "Feature", "properties": {"highway": "service", "name": "", "bridge": "", "tunnel": "", "layer": "", "source": "osm"}, "geometry": {"type": "LineString", "coordinates": [[116.2956326, 39.9954032], [116.2956384, 39.9951041], [116.2956535, 39.9947866], [116.2956492, 39.9945569], [116.2955661, 39.9942984], [116.295567, 39.9942425], [116.2955725, 39.9938841], [116.2955827, 39.9935228], [116.295591, 39.9932276], [116.2955971, 39.9931604]]}}, {"type": "Feature", "properties": {"highway": "primary", "name": "中关村大街", "bridge": "", "tunnel": "", "layer": "", "source": "osm"}, "geometry": {"type": "LineString", "coordinates": [[116.3107687, 39.9795163], [116.3107122, 39.9797119], [116.3105803, 39.981373], [116.3105594, 39.9816038], [116.310499, 39.9823754], [116.310488, 39.9825161], [116.3104766, 39.9826609]]}}, {"type": "Feature", "properties": {"highway": "tertiary", "name": "中关村南路", "bridge": "", "tunnel": "", "layer": "", "source": "osm"}, "geometry": {"type": "LineString", "coordinates": [[116.3107687, 39.9795163], [116.3108756, 39.979521], [116.3109107, 39.979523], [116.3110416, 39.9795283], [116.3123719, 39.9795827], [116.3133831, 39.9796262], [116.3138576, 39.9796426]]}}, {"type": "Feature", "properties": {"highway": "footway", "name": "", "bridge": "", "tunnel": "", "layer": "", "source": "osm"}, "geometry": {"type": "LineString", "coordinates": [[116.3107619, 39.9823329], [116.3107496, 39.9824854], [116.3108171, 39.9824916], [116.3108538, 39.9819546]]}}, {"type": "Feature", "properties": {"highway": "tertiary", "name": "海淀东一街", "bridge": "", "tunnel": "", "layer": "", "source": "osm"}, "geometry": {"type": "LineString", "coordinates": [[116.3083536, 39.9796925], [116.308442, 39.9796589], [116.3087277, 39.9795645], [116.3090046, 39.9795094], [116.3092335, 39.979468], [116.3095294, 39.9794413], [116.309581, 39.9794366], [116.3103342, 39.9794629], [116.3104942, 39.9794685], [116.310528, 39.9794696], [116.3106014, 39.9794722]]}}, {"type": "Feature", "properties": {"highway": "footway", "name": "", "bridge": "", "tunnel": "", "layer": "", "source": "osm"}, "geometry": {"type": "LineString", "coordinates": [[116.312367, 39.9721208], [116.3123186, 39.9721086], [116.3122666, 39.9720955], [116.3122857, 39.9720446]]}}, {"type": "Feature", "properties": {"highway": "steps", "name": "", "bridge": "yes", "tunnel": "", "layer": "1", "source": "osm"}, "geometry": {"type": "LineString", "coordinates": [[116.3127769, 39.9721965], [116.3128514, 39.9720423]]}}, {"type": "Feature", "properties": {"highway": "footway", "name": "", "bridge": "yes", "tunnel": "", "layer": "1", "source": "osm"}, "geometry": {"type": "LineString", "coordinates": [[116.3090961, 39.9945912], [116.3091136, 39.9944244], [116.3091295, 39.9942728]]}}, {"type": "Feature", "properties": {"highway": "steps", "name": "", "bridge": "yes", "tunnel": "", "layer": "1", "source": "osm"}, "geometry": {"type": "LineString", "coordinates": [[116.3122857, 39.9720446], [116.3123466, 39.9719063]]}}, {"type": "Feature", "properties": {"highway": "footway", "name": "", "bridge": "", "tunnel": "", "layer": "", "source": "osm"}, "geometry": {"type": "LineString", "coordinates": [[116.3126106, 39.9723093], [116.3126521, 39.9723195], [116.3126945, 39.9723299]]}}, {"type": "Feature", "properties": {"highway": "footway", "name": "", "bridge": "yes", "tunnel": "", "layer": "1", "source": "osm"}, "geometry": {"type": "LineString", "coordinates": [[116.3095968, 39.9945897], [116.309611, 39.9944551], [116.3096232, 39.9943388]]}}, {"type": "Feature", "properties": {"highway": "footway", "name": "", "bridge": "", "tunnel": "", "layer": "", "source": "osm"}, "geometry": {"type": "LineString", "coordinates": [[116.3089212, 39.9964008], [116.3090675, 39.9964061], [116.3092292, 39.9964104], [116.3093485, 39.9964135]]}}, {"type": "Feature", "properties": {"highway": "tertiary", "name": "中关村北大街辅路", "bridge": "", "tunnel": "", "layer": "", "source": "osm"}, "geometry": {"type": "LineString", "coordinates": [[116.3091413, 39.9985965], [116.3092321, 39.9988348], [116.3092168, 39.9995771], [116.3092525, 40.0024017], [116.3092567, 40.0027315], [116.3092578, 40.0028188], [116.3092645, 40.0031604], [116.3092658, 40.0032248], [116.3093424, 40.0035458], [116.3094518, 40.0037703], [116.3096139, 40.0039756], [116.3098981, 40.0042053], [116.3102076, 40.0044453], [116.3106257, 40.0046062], [116.3110357, 40.0046797], [116.3119443, 40.0047365], [116.3122318, 40.0047852], [116.3126261, 40.0049601], [116.3129117, 40.0051911], [116.3131056, 40.0054354], [116.3132172, 40.0057376], [116.3132052, 40.0060432], [116.3131644, 40.0062812], [116.3130867, 40.0068687], [116.3129124, 40.0081304], [116.3127355, 40.009411], [116.3126397, 40.0103942], [116.3126014, 40.0107653], [116.3125616, 40.0112511], [116.3125575, 40.011297], [116.3125486, 40.0113982], [116.31253, 40.0114852], [116.3125123, 40.0116279], [116.3124792, 40.0118946], [116.3122537, 40.0137095], [116.3121459, 40.0141806], [116.3120736, 40.0143664], [116.3118485, 40.0149443], [116.3118143, 40.0150321], [116.311738, 40.0157795], [116.3116507, 40.0159385]]}}, {"type": "Feature", "properties": {"highway": "service", "name": "", "bridge": "", "tunnel": "", "layer": "", "source": "osm"}, "geometry": {"type": "LineString", "coordinates": [[116.2977013, 40.00074], [116.2976913, 40.0006178], [116.2976712, 40.0003709], [116.29763, 39.9998659], [116.2976112, 39.999635], [116.2976139, 39.9996015], [116.2976468, 39.9991976], [116.2976547, 39.9991], [116.2978268, 39.9969828], [116.2982395, 39.9964778], [116.298258, 39.9964026], [116.2983116, 39.9961848]]}}, {"type": "Feature", "properties": {"highway": "tertiary", "name": "北四环西路", "bridge": "", "tunnel": "", "layer": "-1", "source": "osm"}, "geometry": {"type": "LineString", "coordinates": [[116.3288051, 39.9845641], [116.3290379, 39.9845762], [116.3300926, 39.9846231], [116.3317256, 39.9847142], [116.3333858, 39.9847654], [116.3341265, 39.9847284]]}}, {"type": "Feature", "properties": {"highway": "footway", "name": "", "bridge": "yes", "tunnel": "", "layer": "1", "source": "osm"}, "geometry": {"type": "LineString", "coordinates": [[116.2981682, 39.9901706], [116.2982492, 39.9897095], [116.2982962, 39.9896788], [116.2990736, 39.9897455], [116.2990924, 39.9897332], [116.2991046, 39.9896007], [116.2991023, 39.9895864], [116.2990895, 39.9895784], [116.2990158, 39.9895729], [116.2989957, 39.9895802], [116.298983, 39.989599], [116.2989681, 39.9897045]]}}, {"type": "Feature", "properties": {"highway": "tertiary_link", "name": "", "bridge": "", "tunnel": "", "layer": "", "source": "osm"}, "geometry": {"type": "LineString", "coordinates": [[116.2993784, 39.9841551], [116.2994076, 39.9836246]]}}, {"type": "Feature", "properties": {"highway": "tertiary_link", "name": "", "bridge": "", "tunnel": "", "layer": "", "source": "osm"}, "geometry": {"type": "LineString", "coordinates": [[116.2995594, 39.9836355], [116.2995888, 39.9841687]]}}, {"type": "Feature", "properties": {"highway": "tertiary_link", "name": "", "bridge": "", "tunnel": "", "layer": "", "source": "osm"}, "geometry": {"type": "LineString", "coordinates": [[116.2993276, 39.98495], [116.2995435, 39.9849609]]}}, {"type": "Feature", "properties": {"highway": "service", "name": "", "bridge": "", "tunnel": "", "layer": "", "source": "osm"}, "geometry": {"type": "LineString", "coordinates": [[116.3311995, 39.9923143], [116.3311615, 39.9923212], [116.3310909, 39.992334], [116.3310794, 39.9923361], [116.3309877, 39.9923527]]}}, {"type": "Feature", "properties": {"highway": "footway", "name": "", "bridge": "", "tunnel": "", "layer": "", "source": "osm"}, "geometry": {"type": "LineString", "coordinates": [[116.3103117, 39.981794], [116.3102827, 39.9817958], [116.310272, 39.9819874], [116.3102698, 39.982053]]}}, {"type": "Feature", "properties": {"highway": "residential", "name": "求知路", "bridge": "", "tunnel": "", "layer": "", "source": "osm"}, "geometry": {"type": "LineString", "coordinates": [[116.3002893, 39.9911446], [116.3011397, 39.9911534], [116.3016347, 39.9911692], [116.3024414, 39.9911896], [116.3029836, 39.9912205], [116.3033723, 39.9912427], [116.30343, 39.991246], [116.304354, 39.9912987], [116.3046457, 39.9913153], [116.3047501, 39.9912889], [116.3048588, 39.9911965], [116.3050398, 39.9910584]]}}, {"type": "Feature", "properties": {"highway": "tertiary", "name": "颐和园路", "bridge": "", "tunnel": "", "layer": "", "source": "osm"}, "geometry": {"type": "LineString", "coordinates": [[116.2995888, 39.9841687], [116.2995966, 39.9843093], [116.2995985, 39.9843444], [116.2995511, 39.9848723], [116.2995435, 39.9849609]]}}, {"type": "Feature", "properties": {"highway": "residential", "name": "", "bridge": "", "tunnel": "", "layer": "", "source": "osm"}, "geometry": {"type": "LineString", "coordinates": [[116.3339092, 39.9956334], [116.3340284, 39.9956359], [116.3349773, 39.9956557], [116.3366769, 39.9956911]]}}, {"type": "Feature", "properties": {"highway": "secondary", "name": "丹棱街", "bridge": "", "tunnel": "", "layer": "", "source": "osm"}, "geometry": {"type": "LineString", "coordinates": [[116.2999078, 39.9777068], [116.29999, 39.9777092], [116.3000812, 39.9777118], [116.3021153, 39.9777704], [116.3022519, 39.9777743], [116.3023585, 39.977758], [116.3033713, 39.9776684], [116.3035622, 39.9776515], [116.304725, 39.9775352], [116.3049622, 39.9775145], [116.3050432, 39.9775069], [116.3055162, 39.9774672], [116.3056442, 39.9774564], [116.3065512, 39.9773776], [116.3067659, 39.977359], [116.3079352, 39.9773731], [116.310183, 39.9774002], [116.310235, 39.9774008], [116.3104688, 39.9774099], [116.3105926, 39.9774053]]}}, {"type": "Feature", "properties": {"highway": "secondary", "name": "丹棱街", "bridge": "", "tunnel": "", "layer": "", "source": "osm"}, "geometry": {"type": "LineString", "coordinates": [[116.3105853, 39.9775324], [116.3105011, 39.9775309], [116.3104616, 39.9775303], [116.3102466, 39.9775266], [116.3095624, 39.9775148], [116.3076468, 39.9774775], [116.3068829, 39.9774626], [116.3067288, 39.9774596], [116.3058282, 39.9775245], [116.3056415, 39.977538], [116.3051871, 39.9775826], [116.3050413, 39.9775969], [116.304954, 39.9775956]]}}, {"type": "Feature", "properties": {"highway": "secondary", "name": "海淀中街", "bridge": "", "tunnel": "", "layer": "", "source": "osm"}, "geometry": {"type": "LineString", "coordinates": [[116.3048913, 39.9789661], [116.3048906, 39.978875], [116.3048965, 39.9786334], [116.3049056, 39.9782611], [116.3049401, 39.9777863], [116.304954, 39.9775956]]}}, {"type": "Feature", "properties": {"highway": "tertiary", "name": "海淀中街", "bridge": "", "tunnel": "", "layer": "", "source": "osm"}, "geometry": {"type": "LineString", "coordinates": [[116.3052856, 39.9744263], [116.3052842, 39.9744955], [116.3052739, 39.9745708], [116.305269, 39.9746467], [116.3052614, 39.9747157], [116.3051771, 39.9758463], [116.3051739, 39.9758893], [116.3051334, 39.9764324], [116.3051282, 39.9765017], [116.3051222, 39.9765723], [116.3050516, 39.9774072], [116.3050432, 39.9775069], [116.3050413, 39.9775969]]}}, {"type": "Feature", "properties": {"highway": "tertiary", "name": "海淀中街", "bridge": "", "tunnel": "", "layer": "", "source": "osm"}, "geometry": {"type": "LineString", "coordinates": [[116.304954, 39.9775956], [116.3049622, 39.9775145], [116.3050318, 39.9765703], [116.3050371, 39.9764979], [116.3050419, 39.9764312], [116.3050639, 39.9761254]]}}, {"type": "Feature", "properties": {"highway": "secondary", "name": "海淀中街", "bridge": "", "tunnel": "", "layer": "", "source": "osm"}, "geometry": {"type": "LineString", "coordinates": [[116.3046834, 39.9837656], [116.3047592, 39.9828614], [116.3047717, 39.9827122], [116.3048209, 39.9821036], [116.3048315, 39.9819731], [116.3048714, 39.9815538], [116.3048917, 39.9812874], [116.3048927, 39.9812755], [116.3049029, 39.9811413], [116.3049032, 39.981073], [116.3049027, 39.9809611], [116.304892, 39.9790837], [116.3048913, 39.9789661]]}}, {"type": "Feature", "properties": {"highway": "secondary", "name": "海淀中街", "bridge": "", "tunnel": "", "layer": "", "source": "osm"}, "geometry": {"type": "LineString", "coordinates": [[116.3050413, 39.9775969], [116.3049878, 39.9786252], [116.3049838, 39.9787016], [116.3049815, 39.9787976], [116.3049793, 39.9788901], [116.3049769, 39.9789771], [116.3049859, 39.9796725], [116.3050022, 39.9809317], [116.3050028, 39.9809618], [116.3050041, 39.9810814], [116.3049989, 39.98115], [116.3049876, 39.9812792], [116.3049344, 39.981867], [116.3049244, 39.9819775], [116.3048785, 39.9825804], [116.3048681, 39.9827169], [116.3048272, 39.9831799], [116.3047754, 39.9837659]]}}, {"type": "Feature", "properties": {"highway": "primary", "name": "海淀南路", "bridge": "", "tunnel": "", "layer": "", "source": "osm"}, "geometry": {"type": "LineString", "coordinates": [[116.3113409, 39.9748117], [116.3111893, 39.9748058], [116.3110775, 39.9748026], [116.3104199, 39.9747841], [116.3101973, 39.9747368], [116.3085224, 39.9746709], [116.3082847, 39.9746616], [116.3082124, 39.9746587], [116.3053644, 39.9745749], [116.3052739, 39.9745708], [116.3051772, 39.9745664], [116.3050665, 39.9745614], [116.3035222, 39.9745157], [116.3030905, 39.9745029], [116.3030503, 39.9745017], [116.3030455, 39.9745017], [116.3030094, 39.9745016], [116.302899, 39.9745015], [116.3027415, 39.9745014], [116.3026895, 39.9745013], [116.3019825, 39.9744821], [116.3013229, 39.9744594], [116.3011748, 39.9744725], [116.3011303, 39.9744764], [116.3004709, 39.9744601], [116.3004064, 39.9744551], [116.3003318, 39.9744493], [116.3002359, 39.9744419]]}}, {"type": "Feature", "properties": {"highway": "primary", "name": "海淀南路", "bridge": "", "tunnel": "", "layer": "", "source": "osm"}, "geometry": {"type": "LineString", "coordinates": [[116.2954731, 39.9732392], [116.2956147, 39.9732459], [116.2957777, 39.9733106], [116.2965668, 39.9736724], [116.2967844, 39.9737781], [116.2969954, 39.9738806], [116.2971427, 39.9739765], [116.2973002, 39.9740392], [116.2975372, 39.9741336], [116.2976269, 39.9741595], [116.2977103, 39.9741836], [116.2979087, 39.974222], [116.2980964, 39.97425], [116.2983615, 39.9742831], [116.2986812, 39.9743021], [116.2998694, 39.9743401], [116.2999356, 39.9743415], [116.2999817, 39.9743424], [116.3000287, 39.9743434], [116.3001046, 39.9743449]]}}, {"type": "Feature", "properties": {"highway": "tertiary", "name": "海淀南路", "bridge": "", "tunnel": "", "layer": "", "source": "osm"}, "geometry": {"type": "LineString", "coordinates": [[116.30011, 39.9742656], [116.300259, 39.9742705], [116.3004229, 39.9742764], [116.3004909, 39.9742788], [116.302122, 39.9743263], [116.3026982, 39.9743431], [116.3027461, 39.9743447], [116.302814, 39.9743471], [116.3030511, 39.974355], [116.3038385, 39.9743816], [116.3050731, 39.9744232], [116.3051885, 39.9744249], [116.3052856, 39.9744263], [116.3060023, 39.9744367], [116.306342, 39.9744472], [116.3082942, 39.9745072], [116.3088144, 39.9745264], [116.3090517, 39.9745352], [116.3107865, 39.9745993], [116.311037, 39.9746085], [116.311129, 39.9746124], [116.3112474, 39.9746135], [116.3113997, 39.9746083]]}}, {"type": "Feature", "properties": {"highway": "tertiary", "name": "海淀南路", "bridge": "", "tunnel": "", "layer": "", "source": "osm"}, "geometry": {"type": "LineString", "coordinates": [[116.3103448, 39.9748098], [116.3087006, 39.9747512], [116.3086348, 39.9747485], [116.30828, 39.9747336], [116.3082352, 39.9747317], [116.3068137, 39.974691], [116.3053584, 39.9746493], [116.305269, 39.9746467], [116.3051737, 39.974644], [116.3050538, 39.9746405], [116.3038654, 39.9746003], [116.3034561, 39.9745864], [116.3030824, 39.974577], [116.3030427, 39.974576], [116.3030059, 39.9745748], [116.3028943, 39.9745711], [116.3027396, 39.974566], [116.3026957, 39.9745646], [116.3012992, 39.9745349]]}}, {"type": "Feature", "properties": {"highway": "tertiary_link", "name": "", "bridge": "", "tunnel": "", "layer": "", "source": "osm"}, "geometry": {"type": "LineString", "coordinates": [[116.2996688, 39.9810648], [116.2997635, 39.9810677]]}}, {"type": "Feature", "properties": {"highway": "secondary", "name": "海淀大街", "bridge": "", "tunnel": "", "layer": "", "source": "osm"}, "geometry": {"type": "LineString", "coordinates": [[116.3104346, 39.9813065], [116.3104026, 39.9813066], [116.3102491, 39.9813033], [116.3098489, 39.9812978], [116.3091641, 39.981288], [116.3088534, 39.9812835], [116.3081949, 39.9812656], [116.3079288, 39.9812584], [116.3077954, 39.9812548], [116.3076937, 39.9812569], [116.3063545, 39.9812038], [116.3051879, 39.9811575], [116.3051523, 39.981156], [116.3049989, 39.98115], [116.3049029, 39.9811413], [116.3047363, 39.9811445], [116.3037644, 39.9811634], [116.3035713, 39.9811672], [116.3034015, 39.9811705], [116.3028187, 39.9811855], [116.3023032, 39.9811728], [116.3022079, 39.9811705], [116.3020961, 39.9811677], [116.3020304, 39.9811674], [116.3009999, 39.9811657], [116.2999128, 39.9811639], [116.299835, 39.9811634], [116.2997609, 39.981163], [116.2996597, 39.9811605]]}}, {"type": "Feature", "properties": {"highway": "residential", "name": "海淀东三街", "bridge": "", "tunnel": "", "layer": "", "source": "osm"}, "geometry": {"type": "LineString", "coordinates": [[116.3059019, 39.9792023], [116.3059446, 39.979122], [116.3059993, 39.979006], [116.3061171, 39.9787564], [116.3064174, 39.9781198], [116.3066658, 39.9775932], [116.3067288, 39.9774596], [116.3067659, 39.977359], [116.3067681, 39.9773062], [116.3067712, 39.9772295], [116.3067983, 39.9765699], [116.30682, 39.9760208], [116.3068092, 39.9759429], [116.3067845, 39.9757638], [116.3068122, 39.9747485], [116.3068137, 39.974691]]}}, {"type": "Feature", "properties": {"highway": "tertiary", "name": "海淀东一街", "bridge": "", "tunnel": "", "layer": "", "source": "osm"}, "geometry": {"type": "LineString", "coordinates": [[116.3105965, 39.9795423], [116.3104877, 39.9795387], [116.3104399, 39.9795371], [116.3095818, 39.9795085], [116.3092451, 39.9795396], [116.3090258, 39.9795794], [116.3087579, 39.9796327], [116.3084815, 39.9797204], [116.3083875, 39.9797564]]}}, {"type": "Feature", "properties": {"highway": "tertiary", "name": "善缘街", "bridge": "", "tunnel": "", "layer": "", "source": "osm"}, "geometry": {"type": "LineString", "coordinates": [[116.3076117, 39.9838613], [116.307618, 39.9837391], [116.3076642, 39.9828466], [116.3076792, 39.9826614]]}}, {"type": "Feature", "properties": {"highway": "secondary", "name": "善缘街", "bridge": "", "tunnel": "", "layer": "", "source": "osm"}, "geometry": {"type": "LineString", "coordinates": [[116.3049793, 39.9788901], [116.305524, 39.9790079], [116.3058428, 39.9790944], [116.3059446, 39.979122], [116.3064021, 39.9793128], [116.3065754, 39.9794237], [116.3068196, 39.9795782], [116.3069145, 39.9796383], [116.3069647, 39.97967], [116.3070288, 39.9797255], [116.3073048, 39.9799641], [116.3073284, 39.9799845], [116.30741, 39.9800565], [116.3074542, 39.9801138], [116.3074764, 39.9801543], [116.3076894, 39.9805436], [116.3077674, 39.9808761], [116.3077855, 39.9810631], [116.3077978, 39.9811904], [116.3077954, 39.9812548], [116.3077558, 39.9819361], [116.3077478, 39.9820732], [116.3077286, 39.9824835], [116.3076792, 39.9826614]]}}, {"type": "Feature", "properties": {"highway": "secondary", "name": "善缘街", "bridge": "", "tunnel": "", "layer": "", "source": "osm"}, "geometry": {"type": "LineString", "coordinates": [[116.3021877, 39.9788168], [116.3022839, 39.978818], [116.3033957, 39.9788462], [116.3035069, 39.978849], [116.3047243, 39.9788719], [116.3048906, 39.978875], [116.3049793, 39.9788901]]}}, {"type": "Feature", "properties": {"highway": "tertiary", "name": "", "bridge": "", "tunnel": "", "layer": "", "source": "osm"}, "geometry": {"type": "LineString", "coordinates": [[116.3107687, 39.9795163], [116.3105965, 39.9795423]]}}, {"type": "Feature", "properties": {"highway": "secondary", "name": "巴沟路", "bridge": "", "tunnel": "", "layer": "", "source": "osm"}, "geometry": {"type": "LineString", "coordinates": [[116.2925712, 39.9731052], [116.2931076, 39.9731367], [116.2936963, 39.9731716], [116.2941516, 39.9731757], [116.2947486, 39.9732049], [116.2948087, 39.9732042], [116.2949774, 39.9732157]]}}, {"type": "Feature", "properties": {"highway": "trunk_link", "name": "", "bridge": "", "tunnel": "", "layer": "", "source": "osm"}, "geometry": {"type": "LineString", "coordinates": [[116.2946274, 39.9760133], [116.2948189, 39.9754762]]}}, {"type": "Feature", "properties": {"highway": "trunk_link", "name": "", "bridge": "", "tunnel": "", "layer": "", "source": "osm"}, "geometry": {"type": "LineString", "coordinates": [[116.2968093, 39.9709963], [116.2977636, 39.9705264]]}}, {"type": "Feature", "properties": {"highway": "secondary", "name": "", "bridge": "", "tunnel": "", "layer": "", "source": "osm"}, "geometry": {"type": "LineString", "coordinates": [[116.2954377, 39.973376], [116.2951767, 39.9733522], [116.2949475, 39.9733312]]}}, {"type": "Feature", "properties": {"highway": "trunk_link", "name": "", "bridge": "", "tunnel": "", "layer": "", "source": "osm"}, "geometry": {"type": "LineString", "coordinates": [[116.2976192, 39.9707884], [116.2971161, 39.9712882]]}}, {"type": "Feature", "properties": {"highway": "primary", "name": "", "bridge": "", "tunnel": "", "layer": "", "source": "osm"}, "geometry": {"type": "LineString", "coordinates": [[116.3115459, 39.9747641], [116.3113409, 39.9748117]]}}, {"type": "Feature", "properties": {"highway": "tertiary", "name": "", "bridge": "", "tunnel": "", "layer": "", "source": "osm"}, "geometry": {"type": "LineString", "coordinates": [[116.3106014, 39.9794722], [116.3107687, 39.9795163]]}}, {"type": "Feature", "properties": {"highway": "trunk_link", "name": "", "bridge": "", "tunnel": "", "layer": "", "source": "osm"}, "geometry": {"type": "LineString", "coordinates": [[116.3021107, 39.9826122], [116.3020976, 39.9813144], [116.3020961, 39.9811677], [116.3020657, 39.9810877]]}}, {"type": "Feature", "properties": {"highway": "residential", "name": "冰窖胡同", "bridge": "", "tunnel": "", "layer": "", "source": "osm"}, "geometry": {"type": "LineString", "coordinates": [[116.3087702, 39.9828978], [116.3087812, 39.9827182], [116.3088298, 39.9820816], [116.3088423, 39.981918], [116.3088407, 39.9817926], [116.3088437, 39.9816747], [116.3088467, 39.9816356], [116.3088534, 39.9813263], [116.3088534, 39.9812835]]}}, {"type": "Feature", "properties": {"highway": "secondary", "name": "苏州街", "bridge": "", "tunnel": "", "layer": "", "source": "osm"}, "geometry": {"type": "LineString", "coordinates": [[116.2994076, 39.9836246], [116.2994143, 39.983503], [116.2994152, 39.9834869], [116.2994161, 39.9834689], [116.2994729, 39.9828557], [116.2994914, 39.9827158], [116.2995167, 39.9825471], [116.2995873, 39.9820439], [116.2995999, 39.9819398], [116.2996203, 39.9816927], [116.2996522, 39.9813088], [116.2996581, 39.9812224], [116.2996597, 39.9811605], [116.2996688, 39.9810648]]}}, {"type": "Feature", "properties": {"highway": "tertiary_link", "name": "", "bridge": "", "tunnel": "", "layer": "", "source": "osm"}, "geometry": {"type": "LineString", "coordinates": [[116.3004223, 39.9686587], [116.3009739, 39.9687501]]}}, {"type": "Feature", "properties": {"highway": "residential", "name": "彩和坊西小街", "bridge": "", "tunnel": "", "layer": "", "source": "osm"}, "geometry": {"type": "LineString", "coordinates": [[116.299838, 39.9798035], [116.2999381, 39.979807], [116.2999955, 39.979809], [116.300497, 39.9798184], [116.3019791, 39.979846], [116.302134, 39.9798512], [116.3022281, 39.979852]]}}, {"type": "Feature", "properties": {"highway": "footway", "name": "", "bridge": "", "tunnel": "", "layer": "", "source": "osm"}, "geometry": {"type": "LineString", "coordinates": [[116.3391584, 39.9849097], [116.3390768, 39.984906], [116.3380305, 39.9848325], [116.3379424, 39.9848459]]}}, {"type": "Feature", "properties": {"highway": "steps", "name": "", "bridge": "", "tunnel": "", "layer": "", "source": "osm"}, "geometry": {"type": "LineString", "coordinates": [[116.327389, 39.9819359], [116.327384, 39.9820609]]}}, {"type": "Feature", "properties": {"highway": "cycleway", "name": "", "bridge": "", "tunnel": "", "layer": "", "source": "osm"}, "geometry": {"type": "LineString", "coordinates": [[116.3093789, 39.9928981], [116.3093338, 39.9927241], [116.3094006, 39.9917638], [116.3094667, 39.9909692], [116.3094733, 39.9909002], [116.3095108, 39.9908035], [116.3095454, 39.9906744], [116.3095552, 39.9906377], [116.3096684, 39.9889439], [116.3097104, 39.9888092], [116.3097675, 39.9880621], [116.309777, 39.9879364], [116.3098602, 39.9868417], [116.3098657, 39.9867699], [116.3099154, 39.9861412], [116.3099165, 39.9861278], [116.3099844, 39.9854625], [116.3099874, 39.9854008], [116.3099422, 39.9853044], [116.3098822, 39.9851767], [116.3098491, 39.9851061], [116.3098382, 39.9850127], [116.3098497, 39.9846737], [116.3098595, 39.984501], [116.3098631, 39.9844368], [116.3098657, 39.9843662]]}}, {"type": "Feature", "properties": {"highway": "steps", "name": "", "bridge": "", "tunnel": "", "layer": "", "source": "osm"}, "geometry": {"type": "LineString", "coordinates": [[116.327119, 39.9819283], [116.3271167, 39.9820533]]}}, {"type": "Feature", "properties": {"highway": "residential", "name": "", "bridge": "", "tunnel": "", "layer": "", "source": "osm"}, "geometry": {"type": "LineString", "coordinates": [[116.3138576, 39.9796426], [116.3138771, 39.9779184]]}}, {"type": "Feature", "properties": {"highway": "service", "name": "", "bridge": "", "tunnel": "", "layer": "", "source": "osm"}, "geometry": {"type": "LineString", "coordinates": [[116.3089722, 39.9807895], [116.3089646, 39.9812209]]}}, {"type": "Feature", "properties": {"highway": "residential", "name": "", "bridge": "", "tunnel": "", "layer": "", "source": "osm"}, "geometry": {"type": "LineString", "coordinates": [[116.3088534, 39.9812835], [116.3089646, 39.9812209]]}}, {"type": "Feature", "properties": {"highway": "tertiary_link", "name": "", "bridge": "", "tunnel": "", "layer": "", "source": "osm"}, "geometry": {"type": "LineString", "coordinates": [[116.3101093, 39.983395], [116.3100739, 39.9829578]]}}, {"type": "Feature", "properties": {"highway": "residential", "name": "", "bridge": "", "tunnel": "", "layer": "", "source": "osm"}, "geometry": {"type": "LineString", "coordinates": [[116.3123719, 39.9795827], [116.3123798, 39.9794896], [116.3124929, 39.9781502], [116.3114653, 39.9781382], [116.3119046, 39.9765232], [116.3112603, 39.9764916], [116.3111806, 39.9764877]]}}, {"type": "Feature", "properties": {"highway": "tertiary", "name": "", "bridge": "", "tunnel": "", "layer": "", "source": "osm"}, "geometry": {"type": "LineString", "coordinates": [[116.3100739, 39.9829578], [116.3101401, 39.9826183], [116.3102491, 39.9813033], [116.3102555, 39.9812265], [116.3102965, 39.9807313]]}}, {"type": "Feature", "properties": {"highway": "residential", "name": "海淀北一街", "bridge": "", "tunnel": "", "layer": "", "source": "osm"}, "geometry": {"type": "LineString", "coordinates": [[116.3100739, 39.9829578], [116.3087702, 39.9828978]]}}, {"type": "Feature", "properties": {"highway": "footway", "name": "中关村东路天桥", "bridge": "yes", "tunnel": "", "layer": "1", "source": "osm"}, "geometry": {"type": "LineString", "coordinates": [[116.3270317, 39.9816028], [116.3270179, 39.9820503], [116.3271167, 39.9820533], [116.327384, 39.9820609], [116.3274963, 39.9820645], [116.3275175, 39.981676]]}}, {"type": "Feature", "properties": {"highway": "footway", "name": "", "bridge": "", "tunnel": "", "layer": "", "source": "osm"}, "geometry": {"type": "LineString", "coordinates": [[116.326641, 39.9881224], [116.3266786, 39.9881228], [116.3267451, 39.9881234], [116.3268678, 39.9881257], [116.3269928, 39.9881281], [116.3270963, 39.9881325], [116.3271718, 39.9881314], [116.3271874, 39.9881317]]}}, {"type": "Feature", "properties": {"highway": "unclassified", "name": "中关村南三街", "bridge": "", "tunnel": "", "layer": "", "source": "osm"}, "geometry": {"type": "LineString", "coordinates": [[116.3213845, 39.979661], [116.3214132, 39.9790824], [116.3214428, 39.9790168], [116.3215383, 39.9789701], [116.3216453, 39.9789448], [116.3217293, 39.9789082], [116.321759, 39.9788325], [116.3218371, 39.9776873], [116.3220106, 39.9751452]]}}, {"type": "Feature", "properties": {"highway": "residential", "name": "中关村南一街", "bridge": "", "tunnel": "", "layer": "", "source": "osm"}, "geometry": {"type": "LineString", "coordinates": [[116.3142519, 39.9796563], [116.3142397, 39.9799154], [116.3141684, 39.981077], [116.314155, 39.9813825], [116.3141501, 39.9814667], [116.3141241, 39.9819157], [116.3140583, 39.983052], [116.3140019, 39.984027]]}}, {"type": "Feature", "properties": {"highway": "residential", "name": "", "bridge": "", "tunnel": "", "layer": "", "source": "osm"}, "geometry": {"type": "LineString", "coordinates": [[116.3368531, 39.9956897], [116.3368362, 39.9957274], [116.3367882, 39.9957528], [116.33672, 39.9957458], [116.3366889, 39.9957218], [116.3366769, 39.9956911], [116.3366926, 39.9956491], [116.3367388, 39.9956232], [116.3368048, 39.9956274], [116.3368432, 39.9956565], [116.3368531, 39.9956897]]}}, {"type": "Feature", "properties": {"highway": "footway", "name": "", "bridge": "", "tunnel": "", "layer": "", "source": "osm"}, "geometry": {"type": "LineString", "coordinates": [[116.3368708, 39.995262], [116.336893, 39.9952685], [116.3369176, 39.9952759]]}}, {"type": "Feature", "properties": {"highway": "residential", "name": "", "bridge": "", "tunnel": "", "layer": "", "source": "osm"}, "geometry": {"type": "LineString", "coordinates": [[116.3368708, 39.995262], [116.3351833, 39.9952456], [116.3351631, 39.9953465], [116.3349827, 39.9954377], [116.3349773, 39.9956557]]}}, {"type": "Feature", "properties": {"highway": "service", "name": "", "bridge": "", "tunnel": "", "layer": "", "source": "osm"}, "geometry": {"type": "LineString", "coordinates": [[116.3366926, 39.9956491], [116.3366993, 39.9954497], [116.3367405, 39.9954051], [116.3369062, 39.9954065]]}}, {"type": "Feature", "properties": {"highway": "service", "name": "", "bridge": "", "tunnel": "", "layer": "", "source": "osm"}, "geometry": {"type": "LineString", "coordinates": [[116.3378965, 39.9951584], [116.3371009, 39.9951442], [116.3370085, 39.9951551], [116.3369517, 39.9952041], [116.3369176, 39.9952759], [116.3369062, 39.9954065], [116.3368986, 39.9956903], [116.3368531, 39.9956897]]}}, {"type": "Feature", "properties": {"highway": "secondary", "name": "成府路", "bridge": "", "tunnel": "", "layer": "", "source": "osm"}, "geometry": {"type": "LineString", "coordinates": [[116.3299695, 39.9914531], [116.3301629, 39.991463], [116.3306139, 39.9914809], [116.3306322, 39.9914816], [116.3308149, 39.9914889]]}}, {"type": "Feature", "properties": {"highway": "secondary", "name": "成府路", "bridge": "", "tunnel": "", "layer": "", "source": "osm"}, "geometry": {"type": "LineString", "coordinates": [[116.3282387, 39.9914038], [116.3290184, 39.991426], [116.3299695, 39.9914531]]}}, {"type": "Feature", "properties": {"highway": "primary", "name": "中关村北大街", "bridge": "", "tunnel": "", "layer": "", "source": "osm"}, "geometry": {"type": "LineString", "coordinates": [[116.3096421, 39.9908058], [116.3096468, 39.9906437], [116.3097416, 39.9894407], [116.3097932, 39.9888105], [116.3098428, 39.988327], [116.3098631, 39.9881604], [116.3099724, 39.9867736], [116.3099987, 39.9864422], [116.3100797, 39.9854854]]}}, {"type": "Feature", "properties": {"highway": "residential", "name": "", "bridge": "", "tunnel": "", "layer": "", "source": "osm"}, "geometry": {"type": "LineString", "coordinates": [[116.3282387, 39.9914038], [116.3282467, 39.9913305]]}}, {"type": "Feature", "properties": {"highway": "tertiary", "name": "成府路", "bridge": "", "tunnel": "", "layer": "", "source": "osm"}, "geometry": {"type": "LineString", "coordinates": [[116.3282467, 39.9913305], [116.3286471, 39.9913418], [116.3290499, 39.991353], [116.3296542, 39.9913902], [116.3299695, 39.9914531]]}}, {"type": "Feature", "properties": {"highway": "residential", "name": "中关村北一街", "bridge": "", "tunnel": "", "layer": "", "source": "osm"}, "geometry": {"type": "LineString", "coordinates": [[116.315497, 39.9879189], [116.3155133, 39.9877919], [116.3156889, 39.9864256], [116.3157739, 39.9857131], [116.3158084, 39.9854244], [116.3159124, 39.9846887], [116.3159262, 39.9845798]]}}, {"type": "Feature", "properties": {"highway": "primary", "name": "中关村北大街", "bridge": "", "tunnel": "", "layer": "", "source": "osm"}, "geometry": {"type": "LineString", "coordinates": [[116.3091413, 39.9985965], [116.3091293, 40.0015824]]}}, {"type": "Feature", "properties": {"highway": "secondary_link", "name": "", "bridge": "", "tunnel": "", "layer": "", "source": "osm"}, "geometry": {"type": "LineString", "coordinates": [[116.3089938, 39.998596], [116.3090589, 39.9985962], [116.3091413, 39.9985965]]}}, {"type": "Feature", "properties": {"highway": "primary", "name": "中关村北大街", "bridge": "", "tunnel": "", "layer": "", "source": "osm"}, "geometry": {"type": "LineString", "coordinates": [[116.3089938, 39.998596], [116.308986, 39.9984452]]}}, {"type": "Feature", "properties": {"highway": "secondary", "name": "", "bridge": "", "tunnel": "", "layer": "", "source": "osm"}, "geometry": {"type": "LineString", "coordinates": [[116.3266741, 39.9913609], [116.3268512, 39.9913648]]}}, {"type": "Feature", "properties": {"highway": "secondary", "name": "成府路", "bridge": "", "tunnel": "", "layer": "", "source": "osm"}, "geometry": {"type": "LineString", "coordinates": [[116.3284133, 39.9915117], [116.3282918, 39.9915074], [116.3271489, 39.991467], [116.3270779, 39.9914645], [116.3269889, 39.991463], [116.3268329, 39.9914618]]}}, {"type": "Feature", "properties": {"highway": "secondary", "name": "成府路", "bridge": "", "tunnel": "", "layer": "", "source": "osm"}, "geometry": {"type": "LineString", "coordinates": [[116.3295771, 39.9915305], [116.328791, 39.9915178], [116.3284133, 39.9915117]]}}, {"type": "Feature", "properties": {"highway": "primary", "name": "中关村北大街", "bridge": "", "tunnel": "", "layer": "", "source": "osm"}, "geometry": {"type": "LineString", "coordinates": [[116.309801, 39.9908406], [116.3098164, 39.9909154], [116.3096592, 39.992637], [116.3095453, 39.992919]]}}, {"type": "Feature", "properties": {"highway": "secondary", "name": "", "bridge": "", "tunnel": "", "layer": "", "source": "osm"}, "geometry": {"type": "LineString", "coordinates": [[116.309801, 39.9908406], [116.3096421, 39.9908058]]}}, {"type": "Feature", "properties": {"highway": "pedestrian", "name": "", "bridge": "", "tunnel": "", "layer": "", "source": "osm"}, "geometry": {"type": "LineString", "coordinates": [[116.3278272, 39.9948791], [116.3278303, 39.9948009], [116.3278337, 39.9947177], [116.3278371, 39.9946553], [116.3278688, 39.9937968], [116.3278901, 39.9933318], [116.3283266, 39.9933459], [116.3283521, 39.9927936], [116.3283555, 39.9927207], [116.3284048, 39.9916537], [116.3284085, 39.9915946]]}}, {"type": "Feature", "properties": {"highway": "cycleway", "name": "成府路", "bridge": "", "tunnel": "", "layer": "", "source": "osm"}, "geometry": {"type": "LineString", "coordinates": [[116.3284085, 39.9915946], [116.3282536, 39.9915901], [116.3270623, 39.9915549], [116.3269823, 39.9915535], [116.326827, 39.9915462], [116.3266621, 39.9915377], [116.326522, 39.9915332], [116.3264691, 39.9915331], [116.3247707, 39.9914731], [116.3238259, 39.9914397], [116.3234015, 39.9914252], [116.3229421, 39.9914095], [116.3229082, 39.9914078], [116.3228597, 39.991407], [116.3228233, 39.991406], [116.3221973, 39.9913956], [116.3220548, 39.9914034], [116.3217741, 39.9913961], [116.3216254, 39.9913747], [116.3203901, 39.9913273], [116.3194408, 39.9912973], [116.3180638, 39.9912668], [116.3172355, 39.9912402], [116.3166874, 39.9912053], [116.3158954, 39.9911795], [116.3156881, 39.9911727], [116.3155365, 39.9911663], [116.3136934, 39.9910885], [116.3122926, 39.9910293], [116.310579, 39.9909505], [116.3100485, 39.9909261], [116.3099407, 39.9909211], [116.3098164, 39.9909154], [116.3096489, 39.9909079]]}}, {"type": "Feature", "properties": {"highway": "secondary", "name": "成府路", "bridge": "", "tunnel": "", "layer": "", "source": "osm"}, "geometry": {"type": "LineString", "coordinates": [[116.309791, 39.9907458], [116.3099642, 39.9907615], [116.3106754, 39.9907934], [116.315263, 39.990999], [116.3154554, 39.9910076], [116.3157068, 39.9910189], [116.3160158, 39.9910281], [116.3164195, 39.9910401], [116.3173672, 39.9910682], [116.3176659, 39.9910747], [116.3179024, 39.9910841], [116.3211102, 39.9912004], [116.3218662, 39.9912247], [116.3220915, 39.9912227], [116.3234488, 39.9912537]]}}, {"type": "Feature", "properties": {"highway": "primary_link", "name": "", "bridge": "", "tunnel": "", "layer": "", "source": "osm"}, "geometry": {"type": "LineString", "coordinates": [[116.309791, 39.9907458], [116.309801, 39.9908406]]}}, {"type": "Feature", "properties": {"highway": "steps", "name": "", "bridge": "", "tunnel": "", "layer": "", "source": "osm"}, "geometry": {"type": "LineString", "coordinates": [[116.3222213, 39.9914519], [116.3225851, 39.9914588], [116.3227545, 39.9914631]]}}, {"type": "Feature", "properties": {"highway": "secondary", "name": "成府路", "bridge": "", "tunnel": "", "layer": "", "source": "osm"}, "geometry": {"type": "LineString", "coordinates": [[116.3234488, 39.9912537], [116.3235046, 39.9912556], [116.3248278, 39.9913001], [116.326427, 39.9913538], [116.3264758, 39.9913555], [116.326528, 39.9913566], [116.3266741, 39.9913609]]}}, {"type": "Feature", "properties": {"highway": "secondary", "name": "中关村东路", "bridge": "", "tunnel": "", "layer": "", "source": "osm"}, "geometry": {"type": "LineString", "coordinates": [[116.3266811, 39.9912788], [116.3266816, 39.9912095], [116.3267945, 39.9895688], [116.3268245, 39.9890018], [116.3268651, 39.9881798], [116.3268678, 39.9881257], [116.3269406, 39.9868621]]}}, {"type": "Feature", "properties": {"highway": "secondary_link", "name": "", "bridge": "", "tunnel": "", "layer": "", "source": "osm"}, "geometry": {"type": "LineString", "coordinates": [[116.3234488, 39.9912537], [116.3237966, 39.9911822]]}}, {"type": "Feature", "properties": {"highway": "tertiary", "name": "成府路", "bridge": "", "tunnel": "", "layer": "", "source": "osm"}, "geometry": {"type": "LineString", "coordinates": [[116.3266811, 39.9912788], [116.3268542, 39.9912824], [116.3269392, 39.9912844], [116.3270886, 39.9912882], [116.3282467, 39.9913305]]}}, {"type": "Feature", "properties": {"highway": "tertiary", "name": "成府路", "bridge": "", "tunnel": "", "layer": "", "source": "osm"}, "geometry": {"type": "LineString", "coordinates": [[116.3237966, 39.9911822], [116.3246386, 39.9912138], [116.3252588, 39.9912338], [116.3258347, 39.991249], [116.326479, 39.9912714], [116.3265306, 39.9912713], [116.3266811, 39.9912788]]}}, {"type": "Feature", "properties": {"highway": "cycleway", "name": "", "bridge": "", "tunnel": "", "layer": "", "source": "osm"}, "geometry": {"type": "LineString", "coordinates": [[116.3310187, 39.9974287], [116.3309545, 39.9974292], [116.3308608, 39.9974271], [116.3303634, 39.9970246], [116.3303409, 39.997021], [116.3302957, 39.9970138], [116.329757, 39.9965794], [116.3293249, 39.9962319], [116.3291253, 39.9960782], [116.3289156, 39.9959133], [116.3287788, 39.9958067], [116.3286667, 39.9957112], [116.3283945, 39.9954873], [116.3281863, 39.9953272], [116.3279975, 39.995189]]}}, {"type": "Feature", "properties": {"highway": "secondary", "name": "成府路", "bridge": "", "tunnel": "", "layer": "", "source": "osm"}, "geometry": {"type": "LineString", "coordinates": [[116.326671, 39.9914556], [116.326522, 39.9914485], [116.3264723, 39.9914479], [116.3237993, 39.9913485], [116.3236681, 39.991346], [116.3219639, 39.9913156], [116.3217831, 39.9913069], [116.3203903, 39.9912611], [116.3180687, 39.9911727], [116.3173708, 39.9911487], [116.3159263, 39.991102], [116.3156977, 39.9910941], [116.3155369, 39.991087], [116.3136984, 39.9910052], [116.312301, 39.9909431], [116.3105852, 39.9908725], [116.3100548, 39.9908507], [116.3099484, 39.9908463], [116.309801, 39.9908406]]}}, {"type": "Feature", "properties": {"highway": "tertiary", "name": "双清路", "bridge": "", "tunnel": "", "layer": "", "source": "osm"}, "geometry": {"type": "LineString", "coordinates": [[116.3337735, 40.0028928], [116.3336754, 40.0027358], [116.3336659, 40.0027287], [116.3335783, 40.0026635], [116.3335287, 40.0025936], [116.3334147, 40.0023331], [116.3330955, 40.0014709], [116.333009, 40.0012396], [116.3326827, 40.0005237], [116.3326501, 40.0004522], [116.3321694, 39.9995364], [116.3320927, 39.9993921]]}}, {"type": "Feature", "properties": {"highway": "secondary", "name": "", "bridge": "", "tunnel": "", "layer": "", "source": "osm"}, "geometry": {"type": "LineString", "coordinates": [[116.326671, 39.9914556], [116.3266741, 39.9913609], [116.3266811, 39.9912788]]}}, {"type": "Feature", "properties": {"highway": "primary_link", "name": "", "bridge": "", "tunnel": "", "layer": "", "source": "osm"}, "geometry": {"type": "LineString", "coordinates": [[116.3142956, 39.9675197], [116.3142522, 39.9673343]]}}, {"type": "Feature", "properties": {"highway": "tertiary", "name": "中关村大街", "bridge": "", "tunnel": "", "layer": "", "source": "osm"}, "geometry": {"type": "LineString", "coordinates": [[116.3142522, 39.9673343], [116.3145998, 39.9663682], [116.3146417, 39.9661584], [116.3147193, 39.9659401], [116.3147439, 39.9658936], [116.3148041, 39.9657794]]}}, {"type": "Feature", "properties": {"highway": "cycleway", "name": "", "bridge": "", "tunnel": "", "layer": "", "source": "osm"}, "geometry": {"type": "LineString", "coordinates": [[116.3153472, 39.9658878], [116.3153284, 39.9659445], [116.3152974, 39.9660171], [116.3148083, 39.9671637], [116.3145535, 39.9677472], [116.3144239, 39.9680534], [116.3143809, 39.9681529], [116.314217, 39.9685323], [116.314031, 39.9689701], [116.3136756, 39.9698065], [116.3134515, 39.970403], [116.3131735, 39.9711495], [116.3131312, 39.9712631], [116.3131165, 39.9712955], [116.3128914, 39.9717933], [116.3126521, 39.9723195], [116.3122309, 39.9733037], [116.3122131, 39.9733452]]}}, {"type": "Feature", "properties": {"highway": "unclassified", "name": "中关村北大街", "bridge": "", "tunnel": "", "layer": "", "source": "osm"}, "geometry": {"type": "LineString", "coordinates": [[116.3100797, 39.9854854], [116.3101371, 39.9846786], [116.3101491, 39.9845116], [116.310156, 39.984446]]}}, {"type": "Feature", "properties": {"highway": "unclassified", "name": "中关村大街", "bridge": "yes", "tunnel": "", "layer": "1", "source": "osm"}, "geometry": {"type": "LineString", "coordinates": [[116.3101601, 39.9843773], [116.3101842, 39.98404]]}}, {"type": "Feature", "properties": {"highway": "unclassified", "name": "中关村大街", "bridge": "yes", "tunnel": "", "layer": "1", "source": "osm"}, "geometry": {"type": "LineString", "coordinates": [[116.309919, 39.9843686], [116.3099453, 39.9840357]]}}, {"type": "Feature", "properties": {"highway": "tertiary", "name": "清华南路", "bridge": "", "tunnel": "", "layer": "", "source": "osm"}, "geometry": {"type": "LineString", "coordinates": [[116.3157172, 39.9909336], [116.3157068, 39.9910189], [116.3156977, 39.9910941], [116.3156881, 39.9911727], [116.3156461, 39.9912776], [116.3155876, 39.9913325], [116.3150341, 39.9919304], [116.3149054, 39.9920613], [116.3146489, 39.9923512], [116.3145304, 39.9925748], [116.3144563, 39.9928291], [116.3143771, 39.9934171], [116.3142461, 39.9943906], [116.3139813, 39.9955704], [116.3139515, 39.9956716], [116.313914, 39.9957532], [116.3138301, 39.9958429], [116.313734, 39.9959302], [116.3136099, 39.9960048], [116.3134974, 39.9960491], [116.313341, 39.9960912], [116.3132454, 39.9960993], [116.3120128, 39.9960627], [116.3119186, 39.9960592], [116.3111148, 39.9960385], [116.3108867, 39.9960631], [116.3107026, 39.9961234], [116.3105367, 39.9962052], [116.3103086, 39.996401], [116.3095143, 39.9973908], [116.3094352, 39.9975019], [116.3091142, 39.9979528]]}}, {"type": "Feature", "properties": {"highway": "tertiary", "name": "知春路", "bridge": "", "tunnel": "", "layer": "", "source": "osm"}, "geometry": {"type": "LineString", "coordinates": [[116.3473456, 39.9753084], [116.3461952, 39.9752955], [116.3460401, 39.9752938], [116.3456558, 39.9752587], [116.3442246, 39.9752394], [116.3421293, 39.9752235], [116.3420483, 39.9752224], [116.3395404, 39.9751918], [116.3393868, 39.9751906], [116.3392784, 39.9751913], [116.3391423, 39.9752201], [116.338666, 39.9752591], [116.338079, 39.9752563], [116.3373049, 39.9752203]]}}, {"type": "Feature", "properties": {"highway": "secondary_link", "name": "", "bridge": "", "tunnel": "", "layer": "", "source": "osm"}, "geometry": {"type": "LineString", "coordinates": [[116.3088778, 39.9985968], [116.3089938, 39.998596]]}}, {"type": "Feature", "properties": {"highway": "tertiary", "name": "中关村北大街辅路", "bridge": "", "tunnel": "", "layer": "", "source": "osm"}, "geometry": {"type": "LineString", "coordinates": [[116.308891, 39.9994401], [116.3088903, 39.9993941], [116.3088809, 39.9987947], [116.3088778, 39.9985968]]}}, {"type": "Feature", "properties": {"highway": "primary", "name": "中关村北大街", "bridge": "", "tunnel": "", "layer": "", "source": "osm"}, "geometry": {"type": "LineString", "coordinates": [[116.3090047, 39.9996405], [116.3089959, 39.9987936], [116.3089938, 39.998596]]}}, {"type": "Feature", "properties": {"highway": "tertiary", "name": "中关村北大街辅路", "bridge": "", "tunnel": "", "layer": "", "source": "osm"}, "geometry": {"type": "LineString", "coordinates": [[116.3089156, 40.0010753], [116.308891, 39.9994401]]}}, {"type": "Feature", "properties": {"highway": "primary_link", "name": "", "bridge": "", "tunnel": "", "layer": "", "source": "osm"}, "geometry": {"type": "LineString", "coordinates": [[116.3090047, 39.9996405], [116.308891, 39.9994401]]}}, {"type": "Feature", "properties": {"highway": "tertiary", "name": "", "bridge": "yes", "tunnel": "", "layer": "1", "source": "osm"}, "geometry": {"type": "LineString", "coordinates": [[116.2983165, 39.996022], [116.2983239, 39.9958811]]}}, {"type": "Feature", "properties": {"highway": "tertiary", "name": "颐和园路", "bridge": "", "tunnel": "", "layer": "", "source": "osm"}, "geometry": {"type": "LineString", "coordinates": [[116.2983239, 39.9958811], [116.2983811, 39.9938065], [116.2983927, 39.993386], [116.2983928, 39.9933808], [116.2983944, 39.9933053]]}}, {"type": "Feature", "properties": {"highway": "residential", "name": "大钟寺北路", "bridge": "", "tunnel": "", "layer": "", "source": "osm"}, "geometry": {"type": "LineString", "coordinates": [[116.3279506, 39.9693591], [116.3280665, 39.9693672], [116.3290416, 39.9694355], [116.330797, 39.9695585]]}}, {"type": "Feature", "properties": {"highway": "secondary", "name": "", "bridge": "", "tunnel": "", "layer": "", "source": "osm"}, "geometry": {"type": "LineString", "coordinates": [[116.2949774, 39.9732157], [116.2952121, 39.9732269], [116.2954731, 39.9732392]]}}, {"type": "Feature", "properties": {"highway": "steps", "name": "", "bridge": "yes", "tunnel": "", "layer": "1", "source": "osm"}, "geometry": {"type": "LineString", "coordinates": [[116.2950046, 39.9779876], [116.2949889, 39.9781386]]}}, {"type": "Feature", "properties": {"highway": "tertiary_link", "name": "", "bridge": "", "tunnel": "", "layer": "", "source": "osm"}, "geometry": {"type": "LineString", "coordinates": [[116.2949475, 39.9733312], [116.2949774, 39.9732157]]}}, {"type": "Feature", "properties": {"highway": "tertiary", "name": "财经东路", "bridge": "", "tunnel": "", "layer": "", "source": "osm"}, "geometry": {"type": "LineString", "coordinates": [[116.3315378, 39.9875479], [116.3315025, 39.987994]]}}, {"type": "Feature", "properties": {"highway": "tertiary", "name": "财经东路", "bridge": "", "tunnel": "", "layer": "", "source": "osm"}, "geometry": {"type": "LineString", "coordinates": [[116.3315025, 39.987994], [116.3314577, 39.9886132], [116.3313679, 39.9890132], [116.3313232, 39.9892123], [116.3312827, 39.9893928], [116.3308427, 39.9913526], [116.3308361, 39.9913819], [116.330828, 39.9914179], [116.3308149, 39.9914889]]}}, {"type": "Feature", "properties": {"highway": "tertiary", "name": "", "bridge": "", "tunnel": "", "layer": "", "source": "osm"}, "geometry": {"type": "LineString", "coordinates": [[116.3190515, 39.9750717], [116.3190633, 39.9749907], [116.3190708, 39.9748931]]}}, {"type": "Feature", "properties": {"highway": "primary", "name": "知春路", "bridge": "", "tunnel": "", "layer": "", "source": "osm"}, "geometry": {"type": "LineString", "coordinates": [[116.3201162, 39.9750126], [116.3200383, 39.9750102], [116.319286, 39.9750021], [116.3192307, 39.9749992], [116.3191607, 39.9749956], [116.3190633, 39.9749907], [116.3189115, 39.9749829], [116.3188598, 39.9749802], [116.3188086, 39.9749776], [116.3175231, 39.9749393], [116.3124436, 39.9747879], [116.311827, 39.9747731], [116.3117676, 39.9747699], [116.311699, 39.9747692], [116.3115459, 39.9747641]]}}, {"type": "Feature", "properties": {"highway": "secondary_link", "name": "", "bridge": "", "tunnel": "", "layer": "", "source": "osm"}, "geometry": {"type": "LineString", "coordinates": [[116.3318201, 39.9751624], [116.3318237, 39.9752236]]}}, {"type": "Feature", "properties": {"highway": "primary_link", "name": "", "bridge": "", "tunnel": "", "layer": "", "source": "osm"}, "geometry": {"type": "LineString", "coordinates": [[116.3238062, 39.9751174], [116.323494, 39.9751859]]}}, {"type": "Feature", "properties": {"highway": "footway", "name": "", "bridge": "yes", "tunnel": "", "layer": "", "source": "osm"}, "geometry": {"type": "LineString", "coordinates": [[116.3243486, 39.9752547], [116.3245979, 39.9752621], [116.3247377, 39.9752662]]}}, {"type": "Feature", "properties": {"highway": "footway", "name": "", "bridge": "yes", "tunnel": "", "layer": "", "source": "osm"}, "geometry": {"type": "LineString", "coordinates": [[116.3243074, 39.9748844], [116.3246269, 39.9748928], [116.3248222, 39.974898]]}}, {"type": "Feature", "properties": {"highway": "tertiary", "name": "北四环西路", "bridge": "", "tunnel": "", "layer": "", "source": "osm"}, "geometry": {"type": "LineString", "coordinates": [[116.3186011, 39.9841569], [116.3208922, 39.9842168], [116.3211279, 39.984223]]}}, {"type": "Feature", "properties": {"highway": "tertiary", "name": "北四环西路", "bridge": "", "tunnel": "", "layer": "", "source": "osm"}, "geometry": {"type": "LineString", "coordinates": [[116.3211279, 39.984223], [116.323235, 39.9843076], [116.3235865, 39.9843352], [116.3243017, 39.9843567], [116.324492, 39.9843601], [116.3248053, 39.9843657], [116.3257805, 39.9844111]]}}, {"type": "Feature", "properties": {"highway": "tertiary", "name": "北四环西路辅路", "bridge": "", "tunnel": "", "layer": "", "source": "osm"}, "geometry": {"type": "LineString", "coordinates": [[116.3164148, 39.9845907], [116.3159262, 39.9845798], [116.3143857, 39.9845444], [116.3143079, 39.9845426], [116.3142401, 39.9845389], [116.3141853, 39.9845376], [116.3140906, 39.9845352], [116.3139821, 39.9845326], [116.3137837, 39.9845253], [116.3129419, 39.9845043], [116.3125874, 39.9844917], [116.3120901, 39.9844812], [116.3107304, 39.9844633], [116.3104625, 39.9844557], [116.3103752, 39.984453], [116.3102652, 39.9844495]]}}, {"type": "Feature", "properties": {"highway": "footway", "name": "卫星桥", "bridge": "yes", "tunnel": "", "layer": "1", "source": "osm"}, "geometry": {"type": "LineString", "coordinates": [[116.3245979, 39.9752621], [116.3246269, 39.9748928]]}}, {"type": "Feature", "properties": {"highway": "tertiary", "name": "知春路", "bridge": "", "tunnel": "", "layer": "", "source": "osm"}, "geometry": {"type": "LineString", "coordinates": [[116.3199775, 39.9751042], [116.3198183, 39.975115], [116.3192839, 39.9750976], [116.3192241, 39.9750909], [116.3191577, 39.9750835], [116.3190515, 39.9750717]]}}, {"type": "Feature", "properties": {"highway": "tertiary", "name": "知春路", "bridge": "", "tunnel": "", "layer": "", "source": "osm"}, "geometry": {"type": "LineString", "coordinates": [[116.3190515, 39.9750717], [116.3189114, 39.9750561], [116.318859, 39.9750503], [116.3187911, 39.9750427], [116.3180669, 39.9750277], [116.3179562, 39.9750353], [116.3177584, 39.975049], [116.3177136, 39.9750493], [116.3176297, 39.9750498], [116.3169792, 39.9750236], [116.3166895, 39.9749948], [116.314148, 39.9749196], [116.3135268, 39.9749012], [116.3127668, 39.9748787], [116.3123752, 39.9748931], [116.3118213, 39.9748717], [116.3117915, 39.9748662], [116.3117311, 39.9748623], [116.3116736, 39.9748629], [116.3115098, 39.9748697]]}}, {"type": "Feature", "properties": {"highway": "tertiary", "name": "", "bridge": "", "tunnel": "", "layer": "", "source": "osm"}, "geometry": {"type": "LineString", "coordinates": [[116.3116, 39.9745967], [116.3117259, 39.9745902]]}}, {"type": "Feature", "properties": {"highway": "tertiary", "name": "双清路", "bridge": "", "tunnel": "", "layer": "", "source": "osm"}, "geometry": {"type": "LineString", "coordinates": [[116.3267916, 39.9940259], [116.3268505, 39.9940727], [116.3269194, 39.9941273], [116.3278272, 39.9948791], [116.3278906, 39.9949295], [116.3283689, 39.99531], [116.3284829, 39.9954006], [116.3289505, 39.9957716], [116.3292954, 39.9960524], [116.330835, 39.997282], [116.330962, 39.9973754], [116.3310187, 39.9974287]]}}, {"type": "Feature", "properties": {"highway": "secondary_link", "name": "", "bridge": "", "tunnel": "", "layer": "", "source": "osm"}, "geometry": {"type": "LineString", "coordinates": [[116.3236681, 39.991346], [116.3234015, 39.9914252]]}}, {"type": "Feature", "properties": {"highway": "service", "name": "", "bridge": "", "tunnel": "", "layer": "", "source": "osm"}, "geometry": {"type": "LineString", "coordinates": [[116.3238259, 39.9914397], [116.3238222, 39.9915124], [116.3238122, 39.9917071], [116.32378, 39.9923295], [116.3237637, 39.9926463], [116.3237532, 39.9928499], [116.3237485, 39.9930118], [116.323743, 39.9932017], [116.3237162, 39.9941215], [116.3245077, 39.9941485], [116.3253405, 39.994177], [116.3254499, 39.9941807], [116.3254673, 39.9937692], [116.3254791, 39.9934884], [116.3254822, 39.9934146], [116.3255444, 39.9933193]]}}, {"type": "Feature", "properties": {"highway": "secondary", "name": "双清路", "bridge": "", "tunnel": "", "layer": "", "source": "osm"}, "geometry": {"type": "LineString", "coordinates": [[116.3337735, 40.0028928], [116.3337552, 40.0025982], [116.3337306, 40.0022347], [116.3337324, 40.0018196], [116.3337588, 40.0011556], [116.3337764, 40.0007138], [116.3337914, 40.0003386], [116.3338219, 39.9995723], [116.3338234, 39.9995366], [116.3338269, 39.9994562]]}}, {"type": "Feature", "properties": {"highway": "residential", "name": "", "bridge": "", "tunnel": "", "layer": "", "source": "osm"}, "geometry": {"type": "LineString", "coordinates": [[116.3272923, 39.9814113], [116.327472, 39.9814184], [116.3279271, 39.9814378], [116.3281147, 39.9814458], [116.3281818, 39.9814491], [116.328814, 39.9814769]]}}, {"type": "Feature", "properties": {"highway": "primary", "name": "知春路", "bridge": "", "tunnel": "", "layer": "", "source": "osm"}, "geometry": {"type": "LineString", "coordinates": [[116.3117227, 39.9746803], [116.3117986, 39.9746842], [116.3124095, 39.9747005], [116.3132068, 39.9747233], [116.3188066, 39.9748838], [116.318861, 39.9748857], [116.3189116, 39.9748875], [116.3190708, 39.9748931]]}}, {"type": "Feature", "properties": {"highway": "primary", "name": "中关村大街", "bridge": "", "tunnel": "", "layer": "", "source": "osm"}, "geometry": {"type": "LineString", "coordinates": [[116.3115702, 39.9746749], [116.3115459, 39.9747641], [116.3115098, 39.9748697], [116.311477, 39.9749558], [116.3113874, 39.9752815], [116.3112642, 39.9755784], [116.3112088, 39.9757628], [116.311124, 39.9759958], [116.3110876, 39.976133], [116.3110703, 39.9761983], [116.3110401, 39.9764047], [116.3110341, 39.9764459], [116.3110191, 39.9765541], [116.3109751, 39.9768724], [116.3109612, 39.9772553], [116.3109574, 39.9773615], [116.3109574, 39.9773904], [116.3109575, 39.9774456], [116.3109303, 39.9776846], [116.3109132, 39.9778346], [116.310847, 39.9786841], [116.3107842, 39.9793517], [116.3107687, 39.9795163]]}}, {"type": "Feature", "properties": {"highway": "primary", "name": "", "bridge": "", "tunnel": "", "layer": "", "source": "osm"}, "geometry": {"type": "LineString", "coordinates": [[116.3116, 39.9745967], [116.3115702, 39.9746749]]}}, {"type": "Feature", "properties": {"highway": "tertiary", "name": "", "bridge": "", "tunnel": "", "layer": "", "source": "osm"}, "geometry": {"type": "LineString", "coordinates": [[116.3117259, 39.9745902], [116.3117227, 39.9746803]]}}, {"type": "Feature", "properties": {"highway": "tertiary", "name": "知春路", "bridge": "", "tunnel": "", "layer": "", "source": "osm"}, "geometry": {"type": "LineString", "coordinates": [[116.3117259, 39.9745902], [116.3118318, 39.9745923], [116.312016, 39.9745968], [116.3124222, 39.974633], [116.3133204, 39.9746552], [116.31372, 39.9746651], [116.314136, 39.9746754], [116.3151836, 39.9747013], [116.316483, 39.9747334], [116.3182372, 39.9747767], [116.3188085, 39.9747908], [116.3188621, 39.9747946], [116.3189117, 39.9747981], [116.3190421, 39.9748073], [116.3190745, 39.9748096], [116.3191669, 39.9748161], [116.3192436, 39.9748215], [116.3193114, 39.9748263], [116.3200316, 39.9748417], [116.3202099, 39.9748252], [116.3209181, 39.9748427], [116.3210034, 39.9748444], [116.3224598, 39.974913], [116.3226173, 39.9749187]]}}, {"type": "Feature", "properties": {"highway": "secondary", "name": "成府路", "bridge": "", "tunnel": "", "layer": "", "source": "osm"}, "geometry": {"type": "LineString", "coordinates": [[116.3467305, 39.9920295], [116.3466578, 39.9920266], [116.3465858, 39.9920238], [116.3439971, 39.9919213], [116.3422001, 39.99188], [116.34213, 39.9918774], [116.3419881, 39.9918754], [116.3419484, 39.9918744], [116.3385785, 39.9917903], [116.3383597, 39.991786], [116.3373137, 39.9917491], [116.3371872, 39.9917446], [116.3348373, 39.9916744], [116.3344023, 39.9916617], [116.3342574, 39.9916574]]}}, {"type": "Feature", "properties": {"highway": "unclassified", "name": "中关村北大街", "bridge": "", "tunnel": "", "layer": "", "source": "osm"}, "geometry": {"type": "LineString", "coordinates": [[116.309919, 39.9851769], [116.3098983, 39.9851218], [116.3098774, 39.9850238], [116.3098992, 39.9846725], [116.3099104, 39.9845028], [116.3099165, 39.9844387]]}}, {"type": "Feature", "properties": {"highway": "cycleway", "name": "", "bridge": "", "tunnel": "", "layer": "", "source": "osm"}, "geometry": {"type": "LineString", "coordinates": [[116.3107985, 39.9761171], [116.3111526, 39.9749239], [116.3111592, 39.9748989], [116.3111648, 39.974882], [116.3111893, 39.9748058], [116.3112232, 39.9746841], [116.3112474, 39.9746135], [116.3112894, 39.9744874], [116.3116899, 39.9735631], [116.3118113, 39.9732828], [116.312102, 39.972612], [116.3123186, 39.9721086], [116.3124945, 39.9717052], [116.3127279, 39.9711804], [116.3127765, 39.9710629], [116.3132065, 39.970022], [116.3133793, 39.9695544], [116.3134058, 39.9694756], [116.3134324, 39.9693672], [116.3136456, 39.9688274], [116.3137517, 39.9686716], [116.3138469, 39.9684172], [116.3142522, 39.9673343]]}}, {"type": "Feature", "properties": {"highway": "tertiary", "name": "中关村大街", "bridge": "", "tunnel": "", "layer": "", "source": "osm"}, "geometry": {"type": "LineString", "coordinates": [[116.310528, 39.9794696], [116.3105846, 39.978828], [116.3105846, 39.9786561], [116.3105719, 39.9784746], [116.3105656, 39.9782579], [116.3105188, 39.9777242], [116.3105151, 39.977684], [116.3105011, 39.9775309], [116.3104688, 39.9774099]]}}, {"type": "Feature", "properties": {"highway": "residential", "name": "大泥湾路", "bridge": "", "tunnel": "", "layer": "", "source": "osm"}, "geometry": {"type": "LineString", "coordinates": [[116.3190119, 39.976025], [116.3178857, 39.9759788], [116.3162285, 39.9758943], [116.3159758, 39.9758414], [116.3156738, 39.9758164], [116.3153407, 39.9758382], [116.3149799, 39.9758839], [116.3140491, 39.9758762], [116.3135418, 39.9758667], [116.3129387, 39.9758421], [116.312419, 39.9758052], [116.3113329, 39.9757672], [116.3112088, 39.9757628]]}}, {"type": "Feature", "properties": {"highway": "primary_link", "name": "", "bridge": "", "tunnel": "", "layer": "", "source": "osm"}, "geometry": {"type": "LineString", "coordinates": [[116.3109575, 39.9774456], [116.3110837, 39.9775838]]}}, {"type": "Feature", "properties": {"highway": "footway", "name": "", "bridge": "", "tunnel": "", "layer": "", "source": "osm"}, "geometry": {"type": "LineString", "coordinates": [[116.3134337, 39.9745858], [116.313326, 39.9745828], [116.3133204, 39.9746552], [116.3133179, 39.9746907]]}}, {"type": "Feature", "properties": {"highway": "cycleway", "name": "", "bridge": "", "tunnel": "", "layer": "", "source": "osm"}, "geometry": {"type": "LineString", "coordinates": [[116.3117227, 39.9746803], [116.311699, 39.9747692], [116.3116736, 39.9748629], [116.3116595, 39.974889], [116.3116335, 39.9749712], [116.3115036, 39.9753838], [116.3113898, 39.9755956], [116.3113329, 39.9757672], [116.3112698, 39.9760048], [116.3112232, 39.9762371], [116.3111806, 39.9764877], [116.311165, 39.9766333], [116.3111458, 39.9768133], [116.31113, 39.9770576], [116.3111221, 39.9771789], [116.3111058, 39.9773509], [116.3111014, 39.977397], [116.3110837, 39.9775838], [116.3111179, 39.9776412], [116.3111125, 39.9776849], [116.310966, 39.9788772], [116.3109107, 39.979523], [116.3108349, 39.9806468], [116.3108006, 39.9812842], [116.3107751, 39.981758], [116.310685, 39.9828992], [116.3105178, 39.9834885], [116.3104285, 39.9839414], [116.3104097, 39.9840512]]}}, {"type": "Feature", "properties": {"highway": "primary", "name": "知春路", "bridge": "", "tunnel": "", "layer": "", "source": "osm"}, "geometry": {"type": "LineString", "coordinates": [[116.3318255, 39.9750796], [116.3344968, 39.9750321], [116.3372207, 39.9750524], [116.3384021, 39.9750635], [116.3391785, 39.9750709], [116.3392815, 39.9750345], [116.3394595, 39.9750353]]}}, {"type": "Feature", "properties": {"highway": "secondary", "name": "中关村东路", "bridge": "", "tunnel": "", "layer": "", "source": "osm"}, "geometry": {"type": "LineString", "coordinates": [[116.3276671, 39.9752795], [116.3276564, 39.9753641], [116.3276537, 39.9754102], [116.327633, 39.9754614], [116.3276021, 39.9760903], [116.3275471, 39.9764192], [116.3275288, 39.9767663], [116.3275249, 39.9768382], [116.327481, 39.977668], [116.3274749, 39.9777826], [116.3273768, 39.9796358], [116.3273713, 39.979782], [116.3273652, 39.9798958], [116.3273647, 39.9799565], [116.3272923, 39.9814113], [116.3272723, 39.9818137], [116.3271971, 39.983323], [116.3272051, 39.983659], [116.3271802, 39.9843548], [116.3271843, 39.9844738]]}}, {"type": "Feature", "properties": {"highway": "secondary", "name": "成府路", "bridge": "", "tunnel": "", "layer": "", "source": "osm"}, "geometry": {"type": "LineString", "coordinates": [[116.3269379, 39.991366], [116.3270837, 39.9913697], [116.3282387, 39.9914038]]}}, {"type": "Feature", "properties": {"highway": "secondary", "name": "中关村东路", "bridge": "", "tunnel": "", "layer": "", "source": "osm"}, "geometry": {"type": "LineString", "coordinates": [[116.3269114, 39.990254], [116.3268624, 39.9911648], [116.3268597, 39.9912143], [116.3268542, 39.9912824]]}}, {"type": "Feature", "properties": {"highway": "secondary", "name": "", "bridge": "", "tunnel": "", "layer": "", "source": "osm"}, "geometry": {"type": "LineString", "coordinates": [[116.3268512, 39.9913648], [116.3268329, 39.9914618]]}}, {"type": "Feature", "properties": {"highway": "secondary_link", "name": "", "bridge": "", "tunnel": "", "layer": "", "source": "osm"}, "geometry": {"type": "LineString", "coordinates": [[116.3269114, 39.990254], [116.3269984, 39.9902514]]}}, {"type": "Feature", "properties": {"highway": "secondary", "name": "", "bridge": "", "tunnel": "", "layer": "", "source": "osm"}, "geometry": {"type": "LineString", "coordinates": [[116.3268542, 39.9912824], [116.3268512, 39.9913648]]}}, {"type": "Feature", "properties": {"highway": "secondary", "name": "", "bridge": "", "tunnel": "", "layer": "", "source": "osm"}, "geometry": {"type": "LineString", "coordinates": [[116.3268512, 39.9913648], [116.3269379, 39.991366]]}}, {"type": "Feature", "properties": {"highway": "tertiary", "name": "中关村东路", "bridge": "", "tunnel": "", "layer": "", "source": "osm"}, "geometry": {"type": "LineString", "coordinates": [[116.3269984, 39.9902514], [116.32694, 39.9912175], [116.3269392, 39.9912844], [116.3269379, 39.991366]]}}, {"type": "Feature", "properties": {"highway": "secondary", "name": "成府路", "bridge": "", "tunnel": "", "layer": "", "source": "osm"}, "geometry": {"type": "LineString", "coordinates": [[116.3319127, 39.9916014], [116.3318269, 39.9915993], [116.3314939, 39.991592], [116.3310439, 39.9915821], [116.3309458, 39.9915799], [116.3308435, 39.9915777]]}}, {"type": "Feature", "properties": {"highway": "cycleway", "name": "", "bridge": "", "tunnel": "", "layer": "", "source": "osm"}, "geometry": {"type": "LineString", "coordinates": [[116.3221973, 39.9913956], [116.3221727, 39.9914278], [116.3220532, 39.9914372], [116.3217356, 39.9914271], [116.3216202, 39.9914075], [116.3208655, 39.9913821], [116.3203871, 39.991366], [116.319632, 39.9913369], [116.3194408, 39.9912973]]}}, {"type": "Feature", "properties": {"highway": "residential", "name": "", "bridge": "", "tunnel": "", "layer": "", "source": "osm"}, "geometry": {"type": "LineString", "coordinates": [[116.3283544, 39.990283], [116.3271789, 39.9902539], [116.3271157, 39.9902542], [116.3270511, 39.9902527], [116.3269984, 39.9902514]]}}, {"type": "Feature", "properties": {"highway": "secondary", "name": "中关村东路", "bridge": "", "tunnel": "", "layer": "", "source": "osm"}, "geometry": {"type": "LineString", "coordinates": [[116.3280933, 39.9664184], [116.3279506, 39.9693591], [116.3278669, 39.9709854], [116.3277875, 39.9727212], [116.3277862, 39.9727482]]}}, {"type": "Feature", "properties": {"highway": "tertiary", "name": "万泉庄路", "bridge": "", "tunnel": "", "layer": "", "source": "osm"}, "geometry": {"type": "LineString", "coordinates": [[116.2957459, 39.9671497], [116.2973455, 39.9671487], [116.2975989, 39.9671485], [116.2982815, 39.9671481], [116.298339, 39.9671486], [116.2989179, 39.9671539], [116.2995442, 39.9671883], [116.3008013, 39.9672777]]}}, {"type": "Feature", "properties": {"highway": "tertiary_link", "name": "北四环西路", "bridge": "yes", "tunnel": "", "layer": "1", "source": "osm"}, "geometry": {"type": "LineString", "coordinates": [[116.2946467, 39.9841494], [116.2943732, 39.9841316]]}}, {"type": "Feature", "properties": {"highway": "trunk_link", "name": "", "bridge": "", "tunnel": "", "layer": "", "source": "osm"}, "geometry": {"type": "LineString", "coordinates": [[116.2948389, 39.9787907], [116.2946145, 39.9793765]]}}, {"type": "Feature", "properties": {"highway": "trunk_link", "name": "", "bridge": "", "tunnel": "", "layer": "", "source": "osm"}, "geometry": {"type": "LineString", "coordinates": [[116.2949358, 39.9761619], [116.2950321, 39.9768977]]}}, {"type": "Feature", "properties": {"highway": "tertiary", "name": "万泉河路", "bridge": "", "tunnel": "", "layer": "", "source": "osm"}, "geometry": {"type": "LineString", "coordinates": [[116.2948389, 39.9787907], [116.2946447, 39.9811037], [116.2945863, 39.9827883]]}}, {"type": "Feature", "properties": {"highway": "tertiary_link", "name": "", "bridge": "", "tunnel": "", "layer": "", "source": "osm"}, "geometry": {"type": "LineString", "coordinates": [[116.2954731, 39.9732392], [116.2954377, 39.973376]]}}, {"type": "Feature", "properties": {"highway": "tertiary", "name": "万泉河路", "bridge": "", "tunnel": "", "layer": "", "source": "osm"}, "geometry": {"type": "LineString", "coordinates": [[116.2933688, 39.9816615], [116.2935342, 39.9815247], [116.2936842, 39.9813719], [116.2939945, 39.9809571], [116.2940512, 39.9808456], [116.2940906, 39.9807565], [116.2941387, 39.9805981], [116.2941899, 39.9801974], [116.2942124, 39.980032], [116.2942769, 39.9797067], [116.294355, 39.9789373], [116.2943714, 39.9787751]]}}, {"type": "Feature", "properties": {"highway": "tertiary_link", "name": "北四环西路", "bridge": "", "tunnel": "", "layer": "", "source": "osm"}, "geometry": {"type": "LineString", "coordinates": [[116.2943732, 39.9841316], [116.2937625, 39.9841013], [116.2937135, 39.9840989], [116.2932983, 39.9840987], [116.2925343, 39.9840957], [116.2922665, 39.9840797], [116.2919265, 39.9840398]]}}, {"type": "Feature", "properties": {"highway": "tertiary_link", "name": "", "bridge": "", "tunnel": "", "layer": "", "source": "osm"}, "geometry": {"type": "LineString", "coordinates": [[116.2948715, 39.9738439], [116.2953592, 39.9738648]]}}, {"type": "Feature", "properties": {"highway": "tertiary_link", "name": "", "bridge": "", "tunnel": "", "layer": "", "source": "osm"}, "geometry": {"type": "LineString", "coordinates": [[116.2985638, 39.9894731], [116.2988186, 39.9894926]]}}, {"type": "Feature", "properties": {"highway": "residential", "name": "", "bridge": "", "tunnel": "", "layer": "", "source": "osm"}, "geometry": {"type": "LineString", "coordinates": [[116.2932283, 39.9913575], [116.2933231, 39.9915742], [116.2941956, 39.9933659], [116.2942512, 39.9934621], [116.2942647, 39.993607], [116.2942744, 39.9938265], [116.2942838, 39.994041], [116.2942906, 39.9946028], [116.2942967, 39.9951121], [116.2943016, 39.9954219], [116.2943044, 39.9955948], [116.2943023, 39.9957698], [116.2943072, 39.9958497], [116.2943084, 39.9958871], [116.2943123, 39.9960098]]}}, {"type": "Feature", "properties": {"highway": "residential", "name": "清溪书屋路", "bridge": "", "tunnel": "", "layer": "", "source": "osm"}, "geometry": {"type": "LineString", "coordinates": [[116.2935098, 39.9913216], [116.2942121, 39.9912957], [116.2944198, 39.9912883], [116.2959857, 39.9912482], [116.2963251, 39.9912589], [116.2967088, 39.9912711], [116.2971361, 39.9912994], [116.2985979, 39.9914142]]}}, {"type": "Feature", "properties": {"highway": "tertiary", "name": "万泉河路", "bridge": "", "tunnel": "", "layer": "", "source": "osm"}, "geometry": {"type": "LineString", "coordinates": [[116.2954377, 39.973376], [116.2954125, 39.9734742], [116.2954069, 39.9735103], [116.2954033, 39.9735282], [116.2953965, 39.9735917], [116.2953922, 39.9736312], [116.2953765, 39.973744], [116.2953592, 39.9738648], [116.2952415, 39.9749565], [116.2950446, 39.9767816], [116.2950321, 39.9768977]]}}, {"type": "Feature", "properties": {"highway": "tertiary", "name": "颐和园路", "bridge": "", "tunnel": "", "layer": "", "source": "osm"}, "geometry": {"type": "LineString", "coordinates": [[116.2993276, 39.98495], [116.2993665, 39.9843374]]}}, {"type": "Feature", "properties": {"highway": "tertiary", "name": "颐和园路", "bridge": "", "tunnel": "", "layer": "", "source": "osm"}, "geometry": {"type": "LineString", "coordinates": [[116.2985638, 39.9894731], [116.2985748, 39.989391], [116.298582, 39.9893372], [116.2987669, 39.9881093], [116.2988649, 39.9874584], [116.2988742, 39.9874049], [116.298885, 39.9873418], [116.2989601, 39.9868709], [116.2990138, 39.9865341], [116.2990194, 39.9865029], [116.2990316, 39.9863965], [116.2990366, 39.9863584], [116.2990706, 39.9861461], [116.2991332, 39.9857552], [116.2991478, 39.9856936], [116.2991681, 39.9856075], [116.2992512, 39.9851243], [116.2992718, 39.9850792], [116.2993083, 39.9849948], [116.2993276, 39.98495]]}}, {"type": "Feature", "properties": {"highway": "residential", "name": "", "bridge": "", "tunnel": "", "layer": "", "source": "osm"}, "geometry": {"type": "LineString", "coordinates": [[116.3226017, 39.9721023], [116.3225311, 39.9739644], [116.3224598, 39.974913]]}}, {"type": "Feature", "properties": {"highway": "residential", "name": "双榆树一街", "bridge": "", "tunnel": "", "layer": "", "source": "osm"}, "geometry": {"type": "LineString", "coordinates": [[116.313551, 39.9698017], [116.3136756, 39.9698065], [116.3137751, 39.9698107], [116.3145096, 39.9698421], [116.3155003, 39.9698844], [116.3156201, 39.9698886], [116.3163431, 39.9699231], [116.3170151, 39.9699551], [116.3172078, 39.9699633], [116.3180474, 39.9700002]]}}, {"type": "Feature", "properties": {"highway": "residential", "name": "双榆树北里三条", "bridge": "", "tunnel": "", "layer": "", "source": "osm"}, "geometry": {"type": "LineString", "coordinates": [[116.3170695, 39.968647], [116.3170151, 39.9699551]]}}, {"type": "Feature", "properties": {"highway": "primary_link", "name": "", "bridge": "", "tunnel": "", "layer": "", "source": "osm"}, "geometry": {"type": "LineString", "coordinates": [[116.3121561, 39.9731614], [116.3122131, 39.9733452]]}}, {"type": "Feature", "properties": {"highway": "tertiary_link", "name": "", "bridge": "yes", "tunnel": "", "layer": "1", "source": "osm"}, "geometry": {"type": "LineString", "coordinates": [[116.3104661, 39.9843892], [116.3104875, 39.9840526]]}}, {"type": "Feature", "properties": {"highway": "tertiary_link", "name": "", "bridge": "yes", "tunnel": "", "layer": "1", "source": "osm"}, "geometry": {"type": "LineString", "coordinates": [[116.309833, 39.9840268], [116.3098136, 39.9843643]]}}, {"type": "Feature", "properties": {"highway": "tertiary", "name": "中关村大街", "bridge": "", "tunnel": "", "layer": "", "source": "osm"}, "geometry": {"type": "LineString", "coordinates": [[116.3122131, 39.9733452], [116.3119966, 39.9738962], [116.3117856, 39.9744332], [116.3117708, 39.9744721], [116.3117605, 39.9744993], [116.3117259, 39.9745902]]}}, {"type": "Feature", "properties": {"highway": "tertiary", "name": "中关村大街", "bridge": "", "tunnel": "", "layer": "", "source": "osm"}, "geometry": {"type": "LineString", "coordinates": [[116.3110837, 39.9775838], [116.3110717, 39.9776848], [116.3109165, 39.9789871], [116.3108883, 39.979355], [116.3108756, 39.979521], [116.310791, 39.9805781], [116.3107234, 39.9813761], [116.3107275, 39.9817594], [116.3106359, 39.9829152], [116.3103279, 39.9834506]]}}, {"type": "Feature", "properties": {"highway": "cycleway", "name": "", "bridge": "", "tunnel": "", "layer": "", "source": "osm"}, "geometry": {"type": "LineString", "coordinates": [[116.3096489, 39.9909079], [116.3094733, 39.9909002]]}}, {"type": "Feature", "properties": {"highway": "tertiary_link", "name": "", "bridge": "", "tunnel": "", "layer": "", "source": "osm"}, "geometry": {"type": "LineString", "coordinates": [[116.2947059, 39.9841515], [116.2946467, 39.9841494]]}}, {"type": "Feature", "properties": {"highway": "tertiary_link", "name": "", "bridge": "", "tunnel": "", "layer": "", "source": "osm"}, "geometry": {"type": "LineString", "coordinates": [[116.2999059, 39.9841886], [116.2999169, 39.9836524]]}}, {"type": "Feature", "properties": {"highway": "tertiary_link", "name": "", "bridge": "", "tunnel": "", "layer": "", "source": "osm"}, "geometry": {"type": "LineString", "coordinates": [[116.2991572, 39.9836195], [116.2991395, 39.9841363]]}}, {"type": "Feature", "properties": {"highway": "service", "name": "", "bridge": "", "tunnel": "", "layer": "", "source": "osm"}, "geometry": {"type": "LineString", "coordinates": [[116.2952078, 39.9841602], [116.2952058, 39.9841941], [116.2951924, 39.984421]]}}, {"type": "Feature", "properties": {"highway": "trunk_link", "name": "", "bridge": "yes", "tunnel": "", "layer": "1", "source": "osm"}, "geometry": {"type": "LineString", "coordinates": [[116.2949269, 39.9838782], [116.2944089, 39.9838898], [116.2936398, 39.9838918]]}}, {"type": "Feature", "properties": {"highway": "trunk_link", "name": "", "bridge": "", "tunnel": "", "layer": "", "source": "osm"}, "geometry": {"type": "LineString", "coordinates": [[116.295319, 39.9834282], [116.2957066, 39.9835176], [116.2961552, 39.9835706], [116.2973189, 39.9837309]]}}, {"type": "Feature", "properties": {"highway": "trunk_link", "name": "", "bridge": "", "tunnel": "", "layer": "", "source": "osm"}, "geometry": {"type": "LineString", "coordinates": [[116.294193, 39.9849076], [116.2940907, 39.9851888], [116.2940008, 39.9856104], [116.2938582, 39.9866152]]}}, {"type": "Feature", "properties": {"highway": "trunk_link", "name": "", "bridge": "yes", "tunnel": "", "layer": "2", "source": "osm"}, "geometry": {"type": "LineString", "coordinates": [[116.2944534, 39.9825843], [116.2945277, 39.9828279], [116.294653, 39.9830265], [116.2948157, 39.9831792], [116.2950408, 39.9833158], [116.295319, 39.9834282]]}}, {"type": "Feature", "properties": {"highway": "trunk_link", "name": "", "bridge": "", "tunnel": "", "layer": "", "source": "osm"}, "geometry": {"type": "LineString", "coordinates": [[116.2936285, 39.9817493], [116.2937494, 39.9816342], [116.2938905, 39.9814857], [116.2940198, 39.9813115], [116.2941384, 39.9811193], [116.294231, 39.9808911], [116.2943485, 39.9805238]]}}, {"type": "Feature", "properties": {"highway": "tertiary", "name": "北四环西路辅路", "bridge": "", "tunnel": "", "layer": "", "source": "osm"}, "geometry": {"type": "LineString", "coordinates": [[116.3100262, 39.984442], [116.3099165, 39.9844387], [116.3098631, 39.9844368], [116.3098087, 39.9844351], [116.3093699, 39.9844211], [116.3083049, 39.98437], [116.3080483, 39.9843576], [116.3078383, 39.9843464], [116.3070882, 39.9843236], [116.3067264, 39.9843091], [116.3059815, 39.9842883]]}}, {"type": "Feature", "properties": {"highway": "tertiary", "name": "北四环西路", "bridge": "", "tunnel": "", "layer": "", "source": "osm"}, "geometry": {"type": "LineString", "coordinates": [[116.2952078, 39.9841602], [116.2948484, 39.9841564], [116.2947059, 39.9841515]]}}, {"type": "Feature", "properties": {"highway": "residential", "name": "人民大学南路", "bridge": "", "tunnel": "", "layer": "", "source": "osm"}, "geometry": {"type": "LineString", "coordinates": [[116.3036809, 39.9654911], [116.3047468, 39.9655685], [116.3048922, 39.9656149], [116.3049931, 39.9656892], [116.3050616, 39.9657594], [116.3051505, 39.9660183], [116.3057173, 39.966099], [116.3120478, 39.9670003], [116.313691, 39.9672342], [116.3142522, 39.9673343], [116.3143591, 39.9673587]]}}, {"type": "Feature", "properties": {"highway": "unclassified", "name": "人民大学北路", "bridge": "", "tunnel": "", "layer": "", "source": "osm"}, "geometry": {"type": "LineString", "coordinates": [[116.31223, 39.9726454], [116.312102, 39.972612], [116.3106049, 39.9724655], [116.3093314, 39.9723753], [116.3072959, 39.9722081], [116.3060891, 39.9721089], [116.306037, 39.9721028], [116.3058626, 39.9720824], [116.3051779, 39.9719902], [116.3049802, 39.9719603], [116.304292, 39.9718639], [116.3029051, 39.9716709], [116.3024415, 39.9716064], [116.3008753, 39.9713556], [116.3006772, 39.9713282], [116.3005706, 39.9713134]]}}, {"type": "Feature", "properties": {"highway": "primary_link", "name": "", "bridge": "", "tunnel": "", "layer": "", "source": "osm"}, "geometry": {"type": "LineString", "coordinates": [[116.3107234, 39.9813761], [116.3105803, 39.981373]]}}, {"type": "Feature", "properties": {"highway": "footway", "name": "", "bridge": "", "tunnel": "", "layer": "", "source": "osm"}, "geometry": {"type": "LineString", "coordinates": [[116.3143823, 39.9680442], [116.3144239, 39.9680534], [116.314475, 39.968125]]}}, {"type": "Feature", "properties": {"highway": "footway", "name": "", "bridge": "", "tunnel": "", "layer": "", "source": "osm"}, "geometry": {"type": "LineString", "coordinates": [[116.3145004, 39.9677314], [116.3145535, 39.9677472], [116.314588, 39.9677574]]}}, {"type": "Feature", "properties": {"highway": "service", "name": "", "bridge": "", "tunnel": "", "layer": "", "source": "osm"}, "geometry": {"type": "LineString", "coordinates": [[116.3139386, 39.9684368], [116.3138469, 39.9684172], [116.3137114, 39.9683857], [116.3134094, 39.9683641], [116.3130591, 39.9683425]]}}, {"type": "Feature", "properties": {"highway": "footway", "name": "", "bridge": "", "tunnel": "", "layer": "", "source": "osm"}, "geometry": {"type": "LineString", "coordinates": [[116.3138022, 39.9680867], [116.3137114, 39.9683857], [116.3135832, 39.9688004], [116.3133313, 39.9694553]]}}, {"type": "Feature", "properties": {"highway": "service", "name": "", "bridge": "", "tunnel": "", "layer": "", "source": "osm"}, "geometry": {"type": "LineString", "coordinates": [[116.3142447, 39.9690208], [116.3141147, 39.96899], [116.314031, 39.9689701], [116.3139067, 39.9689406]]}}, {"type": "Feature", "properties": {"highway": "service", "name": "", "bridge": "", "tunnel": "", "layer": "", "source": "osm"}, "geometry": {"type": "LineString", "coordinates": [[116.3134515, 39.970403], [116.3135397, 39.9704165], [116.3137632, 39.970451], [116.3138649, 39.970172]]}}, {"type": "Feature", "properties": {"highway": "footway", "name": "", "bridge": "", "tunnel": "", "layer": "", "source": "osm"}, "geometry": {"type": "LineString", "coordinates": [[116.3004308, 39.9737919], [116.3004036, 39.9741634], [116.3004313, 39.9741846], [116.3004706, 39.9742147], [116.3004942, 39.9742328], [116.3010514, 39.9742397], [116.3013201, 39.9742437], [116.3021254, 39.9742557], [116.3031532, 39.974271], [116.3038415, 39.9742924], [116.3063465, 39.9743704], [116.3082989, 39.9744312], [116.3088183, 39.974451], [116.3090577, 39.9744601], [116.3107962, 39.9744842], [116.3108914, 39.9744836]]}}, {"type": "Feature", "properties": {"highway": "service", "name": "", "bridge": "", "tunnel": "", "layer": "", "source": "osm"}, "geometry": {"type": "LineString", "coordinates": [[116.3107865, 39.9745993], [116.3107962, 39.9744842], [116.3107976, 39.9744565]]}}, {"type": "Feature", "properties": {"highway": "service", "name": "", "bridge": "", "tunnel": "", "layer": "", "source": "osm"}, "geometry": {"type": "LineString", "coordinates": [[116.3088357, 39.9741102], [116.3088183, 39.974451], [116.3088164, 39.9744881], [116.3088144, 39.9745264]]}}, {"type": "Feature", "properties": {"highway": "service", "name": "", "bridge": "", "tunnel": "", "layer": "", "source": "osm"}, "geometry": {"type": "LineString", "coordinates": [[116.3090517, 39.9745352], [116.3090547, 39.974497], [116.3090577, 39.9744601], [116.3090846, 39.9741199], [116.3088357, 39.9741102], [116.3063673, 39.9740141], [116.3063594, 39.9741495], [116.3063465, 39.9743704], [116.306345, 39.9743968], [116.306342, 39.9744472]]}}, {"type": "Feature", "properties": {"highway": "residential", "name": "白塔庵路", "bridge": "", "tunnel": "", "layer": "", "source": "osm"}, "geometry": {"type": "LineString", "coordinates": [[116.3277875, 39.9727212], [116.3278883, 39.9727223], [116.3291362, 39.9727355], [116.329202, 39.9726383], [116.3304965, 39.9726566]]}}, {"type": "Feature", "properties": {"highway": "footway", "name": "", "bridge": "yes", "tunnel": "", "layer": "1", "source": "osm"}, "geometry": {"type": "LineString", "coordinates": [[116.3275643, 39.9708709], [116.3275796, 39.9704184]]}}, {"type": "Feature", "properties": {"highway": "footway", "name": "", "bridge": "yes", "tunnel": "", "layer": "1", "source": "osm"}, "geometry": {"type": "LineString", "coordinates": [[116.3280593, 39.9708862], [116.3280802, 39.970332]]}}, {"type": "Feature", "properties": {"highway": "footway", "name": "", "bridge": "", "tunnel": "", "layer": "", "source": "osm"}, "geometry": {"type": "LineString", "coordinates": [[116.3272489, 39.9767532], [116.3272786, 39.9767512], [116.3274, 39.9767604], [116.3275288, 39.9767663], [116.3276791, 39.9767733], [116.3277425, 39.9767751]]}}, {"type": "Feature", "properties": {"highway": "service", "name": "", "bridge": "", "tunnel": "", "layer": "", "source": "osm"}, "geometry": {"type": "LineString", "coordinates": [[116.2981055, 39.9925991], [116.2983213, 39.9926109], [116.2984265, 39.9926166]]}}, {"type": "Feature", "properties": {"highway": "service", "name": "", "bridge": "", "tunnel": "", "layer": "", "source": "osm"}, "geometry": {"type": "LineString", "coordinates": [[116.2980291, 39.9930865], [116.2980682, 39.9928371], [116.2981055, 39.9925991], [116.2981646, 39.9922698], [116.2983629, 39.9922787], [116.2984739, 39.9922815]]}}, {"type": "Feature", "properties": {"highway": "footway", "name": "", "bridge": "", "tunnel": "", "layer": "", "source": "osm"}, "geometry": {"type": "LineString", "coordinates": [[116.2982159, 39.9927415], [116.2983071, 39.9927403], [116.2983213, 39.9926109], [116.2983629, 39.9922787], [116.2983771, 39.9921884], [116.2984489, 39.991761]]}}, {"type": "Feature", "properties": {"highway": "service", "name": "", "bridge": "", "tunnel": "", "layer": "", "source": "osm"}, "geometry": {"type": "LineString", "coordinates": [[116.3056415, 39.977538], [116.3056442, 39.9774564], [116.305641, 39.9773908], [116.305648, 39.9772996]]}}, {"type": "Feature", "properties": {"highway": "secondary", "name": "荷清路", "bridge": "", "tunnel": "", "layer": "", "source": "osm"}, "geometry": {"type": "LineString", "coordinates": [[116.3255601, 40.0116578], [116.3256092, 40.0115008], [116.3262306, 40.0109712], [116.3283823, 40.0090309], [116.328434, 40.0089873], [116.3287517, 40.0087023], [116.3290221, 40.0084597], [116.3291338, 40.0083601], [116.3293165, 40.0081971], [116.3293226, 40.0081917], [116.3294522, 40.008076], [116.329539, 40.0079686], [116.3298215, 40.0076191], [116.3301253, 40.0071847], [116.3303386, 40.0067755], [116.3305437, 40.0062177], [116.330602, 40.0059658], [116.3306509, 40.0057464], [116.3307194, 40.0055308], [116.330721, 40.0054831], [116.3308231, 40.0024595], [116.3308236, 40.0024461], [116.3308263, 40.0023647], [116.3308298, 40.0022695], [116.3308829, 40.0006903], [116.3308849, 40.0006297], [116.3309296, 39.9993049], [116.3309465, 39.9991713]]}}, {"type": "Feature", "properties": {"highway": "service", "name": "", "bridge": "", "tunnel": "", "layer": "", "source": "osm"}, "geometry": {"type": "LineString", "coordinates": [[116.3144988, 39.9685442], [116.3144741, 39.9686082], [116.3141211, 39.9696825], [116.3143089, 39.9696969], [116.3149928, 39.9697174]]}}, {"type": "Feature", "properties": {"highway": "service", "name": "", "bridge": "", "tunnel": "", "layer": "", "source": "osm"}, "geometry": {"type": "LineString", "coordinates": [[116.3144741, 39.9686082], [116.3145642, 39.9686788], [116.3155212, 39.9687225]]}}, {"type": "Feature", "properties": {"highway": "service", "name": "", "bridge": "", "tunnel": "", "layer": "", "source": "osm"}, "geometry": {"type": "LineString", "coordinates": [[116.3143089, 39.9696969], [116.3145288, 39.9691069], [116.3145642, 39.9686788]]}}, {"type": "Feature", "properties": {"highway": "residential", "name": "", "bridge": "", "tunnel": "", "layer": "", "source": "osm"}, "geometry": {"type": "LineString", "coordinates": [[116.3190951, 39.9738771], [116.3192275, 39.9738806], [116.320023, 39.9739001], [116.3202216, 39.973905], [116.3216639, 39.9739424], [116.3217496, 39.9739446], [116.3225311, 39.9739644]]}}, {"type": "Feature", "properties": {"highway": "service", "name": "", "bridge": "", "tunnel": "", "layer": "", "source": "osm"}, "geometry": {"type": "LineString", "coordinates": [[116.3202216, 39.973905], [116.3203277, 39.9725212]]}}, {"type": "Feature", "properties": {"highway": "service", "name": "", "bridge": "", "tunnel": "", "layer": "", "source": "osm"}, "geometry": {"type": "LineString", "coordinates": [[116.3216639, 39.9739424], [116.3217332, 39.9728748], [116.3210264, 39.9728408], [116.3210491, 39.9725334], [116.3210889, 39.9719951]]}}, {"type": "Feature", "properties": {"highway": "service", "name": "", "bridge": "", "tunnel": "", "layer": "", "source": "osm"}, "geometry": {"type": "LineString", "coordinates": [[116.3217496, 39.9739446], [116.3217276, 39.9742244], [116.3217077, 39.974477], [116.3222911, 39.9744822]]}}, {"type": "Feature", "properties": {"highway": "service", "name": "青云西街", "bridge": "", "tunnel": "", "layer": "", "source": "osm"}, "geometry": {"type": "LineString", "coordinates": [[116.3191719, 39.9725082], [116.3203277, 39.9725212], [116.3210491, 39.9725334]]}}, {"type": "Feature", "properties": {"highway": "residential", "name": "", "bridge": "", "tunnel": "", "layer": "", "source": "osm"}, "geometry": {"type": "LineString", "coordinates": [[116.3283544, 39.990283], [116.3283071, 39.9907851], [116.3282558, 39.9912749], [116.3282467, 39.9913305]]}}, {"type": "Feature", "properties": {"highway": "primary", "name": "中关村北大街", "bridge": "", "tunnel": "", "layer": "", "source": "osm"}, "geometry": {"type": "LineString", "coordinates": [[116.3100797, 39.9854854], [116.3099847, 39.9853071], [116.310007, 39.9846763], [116.310017, 39.9845068], [116.3100262, 39.984442]]}}, {"type": "Feature", "properties": {"highway": "service", "name": "", "bridge": "", "tunnel": "", "layer": "", "source": "osm"}, "geometry": {"type": "LineString", "coordinates": [[116.3089791, 39.9972809], [116.3069392, 39.9970647], [116.306856, 39.9970522]]}}, {"type": "Feature", "properties": {"highway": "tertiary", "name": "北四环中路", "bridge": "", "tunnel": "", "layer": "-1", "source": "osm"}, "geometry": {"type": "LineString", "coordinates": [[116.3341265, 39.9847284], [116.337459, 39.9849375], [116.3377852, 39.9849792]]}}, {"type": "Feature", "properties": {"highway": "tertiary", "name": "北四环西路", "bridge": "", "tunnel": "", "layer": "-1", "source": "osm"}, "geometry": {"type": "LineString", "coordinates": [[116.3334491, 39.9852441], [116.3316754, 39.9851812], [116.3284589, 39.9850285]]}}, {"type": "Feature", "properties": {"highway": "steps", "name": "", "bridge": "yes", "tunnel": "", "layer": "1", "source": "osm"}, "geometry": {"type": "LineString", "coordinates": [[116.30987, 39.9858549], [116.3098786, 39.9857284]]}}, {"type": "Feature", "properties": {"highway": "service", "name": "", "bridge": "", "tunnel": "", "layer": "", "source": "osm"}, "geometry": {"type": "LineString", "coordinates": [[116.3194269, 39.9914583], [116.3194257, 39.9915429], [116.3194001, 39.9918713]]}}, {"type": "Feature", "properties": {"highway": "footway", "name": "", "bridge": "", "tunnel": "", "layer": "", "source": "osm"}, "geometry": {"type": "LineString", "coordinates": [[116.3183441, 39.991319], [116.3180618, 39.9913185], [116.3172334, 39.9912914], [116.3172355, 39.9912402], [116.3172371, 39.9912005]]}}, {"type": "Feature", "properties": {"highway": "cycleway", "name": "", "bridge": "", "tunnel": "", "layer": "", "source": "osm"}, "geometry": {"type": "LineString", "coordinates": [[116.3342865, 39.9853871], [116.3333795, 39.9853597], [116.3331314, 39.9854104], [116.3291087, 39.9851738], [116.3288757, 39.985183], [116.3280681, 39.9851319], [116.3274368, 39.98508], [116.3272565, 39.9850679], [116.327172, 39.9850623], [116.3270346, 39.9850531], [116.3269127, 39.9850449], [116.3268523, 39.9850409], [116.326716, 39.9850318], [116.324013, 39.9849459], [116.3227458, 39.9849057], [116.3211064, 39.9848536], [116.3202921, 39.9848278], [116.3193315, 39.9847973], [116.3176958, 39.9847453], [116.3159124, 39.9846887], [116.3142406, 39.9846356], [116.3141628, 39.9846332], [116.3140727, 39.9846256], [116.3137722, 39.9846159], [116.3129358, 39.9845887], [116.3120324, 39.9845594], [116.3109764, 39.9845421], [116.3107158, 39.9845325], [116.3103714, 39.9845198], [116.3102621, 39.9845158], [116.3101491, 39.9845116], [116.310017, 39.9845068], [116.3099104, 39.9845028], [116.3098595, 39.984501], [116.3096173, 39.984492], [116.3089645, 39.984464], [116.308485, 39.9844241], [116.3081511, 39.9844129], [116.3067203, 39.9843836], [116.3042426, 39.984333], [116.3036317, 39.9843205], [116.3034177, 39.9843194], [116.3022542, 39.9843759], [116.301863, 39.9843824], [116.2998128, 39.9843183], [116.2997476, 39.9843123], [116.2996782, 39.984306]]}}, {"type": "Feature", "properties": {"highway": "footway", "name": "", "bridge": "yes", "tunnel": "", "layer": "1", "source": "osm"}, "geometry": {"type": "LineString", "coordinates": [[116.3141811, 39.9844966], [116.3141948, 39.9841752]]}}, {"type": "Feature", "properties": {"highway": "footway", "name": "", "bridge": "yes", "tunnel": "", "layer": "1", "source": "osm"}, "geometry": {"type": "LineString", "coordinates": [[116.3137887, 39.9844851], [116.3138041, 39.9841637]]}}, {"type": "Feature", "properties": {"highway": "service", "name": "", "bridge": "", "tunnel": "", "layer": "", "source": "osm"}, "geometry": {"type": "LineString", "coordinates": [[116.3129419, 39.9845043], [116.3129358, 39.9845887], [116.312933, 39.9846269], [116.3129326, 39.9846545], [116.3129111, 39.9848396]]}}, {"type": "Feature", "properties": {"highway": "footway", "name": "", "bridge": "", "tunnel": "", "layer": "", "source": "osm"}, "geometry": {"type": "LineString", "coordinates": [[116.3137674, 39.9846541], [116.3137722, 39.9846159], [116.3137837, 39.9845253], [116.3137887, 39.9844851]]}}, {"type": "Feature", "properties": {"highway": "service", "name": "", "bridge": "", "tunnel": "", "layer": "", "source": "osm"}, "geometry": {"type": "LineString", "coordinates": [[116.3140906, 39.9845352], [116.3141628, 39.9846332], [116.3141745, 39.9846747], [116.3141789, 39.9846979], [116.3142238, 39.9848591], [116.3141906, 39.9853977]]}}, {"type": "Feature", "properties": {"highway": "footway", "name": "", "bridge": "", "tunnel": "", "layer": "", "source": "osm"}, "geometry": {"type": "LineString", "coordinates": [[116.313845, 39.9839496], [116.3128104, 39.9839277]]}}, {"type": "Feature", "properties": {"highway": "footway", "name": "", "bridge": "", "tunnel": "", "layer": "", "source": "osm"}, "geometry": {"type": "LineString", "coordinates": [[116.3102647, 39.9864912], [116.3102978, 39.9860799], [116.3103549, 39.985542], [116.3104026, 39.9854228], [116.3104889, 39.9848269], [116.3105948, 39.9846819], [116.3107149, 39.9846259], [116.3107502, 39.9846094], [116.3110588, 39.9846129], [116.3111793, 39.9845868], [116.3127085, 39.9846177], [116.312933, 39.9846269], [116.3137674, 39.9846541], [116.3141745, 39.9846747], [116.314267, 39.9846825], [116.3144013, 39.9846938], [116.3157338, 39.984717]]}}, {"type": "Feature", "properties": {"highway": "primary", "name": "知春路", "bridge": "", "tunnel": "", "layer": "", "source": "osm"}, "geometry": {"type": "LineString", "coordinates": [[116.3318201, 39.9751624], [116.3304232, 39.97519], [116.3297962, 39.9752075], [116.329642, 39.9752204]]}}, {"type": "Feature", "properties": {"highway": "tertiary", "name": "知春路", "bridge": "", "tunnel": "", "layer": "", "source": "osm"}, "geometry": {"type": "LineString", "coordinates": [[116.3373049, 39.9752203], [116.3345103, 39.9751963], [116.3343176, 39.9751976], [116.3334855, 39.9751711], [116.3318237, 39.9752236]]}}, {"type": "Feature", "properties": {"highway": "tertiary", "name": "知春路", "bridge": "", "tunnel": "", "layer": "", "source": "osm"}, "geometry": {"type": "LineString", "coordinates": [[116.3297828, 39.9752689], [116.3296392, 39.975284], [116.3291061, 39.9753003], [116.3290015, 39.9753231], [116.3289116, 39.9753461], [116.3288802, 39.9753535], [116.3279012, 39.9753761], [116.3278246, 39.9753728], [116.3277888, 39.9753713], [116.3276564, 39.9753641], [116.3274982, 39.9753564], [116.3273602, 39.9753497], [116.3272486, 39.9753443], [116.3272065, 39.9753422], [116.3261859, 39.9753298], [116.3252123, 39.9752466], [116.3237545, 39.9751952], [116.323494, 39.9751859]]}}, {"type": "Feature", "properties": {"highway": "primary", "name": "知春路", "bridge": "", "tunnel": "", "layer": "", "source": "osm"}, "geometry": {"type": "LineString", "coordinates": [[116.3393885, 39.9751246], [116.3392798, 39.9751234], [116.3391289, 39.9751541], [116.3382724, 39.9751495], [116.3373076, 39.9751443]]}}, {"type": "Feature", "properties": {"highway": "footway", "name": "", "bridge": "", "tunnel": "", "layer": "", "source": "osm"}, "geometry": {"type": "LineString", "coordinates": [[116.3356534, 39.9745744], [116.3359014, 39.974578], [116.3361435, 39.9745816]]}}, {"type": "Feature", "properties": {"highway": "footway", "name": "", "bridge": "", "tunnel": "", "layer": "", "source": "osm"}, "geometry": {"type": "LineString", "coordinates": [[116.3361435, 39.9745816], [116.3363023, 39.9745839], [116.3365664, 39.9745856], [116.3365563, 39.9747769], [116.3365552, 39.9748673], [116.3355942, 39.9748496], [116.3355941, 39.9748314], [116.3353236, 39.9748284]]}}, {"type": "Feature", "properties": {"highway": "tertiary", "name": "万泉河路", "bridge": "", "tunnel": "", "layer": "", "source": "osm"}, "geometry": {"type": "LineString", "coordinates": [[116.3003184, 39.9692718], [116.2994669, 39.9697823], [116.2971161, 39.9712882], [116.2969484, 39.9713859], [116.2965831, 39.9716434], [116.2963088, 39.9719229], [116.295996, 39.97229], [116.2956406, 39.9728444], [116.2956152, 39.9729038], [116.295533, 39.9730834], [116.2955118, 39.9731297], [116.2954971, 39.9731714], [116.2954731, 39.9732392]]}}, {"type": "Feature", "properties": {"highway": "tertiary", "name": "万泉河路", "bridge": "", "tunnel": "", "layer": "", "source": "osm"}, "geometry": {"type": "LineString", "coordinates": [[116.2950321, 39.9768977], [116.2950047, 39.9772213], [116.2949851, 39.9774532], [116.2948472, 39.9787146], [116.2948389, 39.9787907]]}}, {"type": "Feature", "properties": {"highway": "secondary", "name": "丹棱街", "bridge": "", "tunnel": "", "layer": "", "source": "osm"}, "geometry": {"type": "LineString", "coordinates": [[116.304954, 39.9775956], [116.3037014, 39.977731], [116.3035726, 39.977745], [116.3024861, 39.9778488], [116.3023421, 39.9778592], [116.3022395, 39.9778638], [116.3002256, 39.9777948], [116.3000756, 39.9777895], [116.2999846, 39.9777863], [116.299902, 39.9777842]]}}, {"type": "Feature", "properties": {"highway": "tertiary", "name": "海淀中街", "bridge": "", "tunnel": "", "layer": "", "source": "osm"}, "geometry": {"type": "LineString", "coordinates": [[116.3050639, 39.9761254], [116.3050844, 39.9758461], [116.3051628, 39.9747755], [116.3051675, 39.9747119], [116.3051687, 39.9746951], [116.3051737, 39.974644], [116.3051772, 39.9745664], [116.3051866, 39.9744978]]}}, {"type": "Feature", "properties": {"highway": "primary", "name": "海淀南路", "bridge": "", "tunnel": "", "layer": "", "source": "osm"}, "geometry": {"type": "LineString", "coordinates": [[116.3051866, 39.9744978], [116.3052842, 39.9744955], [116.305376, 39.9744933], [116.3063094, 39.9745272], [116.3082258, 39.9745817], [116.3082896, 39.9745839], [116.3101959, 39.9746495], [116.3110398, 39.9746789], [116.3111106, 39.9746804], [116.3112232, 39.9746841], [116.3113773, 39.9746788]]}}, {"type": "Feature", "properties": {"highway": "primary", "name": "中关村大街", "bridge": "", "tunnel": "", "layer": "", "source": "osm"}, "geometry": {"type": "LineString", "coordinates": [[116.3105853, 39.9775324], [116.3105926, 39.9774053], [116.3105862, 39.977376], [116.3105768, 39.9773328], [116.3106102, 39.9772196], [116.3107274, 39.9767936], [116.3107736, 39.9766255], [116.3107974, 39.9765391], [116.310896, 39.9761808], [116.3109608, 39.9759726], [116.3110985, 39.9755302], [116.3112782, 39.9749784], [116.3112971, 39.9749381], [116.311309, 39.9749042], [116.3113192, 39.9748851], [116.3113409, 39.9748117]]}}, {"type": "Feature", "properties": {"highway": "tertiary_link", "name": "", "bridge": "", "tunnel": "", "layer": "", "source": "osm"}, "geometry": {"type": "LineString", "coordinates": [[116.3051866, 39.9744978], [116.3051885, 39.9744249]]}}, {"type": "Feature", "properties": {"highway": "footway", "name": "", "bridge": "", "tunnel": "", "layer": "", "source": "osm"}, "geometry": {"type": "LineString", "coordinates": [[116.2975851, 39.9742419], [116.2975929, 39.9742264], [116.2976269, 39.9741595], [116.2976688, 39.9740769], [116.2976783, 39.9740582]]}}, {"type": "Feature", "properties": {"highway": "tertiary_link", "name": "", "bridge": "", "tunnel": "", "layer": "", "source": "osm"}, "geometry": {"type": "LineString", "coordinates": [[116.2948959, 39.9736582], [116.2951266, 39.973592], [116.2951427, 39.9735105], [116.2951496, 39.9734756], [116.2951553, 39.9734367], [116.2951767, 39.9733522]]}}, {"type": "Feature", "properties": {"highway": "tertiary", "name": "万泉河路", "bridge": "", "tunnel": "", "layer": "", "source": "osm"}, "geometry": {"type": "LineString", "coordinates": [[116.3004223, 39.9686587], [116.300592, 39.9684347], [116.3006704, 39.9681653], [116.3008013, 39.9672777], [116.3008962, 39.9666211], [116.3010095, 39.9658377], [116.3010272, 39.9657157], [116.3010496, 39.9655609], [116.301102, 39.9651838], [116.3011684, 39.9647393], [116.3012101, 39.9644507]]}}, {"type": "Feature", "properties": {"highway": "tertiary", "name": "彩和坊路", "bridge": "", "tunnel": "", "layer": "", "source": "osm"}, "geometry": {"type": "LineString", "coordinates": [[116.3030101, 39.9744351], [116.3030094, 39.9745016], [116.3030059, 39.9745748], [116.3030035, 39.9746301], [116.3029525, 39.9758006], [116.302945, 39.9759754], [116.3029285, 39.9763612], [116.3029255, 39.9764323], [116.3029006, 39.9765828], [116.3028501, 39.9767369], [116.3027785, 39.9768814], [116.3024241, 39.977621], [116.3023585, 39.977758], [116.3023421, 39.9778592], [116.3022885, 39.9787355], [116.3022839, 39.978818], [116.3022792, 39.9789048], [116.3022358, 39.9797095], [116.3022281, 39.979852], [116.302209, 39.9809707], [116.3022071, 39.9810878], [116.3022079, 39.9811705], [116.3022197, 39.9819242], [116.3022312, 39.9826586], [116.3022374, 39.9830525], [116.3022409, 39.9833678], [116.3022438, 39.9836346], [116.3022478, 39.9837136]]}}, {"type": "Feature", "properties": {"highway": "footway", "name": "", "bridge": "", "tunnel": "", "layer": "", "source": "osm"}, "geometry": {"type": "LineString", "coordinates": [[116.3018917, 39.9743484], [116.3021205, 39.974354], [116.302122, 39.9743263], [116.3021254, 39.9742557], [116.3021286, 39.9742075]]}}, {"type": "Feature", "properties": {"highway": "residential", "name": "榆树林路", "bridge": "", "tunnel": "", "layer": "", "source": "osm"}, "geometry": {"type": "LineString", "coordinates": [[116.3106304, 39.9766987], [116.3105072, 39.9766945], [116.3079797, 39.9766092], [116.3067983, 39.9765699], [116.305221, 39.9765055], [116.3051282, 39.9765017], [116.3050371, 39.9764979], [116.304941, 39.9764949], [116.3030098, 39.9764349], [116.3029255, 39.9764323], [116.302813, 39.9764236]]}}, {"type": "Feature", "properties": {"highway": "secondary", "name": "中关村东路", "bridge": "", "tunnel": "", "layer": "", "source": "osm"}, "geometry": {"type": "LineString", "coordinates": [[116.3269406, 39.9868621], [116.326948, 39.986733], [116.3269521, 39.9866626], [116.3270047, 39.9856341], [116.3270324, 39.9850956], [116.3270346, 39.9850531], [116.3270388, 39.984972]]}}, {"type": "Feature", "properties": {"highway": "tertiary", "name": "中关村东路", "bridge": "", "tunnel": "", "layer": "", "source": "osm"}, "geometry": {"type": "LineString", "coordinates": [[116.3269406, 39.9868621], [116.3268219, 39.9867447], [116.3268232, 39.9867177], [116.3268259, 39.9866583], [116.3268831, 39.9855773], [116.3268829, 39.985543], [116.3269114, 39.9850832], [116.3269127, 39.9850449], [116.3269155, 39.9849662]]}}, {"type": "Feature", "properties": {"highway": "residential", "name": "中关村北一条", "bridge": "", "tunnel": "", "layer": "", "source": "osm"}, "geometry": {"type": "LineString", "coordinates": [[116.3119313, 39.9861265], [116.3122246, 39.9861499], [116.3123818, 39.9861551], [116.3131335, 39.9862222], [116.3133574, 39.98624], [116.3137547, 39.9862717], [116.3144283, 39.9863191], [116.3151419, 39.9863821], [116.3156058, 39.9864209], [116.3156889, 39.9864256], [116.3174015, 39.9864913], [116.317486, 39.9864945], [116.3192745, 39.9865543], [116.3197573, 39.9865724], [116.320977, 39.9866182], [116.3215407, 39.986708], [116.3228101, 39.9867442], [116.3238987, 39.9867753], [116.3267482, 39.9868566], [116.3268142, 39.9868585], [116.3269406, 39.9868621]]}}, {"type": "Feature", "properties": {"highway": "footway", "name": "", "bridge": "", "tunnel": "", "layer": "", "source": "osm"}, "geometry": {"type": "LineString", "coordinates": [[116.3268291, 39.9855756], [116.3268831, 39.9855773]]}}, {"type": "Feature", "properties": {"highway": "tertiary", "name": "北四环西路", "bridge": "", "tunnel": "", "layer": "", "source": "osm"}, "geometry": {"type": "LineString", "coordinates": [[116.3269155, 39.9849662], [116.32516, 39.9848787], [116.324661, 39.9848581], [116.324022, 39.984837], [116.3235569, 39.9848162], [116.3232227, 39.9848029], [116.322877, 39.9847921], [116.322755, 39.9847883], [116.321115, 39.9847369]]}}, {"type": "Feature", "properties": {"highway": "tertiary", "name": "海淀路", "bridge": "", "tunnel": "", "layer": "", "source": "osm"}, "geometry": {"type": "LineString", "coordinates": [[116.2995435, 39.9849609], [116.2996793, 39.9849871], [116.2997309, 39.9849971], [116.302438, 39.9850733], [116.3025878, 39.9850775], [116.3041961, 39.9851228], [116.3054664, 39.9851586], [116.3057086, 39.9851654], [116.3063195, 39.9851819], [116.3064276, 39.9851848], [116.3065927, 39.9851909], [116.3072909, 39.9852081], [116.3085729, 39.9852187], [116.3097152, 39.9851729], [116.3098822, 39.9851767], [116.309919, 39.9851769]]}}, {"type": "Feature", "properties": {"highway": "residential", "name": "科院北一街", "bridge": "", "tunnel": "", "layer": "", "source": "osm"}, "geometry": {"type": "LineString", "coordinates": [[116.317486, 39.9864945], [116.3176177, 39.9855386], [116.3176958, 39.9847453], [116.3177089, 39.9846313]]}}, {"type": "Feature", "properties": {"highway": "secondary", "name": "中关村东路", "bridge": "", "tunnel": "", "layer": "", "source": "osm"}, "geometry": {"type": "LineString", "coordinates": [[116.3268329, 39.9914618], [116.326827, 39.9915462], [116.3268107, 39.9916129], [116.3268028, 39.991683], [116.3267433, 39.9926037]]}}, {"type": "Feature", "properties": {"highway": "secondary", "name": "", "bridge": "", "tunnel": "", "layer": "", "source": "osm"}, "geometry": {"type": "LineString", "coordinates": [[116.3268329, 39.9914618], [116.326671, 39.9914556]]}}, {"type": "Feature", "properties": {"highway": "service", "name": "", "bridge": "", "tunnel": "", "layer": "", "source": "osm"}, "geometry": {"type": "LineString", "coordinates": [[116.3267945, 39.9895688], [116.3266801, 39.9895148], [116.3265411, 39.9894513]]}}, {"type": "Feature", "properties": {"highway": "footway", "name": "", "bridge": "", "tunnel": "", "layer": "", "source": "osm"}, "geometry": {"type": "LineString", "coordinates": [[116.3135832, 39.9688004], [116.3136456, 39.9688274], [116.3136646, 39.9688356]]}}, {"type": "Feature", "properties": {"highway": "tertiary_link", "name": "", "bridge": "", "tunnel": "", "layer": "", "source": "osm"}, "geometry": {"type": "LineString", "coordinates": [[116.2956406, 39.9728444], [116.2951633, 39.9727195]]}}, {"type": "Feature", "properties": {"highway": "tertiary_link", "name": "", "bridge": "", "tunnel": "", "layer": "", "source": "osm"}, "geometry": {"type": "LineString", "coordinates": [[116.3000159, 39.9689706], [116.3003184, 39.9692718]]}}, {"type": "Feature", "properties": {"highway": "tertiary_link", "name": "", "bridge": "", "tunnel": "", "layer": "", "source": "osm"}, "geometry": {"type": "LineString", "coordinates": [[116.301049, 39.9686003], [116.300592, 39.9684347]]}}, {"type": "Feature", "properties": {"highway": "tertiary_link", "name": "", "bridge": "", "tunnel": "", "layer": "", "source": "osm"}, "geometry": {"type": "LineString", "coordinates": [[116.2951767, 39.9733522], [116.2952121, 39.9732269]]}}, {"type": "Feature", "properties": {"highway": "tertiary_link", "name": "", "bridge": "", "tunnel": "", "layer": "", "source": "osm"}, "geometry": {"type": "LineString", "coordinates": [[116.2956152, 39.9729038], [116.2953403, 39.9728937], [116.2952685, 39.9730578], [116.2952121, 39.9732269]]}}, {"type": "Feature", "properties": {"highway": "tertiary", "name": "", "bridge": "", "tunnel": "", "layer": "", "source": "osm"}, "geometry": {"type": "LineString", "coordinates": [[116.3005638, 39.9693607], [116.3003184, 39.9692718]]}}, {"type": "Feature", "properties": {"highway": "residential", "name": "汇贤路", "bridge": "", "tunnel": "", "layer": "", "source": "osm"}, "geometry": {"type": "LineString", "coordinates": [[116.3006619, 39.9693815], [116.3008566, 39.9693949], [116.3009668, 39.9694025], [116.3010626, 39.9694091], [116.3012706, 39.9694226], [116.3014009, 39.9694311], [116.3022015, 39.969483], [116.3023487, 39.9694941], [116.3023565, 39.9694947], [116.3030196, 39.9695453], [116.3032171, 39.9695604], [116.304282, 39.9696416]]}}, {"type": "Feature", "properties": {"highway": "residential", "name": "谨勤路", "bridge": "", "tunnel": "", "layer": "", "source": "osm"}, "geometry": {"type": "LineString", "coordinates": [[116.3029051, 39.9716709], [116.3029164, 39.9716187], [116.3029311, 39.9715296], [116.3030076, 39.9707912], [116.3031475, 39.96974], [116.3031525, 39.9696997], [116.3032171, 39.9695604], [116.3032359, 39.9695162], [116.3033346, 39.9686775], [116.3033929, 39.9682017], [116.3034313, 39.9678043], [116.3034338, 39.9677538], [116.3034872, 39.9672413]]}}, {"type": "Feature", "properties": {"highway": "residential", "name": "林园路", "bridge": "", "tunnel": "", "layer": "", "source": "osm"}, "geometry": {"type": "LineString", "coordinates": [[116.3106049, 39.9724655], [116.3106228, 39.9723755], [116.3106648, 39.972106], [116.3107088, 39.9717599], [116.3108837, 39.9703321], [116.3109038, 39.9701683], [116.3109095, 39.9701216], [116.3109309, 39.9699467], [116.3109544, 39.9697549], [116.3109964, 39.9694109], [116.3110948, 39.9685518], [116.3111359, 39.9682021], [116.3111804, 39.9678234]]}}, {"type": "Feature", "properties": {"highway": "residential", "name": "春华路", "bridge": "", "tunnel": "", "layer": "", "source": "osm"}, "geometry": {"type": "LineString", "coordinates": [[116.3011981, 39.9670746], [116.3013016, 39.9670829], [116.3025147, 39.9671646], [116.3034872, 39.9672413], [116.3046394, 39.9673281], [116.3056065, 39.9673997], [116.3066982, 39.9674684], [116.307002, 39.9674833], [116.3079338, 39.967548], [116.3088237, 39.9676072], [116.3096025, 39.9676744], [116.3097474, 39.9676896], [116.3107427, 39.9677901], [116.3111804, 39.9678234]]}}, {"type": "Feature", "properties": {"highway": "residential", "name": "知行路", "bridge": "", "tunnel": "", "layer": "", "source": "osm"}, "geometry": {"type": "LineString", "coordinates": [[116.3040913, 39.9713463], [116.3041459, 39.9709452], [116.3042641, 39.9698266], [116.304282, 39.9696416], [116.3043561, 39.9694012], [116.3044107, 39.9689797], [116.3044174, 39.9689314], [116.3044425, 39.96875], [116.3045892, 39.9676905], [116.3046394, 39.9673281]]}}, {"type": "Feature", "properties": {"highway": "residential", "name": "明志路", "bridge": "", "tunnel": "", "layer": "", "source": "osm"}, "geometry": {"type": "LineString", "coordinates": [[116.3044107, 39.9689797], [116.3051763, 39.969021], [116.3054385, 39.9690327], [116.3065546, 39.9691183], [116.3066397, 39.9691248], [116.3080372, 39.9692107], [116.3092174, 39.9692888], [116.3096514, 39.9693164], [116.3109964, 39.9694109]]}}, {"type": "Feature", "properties": {"highway": "tertiary", "name": "中关村南四街", "bridge": "", "tunnel": "", "layer": "", "source": "osm"}, "geometry": {"type": "LineString", "coordinates": [[116.3290026, 39.9750099], [116.3290021, 39.9751266], [116.3290025, 39.9752447], [116.3290015, 39.9753231], [116.3290013, 39.9753738], [116.3290011, 39.9754158], [116.3289835, 39.9768836]]}}, {"type": "Feature", "properties": {"highway": "residential", "name": "", "bridge": "", "tunnel": "", "layer": "", "source": "osm"}, "geometry": {"type": "LineString", "coordinates": [[116.3300757, 39.9769195], [116.3301669, 39.9755609], [116.330314, 39.9754502], [116.3304346, 39.9753534]]}}, {"type": "Feature", "properties": {"highway": "tertiary", "name": "星规路", "bridge": "", "tunnel": "", "layer": "", "source": "osm"}, "geometry": {"type": "LineString", "coordinates": [[116.3291359, 39.9768887], [116.3298001, 39.9769102], [116.3300757, 39.9769195], [116.331722, 39.9769778]]}}, {"type": "Feature", "properties": {"highway": "residential", "name": "", "bridge": "", "tunnel": "", "layer": "", "source": "osm"}, "geometry": {"type": "LineString", "coordinates": [[116.3304232, 39.97519], [116.3304386, 39.975247], [116.330442, 39.9753042], [116.3304346, 39.9753534], [116.3317893, 39.9754194], [116.331722, 39.9769778], [116.3318225, 39.9774971], [116.3318804, 39.9778522], [116.3319351, 39.9781432], [116.3322227, 39.9788881]]}}, {"type": "Feature", "properties": {"highway": "tertiary", "name": "中关村南四街", "bridge": "", "tunnel": "", "layer": "", "source": "osm"}, "geometry": {"type": "LineString", "coordinates": [[116.3281147, 39.9814458], [116.3282074, 39.9805452], [116.3284738, 39.9797996], [116.3287331, 39.9791164], [116.3290069, 39.9780264], [116.329039, 39.9778987], [116.3290711, 39.9775646], [116.3291172, 39.9770833], [116.3291359, 39.9768887]]}}, {"type": "Feature", "properties": {"highway": "footway", "name": "", "bridge": "", "tunnel": "", "layer": "", "source": "osm"}, "geometry": {"type": "LineString", "coordinates": [[116.2994076, 39.9871864], [116.3003875, 39.9872114]]}}, {"type": "Feature", "properties": {"highway": "residential", "name": "", "bridge": "", "tunnel": "", "layer": "", "source": "osm"}, "geometry": {"type": "LineString", "coordinates": [[116.299838, 39.9798035], [116.2997495, 39.9798004]]}}, {"type": "Feature", "properties": {"highway": "residential", "name": "万泉河路", "bridge": "", "tunnel": "", "layer": "", "source": "osm"}, "geometry": {"type": "LineString", "coordinates": [[116.2956513, 39.9737234], [116.2955354, 39.9749661], [116.2952802, 39.9777028], [116.2952776, 39.9777419], [116.2952752, 39.9777774], [116.2952721, 39.9778251], [116.2951171, 39.9794707], [116.2949686, 39.9810466], [116.294966, 39.9810738], [116.2948187, 39.9826377], [116.2948064, 39.9828183], [116.2948347, 39.982923], [116.294894, 39.9830336]]}}, {"type": "Feature", "properties": {"highway": "footway", "name": "", "bridge": "yes", "tunnel": "", "layer": "1", "source": "osm"}, "geometry": {"type": "LineString", "coordinates": [[116.2950255, 39.9777614], [116.2952752, 39.9777774]]}}, {"type": "Feature", "properties": {"highway": "tertiary_link", "name": "", "bridge": "", "tunnel": "", "layer": "", "source": "osm"}, "geometry": {"type": "LineString", "coordinates": [[116.2945863, 39.9827883], [116.2938725, 39.9827283]]}}, {"type": "Feature", "properties": {"highway": "residential", "name": "", "bridge": "", "tunnel": "", "layer": "", "source": "osm"}, "geometry": {"type": "LineString", "coordinates": [[116.2953965, 39.9735917], [116.2954875, 39.9736416], [116.2955117, 39.9736549], [116.2956295, 39.973682], [116.2956513, 39.9737234]]}}, {"type": "Feature", "properties": {"highway": "residential", "name": "港沟街", "bridge": "", "tunnel": "", "layer": "", "source": "osm"}, "geometry": {"type": "LineString", "coordinates": [[116.2997495, 39.9798004], [116.2996502, 39.9797969], [116.2995823, 39.9797945], [116.298393, 39.979724], [116.2976487, 39.9796979], [116.2958336, 39.9795385], [116.2951171, 39.9794707]]}}, {"type": "Feature", "properties": {"highway": "tertiary_link", "name": "", "bridge": "", "tunnel": "", "layer": "", "source": "osm"}, "geometry": {"type": "LineString", "coordinates": [[116.3006884, 39.9690506], [116.3004223, 39.9686587]]}}, {"type": "Feature", "properties": {"highway": "secondary", "name": "苏州街", "bridge": "", "tunnel": "", "layer": "", "source": "osm"}, "geometry": {"type": "LineString", "coordinates": [[116.3009739, 39.9687501], [116.3008566, 39.9693949], [116.300788, 39.9694862], [116.3007224, 39.969929], [116.3006996, 39.9702209], [116.3006795, 39.9703907], [116.3005706, 39.9713134], [116.300489, 39.9720051], [116.3003737, 39.9729311], [116.3003198, 39.9733073], [116.3002838, 39.9736803], [116.3003095, 39.9737961], [116.3002734, 39.9741631], [116.3002682, 39.9742019], [116.300259, 39.9742705], [116.3002487, 39.9743468]]}}, {"type": "Feature", "properties": {"highway": "secondary", "name": "善缘街", "bridge": "", "tunnel": "", "layer": "", "source": "osm"}, "geometry": {"type": "LineString", "coordinates": [[116.3076792, 39.9826614], [116.3076282, 39.9824775], [116.3076356, 39.9821979], [116.3076391, 39.9820679], [116.3076861, 39.9813695], [116.3076937, 39.9812569], [116.3076986, 39.9811912], [116.3076665, 39.9808696], [116.3075855, 39.9805642], [116.3073806, 39.9802091], [116.3073699, 39.9801906], [116.3073484, 39.9801533], [116.3073064, 39.9801042], [116.3072983, 39.9800947], [116.3072096, 39.9800166], [116.3069437, 39.9797827], [116.3068794, 39.9797262], [116.3068309, 39.9796943], [116.3067537, 39.9796436], [116.3063589, 39.9793843], [116.3060339, 39.9792549], [116.3059019, 39.9792023], [116.3054941, 39.9790836], [116.3051171, 39.979006], [116.3049769, 39.9789771], [116.3048913, 39.9789661], [116.3043183, 39.9789446], [116.3036271, 39.9789248], [116.3035064, 39.9789214], [116.3031558, 39.9789143], [116.3024033, 39.9789061], [116.3022792, 39.9789048], [116.3021832, 39.9789037]]}}, {"type": "Feature", "properties": {"highway": "tertiary", "name": "北四环西路辅路", "bridge": "", "tunnel": "", "layer": "", "source": "osm"}, "geometry": {"type": "LineString", "coordinates": [[116.2995594, 39.9836355], [116.2997245, 39.9836456], [116.2997558, 39.9836467], [116.2997839, 39.9836477], [116.2999169, 39.9836524], [116.3003046, 39.9836683], [116.3020377, 39.9837065], [116.3022478, 39.9837136], [116.3032799, 39.9837387], [116.3034926, 39.9837448], [116.3041207, 39.9837504], [116.3044399, 39.9837607]]}}, {"type": "Feature", "properties": {"highway": "residential", "name": "莺房胡同", "bridge": "", "tunnel": "", "layer": "", "source": "osm"}, "geometry": {"type": "LineString", "coordinates": [[116.306563, 39.983826], [116.3066061, 39.9827939], [116.306634, 39.9820455]]}}, {"type": "Feature", "properties": {"highway": "pedestrian", "name": "中关村广场步行街", "bridge": "", "tunnel": "", "layer": "", "source": "osm"}, "geometry": {"type": "LineString", "coordinates": [[116.3065754, 39.9794237], [116.3070946, 39.9788999], [116.3074642, 39.9787495], [116.3090648, 39.9780985], [116.3092698, 39.978015], [116.3097473, 39.9778208], [116.3099246, 39.9777487], [116.3099231, 39.977646]]}}, {"type": "Feature", "properties": {"highway": "steps", "name": "", "bridge": "yes", "tunnel": "", "layer": "1", "source": "osm"}, "geometry": {"type": "LineString", "coordinates": [[116.2943784, 39.9781049], [116.2943847, 39.9779541]]}}, {"type": "Feature", "properties": {"highway": "tertiary", "name": "", "bridge": "", "tunnel": "", "layer": "", "source": "osm"}, "geometry": {"type": "LineString", "coordinates": [[116.2955389, 39.971647], [116.2955711, 39.9716916], [116.2955901, 39.9717218], [116.295618, 39.9717519], [116.2956611, 39.9717767], [116.2957094, 39.9717928], [116.2957665, 39.9717937], [116.2958583, 39.9717611]]}}, {"type": "Feature", "properties": {"highway": "footway", "name": "", "bridge": "", "tunnel": "", "layer": "", "source": "osm"}, "geometry": {"type": "LineString", "coordinates": [[116.3316731, 39.9774958], [116.3318225, 39.9774971]]}}, {"type": "Feature", "properties": {"highway": "service", "name": "", "bridge": "", "tunnel": "", "layer": "", "source": "osm"}, "geometry": {"type": "LineString", "coordinates": [[116.3318804, 39.9778522], [116.3317957, 39.9778484], [116.3316989, 39.977835]]}}, {"type": "Feature", "properties": {"highway": "service", "name": "", "bridge": "", "tunnel": "", "layer": "", "source": "osm"}, "geometry": {"type": "LineString", "coordinates": [[116.3293198, 39.9780369], [116.329329, 39.9778871], [116.3312599, 39.9779568]]}}, {"type": "Feature", "properties": {"highway": "footway", "name": "", "bridge": "", "tunnel": "", "layer": "", "source": "osm"}, "geometry": {"type": "LineString", "coordinates": [[116.3311473, 39.9771246], [116.3315314, 39.9771272], [116.3316731, 39.9774958], [116.3317957, 39.9778484]]}}, {"type": "Feature", "properties": {"highway": "footway", "name": "", "bridge": "", "tunnel": "", "layer": "", "source": "osm"}, "geometry": {"type": "LineString", "coordinates": [[116.3312548, 39.9778552], [116.3312027, 39.9777342], [116.3311473, 39.9771246], [116.3297908, 39.9771014], [116.3291172, 39.9770833]]}}, {"type": "Feature", "properties": {"highway": "service", "name": "", "bridge": "", "tunnel": "", "layer": "", "source": "osm"}, "geometry": {"type": "LineString", "coordinates": [[116.3311732, 39.9790444], [116.3311691, 39.9780989], [116.3293198, 39.9780369], [116.3290069, 39.9780264]]}}, {"type": "Feature", "properties": {"highway": "primary", "name": "海淀南路", "bridge": "", "tunnel": "", "layer": "", "source": "osm"}, "geometry": {"type": "LineString", "coordinates": [[116.3000987, 39.9744312], [116.2999725, 39.9744214], [116.2999141, 39.9744169], [116.299852, 39.9744121], [116.2985898, 39.9743737], [116.2983218, 39.9743535], [116.2981971, 39.9743376], [116.2978792, 39.9742908], [116.2976687, 39.9742466], [116.2975929, 39.9742264], [116.2974508, 39.9741884], [116.297191, 39.9740852], [116.2969751, 39.9739994], [116.2966117, 39.9738208], [116.2965073, 39.9737687], [116.2956773, 39.9733979], [116.2956369, 39.9733942], [116.2955913, 39.97339], [116.2954377, 39.973376]]}}, {"type": "Feature", "properties": {"highway": "secondary", "name": "海淀大街", "bridge": "", "tunnel": "", "layer": "", "source": "osm"}, "geometry": {"type": "LineString", "coordinates": [[116.2997635, 39.9810677], [116.2998443, 39.9810684], [116.3008135, 39.9810768], [116.3019363, 39.9810866], [116.3020657, 39.9810877], [116.3022071, 39.9810878], [116.302816, 39.9811142], [116.3032672, 39.9810981], [116.3034061, 39.9810931], [116.3047177, 39.9810755], [116.3047425, 39.981075], [116.3049032, 39.981073], [116.3050041, 39.9810814], [116.3051546, 39.9810875], [116.3063577, 39.9811366], [116.3065418, 39.9811441], [116.307531, 39.9811844], [116.3076986, 39.9811912], [116.3077978, 39.9811904], [116.3087291, 39.9812147], [116.3089646, 39.9812209], [116.309654, 39.981224], [116.3102555, 39.9812265], [116.310441, 39.9812292]]}}, {"type": "Feature", "properties": {"highway": "tertiary", "name": "北四环西路", "bridge": "", "tunnel": "", "layer": "", "source": "osm"}, "geometry": {"type": "LineString", "coordinates": [[116.2993784, 39.9841551], [116.2992483, 39.9841449], [116.29918, 39.9841395], [116.2991395, 39.9841363], [116.2984728, 39.9840899], [116.2976289, 39.9841327], [116.2974128, 39.9841436], [116.296969, 39.9841584], [116.2965737, 39.9841588], [116.2964516, 39.9841589], [116.2952078, 39.9841602]]}}, {"type": "Feature", "properties": {"highway": "secondary", "name": "苏州街", "bridge": "", "tunnel": "", "layer": "", "source": "osm"}, "geometry": {"type": "LineString", "coordinates": [[116.2997635, 39.9810677], [116.2997609, 39.981163], [116.2997568, 39.981314], [116.2997054, 39.9819592], [116.2997031, 39.9820364], [116.2996749, 39.9822387], [116.2996495, 39.9824207], [116.2995974, 39.9827959], [116.2995498, 39.9834609], [116.2995519, 39.9834987], [116.2995526, 39.9835118], [116.2995594, 39.9836355]]}}, {"type": "Feature", "properties": {"highway": "secondary", "name": "苏州街", "bridge": "", "tunnel": "", "layer": "", "source": "osm"}, "geometry": {"type": "LineString", "coordinates": [[116.2996688, 39.9810648], [116.299683, 39.9808577], [116.2996975, 39.9806093], [116.299738, 39.9799184], [116.2997422, 39.9798718], [116.2997495, 39.9798004], [116.2997586, 39.9796887], [116.2997621, 39.9796492], [116.2998628, 39.9783064], [116.2998817, 39.9780535], [116.299902, 39.9777842], [116.2999078, 39.9777068], [116.299919, 39.9775579], [116.2999767, 39.9766206], [116.2999824, 39.976487], [116.300025, 39.975485], [116.3000854, 39.9746248], [116.30009, 39.9745582], [116.3000905, 39.9745505], [116.3000942, 39.9744969], [116.3000963, 39.9744658], [116.3000987, 39.9744312]]}}, {"type": "Feature", "properties": {"highway": "secondary", "name": "苏州街", "bridge": "", "tunnel": "", "layer": "", "source": "osm"}, "geometry": {"type": "LineString", "coordinates": [[116.3001046, 39.9743449], [116.30011, 39.9742656], [116.3001151, 39.9741922], [116.3001217, 39.9740959], [116.3001993, 39.9734131], [116.3002744, 39.973077], [116.3003911, 39.9719866], [116.3004406, 39.9715743], [116.3004635, 39.9713668], [116.3004379, 39.9712769]]}}, {"type": "Feature", "properties": {"highway": "tertiary", "name": "万泉河路", "bridge": "", "tunnel": "", "layer": "", "source": "osm"}, "geometry": {"type": "LineString", "coordinates": [[116.2946274, 39.9760133], [116.2948715, 39.9738439], [116.2948959, 39.9736582], [116.2949231, 39.9734853], [116.2949293, 39.9734458], [116.2949325, 39.9734042], [116.2949475, 39.9733312]]}}, {"type": "Feature", "properties": {"highway": "pedestrian", "name": "中关村创业大街", "bridge": "", "tunnel": "", "layer": "", "source": "osm"}, "geometry": {"type": "LineString", "coordinates": [[116.3009999, 39.9811657], [116.3009821, 39.9812296]]}}, {"type": "Feature", "properties": {"highway": "footway", "name": "", "bridge": "", "tunnel": "", "layer": "", "source": "osm"}, "geometry": {"type": "LineString", "coordinates": [[116.3056035, 39.9993167], [116.3054894, 39.9992765], [116.3054687, 39.9991875], [116.3053691, 39.9991017], [116.3051533, 39.9990603], [116.3049084, 39.9990889], [116.30473, 39.999054], [116.3045723, 39.9990699], [116.3044768, 39.9990985], [116.3043648, 39.9991652], [116.304261, 39.9992574], [116.3041614, 39.9992733], [116.3041199, 39.9992415], [116.3041656, 39.9990667], [116.3042942, 39.9988537], [116.304315, 39.9987647], [116.3042361, 39.998752]]}}, {"type": "Feature", "properties": {"highway": "footway", "name": "", "bridge": "", "tunnel": "", "layer": "", "source": "osm"}, "geometry": {"type": "LineString", "coordinates": [[116.3005049, 39.9980186], [116.301433, 39.9982395], [116.3018249, 39.9983328], [116.3021354, 39.9984067]]}}, {"type": "Feature", "properties": {"highway": "footway", "name": "", "bridge": "", "tunnel": "", "layer": "", "source": "osm"}, "geometry": {"type": "LineString", "coordinates": [[116.3025356, 39.9985019], [116.3024652, 39.9987357], [116.3023507, 39.9989223], [116.3022654, 39.9992781], [116.3022891, 39.9995675], [116.3023124, 39.9996598], [116.3024704, 39.9999433], [116.302542, 40.0000975]]}}, {"type": "Feature", "properties": {"highway": "footway", "name": "", "bridge": "", "tunnel": "", "layer": "", "source": "osm"}, "geometry": {"type": "LineString", "coordinates": [[116.3040079, 40.0000141], [116.3041282, 39.9998774], [116.3040577, 39.9997724], [116.3040535, 39.9994959], [116.304012, 39.9993401], [116.3038887, 39.9993082]]}}, {"type": "Feature", "properties": {"highway": "tertiary", "name": "双榆树北路", "bridge": "", "tunnel": "", "layer": "", "source": "osm"}, "geometry": {"type": "LineString", "coordinates": [[116.3276937, 39.9718482], [116.3275515, 39.9718417], [116.3271936, 39.9718254], [116.3270344, 39.9717956]]}}, {"type": "Feature", "properties": {"highway": "tertiary", "name": "双榆树北路", "bridge": "", "tunnel": "", "layer": "", "source": "osm"}, "geometry": {"type": "LineString", "coordinates": [[116.3270344, 39.9717956], [116.3271983, 39.9717692], [116.3275541, 39.9717846], [116.3276967, 39.9717908]]}}, {"type": "Feature", "properties": {"highway": "tertiary", "name": "科学院南路", "bridge": "", "tunnel": "", "layer": "", "source": "osm"}, "geometry": {"type": "LineString", "coordinates": [[116.3192386, 39.9714966], [116.3192189, 39.97167], [116.3192069, 39.9718843], [116.3191719, 39.9725082], [116.3191267, 39.9733141], [116.3191006, 39.97378], [116.3190951, 39.9738771], [116.3190928, 39.9739188], [116.3190897, 39.9739651], [116.3190821, 39.9740791], [116.319084, 39.9741136], [116.3190874, 39.9741778], [116.3190848, 39.974707], [116.3190771, 39.974756], [116.3190745, 39.9748096], [116.3190708, 39.9748931]]}}, {"type": "Feature", "properties": {"highway": "primary", "name": "知春路", "bridge": "", "tunnel": "", "layer": "", "source": "osm"}, "geometry": {"type": "LineString", "coordinates": [[116.3190708, 39.9748931], [116.3191642, 39.9748963], [116.319238, 39.9748989], [116.3193047, 39.9749013], [116.3205946, 39.9749408]]}}, {"type": "Feature", "properties": {"highway": "service", "name": "", "bridge": "", "tunnel": "", "layer": "", "source": "osm"}, "geometry": {"type": "LineString", "coordinates": [[116.3290011, 39.9754158], [116.329497, 39.9756408]]}}, {"type": "Feature", "properties": {"highway": "residential", "name": "", "bridge": "", "tunnel": "", "layer": "", "source": "osm"}, "geometry": {"type": "LineString", "coordinates": [[116.3370912, 39.9874165], [116.3371097, 39.9871684], [116.3371525, 39.9865942], [116.3371717, 39.9863357], [116.33719, 39.9860904], [116.3372258, 39.9856098], [116.3372247, 39.9855895], [116.3372368, 39.9855124]]}}, {"type": "Feature", "properties": {"highway": "tertiary", "name": "中关村东路", "bridge": "", "tunnel": "", "layer": "", "source": "osm"}, "geometry": {"type": "LineString", "coordinates": [[116.3280933, 39.9664184], [116.3282911, 39.9665567], [116.3282472, 39.9673337], [116.3281587, 39.9676318], [116.3280665, 39.9693672], [116.3278883, 39.9727223], [116.3278797, 39.9728838]]}}, {"type": "Feature", "properties": {"highway": "service", "name": "", "bridge": "", "tunnel": "", "layer": "", "source": "osm"}, "geometry": {"type": "LineString", "coordinates": [[116.3214935, 39.9935527], [116.3224468, 39.9935952], [116.3226648, 39.9936049]]}}, {"type": "Feature", "properties": {"highway": "service", "name": "", "bridge": "", "tunnel": "", "layer": "", "source": "osm"}, "geometry": {"type": "LineString", "coordinates": [[116.3158359, 39.9974202], [116.3136815, 39.9973025], [116.3129873, 39.9972646]]}}, {"type": "Feature", "properties": {"highway": "service", "name": "", "bridge": "", "tunnel": "", "layer": "", "source": "osm"}, "geometry": {"type": "LineString", "coordinates": [[116.3181961, 39.994425], [116.3183159, 39.9933529], [116.3162853, 39.9932333], [116.3158013, 39.9932048], [116.3151421, 39.993166]]}}, {"type": "Feature", "properties": {"highway": "service", "name": "", "bridge": "", "tunnel": "", "layer": "", "source": "osm"}, "geometry": {"type": "LineString", "coordinates": [[116.3199096, 39.9983369], [116.3201415, 39.9988215], [116.3202312, 39.999362]]}}, {"type": "Feature", "properties": {"highway": "residential", "name": "", "bridge": "", "tunnel": "", "layer": "", "source": "osm"}, "geometry": {"type": "LineString", "coordinates": [[116.3199096, 39.9983369], [116.320725, 39.998325], [116.320948, 39.9983183], [116.3217566, 39.9982979], [116.3218911, 39.9982945], [116.3219414, 39.9982932]]}}, {"type": "Feature", "properties": {"highway": "footway", "name": "", "bridge": "", "tunnel": "", "layer": "", "source": "osm"}, "geometry": {"type": "LineString", "coordinates": [[116.3264573, 39.9944686], [116.3264167, 39.9944676], [116.3254513, 39.994447]]}}, {"type": "Feature", "properties": {"highway": "footway", "name": "", "bridge": "", "tunnel": "", "layer": "", "source": "osm"}, "geometry": {"type": "LineString", "coordinates": [[116.3267857, 39.9950175], [116.3268454, 39.9950195], [116.3269272, 39.9950236], [116.3272869, 39.9950391], [116.3277906, 39.9953554], [116.3279975, 39.995189], [116.3280247, 39.9951674]]}}, {"type": "Feature", "properties": {"highway": "service", "name": "", "bridge": "", "tunnel": "", "layer": "", "source": "osm"}, "geometry": {"type": "LineString", "coordinates": [[116.3208136, 39.9970817], [116.3219417, 39.9971338]]}}, {"type": "Feature", "properties": {"highway": "service", "name": "", "bridge": "", "tunnel": "", "layer": "", "source": "osm"}, "geometry": {"type": "LineString", "coordinates": [[116.3208348, 39.9974821], [116.3218891, 39.9974903]]}}, {"type": "Feature", "properties": {"highway": "service", "name": "", "bridge": "", "tunnel": "", "layer": "", "source": "osm"}, "geometry": {"type": "LineString", "coordinates": [[116.319517, 39.9979819], [116.3198904, 39.9979643], [116.3208884, 39.9979165], [116.3218552, 39.9978558]]}}, {"type": "Feature", "properties": {"highway": "service", "name": "", "bridge": "", "tunnel": "", "layer": "", "source": "osm"}, "geometry": {"type": "LineString", "coordinates": [[116.3199096, 39.9983369], [116.319907, 39.9982859], [116.3198904, 39.9979643], [116.3198304, 39.9974941], [116.3198538, 39.9973597], [116.3199258, 39.9969463], [116.3199592, 39.9967544]]}}, {"type": "Feature", "properties": {"highway": "service", "name": "", "bridge": "", "tunnel": "", "layer": "", "source": "osm"}, "geometry": {"type": "LineString", "coordinates": [[116.3247498, 39.9977697], [116.324924, 39.9977746], [116.3251063, 39.9977797], [116.3254499, 39.9977898]]}}, {"type": "Feature", "properties": {"highway": "cycleway", "name": "", "bridge": "", "tunnel": "", "layer": "", "source": "osm"}, "geometry": {"type": "LineString", "coordinates": [[116.3267245, 39.9986498], [116.3267773, 39.9986499], [116.3275797, 39.9986679], [116.3276324, 39.998669], [116.3280893, 39.9986788]]}}, {"type": "Feature", "properties": {"highway": "service", "name": "", "bridge": "", "tunnel": "", "layer": "", "source": "osm"}, "geometry": {"type": "LineString", "coordinates": [[116.3281254, 39.9979464], [116.3290317, 39.9979718], [116.3290672, 39.9979718], [116.3291307, 39.9979719]]}}, {"type": "Feature", "properties": {"highway": "service", "name": "", "bridge": "", "tunnel": "", "layer": "", "source": "osm"}, "geometry": {"type": "LineString", "coordinates": [[116.3281971, 39.9973935], [116.3291296, 39.9974181], [116.3291318, 39.9974181], [116.3292065, 39.9974194]]}}, {"type": "Feature", "properties": {"highway": "service", "name": "", "bridge": "", "tunnel": "", "layer": "", "source": "osm"}, "geometry": {"type": "LineString", "coordinates": [[116.3178661, 39.9979226], [116.319286, 39.997868]]}}, {"type": "Feature", "properties": {"highway": "service", "name": "", "bridge": "", "tunnel": "", "layer": "", "source": "osm"}, "geometry": {"type": "LineString", "coordinates": [[116.3186364, 39.9974866], [116.3186032, 39.9970041], [116.3187466, 39.9969745], [116.3193488, 39.9969595]]}}, {"type": "Feature", "properties": {"highway": "service", "name": "", "bridge": "", "tunnel": "", "layer": "", "source": "osm"}, "geometry": {"type": "LineString", "coordinates": [[116.3178163, 39.9970584], [116.3186032, 39.9970041]]}}, {"type": "Feature", "properties": {"highway": "service", "name": "", "bridge": "", "tunnel": "", "layer": "", "source": "osm"}, "geometry": {"type": "LineString", "coordinates": [[116.3187478, 39.9964574], [116.3188696, 39.9959925], [116.3191606, 39.9945497], [116.319215, 39.994244], [116.3194469, 39.994268], [116.3195085, 39.9940112], [116.3196963, 39.9938427], [116.3203695, 39.9938379]]}}, {"type": "Feature", "properties": {"highway": "service", "name": "", "bridge": "", "tunnel": "", "layer": "", "source": "osm"}, "geometry": {"type": "LineString", "coordinates": [[116.3178838, 39.9958369], [116.3188696, 39.9959925]]}}, {"type": "Feature", "properties": {"highway": "service", "name": "", "bridge": "", "tunnel": "", "layer": "", "source": "osm"}, "geometry": {"type": "LineString", "coordinates": [[116.3182876, 39.9991429], [116.3194906, 39.9991093], [116.3194354, 39.998335]]}}, {"type": "Feature", "properties": {"highway": "service", "name": "", "bridge": "", "tunnel": "", "layer": "", "source": "osm"}, "geometry": {"type": "LineString", "coordinates": [[116.3129241, 39.9977051], [116.3157929, 39.9978414]]}}, {"type": "Feature", "properties": {"highway": "service", "name": "", "bridge": "", "tunnel": "", "layer": "", "source": "osm"}, "geometry": {"type": "LineString", "coordinates": [[116.3113472, 39.9994262], [116.310731, 39.9993821], [116.3101348, 39.9993338], [116.309952, 39.9993217]]}}, {"type": "Feature", "properties": {"highway": "service", "name": "", "bridge": "", "tunnel": "", "layer": "", "source": "osm"}, "geometry": {"type": "LineString", "coordinates": [[116.3095108, 39.9908035], [116.3096421, 39.9908058]]}}, {"type": "Feature", "properties": {"highway": "residential", "name": "成府园南路", "bridge": "", "tunnel": "", "layer": "", "source": "osm"}, "geometry": {"type": "LineString", "coordinates": [[116.3063146, 39.9916188], [116.3063652, 39.991633], [116.3071531, 39.9916729], [116.3077663, 39.9916982], [116.3078522, 39.9917029], [116.3090208, 39.9917546], [116.3092297, 39.991764]]}}, {"type": "Feature", "properties": {"highway": "service", "name": "", "bridge": "", "tunnel": "", "layer": "", "source": "osm"}, "geometry": {"type": "LineString", "coordinates": [[116.3094006, 39.9917638], [116.3095618, 39.9917752]]}}, {"type": "Feature", "properties": {"highway": "residential", "name": "", "bridge": "", "tunnel": "", "layer": "", "source": "osm"}, "geometry": {"type": "LineString", "coordinates": [[116.3292954, 39.9960524], [116.3293317, 39.9960309], [116.3296041, 39.9958694], [116.3297521, 39.9957848], [116.3301316, 39.9957161], [116.3301452, 39.9954142], [116.3301597, 39.9950918], [116.3301746, 39.9947611], [116.3301892, 39.9944372], [116.330202, 39.994153]]}}, {"type": "Feature", "properties": {"highway": "service", "name": "", "bridge": "", "tunnel": "", "layer": "", "source": "osm"}, "geometry": {"type": "LineString", "coordinates": [[116.3278371, 39.9946553], [116.3289626, 39.994665], [116.3289525, 39.9956597], [116.3289515, 39.9957167], [116.3289505, 39.9957716]]}}, {"type": "Feature", "properties": {"highway": "service", "name": "", "bridge": "", "tunnel": "", "layer": "", "source": "osm"}, "geometry": {"type": "LineString", "coordinates": [[116.320725, 39.998325], [116.3207863, 39.9992477]]}}, {"type": "Feature", "properties": {"highway": "tertiary", "name": "万柳东路", "bridge": "", "tunnel": "", "layer": "", "source": "osm"}, "geometry": {"type": "LineString", "coordinates": [[116.2955389, 39.971647], [116.2956268, 39.9706435], [116.2956252, 39.9704446], [116.2955811, 39.9702999], [116.2954087, 39.9699431], [116.295234, 39.9696725], [116.2951428, 39.9694566], [116.2950342, 39.9691919], [116.2950266, 39.9688494], [116.2951363, 39.9684788], [116.2952929, 39.9681256], [116.2957459, 39.9671497]]}}, {"type": "Feature", "properties": {"highway": "footway", "name": "", "bridge": "yes", "tunnel": "", "layer": "1", "source": "osm"}, "geometry": {"type": "LineString", "coordinates": [[116.2964595, 39.9718747], [116.2960116, 39.9715888]]}}, {"type": "Feature", "properties": {"highway": "steps", "name": "", "bridge": "", "tunnel": "", "layer": "", "source": "osm"}, "geometry": {"type": "LineString", "coordinates": [[116.2965965, 39.9717308], [116.2964595, 39.9718747]]}}, {"type": "Feature", "properties": {"highway": "steps", "name": "", "bridge": "", "tunnel": "", "layer": "", "source": "osm"}, "geometry": {"type": "LineString", "coordinates": [[116.2958797, 39.9717016], [116.2960116, 39.9715888]]}}, {"type": "Feature", "properties": {"highway": "tertiary", "name": "", "bridge": "", "tunnel": "", "layer": "", "source": "osm"}, "geometry": {"type": "LineString", "coordinates": [[116.2955201, 39.9720878], [116.2955216, 39.9719454], [116.2955355, 39.9717383], [116.2955389, 39.971647]]}}, {"type": "Feature", "properties": {"highway": "tertiary_link", "name": "", "bridge": "", "tunnel": "", "layer": "", "source": "osm"}, "geometry": {"type": "LineString", "coordinates": [[116.2994076, 39.9836246], [116.2995196, 39.9836296], [116.2995378, 39.9836305], [116.2995594, 39.9836355]]}}, {"type": "Feature", "properties": {"highway": "tertiary", "name": "北四环西路辅路", "bridge": "", "tunnel": "", "layer": "", "source": "osm"}, "geometry": {"type": "LineString", "coordinates": [[116.3100646, 39.9839321], [116.3103026, 39.983938]]}}, {"type": "Feature", "properties": {"highway": "residential", "name": "倒座庙北路", "bridge": "", "tunnel": "", "layer": "", "source": "osm"}, "geometry": {"type": "LineString", "coordinates": [[116.3028483, 39.9755959], [116.3012799, 39.9750282], [116.3012429, 39.9749977], [116.3012313, 39.9749578], [116.3011607, 39.9746201], [116.3011748, 39.9744725]]}}, {"type": "Feature", "properties": {"highway": "secondary", "name": "苏州街", "bridge": "", "tunnel": "", "layer": "", "source": "osm"}, "geometry": {"type": "LineString", "coordinates": [[116.3002359, 39.9744419], [116.3002322, 39.9744696], [116.3002271, 39.9745075], [116.3002172, 39.9745813], [116.3002128, 39.9746134], [116.3002101, 39.9746341], [116.3001832, 39.975075], [116.3001537, 39.9751932], [116.3000004, 39.9775617], [116.29999, 39.9777092], [116.2999846, 39.9777863], [116.299966, 39.9780522], [116.2999467, 39.978418], [116.299939, 39.9785648], [116.2999378, 39.9785876], [116.2999146, 39.9787568], [116.2998493, 39.9796441], [116.2998458, 39.979692], [116.299838, 39.9798035], [116.2998322, 39.9798767], [116.2998292, 39.9799184], [116.2997688, 39.9808741], [116.2997651, 39.9810104], [116.2997635, 39.9810677]]}}, {"type": "Feature", "properties": {"highway": "primary", "name": "中关村北大街", "bridge": "", "tunnel": "", "layer": "", "source": "osm"}, "geometry": {"type": "LineString", "coordinates": [[116.3095453, 39.992919], [116.3094675, 39.9939607], [116.3094547, 39.9940965], [116.3094284, 39.994384], [116.309424, 39.9944326], [116.3094074, 39.9945995], [116.3094034, 39.9946426], [116.3092875, 39.9957988], [116.3092577, 39.9961484], [116.3092438, 39.9962847], [116.3092345, 39.996365], [116.3092292, 39.9964104], [116.3091334, 39.9972902], [116.3091265, 39.9975288], [116.3091142, 39.9979528]]}}, {"type": "Feature", "properties": {"highway": "primary", "name": "中关村北大街", "bridge": "", "tunnel": "", "layer": "", "source": "osm"}, "geometry": {"type": "LineString", "coordinates": [[116.3091142, 39.9979528], [116.3091251, 39.9982551]]}}, {"type": "Feature", "properties": {"highway": "primary", "name": "中关村北大街", "bridge": "", "tunnel": "", "layer": "", "source": "osm"}, "geometry": {"type": "LineString", "coordinates": [[116.3098897, 39.9896208], [116.3098036, 39.9905982], [116.3097981, 39.9906461], [116.309791, 39.9907458]]}}, {"type": "Feature", "properties": {"highway": "cycleway", "name": "", "bridge": "", "tunnel": "", "layer": "", "source": "osm"}, "geometry": {"type": "LineString", "coordinates": [[116.3097584, 39.9925688], [116.309649, 39.9930758], [116.3095934, 39.9938089], [116.3094675, 39.9939607]]}}, {"type": "Feature", "properties": {"highway": "cycleway", "name": "", "bridge": "", "tunnel": "", "layer": "", "source": "osm"}, "geometry": {"type": "LineString", "coordinates": [[116.3094034, 39.9946426], [116.3095553, 39.9947531], [116.3094539, 39.9957902]]}}, {"type": "Feature", "properties": {"highway": "cycleway", "name": "", "bridge": "", "tunnel": "", "layer": "", "source": "osm"}, "geometry": {"type": "LineString", "coordinates": [[116.3091142, 39.9979528], [116.3091993, 39.9980647], [116.3092074, 39.9982562]]}}, {"type": "Feature", "properties": {"highway": "unclassified", "name": "燕东园北小街", "bridge": "", "tunnel": "", "layer": "", "source": "osm"}, "geometry": {"type": "LineString", "coordinates": [[116.3092875, 39.9957988], [116.3094539, 39.9957902], [116.3098948, 39.9958382], [116.3100906, 39.9958579], [116.3101831, 39.9958812], [116.3102717, 39.9959364], [116.3103616, 39.9960128], [116.3104502, 39.9960827], [116.3105367, 39.9962052]]}}, {"type": "Feature", "properties": {"highway": "tertiary", "name": "颐和园路", "bridge": "", "tunnel": "", "layer": "", "source": "osm"}, "geometry": {"type": "LineString", "coordinates": [[116.2995435, 39.9849609], [116.2995323, 39.9850093], [116.2995093, 39.9851091], [116.2995026, 39.9851341], [116.2993784, 39.9860243], [116.2993464, 39.9862536], [116.2993336, 39.9863704], [116.2993293, 39.9864025], [116.29932, 39.9864828], [116.2991544, 39.9874505], [116.2988255, 39.9893723], [116.2988233, 39.9894098], [116.2988186, 39.9894926], [116.2988127, 39.9895945], [116.2988099, 39.9896424], [116.2987021, 39.9903746], [116.2986919, 39.9904438], [116.2986565, 39.9908872]]}}, {"type": "Feature", "properties": {"highway": "tertiary", "name": "北四环西路", "bridge": "", "tunnel": "", "layer": "", "source": "osm"}, "geometry": {"type": "LineString", "coordinates": [[116.2938562, 39.9829014], [116.2944706, 39.9829743]]}}, {"type": "Feature", "properties": {"highway": "tertiary", "name": "财经东路", "bridge": "", "tunnel": "", "layer": "", "source": "osm"}, "geometry": {"type": "LineString", "coordinates": [[116.3314418, 39.9866504], [116.3315389, 39.9868204], [116.331582, 39.9868959], [116.3315378, 39.9875479]]}}, {"type": "Feature", "properties": {"highway": "secondary", "name": "成府路", "bridge": "", "tunnel": "", "layer": "", "source": "osm"}, "geometry": {"type": "LineString", "coordinates": [[116.3341584, 39.9916531], [116.3325185, 39.9916197], [116.3319127, 39.9916014]]}}, {"type": "Feature", "properties": {"highway": "secondary", "name": "荷清路", "bridge": "", "tunnel": "", "layer": "", "source": "osm"}, "geometry": {"type": "LineString", "coordinates": [[116.3310452, 39.9991033], [116.3310407, 39.9992355], [116.3310386, 39.9993062], [116.3309464, 40.001695], [116.3309285, 40.0022509], [116.3309296, 40.0022702], [116.3309305, 40.0023664], [116.3309284, 40.002441], [116.3308075, 40.0054852], [116.3307733, 40.005533], [116.330742, 40.0058902], [116.3306583, 40.0063234], [116.3305023, 40.0067304], [116.3304519, 40.006839], [116.3302341, 40.0072641], [116.3299038, 40.0076799], [116.3296668, 40.0079694], [116.3296331, 40.0080268], [116.3295601, 40.0081394], [116.3294263, 40.0082556], [116.3290911, 40.0085468], [116.3288524, 40.0087572], [116.3287407, 40.0088403], [116.3284841, 40.0090399], [116.327244, 40.0101116], [116.3262714, 40.011006], [116.3255601, 40.0116578]]}}, {"type": "Feature", "properties": {"highway": "secondary", "name": "清华东路", "bridge": "", "tunnel": "", "layer": "", "source": "osm"}, "geometry": {"type": "LineString", "coordinates": [[116.3337961, 39.9993739], [116.3336898, 39.9993706], [116.3336563, 39.9993697], [116.3320453, 39.9993141], [116.3319481, 39.999286], [116.3318297, 39.9992594], [116.331699, 39.9992453], [116.3314594, 39.9992383], [116.3312055, 39.9992366], [116.3311377, 39.9992379], [116.3310407, 39.9992355], [116.3309465, 39.9991713]]}}, {"type": "Feature", "properties": {"highway": "secondary", "name": "清华东路", "bridge": "", "tunnel": "", "layer": "", "source": "osm"}, "geometry": {"type": "LineString", "coordinates": [[116.342785, 39.9996345], [116.3426882, 39.9996323], [116.34259, 39.9996302], [116.3414306, 39.9996044], [116.3408595, 39.9995936], [116.3392832, 39.9995345], [116.3375316, 39.9994729], [116.3370922, 39.9994574], [116.3345914, 39.9993945], [116.3340962, 39.999382], [116.3340615, 39.9993812], [116.3339498, 39.9993785], [116.3337961, 39.9993739]]}}, {"type": "Feature", "properties": {"highway": "service", "name": "五道口北巷", "bridge": "", "tunnel": "", "layer": "", "source": "osm"}, "geometry": {"type": "LineString", "coordinates": [[116.3321499, 39.9916825], [116.3321475, 39.991745], [116.332124, 39.992368], [116.3320962, 39.9931077]]}}, {"type": "Feature", "properties": {"highway": "footway", "name": "", "bridge": "yes", "tunnel": "", "layer": "", "source": "osm"}, "geometry": {"type": "LineString", "coordinates": [[116.2999912, 39.9758409], [116.2999679, 39.9761592], [116.3002973, 39.976167], [116.3003148, 39.9758431]]}}, {"type": "Feature", "properties": {"highway": "steps", "name": "", "bridge": "", "tunnel": "", "layer": "", "source": "osm"}, "geometry": {"type": "LineString", "coordinates": [[116.2999679, 39.9761592], [116.2999621, 39.9762552]]}}, {"type": "Feature", "properties": {"highway": "steps", "name": "", "bridge": "", "tunnel": "", "layer": "", "source": "osm"}, "geometry": {"type": "LineString", "coordinates": [[116.3002973, 39.976167], [116.3002885, 39.9762686]]}}, {"type": "Feature", "properties": {"highway": "tertiary", "name": "科学院南路", "bridge": "", "tunnel": "", "layer": "", "source": "osm"}, "geometry": {"type": "LineString", "coordinates": [[116.3192386, 39.9714966], [116.3192699, 39.9706442], [116.3192917, 39.9700514], [116.3193588, 39.9687081], [116.3194109, 39.9676498], [116.3194326, 39.9672097], [116.3194484, 39.9669099], [116.3194834, 39.9662443], [116.3194905, 39.9661083]]}}, {"type": "Feature", "properties": {"highway": "primary", "name": "知春路", "bridge": "", "tunnel": "", "layer": "", "source": "osm"}, "geometry": {"type": "LineString", "coordinates": [[116.3205946, 39.9749408], [116.3207892, 39.9749467], [116.325561, 39.9750928], [116.3272065, 39.9751592], [116.3272646, 39.9751579], [116.3273772, 39.9751554], [116.3275167, 39.9751523]]}}, {"type": "Feature", "properties": {"highway": "secondary", "name": "中关村东路", "bridge": "", "tunnel": "", "layer": "", "source": "osm"}, "geometry": {"type": "LineString", "coordinates": [[116.3275181, 39.9750269], [116.32752, 39.9749933], [116.3275679, 39.9741403], [116.3276616, 39.972473], [116.3276937, 39.9718482], [116.3276967, 39.9717908], [116.3277522, 39.9708006], [116.3277839, 39.97023], [116.3279531, 39.9665383], [116.3279588, 39.9664141]]}}, {"type": "Feature", "properties": {"highway": "primary_link", "name": "", "bridge": "", "tunnel": "", "layer": "", "source": "osm"}, "geometry": {"type": "LineString", "coordinates": [[116.3207892, 39.9749467], [116.3210034, 39.9748444]]}}, {"type": "Feature", "properties": {"highway": "tertiary", "name": "双榆树北路", "bridge": "", "tunnel": "", "layer": "", "source": "osm"}, "geometry": {"type": "LineString", "coordinates": [[116.3192386, 39.9714966], [116.3215059, 39.9715836], [116.3270344, 39.9717956]]}}, {"type": "Feature", "properties": {"highway": "tertiary", "name": "双榆树北路", "bridge": "", "tunnel": "", "layer": "", "source": "osm"}, "geometry": {"type": "LineString", "coordinates": [[116.3140181, 39.9713391], [116.3144364, 39.9713537], [116.3147125, 39.9713633], [116.3153917, 39.971387], [116.31585, 39.971403], [116.316235, 39.9714165], [116.3170766, 39.9714458], [116.3178187, 39.9714717], [116.3179438, 39.9714761], [116.3180057, 39.9714783], [116.3189949, 39.9715128], [116.3192386, 39.9714966]]}}, {"type": "Feature", "properties": {"highway": "tertiary", "name": "知春路", "bridge": "", "tunnel": "", "layer": "", "source": "osm"}, "geometry": {"type": "LineString", "coordinates": [[116.3275181, 39.9750269], [116.3276756, 39.9750288], [116.327801, 39.9750264], [116.3278584, 39.9750258], [116.3289269, 39.9750148], [116.3290026, 39.9750099], [116.3290502, 39.9750055], [116.3291055, 39.9750046], [116.3294374, 39.9750065], [116.3304092, 39.9749942], [116.3318247, 39.9749877], [116.3345097, 39.9749463], [116.3372222, 39.9749512], [116.3377818, 39.974982], [116.3380114, 39.9749821], [116.3381792, 39.9749821], [116.3382849, 39.9749821], [116.3391883, 39.9749824], [116.3392828, 39.9749684], [116.3394606, 39.9749705], [116.3395457, 39.9749712], [116.3420792, 39.974976], [116.3439687, 39.9749911], [116.3453338, 39.9750293], [116.345637, 39.9750378], [116.3463771, 39.9750138], [116.3472111, 39.9750275]]}}, {"type": "Feature", "properties": {"highway": "tertiary", "name": "知春路", "bridge": "", "tunnel": "", "layer": "", "source": "osm"}, "geometry": {"type": "LineString", "coordinates": [[116.3226173, 39.9749187], [116.3240641, 39.9749705], [116.3272145, 39.9750646], [116.3272739, 39.9750496], [116.3273786, 39.9750231], [116.3275181, 39.9750269]]}}, {"type": "Feature", "properties": {"highway": "residential", "name": "学宿路", "bridge": "", "tunnel": "", "layer": "", "source": "osm"}, "geometry": {"type": "LineString", "coordinates": [[116.3006577, 39.9860121], [116.3011699, 39.9860252], [116.3017116, 39.986039], [116.3022889, 39.9860538], [116.3024061, 39.9860568], [116.3025418, 39.9860603], [116.3029174, 39.9860699], [116.3034648, 39.9860839], [116.3038843, 39.9860959], [116.3043961, 39.9861106], [116.3053872, 39.9861331], [116.3060528, 39.9861604]]}}, {"type": "Feature", "properties": {"highway": "service", "name": "新太阳西路", "bridge": "", "tunnel": "", "layer": "", "source": "osm"}, "geometry": {"type": "LineString", "coordinates": [[116.3043961, 39.9861106], [116.3043634, 39.9866422], [116.3043368, 39.9870757], [116.3043071, 39.9875503], [116.3042782, 39.987858]]}}, {"type": "Feature", "properties": {"highway": "residential", "name": "小西门内大街", "bridge": "", "tunnel": "", "layer": "", "source": "osm"}, "geometry": {"type": "LineString", "coordinates": [[116.3043634, 39.9866422], [116.3037726, 39.9866235], [116.3034283, 39.9866116], [116.3028499, 39.9865915], [116.3024315, 39.9865839], [116.3023719, 39.9866009], [116.3023044, 39.9865985], [116.3021116, 39.9865918], [116.3019941, 39.9865877], [116.3017143, 39.9865779], [116.3011578, 39.9865584], [116.3003918, 39.9865122], [116.2995117, 39.9864681]]}}, {"type": "Feature", "properties": {"highway": "residential", "name": "勺园路", "bridge": "", "tunnel": "", "layer": "", "source": "osm"}, "geometry": {"type": "LineString", "coordinates": [[116.3003918, 39.9865122], [116.3003903, 39.9867507], [116.3003895, 39.9868888], [116.3003891, 39.986961], [116.3003875, 39.9872114], [116.3003869, 39.9873111], [116.3003863, 39.9874102], [116.3003862, 39.9874267], [116.3003847, 39.9876728], [116.3003827, 39.9880084], [116.3003839, 39.9880782], [116.3003814, 39.9882194], [116.3003753, 39.9885079], [116.3003861, 39.9886754], [116.3004512, 39.9891884], [116.3004238, 39.9896096], [116.3003723, 39.9897967], [116.3003691, 39.9898287], [116.3003354, 39.9902094], [116.3003059, 39.9906465], [116.3003032, 39.9907038], [116.3002963, 39.9908353], [116.30029, 39.9909268], [116.3002893, 39.9911446]]}}, {"type": "Feature", "properties": {"highway": "footway", "name": "", "bridge": "", "tunnel": "", "layer": "", "source": "osm"}, "geometry": {"type": "LineString", "coordinates": [[116.2994191, 39.9927301], [116.3001947, 39.9927282], [116.3001954, 39.992616], [116.3001997, 39.9924657], [116.2994706, 39.9924595], [116.2994246, 39.9924591]]}}, {"type": "Feature", "properties": {"highway": "service", "name": "西门路", "bridge": "", "tunnel": "", "layer": "", "source": "osm"}, "geometry": {"type": "LineString", "coordinates": [[116.2987583, 39.9933046], [116.2987794, 39.9932582], [116.298787, 39.9932102], [116.2987768, 39.9931559], [116.2987586, 39.9930813], [116.2986805, 39.9927603], [116.2986762, 39.9926882], [116.2986863, 39.9925899], [116.2987009, 39.9924869], [116.2988164, 39.99167]]}}, {"type": "Feature", "properties": {"highway": "tertiary", "name": "颐和园路", "bridge": "", "tunnel": "", "layer": "", "source": "osm"}, "geometry": {"type": "LineString", "coordinates": [[116.2983944, 39.9933053], [116.2983973, 39.9932336], [116.2983974, 39.9932307], [116.2984, 39.9931647], [116.2984019, 39.9931168], [116.2984085, 39.9927444], [116.2984265, 39.9926166], [116.2984423, 39.9925046], [116.2984739, 39.9922815], [116.2985615, 39.9916896], [116.2985979, 39.9914142], [116.2986565, 39.9908872]]}}, {"type": "Feature", "properties": {"highway": "cycleway", "name": "", "bridge": "", "tunnel": "", "layer": "", "source": "osm"}, "geometry": {"type": "LineString", "coordinates": [[116.2985442, 39.9933062], [116.2985947, 39.9933065], [116.2986555, 39.9933058]]}}, {"type": "Feature", "properties": {"highway": "footway", "name": "", "bridge": "", "tunnel": "", "layer": "", "source": "osm"}, "geometry": {"type": "LineString", "coordinates": [[116.2993652, 39.9930361], [116.3002032, 39.9930371], [116.3001478, 39.9931125], [116.3001454, 39.993292], [116.3001288, 39.993623]]}}, {"type": "Feature", "properties": {"highway": "pedestrian", "name": "", "bridge": "", "tunnel": "", "layer": "", "source": "osm"}, "geometry": {"type": "LineString", "coordinates": [[116.2997883, 39.9933725], [116.2997892, 39.9933071], [116.2997902, 39.9932243], [116.2999504, 39.9932255], [116.2999495, 39.9932952], [116.2999485, 39.9933737], [116.2997883, 39.9933725]]}}, {"type": "Feature", "properties": {"highway": "pedestrian", "name": "", "bridge": "", "tunnel": "", "layer": "", "source": "osm"}, "geometry": {"type": "LineString", "coordinates": [[116.2999495, 39.9932952], [116.3001454, 39.993292]]}}, {"type": "Feature", "properties": {"highway": "pedestrian", "name": "", "bridge": "", "tunnel": "", "layer": "", "source": "osm"}, "geometry": {"type": "LineString", "coordinates": [[116.2997892, 39.9933071], [116.2991786, 39.9933027]]}}, {"type": "Feature", "properties": {"highway": "service", "name": "未名湖西路", "bridge": "", "tunnel": "", "layer": "", "source": "osm"}, "geometry": {"type": "LineString", "coordinates": [[116.3005549, 39.9946264], [116.3005832, 39.9937145], [116.3005837, 39.9936661], [116.300666, 39.9936346], [116.3006773, 39.9932778], [116.300681, 39.9931617], [116.3006261, 39.9930096], [116.3006002, 39.9928621], [116.3006205, 39.9924763], [116.3006418, 39.9923631], [116.3006844, 39.9922729], [116.3007507, 39.9921791], [116.3008391, 39.9920485], [116.3007592, 39.9917378], [116.3006844, 39.9915941], [116.3005059, 39.9912958], [116.3003872, 39.9912115], [116.3002893, 39.9911446]]}}, {"type": "Feature", "properties": {"highway": "footway", "name": "", "bridge": "", "tunnel": "", "layer": "", "source": "osm"}, "geometry": {"type": "LineString", "coordinates": [[116.3002032, 39.9930371], [116.3002124, 39.9929307], [116.3002428, 39.9929163], [116.3002847, 39.9928864], [116.3003113, 39.9928439], [116.3006002, 39.9928621]]}}, {"type": "Feature", "properties": {"highway": "footway", "name": "", "bridge": "", "tunnel": "", "layer": "", "source": "osm"}, "geometry": {"type": "LineString", "coordinates": [[116.3003113, 39.9928439], [116.3002814, 39.9928028], [116.3002468, 39.9927636], [116.3001947, 39.9927282]]}}, {"type": "Feature", "properties": {"highway": "footway", "name": "", "bridge": "", "tunnel": "", "layer": "", "source": "osm"}, "geometry": {"type": "LineString", "coordinates": [[116.3001997, 39.9924657], [116.3003467, 39.9923448], [116.3004926, 39.9922512], [116.3008391, 39.9920485]]}}, {"type": "Feature", "properties": {"highway": "service", "name": "静园路", "bridge": "", "tunnel": "", "layer": "", "source": "osm"}, "geometry": {"type": "LineString", "coordinates": [[116.3004238, 39.9896096], [116.3016917, 39.9896332], [116.3020321, 39.9896352], [116.3024903, 39.9896379], [116.3030357, 39.9896433], [116.303555, 39.9896484]]}}, {"type": "Feature", "properties": {"highway": "service", "name": "艺园路", "bridge": "", "tunnel": "", "layer": "", "source": "osm"}, "geometry": {"type": "LineString", "coordinates": [[116.3011085, 39.9874339], [116.3011294, 39.9870623], [116.3011334, 39.9869915], [116.301141, 39.9868563], [116.3011578, 39.9865584], [116.3011699, 39.9860252]]}}, {"type": "Feature", "properties": {"highway": "service", "name": "康河大道", "bridge": "", "tunnel": "", "layer": "", "source": "osm"}, "geometry": {"type": "LineString", "coordinates": [[116.3023369, 39.9874835], [116.3023424, 39.9873458], [116.3023481, 39.9872019], [116.3023564, 39.9869929], [116.3023643, 39.9867924], [116.3023719, 39.9866009], [116.3023781, 39.9865026], [116.3023923, 39.9862773], [116.3024061, 39.9860568]]}}, {"type": "Feature", "properties": {"highway": "service", "name": "燕南路", "bridge": "", "tunnel": "", "layer": "", "source": "osm"}, "geometry": {"type": "LineString", "coordinates": [[116.3003863, 39.9874102], [116.3011085, 39.9874339], [116.3013607, 39.9874582], [116.301426, 39.9874642], [116.3014752, 39.9874689], [116.3019939, 39.9874794], [116.3021894, 39.9874808], [116.3023369, 39.9874835], [116.3024317, 39.9874869], [116.3028018, 39.9874993], [116.3032599, 39.9875148], [116.303718, 39.9875303], [116.3043071, 39.9875503]]}}, {"type": "Feature", "properties": {"highway": "service", "name": "学宿南三街", "bridge": "", "tunnel": "", "layer": "", "source": "osm"}, "geometry": {"type": "LineString", "coordinates": [[116.3025418, 39.9860603], [116.3025588, 39.985626], [116.3025781, 39.9852611]]}}, {"type": "Feature", "properties": {"highway": "service", "name": "学宿南四街", "bridge": "", "tunnel": "", "layer": "", "source": "osm"}, "geometry": {"type": "LineString", "coordinates": [[116.3034648, 39.9860839], [116.303486, 39.9857768], [116.3035014, 39.9855552], [116.3035173, 39.985325]]}}, {"type": "Feature", "properties": {"highway": "service", "name": "农园北路", "bridge": "", "tunnel": "", "layer": "", "source": "osm"}, "geometry": {"type": "LineString", "coordinates": [[116.3052809, 39.9880915], [116.3057755, 39.9881119], [116.3065508, 39.9881439]]}}, {"type": "Feature", "properties": {"highway": "residential", "name": "二教西路", "bridge": "", "tunnel": "", "layer": "", "source": "osm"}, "geometry": {"type": "LineString", "coordinates": [[116.3065184, 39.9886735], [116.3065262, 39.9885458], [116.3065508, 39.9881439], [116.3065874, 39.9874959]]}}, {"type": "Feature", "properties": {"highway": "footway", "name": "", "bridge": "", "tunnel": "", "layer": "", "source": "osm"}, "geometry": {"type": "LineString", "coordinates": [[116.307368, 39.9881755], [116.307383, 39.9879758], [116.3073956, 39.9877268], [116.3074097, 39.9875358]]}}, {"type": "Feature", "properties": {"highway": "footway", "name": "", "bridge": "", "tunnel": "", "layer": "", "source": "osm"}, "geometry": {"type": "LineString", "coordinates": [[116.307383, 39.9879758], [116.3079335, 39.9879986], [116.3079229, 39.9882164], [116.3082175, 39.9882281]]}}, {"type": "Feature", "properties": {"highway": "service", "name": "三教南路", "bridge": "", "tunnel": "", "layer": "", "source": "osm"}, "geometry": {"type": "LineString", "coordinates": [[116.3065874, 39.9874959], [116.3074097, 39.9875358], [116.3075192, 39.9875402], [116.3080817, 39.987563], [116.3082777, 39.9875709]]}}, {"type": "Feature", "properties": {"highway": "service", "name": "一体东路", "bridge": "", "tunnel": "", "layer": "", "source": "osm"}, "geometry": {"type": "LineString", "coordinates": [[116.3070495, 39.9935443], [116.307685, 39.993625], [116.3082328, 39.993713], [116.3088544, 39.9938129]]}}, {"type": "Feature", "properties": {"highway": "service", "name": "成府园中路", "bridge": "", "tunnel": "", "layer": "", "source": "osm"}, "geometry": {"type": "LineString", "coordinates": [[116.3070235, 39.9956535], [116.3072904, 39.9950408], [116.3075816, 39.993996], [116.307685, 39.993625], [116.3077046, 39.9935549], [116.3078183, 39.992847]]}}, {"type": "Feature", "properties": {"highway": "service", "name": "", "bridge": "", "tunnel": "", "layer": "", "source": "osm"}, "geometry": {"type": "LineString", "coordinates": [[116.3070041, 39.9958625], [116.3086883, 39.9959515], [116.3091058, 39.9959913]]}}, {"type": "Feature", "properties": {"highway": "footway", "name": "未名湖南步道", "bridge": "", "tunnel": "", "layer": "", "source": "osm"}, "geometry": {"type": "LineString", "coordinates": [[116.3054488, 39.9927438], [116.3053044, 39.9926481], [116.3049483, 39.9925969], [116.3047779, 39.9926015], [116.304665, 39.9926407], [116.304495, 39.9927247], [116.3044337, 39.992766], [116.3043434, 39.9927997], [116.3042594, 39.992792], [116.3035722, 39.992568], [116.3036573, 39.9922963], [116.3038005, 39.9922968], [116.3039284, 39.9922606], [116.3040449, 39.9922133], [116.3040869, 39.9920774], [116.3039497, 39.9919956], [116.3038067, 39.9919486], [116.3036041, 39.991953], [116.303426, 39.9919793], [116.303321, 39.9920237], [116.303296, 39.9920697], [116.3033077, 39.992125], [116.3033385, 39.9921914], [116.3033818, 39.9922861], [116.3033865, 39.9925504], [116.3030455, 39.9926105], [116.302588, 39.9927773], [116.3023585, 39.9928952], [116.3014865, 39.9933198]]}}, {"type": "Feature", "properties": {"highway": "service", "name": "未名湖北路", "bridge": "", "tunnel": "", "layer": "", "source": "osm"}, "geometry": {"type": "LineString", "coordinates": [[116.3048976, 39.9944889], [116.3048986, 39.9944256], [116.3048824, 39.9943739], [116.3048661, 39.994353], [116.304848, 39.9943297], [116.3047707, 39.9943019], [116.3035765, 39.9942789], [116.3034594, 39.9942483], [116.3033254, 39.9942052], [116.3032386, 39.9941704], [116.3031459, 39.994148], [116.3030488, 39.9941322], [116.3030545, 39.9938355], [116.3026772, 39.9938227], [116.3025963, 39.99382], [116.3017953, 39.9938153], [116.3008587, 39.9937975], [116.3005832, 39.9937145]]}}, {"type": "Feature", "properties": {"highway": "service", "name": "", "bridge": "", "tunnel": "", "layer": "", "source": "osm"}, "geometry": {"type": "LineString", "coordinates": [[116.3003059, 39.9906465], [116.299962, 39.9906349], [116.2999869, 39.9901978], [116.3003354, 39.9902094]]}}, {"type": "Feature", "properties": {"highway": "service", "name": "勺园南路", "bridge": "", "tunnel": "", "layer": "", "source": "osm"}, "geometry": {"type": "LineString", "coordinates": [[116.3003723, 39.9897967], [116.3002927, 39.989794], [116.2996501, 39.9897724], [116.2995095, 39.9897677], [116.2992206, 39.989758], [116.2990363, 39.9897469], [116.2990211, 39.9897272], [116.2989982, 39.9897174], [116.2989681, 39.9897045]]}}, {"type": "Feature", "properties": {"highway": "footway", "name": "", "bridge": "", "tunnel": "", "layer": "", "source": "osm"}, "geometry": {"type": "LineString", "coordinates": [[116.3011397, 39.9911534], [116.3011357, 39.9910444], [116.3011411, 39.9908135], [116.301139, 39.990469], [116.3010896, 39.9904041], [116.3010519, 39.9903681], [116.3010399, 39.9903434], [116.3010541, 39.9898412], [116.3003691, 39.9898287]]}}, {"type": "Feature", "properties": {"highway": "service", "name": "二体南路", "bridge": "", "tunnel": "", "layer": "", "source": "osm"}, "geometry": {"type": "LineString", "coordinates": [[116.3034735, 39.9892565], [116.3025048, 39.9892479], [116.3017104, 39.9892395], [116.3016689, 39.9892358], [116.3010663, 39.9892084], [116.3004512, 39.9891884]]}}, {"type": "Feature", "properties": {"highway": "service", "name": "哲学楼路", "bridge": "", "tunnel": "", "layer": "", "source": "osm"}, "geometry": {"type": "LineString", "coordinates": [[116.3035665, 39.9893799], [116.3040536, 39.9893852], [116.3044071, 39.989389], [116.3048422, 39.9893937], [116.3051519, 39.9893971]]}}, {"type": "Feature", "properties": {"highway": "residential", "name": "芙蓉南街", "bridge": "", "tunnel": "", "layer": "", "source": "osm"}, "geometry": {"type": "LineString", "coordinates": [[116.2943646, 39.9855334], [116.2960771, 39.9856785], [116.2964632, 39.9856694]]}}, {"type": "Feature", "properties": {"highway": "service", "name": "", "bridge": "", "tunnel": "", "layer": "", "source": "osm"}, "geometry": {"type": "LineString", "coordinates": [[116.2975059, 39.9878189], [116.2977716, 39.9863899]]}}, {"type": "Feature", "properties": {"highway": "unclassified", "name": "摇篮路", "bridge": "", "tunnel": "", "layer": "", "source": "osm"}, "geometry": {"type": "LineString", "coordinates": [[116.3373197, 39.9896367], [116.337417, 39.9896388], [116.3381801, 39.9896556], [116.3386548, 39.9896661], [116.3388882, 39.9896713], [116.3392207, 39.9896786], [116.3394862, 39.9896825], [116.3409238, 39.9897162], [116.3411155, 39.9897204], [116.3416566, 39.9897323], [116.342163, 39.9897435], [116.34258, 39.9897575], [116.3430689, 39.989774], [116.3441143, 39.9898091], [116.345247, 39.9898386], [116.3453677, 39.9898431], [116.3466382, 39.989894]]}}, {"type": "Feature", "properties": {"highway": "service", "name": "", "bridge": "", "tunnel": "", "layer": "", "source": "osm"}, "geometry": {"type": "LineString", "coordinates": [[116.2996203, 39.9816927], [116.2995287, 39.9816893], [116.2987951, 39.9816617], [116.2988649, 39.9808848], [116.2989024, 39.9805683], [116.2995984, 39.9806042], [116.2996975, 39.9806093]]}}, {"type": "Feature", "properties": {"highway": "footway", "name": "", "bridge": "yes", "tunnel": "", "layer": "1", "source": "osm"}, "geometry": {"type": "LineString", "coordinates": [[116.3376052, 39.9659565], [116.3386791, 39.9659707], [116.3386718, 39.9666283], [116.3375268, 39.9666246]]}}, {"type": "Feature", "properties": {"highway": "residential", "name": "彩和坊西小街", "bridge": "", "tunnel": "", "layer": "", "source": "osm"}, "geometry": {"type": "LineString", "coordinates": [[116.3034486, 39.9798856], [116.302318, 39.9798545], [116.3022281, 39.979852]]}}, {"type": "Feature", "properties": {"highway": "residential", "name": "", "bridge": "", "tunnel": "", "layer": "", "source": "osm"}, "geometry": {"type": "LineString", "coordinates": [[116.3391403, 39.9980221], [116.3387694, 39.9978329], [116.3387694, 39.9977342], [116.3387694, 39.9973233], [116.3381009, 39.9973152], [116.3377394, 39.9973068]]}}, {"type": "Feature", "properties": {"highway": "residential", "name": "", "bridge": "", "tunnel": "", "layer": "", "source": "osm"}, "geometry": {"type": "LineString", "coordinates": [[116.3338292, 39.9977524], [116.3339819, 39.9977563], [116.3351397, 39.9977614], [116.3354978, 39.9977632], [116.3355049, 39.9975553], [116.3362891, 39.9975839], [116.3366013, 39.9975921], [116.3368865, 39.9976118], [116.33696, 39.9976169], [116.3377072, 39.9976685]]}}, {"type": "Feature", "properties": {"highway": "residential", "name": "", "bridge": "", "tunnel": "", "layer": "", "source": "osm"}, "geometry": {"type": "LineString", "coordinates": [[116.3391176, 39.9982655], [116.3387313, 39.9982575], [116.3376799, 39.9981836], [116.3376826, 39.9981335], [116.3377072, 39.9976685]]}}, {"type": "Feature", "properties": {"highway": "residential", "name": "", "bridge": "", "tunnel": "", "layer": "", "source": "osm"}, "geometry": {"type": "LineString", "coordinates": [[116.3377797, 39.9966027], [116.3377394, 39.9973068], [116.3377072, 39.9976685]]}}, {"type": "Feature", "properties": {"highway": "residential", "name": "", "bridge": "", "tunnel": "", "layer": "", "source": "osm"}, "geometry": {"type": "LineString", "coordinates": [[116.3355049, 39.9975553], [116.335519, 39.9971961], [116.3355307, 39.9968411], [116.3366396, 39.9968574], [116.3366013, 39.9975921]]}}, {"type": "Feature", "properties": {"highway": "residential", "name": "", "bridge": "", "tunnel": "", "layer": "", "source": "osm"}, "geometry": {"type": "LineString", "coordinates": [[116.3355307, 39.9968411], [116.3352871, 39.996836], [116.335294, 39.9965084], [116.3369314, 39.9965755]]}}, {"type": "Feature", "properties": {"highway": "residential", "name": "", "bridge": "", "tunnel": "", "layer": "", "source": "osm"}, "geometry": {"type": "LineString", "coordinates": [[116.3351397, 39.9977614], [116.3351558, 39.9971878], [116.335519, 39.9971961]]}}, {"type": "Feature", "properties": {"highway": "service", "name": "", "bridge": "", "tunnel": "", "layer": "", "source": "osm"}, "geometry": {"type": "LineString", "coordinates": [[116.3108205, 39.9671833], [116.3107427, 39.9677901]]}}, {"type": "Feature", "properties": {"highway": "residential", "name": "", "bridge": "", "tunnel": "", "layer": "", "source": "osm"}, "geometry": {"type": "LineString", "coordinates": [[116.3099356, 39.9889315], [116.3100102, 39.9889348], [116.3100805, 39.9889379], [116.3107664, 39.9889684], [116.3110604, 39.9889815], [116.3110976, 39.9889832], [116.3111433, 39.9889853], [116.3111966, 39.9889878], [116.3120966, 39.9890293], [116.3137143, 39.9890924], [116.3137212, 39.9890298], [116.3137736, 39.9890313], [116.3144892, 39.9890515], [116.3145307, 39.9890527]]}}, {"type": "Feature", "properties": {"highway": "residential", "name": "", "bridge": "", "tunnel": "", "layer": "", "source": "osm"}, "geometry": {"type": "LineString", "coordinates": [[116.3120966, 39.9890293], [116.3121008, 39.9889728], [116.312115, 39.9886715], [116.3121162, 39.9886303], [116.3121516, 39.9880889], [116.3122098, 39.9881038], [116.3123553, 39.9881514], [116.3124321, 39.9882065], [116.312569, 39.9882967], [116.3126866, 39.98835], [116.3128691, 39.9883868], [116.3129963, 39.9883905], [116.3131475, 39.9883574], [116.3132347, 39.9883422], [116.313333, 39.9883309], [116.3135724, 39.9883298], [116.3137646, 39.9883528], [116.3141846, 39.9883702], [116.3143142, 39.9884475], [116.3144751, 39.9884769], [116.3145688, 39.9884544], [116.3145499, 39.9887302], [116.3145318, 39.9889954], [116.3145307, 39.9890527], [116.3145124, 39.989336], [116.3144974, 39.9895048], [116.3144704, 39.9898088], [116.3144615, 39.9899093], [116.3144347, 39.9901439], [116.3143986, 39.9904603], [116.3143944, 39.990497]]}}, {"type": "Feature", "properties": {"highway": "service", "name": "", "bridge": "", "tunnel": "", "layer": "", "source": "osm"}, "geometry": {"type": "LineString", "coordinates": [[116.3121162, 39.9886303], [116.3120449, 39.9886259], [116.3119396, 39.9885975], [116.3118579, 39.9885533], [116.311796, 39.9884898], [116.3117541, 39.9884141], [116.3117514, 39.9883432], [116.3117504, 39.9883187], [116.3118087, 39.9882088], [116.3118848, 39.9881482], [116.311988, 39.988112], [116.312112, 39.9880928], [116.3121516, 39.9880889]]}}, {"type": "Feature", "properties": {"highway": "residential", "name": "", "bridge": "", "tunnel": "", "layer": "", "source": "osm"}, "geometry": {"type": "LineString", "coordinates": [[116.3137212, 39.9890298], [116.3137245, 39.9889744], [116.3137404, 39.9887111], [116.3137646, 39.9883528]]}}, {"type": "Feature", "properties": {"highway": "footway", "name": "", "bridge": "yes", "tunnel": "", "layer": "1", "source": "osm"}, "geometry": {"type": "LineString", "coordinates": [[116.3133136, 39.988857], [116.3138153, 39.988867]]}}, {"type": "Feature", "properties": {"highway": "steps", "name": "", "bridge": "", "tunnel": "", "layer": "", "source": "osm"}, "geometry": {"type": "LineString", "coordinates": [[116.3099011, 39.9814117], [116.3101336, 39.9814158]]}}, {"type": "Feature", "properties": {"highway": "steps", "name": "", "bridge": "", "tunnel": "", "layer": "", "source": "osm"}, "geometry": {"type": "LineString", "coordinates": [[116.3094955, 39.98377], [116.309734, 39.9837847]]}}, {"type": "Feature", "properties": {"highway": "steps", "name": "", "bridge": "", "tunnel": "", "layer": "", "source": "osm"}, "geometry": {"type": "LineString", "coordinates": [[116.3098233, 39.9837887], [116.3098354, 39.9836089]]}}, {"type": "Feature", "properties": {"highway": "steps", "name": "", "bridge": "", "tunnel": "", "layer": "", "source": "osm"}, "geometry": {"type": "LineString", "coordinates": [[116.310602, 39.9838233], [116.3106131, 39.9836431]]}}, {"type": "Feature", "properties": {"highway": "steps", "name": "", "bridge": "", "tunnel": "", "layer": "", "source": "osm"}, "geometry": {"type": "LineString", "coordinates": [[116.3106137, 39.9838238], [116.3108169, 39.98383]]}}, {"type": "Feature", "properties": {"highway": "steps", "name": "", "bridge": "", "tunnel": "", "layer": "", "source": "osm"}, "geometry": {"type": "LineString", "coordinates": [[116.3105491, 39.9846246], [116.3107149, 39.9846259]]}}, {"type": "Feature", "properties": {"highway": "steps", "name": "", "bridge": "", "tunnel": "", "layer": "", "source": "osm"}, "geometry": {"type": "LineString", "coordinates": [[116.309674, 39.9845829], [116.3094261, 39.9845517]]}}, {"type": "Feature", "properties": {"highway": "footway", "name": "", "bridge": "", "tunnel": "", "layer": "", "source": "osm"}, "geometry": {"type": "LineString", "coordinates": [[116.3006773, 39.9932778], [116.3007861, 39.9936], [116.3008587, 39.9937975]]}}, {"type": "Feature", "properties": {"highway": "footway", "name": "", "bridge": "", "tunnel": "", "layer": "", "source": "osm"}, "geometry": {"type": "LineString", "coordinates": [[116.3019462, 39.9945728], [116.301942, 39.9943809], [116.3018347, 39.9942905], [116.3017811, 39.9940686], [116.3017953, 39.9938153], [116.3018061, 39.9936325], [116.3018086, 39.9935775], [116.3017858, 39.9935307]]}}, {"type": "Feature", "properties": {"highway": "footway", "name": "", "bridge": "yes", "tunnel": "", "layer": "1", "source": "osm"}, "geometry": {"type": "LineString", "coordinates": [[116.3017858, 39.9935307], [116.3016983, 39.9934064]]}}, {"type": "Feature", "properties": {"highway": "footway", "name": "", "bridge": "", "tunnel": "", "layer": "", "source": "osm"}, "geometry": {"type": "LineString", "coordinates": [[116.3016983, 39.9934064], [116.3014865, 39.9933198]]}}, {"type": "Feature", "properties": {"highway": "footway", "name": "", "bridge": "", "tunnel": "", "layer": "", "source": "osm"}, "geometry": {"type": "LineString", "coordinates": [[116.3006773, 39.9932778], [116.3012134, 39.9932787], [116.3013237, 39.9933298], [116.3014865, 39.9933198]]}}, {"type": "Feature", "properties": {"highway": "footway", "name": "", "bridge": "", "tunnel": "", "layer": "", "source": "osm"}, "geometry": {"type": "LineString", "coordinates": [[116.3006002, 39.9928621], [116.3007977, 39.9928344], [116.3010897, 39.9928357], [116.301257, 39.9928364], [116.3015255, 39.9928837]]}}, {"type": "Feature", "properties": {"highway": "footway", "name": "", "bridge": "", "tunnel": "", "layer": "", "source": "osm"}, "geometry": {"type": "LineString", "coordinates": [[116.3015255, 39.9928837], [116.3014853, 39.9929227], [116.301475, 39.9929487], [116.3014792, 39.992976], [116.3015054, 39.9930036], [116.3015139, 39.9930422], [116.3015153, 39.9930821], [116.3015081, 39.9931805], [116.3015037, 39.9932343], [116.3014987, 39.9932745], [116.3014865, 39.9933198]]}}, {"type": "Feature", "properties": {"highway": "footway", "name": "", "bridge": "", "tunnel": "", "layer": "", "source": "osm"}, "geometry": {"type": "LineString", "coordinates": [[116.3015255, 39.9928837], [116.3016682, 39.9927362], [116.3017508, 39.9927327], [116.3018364, 39.992743], [116.3019313, 39.9927847], [116.3020164, 39.9928204], [116.3021074, 39.9928464], [116.3023585, 39.9928952]]}}, {"type": "Feature", "properties": {"highway": "service", "name": "静园西路北段", "bridge": "", "tunnel": "", "layer": "", "source": "osm"}, "geometry": {"type": "LineString", "coordinates": [[116.3016347, 39.9911692], [116.3016158, 39.9915999], [116.3016117, 39.9918729]]}}, {"type": "Feature", "properties": {"highway": "footway", "name": "静园西路北二段", "bridge": "", "tunnel": "", "layer": "", "source": "osm"}, "geometry": {"type": "LineString", "coordinates": [[116.3015255, 39.9928837], [116.301516, 39.9927651], [116.3015027, 39.992634], [116.3015032, 39.9924244], [116.3015209, 39.9921821], [116.3015419, 39.992057], [116.3015711, 39.9919617], [116.3016117, 39.9918729]]}}, {"type": "Feature", "properties": {"highway": "service", "name": "静园东路北段", "bridge": "", "tunnel": "", "layer": "", "source": "osm"}, "geometry": {"type": "LineString", "coordinates": [[116.3024414, 39.9911896], [116.3024263, 39.991608], [116.3024169, 39.9918699]]}}, {"type": "Feature", "properties": {"highway": "service", "name": "未名湖南路", "bridge": "", "tunnel": "", "layer": "", "source": "osm"}, "geometry": {"type": "LineString", "coordinates": [[116.3008391, 39.9920485], [116.3011092, 39.9919871], [116.3016117, 39.9918729], [116.3020216, 39.9918714], [116.3024169, 39.9918699], [116.302612, 39.9918662], [116.3028495, 39.991816], [116.3029449, 39.9917813], [116.3030362, 39.9917482], [116.3047631, 39.9917798], [116.3060249, 39.9918029]]}}, {"type": "Feature", "properties": {"highway": "footway", "name": "", "bridge": "", "tunnel": "", "layer": "", "source": "osm"}, "geometry": {"type": "LineString", "coordinates": [[116.3024169, 39.9918699], [116.3025309, 39.9919658], [116.3027913, 39.992172]]}}, {"type": "Feature", "properties": {"highway": "footway", "name": "小云连接线", "bridge": "", "tunnel": "", "layer": "", "source": "osm"}, "geometry": {"type": "LineString", "coordinates": [[116.3015255, 39.9928837], [116.3017126, 39.9926338], [116.3018857, 39.9924123], [116.3021092, 39.9921502], [116.3024169, 39.9918699]]}}, {"type": "Feature", "properties": {"highway": "service", "name": "静园西路", "bridge": "", "tunnel": "", "layer": "", "source": "osm"}, "geometry": {"type": "LineString", "coordinates": [[116.3016347, 39.9911692], [116.3016464, 39.990854], [116.3016487, 39.9907911], [116.3016639, 39.9903817], [116.3016764, 39.9900461], [116.3016821, 39.9898933], [116.3016917, 39.9896332], [116.3017104, 39.9892395]]}}, {"type": "Feature", "properties": {"highway": "service", "name": "静园东路", "bridge": "", "tunnel": "", "layer": "", "source": "osm"}, "geometry": {"type": "LineString", "coordinates": [[116.3024414, 39.9911896], [116.3024513, 39.9908752], [116.3024536, 39.9908025], [116.3024666, 39.9903888], [116.3024793, 39.9899856], [116.3024817, 39.9899111], [116.3024903, 39.9896379], [116.3025048, 39.9892479]]}}, {"type": "Feature", "properties": {"highway": "service", "name": "化学路", "bridge": "", "tunnel": "", "layer": "", "source": "osm"}, "geometry": {"type": "LineString", "coordinates": [[116.3051295, 39.9897386], [116.3064146, 39.9897919]]}}, {"type": "Feature", "properties": {"highway": "service", "name": "文史路", "bridge": "", "tunnel": "", "layer": "", "source": "osm"}, "geometry": {"type": "LineString", "coordinates": [[116.3050398, 39.9910584], [116.3052647, 39.9910154], [116.3056955, 39.9910331], [116.305874, 39.9910404], [116.3059461, 39.9910438], [116.3063316, 39.9910617]]}}, {"type": "Feature", "properties": {"highway": "service", "name": "地学路", "bridge": "", "tunnel": "", "layer": "", "source": "osm"}, "geometry": {"type": "LineString", "coordinates": [[116.3048326, 39.9898976], [116.3051105, 39.9902074], [116.305332, 39.9902173], [116.3057518, 39.9902368], [116.3063789, 39.9902667]]}}, {"type": "Feature", "properties": {"highway": "service", "name": "", "bridge": "", "tunnel": "", "layer": "", "source": "osm"}, "geometry": {"type": "LineString", "coordinates": [[116.3052647, 39.9910154], [116.3052974, 39.9906472], [116.305332, 39.9902173]]}}, {"type": "Feature", "properties": {"highway": "service", "name": "", "bridge": "", "tunnel": "", "layer": "", "source": "osm"}, "geometry": {"type": "LineString", "coordinates": [[116.3130591, 39.9683425], [116.3130346, 39.9684087], [116.3129723, 39.9684829], [116.312827, 39.9685997], [116.312692, 39.9686633], [116.3125189, 39.9686633], [116.3110948, 39.9685518]]}}, {"type": "Feature", "properties": {"highway": "residential", "name": "吴玉章路", "bridge": "", "tunnel": "", "layer": "", "source": "osm"}, "geometry": {"type": "LineString", "coordinates": [[116.3110948, 39.9685518], [116.3096594, 39.9684338], [116.3093212, 39.9684034], [116.3087291, 39.9683573], [116.3081252, 39.9683117], [116.3078627, 39.9682899], [116.3069323, 39.9682495], [116.3066727, 39.9682362]]}}, {"type": "Feature", "properties": {"highway": "service", "name": "", "bridge": "", "tunnel": "", "layer": "", "source": "osm"}, "geometry": {"type": "LineString", "coordinates": [[116.3078627, 39.9682899], [116.3079338, 39.967548]]}}, {"type": "Feature", "properties": {"highway": "service", "name": "", "bridge": "", "tunnel": "", "layer": "", "source": "osm"}, "geometry": {"type": "LineString", "coordinates": [[116.3096594, 39.9684338], [116.3097474, 39.9676896]]}}, {"type": "Feature", "properties": {"highway": "service", "name": "", "bridge": "", "tunnel": "", "layer": "", "source": "osm"}, "geometry": {"type": "LineString", "coordinates": [[116.3065546, 39.9691183], [116.3066727, 39.9682362], [116.3066982, 39.9674684]]}}, {"type": "Feature", "properties": {"highway": "service", "name": "", "bridge": "", "tunnel": "", "layer": "", "source": "osm"}, "geometry": {"type": "LineString", "coordinates": [[116.3069323, 39.9682495], [116.307002, 39.9674833]]}}, {"type": "Feature", "properties": {"highway": "residential", "name": "", "bridge": "", "tunnel": "", "layer": "", "source": "osm"}, "geometry": {"type": "LineString", "coordinates": [[116.3171904, 39.9766923], [116.317177, 39.9769481], [116.3171452, 39.9776171], [116.3171321, 39.977893], [116.3171187, 39.9781745], [116.3171022, 39.978522], [116.3170831, 39.9789233], [116.3170784, 39.9789438], [116.3169047, 39.9797043]]}}, {"type": "Feature", "properties": {"highway": "residential", "name": "", "bridge": "", "tunnel": "", "layer": "", "source": "osm"}, "geometry": {"type": "LineString", "coordinates": [[116.3178392, 39.9769697], [116.3178033, 39.9776419], [116.3171452, 39.9776171]]}}, {"type": "Feature", "properties": {"highway": "residential", "name": "中关村南一条", "bridge": "", "tunnel": "", "layer": "", "source": "osm"}, "geometry": {"type": "LineString", "coordinates": [[116.3271784, 39.9813136], [116.3270545, 39.9813113], [116.3264096, 39.9812957], [116.3246249, 39.9812475], [116.3245649, 39.9812456], [116.3217403, 39.9811339], [116.3215417, 39.9811562], [116.3214117, 39.9812113], [116.3212806, 39.9813085]]}}, {"type": "Feature", "properties": {"highway": "residential", "name": "", "bridge": "", "tunnel": "", "layer": "", "source": "osm"}, "geometry": {"type": "LineString", "coordinates": [[116.3212065, 39.9823411], [116.3236029, 39.9824544], [116.3236808, 39.9816931], [116.3237845, 39.981695], [116.3245249, 39.9817158], [116.3245558, 39.9813526], [116.3245649, 39.9812456]]}}, {"type": "Feature", "properties": {"highway": "residential", "name": "", "bridge": "", "tunnel": "", "layer": "", "source": "osm"}, "geometry": {"type": "LineString", "coordinates": [[116.3245249, 39.9817158], [116.3256282, 39.9817385], [116.3257222, 39.981799], [116.3258778, 39.9820374], [116.3259147, 39.9821089], [116.3260494, 39.9823704], [116.3260834, 39.9826334], [116.3260226, 39.9828349], [116.3258456, 39.9830034]]}}, {"type": "Feature", "properties": {"highway": "residential", "name": "", "bridge": "", "tunnel": "", "layer": "", "source": "osm"}, "geometry": {"type": "LineString", "coordinates": [[116.3236029, 39.9824544], [116.3235918, 39.9828263], [116.3235603, 39.983883]]}}, {"type": "Feature", "properties": {"highway": "residential", "name": "", "bridge": "", "tunnel": "", "layer": "", "source": "osm"}, "geometry": {"type": "LineString", "coordinates": [[116.3248053, 39.9843657], [116.3248508, 39.983694], [116.3248727, 39.9833519]]}}, {"type": "Feature", "properties": {"highway": "residential", "name": "", "bridge": "", "tunnel": "", "layer": "", "source": "osm"}, "geometry": {"type": "LineString", "coordinates": [[116.3270228, 39.981991], [116.3269288, 39.9819808], [116.3263596, 39.9819636], [116.3264096, 39.9812957]]}}, {"type": "Feature", "properties": {"highway": "residential", "name": "", "bridge": "", "tunnel": "", "layer": "", "source": "osm"}, "geometry": {"type": "LineString", "coordinates": [[116.3260226, 39.9828349], [116.3264023, 39.9825674], [116.3265917, 39.9824621], [116.3266995, 39.982371], [116.3268778, 39.9822059], [116.3270126, 39.9822095], [116.327135, 39.9822127]]}}, {"type": "Feature", "properties": {"highway": "residential", "name": "", "bridge": "", "tunnel": "", "layer": "", "source": "osm"}, "geometry": {"type": "LineString", "coordinates": [[116.3259147, 39.9821089], [116.3261118, 39.9820755], [116.326469, 39.9821032], [116.326766, 39.9821587], [116.3268778, 39.9822059]]}}, {"type": "Feature", "properties": {"highway": "footway", "name": "湖心岛步道", "bridge": "", "tunnel": "", "layer": "", "source": "osm"}, "geometry": {"type": "LineString", "coordinates": [[116.3030541, 39.993718], [116.3030555, 39.9936632], [116.3029249, 39.9936204], [116.3029002, 39.993543], [116.3029106, 39.9934881], [116.3030506, 39.9932898], [116.3031027, 39.9932591], [116.3033293, 39.9931935], [116.3035463, 39.9931217], [116.3037239, 39.9931784], [116.3037578, 39.9933494], [116.3037707, 39.9934145], [116.3037793, 39.9936189], [116.3037806, 39.9936488], [116.3035734, 39.9936488], [116.3032553, 39.9935524], [116.3030555, 39.9936632]]}}, {"type": "Feature", "properties": {"highway": "footway", "name": "", "bridge": "", "tunnel": "", "layer": "", "source": "osm"}, "geometry": {"type": "LineString", "coordinates": [[116.3025963, 39.99382], [116.3017858, 39.9935307]]}}, {"type": "Feature", "properties": {"highway": "service", "name": "", "bridge": "", "tunnel": "", "layer": "", "source": "osm"}, "geometry": {"type": "LineString", "coordinates": [[116.3329024, 39.9977661], [116.3328973, 39.9979036], [116.3328957, 39.9981677], [116.3329548, 39.9982491], [116.3330507, 39.9982857], [116.3331743, 39.9983085], [116.3333093, 39.9982944], [116.3334074, 39.9982376], [116.3334106, 39.9981714], [116.3334147, 39.9980865], [116.333422, 39.9979178], [116.3334281, 39.99778], [116.3334326, 39.9976723], [116.3332627, 39.9976667]]}}, {"type": "Feature", "properties": {"highway": "service", "name": "", "bridge": "", "tunnel": "", "layer": "", "source": "osm"}, "geometry": {"type": "LineString", "coordinates": [[116.3338378, 39.9966273], [116.3324633, 39.9966089], [116.332459, 39.99725]]}}, {"type": "Feature", "properties": {"highway": "residential", "name": "品园路", "bridge": "", "tunnel": "", "layer": "", "source": "osm"}, "geometry": {"type": "LineString", "coordinates": [[116.3025147, 39.9671646], [116.3024622, 39.9675868], [116.3024488, 39.9676882], [116.3024154, 39.9679409], [116.3023682, 39.9682975], [116.3023343, 39.9685543], [116.3023269, 39.96861], [116.3022015, 39.969483]]}}, {"type": "Feature", "properties": {"highway": "residential", "name": "", "bridge": "", "tunnel": "", "layer": "", "source": "osm"}, "geometry": {"type": "LineString", "coordinates": [[116.298393, 39.979724], [116.2984023, 39.9792892], [116.29843, 39.9791546], [116.2985132, 39.9790531], [116.2985378, 39.9789421]]}}, {"type": "Feature", "properties": {"highway": "residential", "name": "", "bridge": "", "tunnel": "", "layer": "", "source": "osm"}, "geometry": {"type": "LineString", "coordinates": [[116.3171187, 39.9781745], [116.3179568, 39.9781971], [116.3183377, 39.97823], [116.3184664, 39.9783122], [116.3186434, 39.9783143]]}}, {"type": "Feature", "properties": {"highway": "residential", "name": "", "bridge": "", "tunnel": "", "layer": "", "source": "osm"}, "geometry": {"type": "LineString", "coordinates": [[116.3171321, 39.977893], [116.3179702, 39.9779114], [116.3186622, 39.9779155]]}}, {"type": "Feature", "properties": {"highway": "residential", "name": "", "bridge": "", "tunnel": "", "layer": "", "source": "osm"}, "geometry": {"type": "LineString", "coordinates": [[116.3179702, 39.9779114], [116.3179568, 39.9781971], [116.3179423, 39.9785444], [116.3179246, 39.9789679]]}}, {"type": "Feature", "properties": {"highway": "residential", "name": "", "bridge": "", "tunnel": "", "layer": "", "source": "osm"}, "geometry": {"type": "LineString", "coordinates": [[116.3171022, 39.978522], [116.3179423, 39.9785444], [116.3183269, 39.9785835], [116.3184745, 39.9786534], [116.3186488, 39.9786555]]}}, {"type": "Feature", "properties": {"highway": "residential", "name": "", "bridge": "", "tunnel": "", "layer": "", "source": "osm"}, "geometry": {"type": "LineString", "coordinates": [[116.3170784, 39.9789438], [116.3179246, 39.9789679]]}}, {"type": "Feature", "properties": {"highway": "footway", "name": "", "bridge": "", "tunnel": "", "layer": "", "source": "osm"}, "geometry": {"type": "LineString", "coordinates": [[116.3047424, 39.9986863], [116.3047702, 39.9986042], [116.3051099, 39.9986332], [116.3057151, 39.9987003], [116.3059842, 39.998746], [116.3059303, 39.9989255], [116.3065303, 39.9990263], [116.3064403, 39.9993288], [116.3064173, 39.9993863], [116.3063884, 39.9994725], [116.3063439, 39.9996276], [116.3063042, 39.9997803]]}}, {"type": "Feature", "properties": {"highway": "footway", "name": "", "bridge": "", "tunnel": "", "layer": "", "source": "osm"}, "geometry": {"type": "LineString", "coordinates": [[116.3067003, 39.9995604], [116.3063884, 39.9994725], [116.3060787, 39.9994605], [116.3060144, 39.9996033], [116.3063439, 39.9996276]]}}, {"type": "Feature", "properties": {"highway": "footway", "name": "", "bridge": "", "tunnel": "", "layer": "", "source": "osm"}, "geometry": {"type": "LineString", "coordinates": [[116.3029699, 39.9986166], [116.3027541, 39.9998953], [116.3027058, 39.9999474], [116.302542, 40.0000975]]}}, {"type": "Feature", "properties": {"highway": "footway", "name": "", "bridge": "", "tunnel": "", "layer": "", "source": "osm"}, "geometry": {"type": "LineString", "coordinates": [[116.3038887, 39.9993082], [116.303799, 39.9997628], [116.3037125, 40.0000262], [116.30362, 40.0001108]]}}, {"type": "Feature", "properties": {"highway": "service", "name": "", "bridge": "", "tunnel": "", "layer": "", "source": "osm"}, "geometry": {"type": "LineString", "coordinates": [[116.332459, 39.99725], [116.3334517, 39.9972617], [116.3336956, 39.9972646], [116.3338238, 39.9972672]]}}, {"type": "Feature", "properties": {"highway": "service", "name": "", "bridge": "", "tunnel": "", "layer": "", "source": "osm"}, "geometry": {"type": "LineString", "coordinates": [[116.2965668, 39.9736724], [116.2965995, 39.9735595], [116.2966096, 39.97341], [116.2966383, 39.9729873], [116.2967062, 39.9728015], [116.2968468, 39.9726195], [116.2968783, 39.9725303], [116.2968347, 39.9724262], [116.2966623, 39.9722241]]}}, {"type": "Feature", "properties": {"highway": "service", "name": "", "bridge": "", "tunnel": "", "layer": "", "source": "osm"}, "geometry": {"type": "LineString", "coordinates": [[116.3241884, 39.9722187], [116.3241364, 39.9734183], [116.3241134, 39.9739501], [116.324102, 39.974212], [116.3240736, 39.9748677], [116.3240641, 39.9749705]]}}, {"type": "Feature", "properties": {"highway": "footway", "name": "", "bridge": "", "tunnel": "", "layer": "", "source": "osm"}, "geometry": {"type": "LineString", "coordinates": [[116.3187527, 39.9809971], [116.3196885, 39.9810089], [116.319881, 39.9810113], [116.320043, 39.9810133]]}}, {"type": "Feature", "properties": {"highway": "footway", "name": "", "bridge": "", "tunnel": "", "layer": "", "source": "osm"}, "geometry": {"type": "LineString", "coordinates": [[116.3196647, 39.9816849], [116.3196842, 39.981122], [116.3196885, 39.9810089]]}}, {"type": "Feature", "properties": {"highway": "footway", "name": "", "bridge": "", "tunnel": "", "layer": "", "source": "osm"}, "geometry": {"type": "LineString", "coordinates": [[116.3197898, 39.9816866], [116.3198654, 39.981127], [116.319881, 39.9810113]]}}, {"type": "Feature", "properties": {"highway": "footway", "name": "", "bridge": "", "tunnel": "", "layer": "", "source": "osm"}, "geometry": {"type": "LineString", "coordinates": [[116.3196842, 39.981122], [116.3198654, 39.981127]]}}, {"type": "Feature", "properties": {"highway": "service", "name": "", "bridge": "", "tunnel": "", "layer": "", "source": "osm"}, "geometry": {"type": "LineString", "coordinates": [[116.3192745, 39.9865543], [116.3193315, 39.9847973], [116.3193384, 39.9846796]]}}, {"type": "Feature", "properties": {"highway": "footway", "name": "", "bridge": "yes", "tunnel": "", "layer": "", "source": "osm"}, "geometry": {"type": "LineString", "coordinates": [[116.3035612, 39.9844149], [116.3036043, 39.9836336]]}}, {"type": "Feature", "properties": {"highway": "footway", "name": "", "bridge": "yes", "tunnel": "", "layer": "", "source": "osm"}, "geometry": {"type": "LineString", "coordinates": [[116.3032862, 39.9836266], [116.3036043, 39.9836336]]}}, {"type": "Feature", "properties": {"highway": "footway", "name": "", "bridge": "yes", "tunnel": "", "layer": "", "source": "osm"}, "geometry": {"type": "LineString", "coordinates": [[116.3036043, 39.9836336], [116.3042395, 39.9836488]]}}, {"type": "Feature", "properties": {"highway": "footway", "name": "", "bridge": "yes", "tunnel": "", "layer": "", "source": "osm"}, "geometry": {"type": "LineString", "coordinates": [[116.3035612, 39.9844149], [116.3038069, 39.9844209]]}}, {"type": "Feature", "properties": {"highway": "footway", "name": "", "bridge": "yes", "tunnel": "", "layer": "", "source": "osm"}, "geometry": {"type": "LineString", "coordinates": [[116.3035612, 39.9844149], [116.3030548, 39.98441]]}}, {"type": "Feature", "properties": {"highway": "service", "name": "", "bridge": "", "tunnel": "", "layer": "2", "source": "osm"}, "geometry": {"type": "LineString", "coordinates": [[116.331733, 39.9841328], [116.3318748, 39.9840724]]}}, {"type": "Feature", "properties": {"highway": "service", "name": "", "bridge": "", "tunnel": "", "layer": "2", "source": "osm"}, "geometry": {"type": "LineString", "coordinates": [[116.3318748, 39.9840724], [116.3320238, 39.9827312]]}}, {"type": "Feature", "properties": {"highway": "service", "name": "", "bridge": "", "tunnel": "", "layer": "2", "source": "osm"}, "geometry": {"type": "LineString", "coordinates": [[116.3318903, 39.9827107], [116.3320238, 39.9827312]]}}, {"type": "Feature", "properties": {"highway": "service", "name": "", "bridge": "", "tunnel": "", "layer": "2", "source": "osm"}, "geometry": {"type": "LineString", "coordinates": [[116.3305095, 39.9832536], [116.3318211, 39.9833365]]}}, {"type": "Feature", "properties": {"highway": "service", "name": "", "bridge": "", "tunnel": "", "layer": "2", "source": "osm"}, "geometry": {"type": "LineString", "coordinates": [[116.3320238, 39.9827312], [116.3321062, 39.9821201]]}}, {"type": "Feature", "properties": {"highway": "service", "name": "", "bridge": "", "tunnel": "", "layer": "2", "source": "osm"}, "geometry": {"type": "LineString", "coordinates": [[116.3296224, 39.9844373], [116.3299122, 39.984056], [116.331733, 39.9841328], [116.3318211, 39.9833365], [116.3318903, 39.9827107], [116.3311196, 39.9825942], [116.3305095, 39.9832536], [116.3299122, 39.984056]]}}, {"type": "Feature", "properties": {"highway": "service", "name": "", "bridge": "", "tunnel": "", "layer": "", "source": "osm"}, "geometry": {"type": "LineString", "coordinates": [[116.3145124, 39.989336], [116.3148182, 39.9893627], [116.3148085, 39.9895531]]}}, {"type": "Feature", "properties": {"highway": "residential", "name": "", "bridge": "", "tunnel": "", "layer": "", "source": "osm"}, "geometry": {"type": "LineString", "coordinates": [[116.3144974, 39.9895048], [116.3135432, 39.9894577], [116.3126311, 39.9894128], [116.3120743, 39.9893853]]}}, {"type": "Feature", "properties": {"highway": "residential", "name": "", "bridge": "", "tunnel": "", "layer": "", "source": "osm"}, "geometry": {"type": "LineString", "coordinates": [[116.3144704, 39.9898088], [116.3135267, 39.9897624], [116.3126045, 39.9897304], [116.3120627, 39.9897077]]}}, {"type": "Feature", "properties": {"highway": "residential", "name": "", "bridge": "", "tunnel": "", "layer": "", "source": "osm"}, "geometry": {"type": "LineString", "coordinates": [[116.3144347, 39.9901439], [116.313512, 39.9901175], [116.312587, 39.9900911], [116.3120502, 39.9900758]]}}, {"type": "Feature", "properties": {"highway": "residential", "name": "", "bridge": "", "tunnel": "", "layer": "", "source": "osm"}, "geometry": {"type": "LineString", "coordinates": [[116.3143986, 39.9904603], [116.3134825, 39.9904262], [116.3125705, 39.9903922]]}}, {"type": "Feature", "properties": {"highway": "residential", "name": "", "bridge": "", "tunnel": "", "layer": "", "source": "osm"}, "geometry": {"type": "LineString", "coordinates": [[116.3134476, 39.9907087], [116.3134825, 39.9904262], [116.313512, 39.9901175], [116.3135267, 39.9897624]]}}, {"type": "Feature", "properties": {"highway": "residential", "name": "", "bridge": "", "tunnel": "", "layer": "", "source": "osm"}, "geometry": {"type": "LineString", "coordinates": [[116.3125383, 39.9906738], [116.3125705, 39.9903922], [116.312587, 39.9900911], [116.3126045, 39.9897304]]}}, {"type": "Feature", "properties": {"highway": "residential", "name": "", "bridge": "", "tunnel": "", "layer": "", "source": "osm"}, "geometry": {"type": "LineString", "coordinates": [[116.3135267, 39.9897624], [116.3135432, 39.9894577]]}}, {"type": "Feature", "properties": {"highway": "residential", "name": "", "bridge": "", "tunnel": "", "layer": "", "source": "osm"}, "geometry": {"type": "LineString", "coordinates": [[116.3126045, 39.9897304], [116.3126311, 39.9894128]]}}, {"type": "Feature", "properties": {"highway": "residential", "name": "", "bridge": "", "tunnel": "yes", "layer": "-1", "source": "osm"}, "geometry": {"type": "LineString", "coordinates": [[116.3137143, 39.9890924], [116.3142723, 39.9891133]]}}, {"type": "Feature", "properties": {"highway": "residential", "name": "", "bridge": "", "tunnel": "", "layer": "", "source": "osm"}, "geometry": {"type": "LineString", "coordinates": [[116.3145307, 39.9890527], [116.3146251, 39.9890779], [116.3152216, 39.9891041], [116.3153184, 39.9884651], [116.3153953, 39.9882794], [116.315497, 39.9879189]]}}, {"type": "Feature", "properties": {"highway": "residential", "name": "中关村南三条", "bridge": "", "tunnel": "", "layer": "", "source": "osm"}, "geometry": {"type": "LineString", "coordinates": [[116.3306303, 39.980722], [116.3304525, 39.9807088], [116.3296146, 39.9806443], [116.3282074, 39.9805452]]}}, {"type": "Feature", "properties": {"highway": "footway", "name": "", "bridge": "", "tunnel": "", "layer": "", "source": "osm"}, "geometry": {"type": "LineString", "coordinates": [[116.3312012, 39.9804542], [116.3312334, 39.9803898], [116.3312824, 39.9803278], [116.3313143, 39.9802952], [116.3313878, 39.9802593], [116.3314389, 39.980225], [116.3314676, 39.9802168], [116.3315868, 39.9802283], [116.3316241, 39.9802699], [116.3316784, 39.9802862], [116.3317167, 39.9803351], [116.3317743, 39.980521]]}}, {"type": "Feature", "properties": {"highway": "residential", "name": "", "bridge": "", "tunnel": "", "layer": "", "source": "osm"}, "geometry": {"type": "LineString", "coordinates": [[116.3308517, 39.9815676], [116.3308575, 39.9815327], [116.3308643, 39.9814917], [116.3308879, 39.9811835], [116.3305484, 39.9811549], [116.3306303, 39.980722], [116.3308095, 39.9806306], [116.3311225, 39.9805504], [116.3318911, 39.9806155], [116.3321776, 39.9806398], [116.3322798, 39.9806459], [116.3324181, 39.9806541], [116.3325246, 39.9806604], [116.3325845, 39.980664], [116.3326892, 39.9806702]]}}, {"type": "Feature", "properties": {"highway": "residential", "name": "", "bridge": "", "tunnel": "", "layer": "", "source": "osm"}, "geometry": {"type": "LineString", "coordinates": [[116.3308879, 39.9811835], [116.3320882, 39.9812779], [116.3321776, 39.9806398], [116.3322742, 39.9799297]]}}, {"type": "Feature", "properties": {"highway": "residential", "name": "", "bridge": "", "tunnel": "", "layer": "", "source": "osm"}, "geometry": {"type": "LineString", "coordinates": [[116.3336062, 39.9752741], [116.333602, 39.9752972], [116.333594, 39.975374], [116.3334936, 39.9759019], [116.3334953, 39.9760418], [116.33335, 39.977154], [116.3330932, 39.9782339]]}}, {"type": "Feature", "properties": {"highway": "footway", "name": "", "bridge": "", "tunnel": "", "layer": "", "source": "osm"}, "geometry": {"type": "LineString", "coordinates": [[116.3330932, 39.9782339], [116.3329732, 39.9782261], [116.332804, 39.9782222], [116.3322699, 39.9782099], [116.3323367, 39.978291], [116.3323702, 39.9784419], [116.3323553, 39.9784746], [116.3322773, 39.9784761], [116.3322351, 39.9785011]]}}, {"type": "Feature", "properties": {"highway": "residential", "name": "", "bridge": "", "tunnel": "", "layer": "", "source": "osm"}, "geometry": {"type": "LineString", "coordinates": [[116.3322227, 39.9788881], [116.3323879, 39.9789646], [116.3326961, 39.9792114], [116.3328109, 39.9793707]]}}, {"type": "Feature", "properties": {"highway": "residential", "name": "", "bridge": "", "tunnel": "", "layer": "", "source": "osm"}, "geometry": {"type": "LineString", "coordinates": [[116.3324181, 39.9806541], [116.3325124, 39.9800221]]}}, {"type": "Feature", "properties": {"highway": "residential", "name": "", "bridge": "", "tunnel": "", "layer": "", "source": "osm"}, "geometry": {"type": "LineString", "coordinates": [[116.332622, 39.9810993], [116.3325361, 39.9810552], [116.3325845, 39.980664], [116.3326823, 39.9801519]]}}, {"type": "Feature", "properties": {"highway": "residential", "name": "", "bridge": "", "tunnel": "", "layer": "", "source": "osm"}, "geometry": {"type": "LineString", "coordinates": [[116.3319351, 39.9781432], [116.3322351, 39.9785011], [116.3323879, 39.9789646]]}}, {"type": "Feature", "properties": {"highway": "footway", "name": "", "bridge": "", "tunnel": "", "layer": "", "source": "osm"}, "geometry": {"type": "LineString", "coordinates": [[116.3323879, 39.9789646], [116.3324529, 39.9789089], [116.3327175, 39.9789285], [116.332804, 39.9782222]]}}, {"type": "Feature", "properties": {"highway": "residential", "name": "", "bridge": "", "tunnel": "", "layer": "", "source": "osm"}, "geometry": {"type": "LineString", "coordinates": [[116.332622, 39.9810993], [116.3326797, 39.9811494], [116.3320654, 39.9845102], [116.331942, 39.9845565], [116.331347, 39.9845346]]}}, {"type": "Feature", "properties": {"highway": "residential", "name": "", "bridge": "", "tunnel": "", "layer": "", "source": "osm"}, "geometry": {"type": "LineString", "coordinates": [[116.3326823, 39.9801519], [116.3327696, 39.980189], [116.3326892, 39.9806702], [116.332622, 39.9810993]]}}, {"type": "Feature", "properties": {"highway": "residential", "name": "", "bridge": "", "tunnel": "", "layer": "", "source": "osm"}, "geometry": {"type": "LineString", "coordinates": [[116.331347, 39.9845346], [116.3310626, 39.9845503], [116.3295918, 39.9845145], [116.328867, 39.9845008], [116.3288051, 39.9845641]]}}, {"type": "Feature", "properties": {"highway": "residential", "name": "", "bridge": "", "tunnel": "", "layer": "", "source": "osm"}, "geometry": {"type": "LineString", "coordinates": [[116.3284236, 39.9845417], [116.3287327, 39.9844547], [116.3296224, 39.9844373], [116.3310345, 39.9845074], [116.331347, 39.9845346]]}}, {"type": "Feature", "properties": {"highway": "service", "name": "", "bridge": "", "tunnel": "", "layer": "", "source": "osm"}, "geometry": {"type": "LineString", "coordinates": [[116.3296681, 39.9832477], [116.3301497, 39.9832578], [116.330292, 39.9830737], [116.3303004, 39.9828878], [116.3300042, 39.9828856], [116.3296813, 39.9828833]]}}, {"type": "Feature", "properties": {"highway": "cycleway", "name": "", "bridge": "", "tunnel": "", "layer": "", "source": "osm"}, "geometry": {"type": "LineString", "coordinates": [[116.328814, 39.9814769], [116.3287536, 39.9820609], [116.3286563, 39.9830021]]}}, {"type": "Feature", "properties": {"highway": "residential", "name": "", "bridge": "", "tunnel": "", "layer": "", "source": "osm"}, "geometry": {"type": "LineString", "coordinates": [[116.3286563, 39.9830021], [116.3296681, 39.9832477]]}}, {"type": "Feature", "properties": {"highway": "cycleway", "name": "", "bridge": "", "tunnel": "", "layer": "", "source": "osm"}, "geometry": {"type": "LineString", "coordinates": [[116.3287536, 39.9820609], [116.3290364, 39.9820749], [116.3291014, 39.9819596], [116.3297107, 39.9819824], [116.3303123, 39.982008]]}}, {"type": "Feature", "properties": {"highway": "residential", "name": "", "bridge": "", "tunnel": "", "layer": "", "source": "osm"}, "geometry": {"type": "LineString", "coordinates": [[116.3303423, 39.9815449], [116.3303123, 39.982008], [116.3302828, 39.9824635], [116.3300841, 39.9824635], [116.3300414, 39.9825034], [116.3300135, 39.9825475], [116.3300042, 39.9828856]]}}, {"type": "Feature", "properties": {"highway": "residential", "name": "", "bridge": "", "tunnel": "", "layer": "", "source": "osm"}, "geometry": {"type": "LineString", "coordinates": [[116.328814, 39.9814769], [116.3297309, 39.9815177], [116.3303423, 39.9815449], [116.3308517, 39.9815676], [116.3315676, 39.9815995]]}}, {"type": "Feature", "properties": {"highway": "residential", "name": "", "bridge": "", "tunnel": "", "layer": "", "source": "osm"}, "geometry": {"type": "LineString", "coordinates": [[116.3281818, 39.9814491], [116.3286649, 39.9810979]]}}, {"type": "Feature", "properties": {"highway": "residential", "name": "", "bridge": "", "tunnel": "", "layer": "", "source": "osm"}, "geometry": {"type": "LineString", "coordinates": [[116.3112372, 39.9922958], [116.3121705, 39.9923178]]}}, {"type": "Feature", "properties": {"highway": "service", "name": "", "bridge": "", "tunnel": "", "layer": "-1", "source": "osm"}, "geometry": {"type": "LineString", "coordinates": [[116.3121902, 39.9920284], [116.3108703, 39.9919795], [116.3102951, 39.9919545], [116.3099868, 39.9919449], [116.309964, 39.9924641], [116.3100104, 39.9925566], [116.3108206, 39.9925805], [116.3108325, 39.9925499], [116.3108504, 39.9923563]]}}, {"type": "Feature", "properties": {"highway": "service", "name": "", "bridge": "", "tunnel": "", "layer": "", "source": "osm"}, "geometry": {"type": "LineString", "coordinates": [[116.3108504, 39.9923563], [116.3108703, 39.9919795]]}}, {"type": "Feature", "properties": {"highway": "residential", "name": "", "bridge": "", "tunnel": "", "layer": "", "source": "osm"}, "geometry": {"type": "LineString", "coordinates": [[116.3136984, 39.9910052], [116.3136934, 39.9910885], [116.3136893, 39.9911638], [116.3136331, 39.992208], [116.3136002, 39.9926957]]}}, {"type": "Feature", "properties": {"highway": "service", "name": "", "bridge": "", "tunnel": "", "layer": "", "source": "osm"}, "geometry": {"type": "LineString", "coordinates": [[116.3094547, 39.9940965], [116.3096714, 39.9939891], [116.3099166, 39.9939264], [116.3102346, 39.9938812], [116.3104663, 39.9938812], [116.3105991, 39.9943177], [116.3107008, 39.9946519], [116.3108115, 39.9950156]]}}, {"type": "Feature", "properties": {"highway": "service", "name": "", "bridge": "", "tunnel": "", "layer": "", "source": "osm"}, "geometry": {"type": "LineString", "coordinates": [[116.3104663, 39.9938812], [116.311411, 39.9939438], [116.3113733, 39.99425], [116.311336, 39.9945522], [116.3113198, 39.9946835], [116.3112793, 39.9950121], [116.3111705, 39.9950137], [116.3108115, 39.9950156], [116.3102982, 39.9950261], [116.3102767, 39.9952596], [116.3102475, 39.9955779], [116.3111052, 39.9956103], [116.3111394, 39.9952977], [116.3111705, 39.9950137]]}}, {"type": "Feature", "properties": {"highway": "service", "name": "", "bridge": "", "tunnel": "", "layer": "", "source": "osm"}, "geometry": {"type": "LineString", "coordinates": [[116.3111052, 39.9956103], [116.311957, 39.9956496], [116.3127846, 39.9956848], [116.3127982, 39.99568], [116.312808, 39.9956224], [116.3128159, 39.9953762], [116.3119949, 39.9953465], [116.311957, 39.9956496]]}}, {"type": "Feature", "properties": {"highway": "service", "name": "", "bridge": "", "tunnel": "", "layer": "", "source": "osm"}, "geometry": {"type": "LineString", "coordinates": [[116.3102767, 39.9952596], [116.3111394, 39.9952977], [116.3119949, 39.9953465]]}}, {"type": "Feature", "properties": {"highway": "service", "name": "", "bridge": "", "tunnel": "", "layer": "", "source": "osm"}, "geometry": {"type": "LineString", "coordinates": [[116.3119949, 39.9953465], [116.3119821, 39.9950357], [116.3134244, 39.995077]]}}, {"type": "Feature", "properties": {"highway": "service", "name": "", "bridge": "", "tunnel": "", "layer": "", "source": "osm"}, "geometry": {"type": "LineString", "coordinates": [[116.3119821, 39.9950357], [116.3120321, 39.9946586], [116.3120321, 39.9946262], [116.3120052, 39.9946114], [116.3119667, 39.9946114], [116.311336, 39.9945522]]}}, {"type": "Feature", "properties": {"highway": "service", "name": "", "bridge": "", "tunnel": "", "layer": "", "source": "osm"}, "geometry": {"type": "LineString", "coordinates": [[116.3107008, 39.9946519], [116.3113198, 39.9946835]]}}, {"type": "Feature", "properties": {"highway": "service", "name": "", "bridge": "", "tunnel": "", "layer": "", "source": "osm"}, "geometry": {"type": "LineString", "coordinates": [[116.3105991, 39.9943177], [116.3113733, 39.99425]]}}, {"type": "Feature", "properties": {"highway": "service", "name": "", "bridge": "", "tunnel": "", "layer": "", "source": "osm"}, "geometry": {"type": "LineString", "coordinates": [[116.311336, 39.9945522], [116.3119821, 39.9950357]]}}, {"type": "Feature", "properties": {"highway": "service", "name": "", "bridge": "", "tunnel": "", "layer": "", "source": "osm"}, "geometry": {"type": "LineString", "coordinates": [[116.3127982, 39.99568], [116.3131435, 39.9956937], [116.3131475, 39.9956225]]}}, {"type": "Feature", "properties": {"highway": "service", "name": "", "bridge": "", "tunnel": "", "layer": "", "source": "osm"}, "geometry": {"type": "LineString", "coordinates": [[116.312808, 39.9956224], [116.3131475, 39.9956225], [116.3135486, 39.9956325]]}}, {"type": "Feature", "properties": {"highway": "service", "name": "", "bridge": "", "tunnel": "", "layer": "", "source": "osm"}, "geometry": {"type": "LineString", "coordinates": [[116.3128159, 39.9953762], [116.3135552, 39.9953952]]}}, {"type": "Feature", "properties": {"highway": "residential", "name": "", "bridge": "", "tunnel": "", "layer": "", "source": "osm"}, "geometry": {"type": "LineString", "coordinates": [[116.311957, 39.9956496], [116.3119186, 39.9960592]]}}, {"type": "Feature", "properties": {"highway": "service", "name": "", "bridge": "", "tunnel": "", "layer": "", "source": "osm"}, "geometry": {"type": "LineString", "coordinates": [[116.333594, 39.975374], [116.3317893, 39.9754194]]}}, {"type": "Feature", "properties": {"highway": "footway", "name": "", "bridge": "", "tunnel": "", "layer": "", "source": "osm"}, "geometry": {"type": "LineString", "coordinates": [[116.3322699, 39.9782099], [116.3319351, 39.9781432]]}}, {"type": "Feature", "properties": {"highway": "path", "name": "", "bridge": "", "tunnel": "", "layer": "", "source": "osm"}, "geometry": {"type": "LineString", "coordinates": [[116.3008393, 39.9817436], [116.3011444, 39.9818031], [116.3010889, 39.9819707], [116.3012137, 39.9820014], [116.3013292, 39.9820403], [116.3014725, 39.9821171], [116.301471, 39.9822103], [116.3014694, 39.982254]]}}, {"type": "Feature", "properties": {"highway": "footway", "name": "", "bridge": "", "tunnel": "", "layer": "", "source": "osm"}, "geometry": {"type": "LineString", "coordinates": [[116.301219, 39.9836437], [116.300317, 39.9836237]]}}, {"type": "Feature", "properties": {"highway": "path", "name": "", "bridge": "", "tunnel": "", "layer": "", "source": "osm"}, "geometry": {"type": "LineString", "coordinates": [[116.3018238, 39.9827433], [116.30195, 39.9827191]]}}, {"type": "Feature", "properties": {"highway": "path", "name": "", "bridge": "", "tunnel": "", "layer": "", "source": "osm"}, "geometry": {"type": "LineString", "coordinates": [[116.301219, 39.9836437], [116.3012976, 39.9832307]]}}, {"type": "Feature", "properties": {"highway": "footway", "name": "", "bridge": "", "tunnel": "", "layer": "", "source": "osm"}, "geometry": {"type": "LineString", "coordinates": [[116.3009821, 39.9812296], [116.3011115, 39.9812322], [116.3019194, 39.9812555], [116.3019591, 39.9812591], [116.3019684, 39.9815364], [116.3019521, 39.9823004], [116.30195, 39.9827191]]}}, {"type": "Feature", "properties": {"highway": "footway", "name": "", "bridge": "", "tunnel": "", "layer": "", "source": "osm"}, "geometry": {"type": "LineString", "coordinates": [[116.30195, 39.9827191], [116.3019451, 39.9836619], [116.301285, 39.983648], [116.301219, 39.9836437]]}}, {"type": "Feature", "properties": {"highway": "pedestrian", "name": "中关村创业大街", "bridge": "", "tunnel": "", "layer": "", "source": "osm"}, "geometry": {"type": "LineString", "coordinates": [[116.3008393, 39.9817436], [116.3003667, 39.9834449], [116.300317, 39.9836237]]}}, {"type": "Feature", "properties": {"highway": "pedestrian", "name": "中关村创业大街", "bridge": "", "tunnel": "", "layer": "", "source": "osm"}, "geometry": {"type": "LineString", "coordinates": [[116.300317, 39.9836237], [116.3003046, 39.9836683]]}}, {"type": "Feature", "properties": {"highway": "footway", "name": "", "bridge": "", "tunnel": "", "layer": "", "source": "osm"}, "geometry": {"type": "LineString", "coordinates": [[116.300317, 39.9836237], [116.2999443, 39.9836061], [116.2997902, 39.9834881], [116.2997155, 39.9832948], [116.2997739, 39.9827921], [116.2998278, 39.9826016], [116.2998672, 39.9818268], [116.2998852, 39.9812376], [116.3009821, 39.9812296]]}}, {"type": "Feature", "properties": {"highway": "pedestrian", "name": "中关村创业大街", "bridge": "", "tunnel": "", "layer": "", "source": "osm"}, "geometry": {"type": "LineString", "coordinates": [[116.3009821, 39.9812296], [116.3008393, 39.9817436]]}}, {"type": "Feature", "properties": {"highway": "residential", "name": "", "bridge": "", "tunnel": "", "layer": "", "source": "osm"}, "geometry": {"type": "LineString", "coordinates": [[116.315926, 39.996173], [116.3143319, 39.996064], [116.3143426, 39.9957968], [116.314772, 39.9955258], [116.3149087, 39.9954723], [116.3150402, 39.9941804], [116.3150736, 39.9938349], [116.3151094, 39.9934857], [116.3151421, 39.993166], [116.3152081, 39.9925212], [116.3151877, 39.9923085], [116.3150044, 39.9921247], [116.3149054, 39.9920613]]}}, {"type": "Feature", "properties": {"highway": "residential", "name": "", "bridge": "", "tunnel": "", "layer": "", "source": "osm"}, "geometry": {"type": "LineString", "coordinates": [[116.3358694, 39.9893004], [116.3358317, 39.9892992], [116.335778, 39.9892976], [116.3353977, 39.9892858], [116.3350815, 39.989276], [116.3351057, 39.9888568], [116.3351318, 39.9884875], [116.3346346, 39.9884745], [116.3346073, 39.9889164], [116.3346011, 39.9890249], [116.3345863, 39.9892813], [116.3345611, 39.9895943], [116.3345551, 39.9896646], [116.3360282, 39.9896948], [116.3360504, 39.9896953]]}}, {"type": "Feature", "properties": {"highway": "living_street", "name": "", "bridge": "", "tunnel": "", "layer": "", "source": "osm"}, "geometry": {"type": "LineString", "coordinates": [[116.3358694, 39.9893004], [116.3358851, 39.9890594], [116.3359057, 39.9887448]]}}, {"type": "Feature", "properties": {"highway": "residential", "name": "海淀北一街", "bridge": "", "tunnel": "", "layer": "", "source": "osm"}, "geometry": {"type": "LineString", "coordinates": [[116.3076642, 39.9828466], [116.3066061, 39.9827939], [116.3050007, 39.9827228], [116.3048681, 39.9827169], [116.3047717, 39.9827122], [116.3046396, 39.9827093], [116.3034587, 39.9826836], [116.3033397, 39.982681]]}}, {"type": "Feature", "properties": {"highway": "residential", "name": "海淀北二街", "bridge": "", "tunnel": "", "layer": "-1", "source": "osm"}, "geometry": {"type": "LineString", "coordinates": [[116.3022197, 39.9819242], [116.3032148, 39.9819305], [116.3033804, 39.9819316], [116.3034678, 39.9819341], [116.3047141, 39.9819697], [116.3048315, 39.9819731], [116.3049244, 39.9819775], [116.3050342, 39.9819819], [116.3061832, 39.9820276], [116.306634, 39.9820455], [116.3075221, 39.9820653], [116.3076391, 39.9820679], [116.3077478, 39.9820732], [116.3078771, 39.9820742], [116.3088298, 39.9820816]]}}, {"type": "Feature", "properties": {"highway": "unclassified", "name": "", "bridge": "", "tunnel": "", "layer": "", "source": "osm"}, "geometry": {"type": "LineString", "coordinates": [[116.3272884, 39.9789727], [116.3271727, 39.9789738], [116.3267745, 39.9789843], [116.3264245, 39.9789817], [116.3264127, 39.9787372], [116.3261044, 39.9787315], [116.3255223, 39.9787207]]}}, {"type": "Feature", "properties": {"highway": "unclassified", "name": "", "bridge": "", "tunnel": "", "layer": "", "source": "osm"}, "geometry": {"type": "LineString", "coordinates": [[116.3261044, 39.9787315], [116.3261046, 39.9784705], [116.3257965, 39.9781517], [116.3258212, 39.9773348], [116.3262297, 39.9773295], [116.3266899, 39.9773338], [116.3266843, 39.9773912], [116.3266377, 39.9778667], [116.326605, 39.9782004], [116.3267301, 39.9782013], [116.3267745, 39.9789843]]}}, {"type": "Feature", "properties": {"highway": "unclassified", "name": "", "bridge": "", "tunnel": "", "layer": "", "source": "osm"}, "geometry": {"type": "LineString", "coordinates": [[116.3264127, 39.9787372], [116.3264251, 39.9781635], [116.326605, 39.9782004]]}}, {"type": "Feature", "properties": {"highway": "service", "name": "", "bridge": "", "tunnel": "", "layer": "", "source": "osm"}, "geometry": {"type": "LineString", "coordinates": [[116.3147911, 39.9897421], [116.3147646, 39.9899093], [116.3144615, 39.9899093]]}}, {"type": "Feature", "properties": {"highway": "service", "name": "", "bridge": "", "tunnel": "", "layer": "", "source": "osm"}, "geometry": {"type": "LineString", "coordinates": [[116.3148085, 39.9895531], [116.3147911, 39.9897421]]}}, {"type": "Feature", "properties": {"highway": "residential", "name": "", "bridge": "", "tunnel": "", "layer": "", "source": "osm"}, "geometry": {"type": "LineString", "coordinates": [[116.3297143, 39.9817414], [116.3297117, 39.9819346]]}}, {"type": "Feature", "properties": {"highway": "residential", "name": "", "bridge": "", "tunnel": "", "layer": "", "source": "osm"}, "geometry": {"type": "LineString", "coordinates": [[116.3297309, 39.9815177], [116.3297143, 39.9817414]]}}, {"type": "Feature", "properties": {"highway": "service", "name": "", "bridge": "", "tunnel": "", "layer": "", "source": "osm"}, "geometry": {"type": "LineString", "coordinates": [[116.3194001, 39.9918713], [116.3194019, 39.9919309]]}}, {"type": "Feature", "properties": {"highway": "service", "name": "", "bridge": "", "tunnel": "", "layer": "", "source": "osm"}, "geometry": {"type": "LineString", "coordinates": [[116.3194408, 39.9912973], [116.319432, 39.991399], [116.3194269, 39.9914583]]}}, {"type": "Feature", "properties": {"highway": "service", "name": "", "bridge": "", "tunnel": "", "layer": "", "source": "osm"}, "geometry": {"type": "LineString", "coordinates": [[116.3180375, 39.9918159], [116.318035, 39.9918872]]}}, {"type": "Feature", "properties": {"highway": "service", "name": "", "bridge": "", "tunnel": "", "layer": "", "source": "osm"}, "geometry": {"type": "LineString", "coordinates": [[116.318059, 39.9914193], [116.3180548, 39.9915027], [116.3180375, 39.9918159]]}}, {"type": "Feature", "properties": {"highway": "service", "name": "", "bridge": "", "tunnel": "", "layer": "", "source": "osm"}, "geometry": {"type": "LineString", "coordinates": [[116.3264446, 39.9892443], [116.32658, 39.9889757], [116.3267088, 39.9888993]]}}, {"type": "Feature", "properties": {"highway": "service", "name": "", "bridge": "", "tunnel": "", "layer": "", "source": "osm"}, "geometry": {"type": "LineString", "coordinates": [[116.3265411, 39.9894513], [116.3264391, 39.9894011], [116.3264446, 39.9892443]]}}, {"type": "Feature", "properties": {"highway": "service", "name": "", "bridge": "", "tunnel": "", "layer": "", "source": "osm"}, "geometry": {"type": "LineString", "coordinates": [[116.3119865, 39.9848081], [116.3129111, 39.9848396], [116.3138817, 39.9848484], [116.3138562, 39.9851403], [116.3138332, 39.985383], [116.3137962, 39.9856125], [116.3137806, 39.9857619], [116.3132017, 39.9857209], [116.3129241, 39.9857], [116.3127227, 39.9856849], [116.3124432, 39.9856639], [116.311894, 39.9856226], [116.3119106, 39.9854767], [116.31193, 39.9853056], [116.3119604, 39.9850376], [116.3119865, 39.9848081]]}}, {"type": "Feature", "properties": {"highway": "service", "name": "", "bridge": "", "tunnel": "", "layer": "", "source": "osm"}, "geometry": {"type": "LineString", "coordinates": [[116.3127227, 39.9856849], [116.3127623, 39.9853299], [116.3127805, 39.9850954], [116.3128063, 39.9848838], [116.3129111, 39.9848396]]}}, {"type": "Feature", "properties": {"highway": "service", "name": "", "bridge": "", "tunnel": "", "layer": "", "source": "osm"}, "geometry": {"type": "LineString", "coordinates": [[116.31193, 39.9853056], [116.3127623, 39.9853299], [116.3129494, 39.9853437], [116.3138332, 39.985383], [116.3141906, 39.9853977], [116.3145609, 39.9854223], [116.3152328, 39.9854621]]}}, {"type": "Feature", "properties": {"highway": "service", "name": "", "bridge": "", "tunnel": "", "layer": "", "source": "osm"}, "geometry": {"type": "LineString", "coordinates": [[116.3119604, 39.9850376], [116.3127805, 39.9850954], [116.3129705, 39.9851121], [116.3138562, 39.9851403]]}}, {"type": "Feature", "properties": {"highway": "service", "name": "", "bridge": "", "tunnel": "", "layer": "", "source": "osm"}, "geometry": {"type": "LineString", "coordinates": [[116.3129111, 39.9848396], [116.3129946, 39.9848903], [116.3129705, 39.9851121], [116.3129494, 39.9853437], [116.3129241, 39.9857]]}}, {"type": "Feature", "properties": {"highway": "tertiary_link", "name": "", "bridge": "", "tunnel": "", "layer": "", "source": "osm"}, "geometry": {"type": "LineString", "coordinates": [[116.3022438, 39.9836346], [116.3022055, 39.9836634], [116.3020902, 39.9836665], [116.3020366, 39.9836387]]}}, {"type": "Feature", "properties": {"highway": "footway", "name": "", "bridge": "", "tunnel": "", "layer": "", "source": "osm"}, "geometry": {"type": "LineString", "coordinates": [[116.3374373, 39.9705895], [116.3368891, 39.9705087], [116.3373865, 39.9698743], [116.3380023, 39.9690887], [116.3383353, 39.9685382], [116.338563, 39.9681617], [116.3387011, 39.9678809], [116.3389001, 39.9673703], [116.3390187, 39.9670658], [116.3390812, 39.9669055], [116.3391558, 39.9667312]]}}, {"type": "Feature", "properties": {"highway": "residential", "name": "", "bridge": "", "tunnel": "", "layer": "", "source": "osm"}, "geometry": {"type": "LineString", "coordinates": [[116.3378168, 39.9738457], [116.3378048, 39.9733867], [116.3377945, 39.9729928]]}}, {"type": "Feature", "properties": {"highway": "service", "name": "", "bridge": "", "tunnel": "", "layer": "", "source": "osm"}, "geometry": {"type": "LineString", "coordinates": [[116.3378048, 39.9733867], [116.3363855, 39.9733655], [116.3359283, 39.9733587], [116.3358852, 39.9733336], [116.3358475, 39.9733002], [116.3358359, 39.9732596], [116.3358351, 39.9732149], [116.3358689, 39.9729578], [116.3358804, 39.9729324], [116.3359079, 39.9729045], [116.3359414, 39.9728884], [116.3359814, 39.9728846], [116.3377945, 39.9729928]]}}, {"type": "Feature", "properties": {"highway": "residential", "name": "", "bridge": "", "tunnel": "", "layer": "", "source": "osm"}, "geometry": {"type": "LineString", "coordinates": [[116.337446, 39.9727903], [116.3374781, 39.9723412], [116.3374674, 39.972111], [116.3373494, 39.971889], [116.3373761, 39.9713422]]}}, {"type": "Feature", "properties": {"highway": "service", "name": "", "bridge": "", "tunnel": "", "layer": "", "source": "osm"}, "geometry": {"type": "LineString", "coordinates": [[116.3373761, 39.9713422], [116.3370033, 39.9713298], [116.3367378, 39.971743], [116.3370105, 39.9718424], [116.3373578, 39.9718209]]}}, {"type": "Feature", "properties": {"highway": "residential", "name": "", "bridge": "", "tunnel": "", "layer": "", "source": "osm"}, "geometry": {"type": "LineString", "coordinates": [[116.3373838, 39.9712868], [116.337407, 39.9709163], [116.3374928, 39.9708217], [116.3379756, 39.9707642], [116.3384423, 39.9707806], [116.3384469, 39.9706116]]}}, {"type": "Feature", "properties": {"highway": "service", "name": "", "bridge": "", "tunnel": "", "layer": "", "source": "osm"}, "geometry": {"type": "LineString", "coordinates": [[116.3348829, 39.9747029], [116.3346938, 39.9746015], [116.3345039, 39.9745191], [116.3344091, 39.9745025]]}}, {"type": "Feature", "properties": {"highway": "tertiary", "name": "", "bridge": "", "tunnel": "", "layer": "", "source": "osm"}, "geometry": {"type": "LineString", "coordinates": [[116.3365228, 39.9747771], [116.3365563, 39.9747769], [116.3371491, 39.9747694], [116.3372214, 39.9748296], [116.3372222, 39.9749112], [116.3372222, 39.9749512], [116.3372207, 39.9750524]]}}, {"type": "Feature", "properties": {"highway": "footway", "name": "", "bridge": "", "tunnel": "", "layer": "", "source": "osm"}, "geometry": {"type": "LineString", "coordinates": [[116.3377945, 39.9729928], [116.3377967, 39.9728809], [116.3377985, 39.9727946]]}}, {"type": "Feature", "properties": {"highway": "footway", "name": "", "bridge": "", "tunnel": "", "layer": "", "source": "osm"}, "geometry": {"type": "LineString", "coordinates": [[116.3377967, 39.9728809], [116.3382143, 39.9728809], [116.3382143, 39.9727947]]}}, {"type": "Feature", "properties": {"highway": "service", "name": "", "bridge": "", "tunnel": "", "layer": "", "source": "osm"}, "geometry": {"type": "LineString", "coordinates": [[116.3087194, 39.9958471], [116.3087524, 39.9951908], [116.3084458, 39.9951757], [116.3080584, 39.9951566], [116.3074395, 39.9951261], [116.307357, 39.995122], [116.3073258, 39.9951205], [116.3071571, 39.9957356], [116.3080065, 39.9957962], [116.3087194, 39.9958471], [116.3089387, 39.9958631], [116.3091165, 39.9958754]]}}, {"type": "Feature", "properties": {"highway": "pedestrian", "name": "", "bridge": "", "tunnel": "", "layer": "", "source": "osm"}, "geometry": {"type": "LineString", "coordinates": [[116.3266803, 39.9950591], [116.3267333, 39.9950217], [116.3267391, 39.9948712], [116.3267524, 39.9945231], [116.326754, 39.9944914], [116.3267665, 39.9942449], [116.3267048, 39.9942022], [116.3265984, 39.9942034], [116.3265354, 39.99424], [116.3265217, 39.9944736], [116.3265191, 39.9945182], [116.3264981, 39.9948638], [116.3264895, 39.9950055], [116.326517, 39.9950396], [116.3265382, 39.9950607], [116.3266124, 39.9950835], [116.3266803, 39.9950591]]}}, {"type": "Feature", "properties": {"highway": "service", "name": "", "bridge": "", "tunnel": "", "layer": "", "source": "osm"}, "geometry": {"type": "LineString", "coordinates": [[116.3053217, 39.9699126], [116.3053028, 39.9701441], [116.3052458, 39.9704651], [116.3052222, 39.9705979], [116.305189, 39.9707849], [116.3051489, 39.9710107], [116.3051343, 39.9710927], [116.3050777, 39.9714117], [116.30502, 39.9717362], [116.3050069, 39.9718101], [116.3049873, 39.9719203], [116.3049802, 39.9719603]]}}, {"type": "Feature", "properties": {"highway": "residential", "name": "汇贤路", "bridge": "", "tunnel": "", "layer": "", "source": "osm"}, "geometry": {"type": "LineString", "coordinates": [[116.3042641, 39.9698266], [116.3053217, 39.9699126], [116.3061189, 39.9699696], [116.3065183, 39.9699984], [116.3071014, 39.9700405], [116.3080145, 39.9701064], [116.3091599, 39.970189], [116.3095482, 39.970217], [116.3101531, 39.9702586], [116.3106386, 39.9702165], [116.3109038, 39.9701683]]}}, {"type": "Feature", "properties": {"highway": "service", "name": "", "bridge": "", "tunnel": "", "layer": "", "source": "osm"}, "geometry": {"type": "LineString", "coordinates": [[116.3087692, 39.9719917], [116.3080374, 39.9719476], [116.3077454, 39.9719331], [116.3068904, 39.971901], [116.3064481, 39.9718654], [116.3060057, 39.9718298], [116.30502, 39.9717362]]}}, {"type": "Feature", "properties": {"highway": "service", "name": "", "bridge": "", "tunnel": "", "layer": "", "source": "osm"}, "geometry": {"type": "LineString", "coordinates": [[116.3068904, 39.971901], [116.3069418, 39.9715354], [116.3069447, 39.9715049], [116.3069732, 39.9712086], [116.3069921, 39.9710132], [116.3069975, 39.9709564], [116.3070047, 39.9708921], [116.3070598, 39.9704007], [116.307075, 39.9702651], [116.3071014, 39.9700405]]}}, {"type": "Feature", "properties": {"highway": "footway", "name": "", "bridge": "", "tunnel": "", "layer": "", "source": "osm"}, "geometry": {"type": "LineString", "coordinates": [[116.3053217, 39.9699126], [116.3053336, 39.9698229], [116.3054385, 39.9690327]]}}, {"type": "Feature", "properties": {"highway": "footway", "name": "", "bridge": "", "tunnel": "", "layer": "", "source": "osm"}, "geometry": {"type": "LineString", "coordinates": [[116.3023269, 39.96861], [116.301804, 39.9685714], [116.3012845, 39.968533], [116.3012442, 39.9688595], [116.3011354, 39.9688549]]}}, {"type": "Feature", "properties": {"highway": "service", "name": "", "bridge": "", "tunnel": "", "layer": "", "source": "osm"}, "geometry": {"type": "LineString", "coordinates": [[116.3080145, 39.9701064], [116.3079917, 39.9703291], [116.3079471, 39.9707662], [116.3079275, 39.9709585], [116.3079154, 39.9710771], [116.3078995, 39.9712327], [116.3078958, 39.9712686], [116.3078883, 39.9713421], [116.3078678, 39.9714799], [116.3078459, 39.9715687], [116.3077454, 39.9719331]]}}, {"type": "Feature", "properties": {"highway": "residential", "name": "", "bridge": "", "tunnel": "", "layer": "", "source": "osm"}, "geometry": {"type": "LineString", "coordinates": [[116.3056065, 39.9673997], [116.3057107, 39.9666393], [116.3057803, 39.9662397]]}}, {"type": "Feature", "properties": {"highway": "residential", "name": "", "bridge": "", "tunnel": "", "layer": "", "source": "osm"}, "geometry": {"type": "LineString", "coordinates": [[116.3057107, 39.9666393], [116.3049226, 39.9665471], [116.3049715, 39.9661438], [116.3057803, 39.9662397], [116.306838, 39.966381], [116.3067675, 39.9669489], [116.3066982, 39.9674684]]}}, {"type": "Feature", "properties": {"highway": "service", "name": "", "bridge": "", "tunnel": "", "layer": "", "source": "osm"}, "geometry": {"type": "LineString", "coordinates": [[116.3079338, 39.967548], [116.308035, 39.9670441]]}}, {"type": "Feature", "properties": {"highway": "service", "name": "友谊路", "bridge": "", "tunnel": "", "layer": "", "source": "osm"}, "geometry": {"type": "LineString", "coordinates": [[116.3067675, 39.9669489], [116.308035, 39.9670441], [116.3096863, 39.9671477], [116.3101506, 39.9671528], [116.3108205, 39.9671833], [116.3116377, 39.9673023], [116.3119727, 39.9673511], [116.3126113, 39.967444], [116.3132097, 39.9675374], [116.3130965, 39.9680096]]}}, {"type": "Feature", "properties": {"highway": "service", "name": "", "bridge": "", "tunnel": "", "layer": "", "source": "osm"}, "geometry": {"type": "LineString", "coordinates": [[116.3096025, 39.9676744], [116.3096863, 39.9671477]]}}, {"type": "Feature", "properties": {"highway": "service", "name": "", "bridge": "", "tunnel": "", "layer": "", "source": "osm"}, "geometry": {"type": "LineString", "coordinates": [[116.3023682, 39.9682975], [116.3018133, 39.9682574], [116.3013796, 39.9682253]]}}, {"type": "Feature", "properties": {"highway": "service", "name": "", "bridge": "", "tunnel": "", "layer": "", "source": "osm"}, "geometry": {"type": "LineString", "coordinates": [[116.3018133, 39.9682574], [116.3018596, 39.967903], [116.3019058, 39.9675488], [116.3024622, 39.9675868]]}}, {"type": "Feature", "properties": {"highway": "footway", "name": "", "bridge": "", "tunnel": "", "layer": "", "source": "osm"}, "geometry": {"type": "LineString", "coordinates": [[116.3018596, 39.967903], [116.3024154, 39.9679409]]}}, {"type": "Feature", "properties": {"highway": "service", "name": "", "bridge": "", "tunnel": "", "layer": "", "source": "osm"}, "geometry": {"type": "LineString", "coordinates": [[116.3045893, 39.9713786], [116.3045418, 39.9717276]]}}, {"type": "Feature", "properties": {"highway": "service", "name": "", "bridge": "", "tunnel": "", "layer": "", "source": "osm"}, "geometry": {"type": "LineString", "coordinates": [[116.304292, 39.9718639], [116.3042738, 39.9719341], [116.3042475, 39.9720358], [116.3041516, 39.9720315], [116.3040966, 39.9724169], [116.3041314, 39.9724645], [116.3040401, 39.9733031]]}}, {"type": "Feature", "properties": {"highway": "service", "name": "", "bridge": "", "tunnel": "", "layer": "", "source": "osm"}, "geometry": {"type": "LineString", "coordinates": [[116.3051779, 39.9719902], [116.3051697, 39.972042], [116.3049549, 39.973371], [116.3040401, 39.9733031], [116.3038793, 39.973296], [116.303819, 39.9738582], [116.3038632, 39.9738869], [116.3038506, 39.9740179], [116.3038485, 39.9740803], [116.3038415, 39.9742924], [116.3038385, 39.9743816]]}}, {"type": "Feature", "properties": {"highway": "service", "name": "", "bridge": "", "tunnel": "", "layer": "", "source": "osm"}, "geometry": {"type": "LineString", "coordinates": [[116.3094073, 39.9732184], [116.3094309, 39.97322], [116.3098256, 39.9732468], [116.3107542, 39.9733161], [116.311072, 39.9733449], [116.3111505, 39.9733684], [116.3114154, 39.9734474], [116.3116009, 39.9735452], [116.3116899, 39.9735631], [116.3118299, 39.9735913]]}}, {"type": "Feature", "properties": {"highway": "service", "name": "", "bridge": "", "tunnel": "", "layer": "", "source": "osm"}, "geometry": {"type": "LineString", "coordinates": [[116.3084569, 39.9735521], [116.3084963, 39.97316], [116.3085194, 39.9728498], [116.308903, 39.9728721], [116.3092043, 39.9728918], [116.3094636, 39.9729088], [116.3097536, 39.9729241], [116.3098685, 39.9729333], [116.3098256, 39.9732468], [116.3097753, 39.973649], [116.3093818, 39.9736201], [116.3090912, 39.9735987], [116.3088276, 39.9735793], [116.3084569, 39.9735521]]}}, {"type": "Feature", "properties": {"highway": "service", "name": "", "bridge": "", "tunnel": "", "layer": "", "source": "osm"}, "geometry": {"type": "LineString", "coordinates": [[116.3085194, 39.9728498], [116.3085277, 39.9727559], [116.3081977, 39.9727387], [116.3082029, 39.9726861], [116.3062065, 39.972539]]}}, {"type": "Feature", "properties": {"highway": "service", "name": "", "bridge": "", "tunnel": "", "layer": "", "source": "osm"}, "geometry": {"type": "LineString", "coordinates": [[116.3084569, 39.9735521], [116.3082157, 39.9735343], [116.3080156, 39.9737028], [116.3060928, 39.9735554], [116.3060976, 39.9735418], [116.3061308, 39.9732836], [116.3061619, 39.9729588], [116.3062065, 39.972539], [116.3062358, 39.9722746], [116.3060895, 39.972232], [116.3060886, 39.9721615], [116.3060891, 39.9721089]]}}, {"type": "Feature", "properties": {"highway": "service", "name": "", "bridge": "", "tunnel": "", "layer": "", "source": "osm"}, "geometry": {"type": "LineString", "coordinates": [[116.3060928, 39.9735554], [116.306038, 39.9736194], [116.3059952, 39.9736693], [116.3057528, 39.973658], [116.3057606, 39.9736011], [116.3059431, 39.9722992]]}}, {"type": "Feature", "properties": {"highway": "footway", "name": "", "bridge": "", "tunnel": "", "layer": "", "source": "osm"}, "geometry": {"type": "LineString", "coordinates": [[116.3087864, 39.9679554], [116.3088237, 39.9676072]]}}, {"type": "Feature", "properties": {"highway": "service", "name": "", "bridge": "", "tunnel": "", "layer": "", "source": "osm"}, "geometry": {"type": "LineString", "coordinates": [[116.3129202, 39.9679966], [116.3130069, 39.9681407], [116.3130589, 39.9682415], [116.3130591, 39.9683425]]}}, {"type": "Feature", "properties": {"highway": "service", "name": "", "bridge": "", "tunnel": "", "layer": "", "source": "osm"}, "geometry": {"type": "LineString", "coordinates": [[116.3095482, 39.970217], [116.3096514, 39.9693164]]}}, {"type": "Feature", "properties": {"highway": "service", "name": "", "bridge": "", "tunnel": "", "layer": "", "source": "osm"}, "geometry": {"type": "LineString", "coordinates": [[116.3109095, 39.9701216], [116.3109852, 39.9701266], [116.3119286, 39.970189], [116.3121727, 39.9702425], [116.3122591, 39.9702516], [116.312736, 39.9703021], [116.3128325, 39.9702795], [116.3129505, 39.9700122], [116.3129586, 39.9699691], [116.3132065, 39.970022]]}}, {"type": "Feature", "properties": {"highway": "service", "name": "", "bridge": "", "tunnel": "", "layer": "", "source": "osm"}, "geometry": {"type": "LineString", "coordinates": [[116.3078883, 39.9713421], [116.3085812, 39.9713648], [116.3085893, 39.9712682], [116.3096568, 39.9713257], [116.3096434, 39.9716074], [116.3097212, 39.9716855], [116.3098204, 39.9717184], [116.3107088, 39.9717599]]}}, {"type": "Feature", "properties": {"highway": "footway", "name": "", "bridge": "", "tunnel": "", "layer": "", "source": "osm"}, "geometry": {"type": "LineString", "coordinates": [[116.3065183, 39.9699984], [116.3066397, 39.9691248]]}}, {"type": "Feature", "properties": {"highway": "path", "name": "", "bridge": "", "tunnel": "", "layer": "", "source": "osm"}, "geometry": {"type": "LineString", "coordinates": [[116.3069447, 39.9715049], [116.3078459, 39.9715687]]}}, {"type": "Feature", "properties": {"highway": "footway", "name": "", "bridge": "", "tunnel": "", "layer": "", "source": "osm"}, "geometry": {"type": "LineString", "coordinates": [[116.3069732, 39.9712086], [116.3078958, 39.9712686]]}}, {"type": "Feature", "properties": {"highway": "footway", "name": "", "bridge": "", "tunnel": "", "layer": "", "source": "osm"}, "geometry": {"type": "LineString", "coordinates": [[116.3069921, 39.9710132], [116.3079154, 39.9710771]]}}, {"type": "Feature", "properties": {"highway": "footway", "name": "", "bridge": "", "tunnel": "", "layer": "", "source": "osm"}, "geometry": {"type": "LineString", "coordinates": [[116.3070047, 39.9708921], [116.3079275, 39.9709585]]}}, {"type": "Feature", "properties": {"highway": "service", "name": "", "bridge": "", "tunnel": "", "layer": "", "source": "osm"}, "geometry": {"type": "LineString", "coordinates": [[116.3059527, 39.9714635], [116.3050777, 39.9714117]]}}, {"type": "Feature", "properties": {"highway": "service", "name": "", "bridge": "", "tunnel": "", "layer": "", "source": "osm"}, "geometry": {"type": "LineString", "coordinates": [[116.3059741, 39.971149], [116.3051343, 39.9710927]]}}, {"type": "Feature", "properties": {"highway": "path", "name": "", "bridge": "", "tunnel": "", "layer": "", "source": "osm"}, "geometry": {"type": "LineString", "coordinates": [[116.3060259, 39.9706495], [116.3052222, 39.9705979]]}}, {"type": "Feature", "properties": {"highway": "service", "name": "", "bridge": "", "tunnel": "", "layer": "", "source": "osm"}, "geometry": {"type": "LineString", "coordinates": [[116.3060443, 39.9705143], [116.3052458, 39.9704651]]}}, {"type": "Feature", "properties": {"highway": "service", "name": "", "bridge": "", "tunnel": "", "layer": "", "source": "osm"}, "geometry": {"type": "LineString", "coordinates": [[116.3060695, 39.9703287], [116.3070598, 39.9704007]]}}, {"type": "Feature", "properties": {"highway": "service", "name": "", "bridge": "", "tunnel": "", "layer": "", "source": "osm"}, "geometry": {"type": "LineString", "coordinates": [[116.3079917, 39.9703291], [116.307075, 39.9702651], [116.3060879, 39.9701932], [116.3053028, 39.9701441]]}}, {"type": "Feature", "properties": {"highway": "service", "name": "", "bridge": "", "tunnel": "", "layer": "", "source": "osm"}, "geometry": {"type": "LineString", "coordinates": [[116.305999, 39.9708469], [116.305189, 39.9707849]]}}, {"type": "Feature", "properties": {"highway": "service", "name": "", "bridge": "", "tunnel": "", "layer": "", "source": "osm"}, "geometry": {"type": "LineString", "coordinates": [[116.3060546, 39.9714799], [116.3069418, 39.9715354]]}}, {"type": "Feature", "properties": {"highway": "service", "name": "", "bridge": "", "tunnel": "", "layer": "", "source": "osm"}, "geometry": {"type": "LineString", "coordinates": [[116.3059939, 39.9708845], [116.3069975, 39.9709564]]}}, {"type": "Feature", "properties": {"highway": "cycleway", "name": "", "bridge": "", "tunnel": "", "layer": "", "source": "osm"}, "geometry": {"type": "LineString", "coordinates": [[116.3087692, 39.9719917], [116.3106648, 39.972106]]}}, {"type": "Feature", "properties": {"highway": "service", "name": "", "bridge": "", "tunnel": "", "layer": "", "source": "osm"}, "geometry": {"type": "LineString", "coordinates": [[116.3050069, 39.9718101], [116.3045981, 39.9717595], [116.3045418, 39.9717276], [116.3039464, 39.9716649], [116.3030371, 39.9715519], [116.3029311, 39.9715296], [116.3008726, 39.9712517], [116.3010657, 39.9696093], [116.3011917, 39.9695292], [116.3012561, 39.9695271], [116.3012706, 39.9694226]]}}, {"type": "Feature", "properties": {"highway": "service", "name": "", "bridge": "", "tunnel": "", "layer": "", "source": "osm"}, "geometry": {"type": "LineString", "coordinates": [[116.3035127, 39.9713088], [116.303545, 39.9713109], [116.3040913, 39.9713463], [116.3044113, 39.9713671], [116.3045893, 39.9713786], [116.3050777, 39.9714117]]}}, {"type": "Feature", "properties": {"highway": "service", "name": "", "bridge": "", "tunnel": "", "layer": "", "source": "osm"}, "geometry": {"type": "LineString", "coordinates": [[116.3031475, 39.96974], [116.3042641, 39.9698266]]}}, {"type": "Feature", "properties": {"highway": "service", "name": "", "bridge": "", "tunnel": "", "layer": "", "source": "osm"}, "geometry": {"type": "LineString", "coordinates": [[116.3061189, 39.9699696], [116.3060879, 39.9701932], [116.3060695, 39.9703287], [116.3060443, 39.9705143], [116.3060259, 39.9706495], [116.305999, 39.9708469], [116.3059939, 39.9708845], [116.3059741, 39.971149], [116.3059571, 39.9713982], [116.3059527, 39.9714635], [116.3060546, 39.9714799], [116.3060057, 39.9718298]]}}, {"type": "Feature", "properties": {"highway": "service", "name": "", "bridge": "", "tunnel": "", "layer": "", "source": "osm"}, "geometry": {"type": "LineString", "coordinates": [[116.3041459, 39.9709452], [116.3051489, 39.9710107]]}}, {"type": "Feature", "properties": {"highway": "service", "name": "", "bridge": "", "tunnel": "", "layer": "", "source": "osm"}, "geometry": {"type": "LineString", "coordinates": [[116.3030076, 39.9707912], [116.303562, 39.9708284], [116.3035127, 39.9713088]]}}, {"type": "Feature", "properties": {"highway": "footway", "name": "", "bridge": "", "tunnel": "", "layer": "", "source": "osm"}, "geometry": {"type": "LineString", "coordinates": [[116.3070937, 39.9786371], [116.3070946, 39.9788999]]}}, {"type": "Feature", "properties": {"highway": "footway", "name": "", "bridge": "", "tunnel": "", "layer": "", "source": "osm"}, "geometry": {"type": "LineString", "coordinates": [[116.3070937, 39.9786371], [116.3076153, 39.9775435]]}}, {"type": "Feature", "properties": {"highway": "path", "name": "", "bridge": "", "tunnel": "", "layer": "", "source": "osm"}, "geometry": {"type": "LineString", "coordinates": [[116.3115315, 39.9682353], [116.3111359, 39.9682021]]}}, {"type": "Feature", "properties": {"highway": "path", "name": "", "bridge": "", "tunnel": "", "layer": "", "source": "osm"}, "geometry": {"type": "LineString", "coordinates": [[116.3126045, 39.9683132], [116.3118573, 39.9682551]]}}, {"type": "Feature", "properties": {"highway": "path", "name": "", "bridge": "", "tunnel": "", "layer": "", "source": "osm"}, "geometry": {"type": "LineString", "coordinates": [[116.3130591, 39.9683425], [116.3127684, 39.9683248]]}}, {"type": "Feature", "properties": {"highway": "path", "name": "", "bridge": "", "tunnel": "", "layer": "", "source": "osm"}, "geometry": {"type": "LineString", "coordinates": [[116.3117544, 39.9681282], [116.3117908, 39.9681436], [116.311821, 39.9681656], [116.311843, 39.9681927], [116.3118554, 39.9682232], [116.3118573, 39.9682551], [116.3118487, 39.9682863], [116.3118301, 39.9683149], [116.3118026, 39.9683389], [116.3117687, 39.9683567], [116.3117301, 39.9683674], [116.3116893, 39.9683704], [116.3116487, 39.9683656], [116.311611, 39.9683531], [116.3115784, 39.9683339], [116.3115532, 39.9683091], [116.3115357, 39.9682773], [116.3115315, 39.9682353], [116.3115371, 39.9682088], [116.3115559, 39.9681774], [116.3115851, 39.9681511], [116.3116226, 39.9681319], [116.3116655, 39.9681213], [116.3117106, 39.96812], [116.3117544, 39.9681282]]}}, {"type": "Feature", "properties": {"highway": "path", "name": "", "bridge": "", "tunnel": "", "layer": "", "source": "osm"}, "geometry": {"type": "LineString", "coordinates": [[116.3127333, 39.9682691], [116.3127532, 39.9682841], [116.3127653, 39.9683034], [116.3127684, 39.9683248], [116.3127619, 39.9683456], [116.3127467, 39.9683636], [116.3127184, 39.9683789], [116.3126844, 39.9683839], [116.3126507, 39.9683778], [116.3126233, 39.9683616], [116.3126073, 39.9683389], [116.3126045, 39.9683132], [116.3126153, 39.9682888], [116.3126379, 39.9682697], [116.3126687, 39.9682592], [116.3127023, 39.9682589], [116.3127333, 39.9682691]]}}, {"type": "Feature", "properties": {"highway": "footway", "name": "", "bridge": "", "tunnel": "", "layer": "", "source": "osm"}, "geometry": {"type": "LineString", "coordinates": [[116.3129629, 39.9718116], [116.3128914, 39.9717933]]}}, {"type": "Feature", "properties": {"highway": "footway", "name": "", "bridge": "", "tunnel": "", "layer": "", "source": "osm"}, "geometry": {"type": "LineString", "coordinates": [[116.3124427, 39.9716883], [116.3124945, 39.9717052]]}}, {"type": "Feature", "properties": {"highway": "residential", "name": "", "bridge": "", "tunnel": "", "layer": "", "source": "osm"}, "geometry": {"type": "LineString", "coordinates": [[116.3404412, 39.9928964], [116.3384252, 39.9928241], [116.338146, 39.9928141], [116.337616, 39.9927951], [116.3372522, 39.9927828]]}}, {"type": "Feature", "properties": {"highway": "service", "name": "", "bridge": "", "tunnel": "", "layer": "", "source": "osm"}, "geometry": {"type": "LineString", "coordinates": [[116.3385468, 39.99077], [116.3372511, 39.9907411]]}}, {"type": "Feature", "properties": {"highway": "footway", "name": "", "bridge": "", "tunnel": "", "layer": "", "source": "osm"}, "geometry": {"type": "LineString", "coordinates": [[116.3383366, 39.9910118], [116.3382635, 39.9910784], [116.3381421, 39.9911045], [116.3379563, 39.99109], [116.3377704, 39.9910958], [116.337649, 39.9911714], [116.3375314, 39.9912295], [116.3374058, 39.9912767]]}}, {"type": "Feature", "properties": {"highway": "footway", "name": "", "bridge": "", "tunnel": "", "layer": "", "source": "osm"}, "geometry": {"type": "LineString", "coordinates": [[116.3377704, 39.9910958], [116.3376263, 39.9910726], [116.337502, 39.9909902]]}}, {"type": "Feature", "properties": {"highway": "secondary_link", "name": "荷清路", "bridge": "", "tunnel": "", "layer": "", "source": "osm"}, "geometry": {"type": "LineString", "coordinates": [[116.3311311, 39.9975242], [116.331172, 39.9976929], [116.3311691, 39.997795], [116.3311684, 39.9980475], [116.3311675, 39.9983572], [116.3311359, 39.9989807], [116.3311354, 39.9990239], [116.3311591, 39.9990705], [116.3311893, 39.9990855], [116.331225, 39.9991059]]}}, {"type": "Feature", "properties": {"highway": "footway", "name": "", "bridge": "", "tunnel": "", "layer": "", "source": "osm"}, "geometry": {"type": "LineString", "coordinates": [[116.3023682, 39.9682975], [116.3029919, 39.9683292], [116.303008, 39.968173], [116.3033929, 39.9682017]]}}, {"type": "Feature", "properties": {"highway": "footway", "name": "", "bridge": "", "tunnel": "", "layer": "", "source": "osm"}, "geometry": {"type": "LineString", "coordinates": [[116.3024488, 39.9676882], [116.3034338, 39.9677538]]}}, {"type": "Feature", "properties": {"highway": "service", "name": "校园中路", "bridge": "", "tunnel": "", "layer": "", "source": "osm"}, "geometry": {"type": "LineString", "coordinates": [[116.33463, 39.981629], [116.3347195, 39.981636], [116.3348179, 39.9816779], [116.3351215, 39.9816859], [116.3380572, 39.9817699], [116.3382975, 39.9817778], [116.3398213, 39.9818276], [116.3398708, 39.9818292], [116.3399388, 39.9818314], [116.3400187, 39.981834], [116.340792, 39.9818594], [116.3415042, 39.9818834], [116.34167, 39.981889], [116.3417139, 39.9818893]]}}, {"type": "Feature", "properties": {"highway": "residential", "name": "校园北路", "bridge": "", "tunnel": "", "layer": "", "source": "osm"}, "geometry": {"type": "LineString", "coordinates": [[116.3343399, 39.9832161], [116.3345143, 39.9832179], [116.3345891, 39.9831923], [116.3346652, 39.983193], [116.3348648, 39.9832059], [116.3359293, 39.9832433], [116.3379865, 39.9832824], [116.3390341, 39.9833166]]}}, {"type": "Feature", "properties": {"highway": "residential", "name": "", "bridge": "", "tunnel": "", "layer": "", "source": "osm"}, "geometry": {"type": "LineString", "coordinates": [[116.314148, 39.9749196], [116.3141434, 39.9749639], [116.3140491, 39.9758762]]}}, {"type": "Feature", "properties": {"highway": "footway", "name": "", "bridge": "", "tunnel": "", "layer": "", "source": "osm"}, "geometry": {"type": "LineString", "coordinates": [[116.3271857, 39.9772623], [116.3262082, 39.9772635], [116.3257389, 39.9773319], [116.3257164, 39.9777931], [116.3255917, 39.9779302], [116.3253727, 39.9790668], [116.3252819, 39.9791939], [116.3247671, 39.9793189], [116.3235108, 39.9796759]]}}, {"type": "Feature", "properties": {"highway": "residential", "name": "清华园石油小区路", "bridge": "", "tunnel": "", "layer": "", "source": "osm"}, "geometry": {"type": "LineString", "coordinates": [[116.3235207, 39.9911781], [116.3235188, 39.9911405], [116.3235538, 39.990478], [116.3235638, 39.9901093], [116.3243772, 39.9901365], [116.3243721, 39.9902537], [116.3243616, 39.990493], [116.3235538, 39.990478]]}}, {"type": "Feature", "properties": {"highway": "residential", "name": "双榆树中街", "bridge": "", "tunnel": "", "layer": "", "source": "osm"}, "geometry": {"type": "LineString", "coordinates": [[116.3205343, 39.9668983], [116.3211383, 39.9669243], [116.3210952, 39.9674911], [116.3210613, 39.9679375], [116.3210178, 39.9682115]]}}, {"type": "Feature", "properties": {"highway": "residential", "name": "双榆树东里西巷", "bridge": "", "tunnel": "", "layer": "", "source": "osm"}, "geometry": {"type": "LineString", "coordinates": [[116.3205343, 39.9668983], [116.3206044, 39.9662144]]}}, {"type": "Feature", "properties": {"highway": "residential", "name": "", "bridge": "", "tunnel": "", "layer": "", "source": "osm"}, "geometry": {"type": "LineString", "coordinates": [[116.3204665, 39.9669527], [116.3204141, 39.9675047], [116.320385, 39.96764], [116.3203196, 39.9685109], [116.3203032, 39.9688384], [116.320691, 39.9689045], [116.3208257, 39.9686655], [116.3210178, 39.9682115]]}}, {"type": "Feature", "properties": {"highway": "residential", "name": "", "bridge": "", "tunnel": "", "layer": "", "source": "osm"}, "geometry": {"type": "LineString", "coordinates": [[116.320691, 39.9689045], [116.3206031, 39.9690404], [116.3205221, 39.9691655], [116.3204068, 39.9700585], [116.3192917, 39.9700514]]}}, {"type": "Feature", "properties": {"highway": "service", "name": "", "bridge": "", "tunnel": "", "layer": "", "source": "osm"}, "geometry": {"type": "LineString", "coordinates": [[116.2973455, 39.9671487], [116.2974071, 39.9669811], [116.2974355, 39.9664289]]}}, {"type": "Feature", "properties": {"highway": "service", "name": "", "bridge": "", "tunnel": "", "layer": "", "source": "osm"}, "geometry": {"type": "LineString", "coordinates": [[116.2973455, 39.9671487], [116.2972886, 39.9670864], [116.2968525, 39.9670683]]}}, {"type": "Feature", "properties": {"highway": "service", "name": "学宿北一街", "bridge": "", "tunnel": "", "layer": "", "source": "osm"}, "geometry": {"type": "LineString", "coordinates": [[116.3028018, 39.9874993], [116.3028212, 39.9870744], [116.3028499, 39.9865915]]}}, {"type": "Feature", "properties": {"highway": "service", "name": "学宿北三街", "bridge": "", "tunnel": "", "layer": "", "source": "osm"}, "geometry": {"type": "LineString", "coordinates": [[116.3039502, 39.9882798], [116.3036859, 39.9880804], [116.303718, 39.9875303], [116.3037471, 39.9870967], [116.3037726, 39.9866235]]}}, {"type": "Feature", "properties": {"highway": "service", "name": "民主科学环岛", "bridge": "", "tunnel": "", "layer": "", "source": "osm"}, "geometry": {"type": "LineString", "coordinates": [[116.3032012, 39.9871184], [116.3031938, 39.9871014], [116.3031929, 39.9870835], [116.3032007, 39.9870624], [116.3032175, 39.9870446], [116.3032411, 39.9870322], [116.3032688, 39.9870267], [116.3032965, 39.9870287], [116.3033219, 39.9870375], [116.3033419, 39.9870522], [116.3033545, 39.9870713], [116.3033581, 39.9870924], [116.3033536, 39.987111], [116.303342, 39.9871277], [116.3033246, 39.9871411], [116.3033028, 39.9871499], [116.3032785, 39.9871535], [116.303254, 39.9871514], [116.3032325, 39.9871444], [116.3032144, 39.9871331], [116.3032012, 39.9871184]]}}, {"type": "Feature", "properties": {"highway": "service", "name": "邱德拔路", "bridge": "", "tunnel": "", "layer": "", "source": "osm"}, "geometry": {"type": "LineString", "coordinates": [[116.3081871, 39.988744], [116.3082175, 39.9882281], [116.3082344, 39.9880439], [116.308265, 39.98771], [116.3082777, 39.9875709], [116.3082842, 39.9875005], [116.3083032, 39.9872941], [116.3083465, 39.9868241], [116.3084393, 39.9867412], [116.3084707, 39.9863794], [116.3085539, 39.9854197], [116.308563, 39.9853151], [116.3085674, 39.985272], [116.3085729, 39.9852187]]}}, {"type": "Feature", "properties": {"highway": "service", "name": "新太阳南路", "bridge": "", "tunnel": "", "layer": "", "source": "osm"}, "geometry": {"type": "LineString", "coordinates": [[116.3060061, 39.9869801], [116.3059321, 39.9870768], [116.3058359, 39.9871644], [116.3053325, 39.9871409], [116.3049745, 39.9871174], [116.3048739, 39.9871108], [116.3045298, 39.9870883], [116.3043368, 39.9870757]]}}, {"type": "Feature", "properties": {"highway": "service", "name": "农园南路", "bridge": "", "tunnel": "", "layer": "", "source": "osm"}, "geometry": {"type": "LineString", "coordinates": [[116.3065874, 39.9874959], [116.3066074, 39.9871544], [116.3064832, 39.9871493], [116.3064966, 39.9869969], [116.3060061, 39.9869801]]}}, {"type": "Feature", "properties": {"highway": "service", "name": "农园西路", "bridge": "", "tunnel": "", "layer": "", "source": "osm"}, "geometry": {"type": "LineString", "coordinates": [[116.3057755, 39.9881119], [116.3058359, 39.9871644]]}}, {"type": "Feature", "properties": {"highway": "footway", "name": "", "bridge": "", "tunnel": "", "layer": "", "source": "osm"}, "geometry": {"type": "LineString", "coordinates": [[116.303321, 39.9920237], [116.3028495, 39.991816]]}}, {"type": "Feature", "properties": {"highway": "footway", "name": "", "bridge": "", "tunnel": "", "layer": "", "source": "osm"}, "geometry": {"type": "LineString", "coordinates": [[116.3040869, 39.9920774], [116.3051461, 39.9920832], [116.3058675, 39.9920871]]}}, {"type": "Feature", "properties": {"highway": "footway", "name": "", "bridge": "", "tunnel": "", "layer": "", "source": "osm"}, "geometry": {"type": "LineString", "coordinates": [[116.3051097, 39.9943192], [116.3054537, 39.9943778], [116.3056717, 39.9937257], [116.3058763, 39.9931059]]}}, {"type": "Feature", "properties": {"highway": "footway", "name": "", "bridge": "", "tunnel": "", "layer": "", "source": "osm"}, "geometry": {"type": "LineString", "coordinates": [[116.3030488, 39.9941322], [116.3030869, 39.9945907]]}}, {"type": "Feature", "properties": {"highway": "service", "name": "", "bridge": "", "tunnel": "", "layer": "", "source": "osm"}, "geometry": {"type": "LineString", "coordinates": [[116.3005549, 39.9946264], [116.3002108, 39.9946248], [116.3002243, 39.9940346], [116.3002312, 39.9936324]]}}, {"type": "Feature", "properties": {"highway": "footway", "name": "", "bridge": "", "tunnel": "", "layer": "", "source": "osm"}, "geometry": {"type": "LineString", "coordinates": [[116.2989388, 39.9947877], [116.2989433, 39.9945271], [116.2989476, 39.9942762], [116.2991807, 39.9942762], [116.2992604, 39.9942636], [116.2993238, 39.9942323], [116.2993811, 39.9941759], [116.2994078, 39.9941299], [116.2994453, 39.9940261], [116.2994603, 39.9939627], [116.2994624, 39.9938632], [116.2994507, 39.9937707], [116.2994452, 39.9937054], [116.2994193, 39.9936595], [116.2993248, 39.9935979]]}}, {"type": "Feature", "properties": {"highway": "footway", "name": "", "bridge": "", "tunnel": "", "layer": "", "source": "osm"}, "geometry": {"type": "LineString", "coordinates": [[116.2998958, 39.9940307], [116.3002243, 39.9940346]]}}, {"type": "Feature", "properties": {"highway": "footway", "name": "", "bridge": "", "tunnel": "", "layer": "", "source": "osm"}, "geometry": {"type": "LineString", "coordinates": [[116.3010621, 39.9950259], [116.3009485, 39.9950062], [116.3008334, 39.9950019], [116.3007432, 39.9950076], [116.3006016, 39.9950294], [116.3004993, 39.9950665], [116.3004651, 39.9951213], [116.3005034, 39.9952519], [116.3005406, 39.9952676], [116.300568, 39.9953063], [116.3005728, 39.995382], [116.3005557, 39.9954793], [116.3005319, 39.9954901], [116.3005071, 39.9955018], [116.3005068, 39.9955244], [116.3005104, 39.9956339], [116.3006451, 39.9956754], [116.3007486, 39.9956831], [116.3009941, 39.995683]]}}, {"type": "Feature", "properties": {"highway": "footway", "name": "", "bridge": "", "tunnel": "", "layer": "", "source": "osm"}, "geometry": {"type": "LineString", "coordinates": [[116.3010621, 39.9950259], [116.3010692, 39.9949324], [116.3011559, 39.9948983], [116.3011977, 39.9948784], [116.3012371, 39.9948588], [116.3012467, 39.994831], [116.3012291, 39.9948063], [116.3011939, 39.9947903], [116.3011685, 39.9947716], [116.3011582, 39.9947464], [116.3011541, 39.9947269], [116.3011615, 39.994705], [116.3012074, 39.9946843], [116.3012364, 39.9946671]]}}, {"type": "Feature", "properties": {"highway": "footway", "name": "", "bridge": "", "tunnel": "", "layer": "", "source": "osm"}, "geometry": {"type": "LineString", "coordinates": [[116.3005104, 39.9956339], [116.3005036, 39.9957979], [116.3005043, 39.9958783], [116.3009394, 39.9958796], [116.3009466, 39.9957902], [116.3009941, 39.995683]]}}, {"type": "Feature", "properties": {"highway": "footway", "name": "朗润园北路", "bridge": "", "tunnel": "", "layer": "", "source": "osm"}, "geometry": {"type": "LineString", "coordinates": [[116.30205, 39.9964023], [116.3024289, 39.9967065], [116.3025027, 39.9967484], [116.3025624, 39.9967641], [116.3025855, 39.9967774], [116.3026043, 39.9968138], [116.3025996, 39.9968363], [116.3025725, 39.9968647], [116.3025249, 39.9969046], [116.3025915, 39.9969772], [116.3026528, 39.9971244], [116.3027096, 39.9972021], [116.3027551, 39.997246], [116.3028075, 39.9972791], [116.3028789, 39.997296], [116.3029805, 39.9972974], [116.3030586, 39.9972892], [116.3031515, 39.9972917], [116.3032173, 39.9973054], [116.3032549, 39.9973132], [116.3033148, 39.997329], [116.3033612, 39.997352], [116.3034132, 39.9974022], [116.3034457, 39.9974254]]}}, {"type": "Feature", "properties": {"highway": "footway", "name": "镜春园路", "bridge": "", "tunnel": "", "layer": "", "source": "osm"}, "geometry": {"type": "LineString", "coordinates": [[116.3017558, 39.9950499], [116.3024483, 39.995007], [116.3030868, 39.9949674], [116.3032688, 39.9950187], [116.3034717, 39.9951127], [116.3040948, 39.9952062], [116.304791, 39.9953265]]}}, {"type": "Feature", "properties": {"highway": "service", "name": "", "bridge": "", "tunnel": "", "layer": "", "source": "osm"}, "geometry": {"type": "LineString", "coordinates": [[116.3061832, 39.9820276], [116.3061913, 39.9819222]]}}, {"type": "Feature", "properties": {"highway": "trunk_link", "name": "", "bridge": "yes", "tunnel": "", "layer": "1", "source": "osm"}, "geometry": {"type": "LineString", "coordinates": [[116.2911012, 39.982705], [116.29131, 39.982707], [116.2916137, 39.9826721], [116.2921211, 39.9824985], [116.2927465, 39.9821611], [116.2933879, 39.9818041], [116.2936527, 39.9815988], [116.2937628, 39.9814766], [116.2938367, 39.9813682], [116.2938729, 39.9812418], [116.2938952, 39.9809386], [116.2938665, 39.9805181], [116.2938123, 39.979963], [116.2937516, 39.979298], [116.2937548, 39.9790339], [116.293825, 39.9788481], [116.294034, 39.9786592], [116.2943237, 39.9785994], [116.2945666, 39.9786848], [116.294687, 39.9788121], [116.2947348, 39.9789924], [116.294744, 39.9792148], [116.2947153, 39.9798726], [116.2946291, 39.9806183], [116.2946112, 39.9808309], [116.2946054, 39.9808998]]}}, {"type": "Feature", "properties": {"highway": "living_street", "name": "", "bridge": "", "tunnel": "", "layer": "", "source": "osm"}, "geometry": {"type": "LineString", "coordinates": [[116.3370148, 39.9885426], [116.3378356, 39.9885698], [116.3381835, 39.9885763], [116.3386311, 39.9885821], [116.3387601, 39.9885066], [116.3388132, 39.9876986], [116.3388299, 39.9874494]]}}, {"type": "Feature", "properties": {"highway": "residential", "name": "", "bridge": "", "tunnel": "", "layer": "", "source": "osm"}, "geometry": {"type": "LineString", "coordinates": [[116.3356462, 39.9873829], [116.3356706, 39.9870313], [116.3356886, 39.9867716], [116.3357136, 39.9863914], [116.3357595, 39.9856921], [116.3357616, 39.9856601], [116.3357731, 39.9855009], [116.3357762, 39.9854683]]}}, {"type": "Feature", "properties": {"highway": "residential", "name": "", "bridge": "", "tunnel": "", "layer": "", "source": "osm"}, "geometry": {"type": "LineString", "coordinates": [[116.3370912, 39.9874165], [116.3366997, 39.9874074], [116.3356462, 39.9873829]]}}, {"type": "Feature", "properties": {"highway": "residential", "name": "", "bridge": "", "tunnel": "", "layer": "", "source": "osm"}, "geometry": {"type": "LineString", "coordinates": [[116.3087702, 39.9828978], [116.3076642, 39.9828466]]}}, {"type": "Feature", "properties": {"highway": "footway", "name": "", "bridge": "yes", "tunnel": "", "layer": "1", "source": "osm"}, "geometry": {"type": "LineString", "coordinates": [[116.3072296, 39.9796473], [116.306844, 39.9799136]]}}, {"type": "Feature", "properties": {"highway": "footway", "name": "", "bridge": "", "tunnel": "", "layer": "1", "source": "osm"}, "geometry": {"type": "LineString", "coordinates": [[116.3079463, 39.9804816], [116.3077879, 39.9802854], [116.3075773, 39.9800246], [116.3074447, 39.9798426], [116.3072296, 39.9796473], [116.3069664, 39.9794539]]}}, {"type": "Feature", "properties": {"highway": "footway", "name": "", "bridge": "yes", "tunnel": "", "layer": "1", "source": "osm"}, "geometry": {"type": "LineString", "coordinates": [[116.3075773, 39.9800246], [116.3071327, 39.9802117]]}}, {"type": "Feature", "properties": {"highway": "footway", "name": "", "bridge": "yes", "tunnel": "", "layer": "1", "source": "osm"}, "geometry": {"type": "LineString", "coordinates": [[116.3069664, 39.9794539], [116.3066859, 39.9797398]]}}, {"type": "Feature", "properties": {"highway": "steps", "name": "", "bridge": "", "tunnel": "", "layer": "-1", "source": "osm"}, "geometry": {"type": "LineString", "coordinates": [[116.3074642, 39.9787495], [116.3075109, 39.9788155], [116.3075415, 39.9788588]]}}, {"type": "Feature", "properties": {"highway": "footway", "name": "", "bridge": "", "tunnel": "", "layer": "", "source": "osm"}, "geometry": {"type": "LineString", "coordinates": [[116.3075415, 39.9788588], [116.3079272, 39.9791894]]}}, {"type": "Feature", "properties": {"highway": "service", "name": "", "bridge": "", "tunnel": "", "layer": "", "source": "osm"}, "geometry": {"type": "LineString", "coordinates": [[116.3119966, 39.9738962], [116.312485, 39.9739839], [116.313431, 39.9739839], [116.3137463, 39.9740607], [116.31372, 39.9746651]]}}, {"type": "Feature", "properties": {"highway": "residential", "name": "知春里弯巷", "bridge": "", "tunnel": "", "layer": "", "source": "osm"}, "geometry": {"type": "LineString", "coordinates": [[116.3151836, 39.9747013], [116.3153083, 39.9740387], [116.3163744, 39.9731064], [116.3165592, 39.9731852], [116.3168132, 39.9732932]]}}, {"type": "Feature", "properties": {"highway": "residential", "name": "", "bridge": "", "tunnel": "", "layer": "", "source": "osm"}, "geometry": {"type": "LineString", "coordinates": [[116.3147125, 39.9713633], [116.3146439, 39.9720575], [116.3139883, 39.973634]]}}, {"type": "Feature", "properties": {"highway": "residential", "name": "", "bridge": "", "tunnel": "", "layer": "", "source": "osm"}, "geometry": {"type": "LineString", "coordinates": [[116.3138738, 39.9712911], [116.3138674, 39.9713678], [116.3138324, 39.9717852], [116.3132226, 39.9734271]]}}, {"type": "Feature", "properties": {"highway": "service", "name": "", "bridge": "", "tunnel": "", "layer": "", "source": "osm"}, "geometry": {"type": "LineString", "coordinates": [[116.320023, 39.9739001], [116.3200203, 39.9741706], [116.3202159, 39.9741825], [116.3217276, 39.9742244]]}}, {"type": "Feature", "properties": {"highway": "residential", "name": "", "bridge": "", "tunnel": "", "layer": "", "source": "osm"}, "geometry": {"type": "LineString", "coordinates": [[116.3165592, 39.9731852], [116.3165577, 39.9732148], [116.316483, 39.9747334]]}}, {"type": "Feature", "properties": {"highway": "residential", "name": "", "bridge": "", "tunnel": "", "layer": "", "source": "osm"}, "geometry": {"type": "LineString", "coordinates": [[116.3182372, 39.9747767], [116.3182639, 39.9743053], [116.318865, 39.9742996], [116.3188711, 39.974111], [116.3190084, 39.9741127], [116.319084, 39.9741136]]}}, {"type": "Feature", "properties": {"highway": "service", "name": "", "bridge": "", "tunnel": "", "layer": "", "source": "osm"}, "geometry": {"type": "LineString", "coordinates": [[116.2957588, 39.9960305], [116.2957256, 39.9962102], [116.295819, 39.9964642], [116.2957873, 39.9967185], [116.2956988, 39.9974295], [116.2956512, 39.9978116], [116.2955711, 39.998454]]}}, {"type": "Feature", "properties": {"highway": "service", "name": "", "bridge": "", "tunnel": "", "layer": "", "source": "osm"}, "geometry": {"type": "LineString", "coordinates": [[116.2954128, 39.9986894], [116.2954225, 39.9986048], [116.2954408, 39.9984461], [116.2955711, 39.998454], [116.296562, 39.9985137], [116.2966877, 39.9985213], [116.2966737, 39.9987681], [116.2954128, 39.9986894]]}}, {"type": "Feature", "properties": {"highway": "service", "name": "", "bridge": "", "tunnel": "", "layer": "", "source": "osm"}, "geometry": {"type": "LineString", "coordinates": [[116.2954225, 39.9986048], [116.29514, 39.9985795], [116.2948368, 39.9985524]]}}, {"type": "Feature", "properties": {"highway": "service", "name": "", "bridge": "", "tunnel": "", "layer": "", "source": "osm"}, "geometry": {"type": "LineString", "coordinates": [[116.296562, 39.9985137], [116.2966848, 39.9974953], [116.296753, 39.9969293]]}}, {"type": "Feature", "properties": {"highway": "service", "name": "", "bridge": "", "tunnel": "", "layer": "", "source": "osm"}, "geometry": {"type": "LineString", "coordinates": [[116.2956988, 39.9974295], [116.2961989, 39.9974629], [116.2966848, 39.9974953]]}}, {"type": "Feature", "properties": {"highway": "service", "name": "", "bridge": "", "tunnel": "", "layer": "", "source": "osm"}, "geometry": {"type": "LineString", "coordinates": [[116.2961989, 39.9974629], [116.2963094, 39.9964856], [116.295819, 39.9964642]]}}, {"type": "Feature", "properties": {"highway": "service", "name": "", "bridge": "", "tunnel": "", "layer": "", "source": "osm"}, "geometry": {"type": "LineString", "coordinates": [[116.298258, 39.9964026], [116.2983824, 39.9965187], [116.2992127, 39.9965785], [116.3005453, 39.9966745], [116.3011122, 39.9969908], [116.3012072, 39.9971267], [116.3016668, 39.9977839], [116.3018249, 39.9983328]]}}, {"type": "Feature", "properties": {"highway": "footway", "name": "", "bridge": "", "tunnel": "", "layer": "", "source": "osm"}, "geometry": {"type": "LineString", "coordinates": [[116.2992127, 39.9965785], [116.2991958, 39.9968161], [116.2992512, 39.9970852], [116.2991526, 39.9974157], [116.299128, 39.9976045], [116.2992574, 39.9979066], [116.2993438, 39.9979815], [116.2993991, 39.9980293], [116.299356, 39.9987846]]}}, {"type": "Feature", "properties": {"highway": "footway", "name": "", "bridge": "", "tunnel": "", "layer": "", "source": "osm"}, "geometry": {"type": "LineString", "coordinates": [[116.2993438, 39.9979815], [116.299473, 39.997968], [116.2995593, 39.9979113], [116.2997812, 39.9973354], [116.2998797, 39.997241], [116.300157, 39.9971985], [116.3002618, 39.9972316], [116.3005884, 39.9972221], [116.3008225, 39.9972316], [116.3012072, 39.9971267]]}}, {"type": "Feature", "properties": {"highway": "footway", "name": "", "bridge": "", "tunnel": "", "layer": "", "source": "osm"}, "geometry": {"type": "LineString", "coordinates": [[116.3022206, 39.9963349], [116.3022883, 39.9963082], [116.3025664, 39.9961902], [116.302746, 39.996135], [116.3028518, 39.9961155], [116.3032469, 39.9961568], [116.3034948, 39.9961792], [116.3036001, 39.9961909]]}}, {"type": "Feature", "properties": {"highway": "footway", "name": "", "bridge": "", "tunnel": "", "layer": "", "source": "osm"}, "geometry": {"type": "LineString", "coordinates": [[116.3034717, 39.9951127], [116.3033235, 39.9957918], [116.3033263, 39.9958469], [116.3033459, 39.9958809], [116.3033903, 39.9958913], [116.3036141, 39.9959189], [116.3038053, 39.995917], [116.303967, 39.9959026], [116.3043027, 39.9959222], [116.304453, 39.9959251], [116.3045608, 39.9959197], [116.3047237, 39.9959026]]}}, {"type": "Feature", "properties": {"highway": "path", "name": "", "bridge": "", "tunnel": "", "layer": "", "source": "osm"}, "geometry": {"type": "LineString", "coordinates": [[116.3063579, 39.9949538], [116.3063248, 39.9950837], [116.306155, 39.9959011], [116.3060029, 39.996633]]}}, {"type": "Feature", "properties": {"highway": "footway", "name": "", "bridge": "yes", "tunnel": "", "layer": "1", "source": "osm"}, "geometry": {"type": "LineString", "coordinates": [[116.3046936, 39.9915619], [116.3047717, 39.9915743], [116.3048758, 39.9915966]]}}, {"type": "Feature", "properties": {"highway": "footway", "name": "", "bridge": "", "tunnel": "", "layer": "", "source": "osm"}, "geometry": {"type": "LineString", "coordinates": [[116.2995117, 39.9864681], [116.2994495, 39.9868606], [116.2994076, 39.9871864], [116.2993949, 39.9872855], [116.2993346, 39.987671], [116.2992875, 39.987993], [116.299233, 39.9886106]]}}, {"type": "Feature", "properties": {"highway": "footway", "name": "", "bridge": "", "tunnel": "", "layer": "", "source": "osm"}, "geometry": {"type": "LineString", "coordinates": [[116.299233, 39.9886106], [116.3003861, 39.9886754]]}}, {"type": "Feature", "properties": {"highway": "footway", "name": "", "bridge": "", "tunnel": "", "layer": "", "source": "osm"}, "geometry": {"type": "LineString", "coordinates": [[116.2992875, 39.987993], [116.3002582, 39.9880049], [116.3003827, 39.9880084]]}}, {"type": "Feature", "properties": {"highway": "footway", "name": "", "bridge": "", "tunnel": "", "layer": "", "source": "osm"}, "geometry": {"type": "LineString", "coordinates": [[116.2993346, 39.987671], [116.3003847, 39.9876728]]}}, {"type": "Feature", "properties": {"highway": "footway", "name": "", "bridge": "", "tunnel": "", "layer": "", "source": "osm"}, "geometry": {"type": "LineString", "coordinates": [[116.2993949, 39.9872855], [116.3003869, 39.9873111]]}}, {"type": "Feature", "properties": {"highway": "footway", "name": "", "bridge": "", "tunnel": "", "layer": "", "source": "osm"}, "geometry": {"type": "LineString", "coordinates": [[116.2994495, 39.9868606], [116.3003895, 39.9868888]]}}, {"type": "Feature", "properties": {"highway": "footway", "name": "", "bridge": "", "tunnel": "", "layer": "", "source": "osm"}, "geometry": {"type": "LineString", "coordinates": [[116.2995117, 39.9864681], [116.2995189, 39.9864392], [116.2995292, 39.9863923], [116.2994787, 39.9863847], [116.299392, 39.9863944]]}}, {"type": "Feature", "properties": {"highway": "footway", "name": "", "bridge": "", "tunnel": "", "layer": "", "source": "osm"}, "geometry": {"type": "LineString", "coordinates": [[116.3017104, 39.9892395], [116.3018337, 39.9891594], [116.3024429, 39.9891663], [116.3028161, 39.9891706], [116.3032716, 39.9891757], [116.3034735, 39.9892565]]}}, {"type": "Feature", "properties": {"highway": "service", "name": "百讲西核酸路", "bridge": "", "tunnel": "", "layer": "", "source": "osm"}, "geometry": {"type": "LineString", "coordinates": [[116.3038904, 39.9891519], [116.3039436, 39.9883759], [116.3039502, 39.9882798]]}}, {"type": "Feature", "properties": {"highway": "residential", "name": "", "bridge": "", "tunnel": "", "layer": "", "source": "osm"}, "geometry": {"type": "LineString", "coordinates": [[116.3120321, 39.9946262], [116.3122974, 39.9946225], [116.3127739, 39.9947068], [116.3128347, 39.9946945], [116.3128834, 39.9946667], [116.3130906, 39.9945346], [116.3132118, 39.9944675], [116.3133571, 39.9944062], [116.3134698, 39.9943519], [116.3135302, 39.9943337], [116.3135837, 39.9943341], [116.3136787, 39.9943393], [116.3142461, 39.9943906]]}}, {"type": "Feature", "properties": {"highway": "service", "name": "", "bridge": "", "tunnel": "", "layer": "", "source": "osm"}, "geometry": {"type": "LineString", "coordinates": [[116.3121553, 39.9926498], [116.3136002, 39.9926957]]}}, {"type": "Feature", "properties": {"highway": "service", "name": "", "bridge": "", "tunnel": "", "layer": "", "source": "osm"}, "geometry": {"type": "LineString", "coordinates": [[116.3106754, 39.9907934], [116.310718, 39.9906875], [116.3107343, 39.9906469], [116.3107472, 39.9905974], [116.3108304, 39.9899648], [116.3106085, 39.9899507], [116.310627, 39.9896745], [116.3107026, 39.9896773], [116.3111568, 39.9896939], [116.3119765, 39.989724]]}}, {"type": "Feature", "properties": {"highway": "service", "name": "", "bridge": "", "tunnel": "", "layer": "", "source": "osm"}, "geometry": {"type": "LineString", "coordinates": [[116.3111568, 39.9896939], [116.3111816, 39.9892323]]}}, {"type": "Feature", "properties": {"highway": "service", "name": "", "bridge": "", "tunnel": "", "layer": "", "source": "osm"}, "geometry": {"type": "LineString", "coordinates": [[116.3107472, 39.9905974], [116.3120239, 39.9906519], [116.3125383, 39.9906738], [116.3134476, 39.9907087]]}}, {"type": "Feature", "properties": {"highway": "residential", "name": "", "bridge": "", "tunnel": "", "layer": "", "source": "osm"}, "geometry": {"type": "LineString", "coordinates": [[116.3110604, 39.9889815], [116.3111764, 39.9877848], [116.3111869, 39.9876762], [116.3109962, 39.9875186], [116.3104444, 39.9874874]]}}, {"type": "Feature", "properties": {"highway": "residential", "name": "", "bridge": "", "tunnel": "", "layer": "", "source": "osm"}, "geometry": {"type": "LineString", "coordinates": [[116.3100721, 39.9871333], [116.3101518, 39.9871378], [116.3102133, 39.9871413], [116.3110248, 39.9871877], [116.3113071, 39.9872041], [116.3113769, 39.9866088], [116.311381, 39.9865738], [116.3102647, 39.9864912], [116.3102087, 39.9864871], [116.3101131, 39.9864894]]}}, {"type": "Feature", "properties": {"highway": "residential", "name": "", "bridge": "", "tunnel": "", "layer": "", "source": "osm"}, "geometry": {"type": "LineString", "coordinates": [[116.3109962, 39.9875186], [116.3110248, 39.9871877]]}}, {"type": "Feature", "properties": {"highway": "service", "name": "", "bridge": "", "tunnel": "", "layer": "", "source": "osm"}, "geometry": {"type": "LineString", "coordinates": [[116.3124432, 39.9856639], [116.312405, 39.9859391], [116.3123818, 39.9861551]]}}, {"type": "Feature", "properties": {"highway": "service", "name": "", "bridge": "", "tunnel": "", "layer": "", "source": "osm"}, "geometry": {"type": "LineString", "coordinates": [[116.3132017, 39.9857209], [116.3131679, 39.9859901], [116.3131335, 39.9862222]]}}, {"type": "Feature", "properties": {"highway": "service", "name": "", "bridge": "", "tunnel": "", "layer": "", "source": "osm"}, "geometry": {"type": "LineString", "coordinates": [[116.3119106, 39.9854767], [116.3116429, 39.9854598], [116.3116084, 39.9858705], [116.311926, 39.9858985], [116.312405, 39.9859391], [116.3131679, 39.9859901], [116.3137934, 39.9860262], [116.3144564, 39.9860634]]}}, {"type": "Feature", "properties": {"highway": "service", "name": "", "bridge": "", "tunnel": "", "layer": "", "source": "osm"}, "geometry": {"type": "LineString", "coordinates": [[116.311926, 39.9858985], [116.3119006, 39.9860909], [116.3119313, 39.9861265], [116.3118633, 39.9866504], [116.3117931, 39.9871918], [116.3125709, 39.987244], [116.3126192, 39.9872472], [116.3134559, 39.9873033], [116.3135796, 39.9873116], [116.3135817, 39.9873968], [116.3135864, 39.9875877], [116.3135888, 39.9876869], [116.3152529, 39.9877777], [116.3155133, 39.9877919]]}}, {"type": "Feature", "properties": {"highway": "service", "name": "", "bridge": "", "tunnel": "", "layer": "", "source": "osm"}, "geometry": {"type": "LineString", "coordinates": [[116.3138817, 39.9848484], [116.3142238, 39.9848591], [116.3152823, 39.9849195], [116.3152328, 39.9854621], [116.3151992, 39.9857155], [116.3151836, 39.9858927], [116.3151882, 39.9860572], [116.3151419, 39.9863821]]}}, {"type": "Feature", "properties": {"highway": "service", "name": "", "bridge": "", "tunnel": "", "layer": "", "source": "osm"}, "geometry": {"type": "LineString", "coordinates": [[116.3144283, 39.9863191], [116.3144564, 39.9860634], [116.3144678, 39.9860051], [116.3145226, 39.9856719], [116.3145609, 39.9854223]]}}, {"type": "Feature", "properties": {"highway": "service", "name": "", "bridge": "", "tunnel": "", "layer": "", "source": "osm"}, "geometry": {"type": "LineString", "coordinates": [[116.3137962, 39.9856125], [116.3145226, 39.9856719], [116.3151992, 39.9857155]]}}, {"type": "Feature", "properties": {"highway": "service", "name": "", "bridge": "", "tunnel": "", "layer": "", "source": "osm"}, "geometry": {"type": "LineString", "coordinates": [[116.3144678, 39.9860051], [116.3151882, 39.9860572]]}}, {"type": "Feature", "properties": {"highway": "service", "name": "", "bridge": "", "tunnel": "", "layer": "", "source": "osm"}, "geometry": {"type": "LineString", "coordinates": [[116.3113769, 39.9866088], [116.3118633, 39.9866504], [116.3121519, 39.9866734], [116.3126865, 39.9867162], [116.3132807, 39.9867637], [116.3135301, 39.9867837], [116.3139616, 39.9868182]]}}, {"type": "Feature", "properties": {"highway": "service", "name": "", "bridge": "", "tunnel": "", "layer": "", "source": "osm"}, "geometry": {"type": "LineString", "coordinates": [[116.3121519, 39.9866734], [116.3121866, 39.9864234], [116.3122246, 39.9861499]]}}, {"type": "Feature", "properties": {"highway": "service", "name": "", "bridge": "", "tunnel": "", "layer": "", "source": "osm"}, "geometry": {"type": "LineString", "coordinates": [[116.3132807, 39.9867637], [116.3133179, 39.98651], [116.3133574, 39.98624]]}}, {"type": "Feature", "properties": {"highway": "service", "name": "", "bridge": "", "tunnel": "", "layer": "", "source": "osm"}, "geometry": {"type": "LineString", "coordinates": [[116.3121866, 39.9864234], [116.3133179, 39.98651]]}}, {"type": "Feature", "properties": {"highway": "service", "name": "", "bridge": "", "tunnel": "", "layer": "", "source": "osm"}, "geometry": {"type": "LineString", "coordinates": [[116.3137934, 39.9860262], [116.3137547, 39.9862717], [116.3135981, 39.9864334], [116.3135301, 39.9867837], [116.3134559, 39.9873033]]}}, {"type": "Feature", "properties": {"highway": "service", "name": "", "bridge": "", "tunnel": "", "layer": "", "source": "osm"}, "geometry": {"type": "LineString", "coordinates": [[116.3135817, 39.9873968], [116.3152772, 39.987517], [116.3152529, 39.9877777]]}}, {"type": "Feature", "properties": {"highway": "service", "name": "", "bridge": "", "tunnel": "", "layer": "", "source": "osm"}, "geometry": {"type": "LineString", "coordinates": [[116.3135864, 39.9875877], [116.3125271, 39.9875255], [116.3111733, 39.9874461]]}}, {"type": "Feature", "properties": {"highway": "service", "name": "", "bridge": "", "tunnel": "", "layer": "", "source": "osm"}, "geometry": {"type": "LineString", "coordinates": [[116.3125271, 39.9875255], [116.3125709, 39.987244]]}}, {"type": "Feature", "properties": {"highway": "service", "name": "", "bridge": "", "tunnel": "", "layer": "", "source": "osm"}, "geometry": {"type": "LineString", "coordinates": [[116.3126192, 39.9872472], [116.3126865, 39.9867162]]}}, {"type": "Feature", "properties": {"highway": "service", "name": "", "bridge": "", "tunnel": "", "layer": "", "source": "osm"}, "geometry": {"type": "LineString", "coordinates": [[116.3153953, 39.9882794], [116.3164374, 39.9883737], [116.3171036, 39.9884141], [116.317033, 39.9888954], [116.3163567, 39.9888597]]}}, {"type": "Feature", "properties": {"highway": "service", "name": "", "bridge": "", "tunnel": "", "layer": "", "source": "osm"}, "geometry": {"type": "LineString", "coordinates": [[116.3164374, 39.9883737], [116.3163567, 39.9888597], [116.3161665, 39.990172]]}}, {"type": "Feature", "properties": {"highway": "service", "name": "", "bridge": "", "tunnel": "", "layer": "", "source": "osm"}, "geometry": {"type": "LineString", "coordinates": [[116.3154554, 39.9910076], [116.3154634, 39.990921], [116.3154689, 39.9908612], [116.3155363, 39.9901357], [116.3161665, 39.990172], [116.3171007, 39.9902279], [116.3171152, 39.9901093], [116.3172585, 39.9889367], [116.3173699, 39.9880256]]}}, {"type": "Feature", "properties": {"highway": "unclassified", "name": "", "bridge": "", "tunnel": "", "layer": "", "source": "osm"}, "geometry": {"type": "LineString", "coordinates": [[116.3158084, 39.9854244], [116.3162366, 39.9854514], [116.3176177, 39.9855386]]}}, {"type": "Feature", "properties": {"highway": "residential", "name": "", "bridge": "", "tunnel": "", "layer": "", "source": "osm"}, "geometry": {"type": "LineString", "coordinates": [[116.3191202, 39.9881254], [116.3188331, 39.9905201]]}}, {"type": "Feature", "properties": {"highway": "service", "name": "", "bridge": "", "tunnel": "", "layer": "", "source": "osm"}, "geometry": {"type": "LineString", "coordinates": [[116.2966355, 39.9935428], [116.296483, 39.993651], [116.2964456, 39.9937354], [116.2963958, 39.9938298], [116.2962342, 39.9939077], [116.296097, 39.9939118], [116.2955725, 39.9938841]]}}, {"type": "Feature", "properties": {"highway": "service", "name": "", "bridge": "", "tunnel": "", "layer": "", "source": "osm"}, "geometry": {"type": "LineString", "coordinates": [[116.2945874, 39.9935371], [116.2946203, 39.9936179], [116.2946381, 39.9936618], [116.2946438, 39.9938809], [116.2946526, 39.9942188], [116.2946593, 39.9944752], [116.2947655, 39.9945268], [116.2947567, 39.9947868], [116.2947377, 39.995082], [116.294723, 39.9953754], [116.2956326, 39.9954032], [116.2965356, 39.9954308], [116.2974949, 39.995461]]}}, {"type": "Feature", "properties": {"highway": "service", "name": "", "bridge": "", "tunnel": "", "layer": "", "source": "osm"}, "geometry": {"type": "LineString", "coordinates": [[116.2947377, 39.995082], [116.2956384, 39.9951041], [116.2965572, 39.9951296], [116.2966277, 39.9951317], [116.2974482, 39.9951558]]}}, {"type": "Feature", "properties": {"highway": "service", "name": "", "bridge": "", "tunnel": "", "layer": "", "source": "osm"}, "geometry": {"type": "LineString", "coordinates": [[116.2947567, 39.9947868], [116.2956535, 39.9947866], [116.2966944, 39.9948331]]}}, {"type": "Feature", "properties": {"highway": "footway", "name": "", "bridge": "", "tunnel": "", "layer": "", "source": "osm"}, "geometry": {"type": "LineString", "coordinates": [[116.2942121, 39.9912957], [116.2942112, 39.9911082], [116.2941468, 39.9910096], [116.2941307, 39.9907876], [116.2939376, 39.9906397], [116.2938846, 39.9905677], [116.2938893, 39.9905232], [116.293898, 39.9904403], [116.2939811, 39.9902512], [116.2939678, 39.9900641], [116.2939651, 39.9900252], [116.2939865, 39.9898936], [116.2943298, 39.9896553], [116.2944559, 39.9894621], [116.294458, 39.9894307], [116.2944752, 39.9891753]]}}, {"type": "Feature", "properties": {"highway": "footway", "name": "", "bridge": "", "tunnel": "", "layer": "", "source": "osm"}, "geometry": {"type": "LineString", "coordinates": [[116.2967846, 39.9893435], [116.2967689, 39.9894526], [116.2967444, 39.9894655], [116.2960154, 39.9898485], [116.2958076, 39.9899577], [116.2956683, 39.989834], [116.2953491, 39.9897066], [116.2950567, 39.9896327], [116.2949119, 39.9896532], [116.2948207, 39.9896655], [116.294797, 39.9896958], [116.2947402, 39.9897683], [116.2945498, 39.989869], [116.2945207, 39.9898951], [116.2943754, 39.9900252], [116.2942976, 39.990167], [116.2942413, 39.9904197], [116.2942434, 39.9904528], [116.294252, 39.9905882], [116.2942704, 39.9906143], [116.294362, 39.9907444], [116.2943907, 39.9907629], [116.2944639, 39.9908102], [116.2946249, 39.9908471], [116.294885, 39.9908718], [116.29506, 39.9909128], [116.2951702, 39.9909534], [116.2952699, 39.9909844], [116.2955352, 39.9909771], [116.2959016, 39.9909293]]}}, {"type": "Feature", "properties": {"highway": "footway", "name": "", "bridge": "", "tunnel": "", "layer": "", "source": "osm"}, "geometry": {"type": "LineString", "coordinates": [[116.294797, 39.9896958], [116.2946866, 39.9895052], [116.2946929, 39.9894486], [116.2947214, 39.9891933]]}}, {"type": "Feature", "properties": {"highway": "footway", "name": "", "bridge": "", "tunnel": "", "layer": "", "source": "osm"}, "geometry": {"type": "LineString", "coordinates": [[116.2943298, 39.9896553], [116.2945207, 39.9898951], [116.2946249, 39.9899471], [116.2946624, 39.9900169], [116.2946034, 39.9900991], [116.2945095, 39.9903129], [116.2943888, 39.9904074], [116.2942434, 39.9904528], [116.2938893, 39.9905232]]}}, {"type": "Feature", "properties": {"highway": "footway", "name": "", "bridge": "", "tunnel": "", "layer": "", "source": "osm"}, "geometry": {"type": "LineString", "coordinates": [[116.2939678, 39.9900641], [116.2942976, 39.990167]]}}, {"type": "Feature", "properties": {"highway": "footway", "name": "", "bridge": "", "tunnel": "", "layer": "", "source": "osm"}, "geometry": {"type": "LineString", "coordinates": [[116.2941307, 39.9907876], [116.2942704, 39.9906143]]}}, {"type": "Feature", "properties": {"highway": "footway", "name": "", "bridge": "", "tunnel": "", "layer": "", "source": "osm"}, "geometry": {"type": "LineString", "coordinates": [[116.2941307, 39.9907876], [116.2943907, 39.9907629]]}}, {"type": "Feature", "properties": {"highway": "footway", "name": "", "bridge": "", "tunnel": "", "layer": "", "source": "osm"}, "geometry": {"type": "LineString", "coordinates": [[116.2947402, 39.9897683], [116.2948019, 39.9897868], [116.2949119, 39.9898361], [116.2950353, 39.9899388], [116.2951855, 39.9899471], [116.2954, 39.9900169], [116.2955178, 39.9901062], [116.2955952, 39.9901649], [116.2956338, 39.990321], [116.295563, 39.9904723], [116.2954493, 39.9905824], [116.2953441, 39.9906515], [116.2954879, 39.9907304], [116.2955352, 39.9909771]]}}, {"type": "Feature", "properties": {"highway": "footway", "name": "", "bridge": "", "tunnel": "", "layer": "", "source": "osm"}, "geometry": {"type": "LineString", "coordinates": [[116.2950353, 39.9899388], [116.2949011, 39.9899758], [116.2947858, 39.9900252], [116.294708, 39.9901238], [116.2946329, 39.9903046]]}}, {"type": "Feature", "properties": {"highway": "tertiary", "name": "中关村地下环廊", "bridge": "", "tunnel": "yes", "layer": "-1", "source": "osm"}, "geometry": {"type": "LineString", "coordinates": [[116.3032826, 39.9827317], [116.3032952, 39.9824199], [116.3033337, 39.9814665], [116.3033604, 39.9808064], [116.303438, 39.9788837], [116.3044973, 39.9789093], [116.304846, 39.9789177], [116.3052083, 39.9789881], [116.3054998, 39.9790448], [116.3060875, 39.9792316], [116.306282, 39.9792935], [116.3068728, 39.9796764], [116.3070968, 39.9798565], [116.3073001, 39.9800199], [116.3075391, 39.9804131], [116.3076176, 39.9805424], [116.3077204, 39.9809074], [116.3077414, 39.9812312], [116.3077246, 39.9815098], [116.3076643, 39.9825087], [116.3075966, 39.9828665], [116.3051961, 39.9827915], [116.304949, 39.9827838], [116.3032826, 39.9827317]]}}, {"type": "Feature", "properties": {"highway": "tertiary_link", "name": "", "bridge": "", "tunnel": "yes", "layer": "-1", "source": "osm"}, "geometry": {"type": "LineString", "coordinates": [[116.3033184, 39.9830581], [116.3032318, 39.9827442], [116.3032329, 39.9825865], [116.3032952, 39.9824199]]}}, {"type": "Feature", "properties": {"highway": "tertiary_link", "name": "", "bridge": "", "tunnel": "yes", "layer": "-1", "source": "osm"}, "geometry": {"type": "LineString", "coordinates": [[116.3051961, 39.9827915], [116.3049206, 39.9828461], [116.3048272, 39.9831799]]}}, {"type": "Feature", "properties": {"highway": "tertiary_link", "name": "", "bridge": "", "tunnel": "yes", "layer": "-1", "source": "osm"}, "geometry": {"type": "LineString", "coordinates": [[116.3081949, 39.9812656], [116.307833, 39.9813061], [116.3077741, 39.9813482], [116.3077246, 39.9815098]]}}, {"type": "Feature", "properties": {"highway": "tertiary_link", "name": "", "bridge": "", "tunnel": "yes", "layer": "-1", "source": "osm"}, "geometry": {"type": "LineString", "coordinates": [[116.3080145, 39.9798993], [116.3075972, 39.9801488], [116.3075391, 39.9804131]]}}, {"type": "Feature", "properties": {"highway": "tertiary_link", "name": "", "bridge": "", "tunnel": "yes", "layer": "-1", "source": "osm"}, "geometry": {"type": "LineString", "coordinates": [[116.3070968, 39.9798565], [116.3074509, 39.9799728], [116.3079553, 39.9798439]]}}, {"type": "Feature", "properties": {"highway": "tertiary_link", "name": "", "bridge": "", "tunnel": "yes", "layer": "-1", "source": "osm"}, "geometry": {"type": "LineString", "coordinates": [[116.3061171, 39.9787564], [116.3060158, 39.9791068], [116.3060875, 39.9792316]]}}, {"type": "Feature", "properties": {"highway": "tertiary_link", "name": "", "bridge": "", "tunnel": "yes", "layer": "-1", "source": "osm"}, "geometry": {"type": "LineString", "coordinates": [[116.3049878, 39.9786252], [116.305038, 39.9788653], [116.3052083, 39.9789881]]}}, {"type": "Feature", "properties": {"highway": "tertiary_link", "name": "", "bridge": "", "tunnel": "yes", "layer": "-1", "source": "osm"}, "geometry": {"type": "LineString", "coordinates": [[116.3044973, 39.9789093], [116.3048185, 39.9788373], [116.3048965, 39.9786334]]}}, {"type": "Feature", "properties": {"highway": "tertiary_link", "name": "", "bridge": "", "tunnel": "yes", "layer": "-1", "source": "osm"}, "geometry": {"type": "LineString", "coordinates": [[116.302816, 39.9811142], [116.3032553, 39.9810336], [116.3033604, 39.9808064]]}}, {"type": "Feature", "properties": {"highway": "tertiary_link", "name": "", "bridge": "", "tunnel": "yes", "layer": "-1", "source": "osm"}, "geometry": {"type": "LineString", "coordinates": [[116.3033337, 39.9814665], [116.3032777, 39.9812641], [116.3028187, 39.9811855]]}}, {"type": "Feature", "properties": {"highway": "footway", "name": "", "bridge": "", "tunnel": "", "layer": "1", "source": "osm"}, "geometry": {"type": "LineString", "coordinates": [[116.3090745, 39.9787528], [116.3090606, 39.9787611], [116.3089373, 39.9788339], [116.3087014, 39.9789732], [116.3080894, 39.9793307], [116.3079272, 39.9791894], [116.3072296, 39.9796473]]}}, {"type": "Feature", "properties": {"highway": "footway", "name": "", "bridge": "", "tunnel": "", "layer": "1", "source": "osm"}, "geometry": {"type": "LineString", "coordinates": [[116.3090745, 39.9787528], [116.3091226, 39.9787984], [116.3091878, 39.9788603], [116.3092462, 39.9789158], [116.3093097, 39.9789744], [116.3093447, 39.9790092], [116.3089695, 39.9792425], [116.3087882, 39.9790604], [116.3087014, 39.9789732]]}}, {"type": "Feature", "properties": {"highway": "footway", "name": "", "bridge": "", "tunnel": "", "layer": "1", "source": "osm"}, "geometry": {"type": "LineString", "coordinates": [[116.3087882, 39.9790604], [116.3081548, 39.9794003]]}}, {"type": "Feature", "properties": {"highway": "footway", "name": "", "bridge": "", "tunnel": "", "layer": "1", "source": "osm"}, "geometry": {"type": "LineString", "coordinates": [[116.3080894, 39.9793307], [116.3081548, 39.9794003], [116.3081814, 39.9794506], [116.3084568, 39.979971], [116.3084211, 39.9799965], [116.3083299, 39.9801135], [116.3083016, 39.9801607], [116.3082974, 39.9802702], [116.3082967, 39.9802899]]}}, {"type": "Feature", "properties": {"highway": "footway", "name": "", "bridge": "", "tunnel": "", "layer": "1", "source": "osm"}, "geometry": {"type": "LineString", "coordinates": [[116.3081814, 39.9794506], [116.3074447, 39.9798426]]}}, {"type": "Feature", "properties": {"highway": "steps", "name": "", "bridge": "", "tunnel": "", "layer": "", "source": "osm"}, "geometry": {"type": "LineString", "coordinates": [[116.3091226, 39.9787984], [116.3093423, 39.9786669]]}}, {"type": "Feature", "properties": {"highway": "steps", "name": "", "bridge": "", "tunnel": "", "layer": "", "source": "osm"}, "geometry": {"type": "LineString", "coordinates": [[116.3091878, 39.9788603], [116.3093964, 39.9787327]]}}, {"type": "Feature", "properties": {"highway": "steps", "name": "", "bridge": "", "tunnel": "", "layer": "", "source": "osm"}, "geometry": {"type": "LineString", "coordinates": [[116.3092462, 39.9789158], [116.3094561, 39.9787899]]}}, {"type": "Feature", "properties": {"highway": "steps", "name": "", "bridge": "", "tunnel": "", "layer": "", "source": "osm"}, "geometry": {"type": "LineString", "coordinates": [[116.3093097, 39.9789744], [116.3095159, 39.97886]]}}, {"type": "Feature", "properties": {"highway": "steps", "name": "", "bridge": "", "tunnel": "", "layer": "", "source": "osm"}, "geometry": {"type": "LineString", "coordinates": [[116.3090606, 39.9787611], [116.30929, 39.9786197]]}}, {"type": "Feature", "properties": {"highway": "footway", "name": "", "bridge": "", "tunnel": "", "layer": "", "source": "osm"}, "geometry": {"type": "LineString", "coordinates": [[116.3053324, 39.9801801], [116.3055618, 39.9802853], [116.3057334, 39.9803871], [116.3057531, 39.9804034], [116.3057695, 39.9804169], [116.305844, 39.9804782], [116.3058792, 39.9805071], [116.3059913, 39.9806213], [116.3060485, 39.9806796], [116.3060654, 39.9807202], [116.3061087, 39.9808243], [116.3061429, 39.9809063], [116.306175, 39.9810788]]}}, {"type": "Feature", "properties": {"highway": "footway", "name": "", "bridge": "", "tunnel": "", "layer": "1", "source": "osm"}, "geometry": {"type": "LineString", "coordinates": [[116.3066859, 39.9797398], [116.3063423, 39.9800159]]}}, {"type": "Feature", "properties": {"highway": "footway", "name": "", "bridge": "", "tunnel": "", "layer": "1", "source": "osm"}, "geometry": {"type": "LineString", "coordinates": [[116.306844, 39.9799136], [116.3064688, 39.9801358]]}}, {"type": "Feature", "properties": {"highway": "footway", "name": "", "bridge": "", "tunnel": "", "layer": "", "source": "osm"}, "geometry": {"type": "LineString", "coordinates": [[116.3049859, 39.9796725], [116.3052424, 39.9796971], [116.3057484, 39.9798499], [116.3058686, 39.9799365], [116.3060832, 39.9800911], [116.3061064, 39.9801079], [116.3061514, 39.9801506], [116.306238, 39.9802329], [116.3062688, 39.9802622], [116.3063294, 39.9803198], [116.3063876, 39.9803889], [116.3064058, 39.9804104], [116.3064561, 39.9804701], [116.3065095, 39.9805334], [116.3065265, 39.9805806], [116.3065674, 39.9806944], [116.3065845, 39.9808028], [116.3065792, 39.9808394], [116.3065481, 39.9810541], [116.3065418, 39.9811441]]}}, {"type": "Feature", "properties": {"highway": "footway", "name": "", "bridge": "", "tunnel": "", "layer": "", "source": "osm"}, "geometry": {"type": "LineString", "coordinates": [[116.3060654, 39.9807202], [116.3065265, 39.9805806]]}}, {"type": "Feature", "properties": {"highway": "footway", "name": "", "bridge": "", "tunnel": "", "layer": "", "source": "osm"}, "geometry": {"type": "LineString", "coordinates": [[116.305844, 39.9804782], [116.306238, 39.9802329]]}}, {"type": "Feature", "properties": {"highway": "footway", "name": "", "bridge": "", "tunnel": "", "layer": "", "source": "osm"}, "geometry": {"type": "LineString", "coordinates": [[116.3059913, 39.9806213], [116.3064058, 39.9804104]]}}, {"type": "Feature", "properties": {"highway": "footway", "name": "", "bridge": "", "tunnel": "", "layer": "", "source": "osm"}, "geometry": {"type": "LineString", "coordinates": [[116.3055618, 39.9802853], [116.3058686, 39.9799365]]}}, {"type": "Feature", "properties": {"highway": "footway", "name": "", "bridge": "", "tunnel": "", "layer": "", "source": "osm"}, "geometry": {"type": "LineString", "coordinates": [[116.3065792, 39.9808394], [116.3061429, 39.9809063]]}}, {"type": "Feature", "properties": {"highway": "footway", "name": "", "bridge": "", "tunnel": "", "layer": "", "source": "osm"}, "geometry": {"type": "LineString", "coordinates": [[116.3057531, 39.9804034], [116.3060832, 39.9800911]]}}, {"type": "Feature", "properties": {"highway": "steps", "name": "", "bridge": "", "tunnel": "", "layer": "", "source": "osm"}, "geometry": {"type": "LineString", "coordinates": [[116.3064688, 39.9801358], [116.3064156, 39.9801694], [116.3062688, 39.9802622]]}}, {"type": "Feature", "properties": {"highway": "steps", "name": "", "bridge": "", "tunnel": "", "layer": "", "source": "osm"}, "geometry": {"type": "LineString", "coordinates": [[116.3063423, 39.9800159], [116.3062644, 39.9800709], [116.3061514, 39.9801506]]}}, {"type": "Feature", "properties": {"highway": "footway", "name": "", "bridge": "", "tunnel": "", "layer": "1", "source": "osm"}, "geometry": {"type": "LineString", "coordinates": [[116.3071327, 39.9802117], [116.3067644, 39.980356]]}}, {"type": "Feature", "properties": {"highway": "steps", "name": "", "bridge": "", "tunnel": "", "layer": "", "source": "osm"}, "geometry": {"type": "LineString", "coordinates": [[116.3067644, 39.980356], [116.3066685, 39.9803915], [116.3064561, 39.9804701]]}}, {"type": "Feature", "properties": {"highway": "footway", "name": "", "bridge": "yes", "tunnel": "", "layer": "1", "source": "osm"}, "geometry": {"type": "LineString", "coordinates": [[116.3074447, 39.9798426], [116.3070331, 39.98007]]}}, {"type": "Feature", "properties": {"highway": "footway", "name": "", "bridge": "", "tunnel": "", "layer": "1", "source": "osm"}, "geometry": {"type": "LineString", "coordinates": [[116.3070331, 39.98007], [116.3066654, 39.9802673]]}}, {"type": "Feature", "properties": {"highway": "steps", "name": "", "bridge": "", "tunnel": "", "layer": "", "source": "osm"}, "geometry": {"type": "LineString", "coordinates": [[116.3066654, 39.9802673], [116.306578, 39.9803056], [116.3063876, 39.9803889]]}}, {"type": "Feature", "properties": {"highway": "footway", "name": "", "bridge": "yes", "tunnel": "", "layer": "2", "source": "osm"}, "geometry": {"type": "LineString", "coordinates": [[116.3074597, 39.9816993], [116.3079421, 39.9817207]]}}, {"type": "Feature", "properties": {"highway": "service", "name": "", "bridge": "", "tunnel": "", "layer": "", "source": "osm"}, "geometry": {"type": "LineString", "coordinates": [[116.3101401, 39.9826183], [116.3097388, 39.9826112], [116.3096052, 39.9826096], [116.3095205, 39.9826314], [116.3093023, 39.9826875], [116.3089241, 39.9826615]]}}, {"type": "Feature", "properties": {"highway": "service", "name": "", "bridge": "", "tunnel": "", "layer": "", "source": "osm"}, "geometry": {"type": "LineString", "coordinates": [[116.3095205, 39.9826314], [116.3097219, 39.9818037], [116.3097573, 39.9816584], [116.3098489, 39.9812978]]}}, {"type": "Feature", "properties": {"highway": "service", "name": "", "bridge": "", "tunnel": "", "layer": "", "source": "osm"}, "geometry": {"type": "LineString", "coordinates": [[116.3097573, 39.9816584], [116.3088467, 39.9816356]]}}, {"type": "Feature", "properties": {"highway": "service", "name": "娘娘庙街", "bridge": "", "tunnel": "", "layer": "", "source": "osm"}, "geometry": {"type": "LineString", "coordinates": [[116.3041961, 39.9851228], [116.3042426, 39.984333], [116.3042484, 39.9842346]]}}, {"type": "Feature", "properties": {"highway": "service", "name": "成府园东路", "bridge": "", "tunnel": "", "layer": "", "source": "osm"}, "geometry": {"type": "LineString", "coordinates": [[116.3087734, 39.995109], [116.3088544, 39.9938129], [116.3089338, 39.9928559]]}}, {"type": "Feature", "properties": {"highway": "residential", "name": "", "bridge": "", "tunnel": "", "layer": "", "source": "osm"}, "geometry": {"type": "LineString", "coordinates": [[116.3372161, 39.9913044], [116.3373443, 39.9913076], [116.3373953, 39.9913089], [116.3383852, 39.9913336], [116.3384936, 39.9913363]]}}, {"type": "Feature", "properties": {"highway": "residential", "name": "", "bridge": "", "tunnel": "", "layer": "", "source": "osm"}, "geometry": {"type": "LineString", "coordinates": [[116.3372363, 39.9909801], [116.3383366, 39.9910118], [116.3385308, 39.9910174], [116.3386008, 39.9910188], [116.3392631, 39.991032]]}}, {"type": "Feature", "properties": {"highway": "path", "name": "", "bridge": "", "tunnel": "", "layer": "", "source": "osm"}, "geometry": {"type": "LineString", "coordinates": [[116.3372649, 39.9905185], [116.3386004, 39.9905492]]}}, {"type": "Feature", "properties": {"highway": "tertiary", "name": "中关村南路", "bridge": "", "tunnel": "", "layer": "", "source": "osm"}, "geometry": {"type": "LineString", "coordinates": [[116.3142519, 39.9796563], [116.3143327, 39.9796585], [116.3146623, 39.9796644], [116.3169047, 39.9797043], [116.3187706, 39.9797354], [116.3213845, 39.979661], [116.3216262, 39.9796235], [116.3220204, 39.9796345], [116.3235108, 39.9796759], [116.3236473, 39.9796797], [116.3239347, 39.9796882], [116.3241462, 39.9796936], [116.3255784, 39.9797335], [116.3257254, 39.9797382], [116.326371, 39.9797643], [116.3270527, 39.9797897], [116.3271304, 39.9797745]]}}, {"type": "Feature", "properties": {"highway": "tertiary", "name": "中关村南路", "bridge": "", "tunnel": "", "layer": "", "source": "osm"}, "geometry": {"type": "LineString", "coordinates": [[116.3138576, 39.9796426], [116.3142519, 39.9796563]]}}, {"type": "Feature", "properties": {"highway": "path", "name": "", "bridge": "", "tunnel": "", "layer": "", "source": "osm"}, "geometry": {"type": "LineString", "coordinates": [[116.3038654, 39.9746003], [116.3038534, 39.9750997]]}}, {"type": "Feature", "properties": {"highway": "path", "name": "", "bridge": "", "tunnel": "", "layer": "", "source": "osm"}, "geometry": {"type": "LineString", "coordinates": [[116.3009941, 39.995683], [116.3010668, 39.9955614], [116.3010945, 39.9954198], [116.3011376, 39.9952191], [116.3011099, 39.9950964], [116.3010621, 39.9950259]]}}, {"type": "Feature", "properties": {"highway": "residential", "name": "", "bridge": "", "tunnel": "", "layer": "", "source": "osm"}, "geometry": {"type": "LineString", "coordinates": [[116.2973481, 39.9829863], [116.2972603, 39.9828796], [116.29674, 39.9828498], [116.2958304, 39.9815833], [116.2957101, 39.9814315], [116.2956818, 39.9811277], [116.2956862, 39.9810815], [116.2958336, 39.9795385]]}}, {"type": "Feature", "properties": {"highway": "service", "name": "", "bridge": "", "tunnel": "", "layer": "", "source": "osm"}, "geometry": {"type": "LineString", "coordinates": [[116.3215324, 39.9711], [116.3219619, 39.9711068], [116.3229545, 39.9711425], [116.3239689, 39.9711694], [116.3239779, 39.970286]]}}, {"type": "Feature", "properties": {"highway": "service", "name": "", "bridge": "", "tunnel": "", "layer": "", "source": "osm"}, "geometry": {"type": "LineString", "coordinates": [[116.3239779, 39.970286], [116.3237915, 39.97028], [116.3231189, 39.9702513], [116.3230124, 39.9702468], [116.3220087, 39.9702149], [116.3217379, 39.9702118], [116.3216301, 39.9702528], [116.3215877, 39.9703315], [116.3215689, 39.9705926], [116.3215324, 39.9711], [116.3215128, 39.9714525]]}}, {"type": "Feature", "properties": {"highway": "service", "name": "", "bridge": "", "tunnel": "", "layer": "", "source": "osm"}, "geometry": {"type": "LineString", "coordinates": [[116.3220087, 39.9702149], [116.3219619, 39.9711068]]}}, {"type": "Feature", "properties": {"highway": "footway", "name": "", "bridge": "", "tunnel": "", "layer": "", "source": "osm"}, "geometry": {"type": "LineString", "coordinates": [[116.3215128, 39.9714525], [116.3215092, 39.9715218], [116.3215059, 39.9715836]]}}, {"type": "Feature", "properties": {"highway": "service", "name": "", "bridge": "", "tunnel": "", "layer": "", "source": "osm"}, "geometry": {"type": "LineString", "coordinates": [[116.337822, 39.9884828], [116.3378483, 39.9881578], [116.3378802, 39.9877629], [116.3378998, 39.9875155], [116.3371909, 39.9874865], [116.3370912, 39.9874165]]}}, {"type": "Feature", "properties": {"highway": "service", "name": "", "bridge": "", "tunnel": "", "layer": "", "source": "osm"}, "geometry": {"type": "LineString", "coordinates": [[116.3370434, 39.9881296], [116.3378483, 39.9881578], [116.338738, 39.9881896]]}}, {"type": "Feature", "properties": {"highway": "service", "name": "", "bridge": "", "tunnel": "", "layer": "", "source": "osm"}, "geometry": {"type": "LineString", "coordinates": [[116.3370695, 39.9877397], [116.3378802, 39.9877629], [116.3387395, 39.9877935]]}}, {"type": "Feature", "properties": {"highway": "steps", "name": "", "bridge": "", "tunnel": "", "layer": "", "source": "osm"}, "geometry": {"type": "LineString", "coordinates": [[116.3274963, 39.9820645], [116.3274854, 39.9822205]]}}, {"type": "Feature", "properties": {"highway": "service", "name": "", "bridge": "", "tunnel": "", "layer": "", "source": "osm"}, "geometry": {"type": "LineString", "coordinates": [[116.325894, 39.9935866], [116.3259371, 39.9935404], [116.3260201, 39.9934514]]}}, {"type": "Feature", "properties": {"highway": "unclassified", "name": "", "bridge": "", "tunnel": "", "layer": "", "source": "osm"}, "geometry": {"type": "LineString", "coordinates": [[116.324102, 39.974212], [116.3229926, 39.9741763], [116.3229255, 39.9741738], [116.3229309, 39.974037], [116.322934, 39.9739733], [116.3229356, 39.9739187], [116.3241134, 39.9739501]]}}, {"type": "Feature", "properties": {"highway": "service", "name": "", "bridge": "", "tunnel": "", "layer": "", "source": "osm"}, "geometry": {"type": "LineString", "coordinates": [[116.3370126, 39.9838947], [116.3356985, 39.9838556], [116.3356125, 39.9838532]]}}, {"type": "Feature", "properties": {"highway": "service", "name": "", "bridge": "", "tunnel": "", "layer": "", "source": "osm"}, "geometry": {"type": "LineString", "coordinates": [[116.3268111, 39.9944958], [116.3268755, 39.9944993], [116.3269362, 39.9945014]]}}, {"type": "Feature", "properties": {"highway": "footway", "name": "", "bridge": "", "tunnel": "", "layer": "", "source": "osm"}, "geometry": {"type": "LineString", "coordinates": [[116.3376313, 39.9758124], [116.3378562, 39.9757652], [116.3380087, 39.9757605], [116.3380935, 39.9757746], [116.3382414, 39.975862], [116.3382618, 39.9758955], [116.338283, 39.9759305], [116.3382876, 39.9760143], [116.338286, 39.976104], [116.3383153, 39.9761985], [116.3383646, 39.9762858], [116.3384201, 39.9763448], [116.3385294, 39.9764086], [116.3386219, 39.9764534]]}}, {"type": "Feature", "properties": {"highway": "footway", "name": "", "bridge": "", "tunnel": "", "layer": "", "source": "osm"}, "geometry": {"type": "LineString", "coordinates": [[116.3376005, 39.9766081], [116.3380471, 39.9765632], [116.3384771, 39.9764664], [116.3386219, 39.9764534], [116.3387651, 39.9764582], [116.3390162, 39.9764653], [116.3392171, 39.9764712], [116.3392558, 39.9764711]]}}, {"type": "Feature", "properties": {"highway": "footway", "name": "", "bridge": "", "tunnel": "", "layer": "", "source": "osm"}, "geometry": {"type": "LineString", "coordinates": [[116.3375124, 39.9768832], [116.3375113, 39.9769173], [116.3375088, 39.9769988], [116.3375076, 39.977039], [116.3375047, 39.977186]]}}, {"type": "Feature", "properties": {"highway": "footway", "name": "", "bridge": "", "tunnel": "", "layer": "", "source": "osm"}, "geometry": {"type": "LineString", "coordinates": [[116.3376005, 39.9766081], [116.3376202, 39.9767155], [116.3376294, 39.9767616], [116.337631, 39.9768076], [116.3376171, 39.9768454], [116.3375894, 39.9768643], [116.3375493, 39.9768749], [116.3375124, 39.9768832], [116.3374723, 39.9768773], [116.3374261, 39.9768607], [116.3373968, 39.9768407], [116.3373783, 39.9768088], [116.3373783, 39.9767745], [116.3373876, 39.9767167], [116.3373972, 39.9766128]]}}, {"type": "Feature", "properties": {"highway": "footway", "name": "", "bridge": "", "tunnel": "", "layer": "", "source": "osm"}, "geometry": {"type": "LineString", "coordinates": [[116.3366783, 39.9756361], [116.3367076, 39.9756641], [116.3367861, 39.9757392], [116.3368804, 39.9758296]]}}, {"type": "Feature", "properties": {"highway": "footway", "name": "", "bridge": "", "tunnel": "", "layer": "", "source": "osm"}, "geometry": {"type": "LineString", "coordinates": [[116.3370123, 39.9759583], [116.3370706, 39.9760168]]}}, {"type": "Feature", "properties": {"highway": "footway", "name": "", "bridge": "", "tunnel": "", "layer": "", "source": "osm"}, "geometry": {"type": "LineString", "coordinates": [[116.3368804, 39.9758296], [116.3370123, 39.9759583]]}}, {"type": "Feature", "properties": {"highway": "footway", "name": "", "bridge": "", "tunnel": "", "layer": "", "source": "osm"}, "geometry": {"type": "LineString", "coordinates": [[116.3379917, 39.9764223], [116.3379776, 39.9763016], [116.337967, 39.9762487], [116.3379387, 39.9761904], [116.3378873, 39.9761307], [116.3377829, 39.9760426], [116.3377263, 39.9759911]]}}, {"type": "Feature", "properties": {"highway": "footway", "name": "", "bridge": "", "tunnel": "", "layer": "", "source": "osm"}, "geometry": {"type": "LineString", "coordinates": [[116.3369473, 39.9765786], [116.3369636, 39.9765172], [116.336965, 39.9764721], [116.3369382, 39.9764269], [116.336914, 39.9763786], [116.3369047, 39.9763437], [116.3369194, 39.9763067], [116.3369315, 39.9762717], [116.3369261, 39.9762214], [116.336867, 39.97612]]}}, {"type": "Feature", "properties": {"highway": "footway", "name": "", "bridge": "", "tunnel": "", "layer": "", "source": "osm"}, "geometry": {"type": "LineString", "coordinates": [[116.3375016, 39.9764897], [116.3373813, 39.9764852], [116.3372752, 39.9764622], [116.3371955, 39.9764201], [116.3371513, 39.9763645], [116.3371389, 39.9762954], [116.3371495, 39.9762113], [116.337169, 39.9761394], [116.3371531, 39.9760933], [116.3370706, 39.9760168]]}}, {"type": "Feature", "properties": {"highway": "steps", "name": "", "bridge": "", "tunnel": "", "layer": "", "source": "osm"}, "geometry": {"type": "LineString", "coordinates": [[116.3375016, 39.9764897], [116.3375032, 39.9765794], [116.3375037, 39.9766103]]}}, {"type": "Feature", "properties": {"highway": "living_street", "name": "", "bridge": "", "tunnel": "", "layer": "", "source": "osm"}, "geometry": {"type": "LineString", "coordinates": [[116.3354569, 39.9797483], [116.3353695, 39.9797875], [116.3353512, 39.9798203], [116.3353146, 39.9801743], [116.3351215, 39.9816859]]}}, {"type": "Feature", "properties": {"highway": "service", "name": "", "bridge": "", "tunnel": "", "layer": "", "source": "osm"}, "geometry": {"type": "LineString", "coordinates": [[116.3097681, 39.9822484], [116.3097549, 39.9824113], [116.3097388, 39.9826112]]}}, {"type": "Feature", "properties": {"highway": "cycleway", "name": "", "bridge": "", "tunnel": "", "layer": "", "source": "osm"}, "geometry": {"type": "LineString", "coordinates": [[116.3268223, 39.9963005], [116.3268203, 39.9963419], [116.3267695, 39.9973874], [116.3267594, 39.9978246], [116.3267245, 39.9986498], [116.326715, 39.9989823], [116.3267057, 39.9992068]]}}, {"type": "Feature", "properties": {"highway": "cycleway", "name": "", "bridge": "", "tunnel": "", "layer": "", "source": "osm"}, "geometry": {"type": "LineString", "coordinates": [[116.3261065, 39.9991844], [116.3261131, 39.9989664], [116.3261253, 39.9986292], [116.326156, 39.9978106], [116.326183, 39.9973721], [116.3262391, 39.9963731], [116.3262482, 39.9963299], [116.3262893, 39.9962814]]}}, {"type": "Feature", "properties": {"highway": "residential", "name": "学堂路", "bridge": "", "tunnel": "", "layer": "", "source": "osm"}, "geometry": {"type": "LineString", "coordinates": [[116.3226948, 39.9933456], [116.3226648, 39.9936049], [116.3225155, 39.9948975], [116.3225106, 39.9949387], [116.3225055, 39.9949816], [116.3224784, 39.9952097], [116.3224492, 39.995455], [116.32241, 39.9957842], [116.3223757, 39.9960726], [116.3223681, 39.9961362], [116.3223564, 39.9961772], [116.3221798, 39.9967959], [116.3220397, 39.9976637], [116.3219414, 39.9982932], [116.3218302, 39.9996596], [116.3218259, 39.9997076], [116.3218227, 39.9997561], [116.321819, 39.9998038], [116.3217748, 40.0004112], [116.321732, 40.0009992], [116.3217294, 40.0010219], [116.32169, 40.0013687], [116.3216537, 40.0016083], [116.3216009, 40.0020527], [116.321558, 40.0025741], [116.3214917, 40.0033784], [116.3214335, 40.0040751], [116.3214295, 40.0041221], [116.32139, 40.0045856], [116.3213859, 40.0046342], [116.3213615, 40.0048979], [116.3213073, 40.0056608], [116.3213044, 40.0057001], [116.3212675, 40.0061944], [116.3212648, 40.0062304], [116.3212621, 40.006267], [116.3212417, 40.0065743], [116.3212282, 40.006749], [116.3212123, 40.0069763], [116.3211868, 40.007342], [116.3211841, 40.0073809], [116.3211313, 40.0080066], [116.3211162, 40.0081763], [116.321082, 40.008674]]}}, {"type": "Feature", "properties": {"highway": "footway", "name": "", "bridge": "", "tunnel": "", "layer": "", "source": "osm"}, "geometry": {"type": "LineString", "coordinates": [[116.3012522, 39.9666458], [116.3024278, 39.9667771], [116.3024064, 39.966921]]}}, {"type": "Feature", "properties": {"highway": "residential", "name": "", "bridge": "", "tunnel": "", "layer": "", "source": "osm"}, "geometry": {"type": "LineString", "coordinates": [[116.3328109, 39.9793707], [116.3328765, 39.9792625], [116.3330932, 39.9782339]]}}, {"type": "Feature", "properties": {"highway": "residential", "name": "", "bridge": "", "tunnel": "", "layer": "", "source": "osm"}, "geometry": {"type": "LineString", "coordinates": [[116.3328109, 39.9793707], [116.3327738, 39.9795662], [116.3326823, 39.9801519]]}}, {"type": "Feature", "properties": {"highway": "footway", "name": "", "bridge": "", "tunnel": "", "layer": "-1", "source": "osm"}, "geometry": {"type": "LineString", "coordinates": [[116.3286649, 39.9810979], [116.3287135, 39.9808611], [116.3295851, 39.9809301], [116.3296146, 39.9806443]]}}, {"type": "Feature", "properties": {"highway": "residential", "name": "", "bridge": "", "tunnel": "", "layer": "", "source": "osm"}, "geometry": {"type": "LineString", "coordinates": [[116.3283071, 39.9907851], [116.3288974, 39.9908045], [116.3300025, 39.9908333]]}}, {"type": "Feature", "properties": {"highway": "cycleway", "name": "", "bridge": "", "tunnel": "", "layer": "", "source": "osm"}, "geometry": {"type": "LineString", "coordinates": [[116.3267245, 39.9986498], [116.3266316, 39.9986466], [116.3262105, 39.9986321], [116.3261253, 39.9986292], [116.3261095, 39.9986283], [116.3252034, 39.998605], [116.3249297, 39.9986251]]}}, {"type": "Feature", "properties": {"highway": "service", "name": "", "bridge": "", "tunnel": "", "layer": "", "source": "osm"}, "geometry": {"type": "LineString", "coordinates": [[116.3225055, 39.9949816], [116.3225589, 39.9949829], [116.3236654, 39.9950109], [116.323725, 39.9950124], [116.3247374, 39.995038], [116.3253844, 39.9950511], [116.3260033, 39.9950637]]}}, {"type": "Feature", "properties": {"highway": "service", "name": "", "bridge": "", "tunnel": "", "layer": "", "source": "osm"}, "geometry": {"type": "LineString", "coordinates": [[116.3246777, 39.9962766], [116.3246744, 39.9962215], [116.3246765, 39.9961812], [116.3247317, 39.9951444], [116.3247374, 39.995038]]}}, {"type": "Feature", "properties": {"highway": "cycleway", "name": "", "bridge": "", "tunnel": "", "layer": "", "source": "osm"}, "geometry": {"type": "LineString", "coordinates": [[116.3260033, 39.9950637], [116.3260777, 39.9952241], [116.3262274, 39.9953384], [116.3263986, 39.9954428], [116.3264441, 39.9954575]]}}, {"type": "Feature", "properties": {"highway": "cycleway", "name": "", "bridge": "", "tunnel": "", "layer": "", "source": "osm"}, "geometry": {"type": "LineString", "coordinates": [[116.3338269, 39.9994562], [116.333657, 39.9994527], [116.3320927, 39.9993921], [116.3319334, 39.9993111], [116.3317744, 39.9992897], [116.3311361, 39.9992782]]}}, {"type": "Feature", "properties": {"highway": "tertiary", "name": "双清路", "bridge": "", "tunnel": "", "layer": "", "source": "osm"}, "geometry": {"type": "LineString", "coordinates": [[116.3320927, 39.9993921], [116.3320453, 39.9993141]]}}, {"type": "Feature", "properties": {"highway": "cycleway", "name": "", "bridge": "", "tunnel": "", "layer": "", "source": "osm"}, "geometry": {"type": "LineString", "coordinates": [[116.3320847, 39.9991585], [116.3321593, 39.9991193], [116.3335726, 39.9991507], [116.3336397, 39.9991522], [116.3337732, 39.9991508]]}}, {"type": "Feature", "properties": {"highway": "service", "name": "", "bridge": "", "tunnel": "", "layer": "", "source": "osm"}, "geometry": {"type": "LineString", "coordinates": [[116.3307075, 39.9978398], [116.3306736, 39.9989407], [116.330668, 39.9991433]]}}, {"type": "Feature", "properties": {"highway": "residential", "name": "", "bridge": "", "tunnel": "", "layer": "", "source": "osm"}, "geometry": {"type": "LineString", "coordinates": [[116.3266349, 39.9663702], [116.3265869, 39.9669247]]}}, {"type": "Feature", "properties": {"highway": "residential", "name": "", "bridge": "", "tunnel": "", "layer": "", "source": "osm"}, "geometry": {"type": "LineString", "coordinates": [[116.3256638, 39.9673062], [116.3256787, 39.9670861], [116.3257398, 39.9663408]]}}, {"type": "Feature", "properties": {"highway": "residential", "name": "大钟寺北路", "bridge": "", "tunnel": "", "layer": "", "source": "osm"}, "geometry": {"type": "LineString", "coordinates": [[116.3327312, 39.9693269], [116.3309459, 39.9691913], [116.3308655, 39.9692078], [116.330797, 39.9695585]]}}, {"type": "Feature", "properties": {"highway": "residential", "name": "白塔庵路", "bridge": "", "tunnel": "", "layer": "", "source": "osm"}, "geometry": {"type": "LineString", "coordinates": [[116.3304965, 39.9726566], [116.3313319, 39.9726664], [116.3321056, 39.9726828]]}}, {"type": "Feature", "properties": {"highway": "residential", "name": "", "bridge": "", "tunnel": "", "layer": "", "source": "osm"}, "geometry": {"type": "LineString", "coordinates": [[116.335934, 39.9674652], [116.3359782, 39.9664662]]}}, {"type": "Feature", "properties": {"highway": "residential", "name": "", "bridge": "", "tunnel": "", "layer": "", "source": "osm"}, "geometry": {"type": "LineString", "coordinates": [[116.3287007, 39.988175], [116.3287888, 39.9881111], [116.3300563, 39.9875854], [116.3301938, 39.9875228], [116.3303332, 39.9874212], [116.3303921, 39.9873513], [116.3303937, 39.9865538], [116.3303962, 39.9864946], [116.3304003, 39.9863988]]}}, {"type": "Feature", "properties": {"highway": "residential", "name": "", "bridge": "", "tunnel": "", "layer": "", "source": "osm"}, "geometry": {"type": "LineString", "coordinates": [[116.3285724, 39.9889029], [116.3290133, 39.9889121], [116.3294001, 39.9889202], [116.3302295, 39.9889696], [116.3307085, 39.9889982], [116.3310303, 39.9890064], [116.3311968, 39.9890078], [116.3313679, 39.9890132]]}}, {"type": "Feature", "properties": {"highway": "residential", "name": "", "bridge": "", "tunnel": "", "layer": "", "source": "osm"}, "geometry": {"type": "LineString", "coordinates": [[116.3296598, 39.9890432], [116.3296724, 39.9891473], [116.3296377, 39.9894546], [116.3296061, 39.9895345], [116.329584, 39.9899242], [116.329584, 39.9900185], [116.3296124, 39.9901226], [116.3296093, 39.990217], [116.3295342, 39.990296], [116.3294226, 39.9903103], [116.3291534, 39.9903042], [116.3286226, 39.9902984], [116.328613, 39.9902983], [116.3285901, 39.9902984], [116.3283544, 39.990283], [116.328425, 39.9898392], [116.3285568, 39.9890003], [116.3285636, 39.9889571], [116.3285724, 39.9889029], [116.3285904, 39.9887929], [116.3286387, 39.9884807], [116.3287007, 39.988175]]}}, {"type": "Feature", "properties": {"highway": "service", "name": "", "bridge": "", "tunnel": "", "layer": "", "source": "osm"}, "geometry": {"type": "LineString", "coordinates": [[116.2966623, 39.9722241], [116.296473, 39.9720443], [116.2963088, 39.9719229]]}}, {"type": "Feature", "properties": {"highway": "service", "name": "", "bridge": "", "tunnel": "", "layer": "-1", "source": "osm"}, "geometry": {"type": "LineString", "coordinates": [[116.296473, 39.9720443], [116.295917, 39.9727769], [116.2959197, 39.9729598], [116.2959868, 39.9731469], [116.2965232, 39.9734038], [116.2966096, 39.97341]]}}, {"type": "Feature", "properties": {"highway": "service", "name": "", "bridge": "", "tunnel": "", "layer": "", "source": "osm"}, "geometry": {"type": "LineString", "coordinates": [[116.3169645, 39.9686431], [116.3170464, 39.9671442]]}}, {"type": "Feature", "properties": {"highway": "service", "name": "", "bridge": "", "tunnel": "", "layer": "", "source": "osm"}, "geometry": {"type": "LineString", "coordinates": [[116.3241136, 39.9977607], [116.3247498, 39.9977697]]}}, {"type": "Feature", "properties": {"highway": "service", "name": "", "bridge": "", "tunnel": "", "layer": "", "source": "osm"}, "geometry": {"type": "LineString", "coordinates": [[116.3219414, 39.9982932], [116.3220009, 39.9982935], [116.3221767, 39.9982918], [116.3222666, 39.9982909]]}}, {"type": "Feature", "properties": {"highway": "residential", "name": "光华路", "bridge": "", "tunnel": "", "layer": "", "source": "osm"}, "geometry": {"type": "LineString", "coordinates": [[116.3290733, 39.9987639], [116.329122, 39.9988995], [116.3291157, 39.9991028], [116.3291146, 39.9991365], [116.3290945, 39.9995653], [116.3290861, 39.9997693], [116.3290667, 40.0000752]]}}, {"type": "Feature", "properties": {"highway": "service", "name": "", "bridge": "", "tunnel": "", "layer": "", "source": "osm"}, "geometry": {"type": "LineString", "coordinates": [[116.3097549, 39.9824113], [116.309844, 39.9824135], [116.3099216, 39.9824138]]}}, {"type": "Feature", "properties": {"highway": "service", "name": "", "bridge": "", "tunnel": "", "layer": "", "source": "osm"}, "geometry": {"type": "LineString", "coordinates": [[116.3098368, 39.9825151], [116.309844, 39.9824135], [116.3098531, 39.9822478]]}}, {"type": "Feature", "properties": {"highway": "service", "name": "", "bridge": "", "tunnel": "", "layer": "", "source": "osm"}, "geometry": {"type": "LineString", "coordinates": [[116.3099158, 39.9825048], [116.3099216, 39.9824138], [116.3099321, 39.9822492]]}}, {"type": "Feature", "properties": {"highway": "cycleway", "name": "", "bridge": "", "tunnel": "", "layer": "", "source": "osm"}, "geometry": {"type": "LineString", "coordinates": [[116.2991409, 39.9933028], [116.2991786, 39.9933027]]}}, {"type": "Feature", "properties": {"highway": "cycleway", "name": "", "bridge": "yes", "tunnel": "", "layer": "1", "source": "osm"}, "geometry": {"type": "LineString", "coordinates": [[116.2988775, 39.9933047], [116.2991409, 39.9933028]]}}, {"type": "Feature", "properties": {"highway": "service", "name": "", "bridge": "", "tunnel": "", "layer": "", "source": "osm"}, "geometry": {"type": "LineString", "coordinates": [[116.2955971, 39.9931604], [116.2955723, 39.9930571], [116.2955271, 39.9930034], [116.2954409, 39.9929686], [116.2951203, 39.9929306], [116.2944557, 39.991624], [116.2944198, 39.9912883]]}}, {"type": "Feature", "properties": {"highway": "service", "name": "", "bridge": "", "tunnel": "", "layer": "", "source": "osm"}, "geometry": {"type": "LineString", "coordinates": [[116.3214143, 39.9941705], [116.3222944, 39.9942197]]}}, {"type": "Feature", "properties": {"highway": "service", "name": "", "bridge": "", "tunnel": "", "layer": "", "source": "osm"}, "geometry": {"type": "LineString", "coordinates": [[116.3213549, 39.9944939], [116.32224, 39.994537]]}}, {"type": "Feature", "properties": {"highway": "service", "name": "", "bridge": "", "tunnel": "", "layer": "", "source": "osm"}, "geometry": {"type": "LineString", "coordinates": [[116.3214395, 39.9939739], [116.3204452, 39.9939193]]}}, {"type": "Feature", "properties": {"highway": "service", "name": "", "bridge": "", "tunnel": "", "layer": "", "source": "osm"}, "geometry": {"type": "LineString", "coordinates": [[116.3202854, 39.9942698], [116.3213937, 39.9943319]]}}, {"type": "Feature", "properties": {"highway": "service", "name": "", "bridge": "", "tunnel": "", "layer": "", "source": "osm"}, "geometry": {"type": "LineString", "coordinates": [[116.3214798, 39.9936594], [116.320538, 39.9936015]]}}, {"type": "Feature", "properties": {"highway": "service", "name": "", "bridge": "", "tunnel": "", "layer": "", "source": "osm"}, "geometry": {"type": "LineString", "coordinates": [[116.3214585, 39.9938259], [116.322321, 39.9938737]]}}, {"type": "Feature", "properties": {"highway": "service", "name": "", "bridge": "", "tunnel": "", "layer": "", "source": "osm"}, "geometry": {"type": "LineString", "coordinates": [[116.3236827, 39.9961919], [116.3236791, 39.9962442], [116.3236784, 39.9962743], [116.3236743, 39.9963311], [116.3236402, 39.9968029]]}}, {"type": "Feature", "properties": {"highway": "secondary", "name": "王庄路", "bridge": "", "tunnel": "", "layer": "", "source": "osm"}, "geometry": {"type": "LineString", "coordinates": [[116.3337709, 39.9992491], [116.3337732, 39.9991508], [116.3337696, 39.999113], [116.3337654, 39.9990467], [116.3337748, 39.9987032]]}}, {"type": "Feature", "properties": {"highway": "secondary", "name": "", "bridge": "", "tunnel": "", "layer": "", "source": "osm"}, "geometry": {"type": "LineString", "coordinates": [[116.3338269, 39.9994562], [116.3337961, 39.9993739]]}}, {"type": "Feature", "properties": {"highway": "service", "name": "", "bridge": "", "tunnel": "", "layer": "", "source": "osm"}, "geometry": {"type": "LineString", "coordinates": [[116.3235883, 39.997725], [116.3235212, 39.9977228], [116.3234715, 39.9977211], [116.3233496, 39.9977171], [116.3225287, 39.9976872], [116.3224182, 39.9976829], [116.3221123, 39.9976657], [116.3220397, 39.9976637]]}}, {"type": "Feature", "properties": {"highway": "footway", "name": "", "bridge": "", "tunnel": "", "layer": "", "source": "osm"}, "geometry": {"type": "LineString", "coordinates": [[116.3348428, 39.9991704], [116.3348696, 39.999105], [116.3350278, 39.999068], [116.3357037, 39.9990187], [116.3361945, 39.9991235], [116.3366801, 39.9990619], [116.3371285, 39.9989969], [116.3372841, 39.9990442], [116.3374525, 39.99908], [116.3382518, 39.9990865], [116.3385227, 39.9990084], [116.3391342, 39.9990384]]}}, {"type": "Feature", "properties": {"highway": "footway", "name": "", "bridge": "", "tunnel": "", "layer": "", "source": "osm"}, "geometry": {"type": "LineString", "coordinates": [[116.3374603, 39.9979503], [116.33754, 39.9979828], [116.3376077, 39.9980526], [116.3376826, 39.9981335]]}}, {"type": "Feature", "properties": {"highway": "footway", "name": "", "bridge": "", "tunnel": "", "layer": "", "source": "osm"}, "geometry": {"type": "LineString", "coordinates": [[116.3369698, 39.9977091], [116.33696, 39.9976169]]}}, {"type": "Feature", "properties": {"highway": "footway", "name": "", "bridge": "", "tunnel": "", "layer": "", "source": "osm"}, "geometry": {"type": "LineString", "coordinates": [[116.3362798, 39.9977501], [116.3363609, 39.9977653], [116.3364494, 39.9978537], [116.3366363, 39.9978434]]}}, {"type": "Feature", "properties": {"highway": "residential", "name": "", "bridge": "", "tunnel": "", "layer": "", "source": "osm"}, "geometry": {"type": "LineString", "coordinates": [[116.3362891, 39.9975839], [116.3362798, 39.9977501], [116.3361945, 39.9991235], [116.336192, 39.9992054], [116.336192, 39.9993103]]}}, {"type": "Feature", "properties": {"highway": "cycleway", "name": "海淀三山五园绿道", "bridge": "", "tunnel": "", "layer": "", "source": "osm"}, "geometry": {"type": "LineString", "coordinates": [[116.2945315, 39.993562], [116.2945504, 39.9945449], [116.2945757, 39.9955622], [116.2946226, 39.9956507], [116.2947092, 39.9957115], [116.29485, 39.9957419], [116.2975145, 39.9958415], [116.2983239, 39.9958811], [116.2983832, 39.9958863], [116.2985027, 39.9958967], [116.2986634, 39.995924], [116.2989492, 39.9959749], [116.2993524, 39.9960452], [116.2995081, 39.9960628], [116.2997046, 39.9960863], [116.2999827, 39.9961195], [116.3001537, 39.9961391], [116.3002991, 39.9961508], [116.3004981, 39.9961723], [116.3007584, 39.9962016], [116.3009294, 39.996229], [116.3010391, 39.9962544], [116.3011059, 39.9962773]]}}, {"type": "Feature", "properties": {"highway": "tertiary", "name": "北四环西路", "bridge": "", "tunnel": "", "layer": "", "source": "osm"}, "geometry": {"type": "LineString", "coordinates": [[116.2947975, 39.9830229], [116.2948346, 39.983027], [116.294894, 39.9830336], [116.2959066, 39.9831671], [116.2967011, 39.9832718], [116.29782, 39.9835283], [116.2983238, 39.9835779], [116.2990689, 39.9836151], [116.2991572, 39.9836195], [116.2992109, 39.9836206], [116.2992698, 39.9836218], [116.2994076, 39.9836246]]}}, {"type": "Feature", "properties": {"highway": "tertiary", "name": "北四环西路", "bridge": "yes", "tunnel": "", "layer": "1", "source": "osm"}, "geometry": {"type": "LineString", "coordinates": [[116.2944706, 39.9829743], [116.2947975, 39.9830229]]}}, {"type": "Feature", "properties": {"highway": "tertiary", "name": "万泉河路", "bridge": "", "tunnel": "", "layer": "", "source": "osm"}, "geometry": {"type": "LineString", "coordinates": [[116.2947307, 39.9829067], [116.294894, 39.9830336]]}}, {"type": "Feature", "properties": {"highway": "tertiary", "name": "万泉河路", "bridge": "yes", "tunnel": "", "layer": "1", "source": "osm"}, "geometry": {"type": "LineString", "coordinates": [[116.2945863, 39.9827883], [116.2947307, 39.9829067]]}}, {"type": "Feature", "properties": {"highway": "primary", "name": "中关村北大街", "bridge": "", "tunnel": "", "layer": "", "source": "osm"}, "geometry": {"type": "LineString", "coordinates": [[116.3089783, 39.9982637], [116.3089599, 39.9978701], [116.3089791, 39.9972809], [116.309015, 39.9968723], [116.3090285, 39.9967526], [116.3090512, 39.9965512], [116.3090612, 39.9964623], [116.3090675, 39.9964061], [116.3091058, 39.9959913], [116.3091165, 39.9958754], [116.3092361, 39.9946011], [116.3092558, 39.9943916], [116.3092761, 39.9941911], [116.3093106, 39.993816], [116.3093789, 39.9928981], [116.3094756, 39.9926209], [116.3095618, 39.9917752], [116.3096429, 39.9910041], [116.3096489, 39.9909079], [116.3096421, 39.9908058]]}}, {"type": "Feature", "properties": {"highway": "primary", "name": "中关村北大街", "bridge": "yes", "tunnel": "", "layer": "1", "source": "osm"}, "geometry": {"type": "LineString", "coordinates": [[116.308986, 39.9984452], [116.3089805, 39.9983157], [116.3089783, 39.9982637]]}}, {"type": "Feature", "properties": {"highway": "primary", "name": "中关村北大街", "bridge": "", "tunnel": "", "layer": "", "source": "osm"}, "geometry": {"type": "LineString", "coordinates": [[116.3091332, 39.9984361], [116.3091352, 39.9984759], [116.3091413, 39.9985965]]}}, {"type": "Feature", "properties": {"highway": "primary", "name": "中关村北大街", "bridge": "yes", "tunnel": "", "layer": "1", "source": "osm"}, "geometry": {"type": "LineString", "coordinates": [[116.3091251, 39.9982551], [116.3091332, 39.9984361]]}}, {"type": "Feature", "properties": {"highway": "tertiary", "name": "", "bridge": "", "tunnel": "", "layer": "", "source": "osm"}, "geometry": {"type": "LineString", "coordinates": [[116.3346496, 39.9846289], [116.3346473, 39.9847033]]}}, {"type": "Feature", "properties": {"highway": "secondary", "name": "", "bridge": "", "tunnel": "", "layer": "", "source": "osm"}, "geometry": {"type": "LineString", "coordinates": [[116.3346144, 39.9853742], [116.3346134, 39.985395], [116.3346095, 39.9854432]]}}, {"type": "Feature", "properties": {"highway": "footway", "name": "", "bridge": "", "tunnel": "", "layer": "", "source": "osm"}, "geometry": {"type": "LineString", "coordinates": [[116.3032716, 39.9891757], [116.3032737, 39.9889833], [116.3032769, 39.988702], [116.3032817, 39.988269], [116.3032835, 39.9881036]]}}, {"type": "Feature", "properties": {"highway": "footway", "name": "", "bridge": "", "tunnel": "", "layer": "", "source": "osm"}, "geometry": {"type": "LineString", "coordinates": [[116.3028161, 39.9891706], [116.3028364, 39.9887073], [116.3028556, 39.9882687], [116.3027623, 39.9882689], [116.3026852, 39.9882691], [116.3024563, 39.9882696]]}}, {"type": "Feature", "properties": {"highway": "footway", "name": "", "bridge": "", "tunnel": "", "layer": "", "source": "osm"}, "geometry": {"type": "LineString", "coordinates": [[116.3024429, 39.9891663], [116.3024498, 39.9887038], [116.3024563, 39.9882696], [116.3024227, 39.9879607], [116.3024047, 39.9879062], [116.3023819, 39.9878375], [116.3022874, 39.9877652], [116.3021267, 39.9877377], [116.3020246, 39.9877338]]}}, {"type": "Feature", "properties": {"highway": "service", "name": "", "bridge": "", "tunnel": "", "layer": "", "source": "osm"}, "geometry": {"type": "LineString", "coordinates": [[116.3099868, 39.9919449], [116.3100405, 39.9911833], [116.3100909, 39.9911547], [116.3105684, 39.9911512]]}}, {"type": "Feature", "properties": {"highway": "service", "name": "三才堂路", "bridge": "", "tunnel": "", "layer": "", "source": "osm"}, "geometry": {"type": "LineString", "coordinates": [[116.3246386, 39.9912138], [116.3246898, 39.9911374], [116.3252377, 39.9903063], [116.3254246, 39.9900227], [116.3254641, 39.9899434], [116.3253258, 39.9898599], [116.3254855, 39.9896092], [116.3254963, 39.9895545], [116.3254891, 39.9894799]]}}, {"type": "Feature", "properties": {"highway": "footway", "name": "", "bridge": "", "tunnel": "", "layer": "", "source": "osm"}, "geometry": {"type": "LineString", "coordinates": [[116.3274497, 39.9851549], [116.3275392, 39.9851612], [116.3280619, 39.9851748], [116.328783, 39.9852342], [116.3292622, 39.985289]]}}, {"type": "Feature", "properties": {"highway": "footway", "name": "", "bridge": "", "tunnel": "", "layer": "", "source": "osm"}, "geometry": {"type": "LineString", "coordinates": [[116.3267217, 39.9866521], [116.326765, 39.9866547], [116.3268259, 39.9866583], [116.3269521, 39.9866626], [116.3270641, 39.9866664], [116.327167, 39.9866699], [116.3272468, 39.986672], [116.327293, 39.9866743]]}}, {"type": "Feature", "properties": {"highway": "service", "name": "", "bridge": "", "tunnel": "", "layer": "", "source": "osm"}, "geometry": {"type": "LineString", "coordinates": [[116.3292004, 39.9916083], [116.3292013, 39.9916658], [116.329202, 39.9917122], [116.3292137, 39.9917887]]}}, {"type": "Feature", "properties": {"highway": "service", "name": "", "bridge": "", "tunnel": "", "layer": "", "source": "osm"}, "geometry": {"type": "LineString", "coordinates": [[116.3347794, 39.9919228], [116.3348133, 39.9918728], [116.3348255, 39.9918106], [116.3348263, 39.991789], [116.3348293, 39.9917578], [116.3348373, 39.9916744]]}}, {"type": "Feature", "properties": {"highway": "service", "name": "", "bridge": "", "tunnel": "", "layer": "", "source": "osm"}, "geometry": {"type": "LineString", "coordinates": [[116.3344799, 39.9922068], [116.3344878, 39.992079], [116.3347794, 39.9919228], [116.3349889, 39.9919237]]}}, {"type": "Feature", "properties": {"highway": "footway", "name": "", "bridge": "yes", "tunnel": "", "layer": "1", "source": "osm"}, "geometry": {"type": "LineString", "coordinates": [[116.3035722, 39.992568], [116.3033865, 39.9925504]]}}, {"type": "Feature", "properties": {"highway": "footway", "name": "", "bridge": "", "tunnel": "", "layer": "", "source": "osm"}, "geometry": {"type": "LineString", "coordinates": [[116.3001184, 39.9916336], [116.3006844, 39.9915941], [116.3013742, 39.9915984]]}}, {"type": "Feature", "properties": {"highway": "footway", "name": "", "bridge": "", "tunnel": "", "layer": "", "source": "osm"}, "geometry": {"type": "LineString", "coordinates": [[116.2994191, 39.9927301], [116.2993646, 39.9928077], [116.2992913, 39.9928671], [116.299183, 39.9929249], [116.2991613, 39.9929329], [116.2991329, 39.9929457]]}}, {"type": "Feature", "properties": {"highway": "footway", "name": "", "bridge": "", "tunnel": "", "layer": "", "source": "osm"}, "geometry": {"type": "LineString", "coordinates": [[116.2991613, 39.9929329], [116.2991656, 39.9929021], [116.2991674, 39.9928689], [116.2991548, 39.9928343], [116.2991548, 39.9927942], [116.2991711, 39.9927376], [116.2991981, 39.9926795], [116.2992649, 39.9926435], [116.2993371, 39.99262], [116.2994166, 39.9926118], [116.3001954, 39.992616]]}}, {"type": "Feature", "properties": {"highway": "footway", "name": "", "bridge": "", "tunnel": "", "layer": "", "source": "osm"}, "geometry": {"type": "LineString", "coordinates": [[116.2997931, 39.9940052], [116.2997848, 39.9940173], [116.2997817, 39.9940307], [116.2997841, 39.9940438], [116.2997915, 39.9940558], [116.2998032, 39.9940656], [116.2998182, 39.9940722], [116.2998352, 39.994075], [116.2998538, 39.9940735], [116.2998708, 39.9940675], [116.2998844, 39.9940576], [116.299893, 39.9940449], [116.2998958, 39.9940307], [116.2998929, 39.9940174], [116.2998848, 39.9940055], [116.2998723, 39.993996], [116.2998567, 39.9939899], [116.2998393, 39.9939877], [116.2998217, 39.9939896], [116.2998058, 39.9939957], [116.2997931, 39.9940052]]}}, {"type": "Feature", "properties": {"highway": "footway", "name": "", "bridge": "", "tunnel": "", "layer": "", "source": "osm"}, "geometry": {"type": "LineString", "coordinates": [[116.3047886, 39.9913177], [116.3047631, 39.9917798]]}}, {"type": "Feature", "properties": {"highway": "footway", "name": "", "bridge": "", "tunnel": "", "layer": "", "source": "osm"}, "geometry": {"type": "LineString", "coordinates": [[116.2996095, 39.9796831], [116.2996573, 39.9796849], [116.2997586, 39.9796887], [116.2998458, 39.979692], [116.2999434, 39.9796958], [116.3000015, 39.9796981]]}}, {"type": "Feature", "properties": {"highway": "footway", "name": "", "bridge": "", "tunnel": "", "layer": "", "source": "osm"}, "geometry": {"type": "LineString", "coordinates": [[116.299576, 39.9798743], [116.2995765, 39.9798634], [116.2995823, 39.9797945], [116.2995907, 39.9796965]]}}, {"type": "Feature", "properties": {"highway": "footway", "name": "", "bridge": "", "tunnel": "", "layer": "", "source": "osm"}, "geometry": {"type": "LineString", "coordinates": [[116.2941606, 39.9981679], [116.2939717, 39.9981613], [116.2938988, 39.9981564], [116.2938409, 39.9981465], [116.2929182, 39.9980512], [116.2928302, 39.9980298], [116.2927787, 39.9979969], [116.2927508, 39.9979525], [116.2927529, 39.9979082], [116.2928174, 39.9978588], [116.2935488, 39.9971361], [116.2942893, 39.9964221]]}}, {"type": "Feature", "properties": {"highway": "secondary", "name": "清华东路", "bridge": "", "tunnel": "", "layer": "", "source": "osm"}, "geometry": {"type": "LineString", "coordinates": [[116.3309465, 39.9991713], [116.3310452, 39.9991033]]}}, {"type": "Feature", "properties": {"highway": "secondary", "name": "荷清路", "bridge": "", "tunnel": "", "layer": "", "source": "osm"}, "geometry": {"type": "LineString", "coordinates": [[116.3311311, 39.9975242], [116.3311213, 39.997658], [116.3311044, 39.9978885], [116.3311042, 39.9979459], [116.3310516, 39.9989766], [116.3310452, 39.9991033]]}}, {"type": "Feature", "properties": {"highway": "secondary", "name": "清华东路", "bridge": "", "tunnel": "", "layer": "", "source": "osm"}, "geometry": {"type": "LineString", "coordinates": [[116.3310452, 39.9991033], [116.331173, 39.9991046], [116.331225, 39.9991059], [116.3314539, 39.9991092], [116.3315586, 39.9991116], [116.331793, 39.999124], [116.3318798, 39.9991318], [116.3319389, 39.9991371], [116.3320847, 39.9991585], [116.3322365, 39.9991899], [116.3324851, 39.9992016], [116.3325131, 39.9992029], [116.3336013, 39.999234], [116.3336551, 39.9992388], [116.3337709, 39.9992491]]}}, {"type": "Feature", "properties": {"highway": "secondary", "name": "王庄路", "bridge": "", "tunnel": "", "layer": "", "source": "osm"}, "geometry": {"type": "LineString", "coordinates": [[116.3337961, 39.9993739], [116.3337709, 39.9992491]]}}, {"type": "Feature", "properties": {"highway": "residential", "name": "", "bridge": "", "tunnel": "", "layer": "", "source": "osm"}, "geometry": {"type": "LineString", "coordinates": [[116.32542, 39.9884715], [116.3242365, 39.9884384], [116.3241232, 39.9884385], [116.3240231, 39.9884272], [116.3239287, 39.9884056]]}}, {"type": "Feature", "properties": {"highway": "residential", "name": "", "bridge": "", "tunnel": "", "layer": "", "source": "osm"}, "geometry": {"type": "LineString", "coordinates": [[116.3238987, 39.9867753], [116.3239724, 39.9859055], [116.3239737, 39.9858903], [116.3239737, 39.985439], [116.3239737, 39.9854218], [116.3239807, 39.9853374], [116.3240072, 39.9850166], [116.324013, 39.9849459], [116.324022, 39.984837]]}}, {"type": "Feature", "properties": {"highway": "residential", "name": "", "bridge": "", "tunnel": "", "layer": "", "source": "osm"}, "geometry": {"type": "LineString", "coordinates": [[116.3357781, 39.9929191], [116.3357835, 39.9927795], [116.3358454, 39.9927185], [116.3358585, 39.9927056], [116.3358853, 39.9926974], [116.3361117, 39.9927043], [116.3370978, 39.9927343]]}}, {"type": "Feature", "properties": {"highway": "residential", "name": "", "bridge": "", "tunnel": "", "layer": "", "source": "osm"}, "geometry": {"type": "LineString", "coordinates": [[116.3356685, 39.9934699], [116.334594, 39.9934269], [116.3341501, 39.9934092]]}}, {"type": "Feature", "properties": {"highway": "service", "name": "", "bridge": "", "tunnel": "", "layer": "", "source": "osm"}, "geometry": {"type": "LineString", "coordinates": [[116.3157502, 39.9984395], [116.3168289, 39.9984983], [116.3171239, 39.9985147], [116.3173653, 39.9984942], [116.3176765, 39.9984162], [116.3179608, 39.9983884]]}}, {"type": "Feature", "properties": {"highway": "path", "name": "", "bridge": "", "tunnel": "", "layer": "", "source": "osm"}, "geometry": {"type": "LineString", "coordinates": [[116.3005967, 39.9701549], [116.2998179, 39.9701197]]}}, {"type": "Feature", "properties": {"highway": "path", "name": "", "bridge": "", "tunnel": "", "layer": "", "source": "osm"}, "geometry": {"type": "LineString", "coordinates": [[116.3004406, 39.9715743], [116.3003654, 39.9715701], [116.2987656, 39.9714812]]}}, {"type": "Feature", "properties": {"highway": "path", "name": "", "bridge": "", "tunnel": "", "layer": "", "source": "osm"}, "geometry": {"type": "LineString", "coordinates": [[116.2999547, 39.965432], [116.2999291, 39.9665423]]}}, {"type": "Feature", "properties": {"highway": "path", "name": "", "bridge": "", "tunnel": "", "layer": "", "source": "osm"}, "geometry": {"type": "LineString", "coordinates": [[116.3008962, 39.9666211], [116.3007529, 39.9666083], [116.3003873, 39.9665756], [116.2999291, 39.9665423]]}}, {"type": "Feature", "properties": {"highway": "service", "name": "", "bridge": "", "tunnel": "", "layer": "", "source": "osm"}, "geometry": {"type": "LineString", "coordinates": [[116.3230124, 39.9702468], [116.3229545, 39.9711425]]}}, {"type": "Feature", "properties": {"highway": "service", "name": "", "bridge": "", "tunnel": "", "layer": "", "source": "osm"}, "geometry": {"type": "LineString", "coordinates": [[116.3240029, 39.9701577], [116.3239904, 39.9702218], [116.3239779, 39.970286]]}}, {"type": "Feature", "properties": {"highway": "service", "name": "", "bridge": "", "tunnel": "", "layer": "", "source": "osm"}, "geometry": {"type": "LineString", "coordinates": [[116.2967924, 39.9855461], [116.2968691, 39.9854463], [116.2969169, 39.9853243], [116.2969033, 39.9851467], [116.2968996, 39.9848768], [116.2969638, 39.9842127], [116.296969, 39.9841584]]}}, {"type": "Feature", "properties": {"highway": "footway", "name": "", "bridge": "", "tunnel": "", "layer": "", "source": "osm"}, "geometry": {"type": "LineString", "coordinates": [[116.3279457, 39.9948933], [116.3278906, 39.9949295], [116.3278056, 39.9949787], [116.327771, 39.9950046]]}}, {"type": "Feature", "properties": {"highway": "service", "name": "", "bridge": "", "tunnel": "", "layer": "", "source": "osm"}, "geometry": {"type": "LineString", "coordinates": [[116.3278337, 39.9947177], [116.3279177, 39.9947248], [116.3279666, 39.9947409], [116.3279944, 39.9947722], [116.327991, 39.9948401], [116.327991, 39.9948618], [116.328071, 39.9949291], [116.3284215, 39.9952236], [116.3284368, 39.9952364], [116.3285358, 39.99532], [116.3288956, 39.9956133]]}}, {"type": "Feature", "properties": {"highway": "service", "name": "", "bridge": "", "tunnel": "", "layer": "", "source": "osm"}, "geometry": {"type": "LineString", "coordinates": [[116.328071, 39.9949291], [116.328427, 39.9949343], [116.3285347, 39.9949365], [116.3285358, 39.99532]]}}, {"type": "Feature", "properties": {"highway": "footway", "name": "", "bridge": "", "tunnel": "", "layer": "", "source": "osm"}, "geometry": {"type": "LineString", "coordinates": [[116.3283988, 39.9952412], [116.3284215, 39.9952236]]}}, {"type": "Feature", "properties": {"highway": "steps", "name": "", "bridge": "", "tunnel": "", "layer": "", "source": "osm"}, "geometry": {"type": "LineString", "coordinates": [[116.3288956, 39.9956133], [116.3289525, 39.9956597]]}}, {"type": "Feature", "properties": {"highway": "footway", "name": "", "bridge": "", "tunnel": "", "layer": "", "source": "osm"}, "geometry": {"type": "LineString", "coordinates": [[116.3277531, 39.994739], [116.3269088, 39.9940506], [116.3268698, 39.993996], [116.3268914, 39.9934529], [116.3268927, 39.9934207], [116.3269426, 39.9928051], [116.326957, 39.9926818], [116.3269701, 39.9924499], [116.3269874, 39.9921427], [116.3270081, 39.9917363], [116.327045, 39.9916198], [116.3275089, 39.9916253], [116.3281691, 39.9916462], [116.3282187, 39.9916478], [116.3284048, 39.9916537], [116.3284639, 39.9916556], [116.3287204, 39.9916647], [116.328881, 39.9916704], [116.3292013, 39.9916658], [116.3293529, 39.9916703], [116.3294711, 39.9916269], [116.3303447, 39.9916559], [116.3305814, 39.9916638], [116.3306257, 39.9916773], [116.3306415, 39.9916881], [116.3306609, 39.9917208], [116.3306723, 39.9917546], [116.3308696, 39.9923393], [116.3310008, 39.9927279], [116.3311102, 39.9930659], [116.3311383, 39.9932047]]}}, {"type": "Feature", "properties": {"highway": "trunk_link", "name": "", "bridge": "", "tunnel": "", "layer": "", "source": "osm"}, "geometry": {"type": "LineString", "coordinates": [[116.3143476, 39.9840394], [116.3158715, 39.9841138]]}}, {"type": "Feature", "properties": {"highway": "residential", "name": "", "bridge": "", "tunnel": "", "layer": "", "source": "osm"}, "geometry": {"type": "LineString", "coordinates": [[116.3229996, 39.9672259], [116.323148, 39.9672296], [116.3241845, 39.9672573], [116.3242458, 39.9672591]]}}, {"type": "Feature", "properties": {"highway": "residential", "name": "", "bridge": "", "tunnel": "", "layer": "", "source": "osm"}, "geometry": {"type": "LineString", "coordinates": [[116.3268234, 39.9673561], [116.3267853, 39.9678522], [116.3241997, 39.967767]]}}, {"type": "Feature", "properties": {"highway": "residential", "name": "", "bridge": "", "tunnel": "", "layer": "", "source": "osm"}, "geometry": {"type": "LineString", "coordinates": [[116.3242458, 39.9672591], [116.3243029, 39.9671993], [116.3243086, 39.9667886], [116.3231938, 39.9667536], [116.3231035, 39.9668183], [116.3230137, 39.9668115]]}}, {"type": "Feature", "properties": {"highway": "footway", "name": "", "bridge": "", "tunnel": "", "layer": "", "source": "osm"}, "geometry": {"type": "LineString", "coordinates": [[116.3287732, 39.9714815], [116.3287977, 39.9712953], [116.3288489, 39.9709064], [116.3290277, 39.969547]]}}, {"type": "Feature", "properties": {"highway": "footway", "name": "", "bridge": "", "tunnel": "", "layer": "", "source": "osm"}, "geometry": {"type": "LineString", "coordinates": [[116.3288489, 39.9709064], [116.3294072, 39.9709431], [116.3299321, 39.9709775], [116.3304661, 39.9710126], [116.3304064, 39.9713949], [116.330375, 39.971596]]}}, {"type": "Feature", "properties": {"highway": "footway", "name": "", "bridge": "", "tunnel": "", "layer": "", "source": "osm"}, "geometry": {"type": "LineString", "coordinates": [[116.3287977, 39.9712953], [116.3293621, 39.9713302], [116.3298805, 39.9713624], [116.3304064, 39.9713949]]}}, {"type": "Feature", "properties": {"highway": "footway", "name": "", "bridge": "", "tunnel": "", "layer": "", "source": "osm"}, "geometry": {"type": "LineString", "coordinates": [[116.3293621, 39.9713302], [116.3294072, 39.9709431]]}}, {"type": "Feature", "properties": {"highway": "footway", "name": "", "bridge": "", "tunnel": "", "layer": "", "source": "osm"}, "geometry": {"type": "LineString", "coordinates": [[116.3298805, 39.9713624], [116.3299321, 39.9709775]]}}, {"type": "Feature", "properties": {"highway": "footway", "name": "", "bridge": "", "tunnel": "", "layer": "", "source": "osm"}, "geometry": {"type": "LineString", "coordinates": [[116.3304661, 39.9710126], [116.3306342, 39.9696991], [116.3290277, 39.969547]]}}, {"type": "Feature", "properties": {"highway": "footway", "name": "", "bridge": "", "tunnel": "", "layer": "", "source": "osm"}, "geometry": {"type": "LineString", "coordinates": [[116.3290277, 39.969547], [116.3290416, 39.9694355]]}}, {"type": "Feature", "properties": {"highway": "service", "name": "", "bridge": "", "tunnel": "", "layer": "", "source": "osm"}, "geometry": {"type": "LineString", "coordinates": [[116.3229996, 39.9672259], [116.3230922, 39.9672815], [116.3231787, 39.9673372], [116.323164, 39.9676979], [116.3240759, 39.9677216]]}}, {"type": "Feature", "properties": {"highway": "residential", "name": "", "bridge": "", "tunnel": "", "layer": "", "source": "osm"}, "geometry": {"type": "LineString", "coordinates": [[116.3190215, 39.9758369], [116.3200088, 39.975847]]}}, {"type": "Feature", "properties": {"highway": "tertiary", "name": "科学院南路", "bridge": "", "tunnel": "", "layer": "", "source": "osm"}, "geometry": {"type": "LineString", "coordinates": [[116.3190215, 39.9758369], [116.3190477, 39.975169], [116.3190493, 39.9751275], [116.3190515, 39.9750717]]}}, {"type": "Feature", "properties": {"highway": "tertiary", "name": "科学院南路", "bridge": "", "tunnel": "", "layer": "", "source": "osm"}, "geometry": {"type": "LineString", "coordinates": [[116.3190119, 39.976025], [116.3190215, 39.9758369]]}}, {"type": "Feature", "properties": {"highway": "residential", "name": "海淀三山五园绿道", "bridge": "", "tunnel": "", "layer": "", "source": "osm"}, "geometry": {"type": "LineString", "coordinates": [[116.2935098, 39.9913216], [116.2935257, 39.991438], [116.2935598, 39.9915126], [116.2945034, 39.9934185], [116.2945315, 39.993562]]}}, {"type": "Feature", "properties": {"highway": "service", "name": "", "bridge": "", "tunnel": "", "layer": "-1", "source": "osm"}, "geometry": {"type": "LineString", "coordinates": [[116.3237915, 39.97028], [116.3237595, 39.9703269], [116.3236895, 39.9703833], [116.3236159, 39.9704316], [116.3235155, 39.970445], [116.3234198, 39.9704424], [116.3233322, 39.9704343], [116.3232423, 39.9703896], [116.3231793, 39.9703484], [116.3231189, 39.9702513]]}}, {"type": "Feature", "properties": {"highway": "footway", "name": "", "bridge": "", "tunnel": "", "layer": "", "source": "osm"}, "geometry": {"type": "LineString", "coordinates": [[116.3020329, 39.9830503], [116.3022374, 39.9830525]]}}, {"type": "Feature", "properties": {"highway": "service", "name": "", "bridge": "", "tunnel": "", "layer": "", "source": "osm"}, "geometry": {"type": "LineString", "coordinates": [[116.3022409, 39.9833678], [116.3031289, 39.9833663]]}}, {"type": "Feature", "properties": {"highway": "pedestrian", "name": "", "bridge": "", "tunnel": "", "layer": "", "source": "osm"}, "geometry": {"type": "LineString", "coordinates": [[116.302765, 39.982758], [116.3028472, 39.9827587], [116.3028472, 39.9827775], [116.3030952, 39.9827774], [116.3030952, 39.982851], [116.3027651, 39.9828512], [116.302765, 39.982758]]}}, {"type": "Feature", "properties": {"highway": "service", "name": "", "bridge": "", "tunnel": "", "layer": "", "source": "osm"}, "geometry": {"type": "LineString", "coordinates": [[116.3133831, 39.9796262], [116.3133802, 39.9796757], [116.3132747, 39.9812332]]}}, {"type": "Feature", "properties": {"highway": "service", "name": "", "bridge": "", "tunnel": "", "layer": "", "source": "osm"}, "geometry": {"type": "LineString", "coordinates": [[116.3368153, 39.9842393], [116.3367692, 39.9843103], [116.3367683, 39.9845598], [116.336757, 39.9847076], [116.3367522, 39.984747]]}}, {"type": "Feature", "properties": {"highway": "service", "name": "", "bridge": "", "tunnel": "", "layer": "", "source": "osm"}, "geometry": {"type": "LineString", "coordinates": [[116.3356285, 39.9835621], [116.3356125, 39.9838532], [116.3356099, 39.9839313], [116.3351566, 39.983919], [116.3351431, 39.9842365], [116.3351431, 39.9842653], [116.3351492, 39.9842976], [116.3351586, 39.98433], [116.335172, 39.9843588], [116.3351908, 39.984386], [116.3352196, 39.9844189], [116.3352518, 39.9844461], [116.3353001, 39.9844744], [116.3353436, 39.9844934], [116.3353752, 39.9845057], [116.3354275, 39.9845206], [116.3354744, 39.9845268], [116.3355341, 39.9845324], [116.3367683, 39.9845598]]}}, {"type": "Feature", "properties": {"highway": "service", "name": "", "bridge": "", "tunnel": "", "layer": "", "source": "osm"}, "geometry": {"type": "LineString", "coordinates": [[116.3359293, 39.9832433], [116.3359151, 39.9835688]]}}, {"type": "Feature", "properties": {"highway": "service", "name": "", "bridge": "", "tunnel": "", "layer": "", "source": "osm"}, "geometry": {"type": "LineString", "coordinates": [[116.3379345, 39.9842649], [116.3369714, 39.984219], [116.3368153, 39.9842393], [116.3356823, 39.9842067], [116.3356985, 39.9838556]]}}, {"type": "Feature", "properties": {"highway": "residential", "name": "", "bridge": "", "tunnel": "", "layer": "", "source": "osm"}, "geometry": {"type": "LineString", "coordinates": [[116.3200088, 39.975847], [116.3199987, 39.9761232], [116.3199874, 39.9764287]]}}, {"type": "Feature", "properties": {"highway": "residential", "name": "", "bridge": "", "tunnel": "", "layer": "", "source": "osm"}, "geometry": {"type": "LineString", "coordinates": [[116.3199987, 39.9761232], [116.3190075, 39.9761091]]}}, {"type": "Feature", "properties": {"highway": "residential", "name": "", "bridge": "", "tunnel": "", "layer": "", "source": "osm"}, "geometry": {"type": "LineString", "coordinates": [[116.3199874, 39.9764287], [116.3189911, 39.976423]]}}, {"type": "Feature", "properties": {"highway": "service", "name": "", "bridge": "", "tunnel": "", "layer": "", "source": "osm"}, "geometry": {"type": "LineString", "coordinates": [[116.3215689, 39.9705926], [116.3216472, 39.9705952], [116.3217067, 39.9706077], [116.3217359, 39.970631], [116.3217417, 39.9706596], [116.3217417, 39.9706874]]}}, {"type": "Feature", "properties": {"highway": "service", "name": "", "bridge": "", "tunnel": "", "layer": "", "source": "osm"}, "geometry": {"type": "LineString", "coordinates": [[116.3227858, 39.970092], [116.3216184, 39.9700493]]}}, {"type": "Feature", "properties": {"highway": "service", "name": "", "bridge": "", "tunnel": "", "layer": "", "source": "osm"}, "geometry": {"type": "LineString", "coordinates": [[116.322818, 39.9697002], [116.3240467, 39.9697397]]}}, {"type": "Feature", "properties": {"highway": "residential", "name": "", "bridge": "", "tunnel": "", "layer": "", "source": "osm"}, "geometry": {"type": "LineString", "coordinates": [[116.3255693, 39.9688889], [116.3254511, 39.9701192], [116.3254495, 39.9701997]]}}, {"type": "Feature", "properties": {"highway": "service", "name": "", "bridge": "", "tunnel": "", "layer": "", "source": "osm"}, "geometry": {"type": "LineString", "coordinates": [[116.3301316, 39.9957161], [116.3309292, 39.9957236]]}}, {"type": "Feature", "properties": {"highway": "service", "name": "", "bridge": "", "tunnel": "", "layer": "", "source": "osm"}, "geometry": {"type": "LineString", "coordinates": [[116.3297521, 39.9957848], [116.3297494, 39.9954088], [116.3292061, 39.9954007]]}}, {"type": "Feature", "properties": {"highway": "service", "name": "", "bridge": "", "tunnel": "", "layer": "", "source": "osm"}, "geometry": {"type": "LineString", "coordinates": [[116.3297494, 39.9954088], [116.3301452, 39.9954142]]}}, {"type": "Feature", "properties": {"highway": "service", "name": "", "bridge": "", "tunnel": "", "layer": "", "source": "osm"}, "geometry": {"type": "LineString", "coordinates": [[116.330935, 39.9954305], [116.3301452, 39.9954142]]}}, {"type": "Feature", "properties": {"highway": "service", "name": "", "bridge": "", "tunnel": "", "layer": "", "source": "osm"}, "geometry": {"type": "LineString", "coordinates": [[116.3292229, 39.9937656], [116.3301919, 39.9937677], [116.3308714, 39.9937749]]}}, {"type": "Feature", "properties": {"highway": "service", "name": "", "bridge": "", "tunnel": "", "layer": "", "source": "osm"}, "geometry": {"type": "LineString", "coordinates": [[116.3292229, 39.9941269], [116.3302033, 39.9941238], [116.3305177, 39.9941232], [116.3310015, 39.9941222]]}}, {"type": "Feature", "properties": {"highway": "service", "name": "", "bridge": "", "tunnel": "", "layer": "", "source": "osm"}, "geometry": {"type": "LineString", "coordinates": [[116.3292499, 39.9950794], [116.3301597, 39.9950918], [116.3309521, 39.9951098]]}}, {"type": "Feature", "properties": {"highway": "service", "name": "", "bridge": "", "tunnel": "", "layer": "", "source": "osm"}, "geometry": {"type": "LineString", "coordinates": [[116.3292406, 39.9947431], [116.3301746, 39.9947611], [116.3309615, 39.9947825]]}}, {"type": "Feature", "properties": {"highway": "service", "name": "", "bridge": "", "tunnel": "", "layer": "", "source": "osm"}, "geometry": {"type": "LineString", "coordinates": [[116.3292686, 39.9944319], [116.3301892, 39.9944372], [116.3309568, 39.994439]]}}, {"type": "Feature", "properties": {"highway": "footway", "name": "", "bridge": "", "tunnel": "", "layer": "", "source": "osm"}, "geometry": {"type": "LineString", "coordinates": [[116.3308714, 39.9937749], [116.3309331, 39.9936692], [116.3311883, 39.9936653]]}}, {"type": "Feature", "properties": {"highway": "service", "name": "", "bridge": "", "tunnel": "", "layer": "", "source": "osm"}, "geometry": {"type": "LineString", "coordinates": [[116.3236402, 39.9968029], [116.3252433, 39.9968435]]}}, {"type": "Feature", "properties": {"highway": "service", "name": "", "bridge": "", "tunnel": "", "layer": "", "source": "osm"}, "geometry": {"type": "LineString", "coordinates": [[116.3297521, 39.9957848], [116.3301481, 39.9960687], [116.330435, 39.9962742], [116.3307902, 39.9965288], [116.3308178, 39.9965382], [116.3307828, 39.9960421], [116.3303061, 39.9960384], [116.3301481, 39.9960687], [116.3298975, 39.9961958]]}}, {"type": "Feature", "properties": {"highway": "service", "name": "", "bridge": "", "tunnel": "", "layer": "", "source": "osm"}, "geometry": {"type": "LineString", "coordinates": [[116.330435, 39.9962742], [116.3302087, 39.9964386]]}}, {"type": "Feature", "properties": {"highway": "service", "name": "", "bridge": "", "tunnel": "", "layer": "", "source": "osm"}, "geometry": {"type": "LineString", "coordinates": [[116.3307902, 39.9965288], [116.3305102, 39.9967738], [116.3307493, 39.9969471], [116.3308653, 39.9968886]]}}, {"type": "Feature", "properties": {"highway": "footway", "name": "", "bridge": "", "tunnel": "", "layer": "", "source": "osm"}, "geometry": {"type": "LineString", "coordinates": [[116.298924, 39.9929477], [116.2988954, 39.9929479], [116.2988525, 39.9929594], [116.2988075, 39.9930186], [116.2987586, 39.9930813]]}}, {"type": "Feature", "properties": {"highway": "footway", "name": "", "bridge": "yes", "tunnel": "", "layer": "1", "source": "osm"}, "geometry": {"type": "LineString", "coordinates": [[116.2991329, 39.9929457], [116.298924, 39.9929477]]}}, {"type": "Feature", "properties": {"highway": "footway", "name": "", "bridge": "", "tunnel": "", "layer": "", "source": "osm"}, "geometry": {"type": "LineString", "coordinates": [[116.3065508, 39.9881439], [116.3067691, 39.9881524], [116.3068267, 39.9881546], [116.3069585, 39.9881597]]}}, {"type": "Feature", "properties": {"highway": "cycleway", "name": "", "bridge": "", "tunnel": "", "layer": "", "source": "osm"}, "geometry": {"type": "LineString", "coordinates": [[116.3092151, 39.9984374], [116.3092198, 39.9985467], [116.309222, 39.9985989], [116.3092261, 39.9986947], [116.3092321, 39.9988348]]}}, {"type": "Feature", "properties": {"highway": "cycleway", "name": "", "bridge": "yes", "tunnel": "", "layer": "1", "source": "osm"}, "geometry": {"type": "LineString", "coordinates": [[116.3092074, 39.9982562], [116.3092151, 39.9984374]]}}, {"type": "Feature", "properties": {"highway": "cycleway", "name": "", "bridge": "", "tunnel": "", "layer": "", "source": "osm"}, "geometry": {"type": "LineString", "coordinates": [[116.2986555, 39.9933058], [116.2987583, 39.9933046], [116.2988775, 39.9933047]]}}, {"type": "Feature", "properties": {"highway": "cycleway", "name": "", "bridge": "", "tunnel": "", "layer": "", "source": "osm"}, "geometry": {"type": "LineString", "coordinates": [[116.2983944, 39.9933053], [116.2984302, 39.9933056], [116.2984689, 39.9933057], [116.2985442, 39.9933062]]}}, {"type": "Feature", "properties": {"highway": "service", "name": "", "bridge": "", "tunnel": "", "layer": "", "source": "osm"}, "geometry": {"type": "LineString", "coordinates": [[116.3078209, 39.9912388], [116.3077663, 39.9916982]]}}, {"type": "Feature", "properties": {"highway": "service", "name": "", "bridge": "", "tunnel": "", "layer": "", "source": "osm"}, "geometry": {"type": "LineString", "coordinates": [[116.307851, 39.990749], [116.3078209, 39.9912388], [116.3074832, 39.9912235]]}}, {"type": "Feature", "properties": {"highway": "service", "name": "", "bridge": "", "tunnel": "", "layer": "", "source": "osm"}, "geometry": {"type": "LineString", "coordinates": [[116.3054664, 39.9851586], [116.3054619, 39.9852025], [116.3054565, 39.98527]]}}, {"type": "Feature", "properties": {"highway": "service", "name": "求知路", "bridge": "", "tunnel": "", "layer": "", "source": "osm"}, "geometry": {"type": "LineString", "coordinates": [[116.2985615, 39.9916896], [116.2986384, 39.9916958]]}}, {"type": "Feature", "properties": {"highway": "service", "name": "", "bridge": "", "tunnel": "", "layer": "", "source": "osm"}, "geometry": {"type": "LineString", "coordinates": [[116.3092297, 39.991764], [116.3094006, 39.9917638]]}}, {"type": "Feature", "properties": {"highway": "service", "name": "", "bridge": "", "tunnel": "", "layer": "", "source": "osm"}, "geometry": {"type": "LineString", "coordinates": [[116.3093076, 39.9907995], [116.3095108, 39.9908035]]}}, {"type": "Feature", "properties": {"highway": "service", "name": "", "bridge": "", "tunnel": "", "layer": "", "source": "osm"}, "geometry": {"type": "LineString", "coordinates": [[116.3094367, 39.9887974], [116.3096166, 39.9888051], [116.3097104, 39.9888092], [116.3097932, 39.9888105]]}}, {"type": "Feature", "properties": {"highway": "service", "name": "", "bridge": "yes", "tunnel": "", "layer": "1", "source": "osm"}, "geometry": {"type": "LineString", "coordinates": [[116.3182816, 39.9995075], [116.3182881, 39.9993898]]}}, {"type": "Feature", "properties": {"highway": "service", "name": "", "bridge": "", "tunnel": "", "layer": "", "source": "osm"}, "geometry": {"type": "LineString", "coordinates": [[116.3282046, 39.9972252], [116.329127, 39.9972537], [116.3291403, 39.9972537], [116.3292145, 39.9972538]]}}, {"type": "Feature", "properties": {"highway": "footway", "name": "", "bridge": "", "tunnel": "", "layer": "", "source": "osm"}, "geometry": {"type": "LineString", "coordinates": [[116.3365664, 39.9745856], [116.3365592, 39.9743046], [116.3363653, 39.974289], [116.3363855, 39.9733655]]}}, {"type": "Feature", "properties": {"highway": "footway", "name": "", "bridge": "", "tunnel": "", "layer": "", "source": "osm"}, "geometry": {"type": "LineString", "coordinates": [[116.3151893, 39.991598], [116.3153845, 39.9914089], [116.3153931, 39.9913563], [116.3153781, 39.9912856], [116.3153417, 39.9912577], [116.3153201, 39.9912412], [116.3151893, 39.9912314], [116.3150778, 39.9912142], [116.3150669, 39.9912659], [116.3146292, 39.991261], [116.3146296, 39.9911991], [116.3136893, 39.9911638]]}}, {"type": "Feature", "properties": {"highway": "footway", "name": "", "bridge": "", "tunnel": "", "layer": "", "source": "osm"}, "geometry": {"type": "LineString", "coordinates": [[116.3137022, 39.9908039], [116.3145702, 39.9908299], [116.3145777, 39.990771], [116.3150305, 39.9907891], [116.315022, 39.9908474], [116.3154689, 39.9908612]]}}, {"type": "Feature", "properties": {"highway": "footway", "name": "", "bridge": "", "tunnel": "", "layer": "", "source": "osm"}, "geometry": {"type": "LineString", "coordinates": [[116.3153417, 39.9912577], [116.3156461, 39.9912776], [116.3158303, 39.9912809]]}}, {"type": "Feature", "properties": {"highway": "steps", "name": "", "bridge": "yes", "tunnel": "", "layer": "1", "source": "osm"}, "geometry": {"type": "LineString", "coordinates": [[116.315022, 39.9908474], [116.3148445, 39.9908405]]}}, {"type": "Feature", "properties": {"highway": "steps", "name": "", "bridge": "yes", "tunnel": "", "layer": "1", "source": "osm"}, "geometry": {"type": "LineString", "coordinates": [[116.3146296, 39.9911991], [116.3148269, 39.9912058]]}}, {"type": "Feature", "properties": {"highway": "cycleway", "name": "", "bridge": "", "tunnel": "", "layer": "", "source": "osm"}, "geometry": {"type": "LineString", "coordinates": [[116.3226648, 39.9936049], [116.322695, 39.9936968], [116.3225635, 39.9949397], [116.3225589, 39.9949829], [116.3224341, 39.9960769], [116.3224271, 39.9961387], [116.3224146, 39.9961835], [116.322403, 39.996218], [116.3222435, 39.9967939], [116.3221975, 39.9970997], [116.3221123, 39.9976657], [116.3220646, 39.9979345], [116.3220009, 39.9982935], [116.3219714, 39.9986322], [116.3218817, 39.9996608], [116.3218259, 39.9997076]]}}, {"type": "Feature", "properties": {"highway": "cycleway", "name": "", "bridge": "", "tunnel": "", "layer": "", "source": "osm"}, "geometry": {"type": "LineString", "coordinates": [[116.3218259, 39.9997076], [116.3217882, 39.999656], [116.3218911, 39.9982945], [116.3220083, 39.997475], [116.3221316, 39.9967954], [116.3222945, 39.9961759], [116.3223112, 39.9960691], [116.3223643, 39.9957805], [116.3223957, 39.9954513], [116.322422, 39.9952062], [116.3224588, 39.9949388], [116.3224649, 39.9948941], [116.3225931, 39.9936762], [116.3226648, 39.9936049]]}}, {"type": "Feature", "properties": {"highway": "cycleway", "name": "", "bridge": "", "tunnel": "", "layer": "", "source": "osm"}, "geometry": {"type": "LineString", "coordinates": [[116.3262482, 39.9963299], [116.3257224, 39.9963105], [116.3246777, 39.9962766], [116.3236791, 39.9962442], [116.3224146, 39.9961835], [116.3223564, 39.9961772], [116.3222945, 39.9961759]]}}, {"type": "Feature", "properties": {"highway": "cycleway", "name": "", "bridge": "", "tunnel": "", "layer": "", "source": "osm"}, "geometry": {"type": "LineString", "coordinates": [[116.3223112, 39.9960691], [116.3223757, 39.9960726], [116.3224341, 39.9960769], [116.3236822, 39.9961397], [116.3246765, 39.9961812], [116.3263187, 39.9962283], [116.3263308, 39.9962286]]}}, {"type": "Feature", "properties": {"highway": "footway", "name": "", "bridge": "", "tunnel": "", "layer": "", "source": "osm"}, "geometry": {"type": "LineString", "coordinates": [[116.3262391, 39.9963731], [116.3257201, 39.9963566], [116.324676, 39.9963145], [116.3236784, 39.9962743], [116.322403, 39.996218]]}}, {"type": "Feature", "properties": {"highway": "steps", "name": "", "bridge": "", "tunnel": "", "layer": "", "source": "osm"}, "geometry": {"type": "LineString", "coordinates": [[116.3232397, 39.9983066], [116.3232452, 39.9980819]]}}, {"type": "Feature", "properties": {"highway": "pedestrian", "name": "法图东侧下沉广场", "bridge": "", "tunnel": "", "layer": "", "source": "osm"}, "geometry": {"type": "LineString", "coordinates": [[116.323159, 39.998079], [116.3232452, 39.9980819], [116.3233999, 39.9980836], [116.3234084, 39.9978918], [116.3233441, 39.9978913], [116.3231682, 39.9978898], [116.323159, 39.998079]]}}, {"type": "Feature", "properties": {"highway": "service", "name": "", "bridge": "", "tunnel": "", "layer": "", "source": "osm"}, "geometry": {"type": "LineString", "coordinates": [[116.3268186, 39.9935008], [116.3268914, 39.9934529], [116.3269419, 39.9934544], [116.3269881, 39.9934565], [116.3270829, 39.993458]]}}, {"type": "Feature", "properties": {"highway": "footway", "name": "", "bridge": "", "tunnel": "", "layer": "", "source": "osm"}, "geometry": {"type": "LineString", "coordinates": [[116.326437, 39.9948619], [116.3264981, 39.9948638], [116.3267391, 39.9948712], [116.3267926, 39.9948729]]}}, {"type": "Feature", "properties": {"highway": "footway", "name": "", "bridge": "", "tunnel": "", "layer": "", "source": "osm"}, "geometry": {"type": "LineString", "coordinates": [[116.3308851, 39.9991071], [116.3308864, 39.9990089], [116.3309079, 39.9989786], [116.3308846, 39.9989271], [116.3309076, 39.9979572], [116.3309393, 39.9975386], [116.3303409, 39.997021], [116.3303139, 39.9969978], [116.3295179, 39.9963532], [116.3286568, 39.995677], [116.3282231, 39.9953172], [116.3280247, 39.9951674], [116.3278056, 39.9949787], [116.327787, 39.9949689], [116.3277241, 39.9949162], [116.3275439, 39.9947596], [116.3274134, 39.9946452], [116.3272377, 39.9945058], [116.3270847, 39.9943829], [116.3270188, 39.994355], [116.3269809, 39.9943389], [116.3268899, 39.9943034], [116.3268782, 39.9943799], [116.3268755, 39.9944993], [116.3268454, 39.9950195], [116.3267799, 39.995147], [116.3267544, 39.9952018]]}}, {"type": "Feature", "properties": {"highway": "footway", "name": "", "bridge": "", "tunnel": "", "layer": "", "source": "osm"}, "geometry": {"type": "LineString", "coordinates": [[116.326466, 39.9952], [116.3263781, 39.9950717], [116.3263914, 39.9948632], [116.3264167, 39.9944676], [116.3264431, 39.9940247], [116.3263557, 39.9939036]]}}, {"type": "Feature", "properties": {"highway": "footway", "name": "", "bridge": "", "tunnel": "", "layer": "", "source": "osm"}, "geometry": {"type": "LineString", "coordinates": [[116.3267544, 39.9952018], [116.3268003, 39.995258], [116.3267655, 39.9960849], [116.3268223, 39.9963005]]}}, {"type": "Feature", "properties": {"highway": "footway", "name": "", "bridge": "", "tunnel": "", "layer": "", "source": "osm"}, "geometry": {"type": "LineString", "coordinates": [[116.3262893, 39.9962814], [116.3263187, 39.9962283], [116.3263825, 39.9961197], [116.3263986, 39.9954428], [116.3264039, 39.9952477], [116.326466, 39.9952]]}}, {"type": "Feature", "properties": {"highway": "residential", "name": "光华路", "bridge": "", "tunnel": "", "layer": "", "source": "osm"}, "geometry": {"type": "LineString", "coordinates": [[116.3292488, 39.9965465], [116.3292145, 39.9972538], [116.3292065, 39.9974194], [116.3291884, 39.997792], [116.3291307, 39.9979719], [116.3290937, 39.9980957], [116.3290821, 39.9981344], [116.3290787, 39.9982153]]}}, {"type": "Feature", "properties": {"highway": "service", "name": "智华路", "bridge": "", "tunnel": "", "layer": "", "source": "osm"}, "geometry": {"type": "LineString", "coordinates": [[116.3064935, 39.9889675], [116.3051783, 39.9889213]]}}, {"type": "Feature", "properties": {"highway": "footway", "name": "", "bridge": "", "tunnel": "", "layer": "", "source": "osm"}, "geometry": {"type": "LineString", "coordinates": [[116.3067716, 39.9886842], [116.3067436, 39.9891795], [116.306716, 39.9895538], [116.306732, 39.9895823], [116.3064393, 39.989573]]}}, {"type": "Feature", "properties": {"highway": "footway", "name": "", "bridge": "", "tunnel": "", "layer": "", "source": "osm"}, "geometry": {"type": "LineString", "coordinates": [[116.3067436, 39.9891795], [116.3064815, 39.9891709]]}}, {"type": "Feature", "properties": {"highway": "service", "name": "燕南西路", "bridge": "", "tunnel": "", "layer": "", "source": "osm"}, "geometry": {"type": "LineString", "coordinates": [[116.3014752, 39.9874689], [116.3013728, 39.9876478], [116.3013675, 39.9878092], [116.3014369, 39.9878486], [116.3014039, 39.9885361], [116.3016666, 39.9892297], [116.3016689, 39.9892358]]}}, {"type": "Feature", "properties": {"highway": "footway", "name": "", "bridge": "", "tunnel": "", "layer": "", "source": "osm"}, "geometry": {"type": "LineString", "coordinates": [[116.3003753, 39.9885079], [116.3014039, 39.9885361]]}}, {"type": "Feature", "properties": {"highway": "footway", "name": "", "bridge": "", "tunnel": "", "layer": "", "source": "osm"}, "geometry": {"type": "LineString", "coordinates": [[116.3010838, 39.9878085], [116.3010915, 39.9876416], [116.3011085, 39.9874339]]}}, {"type": "Feature", "properties": {"highway": "footway", "name": "", "bridge": "", "tunnel": "", "layer": "", "source": "osm"}, "geometry": {"type": "LineString", "coordinates": [[116.3010915, 39.9876416], [116.3013728, 39.9876478]]}}, {"type": "Feature", "properties": {"highway": "footway", "name": "", "bridge": "", "tunnel": "", "layer": "", "source": "osm"}, "geometry": {"type": "LineString", "coordinates": [[116.3051374, 39.9896187], [116.3048422, 39.9893937]]}}, {"type": "Feature", "properties": {"highway": "footway", "name": "", "bridge": "", "tunnel": "", "layer": "", "source": "osm"}, "geometry": {"type": "LineString", "coordinates": [[116.3044071, 39.989389], [116.3044151, 39.9892703], [116.3044222, 39.9891638], [116.3051609, 39.9891805]]}}, {"type": "Feature", "properties": {"highway": "cycleway", "name": "", "bridge": "", "tunnel": "", "layer": "", "source": "osm"}, "geometry": {"type": "LineString", "coordinates": [[116.326183, 39.9973721], [116.3262665, 39.9973742], [116.3266853, 39.9973852], [116.3267695, 39.9973874], [116.3280863, 39.9974304], [116.3281551, 39.9974315]]}}, {"type": "Feature", "properties": {"highway": "residential", "name": "", "bridge": "", "tunnel": "", "layer": "", "source": "osm"}, "geometry": {"type": "LineString", "coordinates": [[116.3189616, 39.9769872], [116.3184729, 39.9769796], [116.3178392, 39.9769697], [116.3176011, 39.9769619], [116.317177, 39.9769481], [116.3160251, 39.9769264]]}}, {"type": "Feature", "properties": {"highway": "residential", "name": "", "bridge": "", "tunnel": "", "layer": "", "source": "osm"}, "geometry": {"type": "LineString", "coordinates": [[116.3184729, 39.9769796], [116.3184965, 39.976592], [116.3185127, 39.9763268], [116.3176502, 39.9763049], [116.3176298, 39.9765663], [116.3176176, 39.9767405], [116.3176011, 39.9769619]]}}, {"type": "Feature", "properties": {"highway": "residential", "name": "", "bridge": "", "tunnel": "", "layer": "", "source": "osm"}, "geometry": {"type": "LineString", "coordinates": [[116.3176176, 39.9767405], [116.3171904, 39.9766923], [116.3169305, 39.9765982], [116.3161622, 39.9765785]]}}, {"type": "Feature", "properties": {"highway": "footway", "name": "", "bridge": "", "tunnel": "", "layer": "", "source": "osm"}, "geometry": {"type": "LineString", "coordinates": [[116.3169472, 39.9762391], [116.3169505, 39.9761692], [116.3170161, 39.9760072], [116.3177292, 39.9760414], [116.3176502, 39.9763049]]}}, {"type": "Feature", "properties": {"highway": "residential", "name": "", "bridge": "", "tunnel": "", "layer": "", "source": "osm"}, "geometry": {"type": "LineString", "coordinates": [[116.3169305, 39.9765982], [116.3169472, 39.9762391]]}}, {"type": "Feature", "properties": {"highway": "residential", "name": "", "bridge": "", "tunnel": "", "layer": "", "source": "osm"}, "geometry": {"type": "LineString", "coordinates": [[116.3161679, 39.9762173], [116.3169472, 39.9762391], [116.3176298, 39.9765663], [116.3184965, 39.976592]]}}, {"type": "Feature", "properties": {"highway": "footway", "name": "", "bridge": "", "tunnel": "", "layer": "", "source": "osm"}, "geometry": {"type": "LineString", "coordinates": [[116.3177292, 39.9760414], [116.3185133, 39.9760583], [116.3185127, 39.9763268]]}}, {"type": "Feature", "properties": {"highway": "residential", "name": "", "bridge": "", "tunnel": "", "layer": "", "source": "osm"}, "geometry": {"type": "LineString", "coordinates": [[116.3246249, 39.9812475], [116.3247006, 39.9811252]]}}, {"type": "Feature", "properties": {"highway": "residential", "name": "", "bridge": "", "tunnel": "", "layer": "", "source": "osm"}, "geometry": {"type": "LineString", "coordinates": [[116.3247006, 39.9811252], [116.324793, 39.9811286], [116.3248305, 39.9811224], [116.3248575, 39.9811122], [116.3248683, 39.9808542], [116.3253581, 39.9808634], [116.3253376, 39.9811298]]}}, {"type": "Feature", "properties": {"highway": "residential", "name": "", "bridge": "", "tunnel": "", "layer": "", "source": "osm"}, "geometry": {"type": "LineString", "coordinates": [[116.3248683, 39.9808542], [116.3249162, 39.9800079], [116.3249758, 39.9799503], [116.3257111, 39.979963], [116.3257254, 39.9797382]]}}, {"type": "Feature", "properties": {"highway": "residential", "name": "", "bridge": "", "tunnel": "", "layer": "", "source": "osm"}, "geometry": {"type": "LineString", "coordinates": [[116.3253581, 39.9808634], [116.3253786, 39.9806582], [116.3255064, 39.9806359], [116.3255192, 39.9803569], [116.3259553, 39.9803609], [116.3259374, 39.9806428], [116.3268844, 39.9806649], [116.3269135, 39.9800945], [116.3268119, 39.9800143], [116.3257111, 39.979963]]}}, {"type": "Feature", "properties": {"highway": "residential", "name": "", "bridge": "", "tunnel": "", "layer": "", "source": "osm"}, "geometry": {"type": "LineString", "coordinates": [[116.3255064, 39.9806359], [116.3259374, 39.9806428]]}}, {"type": "Feature", "properties": {"highway": "residential", "name": "", "bridge": "", "tunnel": "", "layer": "", "source": "osm"}, "geometry": {"type": "LineString", "coordinates": [[116.3253376, 39.9811298], [116.326717, 39.9811652], [116.326859, 39.9810784], [116.3268844, 39.9806649]]}}, {"type": "Feature", "properties": {"highway": "secondary", "name": "双清路", "bridge": "", "tunnel": "", "layer": "", "source": "osm"}, "geometry": {"type": "LineString", "coordinates": [[116.3339552, 39.9994595], [116.3339515, 39.9995347], [116.3338709, 40.0011745], [116.3338273, 40.0020624], [116.3338568, 40.0024907], [116.3339366, 40.0030285], [116.3339553, 40.0030797], [116.3339764, 40.0031393], [116.3340059, 40.0032225], [116.3340373, 40.0033059], [116.3340591, 40.0033638], [116.3342875, 40.0039133], [116.3346092, 40.004555], [116.3350227, 40.0053578], [116.3354189, 40.006127], [116.335445, 40.0061777], [116.3355062, 40.0062966]]}}, {"type": "Feature", "properties": {"highway": "secondary", "name": "王庄路", "bridge": "", "tunnel": "", "layer": "", "source": "osm"}, "geometry": {"type": "LineString", "coordinates": [[116.3341501, 39.9934092], [116.3341224, 39.9939143], [116.3340381, 39.9954567], [116.3340284, 39.9956359], [116.3340254, 39.9960062], [116.3339697, 39.9961574], [116.3339499, 39.9965485], [116.3339274, 39.9969924], [116.3339971, 39.9972871], [116.3339857, 39.9976396], [116.3339819, 39.9977563], [116.3339488, 39.9985666], [116.3339364, 39.9990469], [116.3339345, 39.9991205], [116.3339332, 39.9991515], [116.3339321, 39.9992511]]}}, {"type": "Feature", "properties": {"highway": "secondary", "name": "王庄路", "bridge": "", "tunnel": "", "layer": "", "source": "osm"}, "geometry": {"type": "LineString", "coordinates": [[116.3342413, 39.9917403], [116.3342405, 39.991754], [116.3341942, 39.9926017], [116.3341501, 39.9934092]]}}, {"type": "Feature", "properties": {"highway": "secondary", "name": "", "bridge": "", "tunnel": "", "layer": "", "source": "osm"}, "geometry": {"type": "LineString", "coordinates": [[116.3342574, 39.9916574], [116.3342413, 39.9917403]]}}, {"type": "Feature", "properties": {"highway": "service", "name": "", "bridge": "", "tunnel": "", "layer": "", "source": "osm"}, "geometry": {"type": "LineString", "coordinates": [[116.2942744, 39.9938265], [116.2940678, 39.9938544], [116.2938553, 39.9938951], [116.2937734, 39.9939253], [116.2937218, 39.9939695], [116.2934836, 39.9943926], [116.2929965, 39.9943323], [116.2928445, 39.9943135], [116.2923942, 39.9942578], [116.2922136, 39.9942473], [116.291936, 39.9942357], [116.2917342, 39.9942415], [116.2915416, 39.9942478]]}}, {"type": "Feature", "properties": {"highway": "service", "name": "", "bridge": "", "tunnel": "", "layer": "", "source": "osm"}, "geometry": {"type": "LineString", "coordinates": [[116.3295037, 39.9664235], [116.3294721, 39.9669496]]}}, {"type": "Feature", "properties": {"highway": "steps", "name": "", "bridge": "", "tunnel": "building_passage", "layer": "", "source": "osm"}, "geometry": {"type": "LineString", "coordinates": [[116.3366153, 39.9754734], [116.3362946, 39.9754734]]}}, {"type": "Feature", "properties": {"highway": "footway", "name": "", "bridge": "", "tunnel": "", "layer": "", "source": "osm"}, "geometry": {"type": "LineString", "coordinates": [[116.2989476, 39.9942762], [116.2988747, 39.9942582], [116.2988285, 39.9942183], [116.2987706, 39.9941186], [116.2987215, 39.9940101], [116.2986637, 39.9939658], [116.2985746, 39.9939387], [116.2985574, 39.9938976], [116.2985553, 39.9938285], [116.2985746, 39.9937776], [116.2986304, 39.99372], [116.2986454, 39.9936806], [116.2986497, 39.9936148], [116.2986797, 39.9935277], [116.2987033, 39.9934553], [116.2987583, 39.9933046]]}}, {"type": "Feature", "properties": {"highway": "footway", "name": "", "bridge": "", "tunnel": "", "layer": "", "source": "osm"}, "geometry": {"type": "LineString", "coordinates": [[116.2998352, 39.994075], [116.2998333, 39.9941486]]}}, {"type": "Feature", "properties": {"highway": "footway", "name": "", "bridge": "", "tunnel": "", "layer": "", "source": "osm"}, "geometry": {"type": "LineString", "coordinates": [[116.2998393, 39.9939877], [116.2998427, 39.9938766]]}}, {"type": "Feature", "properties": {"highway": "footway", "name": "", "bridge": "", "tunnel": "", "layer": "", "source": "osm"}, "geometry": {"type": "LineString", "coordinates": [[116.2993238, 39.9942323], [116.2993663, 39.9943313], [116.2994154, 39.9943844], [116.2994299, 39.9944509], [116.2994351, 39.9945243], [116.2994386, 39.9945727], [116.2994322, 39.9947381], [116.2994299, 39.9947964]]}}, {"type": "Feature", "properties": {"highway": "footway", "name": "", "bridge": "", "tunnel": "", "layer": "", "source": "osm"}, "geometry": {"type": "LineString", "coordinates": [[116.2984633, 39.9952996], [116.2984736, 39.9954102], [116.2984564, 39.9955182], [116.2984427, 39.9956315], [116.2984496, 39.9957158], [116.2984805, 39.9957896], [116.2985355, 39.995837], [116.2985899, 39.9958325], [116.298693, 39.995822], [116.298834, 39.9958009], [116.298944, 39.9958141], [116.2990334, 39.9958378], [116.2991366, 39.9958615], [116.2992157, 39.9958747], [116.299281, 39.9958483], [116.2993085, 39.9958035], [116.2992741, 39.9957429], [116.2992392, 39.9956601], [116.2991929, 39.9956136], [116.299164, 39.9955715], [116.2991611, 39.9955206], [116.2991727, 39.9954718], [116.2992218, 39.9953943], [116.2992363, 39.9953323], [116.2992565, 39.9952836]]}}, {"type": "Feature", "properties": {"highway": "footway", "name": "", "bridge": "", "tunnel": "", "layer": "", "source": "osm"}, "geometry": {"type": "LineString", "coordinates": [[116.303583, 39.9968854], [116.3036884, 39.9962856]]}}, {"type": "Feature", "properties": {"highway": "service", "name": "", "bridge": "", "tunnel": "", "layer": "", "source": "osm"}, "geometry": {"type": "LineString", "coordinates": [[116.326856, 39.9928018], [116.3269426, 39.9928051], [116.327015, 39.992805], [116.3270773, 39.9928067], [116.3270727, 39.9929512], [116.3272996, 39.9929537]]}}, {"type": "Feature", "properties": {"highway": "footway", "name": "", "bridge": "", "tunnel": "", "layer": "", "source": "osm"}, "geometry": {"type": "LineString", "coordinates": [[116.330993, 40.002263], [116.3309936, 40.0022335], [116.331079, 40.0002227], [116.3311003, 39.9994118], [116.3311082, 39.9993435], [116.3311318, 39.9993073]]}}, {"type": "Feature", "properties": {"highway": "footway", "name": "", "bridge": "", "tunnel": "", "layer": "", "source": "osm"}, "geometry": {"type": "LineString", "coordinates": [[116.3312652, 39.9979571], [116.3312656, 39.998013], [116.3312446, 39.9989415], [116.3312385, 39.9989811], [116.3312814, 39.9989938], [116.3314534, 39.999001], [116.3319021, 39.9990156], [116.3320527, 39.9990259], [116.3321059, 39.9990804], [116.3336387, 39.9991091]]}}, {"type": "Feature", "properties": {"highway": "footway", "name": "", "bridge": "", "tunnel": "", "layer": "", "source": "osm"}, "geometry": {"type": "LineString", "coordinates": [[116.3339889, 39.9917917], [116.3325309, 39.9917547], [116.3321475, 39.991745], [116.3318752, 39.9917362], [116.3318398, 39.9917351], [116.3310171, 39.9917086], [116.3309592, 39.9917097], [116.3309405, 39.9917215], [116.3309596, 39.9917916], [116.3310037, 39.991836], [116.3311615, 39.9923212], [116.3311731, 39.9923729], [116.3312458, 39.9926458], [116.3313512, 39.9930705], [116.3314068, 39.9933534], [116.3314291, 39.9935779], [116.3314031, 39.9941351], [116.3313975, 39.9942556], [116.3313687, 39.9948718], [116.3312465, 39.9974844], [116.3312464, 39.9975285]]}}, {"type": "Feature", "properties": {"highway": "unclassified", "name": "", "bridge": "", "tunnel": "", "layer": "-1", "source": "osm"}, "geometry": {"type": "LineString", "coordinates": [[116.3314212, 39.9856944], [116.3313576, 39.9860745], [116.3313509, 39.9861468], [116.3313252, 39.9861971], [116.3312802, 39.9862297], [116.3312119, 39.9862596], [116.3311341, 39.9862602], [116.3296364, 39.9860705]]}}, {"type": "Feature", "properties": {"highway": "footway", "name": "", "bridge": "", "tunnel": "", "layer": "", "source": "osm"}, "geometry": {"type": "LineString", "coordinates": [[116.327658, 39.9998813], [116.3276809, 39.9994937], [116.3278049, 39.999398], [116.3279836, 39.9993387], [116.3281447, 39.9992245], [116.3282064, 39.9991807], [116.3283367, 39.9990819], [116.3290671, 39.9991015], [116.3291157, 39.9991028]]}}, {"type": "Feature", "properties": {"highway": "footway", "name": "", "bridge": "", "tunnel": "", "layer": "", "source": "osm"}, "geometry": {"type": "LineString", "coordinates": [[116.3281447, 39.9992245], [116.3279472, 39.9991079], [116.327485, 39.9990999], [116.3274932, 39.9988347], [116.3275714, 39.9988368], [116.3275797, 39.9986679]]}}, {"type": "Feature", "properties": {"highway": "footway", "name": "", "bridge": "", "tunnel": "", "layer": "", "source": "osm"}, "geometry": {"type": "LineString", "coordinates": [[116.326715, 39.9989823], [116.3270453, 39.998988], [116.3270457, 39.9990931], [116.3274479, 39.9990998], [116.327485, 39.9990999]]}}, {"type": "Feature", "properties": {"highway": "footway", "name": "", "bridge": "", "tunnel": "", "layer": "", "source": "osm"}, "geometry": {"type": "LineString", "coordinates": [[116.3251637, 39.9997774], [116.3251814, 39.9992511], [116.3252198, 39.9990291], [116.3257634, 39.9990397], [116.325768, 39.9989608], [116.3261131, 39.9989664]]}}, {"type": "Feature", "properties": {"highway": "residential", "name": "清华路", "bridge": "", "tunnel": "", "layer": "1", "source": "osm"}, "geometry": {"type": "LineString", "coordinates": [[116.3113321, 39.9985407], [116.3112505, 39.9985445], [116.3102094, 39.9984904], [116.3101191, 39.9985115], [116.3100748, 39.9985359], [116.3100164, 39.9985848], [116.3099954, 39.9986243]]}}, {"type": "Feature", "properties": {"highway": "residential", "name": "清华路", "bridge": "yes", "tunnel": "", "layer": "1", "source": "osm"}, "geometry": {"type": "LineString", "coordinates": [[116.3115925, 39.998552], [116.3113321, 39.9985407]]}}, {"type": "Feature", "properties": {"highway": "footway", "name": "", "bridge": "", "tunnel": "", "layer": "", "source": "osm"}, "geometry": {"type": "LineString", "coordinates": [[116.3309079, 39.9989786], [116.330961, 39.9989754], [116.3310516, 39.9989766], [116.3311359, 39.9989807], [116.3312385, 39.9989811], [116.3311893, 39.9990855], [116.331173, 39.9991046], [116.3311469, 39.9991516], [116.3311377, 39.9992379], [116.3311361, 39.9992782], [116.3311318, 39.9993073], [116.3310765, 39.9993066], [116.3310386, 39.9993062], [116.3309296, 39.9993049], [116.3308798, 39.9993043], [116.3308834, 39.9991698], [116.3308851, 39.9991071]]}}, {"type": "Feature", "properties": {"highway": "primary", "name": "海淀南路", "bridge": "", "tunnel": "", "layer": "", "source": "osm"}, "geometry": {"type": "LineString", "coordinates": [[116.3002487, 39.9743468], [116.300416, 39.9743513], [116.3004859, 39.9743527], [116.3020854, 39.9744077], [116.3026869, 39.9744284], [116.3027436, 39.9744296], [116.3028159, 39.9744311], [116.3029009, 39.9744328], [116.3030101, 39.9744351], [116.303048, 39.9744359], [116.3031072, 39.9744371], [116.3050666, 39.9745007], [116.3051866, 39.9744978]]}}, {"type": "Feature", "properties": {"highway": "footway", "name": "", "bridge": "", "tunnel": "", "layer": "", "source": "osm"}, "geometry": {"type": "LineString", "coordinates": [[116.3264648, 39.9915962], [116.326526, 39.9915997], [116.3266562, 39.9916064], [116.3268107, 39.9916129], [116.3269794, 39.9916168], [116.327045, 39.9916198]]}}, {"type": "Feature", "properties": {"highway": "footway", "name": "", "bridge": "", "tunnel": "", "layer": "", "source": "osm"}, "geometry": {"type": "LineString", "coordinates": [[116.3264648, 39.9915962], [116.3264691, 39.9915331], [116.3264723, 39.9914479], [116.3264758, 39.9913555], [116.326479, 39.9912714], [116.3264813, 39.991209]]}}, {"type": "Feature", "properties": {"highway": "footway", "name": "", "bridge": "", "tunnel": "", "layer": "", "source": "osm"}, "geometry": {"type": "LineString", "coordinates": [[116.3264813, 39.991209], [116.3265366, 39.9912042], [116.3266816, 39.9912095], [116.3268597, 39.9912143], [116.32694, 39.9912175], [116.3269963, 39.9912204], [116.3270691, 39.9912217]]}}, {"type": "Feature", "properties": {"highway": "footway", "name": "", "bridge": "", "tunnel": "", "layer": "", "source": "osm"}, "geometry": {"type": "LineString", "coordinates": [[116.327045, 39.9916198], [116.3270623, 39.9915549], [116.3270779, 39.9914645], [116.3270837, 39.9913697], [116.3270886, 39.9912882], [116.3270691, 39.9912217]]}}, {"type": "Feature", "properties": {"highway": "footway", "name": "", "bridge": "", "tunnel": "", "layer": "", "source": "osm"}, "geometry": {"type": "LineString", "coordinates": [[116.3313943, 39.9892142], [116.3313514, 39.9893956], [116.3312068, 39.9900063], [116.3309581, 39.9911153], [116.3309161, 39.9912986], [116.3309231, 39.9913609], [116.331328, 39.9913839], [116.3315527, 39.9913966], [116.3319236, 39.9914142], [116.3320895, 39.991422], [116.3321094, 39.9914229], [116.3324253, 39.9914295], [116.3326803, 39.9914348]]}}, {"type": "Feature", "properties": {"highway": "service", "name": "", "bridge": "", "tunnel": "", "layer": "", "source": "osm"}, "geometry": {"type": "LineString", "coordinates": [[116.2976468, 39.9991976], [116.298164, 39.99931], [116.2982197, 39.9994707], [116.2984473, 39.999554], [116.2989353, 39.9995192], [116.2990769, 39.9994766], [116.2994841, 39.9995308], [116.2995802, 39.999649], [116.2994613, 39.9999085], [116.299431, 40.0001488], [116.2994567, 40.000311], [116.2994665, 40.0003722], [116.2994765, 40.0004665], [116.299517, 40.0005323], [116.2995264, 40.0007728], [116.2995189, 40.0008408], [116.2994878, 40.0011082], [116.29939, 40.0020077]]}}, {"type": "Feature", "properties": {"highway": "service", "name": "", "bridge": "", "tunnel": "", "layer": "", "source": "osm"}, "geometry": {"type": "LineString", "coordinates": [[116.298164, 39.99931], [116.2983284, 39.9992325], [116.2989227, 39.9992867], [116.2990769, 39.9994766]]}}, {"type": "Feature", "properties": {"highway": "residential", "name": "", "bridge": "", "tunnel": "", "layer": "", "source": "osm"}, "geometry": {"type": "LineString", "coordinates": [[116.3150402, 39.9941804], [116.3157023, 39.9942097], [116.3160248, 39.9942535], [116.316089, 39.9942717], [116.3162041, 39.9942806]]}}, {"type": "Feature", "properties": {"highway": "service", "name": "", "bridge": "", "tunnel": "", "layer": "", "source": "osm"}, "geometry": {"type": "LineString", "coordinates": [[116.2942906, 39.9946028], [116.2940266, 39.9945911], [116.293747, 39.9945674], [116.2935907, 39.9945674], [116.2934894, 39.9946265], [116.2934696, 39.9947041], [116.2935907, 39.9948019], [116.2938417, 39.9948187], [116.2940178, 39.9948238], [116.294119, 39.9947698]]}}, {"type": "Feature", "properties": {"highway": "footway", "name": "", "bridge": "", "tunnel": "", "layer": "", "source": "osm"}, "geometry": {"type": "LineString", "coordinates": [[116.2999824, 39.976487], [116.2998535, 39.9764768], [116.2993729, 39.9764388]]}}, {"type": "Feature", "properties": {"highway": "footway", "name": "", "bridge": "", "tunnel": "", "layer": "", "source": "osm"}, "geometry": {"type": "LineString", "coordinates": [[116.2988221, 39.9763373], [116.2988275, 39.9762768], [116.2989037, 39.9754334], [116.2994664, 39.975493], [116.299385, 39.9763582]]}}, {"type": "Feature", "properties": {"highway": "footway", "name": "", "bridge": "", "tunnel": "", "layer": "", "source": "osm"}, "geometry": {"type": "LineString", "coordinates": [[116.2988275, 39.9762768], [116.2981392, 39.9762063]]}}, {"type": "Feature", "properties": {"highway": "footway", "name": "", "bridge": "", "tunnel": "", "layer": "", "source": "osm"}, "geometry": {"type": "LineString", "coordinates": [[116.2947402, 39.9897683], [116.2947142, 39.9899492], [116.2946624, 39.9900169], [116.294708, 39.9901238]]}}, {"type": "Feature", "properties": {"highway": "footway", "name": "", "bridge": "", "tunnel": "", "layer": "", "source": "osm"}, "geometry": {"type": "LineString", "coordinates": [[116.2945095, 39.9903129], [116.2946329, 39.9903046], [116.2948387, 39.9903094]]}}, {"type": "Feature", "properties": {"highway": "service", "name": "", "bridge": "", "tunnel": "", "layer": "", "source": "osm"}, "geometry": {"type": "LineString", "coordinates": [[116.2948533, 39.9984058], [116.2945719, 39.9984129], [116.2942072, 39.9984222], [116.2941391, 39.9983679], [116.2940031, 39.9983115], [116.2929684, 39.9983093]]}}, {"type": "Feature", "properties": {"highway": "service", "name": "", "bridge": "", "tunnel": "", "layer": "", "source": "osm"}, "geometry": {"type": "LineString", "coordinates": [[116.2945719, 39.9984129], [116.2945889, 39.9985377], [116.2945578, 39.9987115], [116.2945578, 39.9988439], [116.2946513, 39.99892], [116.2947647, 39.9989916], [116.2947647, 39.999098]]}}, {"type": "Feature", "properties": {"highway": "service", "name": "", "bridge": "", "tunnel": "", "layer": "", "source": "osm"}, "geometry": {"type": "LineString", "coordinates": [[116.2927398, 40.0004273], [116.2927324, 40.0001577], [116.292735, 40.0000168], [116.2928375, 39.9999461], [116.2930642, 39.9998864], [116.2931623, 39.99986], [116.2932576, 39.9998114], [116.2934099, 39.999783], [116.2939613, 39.9998178], [116.2942057, 39.9998151], [116.294244, 39.9997376], [116.2943348, 39.9991226], [116.2943976, 39.9989515], [116.2945578, 39.9988439]]}}, {"type": "Feature", "properties": {"highway": "steps", "name": "", "bridge": "", "tunnel": "", "layer": "", "source": "osm"}, "geometry": {"type": "LineString", "coordinates": [[116.3097534, 39.9845866], [116.3097413, 39.9847457]]}}, {"type": "Feature", "properties": {"highway": "steps", "name": "", "bridge": "", "tunnel": "", "layer": "", "source": "osm"}, "geometry": {"type": "LineString", "coordinates": [[116.3104452, 39.9846196], [116.3104276, 39.9847761]]}}, {"type": "Feature", "properties": {"highway": "tertiary_link", "name": "", "bridge": "", "tunnel": "", "layer": "", "source": "osm"}, "geometry": {"type": "LineString", "coordinates": [[116.3098136, 39.9843643], [116.3098087, 39.9844351]]}}, {"type": "Feature", "properties": {"highway": "footway", "name": "", "bridge": "", "tunnel": "", "layer": "", "source": "osm"}, "geometry": {"type": "LineString", "coordinates": [[116.3100794, 39.9846841], [116.3100513, 39.9851566]]}}, {"type": "Feature", "properties": {"highway": "unclassified", "name": "中关村北大街", "bridge": "", "tunnel": "", "layer": "", "source": "osm"}, "geometry": {"type": "LineString", "coordinates": [[116.3099847, 39.9853071], [116.309919, 39.9851769]]}}, {"type": "Feature", "properties": {"highway": "tertiary_link", "name": "", "bridge": "", "tunnel": "", "layer": "", "source": "osm"}, "geometry": {"type": "LineString", "coordinates": [[116.3098405, 39.9839218], [116.309833, 39.9840268]]}}, {"type": "Feature", "properties": {"highway": "unclassified", "name": "中关村大街", "bridge": "", "tunnel": "", "layer": "", "source": "osm"}, "geometry": {"type": "LineString", "coordinates": [[116.3101842, 39.98404], [116.3103026, 39.983938]]}}, {"type": "Feature", "properties": {"highway": "unclassified", "name": "中关村大街", "bridge": "", "tunnel": "", "layer": "", "source": "osm"}, "geometry": {"type": "LineString", "coordinates": [[116.3099453, 39.9840357], [116.3100646, 39.9839321]]}}, {"type": "Feature", "properties": {"highway": "primary", "name": "中关村大街", "bridge": "", "tunnel": "", "layer": "", "source": "osm"}, "geometry": {"type": "LineString", "coordinates": [[116.3100563, 39.9840355], [116.3100646, 39.9839321]]}}, {"type": "Feature", "properties": {"highway": "unclassified", "name": "中关村大街", "bridge": "", "tunnel": "", "layer": "", "source": "osm"}, "geometry": {"type": "LineString", "coordinates": [[116.310156, 39.984446], [116.3101601, 39.9843773]]}}, {"type": "Feature", "properties": {"highway": "primary", "name": "中关村大街", "bridge": "", "tunnel": "", "layer": "", "source": "osm"}, "geometry": {"type": "LineString", "coordinates": [[116.3100262, 39.984442], [116.3100265, 39.9843724]]}}, {"type": "Feature", "properties": {"highway": "unclassified", "name": "中关村大街", "bridge": "", "tunnel": "", "layer": "", "source": "osm"}, "geometry": {"type": "LineString", "coordinates": [[116.3099165, 39.9844387], [116.309919, 39.9843686]]}}, {"type": "Feature", "properties": {"highway": "primary", "name": "中关村大街", "bridge": "", "tunnel": "", "layer": "", "source": "osm"}, "geometry": {"type": "LineString", "coordinates": [[116.3102677, 39.9843816], [116.3102652, 39.9844495]]}}, {"type": "Feature", "properties": {"highway": "footway", "name": "", "bridge": "yes", "tunnel": "", "layer": "1", "source": "osm"}, "geometry": {"type": "LineString", "coordinates": [[116.3105491, 39.9846246], [116.3106137, 39.9838238]]}}, {"type": "Feature", "properties": {"highway": "footway", "name": "", "bridge": "yes", "tunnel": "", "layer": "1", "source": "osm"}, "geometry": {"type": "LineString", "coordinates": [[116.3106137, 39.9838238], [116.310602, 39.9838233], [116.3098233, 39.9837887], [116.309734, 39.9837847]]}}, {"type": "Feature", "properties": {"highway": "footway", "name": "", "bridge": "yes", "tunnel": "", "layer": "1", "source": "osm"}, "geometry": {"type": "LineString", "coordinates": [[116.309674, 39.9845829], [116.3097534, 39.9845866], [116.3104452, 39.9846196], [116.3105491, 39.9846246]]}}, {"type": "Feature", "properties": {"highway": "tertiary_link", "name": "", "bridge": "", "tunnel": "", "layer": "", "source": "osm"}, "geometry": {"type": "LineString", "coordinates": [[116.3104625, 39.9844557], [116.3104661, 39.9843892]]}}, {"type": "Feature", "properties": {"highway": "primary", "name": "中关村大街", "bridge": "", "tunnel": "", "layer": "", "source": "osm"}, "geometry": {"type": "LineString", "coordinates": [[116.3103026, 39.983938], [116.3102917, 39.9840462]]}}, {"type": "Feature", "properties": {"highway": "tertiary_link", "name": "", "bridge": "", "tunnel": "", "layer": "", "source": "osm"}, "geometry": {"type": "LineString", "coordinates": [[116.3104875, 39.9840526], [116.3104953, 39.9839399]]}}, {"type": "Feature", "properties": {"highway": "footway", "name": "", "bridge": "", "tunnel": "", "layer": "", "source": "osm"}, "geometry": {"type": "LineString", "coordinates": [[116.30989, 39.9856424], [116.3098786, 39.9857284], [116.3098458, 39.9857241]]}}, {"type": "Feature", "properties": {"highway": "cycleway", "name": "", "bridge": "", "tunnel": "", "layer": "", "source": "osm"}, "geometry": {"type": "LineString", "coordinates": [[116.3098948, 39.9840291], [116.3099263, 39.9839263], [116.3099878, 39.9837048], [116.3100739, 39.9829578]]}}, {"type": "Feature", "properties": {"highway": "cycleway", "name": "", "bridge": "yes", "tunnel": "", "layer": "1", "source": "osm"}, "geometry": {"type": "LineString", "coordinates": [[116.3098657, 39.9843662], [116.3098948, 39.9840291]]}}, {"type": "Feature", "properties": {"highway": "cycleway", "name": "", "bridge": "", "tunnel": "", "layer": "", "source": "osm"}, "geometry": {"type": "LineString", "coordinates": [[116.3103751, 39.9843857], [116.3103752, 39.984453], [116.3103714, 39.9845198], [116.3102967, 39.9854537], [116.3102775, 39.9857602], [116.3102087, 39.9864871], [116.3101518, 39.9871378], [116.3100662, 39.9881159], [116.3100102, 39.9889348], [116.3099607, 39.9897598], [116.3099254, 39.9905984], [116.3099357, 39.9906499], [116.3099642, 39.9907615], [116.3099484, 39.9908463], [116.3099407, 39.9909211], [116.3097584, 39.9925688], [116.3096996, 39.9926818], [116.3095453, 39.992919]]}}, {"type": "Feature", "properties": {"highway": "cycleway", "name": "", "bridge": "yes", "tunnel": "", "layer": "1", "source": "osm"}, "geometry": {"type": "LineString", "coordinates": [[116.3104097, 39.9840512], [116.3103751, 39.9843857]]}}, {"type": "Feature", "properties": {"highway": "footway", "name": "", "bridge": "", "tunnel": "", "layer": "", "source": "osm"}, "geometry": {"type": "LineString", "coordinates": [[116.314267, 39.9846825], [116.3142406, 39.9846356], [116.3141853, 39.9845376], [116.3141816, 39.984531], [116.3141811, 39.9844966]]}}, {"type": "Feature", "properties": {"highway": "footway", "name": "", "bridge": "", "tunnel": "", "layer": "", "source": "osm"}, "geometry": {"type": "LineString", "coordinates": [[116.3143282, 39.984509], [116.3142845, 39.9845086], [116.3142084, 39.9845068], [116.3141811, 39.9844966]]}}, {"type": "Feature", "properties": {"highway": "footway", "name": "", "bridge": "", "tunnel": "", "layer": "", "source": "osm"}, "geometry": {"type": "LineString", "coordinates": [[116.3138041, 39.9841637], [116.3138311, 39.9840221], [116.313845, 39.9839496]]}}, {"type": "Feature", "properties": {"highway": "footway", "name": "", "bridge": "", "tunnel": "", "layer": "", "source": "osm"}, "geometry": {"type": "LineString", "coordinates": [[116.2960154, 39.9898485], [116.2961467, 39.9899898], [116.2962171, 39.990156], [116.296228, 39.9904238], [116.2961873, 39.9906024], [116.2961114, 39.9907582], [116.296003, 39.9908682], [116.2959016, 39.9909293], [116.2963391, 39.9909409], [116.2963251, 39.9912589]]}}, {"type": "Feature", "properties": {"highway": "footway", "name": "", "bridge": "", "tunnel": "", "layer": "", "source": "osm"}, "geometry": {"type": "LineString", "coordinates": [[116.2958076, 39.9899577], [116.2955178, 39.9901062]]}}, {"type": "Feature", "properties": {"highway": "tertiary", "name": "万泉河路", "bridge": "", "tunnel": "", "layer": "", "source": "osm"}, "geometry": {"type": "LineString", "coordinates": [[116.2949774, 39.9732157], [116.2950044, 39.9731156], [116.2950169, 39.9730694], [116.2951633, 39.9727195], [116.2952755, 39.9725187], [116.2955201, 39.9720878], [116.2958583, 39.9717611], [116.2959256, 39.9716999], [116.2960694, 39.9715669], [116.2962302, 39.9714088], [116.2968093, 39.9709963], [116.2969737, 39.9708871], [116.299668, 39.9691904], [116.3000159, 39.9689706], [116.3000641, 39.9689336]]}}, {"type": "Feature", "properties": {"highway": "secondary", "name": "中关村东路", "bridge": "", "tunnel": "", "layer": "", "source": "osm"}, "geometry": {"type": "LineString", "coordinates": [[116.3275103, 39.9752788], [116.3275167, 39.9751523]]}}, {"type": "Feature", "properties": {"highway": "primary", "name": "知春路", "bridge": "", "tunnel": "", "layer": "", "source": "osm"}, "geometry": {"type": "LineString", "coordinates": [[116.3275103, 39.9752788], [116.3273702, 39.9752782], [116.3272543, 39.9752777], [116.3271837, 39.9752774], [116.3262999, 39.9752456], [116.3257018, 39.9751798], [116.3255116, 39.9751732], [116.3251989, 39.9751623], [116.3238062, 39.9751174]]}}, {"type": "Feature", "properties": {"highway": "steps", "name": "", "bridge": "yes", "tunnel": "", "layer": "1", "source": "osm"}, "geometry": {"type": "LineString", "coordinates": [[116.3280542, 39.9710203], [116.3280593, 39.9708862]]}}, {"type": "Feature", "properties": {"highway": "steps", "name": "", "bridge": "yes", "tunnel": "", "layer": "1", "source": "osm"}, "geometry": {"type": "LineString", "coordinates": [[116.3275114, 39.9710122], [116.3275184, 39.9708695]]}}, {"type": "Feature", "properties": {"highway": "residential", "name": "", "bridge": "", "tunnel": "", "layer": "", "source": "osm"}, "geometry": {"type": "LineString", "coordinates": [[116.3297117, 39.9819346], [116.3297107, 39.9819824], [116.3296813, 39.9828833], [116.3296681, 39.9832477]]}}, {"type": "Feature", "properties": {"highway": "tertiary", "name": "北四环西路辅路", "bridge": "", "tunnel": "", "layer": "", "source": "osm"}, "geometry": {"type": "LineString", "coordinates": [[116.3177408, 39.9841145], [116.3186011, 39.9841569]]}}, {"type": "Feature", "properties": {"highway": "steps", "name": "", "bridge": "yes", "tunnel": "", "layer": "1", "source": "osm"}, "geometry": {"type": "LineString", "coordinates": [[116.3123466, 39.9719063], [116.3124427, 39.9716883]]}}, {"type": "Feature", "properties": {"highway": "steps", "name": "", "bridge": "yes", "tunnel": "", "layer": "1", "source": "osm"}, "geometry": {"type": "LineString", "coordinates": [[116.3128514, 39.9720423], [116.3129629, 39.9718116]]}}, {"type": "Feature", "properties": {"highway": "steps", "name": "", "bridge": "", "tunnel": "", "layer": "1", "source": "osm"}, "geometry": {"type": "LineString", "coordinates": [[116.3145303, 39.9679998], [116.3146225, 39.9677631]]}}, {"type": "Feature", "properties": {"highway": "tertiary", "name": "北四环西路", "bridge": "", "tunnel": "", "layer": "", "source": "osm"}, "geometry": {"type": "LineString", "coordinates": [[116.3271843, 39.9844738], [116.3273343, 39.984482], [116.3284236, 39.9845417], [116.3288051, 39.9845641]]}}, {"type": "Feature", "properties": {"highway": "tertiary", "name": "中关村南路", "bridge": "", "tunnel": "", "layer": "", "source": "osm"}, "geometry": {"type": "LineString", "coordinates": [[116.3272512, 39.9797778], [116.3273713, 39.979782]]}}, {"type": "Feature", "properties": {"highway": "secondary", "name": "中关村东路", "bridge": "", "tunnel": "", "layer": "", "source": "osm"}, "geometry": {"type": "LineString", "coordinates": [[116.3272512, 39.9797778], [116.3272601, 39.9795598], [116.3272884, 39.9789727], [116.327291, 39.9789196], [116.3273524, 39.9777032], [116.3274, 39.9767604], [116.3274197, 39.9763699], [116.3274667, 39.9754439], [116.3274956, 39.9754088], [116.3274982, 39.9753564], [116.3275103, 39.9752788]]}}, {"type": "Feature", "properties": {"highway": "steps", "name": "", "bridge": "yes", "tunnel": "", "layer": "1", "source": "osm"}, "geometry": {"type": "LineString", "coordinates": [[116.3378902, 39.975201], [116.3380557, 39.9752028]]}}, {"type": "Feature", "properties": {"highway": "tertiary", "name": "北四环西路辅路", "bridge": "", "tunnel": "", "layer": "", "source": "osm"}, "geometry": {"type": "LineString", "coordinates": [[116.3154597, 39.9840427], [116.315786, 39.9840453], [116.3166884, 39.9840626], [116.3177408, 39.9841145]]}}, {"type": "Feature", "properties": {"highway": "residential", "name": "", "bridge": "", "tunnel": "", "layer": "", "source": "osm"}, "geometry": {"type": "LineString", "coordinates": [[116.3194484, 39.9669099], [116.3204665, 39.9669527], [116.3205343, 39.9668983]]}}, {"type": "Feature", "properties": {"highway": "residential", "name": "双榆树北里五条", "bridge": "", "tunnel": "", "layer": "", "source": "osm"}, "geometry": {"type": "LineString", "coordinates": [[116.3153917, 39.971387], [116.3155003, 39.9698844]]}}, {"type": "Feature", "properties": {"highway": "residential", "name": "双榆树北里四条", "bridge": "", "tunnel": "", "layer": "", "source": "osm"}, "geometry": {"type": "LineString", "coordinates": [[116.316235, 39.9714165], [116.3163431, 39.9699231]]}}, {"type": "Feature", "properties": {"highway": "residential", "name": "双榆树北里二条", "bridge": "", "tunnel": "", "layer": "", "source": "osm"}, "geometry": {"type": "LineString", "coordinates": [[116.3170766, 39.9714458], [116.3172078, 39.9699633]]}}, {"type": "Feature", "properties": {"highway": "residential", "name": "双榆树北里六条", "bridge": "", "tunnel": "", "layer": "", "source": "osm"}, "geometry": {"type": "LineString", "coordinates": [[116.3144364, 39.9713537], [116.3145096, 39.9698421]]}}, {"type": "Feature", "properties": {"highway": "residential", "name": "", "bridge": "", "tunnel": "", "layer": "", "source": "osm"}, "geometry": {"type": "LineString", "coordinates": [[116.3180474, 39.9700002], [116.3179438, 39.9714761]]}}, {"type": "Feature", "properties": {"highway": "tertiary", "name": "科学院南路", "bridge": "", "tunnel": "", "layer": "", "source": "osm"}, "geometry": {"type": "LineString", "coordinates": [[116.3186011, 39.9841569], [116.3186046, 39.9840781], [116.3186075, 39.9840108]]}}, {"type": "Feature", "properties": {"highway": "tertiary", "name": "科学院南路", "bridge": "", "tunnel": "", "layer": "", "source": "osm"}, "geometry": {"type": "LineString", "coordinates": [[116.3187706, 39.9797354], [116.3188558, 39.9790071], [116.3188773, 39.978596], [116.3188859, 39.9784322], [116.3189616, 39.9769872], [116.3189911, 39.976423], [116.318996, 39.9763293], [116.3190075, 39.9761091], [116.3190119, 39.976025]]}}, {"type": "Feature", "properties": {"highway": "residential", "name": "", "bridge": "", "tunnel": "", "layer": "", "source": "osm"}, "geometry": {"type": "LineString", "coordinates": [[116.3318907, 39.9950672], [116.3323022, 39.995064], [116.3323508, 39.9950642], [116.3324232, 39.9950644], [116.3330827, 39.9950759], [116.3333578, 39.9950807], [116.3334307, 39.9950505], [116.3334408, 39.9946914], [116.3334474, 39.9944576], [116.3337661, 39.9944669], [116.3339725, 39.9944544]]}}, {"type": "Feature", "properties": {"highway": "residential", "name": "", "bridge": "", "tunnel": "", "layer": "", "source": "osm"}, "geometry": {"type": "LineString", "coordinates": [[116.3334474, 39.9944576], [116.3323561, 39.9944467], [116.3323554, 39.9946585], [116.3323508, 39.9950642]]}}, {"type": "Feature", "properties": {"highway": "residential", "name": "", "bridge": "", "tunnel": "", "layer": "", "source": "osm"}, "geometry": {"type": "LineString", "coordinates": [[116.3338794, 39.9960126], [116.3337171, 39.9960168], [116.3333731, 39.9960151], [116.3333638, 39.9962172], [116.3333533, 39.9963914], [116.3326315, 39.9963803], [116.3326333, 39.9961923], [116.3333638, 39.9962172]]}}, {"type": "Feature", "properties": {"highway": "residential", "name": "", "bridge": "", "tunnel": "", "layer": "", "source": "osm"}, "geometry": {"type": "LineString", "coordinates": [[116.3333731, 39.9960151], [116.3331728, 39.9959988], [116.333135, 39.9959753], [116.3331408, 39.9955997]]}}, {"type": "Feature", "properties": {"highway": "residential", "name": "", "bridge": "", "tunnel": "", "layer": "", "source": "osm"}, "geometry": {"type": "LineString", "coordinates": [[116.3333731, 39.9960151], [116.3333823, 39.9955957]]}}, {"type": "Feature", "properties": {"highway": "residential", "name": "", "bridge": "", "tunnel": "", "layer": "", "source": "osm"}, "geometry": {"type": "LineString", "coordinates": [[116.3332579, 39.9954957], [116.3336506, 39.9954973], [116.3336742, 39.9954045], [116.3339213, 39.9954085]]}}, {"type": "Feature", "properties": {"highway": "residential", "name": "", "bridge": "", "tunnel": "", "layer": "", "source": "osm"}, "geometry": {"type": "LineString", "coordinates": [[116.3339499, 39.9965485], [116.3346454, 39.9965533], [116.3346428, 39.9967669]]}}, {"type": "Feature", "properties": {"highway": "residential", "name": "", "bridge": "", "tunnel": "", "layer": "", "source": "osm"}, "geometry": {"type": "LineString", "coordinates": [[116.3351558, 39.9971878], [116.335141, 39.9971129], [116.3350925, 39.9970845], [116.3341662, 39.9970718]]}}, {"type": "Feature", "properties": {"highway": "residential", "name": "迎夏街", "bridge": "", "tunnel": "", "layer": "", "source": "osm"}, "geometry": {"type": "LineString", "coordinates": [[116.3335452, 39.974853], [116.3318395, 39.9748764]]}}, {"type": "Feature", "properties": {"highway": "tertiary", "name": "星规路", "bridge": "", "tunnel": "", "layer": "", "source": "osm"}, "geometry": {"type": "LineString", "coordinates": [[116.3275249, 39.9768382], [116.327698, 39.9768436], [116.3287922, 39.9768776], [116.3289835, 39.9768836], [116.3291359, 39.9768887]]}}, {"type": "Feature", "properties": {"highway": "steps", "name": "", "bridge": "", "tunnel": "", "layer": "", "source": "osm"}, "geometry": {"type": "LineString", "coordinates": [[116.3354273, 39.9748496], [116.3355942, 39.9748496]]}}, {"type": "Feature", "properties": {"highway": "residential", "name": "", "bridge": "", "tunnel": "", "layer": "", "source": "osm"}, "geometry": {"type": "LineString", "coordinates": [[116.2978695, 39.9894225], [116.2978967, 39.9892873], [116.2979014, 39.9892614], [116.2979476, 39.9890059], [116.2975138, 39.9889609], [116.2975521, 39.9886735], [116.2970035, 39.9886305], [116.2970954, 39.988001], [116.2970679, 39.9879425], [116.2970494, 39.9879032], [116.2970651, 39.9877813]]}}, {"type": "Feature", "properties": {"highway": "residential", "name": "", "bridge": "", "tunnel": "", "layer": "", "source": "osm"}, "geometry": {"type": "LineString", "coordinates": [[116.2979476, 39.9890059], [116.2983455, 39.9890328], [116.2983814, 39.9890352], [116.2985071, 39.9881338], [116.2985134, 39.9880884]]}}, {"type": "Feature", "properties": {"highway": "residential", "name": "", "bridge": "", "tunnel": "", "layer": "", "source": "osm"}, "geometry": {"type": "LineString", "coordinates": [[116.2970954, 39.988001], [116.2973451, 39.9880245], [116.2981876, 39.9881037], [116.2985071, 39.9881338]]}}, {"type": "Feature", "properties": {"highway": "service", "name": "", "bridge": "", "tunnel": "", "layer": "", "source": "osm"}, "geometry": {"type": "LineString", "coordinates": [[116.2987669, 39.9881093], [116.298596, 39.9880953], [116.2985134, 39.9880884], [116.2982123, 39.9880508], [116.2981109, 39.9878858], [116.2975059, 39.9878189], [116.2973807, 39.9878082], [116.2970651, 39.9877813]]}}, {"type": "Feature", "properties": {"highway": "residential", "name": "", "bridge": "", "tunnel": "", "layer": "", "source": "osm"}, "geometry": {"type": "LineString", "coordinates": [[116.2970679, 39.9879425], [116.2967524, 39.987907], [116.296655, 39.9879402], [116.2965629, 39.9879402], [116.2964601, 39.9879209], [116.2963536, 39.9878808], [116.2963139, 39.9878587]]}}, {"type": "Feature", "properties": {"highway": "residential", "name": "", "bridge": "", "tunnel": "", "layer": "", "source": "osm"}, "geometry": {"type": "LineString", "coordinates": [[116.2947214, 39.9891933], [116.2948168, 39.9890187], [116.2950056, 39.987665], [116.2955528, 39.9876945]]}}, {"type": "Feature", "properties": {"highway": "residential", "name": "", "bridge": "", "tunnel": "", "layer": "", "source": "osm"}, "geometry": {"type": "LineString", "coordinates": [[116.2950056, 39.987665], [116.2947202, 39.9876452], [116.2947846, 39.9870238]]}}, {"type": "Feature", "properties": {"highway": "residential", "name": "", "bridge": "", "tunnel": "", "layer": "", "source": "osm"}, "geometry": {"type": "LineString", "coordinates": [[116.2945315, 39.993562], [116.2945874, 39.9935371], [116.2948421, 39.9934236], [116.2955971, 39.9931604]]}}, {"type": "Feature", "properties": {"highway": "footway", "name": "", "bridge": "yes", "tunnel": "", "layer": "1", "source": "osm"}, "geometry": {"type": "LineString", "coordinates": [[116.2938308, 39.9868131], [116.2941711, 39.9868394]]}}, {"type": "Feature", "properties": {"highway": "footway", "name": "", "bridge": "yes", "tunnel": "", "layer": "1", "source": "osm"}, "geometry": {"type": "LineString", "coordinates": [[116.2943646, 39.9855334], [116.2941606, 39.9855232]]}}, {"type": "Feature", "properties": {"highway": "secondary", "name": "中关村东路", "bridge": "", "tunnel": "", "layer": "", "source": "osm"}, "geometry": {"type": "LineString", "coordinates": [[116.3276738, 39.9751488], [116.3276671, 39.9752795]]}}, {"type": "Feature", "properties": {"highway": "primary", "name": "知春路", "bridge": "", "tunnel": "", "layer": "", "source": "osm"}, "geometry": {"type": "LineString", "coordinates": [[116.3276671, 39.9752795], [116.3275103, 39.9752788]]}}, {"type": "Feature", "properties": {"highway": "primary", "name": "知春路", "bridge": "", "tunnel": "", "layer": "", "source": "osm"}, "geometry": {"type": "LineString", "coordinates": [[116.3275167, 39.9751523], [116.3276738, 39.9751488]]}}, {"type": "Feature", "properties": {"highway": "secondary", "name": "中关村东路", "bridge": "", "tunnel": "", "layer": "", "source": "osm"}, "geometry": {"type": "LineString", "coordinates": [[116.3275167, 39.9751523], [116.3275181, 39.9750269]]}}, {"type": "Feature", "properties": {"highway": "secondary", "name": "中关村东路", "bridge": "", "tunnel": "", "layer": "", "source": "osm"}, "geometry": {"type": "LineString", "coordinates": [[116.3270462, 39.9845763], [116.3270374, 39.9844697]]}}, {"type": "Feature", "properties": {"highway": "tertiary", "name": "北四环西路", "bridge": "", "tunnel": "", "layer": "", "source": "osm"}, "geometry": {"type": "LineString", "coordinates": [[116.3257805, 39.9844111], [116.3267544, 39.9844694], [116.3268961, 39.9844696], [116.3270374, 39.9844697]]}}, {"type": "Feature", "properties": {"highway": "residential", "name": "", "bridge": "", "tunnel": "", "layer": "", "source": "osm"}, "geometry": {"type": "LineString", "coordinates": [[116.334008, 39.993795], [116.3333408, 39.9937786], [116.3329542, 39.9937748], [116.3329588, 39.9936321], [116.3333453, 39.9936394], [116.3333408, 39.9937786]]}}, {"type": "Feature", "properties": {"highway": "path", "name": "", "bridge": "", "tunnel": "", "layer": "", "source": "osm"}, "geometry": {"type": "LineString", "coordinates": [[116.329367, 39.9750426], [116.3294348, 39.9750434], [116.3295105, 39.9750444], [116.3297901, 39.9750479], [116.3299444, 39.9750498]]}}, {"type": "Feature", "properties": {"highway": "residential", "name": "", "bridge": "", "tunnel": "", "layer": "", "source": "osm"}, "geometry": {"type": "LineString", "coordinates": [[116.3380249, 39.9950843], [116.3380039, 39.9957405], [116.3379906, 39.9961565]]}}, {"type": "Feature", "properties": {"highway": "secondary", "name": "中关村东路", "bridge": "", "tunnel": "", "layer": "", "source": "osm"}, "geometry": {"type": "LineString", "coordinates": [[116.3270388, 39.984972], [116.3270379, 39.984904]]}}, {"type": "Feature", "properties": {"highway": "tertiary", "name": "北四环西路", "bridge": "", "tunnel": "", "layer": "", "source": "osm"}, "geometry": {"type": "LineString", "coordinates": [[116.3270388, 39.984972], [116.3269155, 39.9849662]]}}, {"type": "Feature", "properties": {"highway": "secondary", "name": "中关村东路", "bridge": "", "tunnel": "", "layer": "", "source": "osm"}, "geometry": {"type": "LineString", "coordinates": [[116.3271843, 39.9844738], [116.3271833, 39.9845828]]}}, {"type": "Feature", "properties": {"highway": "tertiary", "name": "北四环西路", "bridge": "", "tunnel": "", "layer": "", "source": "osm"}, "geometry": {"type": "LineString", "coordinates": [[116.3270374, 39.9844697], [116.3271843, 39.9844738]]}}, {"type": "Feature", "properties": {"highway": "secondary", "name": "成府路", "bridge": "", "tunnel": "", "layer": "", "source": "osm"}, "geometry": {"type": "LineString", "coordinates": [[116.3341782, 39.9915695], [116.3342723, 39.9915742]]}}, {"type": "Feature", "properties": {"highway": "secondary", "name": "成府路", "bridge": "", "tunnel": "", "layer": "", "source": "osm"}, "geometry": {"type": "LineString", "coordinates": [[116.3342574, 39.9916574], [116.3341584, 39.9916531]]}}, {"type": "Feature", "properties": {"highway": "tertiary", "name": "", "bridge": "", "tunnel": "", "layer": "", "source": "osm"}, "geometry": {"type": "LineString", "coordinates": [[116.3345432, 39.9846247], [116.3346496, 39.9846289]]}}, {"type": "Feature", "properties": {"highway": "tertiary", "name": "万泉河路", "bridge": "", "tunnel": "", "layer": "", "source": "osm"}, "geometry": {"type": "LineString", "coordinates": [[116.3017731, 39.9644203], [116.3016167, 39.9651289], [116.3014759, 39.9656142], [116.3014171, 39.9658577], [116.3012782, 39.966439], [116.3012522, 39.9666458], [116.3011981, 39.9670746], [116.30114, 39.9682435], [116.3010931, 39.9684789], [116.301049, 39.9686003], [116.3009739, 39.9687501]]}}, {"type": "Feature", "properties": {"highway": "primary", "name": "海淀南路", "bridge": "", "tunnel": "", "layer": "", "source": "osm"}, "geometry": {"type": "LineString", "coordinates": [[116.3002359, 39.9744419], [116.3000987, 39.9744312]]}}, {"type": "Feature", "properties": {"highway": "secondary", "name": "苏州街", "bridge": "", "tunnel": "", "layer": "", "source": "osm"}, "geometry": {"type": "LineString", "coordinates": [[116.3002487, 39.9743468], [116.3002359, 39.9744419]]}}, {"type": "Feature", "properties": {"highway": "footway", "name": "", "bridge": "", "tunnel": "", "layer": "", "source": "osm"}, "geometry": {"type": "LineString", "coordinates": [[116.3118824, 40.0004597], [116.3119568, 40.0002906], [116.3119863, 40.0002207], [116.3120225, 40.0001139], [116.3120574, 39.9999557], [116.3120653, 39.9998688], [116.3120681, 39.9998385], [116.3120091, 39.9996906], [116.3119742, 39.9995879], [116.3120171, 39.9994708], [116.3121325, 39.9993269], [116.3121673, 39.9992119], [116.3121164, 39.9991153], [116.3120225, 39.9990454], [116.3119876, 39.9989221], [116.3118133, 39.9988256], [116.3116256, 39.9987927]]}}, {"type": "Feature", "properties": {"highway": "service", "name": "", "bridge": "", "tunnel": "", "layer": "", "source": "osm"}, "geometry": {"type": "LineString", "coordinates": [[116.309952, 39.9993217], [116.3099898, 39.9987135], [116.3099954, 39.9986243]]}}, {"type": "Feature", "properties": {"highway": "steps", "name": "", "bridge": "", "tunnel": "", "layer": "", "source": "osm"}, "geometry": {"type": "LineString", "coordinates": [[116.3233441, 39.9978913], [116.3233496, 39.9977171]]}}, {"type": "Feature", "properties": {"highway": "footway", "name": "", "bridge": "yes", "tunnel": "", "layer": "1", "source": "osm"}, "geometry": {"type": "LineString", "coordinates": [[116.3148401, 39.9993861], [116.3147718, 39.9994625]]}}, {"type": "Feature", "properties": {"highway": "footway", "name": "", "bridge": "", "tunnel": "", "layer": "", "source": "osm"}, "geometry": {"type": "LineString", "coordinates": [[116.314515, 39.9992346], [116.3148603, 39.9993331], [116.3148401, 39.9993861]]}}, {"type": "Feature", "properties": {"highway": "footway", "name": "", "bridge": "", "tunnel": "", "layer": "", "source": "osm"}, "geometry": {"type": "LineString", "coordinates": [[116.3147718, 39.9994625], [116.3148174, 39.9996023], [116.314922, 39.9997399], [116.3149411, 40.0002024]]}}, {"type": "Feature", "properties": {"highway": "footway", "name": "", "bridge": "", "tunnel": "", "layer": "", "source": "osm"}, "geometry": {"type": "LineString", "coordinates": [[116.3144771, 39.9997442], [116.314515, 39.9992346], [116.3145538, 39.9987376]]}}, {"type": "Feature", "properties": {"highway": "footway", "name": "", "bridge": "", "tunnel": "", "layer": "", "source": "osm"}, "geometry": {"type": "LineString", "coordinates": [[116.3146515, 40.0002106], [116.3147266, 40.0002024], [116.3146279, 40.0000375], [116.3145496, 39.9999065], [116.3144771, 39.9997442], [116.3138173, 39.9997175], [116.3137582, 39.9995511], [116.3133944, 39.9995275], [116.3133452, 39.9995243], [116.3131553, 39.9994807], [116.3127901, 39.9993194], [116.3125868, 39.9992257]]}}, {"type": "Feature", "properties": {"highway": "residential", "name": "", "bridge": "", "tunnel": "", "layer": "", "source": "osm"}, "geometry": {"type": "LineString", "coordinates": [[116.3177154, 39.9943891], [116.3181961, 39.994425]]}}, {"type": "Feature", "properties": {"highway": "unclassified", "name": "", "bridge": "", "tunnel": "", "layer": "", "source": "osm"}, "geometry": {"type": "LineString", "coordinates": [[116.3162041, 39.9942806], [116.316257, 39.9942844], [116.3169557, 39.9943346], [116.3177154, 39.9943891]]}}, {"type": "Feature", "properties": {"highway": "service", "name": "", "bridge": "", "tunnel": "", "layer": "", "source": "osm"}, "geometry": {"type": "LineString", "coordinates": [[116.3143319, 39.996064], [116.3139564, 39.9960845], [116.3137579, 39.9961831], [116.3136815, 39.9973025]]}}, {"type": "Feature", "properties": {"highway": "service", "name": "", "bridge": "", "tunnel": "yes", "layer": "-1", "source": "osm"}, "geometry": {"type": "LineString", "coordinates": [[116.3253434, 39.9929057], [116.3246966, 39.9928881], [116.3239558, 39.9928643]]}}, {"type": "Feature", "properties": {"highway": "service", "name": "", "bridge": "", "tunnel": "", "layer": "", "source": "osm"}, "geometry": {"type": "LineString", "coordinates": [[116.3239558, 39.9928643], [116.3237532, 39.9928499]]}}, {"type": "Feature", "properties": {"highway": "footway", "name": "", "bridge": "", "tunnel": "", "layer": "", "source": "osm"}, "geometry": {"type": "LineString", "coordinates": [[116.3260114, 39.9919298], [116.3261121, 39.9919624], [116.3262087, 39.992057], [116.3262018, 39.992419], [116.3261924, 39.9929171]]}}, {"type": "Feature", "properties": {"highway": "secondary_link", "name": "", "bridge": "", "tunnel": "", "layer": "", "source": "osm"}, "geometry": {"type": "LineString", "coordinates": [[116.3261708, 39.9935618], [116.3263024, 39.9935552], [116.3263857, 39.9935353], [116.326426, 39.9935162], [116.3265238, 39.9934081]]}}, {"type": "Feature", "properties": {"highway": "residential", "name": "近春路", "bridge": "yes", "tunnel": "", "layer": "1", "source": "osm"}, "geometry": {"type": "LineString", "coordinates": [[116.3128146, 39.9983872], [116.312797, 39.9985302]]}}, {"type": "Feature", "properties": {"highway": "residential", "name": "近春路", "bridge": "", "tunnel": "", "layer": "1", "source": "osm"}, "geometry": {"type": "LineString", "coordinates": [[116.3129873, 39.9972646], [116.3129483, 39.997518], [116.3129241, 39.9977051], [116.3128918, 39.9978856], [116.3128146, 39.9983872]]}}, {"type": "Feature", "properties": {"highway": "residential", "name": "熙春路", "bridge": "yes", "tunnel": "", "layer": "1", "source": "osm"}, "geometry": {"type": "LineString", "coordinates": [[116.315746, 39.9984942], [116.315732, 39.9986653]]}}, {"type": "Feature", "properties": {"highway": "residential", "name": "熙春路", "bridge": "", "tunnel": "", "layer": "1", "source": "osm"}, "geometry": {"type": "LineString", "coordinates": [[116.316089, 39.9942717], [116.315926, 39.996173], [116.3158359, 39.9974202], [116.3157929, 39.9978414], [116.3157722, 39.9981409], [116.3157502, 39.9984395], [116.315746, 39.9984942]]}}, {"type": "Feature", "properties": {"highway": "tertiary", "name": "万泉庄路", "bridge": "", "tunnel": "", "layer": "", "source": "osm"}, "geometry": {"type": "LineString", "coordinates": [[116.2957459, 39.9671497], [116.2954959, 39.9671975], [116.2939806, 39.9672003], [116.2936521, 39.9672009], [116.2934555, 39.9672013], [116.2933998, 39.9672014], [116.2931962, 39.9671795], [116.2909574, 39.9669392]]}}, {"type": "Feature", "properties": {"highway": "tertiary", "name": "万泉庄路", "bridge": "", "tunnel": "", "layer": "", "source": "osm"}, "geometry": {"type": "LineString", "coordinates": [[116.2909005, 39.9668577], [116.2909766, 39.9668654], [116.2931917, 39.9671021], [116.2934087, 39.9671253], [116.293461, 39.9671251], [116.2940772, 39.9671223], [116.2955014, 39.9671158], [116.2957459, 39.9671497]]}}, {"type": "Feature", "properties": {"highway": "tertiary", "name": "万柳东路", "bridge": "", "tunnel": "", "layer": "", "source": "osm"}, "geometry": {"type": "LineString", "coordinates": [[116.2957459, 39.9671497], [116.2960433, 39.9658185], [116.2960746, 39.965608], [116.2961039, 39.9654112], [116.2961062, 39.9653955], [116.2961565, 39.9650567], [116.2962641, 39.9643328], [116.2964088, 39.9633593], [116.2964191, 39.9632899]]}}, {"type": "Feature", "properties": {"highway": "cycleway", "name": "", "bridge": "", "tunnel": "", "layer": "", "source": "osm"}, "geometry": {"type": "LineString", "coordinates": [[116.3306736, 39.9989407], [116.3293027, 39.9989046], [116.3291651, 39.9989007], [116.329122, 39.9988995], [116.3290773, 39.9988906], [116.3282529, 39.9987271], [116.3281697, 39.9987025], [116.3280893, 39.9986788], [116.328105, 39.9983304]]}}, {"type": "Feature", "properties": {"highway": "cycleway", "name": "", "bridge": "", "tunnel": "", "layer": "", "source": "osm"}, "geometry": {"type": "LineString", "coordinates": [[116.3254499, 39.9977898], [116.3261336, 39.9978105], [116.326156, 39.9978106], [116.326247, 39.9978127], [116.3266667, 39.9978225], [116.3267594, 39.9978246]]}}, {"type": "Feature", "properties": {"highway": "cycleway", "name": "", "bridge": "", "tunnel": "", "layer": "", "source": "osm"}, "geometry": {"type": "LineString", "coordinates": [[116.3234675, 39.998768], [116.3234562, 39.9989218]]}}, {"type": "Feature", "properties": {"highway": "cycleway", "name": "", "bridge": "", "tunnel": "building_passage", "layer": "-1", "source": "osm"}, "geometry": {"type": "LineString", "coordinates": [[116.3234836, 39.9984085], [116.3234675, 39.998768]]}}, {"type": "Feature", "properties": {"highway": "cycleway", "name": "", "bridge": "", "tunnel": "", "layer": "", "source": "osm"}, "geometry": {"type": "LineString", "coordinates": [[116.3235104, 39.997864], [116.3234889, 39.9983201], [116.3234836, 39.9984085]]}}, {"type": "Feature", "properties": {"highway": "cycleway", "name": "", "bridge": "", "tunnel": "", "layer": "", "source": "osm"}, "geometry": {"type": "LineString", "coordinates": [[116.3232397, 39.9983066], [116.3234502, 39.998318], [116.3234889, 39.9983201]]}}, {"type": "Feature", "properties": {"highway": "footway", "name": "", "bridge": "", "tunnel": "", "layer": "", "source": "osm"}, "geometry": {"type": "LineString", "coordinates": [[116.3222455, 39.998653], [116.3219714, 39.9986322]]}}, {"type": "Feature", "properties": {"highway": "cycleway", "name": "", "bridge": "", "tunnel": "", "layer": "", "source": "osm"}, "geometry": {"type": "LineString", "coordinates": [[116.3222666, 39.9982909], [116.3222455, 39.998653], [116.3222283, 39.9989817], [116.3231403, 39.9989119], [116.3234562, 39.9989218], [116.3240594, 39.9989408]]}}, {"type": "Feature", "properties": {"highway": "cycleway", "name": "", "bridge": "", "tunnel": "", "layer": "", "source": "osm"}, "geometry": {"type": "LineString", "coordinates": [[116.3222666, 39.9982909], [116.3232397, 39.9983066]]}}, {"type": "Feature", "properties": {"highway": "cycleway", "name": "", "bridge": "", "tunnel": "building_passage", "layer": "", "source": "osm"}, "geometry": {"type": "LineString", "coordinates": [[116.3236982, 39.9957848], [116.3236874, 39.9959807]]}}, {"type": "Feature", "properties": {"highway": "cycleway", "name": "", "bridge": "", "tunnel": "", "layer": "", "source": "osm"}, "geometry": {"type": "LineString", "coordinates": [[116.3237089, 39.9954537], [116.3236982, 39.9957848]]}}, {"type": "Feature", "properties": {"highway": "cycleway", "name": "", "bridge": "", "tunnel": "building_passage", "layer": "", "source": "osm"}, "geometry": {"type": "LineString", "coordinates": [[116.3237196, 39.9951763], [116.3237089, 39.9954537]]}}, {"type": "Feature", "properties": {"highway": "cycleway", "name": "", "bridge": "", "tunnel": "", "layer": "", "source": "osm"}, "geometry": {"type": "LineString", "coordinates": [[116.323725, 39.9950124], [116.3237196, 39.9951763]]}}, {"type": "Feature", "properties": {"highway": "cycleway", "name": "", "bridge": "", "tunnel": "", "layer": "", "source": "osm"}, "geometry": {"type": "LineString", "coordinates": [[116.3236874, 39.9959807], [116.3236822, 39.9961397], [116.3236827, 39.9961919]]}}, {"type": "Feature", "properties": {"highway": "service", "name": "", "bridge": "", "tunnel": "", "layer": "", "source": "osm"}, "geometry": {"type": "LineString", "coordinates": [[116.3249297, 39.9986251], [116.3242326, 39.9986213], [116.324071, 39.9986168]]}}, {"type": "Feature", "properties": {"highway": "service", "name": "", "bridge": "", "tunnel": "", "layer": "", "source": "osm"}, "geometry": {"type": "LineString", "coordinates": [[116.325481, 39.9970751], [116.3251331, 39.9970667]]}}, {"type": "Feature", "properties": {"highway": "service", "name": "", "bridge": "", "tunnel": "", "layer": "", "source": "osm"}, "geometry": {"type": "LineString", "coordinates": [[116.3281644, 39.9963487], [116.3281622, 39.9963908], [116.328156, 39.9965078], [116.3281292, 39.9970996]]}}, {"type": "Feature", "properties": {"highway": "cycleway", "name": "", "bridge": "", "tunnel": "", "layer": "", "source": "osm"}, "geometry": {"type": "LineString", "coordinates": [[116.3282046, 39.9972252], [116.3282414, 39.9963934], [116.3282432, 39.9963517]]}}, {"type": "Feature", "properties": {"highway": "service", "name": "", "bridge": "", "tunnel": "", "layer": "", "source": "osm"}, "geometry": {"type": "LineString", "coordinates": [[116.3281284, 39.9978537], [116.3280568, 39.9978537], [116.3268417, 39.997827], [116.3267594, 39.9978246]]}}, {"type": "Feature", "properties": {"highway": "cycleway", "name": "", "bridge": "", "tunnel": "", "layer": "", "source": "osm"}, "geometry": {"type": "LineString", "coordinates": [[116.3254499, 39.9977898], [116.3254523, 39.9977592], [116.3254693, 39.9973529], [116.326183, 39.9973721]]}}, {"type": "Feature", "properties": {"highway": "residential", "name": "清华路", "bridge": "", "tunnel": "", "layer": "1", "source": "osm"}, "geometry": {"type": "LineString", "coordinates": [[116.3099954, 39.9986243], [116.3093829, 39.9986061], [116.3093191, 39.9986019], [116.309222, 39.9985989], [116.3091413, 39.9985965]]}}, {"type": "Feature", "properties": {"highway": "residential", "name": "光华路", "bridge": "", "tunnel": "building_passage", "layer": "", "source": "osm"}, "geometry": {"type": "LineString", "coordinates": [[116.3290787, 39.9982153], [116.3290572, 39.9987126], [116.3290733, 39.9987639]]}}, {"type": "Feature", "properties": {"highway": "service", "name": "", "bridge": "", "tunnel": "", "layer": "", "source": "osm"}, "geometry": {"type": "LineString", "coordinates": [[116.3236402, 39.9968029], [116.3237062, 39.9968448], [116.3237894, 39.9969105], [116.3237776, 39.9971094], [116.3237491, 39.9975886], [116.3247201, 39.9976297], [116.3247496, 39.9971489], [116.3237776, 39.9971094]]}}, {"type": "Feature", "properties": {"highway": "service", "name": "", "bridge": "", "tunnel": "", "layer": "", "source": "osm"}, "geometry": {"type": "LineString", "coordinates": [[116.3235289, 39.9964565], [116.3226467, 39.9964256]]}}, {"type": "Feature", "properties": {"highway": "service", "name": "", "bridge": "", "tunnel": "", "layer": "", "source": "osm"}, "geometry": {"type": "LineString", "coordinates": [[116.3236743, 39.9963311], [116.3236095, 39.9963292], [116.3235372, 39.996327], [116.3235289, 39.9964565], [116.3235104, 39.9967462]]}}, {"type": "Feature", "properties": {"highway": "steps", "name": "", "bridge": "", "tunnel": "", "layer": "", "source": "osm"}, "geometry": {"type": "LineString", "coordinates": [[116.3221975, 39.9970997], [116.3224854, 39.9971183]]}}, {"type": "Feature", "properties": {"highway": "footway", "name": "", "bridge": "", "tunnel": "", "layer": "", "source": "osm"}, "geometry": {"type": "LineString", "coordinates": [[116.3276809, 39.9994937], [116.3276169, 39.9993721], [116.3274989, 39.9992735], [116.3274452, 39.9991728], [116.3274479, 39.9990998]]}}, {"type": "Feature", "properties": {"highway": "footway", "name": "", "bridge": "", "tunnel": "building_passage", "layer": "", "source": "osm"}, "geometry": {"type": "LineString", "coordinates": [[116.3249239, 39.9979297], [116.3249212, 39.9980982]]}}, {"type": "Feature", "properties": {"highway": "footway", "name": "", "bridge": "", "tunnel": "", "layer": "", "source": "osm"}, "geometry": {"type": "LineString", "coordinates": [[116.324924, 39.9977746], [116.3249239, 39.9979297]]}}, {"type": "Feature", "properties": {"highway": "footway", "name": "", "bridge": "", "tunnel": "", "layer": "", "source": "osm"}, "geometry": {"type": "LineString", "coordinates": [[116.3249212, 39.9980982], [116.3249186, 39.9982235], [116.3252136, 39.9982338], [116.3252109, 39.9984413], [116.3252034, 39.998605]]}}, {"type": "Feature", "properties": {"highway": "steps", "name": "", "bridge": "", "tunnel": "", "layer": "", "source": "osm"}, "geometry": {"type": "LineString", "coordinates": [[116.3235212, 39.9977228], [116.3235104, 39.997864]]}}, {"type": "Feature", "properties": {"highway": "service", "name": "", "bridge": "", "tunnel": "", "layer": "", "source": "osm"}, "geometry": {"type": "LineString", "coordinates": [[116.3224182, 39.9976829], [116.3224352, 39.9976171], [116.3224697, 39.9974612], [116.3224854, 39.9971183], [116.3224912, 39.9969927], [116.3225448, 39.9969393], [116.3231242, 39.9969475], [116.3231993, 39.9969886], [116.3231617, 39.9976051]]}}, {"type": "Feature", "properties": {"highway": "primary", "name": "知春路", "bridge": "", "tunnel": "", "layer": "", "source": "osm"}, "geometry": {"type": "LineString", "coordinates": [[116.3373076, 39.9751443], [116.3343139, 39.9751148], [116.3336765, 39.9751183], [116.3318201, 39.9751624]]}}, {"type": "Feature", "properties": {"highway": "tertiary", "name": "北四环西路", "bridge": "", "tunnel": "", "layer": "", "source": "osm"}, "geometry": {"type": "LineString", "coordinates": [[116.3271771, 39.9849791], [116.3270388, 39.984972]]}}, {"type": "Feature", "properties": {"highway": "secondary", "name": "中关村东路", "bridge": "", "tunnel": "", "layer": "", "source": "osm"}, "geometry": {"type": "LineString", "coordinates": [[116.3271773, 39.9849106], [116.3271771, 39.9849791]]}}, {"type": "Feature", "properties": {"highway": "primary", "name": "知春路", "bridge": "", "tunnel": "", "layer": "", "source": "osm"}, "geometry": {"type": "LineString", "coordinates": [[116.3290025, 39.9752447], [116.3289162, 39.975251], [116.3288788, 39.9752538], [116.3278958, 39.9752805], [116.3278336, 39.9752799], [116.3277921, 39.9752796], [116.3276671, 39.9752795]]}}, {"type": "Feature", "properties": {"highway": "tertiary", "name": "知春路", "bridge": "", "tunnel": "", "layer": "", "source": "osm"}, "geometry": {"type": "LineString", "coordinates": [[116.3318237, 39.9752236], [116.3304386, 39.975247], [116.3300651, 39.9752595], [116.3297828, 39.9752689]]}}, {"type": "Feature", "properties": {"highway": "primary", "name": "知春路", "bridge": "", "tunnel": "", "layer": "", "source": "osm"}, "geometry": {"type": "LineString", "coordinates": [[116.329642, 39.9752204], [116.3291417, 39.9752332], [116.3291014, 39.9752374], [116.3290025, 39.9752447]]}}, {"type": "Feature", "properties": {"highway": "tertiary", "name": "", "bridge": "", "tunnel": "", "layer": "", "source": "osm"}, "geometry": {"type": "LineString", "coordinates": [[116.3297828, 39.9752689], [116.329642, 39.9752204]]}}, {"type": "Feature", "properties": {"highway": "footway", "name": "", "bridge": "", "tunnel": "", "layer": "", "source": "osm"}, "geometry": {"type": "LineString", "coordinates": [[116.3291116, 39.9753736], [116.3290013, 39.9753738], [116.328911, 39.9753771]]}}, {"type": "Feature", "properties": {"highway": "footway", "name": "", "bridge": "", "tunnel": "", "layer": "", "source": "osm"}, "geometry": {"type": "LineString", "coordinates": [[116.3291116, 39.9753736], [116.3291061, 39.9753003], [116.3291014, 39.9752374], [116.3290917, 39.9751245], [116.3290893, 39.9750749], [116.3290747, 39.9750456], [116.3290502, 39.9750055], [116.329027, 39.9749676]]}}, {"type": "Feature", "properties": {"highway": "footway", "name": "", "bridge": "", "tunnel": "", "layer": "", "source": "osm"}, "geometry": {"type": "LineString", "coordinates": [[116.328911, 39.9753771], [116.3289116, 39.9753461], [116.3289162, 39.975251], [116.328922, 39.9751286], [116.3289269, 39.9750148], [116.3289284, 39.9749794]]}}, {"type": "Feature", "properties": {"highway": "primary", "name": "知春路", "bridge": "", "tunnel": "", "layer": "", "source": "osm"}, "geometry": {"type": "LineString", "coordinates": [[116.3277968, 39.9751448], [116.3278468, 39.9751443], [116.3278972, 39.9751438], [116.3288856, 39.9751294], [116.328922, 39.9751286], [116.3290021, 39.9751266], [116.3290917, 39.9751245], [116.3291417, 39.9751233], [116.329516, 39.9751143], [116.3297956, 39.9751076]]}}, {"type": "Feature", "properties": {"highway": "residential", "name": "榆树林北路", "bridge": "", "tunnel": "", "layer": "", "source": "osm"}, "geometry": {"type": "LineString", "coordinates": [[116.3079352, 39.9773731], [116.3079391, 39.9773057], [116.3079797, 39.9766092]]}}, {"type": "Feature", "properties": {"highway": "tertiary", "name": "北四环中路", "bridge": "", "tunnel": "", "layer": "", "source": "osm"}, "geometry": {"type": "LineString", "coordinates": [[116.3377852, 39.9849792], [116.3385813, 39.9850134]]}}, {"type": "Feature", "properties": {"highway": "tertiary", "name": "大运村路", "bridge": "", "tunnel": "", "layer": "", "source": "osm"}, "geometry": {"type": "LineString", "coordinates": [[116.3373049, 39.9752203], [116.3372294, 39.9752668], [116.3371369, 39.9753295], [116.3369036, 39.9754855], [116.3366783, 39.9756361], [116.3364664, 39.9757778], [116.3358999, 39.976179], [116.3357298, 39.9763635], [116.3357195, 39.9763747], [116.3355909, 39.9765868], [116.3353997, 39.9770572], [116.335377, 39.9771215]]}}, {"type": "Feature", "properties": {"highway": "secondary", "name": "荷清路", "bridge": "", "tunnel": "", "layer": "", "source": "osm"}, "geometry": {"type": "LineString", "coordinates": [[116.3309465, 39.9991713], [116.330961, 39.9989754], [116.3310155, 39.9976789], [116.3310113, 39.9975822], [116.3310187, 39.9974287]]}}, {"type": "Feature", "properties": {"highway": "residential", "name": "", "bridge": "", "tunnel": "", "layer": "", "source": "osm"}, "geometry": {"type": "LineString", "coordinates": [[116.3310937, 39.992728], [116.3310008, 39.9927279], [116.3301644, 39.9927277]]}}, {"type": "Feature", "properties": {"highway": "residential", "name": "", "bridge": "", "tunnel": "", "layer": "", "source": "osm"}, "geometry": {"type": "LineString", "coordinates": [[116.3312285, 39.993205], [116.3311383, 39.9932047], [116.3310776, 39.9932046], [116.3301171, 39.9932018]]}}, {"type": "Feature", "properties": {"highway": "path", "name": "", "bridge": "", "tunnel": "", "layer": "", "source": "osm"}, "geometry": {"type": "LineString", "coordinates": [[116.3034457, 39.9974254], [116.303373, 39.9976646], [116.3033504, 39.997739], [116.3037737, 39.9978145]]}}, {"type": "Feature", "properties": {"highway": "path", "name": "", "bridge": "", "tunnel": "", "layer": "", "source": "osm"}, "geometry": {"type": "LineString", "coordinates": [[116.303373, 39.9976646], [116.3033003, 39.9976515], [116.3026661, 39.9973682]]}}, {"type": "Feature", "properties": {"highway": "footway", "name": "", "bridge": "", "tunnel": "", "layer": "", "source": "osm"}, "geometry": {"type": "LineString", "coordinates": [[116.3059936, 39.9952523], [116.3056063, 39.9952175], [116.3056154, 39.9951564], [116.3056603, 39.9948701]]}}, {"type": "Feature", "properties": {"highway": "footway", "name": "", "bridge": "", "tunnel": "", "layer": "", "source": "osm"}, "geometry": {"type": "LineString", "coordinates": [[116.306012, 39.9931694], [116.3061721, 39.9929564], [116.3061749, 39.9927213], [116.3061867, 39.9924402], [116.3061937, 39.9922739], [116.3061806, 39.9921576], [116.3061229, 39.9920763], [116.3060622, 39.9920287], [116.3059375, 39.9919705]]}}, {"type": "Feature", "properties": {"highway": "footway", "name": "", "bridge": "", "tunnel": "", "layer": "", "source": "osm"}, "geometry": {"type": "LineString", "coordinates": [[116.3061749, 39.9927213], [116.3066544, 39.9927329], [116.3068871, 39.9927385], [116.3069936, 39.9927413]]}}, {"type": "Feature", "properties": {"highway": "path", "name": "", "bridge": "", "tunnel": "", "layer": "", "source": "osm"}, "geometry": {"type": "LineString", "coordinates": [[116.2973933, 39.9742125], [116.2971654, 39.9741192], [116.2970103, 39.9740556]]}}, {"type": "Feature", "properties": {"highway": "service", "name": "", "bridge": "", "tunnel": "", "layer": "", "source": "osm"}, "geometry": {"type": "LineString", "coordinates": [[116.2971427, 39.9739765], [116.2971566, 39.9738939], [116.2971818, 39.9735652]]}}, {"type": "Feature", "properties": {"highway": "cycleway", "name": "", "bridge": "", "tunnel": "", "layer": "", "source": "osm"}, "geometry": {"type": "LineString", "coordinates": [[116.2969954, 39.9738806], [116.2971566, 39.9738939], [116.2971658, 39.9738951], [116.2976688, 39.9740769], [116.2977022, 39.9740812], [116.2981287, 39.9741778], [116.2986088, 39.9742189], [116.2997983, 39.9742548], [116.2999588, 39.9742604], [116.2999912, 39.9742615], [116.30011, 39.9742656]]}}, {"type": "Feature", "properties": {"highway": "path", "name": "", "bridge": "", "tunnel": "", "layer": "", "source": "osm"}, "geometry": {"type": "LineString", "coordinates": [[116.2971761, 39.9739269], [116.2975781, 39.9740955]]}}, {"type": "Feature", "properties": {"highway": "tertiary", "name": "北四环西路辅路", "bridge": "", "tunnel": "", "layer": "", "source": "osm"}, "geometry": {"type": "LineString", "coordinates": [[116.3058826, 39.9838037], [116.306563, 39.983826], [116.3071999, 39.9838388], [116.3076117, 39.9838613], [116.3087497, 39.9838916], [116.3097036, 39.983917], [116.3098405, 39.9839218], [116.3099263, 39.9839263], [116.3100646, 39.9839321]]}}, {"type": "Feature", "properties": {"highway": "secondary", "name": "苏州街", "bridge": "", "tunnel": "", "layer": "", "source": "osm"}, "geometry": {"type": "LineString", "coordinates": [[116.3000987, 39.9744312], [116.3001046, 39.9743449]]}}, {"type": "Feature", "properties": {"highway": "primary", "name": "海淀南路", "bridge": "", "tunnel": "", "layer": "", "source": "osm"}, "geometry": {"type": "LineString", "coordinates": [[116.3001046, 39.9743449], [116.3002487, 39.9743468]]}}, {"type": "Feature", "properties": {"highway": "residential", "name": "北林银杏大道", "bridge": "", "tunnel": "", "layer": "", "source": "osm"}, "geometry": {"type": "LineString", "coordinates": [[116.3370442, 40.0004642], [116.3370847, 39.9995811], [116.3370867, 39.9995407], [116.3370922, 39.9994574]]}}, {"type": "Feature", "properties": {"highway": "residential", "name": "海淀西街", "bridge": "", "tunnel": "", "layer": "", "source": "osm"}, "geometry": {"type": "LineString", "coordinates": [[116.3032799, 39.9837387], [116.3032862, 39.9836266], [116.3033184, 39.9830581], [116.303334, 39.9827816], [116.3033397, 39.982681]]}}, {"type": "Feature", "properties": {"highway": "residential", "name": "海淀北一街", "bridge": "", "tunnel": "", "layer": "", "source": "osm"}, "geometry": {"type": "LineString", "coordinates": [[116.3033397, 39.982681], [116.3031899, 39.982678], [116.3022312, 39.9826586]]}}, {"type": "Feature", "properties": {"highway": "cycleway", "name": "", "bridge": "", "tunnel": "", "layer": "", "source": "osm"}, "geometry": {"type": "LineString", "coordinates": [[116.3336899, 39.9914873], [116.333721, 39.9914609], [116.3338398, 39.9913603]]}}, {"type": "Feature", "properties": {"highway": "footway", "name": "", "bridge": "", "tunnel": "", "layer": "", "source": "osm"}, "geometry": {"type": "LineString", "coordinates": [[116.3326803, 39.9914348], [116.3327086, 39.9914355], [116.333721, 39.9914609], [116.3340679, 39.9914665]]}}, {"type": "Feature", "properties": {"highway": "footway", "name": "", "bridge": "", "tunnel": "", "layer": "", "source": "osm"}, "geometry": {"type": "LineString", "coordinates": [[116.3049374, 39.9765682], [116.3050318, 39.9765703], [116.3051222, 39.9765723], [116.3052164, 39.9765744], [116.305221, 39.9765055], [116.3052258, 39.9764336], [116.3051334, 39.9764324], [116.3050419, 39.9764312], [116.3049442, 39.97643], [116.304941, 39.9764949], [116.3049374, 39.9765682]]}}, {"type": "Feature", "properties": {"highway": "residential", "name": "通惠寺街", "bridge": "", "tunnel": "", "layer": "", "source": "osm"}, "geometry": {"type": "LineString", "coordinates": [[116.3051771, 39.9758463], [116.3050844, 39.9758461], [116.3029525, 39.9758006], [116.3028396, 39.975798]]}}, {"type": "Feature", "properties": {"highway": "footway", "name": "", "bridge": "", "tunnel": "", "layer": "", "source": "osm"}, "geometry": {"type": "LineString", "coordinates": [[116.3027803, 39.9759727], [116.302832, 39.9759735], [116.302945, 39.9759754], [116.3030016, 39.9759763]]}}, {"type": "Feature", "properties": {"highway": "footway", "name": "", "bridge": "", "tunnel": "", "layer": "", "source": "osm"}, "geometry": {"type": "LineString", "coordinates": [[116.3030022, 39.9765281], [116.3030098, 39.9764349], [116.3030156, 39.9763637], [116.3029285, 39.9763612], [116.3028154, 39.976358], [116.3027635, 39.9763565]]}}, {"type": "Feature", "properties": {"highway": "footway", "name": "", "bridge": "", "tunnel": "", "layer": "", "source": "osm"}, "geometry": {"type": "LineString", "coordinates": [[116.3275311, 39.9798902], [116.3274983, 39.9798878], [116.3274269, 39.9798826], [116.3273652, 39.9798958], [116.3272883, 39.9799123], [116.3272458, 39.9799119], [116.327121, 39.9799086], [116.3270469, 39.9799072], [116.3270527, 39.9797897], [116.3270577, 39.9796872]]}}, {"type": "Feature", "properties": {"highway": "tertiary", "name": "中关村东路", "bridge": "", "tunnel": "", "layer": "", "source": "osm"}, "geometry": {"type": "LineString", "coordinates": [[116.3277888, 39.9753713], [116.3277874, 39.9754115], [116.3277858, 39.9754552], [116.3277281, 39.9761962], [116.3276812, 39.9764295], [116.3276791, 39.9767733], [116.327698, 39.9768436], [116.3276637, 39.9775387], [116.3274983, 39.9798878], [116.327472, 39.9814184], [116.3273755, 39.9833702], [116.3274103, 39.9835881], [116.327351, 39.9843484], [116.3273343, 39.984482]]}}, {"type": "Feature", "properties": {"highway": "tertiary", "name": "中关村东路", "bridge": "", "tunnel": "", "layer": "", "source": "osm"}, "geometry": {"type": "LineString", "coordinates": [[116.3270931, 39.9804847], [116.327118, 39.9799513], [116.327121, 39.9799086], [116.3271304, 39.9797745]]}}, {"type": "Feature", "properties": {"highway": "tertiary", "name": "中关村南路", "bridge": "", "tunnel": "", "layer": "", "source": "osm"}, "geometry": {"type": "LineString", "coordinates": [[116.3271304, 39.9797745], [116.3272512, 39.9797778]]}}, {"type": "Feature", "properties": {"highway": "tertiary", "name": "中关村东路", "bridge": "", "tunnel": "", "layer": "", "source": "osm"}, "geometry": {"type": "LineString", "coordinates": [[116.3271304, 39.9797745], [116.3271475, 39.97953], [116.3271727, 39.9789738], [116.3271756, 39.9789093], [116.3272766, 39.9768021], [116.3272786, 39.9767512], [116.327291, 39.9764521], [116.3272789, 39.9762312], [116.3273191, 39.975447], [116.3273581, 39.9754075], [116.3273602, 39.9753497], [116.3273702, 39.9752782], [116.3273772, 39.9751554], [116.3273786, 39.9750231], [116.3273801, 39.9749918], [116.3274184, 39.9741665], [116.3274774, 39.9739506], [116.327523, 39.9730051], [116.3275069, 39.9728304], [116.3275235, 39.9724629], [116.3275515, 39.9718417], [116.3275541, 39.9717846], [116.3275927, 39.970929], [116.3276326, 39.9707278], [116.3276437, 39.9706721], [116.3276632, 39.970229], [116.3277778, 39.9676236], [116.3277644, 39.967305], [116.3277921, 39.9665351], [116.3279588, 39.9664141]]}}, {"type": "Feature", "properties": {"highway": "secondary", "name": "中关村东路", "bridge": "", "tunnel": "", "layer": "", "source": "osm"}, "geometry": {"type": "LineString", "coordinates": [[116.3272119, 39.9806191], [116.327244, 39.9799544], [116.3272458, 39.9799119], [116.3272512, 39.9797778]]}}, {"type": "Feature", "properties": {"highway": "secondary_link", "name": "", "bridge": "", "tunnel": "", "layer": "", "source": "osm"}, "geometry": {"type": "LineString", "coordinates": [[116.3272119, 39.9806191], [116.3270931, 39.9804847]]}}, {"type": "Feature", "properties": {"highway": "tertiary", "name": "中关村东路", "bridge": "", "tunnel": "", "layer": "", "source": "osm"}, "geometry": {"type": "LineString", "coordinates": [[116.3270374, 39.9844697], [116.32689, 39.9843146], [116.3269222, 39.9835706], [116.3269598, 39.9833425], [116.3269656, 39.9832178], [116.3270126, 39.9822095], [116.3270168, 39.9821207], [116.3270228, 39.981991], [116.3270276, 39.9818879], [116.3270545, 39.9813113], [116.3270589, 39.981217], [116.3270931, 39.9804847]]}}, {"type": "Feature", "properties": {"highway": "unclassified", "name": "", "bridge": "", "tunnel": "", "layer": "", "source": "osm"}, "geometry": {"type": "LineString", "coordinates": [[116.3312827, 39.9893928], [116.3313514, 39.9893956], [116.3318255, 39.9894149], [116.3319161, 39.9894189], [116.332028, 39.9894235], [116.3321111, 39.9894279], [116.3322117, 39.9894332], [116.3322337, 39.9894344], [116.3324741, 39.9894406], [116.3338017, 39.989475], [116.3341556, 39.9894811], [116.3342761, 39.9894837]]}}, {"type": "Feature", "properties": {"highway": "footway", "name": "", "bridge": "", "tunnel": "", "layer": "", "source": "osm"}, "geometry": {"type": "LineString", "coordinates": [[116.3290577, 39.9912877], [116.3290499, 39.991353], [116.3290449, 39.9914042]]}}, {"type": "Feature", "properties": {"highway": "footway", "name": "", "bridge": "", "tunnel": "", "layer": "", "source": "osm"}, "geometry": {"type": "LineString", "coordinates": [[116.3286438, 39.9912916], [116.3286471, 39.9913418], [116.3286428, 39.9913916]]}}, {"type": "Feature", "properties": {"highway": "path", "name": "", "bridge": "", "tunnel": "", "layer": "", "source": "osm"}, "geometry": {"type": "LineString", "coordinates": [[116.3283679, 39.9913829], [116.3286428, 39.9913916], [116.3290449, 39.9914042], [116.329481, 39.9914179]]}}, {"type": "Feature", "properties": {"highway": "path", "name": "", "bridge": "", "tunnel": "", "layer": "", "source": "osm"}, "geometry": {"type": "LineString", "coordinates": [[116.3285382, 39.9915556], [116.3287234, 39.9915593], [116.32879, 39.9915606], [116.3291994, 39.9915689]]}}, {"type": "Feature", "properties": {"highway": "footway", "name": "", "bridge": "", "tunnel": "", "layer": "", "source": "osm"}, "geometry": {"type": "LineString", "coordinates": [[116.3287204, 39.9916647], [116.3287222, 39.9916], [116.3287234, 39.9915593]]}}, {"type": "Feature", "properties": {"highway": "service", "name": "学五北路", "bridge": "", "tunnel": "", "layer": "", "source": "osm"}, "geometry": {"type": "LineString", "coordinates": [[116.3003814, 39.9882194], [116.3009554, 39.9879196], [116.3010838, 39.9878085], [116.3013675, 39.9878092]]}}, {"type": "Feature", "properties": {"highway": "service", "name": "图书馆南路", "bridge": "", "tunnel": "", "layer": "", "source": "osm"}, "geometry": {"type": "LineString", "coordinates": [[116.3051295, 39.9897386], [116.3048326, 39.9898976], [116.3044718, 39.9898858], [116.3043588, 39.9898821], [116.3040337, 39.9898714], [116.3035441, 39.9898554]]}}, {"type": "Feature", "properties": {"highway": "service", "name": "", "bridge": "", "tunnel": "", "layer": "", "source": "osm"}, "geometry": {"type": "LineString", "coordinates": [[116.303254, 39.9871514], [116.303241, 39.9872589]]}}, {"type": "Feature", "properties": {"highway": "service", "name": "民主科学东路", "bridge": "", "tunnel": "", "layer": "", "source": "osm"}, "geometry": {"type": "LineString", "coordinates": [[116.3033581, 39.9870924], [116.3037471, 39.9870967]]}}, {"type": "Feature", "properties": {"highway": "tertiary_link", "name": "", "bridge": "", "tunnel": "", "layer": "", "source": "osm"}, "geometry": {"type": "LineString", "coordinates": [[116.3277862, 39.9727482], [116.3278797, 39.9728838]]}}, {"type": "Feature", "properties": {"highway": "primary", "name": "知春路", "bridge": "", "tunnel": "", "layer": "", "source": "osm"}, "geometry": {"type": "LineString", "coordinates": [[116.3276738, 39.9751488], [116.3277968, 39.9751448]]}}, {"type": "Feature", "properties": {"highway": "secondary", "name": "中关村东路", "bridge": "", "tunnel": "", "layer": "", "source": "osm"}, "geometry": {"type": "LineString", "coordinates": [[116.3277862, 39.9727482], [116.3277077, 39.9743659], [116.3276772, 39.974995], [116.3276756, 39.9750288], [116.3276738, 39.9751488]]}}, {"type": "Feature", "properties": {"highway": "tertiary", "name": "中关村东路", "bridge": "", "tunnel": "", "layer": "", "source": "osm"}, "geometry": {"type": "LineString", "coordinates": [[116.3277968, 39.9751448], [116.3277921, 39.9752796], [116.3277888, 39.9753713]]}}, {"type": "Feature", "properties": {"highway": "tertiary", "name": "中关村东路", "bridge": "", "tunnel": "", "layer": "", "source": "osm"}, "geometry": {"type": "LineString", "coordinates": [[116.3278797, 39.9728838], [116.3278261, 39.9739589], [116.3278421, 39.9741891], [116.3278345, 39.9743005], [116.3278033, 39.9749619], [116.3278021, 39.9749963], [116.327801, 39.9750264], [116.3277968, 39.9751448]]}}, {"type": "Feature", "properties": {"highway": "path", "name": "", "bridge": "", "tunnel": "", "layer": "", "source": "osm"}, "geometry": {"type": "LineString", "coordinates": [[116.3277939, 39.9741295], [116.3277986, 39.9742338], [116.3277992, 39.9743003], [116.3277953, 39.9743966]]}}, {"type": "Feature", "properties": {"highway": "footway", "name": "", "bridge": "", "tunnel": "", "layer": "", "source": "osm"}, "geometry": {"type": "LineString", "coordinates": [[116.3278905, 39.9743001], [116.3278345, 39.9743005], [116.3277992, 39.9743003]]}}, {"type": "Feature", "properties": {"highway": "footway", "name": "", "bridge": "", "tunnel": "", "layer": "", "source": "osm"}, "geometry": {"type": "LineString", "coordinates": [[116.3294401, 39.9749686], [116.3294374, 39.9750065], [116.3294348, 39.9750434]]}}, {"type": "Feature", "properties": {"highway": "primary", "name": "知春路", "bridge": "", "tunnel": "", "layer": "", "source": "osm"}, "geometry": {"type": "LineString", "coordinates": [[116.3297956, 39.9751076], [116.3300443, 39.9751017], [116.3304133, 39.9751044], [116.3318255, 39.9750796]]}}, {"type": "Feature", "properties": {"highway": "footway", "name": "", "bridge": "", "tunnel": "", "layer": "", "source": "osm"}, "geometry": {"type": "LineString", "coordinates": [[116.3045248, 39.9871783], [116.3045163, 39.9873289]]}}, {"type": "Feature", "properties": {"highway": "footway", "name": "", "bridge": "", "tunnel": "", "layer": "", "source": "osm"}, "geometry": {"type": "LineString", "coordinates": [[116.301918, 39.9906319], [116.301928, 39.9906555], [116.301932, 39.9906822], [116.3019334, 39.9907284], [116.301928, 39.9907644], [116.3019267, 39.9907901], [116.3019334, 39.9908487], [116.3019428, 39.99086], [116.3020232, 39.9908661], [116.302093, 39.9908774], [116.3021627, 39.9908826], [116.3022036, 39.9908785]]}}, {"type": "Feature", "properties": {"highway": "footway", "name": "", "bridge": "", "tunnel": "", "layer": "", "source": "osm"}, "geometry": {"type": "LineString", "coordinates": [[116.3023692, 39.9907911], [116.3023196, 39.9907875], [116.3022492, 39.9907803], [116.3022217, 39.9907824], [116.3022016, 39.9907952], [116.3021936, 39.9908271], [116.3021989, 39.9908584], [116.3022036, 39.9908785]]}}, {"type": "Feature", "properties": {"highway": "footway", "name": "", "bridge": "", "tunnel": "", "layer": "", "source": "osm"}, "geometry": {"type": "LineString", "coordinates": [[116.3018811, 39.9906], [116.301918, 39.9906319], [116.3019488, 39.9906211], [116.3019904, 39.9906134], [116.302048, 39.9906159], [116.3020829, 39.9906247], [116.3021258, 39.9906267], [116.302158, 39.9906134], [116.3021795, 39.9905913], [116.302211, 39.9905635], [116.3022351, 39.9905466], [116.3022539, 39.9905353]]}}, {"type": "Feature", "properties": {"highway": "footway", "name": "", "bridge": "", "tunnel": "", "layer": "", "source": "osm"}, "geometry": {"type": "LineString", "coordinates": [[116.3023501, 39.9900065], [116.3023156, 39.9900503], [116.3022901, 39.9901089], [116.3022915, 39.9901366], [116.3023062, 39.9901726], [116.3023116, 39.9902085], [116.3022995, 39.9902527], [116.3022633, 39.990302], [116.3022499, 39.9903339], [116.3022606, 39.9903647], [116.3022821, 39.9903863], [116.3022807, 39.9904068], [116.3022673, 39.9904305], [116.3022472, 39.9904531], [116.3022284, 39.9904849], [116.3022391, 39.9905116], [116.3022539, 39.9905353], [116.3022727, 39.9905558], [116.3022941, 39.9905753], [116.3023075, 39.9906123], [116.3023102, 39.9906534], [116.3023075, 39.9906771], [116.3023062, 39.9907058], [116.3023169, 39.9907367], [116.3023303, 39.9907685], [116.3023518, 39.990786], [116.3023692, 39.9907911], [116.3024536, 39.9908025]]}}, {"type": "Feature", "properties": {"highway": "footway", "name": "", "bridge": "", "tunnel": "", "layer": "", "source": "osm"}, "geometry": {"type": "LineString", "coordinates": [[116.3017242, 39.9900472], [116.3017792, 39.9900082], [116.3017812, 39.989982], [116.3017758, 39.9899532], [116.3017751, 39.9899234], [116.3017959, 39.9899018], [116.3018415, 39.9898874], [116.3018972, 39.9898695], [116.301928, 39.9898474], [116.3019649, 39.9898253], [116.3019978, 39.9898073], [116.3020285, 39.9898065], [116.3020554, 39.9898058], [116.3020957, 39.9898052], [116.3021721, 39.9898253], [116.3022143, 39.989834], [116.3022747, 39.9898217], [116.3023263, 39.9898222], [116.302337, 39.9898371], [116.3023055, 39.9898777], [116.3022847, 39.9899162], [116.3022928, 39.989946], [116.302329, 39.9899809], [116.3023867, 39.9899938]]}}, {"type": "Feature", "properties": {"highway": "footway", "name": "", "bridge": "", "tunnel": "", "layer": "", "source": "osm"}, "geometry": {"type": "LineString", "coordinates": [[116.3016764, 39.9900461], [116.3017242, 39.9900472], [116.3017765, 39.9900657], [116.301806, 39.9900883], [116.301861, 39.9901243], [116.3019128, 39.990144]]}}, {"type": "Feature", "properties": {"highway": "footway", "name": "", "bridge": "", "tunnel": "", "layer": "", "source": "osm"}, "geometry": {"type": "LineString", "coordinates": [[116.3016487, 39.9907911], [116.3016786, 39.9907932], [116.3017161, 39.9908076], [116.3017496, 39.9907942], [116.3017724, 39.9907474], [116.3017952, 39.9907166], [116.3018133, 39.9906915], [116.3018201, 39.9906668], [116.3018382, 39.9906483], [116.3018717, 39.9906211], [116.3018811, 39.9906], [116.301871, 39.9905887], [116.3018683, 39.9905682], [116.3018703, 39.990543], [116.3018589, 39.9905163], [116.3018361, 39.990489], [116.3018294, 39.9904711], [116.3018127, 39.9904541], [116.3017952, 39.9904279], [116.3017818, 39.9904027], [116.3017711, 39.9903791], [116.3017698, 39.9903565], [116.3017724, 39.990337], [116.3017845, 39.9903164], [116.3018013, 39.9902918], [116.301808, 39.9902717], [116.3018013, 39.9902507], [116.3018026, 39.9902286], [116.3018368, 39.9901859], [116.3018878, 39.9901561], [116.3019128, 39.990144], [116.3019387, 39.9901315], [116.3020071, 39.9901212], [116.3020782, 39.990113], [116.3021426, 39.9900924], [116.3021976, 39.990075], [116.3022472, 39.9900637], [116.3022754, 39.9900359], [116.3023303, 39.9900133], [116.3023501, 39.9900065], [116.3023867, 39.9899938], [116.3024793, 39.9899856]]}}, {"type": "Feature", "properties": {"highway": "living_street", "name": "", "bridge": "", "tunnel": "", "layer": "", "source": "osm"}, "geometry": {"type": "LineString", "coordinates": [[116.335312, 39.9994947], [116.3352694, 40.0004395], [116.3352519, 40.0008285], [116.3370172, 40.0008724]]}}, {"type": "Feature", "properties": {"highway": "footway", "name": "", "bridge": "", "tunnel": "", "layer": "", "source": "osm"}, "geometry": {"type": "LineString", "coordinates": [[116.2994453, 39.9940261], [116.2997817, 39.9940307]]}}, {"type": "Feature", "properties": {"highway": "footway", "name": "", "bridge": "", "tunnel": "", "layer": "", "source": "osm"}, "geometry": {"type": "LineString", "coordinates": [[116.3035441, 39.9898554], [116.3035327, 39.9900419]]}}, {"type": "Feature", "properties": {"highway": "service", "name": "民主科学西路", "bridge": "", "tunnel": "", "layer": "", "source": "osm"}, "geometry": {"type": "LineString", "coordinates": [[116.3028212, 39.9870744], [116.3031929, 39.9870835]]}}, {"type": "Feature", "properties": {"highway": "steps", "name": "", "bridge": "yes", "tunnel": "", "layer": "1", "source": "osm"}, "geometry": {"type": "LineString", "coordinates": [[116.3137574, 39.9749545], [116.3141063, 39.9749622]]}}, {"type": "Feature", "properties": {"highway": "footway", "name": "海淀黄庄东天桥", "bridge": "yes", "tunnel": "", "layer": "1", "source": "osm"}, "geometry": {"type": "LineString", "coordinates": [[116.3137574, 39.9749545], [116.3137748, 39.974596], [116.3139952, 39.9746025]]}}, {"type": "Feature", "properties": {"highway": "residential", "name": "", "bridge": "", "tunnel": "", "layer": "", "source": "osm"}, "geometry": {"type": "LineString", "coordinates": [[116.324428, 39.9800514], [116.3240959, 39.9800486], [116.3240951, 39.9800322], [116.3240942, 39.9800132], [116.3239215, 39.9800092], [116.3239347, 39.9796882]]}}, {"type": "Feature", "properties": {"highway": "residential", "name": "", "bridge": "", "tunnel": "", "layer": "", "source": "osm"}, "geometry": {"type": "LineString", "coordinates": [[116.3257352, 39.9833676], [116.325916, 39.983485], [116.3262254, 39.9833019], [116.3266268, 39.9833019], [116.3267923, 39.983222], [116.3268536, 39.983221], [116.3269432, 39.9832195], [116.3269656, 39.9832178]]}}, {"type": "Feature", "properties": {"highway": "residential", "name": "", "bridge": "", "tunnel": "", "layer": "", "source": "osm"}, "geometry": {"type": "LineString", "coordinates": [[116.3248508, 39.983694], [116.3254839, 39.9837033], [116.3254656, 39.9839686], [116.3257995, 39.983978], [116.3258241, 39.9842104], [116.3265563, 39.9842222], [116.3268321, 39.9840837], [116.3268536, 39.983221]]}}, {"type": "Feature", "properties": {"highway": "residential", "name": "", "bridge": "", "tunnel": "", "layer": "", "source": "osm"}, "geometry": {"type": "LineString", "coordinates": [[116.3257995, 39.983978], [116.3260447, 39.9838043], [116.3260416, 39.983593], [116.325916, 39.983485], [116.3256954, 39.9836892], [116.3254839, 39.9837033]]}}, {"type": "Feature", "properties": {"highway": "residential", "name": "", "bridge": "", "tunnel": "", "layer": "", "source": "osm"}, "geometry": {"type": "LineString", "coordinates": [[116.3258456, 39.9830034], [116.3259526, 39.9831406], [116.3261932, 39.9831406], [116.3262254, 39.9833019]]}}, {"type": "Feature", "properties": {"highway": "path", "name": "", "bridge": "", "tunnel": "", "layer": "", "source": "osm"}, "geometry": {"type": "LineString", "coordinates": [[116.3245558, 39.9813526], [116.324684, 39.9813059], [116.3253663, 39.9813276]]}}, {"type": "Feature", "properties": {"highway": "residential", "name": "", "bridge": "", "tunnel": "", "layer": "", "source": "osm"}, "geometry": {"type": "LineString", "coordinates": [[116.3257352, 39.9833676], [116.3249031, 39.9833525], [116.3248727, 39.9833519], [116.3245047, 39.9833452], [116.3244352, 39.9833383], [116.3243876, 39.9833195], [116.3243593, 39.983286], [116.3243451, 39.9832406], [116.324358, 39.9830275], [116.3248627, 39.9830354], [116.3250519, 39.9830541], [116.3253365, 39.983064], [116.3255116, 39.9830867], [116.3256339, 39.983067], [116.3257526, 39.9830441], [116.3258456, 39.9830034]]}}, {"type": "Feature", "properties": {"highway": "secondary", "name": "王庄路", "bridge": "", "tunnel": "", "layer": "", "source": "osm"}, "geometry": {"type": "LineString", "coordinates": [[116.3339321, 39.9992511], [116.3339498, 39.9993785], [116.3339552, 39.9994595]]}}, {"type": "Feature", "properties": {"highway": "secondary", "name": "清华东路", "bridge": "", "tunnel": "", "layer": "", "source": "osm"}, "geometry": {"type": "LineString", "coordinates": [[116.3337709, 39.9992491], [116.3339321, 39.9992511]]}}, {"type": "Feature", "properties": {"highway": "footway", "name": "", "bridge": "", "tunnel": "", "layer": "", "source": "osm"}, "geometry": {"type": "LineString", "coordinates": [[116.3314031, 39.9941351], [116.3313352, 39.9941338], [116.3312387, 39.9941319], [116.3311608, 39.9941304]]}}, {"type": "Feature", "properties": {"highway": "path", "name": "百讲广场径", "bridge": "", "tunnel": "", "layer": "", "source": "osm"}, "geometry": {"type": "LineString", "coordinates": [[116.3045067, 39.9880767], [116.3045046, 39.9881338], [116.3046019, 39.9882254], [116.3047159, 39.9883234], [116.3048231, 39.9884235], [116.3050321, 39.9886069], [116.3052159, 39.9886173]]}}, {"type": "Feature", "properties": {"highway": "path", "name": "近邻宝西街", "bridge": "", "tunnel": "", "layer": "", "source": "osm"}, "geometry": {"type": "LineString", "coordinates": [[116.3044356, 39.9853474], [116.3035173, 39.985325]]}}, {"type": "Feature", "properties": {"highway": "footway", "name": "", "bridge": "", "tunnel": "", "layer": "", "source": "osm"}, "geometry": {"type": "LineString", "coordinates": [[116.3030545, 39.9938355], [116.3030543, 39.9937826]]}}, {"type": "Feature", "properties": {"highway": "footway", "name": "", "bridge": "yes", "tunnel": "", "layer": "1", "source": "osm"}, "geometry": {"type": "LineString", "coordinates": [[116.3030543, 39.9937826], [116.3030541, 39.993718]]}}, {"type": "Feature", "properties": {"highway": "steps", "name": "", "bridge": "", "tunnel": "", "layer": "", "source": "osm"}, "geometry": {"type": "LineString", "coordinates": [[116.3042594, 39.992792], [116.3042962, 39.9926155]]}}, {"type": "Feature", "properties": {"highway": "path", "name": "", "bridge": "", "tunnel": "", "layer": "", "source": "osm"}, "geometry": {"type": "LineString", "coordinates": [[116.3039284, 39.9922606], [116.3040089, 39.9923361], [116.3040453, 39.9923942], [116.3040787, 39.9924663], [116.3041029, 39.9925128], [116.3041758, 39.9925151], [116.3041879, 39.9925616], [116.3042183, 39.9925988], [116.3042962, 39.9926155]]}}, {"type": "Feature", "properties": {"highway": "path", "name": "", "bridge": "yes", "tunnel": "", "layer": "1", "source": "osm"}, "geometry": {"type": "LineString", "coordinates": [[116.3050814, 39.9942917], [116.30493, 39.9943339]]}}, {"type": "Feature", "properties": {"highway": "path", "name": "", "bridge": "", "tunnel": "", "layer": "", "source": "osm"}, "geometry": {"type": "LineString", "coordinates": [[116.30493, 39.9943339], [116.3048661, 39.994353]]}}, {"type": "Feature", "properties": {"highway": "path", "name": "", "bridge": "", "tunnel": "", "layer": "", "source": "osm"}, "geometry": {"type": "LineString", "coordinates": [[116.3051528, 39.9942714], [116.3050814, 39.9942917]]}}, {"type": "Feature", "properties": {"highway": "footway", "name": "", "bridge": "", "tunnel": "", "layer": "", "source": "osm"}, "geometry": {"type": "LineString", "coordinates": [[116.3050748, 39.990637], [116.3051673, 39.9906416]]}}, {"type": "Feature", "properties": {"highway": "footway", "name": "", "bridge": "", "tunnel": "", "layer": "", "source": "osm"}, "geometry": {"type": "LineString", "coordinates": [[116.304946, 39.9906311], [116.3046526, 39.9906159], [116.304647, 39.9907449], [116.3047588, 39.9908411], [116.3047245, 39.991207], [116.304365, 39.991192], [116.304354, 39.9912987]]}}, {"type": "Feature", "properties": {"highway": "footway", "name": "", "bridge": "", "tunnel": "", "layer": "-1", "source": "osm"}, "geometry": {"type": "LineString", "coordinates": [[116.3046526, 39.9906159], [116.3046582, 39.9905008], [116.3047814, 39.9904231], [116.3047934, 39.9902892], [116.3048092, 39.9901139], [116.3047639, 39.9899798], [116.3044706, 39.9899627]]}}, {"type": "Feature", "properties": {"highway": "footway", "name": "", "bridge": "", "tunnel": "", "layer": "", "source": "osm"}, "geometry": {"type": "LineString", "coordinates": [[116.3118616, 39.9745097], [116.3117605, 39.9744993], [116.3116435, 39.9744872], [116.3115478, 39.9744773], [116.3114536, 39.974481], [116.3112894, 39.9744874], [116.3111617, 39.9744915]]}}, {"type": "Feature", "properties": {"highway": "footway", "name": "", "bridge": "", "tunnel": "", "layer": "", "source": "osm"}, "geometry": {"type": "LineString", "coordinates": [[116.3116928, 39.974977], [116.3117241, 39.9748903], [116.3117311, 39.9748623], [116.3117676, 39.9747699], [116.3117986, 39.9746842], [116.3118318, 39.9745923], [116.3118616, 39.9745097]]}}, {"type": "Feature", "properties": {"highway": "footway", "name": "", "bridge": "", "tunnel": "", "layer": "", "source": "osm"}, "geometry": {"type": "LineString", "coordinates": [[116.3110475, 39.9749136], [116.3111526, 39.9749239], [116.3112971, 39.9749381], [116.311477, 39.9749558], [116.3116335, 39.9749712], [116.3116928, 39.974977]]}}, {"type": "Feature", "properties": {"highway": "footway", "name": "", "bridge": "", "tunnel": "", "layer": "", "source": "osm"}, "geometry": {"type": "LineString", "coordinates": [[116.3110475, 39.9749136], [116.3110566, 39.9748801], [116.3110775, 39.9748026], [116.3111106, 39.9746804], [116.311129, 39.9746124], [116.3111617, 39.9744915]]}}, {"type": "Feature", "properties": {"highway": "footway", "name": "", "bridge": "", "tunnel": "", "layer": "", "source": "osm"}, "geometry": {"type": "LineString", "coordinates": [[116.3069204, 39.9747505], [116.3068122, 39.9747485], [116.3067045, 39.9747464]]}}, {"type": "Feature", "properties": {"highway": "footway", "name": "", "bridge": "", "tunnel": "", "layer": "", "source": "osm"}, "geometry": {"type": "LineString", "coordinates": [[116.3053532, 39.9747194], [116.3052614, 39.9747157], [116.3051675, 39.9747119], [116.3050461, 39.974707]]}}, {"type": "Feature", "properties": {"highway": "footway", "name": "", "bridge": "", "tunnel": "", "layer": "", "source": "osm"}, "geometry": {"type": "LineString", "coordinates": [[116.2949194, 39.9730575], [116.2950169, 39.9730694], [116.2955118, 39.9731297], [116.295594, 39.9731397], [116.2956315, 39.9731439]]}}, {"type": "Feature", "properties": {"highway": "footway", "name": "", "bridge": "", "tunnel": "", "layer": "", "source": "osm"}, "geometry": {"type": "LineString", "coordinates": [[116.2947209, 39.9734182], [116.2947365, 39.9733801], [116.2947642, 39.9733126], [116.2948087, 39.9732042], [116.294848, 39.9731083], [116.2948591, 39.9730812], [116.2949194, 39.9730575]]}}, {"type": "Feature", "properties": {"highway": "footway", "name": "", "bridge": "", "tunnel": "", "layer": "", "source": "osm"}, "geometry": {"type": "LineString", "coordinates": [[116.2955675, 39.973532], [116.2955728, 39.9734998], [116.2955913, 39.97339], [116.2956147, 39.9732459], [116.2956315, 39.9731439]]}}, {"type": "Feature", "properties": {"highway": "footway", "name": "", "bridge": "", "tunnel": "", "layer": "", "source": "osm"}, "geometry": {"type": "LineString", "coordinates": [[116.2947209, 39.9734182], [116.2949293, 39.9734458], [116.2951496, 39.9734756], [116.2954069, 39.9735103], [116.2955675, 39.973532], [116.2955926, 39.9735354]]}}, {"type": "Feature", "properties": {"highway": "service", "name": "二体东路", "bridge": "", "tunnel": "", "layer": "", "source": "osm"}, "geometry": {"type": "LineString", "coordinates": [[116.3035441, 39.9898554], [116.303555, 39.9896484], [116.3035665, 39.9893799], [116.303476, 39.98936], [116.3034735, 39.9892565]]}}, {"type": "Feature", "properties": {"highway": "service", "name": "进步路", "bridge": "", "tunnel": "", "layer": "", "source": "osm"}, "geometry": {"type": "LineString", "coordinates": [[116.3029836, 39.9912205], [116.3029988, 39.9907413], [116.3030128, 39.9903018], [116.3030212, 39.9900373], [116.3030344, 39.9896825], [116.3030357, 39.9896433]]}}, {"type": "Feature", "properties": {"highway": "service", "name": "人文学苑路", "bridge": "", "tunnel": "", "layer": "", "source": "osm"}, "geometry": {"type": "LineString", "coordinates": [[116.3066043, 39.9949843], [116.3063641, 39.9960126], [116.3062133, 39.9966581], [116.3061367, 39.9969862], [116.3060339, 39.997426], [116.30596, 39.99781], [116.3059465, 39.9982089]]}}, {"type": "Feature", "properties": {"highway": "service", "name": "一体北路", "bridge": "", "tunnel": "", "layer": "", "source": "osm"}, "geometry": {"type": "LineString", "coordinates": [[116.3072904, 39.9950408], [116.3066043, 39.9949843], [116.3063579, 39.9949538], [116.3056603, 39.9948701], [116.3048944, 39.9947764], [116.3047211, 39.9947539]]}}, {"type": "Feature", "properties": {"highway": "service", "name": "", "bridge": "", "tunnel": "", "layer": "", "source": "osm"}, "geometry": {"type": "LineString", "coordinates": [[116.3053959, 39.991462], [116.3058289, 39.9914787], [116.3059163, 39.9914821], [116.30631, 39.9914972]]}}, {"type": "Feature", "properties": {"highway": "residential", "name": "勺园北路", "bridge": "", "tunnel": "", "layer": "", "source": "osm"}, "geometry": {"type": "LineString", "coordinates": [[116.2986384, 39.9916958], [116.2988164, 39.99167], [116.2989846, 39.9916265], [116.2991405, 39.9915826], [116.2992709, 39.991548], [116.2993541, 39.991515], [116.2994456, 39.9914657], [116.2995116, 39.9913925], [116.2995454, 39.9913275], [116.2998032, 39.9912665], [116.3002893, 39.9911446]]}}, {"type": "Feature", "properties": {"highway": "service", "name": "一体南路", "bridge": "", "tunnel": "", "layer": "", "source": "osm"}, "geometry": {"type": "LineString", "coordinates": [[116.3070746, 39.993371], [116.306012, 39.9931694], [116.3059349, 39.9931548], [116.3058763, 39.9931059], [116.30567, 39.9928905], [116.3054488, 39.9927438]]}}, {"type": "Feature", "properties": {"highway": "footway", "name": "", "bridge": "", "tunnel": "", "layer": "", "source": "osm"}, "geometry": {"type": "LineString", "coordinates": [[116.3007861, 39.9936], [116.3012357, 39.9936232], [116.3013407, 39.9936097], [116.3014508, 39.9935414], [116.3014865, 39.9933198]]}}, {"type": "Feature", "properties": {"highway": "footway", "name": "", "bridge": "", "tunnel": "", "layer": "", "source": "osm"}, "geometry": {"type": "LineString", "coordinates": [[116.3003771, 39.9948364], [116.3003829, 39.9950533], [116.3004651, 39.9951213]]}}, {"type": "Feature", "properties": {"highway": "footway", "name": "", "bridge": "", "tunnel": "", "layer": "", "source": "osm"}, "geometry": {"type": "LineString", "coordinates": [[116.3005036, 39.9957979], [116.3000968, 39.9957965]]}}, {"type": "Feature", "properties": {"highway": "service", "name": "", "bridge": "", "tunnel": "", "layer": "", "source": "osm"}, "geometry": {"type": "LineString", "coordinates": [[116.3046036, 39.9964913], [116.3046961, 39.996561], [116.304732, 39.9966541], [116.3047163, 39.9967261], [116.3046537, 39.9967959], [116.3045635, 39.9968552]]}}, {"type": "Feature", "properties": {"highway": "service", "name": "三角地环路", "bridge": "", "tunnel": "", "layer": "", "source": "osm"}, "geometry": {"type": "LineString", "coordinates": [[116.3045067, 39.9880767], [116.3042618, 39.9880661], [116.3042782, 39.987858], [116.3045067, 39.9880767]]}}, {"type": "Feature", "properties": {"highway": "service", "name": "近邻宝北大街", "bridge": "", "tunnel": "", "layer": "", "source": "osm"}, "geometry": {"type": "LineString", "coordinates": [[116.3043961, 39.9861106], [116.3044356, 39.9853474]]}}, {"type": "Feature", "properties": {"highway": "path", "name": "", "bridge": "", "tunnel": "", "layer": "", "source": "osm"}, "geometry": {"type": "LineString", "coordinates": [[116.3003839, 39.9880782], [116.3002247, 39.9880775]]}}, {"type": "Feature", "properties": {"highway": "footway", "name": "", "bridge": "", "tunnel": "", "layer": "", "source": "osm"}, "geometry": {"type": "LineString", "coordinates": [[116.3024047, 39.9879062], [116.3028429, 39.9879202], [116.3031062, 39.9879286], [116.3032702, 39.9879338], [116.3032835, 39.9881036]]}}, {"type": "Feature", "properties": {"highway": "footway", "name": "", "bridge": "", "tunnel": "", "layer": "", "source": "osm"}, "geometry": {"type": "LineString", "coordinates": [[116.3028556, 39.9882687], [116.3028524, 39.9881812], [116.3028429, 39.9879202]]}}, {"type": "Feature", "properties": {"highway": "footway", "name": "", "bridge": "", "tunnel": "", "layer": "", "source": "osm"}, "geometry": {"type": "LineString", "coordinates": [[116.2999869, 39.9901978], [116.2998396, 39.9901606], [116.2996433, 39.99015], [116.2996179, 39.9901482], [116.2996154, 39.9902503]]}}, {"type": "Feature", "properties": {"highway": "path", "name": "", "bridge": "", "tunnel": "", "layer": "", "source": "osm"}, "geometry": {"type": "LineString", "coordinates": [[116.2996179, 39.9901482], [116.2996246, 39.9900702], [116.2996501, 39.9897724]]}}, {"type": "Feature", "properties": {"highway": "path", "name": "", "bridge": "", "tunnel": "", "layer": "", "source": "osm"}, "geometry": {"type": "LineString", "coordinates": [[116.2996246, 39.9900702], [116.2989612, 39.9900508]]}}, {"type": "Feature", "properties": {"highway": "footway", "name": "", "bridge": "", "tunnel": "", "layer": "", "source": "osm"}, "geometry": {"type": "LineString", "coordinates": [[116.3024047, 39.9879062], [116.3024324, 39.9875392], [116.3024317, 39.9874869]]}}, {"type": "Feature", "properties": {"highway": "footway", "name": "", "bridge": "", "tunnel": "", "layer": "", "source": "osm"}, "geometry": {"type": "LineString", "coordinates": [[116.3051232, 39.9876425], [116.304918, 39.9876322]]}}, {"type": "Feature", "properties": {"highway": "footway", "name": "", "bridge": "", "tunnel": "", "layer": "", "source": "osm"}, "geometry": {"type": "LineString", "coordinates": [[116.3047501, 39.9912889], [116.3047886, 39.9913177], [116.3048939, 39.9914007], [116.3053959, 39.991462]]}}, {"type": "Feature", "properties": {"highway": "service", "name": "学宿南一街", "bridge": "", "tunnel": "", "layer": "", "source": "osm"}, "geometry": {"type": "LineString", "coordinates": [[116.3011699, 39.9860252], [116.3010782, 39.9859284], [116.3010892, 39.9854553]]}}, {"type": "Feature", "properties": {"highway": "service", "name": "学宿南二街", "bridge": "", "tunnel": "", "layer": "", "source": "osm"}, "geometry": {"type": "LineString", "coordinates": [[116.3017116, 39.986039], [116.301716, 39.9859485], [116.3017403, 39.9854703]]}}, {"type": "Feature", "properties": {"highway": "service", "name": "学宿北二街", "bridge": "", "tunnel": "", "layer": "", "source": "osm"}, "geometry": {"type": "LineString", "coordinates": [[116.3034283, 39.9866116], [116.3034648, 39.9860839]]}}, {"type": "Feature", "properties": {"highway": "footway", "name": "", "bridge": "", "tunnel": "", "layer": "", "source": "osm"}, "geometry": {"type": "LineString", "coordinates": [[116.303967, 39.9959026], [116.3040948, 39.9952062]]}}, {"type": "Feature", "properties": {"highway": "service", "name": "", "bridge": "yes", "tunnel": "", "layer": "1", "source": "osm"}, "geometry": {"type": "LineString", "coordinates": [[116.3047341, 39.9962926], [116.3046036, 39.9964913]]}}, {"type": "Feature", "properties": {"highway": "footway", "name": "", "bridge": "", "tunnel": "", "layer": "", "source": "osm"}, "geometry": {"type": "LineString", "coordinates": [[116.3074438, 39.9950509], [116.307302, 39.995042]]}}, {"type": "Feature", "properties": {"highway": "footway", "name": "", "bridge": "", "tunnel": "", "layer": "", "source": "osm"}, "geometry": {"type": "LineString", "coordinates": [[116.3078183, 39.992847], [116.3071436, 39.9928338], [116.3071058, 39.9928331]]}}, {"type": "Feature", "properties": {"highway": "service", "name": "", "bridge": "", "tunnel": "", "layer": "", "source": "osm"}, "geometry": {"type": "LineString", "coordinates": [[116.306856, 39.9970522], [116.3070041, 39.9958625]]}}, {"type": "Feature", "properties": {"highway": "service", "name": "", "bridge": "", "tunnel": "", "layer": "", "source": "osm"}, "geometry": {"type": "LineString", "coordinates": [[116.3090235, 39.9915735], [116.3087716, 39.9915711]]}}, {"type": "Feature", "properties": {"highway": "footway", "name": "", "bridge": "", "tunnel": "", "layer": "", "source": "osm"}, "geometry": {"type": "LineString", "coordinates": [[116.3062133, 39.9966581], [116.3060029, 39.996633], [116.30596, 39.9967317], [116.3058023, 39.9967353], [116.3053133, 39.9966679]]}}, {"type": "Feature", "properties": {"highway": "service", "name": "朗润园东路", "bridge": "", "tunnel": "", "layer": "", "source": "osm"}, "geometry": {"type": "LineString", "coordinates": [[116.3050753, 39.9977167], [116.3051839, 39.9976532], [116.3052771, 39.9975587], [116.3052853, 39.9975401], [116.3053371, 39.9974228], [116.3053747, 39.9972823], [116.3054635, 39.99695], [116.305472, 39.9969182], [116.3054709, 39.9968432], [116.3054529, 39.9967757], [116.3053899, 39.9967114], [116.3053133, 39.9966679], [116.3050014, 39.9965918], [116.3049194, 39.9965441], [116.3047341, 39.9962926], [116.3047237, 39.9959026], [116.3047401, 39.9957625], [116.304791, 39.9953265], [116.3047882, 39.9952105], [116.3047903, 39.995107], [116.3047732, 39.9950198], [116.3047539, 39.9949048], [116.3047346, 39.9948209], [116.3047211, 39.9947539]]}}, {"type": "Feature", "properties": {"highway": "footway", "name": "镜春园西路", "bridge": "", "tunnel": "", "layer": "", "source": "osm"}, "geometry": {"type": "LineString", "coordinates": [[116.3011639, 39.9946141], [116.3012364, 39.9946671], [116.3012923, 39.9946839], [116.3013555, 39.9946943], [116.3014041, 39.9947149], [116.301415, 39.994744], [116.3013806, 39.9947595], [116.3013746, 39.9947895], [116.3013832, 39.9948353], [116.3014067, 39.9948652], [116.301474, 39.9949011], [116.3015217, 39.9949224], [116.3015516, 39.994958], [116.301568, 39.9949943], [116.3015954, 39.9950274], [116.3016556, 39.9950479], [116.3017558, 39.9950499], [116.3017098, 39.9952199], [116.3017088, 39.9952718], [116.3017279, 39.995332], [116.3017586, 39.9954079], [116.3017134, 39.9955056], [116.3016368, 39.9956203], [116.3015788, 39.9957773], [116.3015472, 39.995871], [116.3015346, 39.9959576], [116.3016127, 39.9960298], [116.3017144, 39.996116], [116.3017601, 39.996149], [116.3018269, 39.9961689], [116.3018992, 39.996197], [116.3019817, 39.996252], [116.3020028, 39.9962912], [116.30205, 39.9964023]]}}, {"type": "Feature", "properties": {"highway": "service", "name": "朗润园北路", "bridge": "", "tunnel": "", "layer": "", "source": "osm"}, "geometry": {"type": "LineString", "coordinates": [[116.3034457, 39.9974254], [116.3035119, 39.9974727], [116.3044899, 39.997701], [116.3048389, 39.9977687], [116.3049397, 39.9977595], [116.3050753, 39.9977167]]}}, {"type": "Feature", "properties": {"highway": "footway", "name": "", "bridge": "", "tunnel": "", "layer": "", "source": "osm"}, "geometry": {"type": "LineString", "coordinates": [[116.3030868, 39.9949674], [116.3030869, 39.9945907]]}}, {"type": "Feature", "properties": {"highway": "footway", "name": "", "bridge": "", "tunnel": "", "layer": "", "source": "osm"}, "geometry": {"type": "LineString", "coordinates": [[116.3009941, 39.995683], [116.3011522, 39.9956206], [116.3012329, 39.9955452], [116.301267, 39.9954944], [116.3012948, 39.9953915], [116.3013031, 39.9952717], [116.3012977, 39.9951781], [116.3011962, 39.9950827], [116.3010621, 39.9950259]]}}, {"type": "Feature", "properties": {"highway": "service", "name": "红湖路", "bridge": "", "tunnel": "", "layer": "", "source": "osm"}, "geometry": {"type": "LineString", "coordinates": [[116.3000968, 39.9957965], [116.3001098, 39.9949726], [116.3001279, 39.99493], [116.300196, 39.9948851], [116.3003006, 39.99485], [116.3003771, 39.9948364], [116.3004735, 39.9948088], [116.3005458, 39.9947683], [116.3005751, 39.9946999], [116.3005549, 39.9946264]]}}, {"type": "Feature", "properties": {"highway": "footway", "name": "", "bridge": "", "tunnel": "", "layer": "", "source": "osm"}, "geometry": {"type": "LineString", "coordinates": [[116.30455, 39.9906151], [116.3045366, 39.9906147], [116.3044141, 39.9906112]]}}, {"type": "Feature", "properties": {"highway": "footway", "name": "", "bridge": "", "tunnel": "", "layer": "", "source": "osm"}, "geometry": {"type": "LineString", "coordinates": [[116.3044706, 39.9899627], [116.3043545, 39.989959], [116.3043471, 39.9900886]]}}, {"type": "Feature", "properties": {"highway": "footway", "name": "", "bridge": "", "tunnel": "", "layer": "", "source": "osm"}, "geometry": {"type": "LineString", "coordinates": [[116.3074438, 39.9950509], [116.3080195, 39.9950761], [116.3087734, 39.995109]]}}, {"type": "Feature", "properties": {"highway": "service", "name": "", "bridge": "", "tunnel": "", "layer": "", "source": "osm"}, "geometry": {"type": "LineString", "coordinates": [[116.3070235, 39.9956535], [116.3070163, 39.9957307], [116.3070091, 39.9958081], [116.3070041, 39.9958625]]}}, {"type": "Feature", "properties": {"highway": "service", "name": "五四核酸路", "bridge": "", "tunnel": "", "layer": "", "source": "osm"}, "geometry": {"type": "LineString", "coordinates": [[116.3060528, 39.9861604], [116.3060913, 39.9855746]]}}, {"type": "Feature", "properties": {"highway": "footway", "name": "", "bridge": "", "tunnel": "", "layer": "", "source": "osm"}, "geometry": {"type": "LineString", "coordinates": [[116.3017116, 39.986039], [116.3017071, 39.9861274]]}}, {"type": "Feature", "properties": {"highway": "footway", "name": "", "bridge": "", "tunnel": "", "layer": "", "source": "osm"}, "geometry": {"type": "LineString", "coordinates": [[116.3023781, 39.9865026], [116.3022575, 39.9864983], [116.3021368, 39.986494]]}}, {"type": "Feature", "properties": {"highway": "path", "name": "", "bridge": "", "tunnel": "", "layer": "", "source": "osm"}, "geometry": {"type": "LineString", "coordinates": [[116.2980682, 39.9928371], [116.2978617, 39.9928171]]}}, {"type": "Feature", "properties": {"highway": "secondary", "name": "巴沟路", "bridge": "", "tunnel": "", "layer": "", "source": "osm"}, "geometry": {"type": "LineString", "coordinates": [[116.2949475, 39.9733312], [116.2947642, 39.9733126], [116.2947075, 39.9733093], [116.2937701, 39.9732569], [116.2931076, 39.9732363], [116.2924236, 39.9731819], [116.291992, 39.9731518]]}}, {"type": "Feature", "properties": {"highway": "footway", "name": "", "bridge": "", "tunnel": "", "layer": "", "source": "osm"}, "geometry": {"type": "LineString", "coordinates": [[116.3027468, 39.9743209], [116.3027461, 39.9743447], [116.3027436, 39.9744296], [116.3027415, 39.9745014], [116.3027396, 39.974566], [116.3027385, 39.9746034], [116.3027837, 39.9746275], [116.3028901, 39.9746287], [116.3030035, 39.9746301], [116.3030298, 39.9746304], [116.3030411, 39.9746166], [116.3030427, 39.974576], [116.3030455, 39.9745017], [116.303048, 39.9744359], [116.3030511, 39.974355], [116.3030519, 39.974334]]}}, {"type": "Feature", "properties": {"highway": "tertiary", "name": "海淀南路", "bridge": "", "tunnel": "", "layer": "", "source": "osm"}, "geometry": {"type": "LineString", "coordinates": [[116.3012992, 39.9745349], [116.3011748, 39.9744725]]}}, {"type": "Feature", "properties": {"highway": "cycleway", "name": "巴沟路", "bridge": "", "tunnel": "", "layer": "", "source": "osm"}, "geometry": {"type": "LineString", "coordinates": [[116.2946311, 39.9733751], [116.2936977, 39.9733206], [116.2923579, 39.9732651], [116.2919247, 39.9732435], [116.2917182, 39.9732158], [116.2912395, 39.9731885], [116.2910887, 39.9731798], [116.2910061, 39.9731751], [116.2905165, 39.9731472], [116.2904595, 39.9731427], [116.2902671, 39.9731277], [116.2901, 39.9731147], [116.2900526, 39.973111], [116.289249, 39.9730714], [116.2887047, 39.9730464], [116.2882595, 39.973017], [116.2880038, 39.9730083], [116.2871135, 39.9729674], [116.2864456, 39.9729249], [116.2857947, 39.9728898], [116.2857412, 39.972887], [116.285482, 39.972873], [116.2851569, 39.9728562], [116.2848672, 39.9728412], [116.2842952, 39.9728175], [116.2840586, 39.9727956], [116.2839156, 39.9727733], [116.2837071, 39.9727271], [116.2834516, 39.97265], [116.2832397, 39.9725616], [116.2831123, 39.972502], [116.2829353, 39.9724003], [116.282824, 39.9723288], [116.2825759, 39.9721207], [116.2825102, 39.9720683], [116.2824513, 39.9720123], [116.2822607, 39.9718309], [116.2821943, 39.9717697], [116.2819167, 39.9715369], [116.2818164, 39.9714619], [116.2817451, 39.9714085], [116.2816525, 39.9713504], [116.281558, 39.9712851], [116.2814312, 39.9712086], [116.2813099, 39.9711479], [116.2811966, 39.9711228]]}}, {"type": "Feature", "properties": {"highway": "tertiary_link", "name": "", "bridge": "", "tunnel": "", "layer": "", "source": "osm"}, "geometry": {"type": "LineString", "coordinates": [[116.3104199, 39.9747841], [116.3103448, 39.9748098]]}}, {"type": "Feature", "properties": {"highway": "service", "name": "东侧门核酸大道", "bridge": "", "tunnel": "", "layer": "", "source": "osm"}, "geometry": {"type": "LineString", "coordinates": [[116.3089338, 39.9928559], [116.3090208, 39.9917546]]}}, {"type": "Feature", "properties": {"highway": "service", "name": "百讲西南路", "bridge": "", "tunnel": "", "layer": "", "source": "osm"}, "geometry": {"type": "LineString", "coordinates": [[116.3042618, 39.9880661], [116.3039502, 39.9882798]]}}, {"type": "Feature", "properties": {"highway": "service", "name": "燕南西路", "bridge": "", "tunnel": "", "layer": "", "source": "osm"}, "geometry": {"type": "LineString", "coordinates": [[116.3035665, 39.9893799], [116.3038252, 39.989202], [116.3038904, 39.9891519]]}}, {"type": "Feature", "properties": {"highway": "footway", "name": "", "bridge": "", "tunnel": "", "layer": "", "source": "osm"}, "geometry": {"type": "LineString", "coordinates": [[116.3023923, 39.9862773], [116.3022713, 39.986273], [116.3022175, 39.9862711], [116.3021909, 39.9862701]]}}, {"type": "Feature", "properties": {"highway": "service", "name": "", "bridge": "", "tunnel": "", "layer": "", "source": "osm"}, "geometry": {"type": "LineString", "coordinates": [[116.2995867, 39.9906649], [116.2995752, 39.9908082], [116.3002963, 39.9908353]]}}, {"type": "Feature", "properties": {"highway": "path", "name": "", "bridge": "", "tunnel": "", "layer": "", "source": "osm"}, "geometry": {"type": "LineString", "coordinates": [[116.2995867, 39.9906649], [116.2989511, 39.9906424]]}}, {"type": "Feature", "properties": {"highway": "steps", "name": "", "bridge": "", "tunnel": "", "layer": "", "source": "osm"}, "geometry": {"type": "LineString", "coordinates": [[116.3246777, 39.9962766], [116.324676, 39.9963145], [116.3246753, 39.9964229]]}}, {"type": "Feature", "properties": {"highway": "service", "name": "", "bridge": "", "tunnel": "", "layer": "", "source": "osm"}, "geometry": {"type": "LineString", "coordinates": [[116.3254859, 39.9969799], [116.3254237, 39.996978], [116.3252929, 39.9969479], [116.3252502, 39.9968534]]}}, {"type": "Feature", "properties": {"highway": "footway", "name": "", "bridge": "", "tunnel": "", "layer": "", "source": "osm"}, "geometry": {"type": "LineString", "coordinates": [[116.3188628, 39.9747404], [116.3188702, 39.9747343], [116.318915, 39.974739], [116.3190231, 39.9747503], [116.3190771, 39.974756], [116.3191687, 39.9747656], [116.319247, 39.9747738], [116.3192436, 39.9748215], [116.319238, 39.9748989], [116.3192307, 39.9749992], [116.3192241, 39.9750909], [116.3192209, 39.9751346], [116.3190493, 39.9751275], [116.3188581, 39.9751197], [116.318859, 39.9750503], [116.3188598, 39.9749802], [116.318861, 39.9748857], [116.3188621, 39.9747946], [116.3188628, 39.9747404]]}}, {"type": "Feature", "properties": {"highway": "footway", "name": "", "bridge": "", "tunnel": "", "layer": "", "source": "osm"}, "geometry": {"type": "LineString", "coordinates": [[116.3177115, 39.9750816], [116.3177136, 39.9750493], [116.3177162, 39.9750102]]}}, {"type": "Feature", "properties": {"highway": "steps", "name": "", "bridge": "yes", "tunnel": "", "layer": "1", "source": "osm"}, "geometry": {"type": "LineString", "coordinates": [[116.3139952, 39.9746025], [116.3141398, 39.9746069]]}}, {"type": "Feature", "properties": {"highway": "cycleway", "name": "", "bridge": "", "tunnel": "", "layer": "", "source": "osm"}, "geometry": {"type": "LineString", "coordinates": [[116.3115098, 39.9748697], [116.3113192, 39.9748851], [116.3111648, 39.974882], [116.3110566, 39.9748801], [116.3110006, 39.9748797], [116.3104561, 39.9748468], [116.3103448, 39.9748098]]}}, {"type": "Feature", "properties": {"highway": "cycleway", "name": "", "bridge": "", "tunnel": "", "layer": "", "source": "osm"}, "geometry": {"type": "LineString", "coordinates": [[116.299691, 39.9834709], [116.2997217, 39.9835226], [116.2997594, 39.983586], [116.2997558, 39.9836467], [116.2997244, 39.9841765], [116.2997179, 39.9842868], [116.2996782, 39.984306], [116.2996566, 39.9843164], [116.2995985, 39.9843444]]}}, {"type": "Feature", "properties": {"highway": "cycleway", "name": "", "bridge": "", "tunnel": "", "layer": "", "source": "osm"}, "geometry": {"type": "LineString", "coordinates": [[116.2993665, 39.9843374], [116.2993067, 39.9842883], [116.2992445, 39.9842396], [116.2992483, 39.9841449], [116.2992698, 39.9836218], [116.2992726, 39.9835521], [116.2992998, 39.9834957], [116.2993544, 39.9833826]]}}, {"type": "Feature", "properties": {"highway": "footway", "name": "", "bridge": "", "tunnel": "", "layer": "", "source": "osm"}, "geometry": {"type": "LineString", "coordinates": [[116.2999687, 39.9741829], [116.3000001, 39.9741849], [116.3001151, 39.9741922], [116.3002682, 39.9742019], [116.3004288, 39.9742121], [116.3004706, 39.9742147]]}}, {"type": "Feature", "properties": {"highway": "footway", "name": "", "bridge": "", "tunnel": "", "layer": "", "source": "osm"}, "geometry": {"type": "LineString", "coordinates": [[116.2998882, 39.9745077], [116.2998969, 39.9744772], [116.2999141, 39.9744169], [116.2999356, 39.9743415], [116.2999588, 39.9742604], [116.2999633, 39.9742446]]}}, {"type": "Feature", "properties": {"highway": "footway", "name": "", "bridge": "", "tunnel": "", "layer": "", "source": "osm"}, "geometry": {"type": "LineString", "coordinates": [[116.299919, 39.9745303], [116.2999591, 39.9745368], [116.30009, 39.9745582], [116.3002172, 39.9745813], [116.3003924, 39.9746063], [116.3004002, 39.9745228], [116.3004064, 39.9744551], [116.300416, 39.9743513], [116.3004229, 39.9742764], [116.3004288, 39.9742121], [116.3004313, 39.9741846]]}}, {"type": "Feature", "properties": {"highway": "footway", "name": "", "bridge": "", "tunnel": "", "layer": "", "source": "osm"}, "geometry": {"type": "LineString", "coordinates": [[116.2997796, 39.9840176], [116.2997755, 39.9837617]]}}, {"type": "Feature", "properties": {"highway": "footway", "name": "", "bridge": "", "tunnel": "", "layer": "", "source": "osm"}, "geometry": {"type": "LineString", "coordinates": [[116.2992056, 39.9837391], [116.2991841, 39.9840001]]}}, {"type": "Feature", "properties": {"highway": "footway", "name": "", "bridge": "", "tunnel": "", "layer": "", "source": "osm"}, "geometry": {"type": "LineString", "coordinates": [[116.2989669, 39.9874271], [116.2990808, 39.9874394]]}}, {"type": "Feature", "properties": {"highway": "footway", "name": "", "bridge": "", "tunnel": "", "layer": "", "source": "osm"}, "geometry": {"type": "LineString", "coordinates": [[116.2991385, 39.9864098], [116.2990316, 39.9863965], [116.2989464, 39.9863862]]}}, {"type": "Feature", "properties": {"highway": "footway", "name": "", "bridge": "", "tunnel": "", "layer": "", "source": "osm"}, "geometry": {"type": "LineString", "coordinates": [[116.2994456, 39.9850945], [116.2993544, 39.9850883]]}}, {"type": "Feature", "properties": {"highway": "footway", "name": "", "bridge": "", "tunnel": "", "layer": "", "source": "osm"}, "geometry": {"type": "LineString", "coordinates": [[116.2990808, 39.9874394], [116.2991544, 39.9874505], [116.2992096, 39.9874589]]}}, {"type": "Feature", "properties": {"highway": "footway", "name": "", "bridge": "", "tunnel": "", "layer": "", "source": "osm"}, "geometry": {"type": "LineString", "coordinates": [[116.2987952, 39.9873859], [116.2988742, 39.9874049], [116.2989669, 39.9874271]]}}, {"type": "Feature", "properties": {"highway": "footway", "name": "", "bridge": "", "tunnel": "", "layer": "", "source": "osm"}, "geometry": {"type": "LineString", "coordinates": [[116.2992565, 39.9864118], [116.2993293, 39.9864025], [116.299392, 39.9863944]]}}, {"type": "Feature", "properties": {"highway": "footway", "name": "", "bridge": "", "tunnel": "", "layer": "", "source": "osm"}, "geometry": {"type": "LineString", "coordinates": [[116.2992565, 39.9864118], [116.2991385, 39.9864098]]}}, {"type": "Feature", "properties": {"highway": "footway", "name": "", "bridge": "", "tunnel": "", "layer": "", "source": "osm"}, "geometry": {"type": "LineString", "coordinates": [[116.2993544, 39.9850883], [116.2992718, 39.9850792], [116.2991492, 39.9850657]]}}, {"type": "Feature", "properties": {"highway": "footway", "name": "", "bridge": "", "tunnel": "", "layer": "", "source": "osm"}, "geometry": {"type": "LineString", "coordinates": [[116.2996922, 39.9851347], [116.2995093, 39.9851091], [116.2994456, 39.9850945]]}}, {"type": "Feature", "properties": {"highway": "footway", "name": "", "bridge": "", "tunnel": "", "layer": "", "source": "osm"}, "geometry": {"type": "LineString", "coordinates": [[116.2997755, 39.9837617], [116.2997839, 39.9836477], [116.2997916, 39.9835418], [116.2997822, 39.9835264], [116.2997217, 39.9835226], [116.2995526, 39.9835118], [116.2994143, 39.983503], [116.2992998, 39.9834957], [116.2992337, 39.9834915], [116.2992163, 39.9834987], [116.2992109, 39.9836206], [116.2992056, 39.9837391]]}}, {"type": "Feature", "properties": {"highway": "footway", "name": "", "bridge": "", "tunnel": "", "layer": "", "source": "osm"}, "geometry": {"type": "LineString", "coordinates": [[116.2991841, 39.9840001], [116.29918, 39.9841395], [116.2991776, 39.9842207], [116.2991761, 39.9842704], [116.2991935, 39.9842827], [116.2993067, 39.9842883], [116.2993709, 39.9842915], [116.299506, 39.9842981], [116.2995966, 39.9843093], [116.2996566, 39.9843164], [116.299746, 39.9843269], [116.2997476, 39.9843123], [116.2997621, 39.984179], [116.2997796, 39.9840176]]}}, {"type": "Feature", "properties": {"highway": "footway", "name": "", "bridge": "yes", "tunnel": "", "layer": "", "source": "osm"}, "geometry": {"type": "LineString", "coordinates": [[116.294966, 39.9810738], [116.2947689, 39.9810663]]}}, {"type": "Feature", "properties": {"highway": "footway", "name": "", "bridge": "", "tunnel": "", "layer": "", "source": "osm"}, "geometry": {"type": "LineString", "coordinates": [[116.2947437, 39.9811722], [116.2947689, 39.9810663], [116.2947799, 39.9810201], [116.2949181, 39.9794098], [116.2949288, 39.9787644], [116.2949173, 39.9787388]]}}, {"type": "Feature", "properties": {"highway": "footway", "name": "", "bridge": "", "tunnel": "", "layer": "", "source": "osm"}, "geometry": {"type": "LineString", "coordinates": [[116.2950046, 39.9779876], [116.2949918, 39.9779392], [116.2950052, 39.9778158], [116.2950255, 39.9777614], [116.2950401, 39.9777223], [116.2950844, 39.9775682], [116.29513, 39.9770718], [116.2951246, 39.9769526], [116.2951259, 39.9768478], [116.295297, 39.974958], [116.2953673, 39.9741808], [116.2954371, 39.9738551], [116.2954875, 39.9736416]]}}, {"type": "Feature", "properties": {"highway": "footway", "name": "", "bridge": "", "tunnel": "", "layer": "", "source": "osm"}, "geometry": {"type": "LineString", "coordinates": [[116.2984271, 39.9895638], [116.2985514, 39.9895737], [116.2988127, 39.9895945], [116.2989105, 39.9896023]]}}, {"type": "Feature", "properties": {"highway": "footway", "name": "", "bridge": "", "tunnel": "", "layer": "", "source": "osm"}, "geometry": {"type": "LineString", "coordinates": [[116.2989367, 39.9894184], [116.2988233, 39.9894098], [116.2985748, 39.989391], [116.2984425, 39.9893809]]}}, {"type": "Feature", "properties": {"highway": "footway", "name": "", "bridge": "", "tunnel": "", "layer": "", "source": "osm"}, "geometry": {"type": "LineString", "coordinates": [[116.2984163, 39.9895545], [116.2984301, 39.9894634], [116.2984425, 39.9893809], [116.2984458, 39.9893588]]}}, {"type": "Feature", "properties": {"highway": "tertiary", "name": "苏州街", "bridge": "", "tunnel": "", "layer": "", "source": "osm"}, "geometry": {"type": "LineString", "coordinates": [[116.3002128, 39.9746134], [116.3003254, 39.9746454], [116.3003066, 39.975038], [116.3002919, 39.975076], [116.300257, 39.9751675], [116.300253, 39.9752589], [116.3000812, 39.9777118], [116.3000756, 39.9777895], [116.3000022, 39.9788387], [116.2999459, 39.9796441], [116.2999434, 39.9796958], [116.2999381, 39.979807], [116.2999346, 39.9798817], [116.2999324, 39.9799267], [116.2998627, 39.9808793], [116.2998443, 39.9810684], [116.299835, 39.9811634], [116.2998198, 39.9813191], [116.2997219, 39.982879], [116.299691, 39.9834709], [116.2995519, 39.9834987]]}}, {"type": "Feature", "properties": {"highway": "footway", "name": "", "bridge": "", "tunnel": "", "layer": "", "source": "osm"}, "geometry": {"type": "LineString", "coordinates": [[116.3000024, 39.9796801], [116.3000015, 39.9796981], [116.2999955, 39.979809], [116.2999915, 39.9798845], [116.2999903, 39.9799061]]}}, {"type": "Feature", "properties": {"highway": "footway", "name": "", "bridge": "", "tunnel": "", "layer": "", "source": "osm"}, "geometry": {"type": "LineString", "coordinates": [[116.2999915, 39.9798845], [116.2999346, 39.9798817], [116.2998322, 39.9798767], [116.2997422, 39.9798718], [116.2996457, 39.9798669], [116.2995765, 39.9798634]]}}, {"type": "Feature", "properties": {"highway": "tertiary", "name": "苏州街", "bridge": "", "tunnel": "", "layer": "", "source": "osm"}, "geometry": {"type": "LineString", "coordinates": [[116.3008566, 39.9693949], [116.3008801, 39.969496], [116.3006772, 39.9713282], [116.3005306, 39.972593], [116.3005158, 39.9727188], [116.3004059, 39.9736516], [116.3003095, 39.9737961]]}}, {"type": "Feature", "properties": {"highway": "footway", "name": "", "bridge": "", "tunnel": "", "layer": "", "source": "osm"}, "geometry": {"type": "LineString", "coordinates": [[116.3004912, 39.9694548], [116.3005471, 39.9694607], [116.3006529, 39.9694719], [116.300788, 39.9694862], [116.3008801, 39.969496], [116.3009399, 39.9695023]]}}, {"type": "Feature", "properties": {"highway": "tertiary", "name": "苏州街", "bridge": "", "tunnel": "", "layer": "", "source": "osm"}, "geometry": {"type": "LineString", "coordinates": [[116.2994152, 39.9834869], [116.2993544, 39.9833826], [116.299396, 39.9828235], [116.2994054, 39.9827139], [116.2994094, 39.9826673], [116.2994792, 39.9822604], [116.2995046, 39.9820652], [116.2995287, 39.9816893], [116.2995984, 39.9806042], [116.2996457, 39.9798669], [116.2996502, 39.9797969], [116.2996573, 39.9796849], [116.2997085, 39.9788877], [116.2997031, 39.9787706], [116.2996951, 39.9782834], [116.2997541, 39.9782115], [116.2997675, 39.9781365], [116.2998535, 39.9764768], [116.2999499, 39.9746156], [116.2999591, 39.9745368], [116.2999652, 39.974484], [116.2999725, 39.9744214], [116.2999817, 39.9743424], [116.2999912, 39.9742615], [116.3000001, 39.9741849], [116.3000907, 39.973407], [116.3001698, 39.9731695], [116.3002901, 39.9721856], [116.3003654, 39.9715701], [116.300387, 39.9713937], [116.3004379, 39.9712769]]}}, {"type": "Feature", "properties": {"highway": "cycleway", "name": "", "bridge": "", "tunnel": "", "layer": "", "source": "osm"}, "geometry": {"type": "LineString", "coordinates": [[116.294788, 39.9731089], [116.294848, 39.9731083], [116.2949315, 39.9731074], [116.2950044, 39.9731156], [116.2954971, 39.9731714], [116.295535, 39.9731757], [116.2956147, 39.9732459]]}}, {"type": "Feature", "properties": {"highway": "cycleway", "name": "", "bridge": "", "tunnel": "", "layer": "", "source": "osm"}, "geometry": {"type": "LineString", "coordinates": [[116.2956276, 39.9735096], [116.2955728, 39.9734998], [116.2954733, 39.973483], [116.2954125, 39.9734742], [116.2951553, 39.9734367], [116.2949325, 39.9734042], [116.2947988, 39.9733847], [116.2947365, 39.9733801], [116.2946311, 39.9733751]]}}, {"type": "Feature", "properties": {"highway": "cycleway", "name": "海淀南路", "bridge": "", "tunnel": "", "layer": "", "source": "osm"}, "geometry": {"type": "LineString", "coordinates": [[116.3012992, 39.9745349], [116.3012217, 39.9745512], [116.3004696, 39.9745291], [116.3004002, 39.9745228], [116.3002271, 39.9745075], [116.3000942, 39.9744969], [116.2999652, 39.974484], [116.2998969, 39.9744772], [116.2998498, 39.9744726], [116.2984585, 39.9744363], [116.2983221, 39.9744269], [116.2981079, 39.974401], [116.2979386, 39.9743712], [116.2977035, 39.9743155], [116.2974888, 39.9742521], [116.2972506, 39.9741745], [116.2969975, 39.974085], [116.2966897, 39.9739486], [116.2963607, 39.9737936], [116.2958367, 39.973556], [116.2956276, 39.9735096]]}}, {"type": "Feature", "properties": {"highway": "cycleway", "name": "巴沟路", "bridge": "", "tunnel": "", "layer": "", "source": "osm"}, "geometry": {"type": "LineString", "coordinates": [[116.2813116, 39.9708519], [116.2814473, 39.9709465], [116.2816552, 39.9710719], [116.2817813, 39.971149], [116.2820274, 39.9713298], [116.2820573, 39.9713534], [116.2823888, 39.9716151], [116.2824652, 39.971687], [116.2825997, 39.9718101], [116.2827207, 39.9719208], [116.2828092, 39.9720015], [116.2829688, 39.9721259], [116.2830768, 39.9721993], [116.2831901, 39.9722692], [116.2832954, 39.9723232], [116.2833913, 39.972371], [116.2835965, 39.9724542], [116.2836836, 39.9724815], [116.2837889, 39.9725102], [116.2839143, 39.9725364], [116.28409, 39.9725678], [116.2842348, 39.9725853], [116.2843193, 39.972593], [116.2848906, 39.9726331], [116.2850026, 39.9726367], [116.2852202, 39.9726469], [116.2854063, 39.9726557], [116.2855169, 39.9726629], [116.2880412, 39.972799], [116.2882817, 39.9728125], [116.2891014, 39.9728572], [116.2900706, 39.97291], [116.2901221, 39.9729103], [116.2901933, 39.9729106], [116.2902305, 39.9729104], [116.2903613, 39.9729096], [116.2904676, 39.972909], [116.2904966, 39.9729106], [116.2918847, 39.9729823], [116.2924451, 39.9730113], [116.292541, 39.973019], [116.2925759, 39.9730207], [116.2929875, 39.9730416], [116.2931103, 39.9730472], [116.2935414, 39.9730714], [116.2936863, 39.9730776], [116.2938546, 39.9730693], [116.2939907, 39.9730642], [116.2941972, 39.973074], [116.294788, 39.9731089]]}}, {"type": "Feature", "properties": {"highway": "pedestrian", "name": "", "bridge": "", "tunnel": "", "layer": "", "source": "osm"}, "geometry": {"type": "LineString", "coordinates": [[116.3093412, 39.9705609], [116.3093734, 39.9702649], [116.3095417, 39.9702746], [116.3098347, 39.9702916], [116.3097999, 39.9705855], [116.3093412, 39.9705609]]}}, {"type": "Feature", "properties": {"highway": "pedestrian", "name": "", "bridge": "", "tunnel": "", "layer": "", "source": "osm"}, "geometry": {"type": "LineString", "coordinates": [[116.3088949, 39.9705348], [116.3089338, 39.9702276], [116.3091001, 39.97024], [116.3090613, 39.9705472], [116.3088949, 39.9705348]]}}, {"type": "Feature", "properties": {"highway": "service", "name": "春华路", "bridge": "", "tunnel": "", "layer": "", "source": "osm"}, "geometry": {"type": "LineString", "coordinates": [[116.3111804, 39.9678234], [116.311558, 39.967861], [116.3124801, 39.9679528], [116.3129202, 39.9679966]]}}, {"type": "Feature", "properties": {"highway": "service", "name": "", "bridge": "", "tunnel": "", "layer": "", "source": "osm"}, "geometry": {"type": "LineString", "coordinates": [[116.3129202, 39.9679966], [116.3130965, 39.9680096], [116.3135812, 39.9680825]]}}, {"type": "Feature", "properties": {"highway": "service", "name": "", "bridge": "", "tunnel": "", "layer": "", "source": "osm"}, "geometry": {"type": "LineString", "coordinates": [[116.3124801, 39.9679528], [116.3126113, 39.967444]]}}, {"type": "Feature", "properties": {"highway": "service", "name": "", "bridge": "", "tunnel": "", "layer": "", "source": "osm"}, "geometry": {"type": "LineString", "coordinates": [[116.3116377, 39.9673023], [116.311558, 39.967861]]}}, {"type": "Feature", "properties": {"highway": "service", "name": "", "bridge": "", "tunnel": "", "layer": "", "source": "osm"}, "geometry": {"type": "LineString", "coordinates": [[116.3093212, 39.9684034], [116.3092174, 39.9692888]]}}, {"type": "Feature", "properties": {"highway": "footway", "name": "", "bridge": "", "tunnel": "", "layer": "", "source": "osm"}, "geometry": {"type": "LineString", "coordinates": [[116.305046, 39.9876031], [116.3049205, 39.9875975]]}}, {"type": "Feature", "properties": {"highway": "footway", "name": "", "bridge": "", "tunnel": "", "layer": "", "source": "osm"}, "geometry": {"type": "LineString", "coordinates": [[116.3050491, 39.987554], [116.3050563, 39.9874371]]}}, {"type": "Feature", "properties": {"highway": "steps", "name": "", "bridge": "", "tunnel": "", "layer": "", "source": "osm"}, "geometry": {"type": "LineString", "coordinates": [[116.3051486, 39.9877338], [116.3049111, 39.9877263]]}}, {"type": "Feature", "properties": {"highway": "steps", "name": "", "bridge": "", "tunnel": "", "layer": "", "source": "osm"}, "geometry": {"type": "LineString", "coordinates": [[116.3049588, 39.9873048], [116.3049745, 39.9871174]]}}, {"type": "Feature", "properties": {"highway": "tertiary", "name": "万泉河路", "bridge": "", "tunnel": "", "layer": "", "source": "osm"}, "geometry": {"type": "LineString", "coordinates": [[116.3000641, 39.9689336], [116.3002185, 39.9688239], [116.3003083, 39.968755], [116.3004223, 39.9686587]]}}, {"type": "Feature", "properties": {"highway": "footway", "name": "", "bridge": "", "tunnel": "", "layer": "", "source": "osm"}, "geometry": {"type": "LineString", "coordinates": [[116.3272454, 39.9753823], [116.3272486, 39.9753443], [116.3272543, 39.9752777], [116.3272646, 39.9751579], [116.3272739, 39.9750496], [116.3272789, 39.9749907], [116.3273801, 39.9749918], [116.32752, 39.9749933], [116.3276772, 39.974995], [116.3278021, 39.9749963], [116.3278542, 39.9749969], [116.3278603, 39.9750061], [116.3278584, 39.9750258], [116.3278468, 39.9751443], [116.3278336, 39.9752799], [116.3278246, 39.9753728], [116.3278208, 39.9754118]]}}, {"type": "Feature", "properties": {"highway": "footway", "name": "", "bridge": "", "tunnel": "", "layer": "", "source": "osm"}, "geometry": {"type": "LineString", "coordinates": [[116.327295, 39.9754069], [116.3273581, 39.9754075], [116.3274956, 39.9754088], [116.3276537, 39.9754102], [116.3277874, 39.9754115], [116.3278208, 39.9754118], [116.3278489, 39.9754121]]}}, {"type": "Feature", "properties": {"highway": "cycleway", "name": "", "bridge": "", "tunnel": "", "layer": "", "source": "osm"}, "geometry": {"type": "LineString", "coordinates": [[116.3005638, 39.9693607], [116.3005927, 39.9691084], [116.300599, 39.9690533], [116.3005064, 39.9688755], [116.3003083, 39.968755]]}}, {"type": "Feature", "properties": {"highway": "tertiary", "name": "万泉河路", "bridge": "", "tunnel": "", "layer": "", "source": "osm"}, "geometry": {"type": "LineString", "coordinates": [[116.3009739, 39.9687501], [116.3008767, 39.9688747], [116.3006884, 39.9690506], [116.3005927, 39.9691084], [116.3003184, 39.9692718]]}}, {"type": "Feature", "properties": {"highway": "footway", "name": "", "bridge": "", "tunnel": "", "layer": "", "source": "osm"}, "geometry": {"type": "LineString", "coordinates": [[116.3069204, 39.9747505], [116.3082774, 39.9747848], [116.3086315, 39.9747974], [116.3093967, 39.9748211], [116.3103364, 39.9748503], [116.3106673, 39.9749027], [116.3109146, 39.9749144], [116.3110475, 39.9749136], [116.3110705, 39.9749669], [116.3109488, 39.9753954], [116.3108689, 39.9757277], [116.3107967, 39.9760395], [116.3105887, 39.9764848]]}}, {"type": "Feature", "properties": {"highway": "footway", "name": "", "bridge": "", "tunnel": "", "layer": "", "source": "osm"}, "geometry": {"type": "LineString", "coordinates": [[116.3082774, 39.9747848], [116.30828, 39.9747336], [116.3082847, 39.9746616], [116.3082896, 39.9745839], [116.3082942, 39.9745072], [116.3082989, 39.9744312]]}}, {"type": "Feature", "properties": {"highway": "service", "name": "", "bridge": "", "tunnel": "", "layer": "", "source": "osm"}, "geometry": {"type": "LineString", "coordinates": [[116.3086367, 39.9747226], [116.3086348, 39.9747485], [116.3086315, 39.9747974]]}}, {"type": "Feature", "properties": {"highway": "footway", "name": "", "bridge": "", "tunnel": "", "layer": "", "source": "osm"}, "geometry": {"type": "LineString", "coordinates": [[116.2944642, 39.9766569], [116.2943737, 39.9775629], [116.2943847, 39.9779541], [116.2943329, 39.9779655], [116.2942514, 39.9787361], [116.2943153, 39.9787494], [116.2942514, 39.9789895], [116.2941879, 39.9796663], [116.2941109, 39.980003], [116.294052, 39.9805028], [116.2939977, 39.9807666], [116.2937033, 39.9812317], [116.2933499, 39.9815719], [116.2929423, 39.9818426], [116.2924304, 39.9821099], [116.292059, 39.9822487], [116.2915516, 39.9823424], [116.2910941, 39.9823632], [116.2907182, 39.982325], [116.2901067, 39.9821584], [116.2895042, 39.9819641], [116.2886889, 39.9816309], [116.2876561, 39.9811206], [116.2868362, 39.9805931], [116.2866903, 39.9804755], [116.2865588, 39.9803694], [116.2862111, 39.9800655], [116.285667, 39.9795295], [116.2846257, 39.9785], [116.2844309, 39.9783161], [116.2844645, 39.978255]]}}, {"type": "Feature", "properties": {"highway": "footway", "name": "", "bridge": "", "tunnel": "", "layer": "", "source": "osm"}, "geometry": {"type": "LineString", "coordinates": [[116.3263557, 39.9939036], [116.3264862, 39.9939972], [116.3268303, 39.994267], [116.3268899, 39.9943034]]}}, {"type": "Feature", "properties": {"highway": "pedestrian", "name": "", "bridge": "", "tunnel": "", "layer": "", "source": "osm"}, "geometry": {"type": "LineString", "coordinates": [[116.3302866, 39.9973669], [116.330285, 39.9973936], [116.3299714, 39.9973797], [116.3299002, 39.9973263], [116.3299275, 39.9971301], [116.3300426, 39.9970616], [116.3302161, 39.9971946], [116.3301547, 39.9972346], [116.3301532, 39.9973611], [116.3302866, 39.9973669]]}}, {"type": "Feature", "properties": {"highway": "tertiary", "name": "大运村路", "bridge": "", "tunnel": "", "layer": "", "source": "osm"}, "geometry": {"type": "LineString", "coordinates": [[116.3345696, 39.9837833], [116.3346456, 39.9838624], [116.3346518, 39.984552], [116.3346521, 39.9845911], [116.3346496, 39.9846289]]}}, {"type": "Feature", "properties": {"highway": "footway", "name": "", "bridge": "", "tunnel": "", "layer": "", "source": "osm"}, "geometry": {"type": "LineString", "coordinates": [[116.3334482, 39.9826666], [116.3333838, 39.9830474], [116.3333715, 39.9832027], [116.3334011, 39.9832634], [116.3335097, 39.9833702], [116.3335982, 39.9834524], [116.333639, 39.983487]]}}, {"type": "Feature", "properties": {"highway": "footway", "name": "", "bridge": "", "tunnel": "", "layer": "", "source": "osm"}, "geometry": {"type": "LineString", "coordinates": [[116.3343251, 39.9820775], [116.3341293, 39.9822023]]}}, {"type": "Feature", "properties": {"highway": "footway", "name": "", "bridge": "", "tunnel": "", "layer": "", "source": "osm"}, "geometry": {"type": "LineString", "coordinates": [[116.3340267, 39.9821125], [116.3341392, 39.9820393], [116.3342257, 39.981983], [116.3345711, 39.9817582]]}}, {"type": "Feature", "properties": {"highway": "footway", "name": "", "bridge": "", "tunnel": "", "layer": "", "source": "osm"}, "geometry": {"type": "LineString", "coordinates": [[116.3337873, 39.9828009], [116.3338983, 39.9827091], [116.334022, 39.9826067], [116.3340649, 39.9825502], [116.3340823, 39.9824762], [116.3340988, 39.9823803], [116.3341293, 39.9822023], [116.3341534, 39.9820621], [116.3341392, 39.9820393]]}}, {"type": "Feature", "properties": {"highway": "footway", "name": "", "bridge": "", "tunnel": "", "layer": "", "source": "osm"}, "geometry": {"type": "LineString", "coordinates": [[116.3336878, 39.9835258], [116.3337364, 39.9833971], [116.333746, 39.9833718], [116.3337976, 39.9830924], [116.3338512, 39.9828029], [116.333903, 39.9827559]]}}, {"type": "Feature", "properties": {"highway": "footway", "name": "", "bridge": "", "tunnel": "", "layer": "", "source": "osm"}, "geometry": {"type": "LineString", "coordinates": [[116.3338903, 39.9835223], [116.3339791, 39.9832685], [116.3339643, 39.9832346], [116.3339455, 39.9831986]]}}, {"type": "Feature", "properties": {"highway": "footway", "name": "", "bridge": "", "tunnel": "", "layer": "", "source": "osm"}, "geometry": {"type": "LineString", "coordinates": [[116.3342441, 39.983293], [116.3341085, 39.9832896], [116.3340649, 39.983268], [116.3339455, 39.9831986], [116.3337976, 39.9830924]]}}, {"type": "Feature", "properties": {"highway": "footway", "name": "", "bridge": "", "tunnel": "", "layer": "", "source": "osm"}, "geometry": {"type": "LineString", "coordinates": [[116.3328838, 39.9835672], [116.3328961, 39.9834663], [116.3329176, 39.9834483], [116.3329912, 39.9834134], [116.3330738, 39.9833754], [116.33312, 39.9833544]]}}, {"type": "Feature", "properties": {"highway": "footway", "name": "", "bridge": "", "tunnel": "", "layer": "", "source": "osm"}, "geometry": {"type": "LineString", "coordinates": [[116.3326791, 39.9836643], [116.3328838, 39.9835672], [116.3329701, 39.9835262], [116.3330403, 39.983493], [116.3330792, 39.9834663], [116.3330966, 39.9834252], [116.3331107, 39.9833718], [116.33312, 39.9833544], [116.3331342, 39.9833281], [116.3331737, 39.983306], [116.3332115, 39.9832992]]}}, {"type": "Feature", "properties": {"highway": "footway", "name": "", "bridge": "", "tunnel": "", "layer": "", "source": "osm"}, "geometry": {"type": "LineString", "coordinates": [[116.3329588, 39.9815352], [116.3331039, 39.9807183], [116.3333603, 39.9792749]]}}, {"type": "Feature", "properties": {"highway": "footway", "name": "", "bridge": "", "tunnel": "", "layer": "", "source": "osm"}, "geometry": {"type": "LineString", "coordinates": [[116.3327349, 39.984306], [116.3328056, 39.9842704], [116.3328981, 39.9842611], [116.3329307, 39.9842594], [116.3330041, 39.9842642], [116.3330631, 39.9842755]]}}, {"type": "Feature", "properties": {"highway": "footway", "name": "", "bridge": "", "tunnel": "", "layer": "", "source": "osm"}, "geometry": {"type": "LineString", "coordinates": [[116.3326542, 39.9838084], [116.3327926, 39.9838298], [116.3328663, 39.9838473], [116.3329064, 39.9838681], [116.3329709, 39.9839017], [116.3330273, 39.9839511], [116.3330702, 39.9839932], [116.3330819, 39.9840218], [116.3331305, 39.9840939], [116.3331694, 39.9841484], [116.333219, 39.9842049], [116.3332781, 39.9842449], [116.3333679, 39.9842973], [116.3334048, 39.9843127]]}}, {"type": "Feature", "properties": {"highway": "footway", "name": "", "bridge": "", "tunnel": "", "layer": "", "source": "osm"}, "geometry": {"type": "LineString", "coordinates": [[116.333272, 39.9807064], [116.3332281, 39.9809647], [116.3331825, 39.9812328], [116.3331328, 39.9815205]]}}, {"type": "Feature", "properties": {"highway": "footway", "name": "", "bridge": "", "tunnel": "", "layer": "", "source": "osm"}, "geometry": {"type": "LineString", "coordinates": [[116.3334428, 39.9817891], [116.3334012, 39.982047], [116.3334119, 39.9821395], [116.3334749, 39.9822618], [116.3335638, 39.9824373], [116.3335983, 39.9825054], [116.333634, 39.9825607]]}}, {"type": "Feature", "properties": {"highway": "footway", "name": "", "bridge": "", "tunnel": "", "layer": "", "source": "osm"}, "geometry": {"type": "LineString", "coordinates": [[116.3329487, 39.9822814], [116.332924, 39.9822502]]}}, {"type": "Feature", "properties": {"highway": "footway", "name": "", "bridge": "", "tunnel": "", "layer": "", "source": "osm"}, "geometry": {"type": "LineString", "coordinates": [[116.3326485, 39.9845106], [116.3325348, 39.9845044], [116.3325468, 39.9844286], [116.3326542, 39.9838084], [116.3326791, 39.9836643], [116.3327873, 39.9830394], [116.332924, 39.9822502], [116.3329746, 39.9819583], [116.3329397, 39.981686], [116.3329588, 39.9815352]]}}, {"type": "Feature", "properties": {"highway": "footway", "name": "", "bridge": "", "tunnel": "", "layer": "", "source": "osm"}, "geometry": {"type": "LineString", "coordinates": [[116.3332951, 39.98247], [116.3334239, 39.9817086]]}}, {"type": "Feature", "properties": {"highway": "footway", "name": "", "bridge": "", "tunnel": "", "layer": "", "source": "osm"}, "geometry": {"type": "LineString", "coordinates": [[116.3333689, 39.9817004], [116.3332401, 39.9824361], [116.3332951, 39.98247], [116.333342, 39.9825173], [116.3333555, 39.9825594], [116.3334482, 39.9826666], [116.3335641, 39.9828102]]}}, {"type": "Feature", "properties": {"highway": "footway", "name": "", "bridge": "", "tunnel": "", "layer": "", "source": "osm"}, "geometry": {"type": "LineString", "coordinates": [[116.3340341, 39.9817281], [116.3340341, 39.9818072], [116.3340609, 39.9818576], [116.3341226, 39.9819049], [116.3342257, 39.981983], [116.3342929, 39.9820384], [116.3343251, 39.9820775], [116.3343184, 39.982172], [116.3343072, 39.9822433], [116.3342862, 39.9823765], [116.3342634, 39.9824433], [116.3342258, 39.9824803], [116.3341574, 39.9825379]]}}, {"type": "Feature", "properties": {"highway": "footway", "name": "", "bridge": "", "tunnel": "", "layer": "", "source": "osm"}, "geometry": {"type": "LineString", "coordinates": [[116.3335938, 39.9830192], [116.3336156, 39.9829623], [116.3336894, 39.9828975], [116.3337457, 39.9828472], [116.3337873, 39.9828009], [116.3337967, 39.9827424], [116.3338518, 39.9824215], [116.3339713, 39.9817259], [116.3339919, 39.9816071], [116.3339993, 39.9815647]]}}, {"type": "Feature", "properties": {"highway": "footway", "name": "", "bridge": "", "tunnel": "", "layer": "", "source": "osm"}, "geometry": {"type": "LineString", "coordinates": [[116.3328955, 39.9843022], [116.3329307, 39.9842594], [116.3329826, 39.9841964], [116.3330564, 39.9841245], [116.3330778, 39.9840412], [116.3330819, 39.9840218], [116.3331965, 39.9833979]]}}, {"type": "Feature", "properties": {"highway": "footway", "name": "", "bridge": "", "tunnel": "", "layer": "", "source": "osm"}, "geometry": {"type": "LineString", "coordinates": [[116.3327152, 39.9845133], [116.3327372, 39.9844625], [116.3328069, 39.9843618], [116.3328955, 39.9843022], [116.332984, 39.9842776], [116.3330631, 39.9842755], [116.3331865, 39.9842889], [116.3332897, 39.9843156], [116.3333903, 39.9843495], [116.3334815, 39.9843834], [116.3335928, 39.9844112], [116.3337122, 39.9844276], [116.3338302, 39.9844286], [116.3339603, 39.9844091], [116.3341185, 39.9843742], [116.3342231, 39.9843362], [116.3342257, 39.9843156]]}}, {"type": "Feature", "properties": {"highway": "footway", "name": "", "bridge": "", "tunnel": "", "layer": "", "source": "osm"}, "geometry": {"type": "LineString", "coordinates": [[116.3329048, 39.9828122], [116.3330591, 39.9830106], [116.3330606, 39.9830414], [116.3329912, 39.9834134], [116.3329701, 39.9835262], [116.3329064, 39.9838681], [116.3328727, 39.9840484], [116.3328284, 39.9841214], [116.3327828, 39.9842355], [116.3327349, 39.984306], [116.3326822, 39.9843834], [116.3326541, 39.9844687], [116.3326485, 39.9845106]]}}, {"type": "Feature", "properties": {"highway": "footway", "name": "", "bridge": "", "tunnel": "", "layer": "", "source": "osm"}, "geometry": {"type": "LineString", "coordinates": [[116.3332763, 39.9835459], [116.3334511, 39.983737]]}}, {"type": "Feature", "properties": {"highway": "footway", "name": "", "bridge": "", "tunnel": "", "layer": "", "source": "osm"}, "geometry": {"type": "LineString", "coordinates": [[116.3332041, 39.9834912], [116.3332763, 39.9835459], [116.3333434, 39.9835665], [116.3334399, 39.9835665], [116.3335218, 39.9835757], [116.3336116, 39.9836117]]}}, {"type": "Feature", "properties": {"highway": "footway", "name": "", "bridge": "", "tunnel": "", "layer": "", "source": "osm"}, "geometry": {"type": "LineString", "coordinates": [[116.333772, 39.9836987], [116.3336706, 39.9836549], [116.3336116, 39.9836117], [116.3335472, 39.9835696], [116.3334011, 39.9834452], [116.3332736, 39.983363], [116.3332027, 39.983357]]}}, {"type": "Feature", "properties": {"highway": "footway", "name": "", "bridge": "", "tunnel": "", "layer": "", "source": "osm"}, "geometry": {"type": "LineString", "coordinates": [[116.3332269, 39.9841054], [116.3332702, 39.9841982], [116.333346, 39.984278], [116.3334048, 39.9843127], [116.333448, 39.9843381], [116.3335679, 39.9843738], [116.3336962, 39.9843822], [116.3338223, 39.9843625], [116.3339361, 39.9843164], [116.3340283, 39.9842476], [116.3340915, 39.9841617], [116.3341205, 39.9840656], [116.3341131, 39.9839672], [116.3340697, 39.9838743], [116.333994, 39.9837946], [116.3339179, 39.9837497], [116.333892, 39.9837344], [116.333772, 39.9836987], [116.3336438, 39.9836904], [116.3335176, 39.9837101], [116.3334511, 39.983737], [116.3334039, 39.9837562], [116.3333116, 39.9838249], [116.3332485, 39.9839109], [116.3332246, 39.9839896], [116.3332194, 39.9840069], [116.33322, 39.9840153], [116.3332269, 39.9841054]]}}, {"type": "Feature", "properties": {"highway": "footway", "name": "", "bridge": "", "tunnel": "", "layer": "", "source": "osm"}, "geometry": {"type": "LineString", "coordinates": [[116.3330492, 39.9817081], [116.3329487, 39.9822814], [116.333263, 39.9826777], [116.33329, 39.9827668], [116.3332712, 39.9828942], [116.3332491, 39.9830449], [116.3332115, 39.9832992], [116.3332027, 39.983357], [116.3331965, 39.9833979], [116.3332041, 39.9834912], [116.3332283, 39.9835601], [116.3332712, 39.98363], [116.3332725, 39.9836967], [116.3332564, 39.9838118], [116.3332246, 39.9839896], [116.33322, 39.9840153]]}}, {"type": "Feature", "properties": {"highway": "service", "name": "", "bridge": "", "tunnel": "", "layer": "", "source": "osm"}, "geometry": {"type": "LineString", "coordinates": [[116.3332647, 39.9813299], [116.333234, 39.9815275]]}}, {"type": "Feature", "properties": {"highway": "footway", "name": "", "bridge": "", "tunnel": "", "layer": "", "source": "osm"}, "geometry": {"type": "LineString", "coordinates": [[116.334549, 39.9826329], [116.3345521, 39.9825111], [116.3345711, 39.9817582], [116.3345744, 39.9816279]]}}, {"type": "Feature", "properties": {"highway": "footway", "name": "", "bridge": "", "tunnel": "", "layer": "", "source": "osm"}, "geometry": {"type": "LineString", "coordinates": [[116.3342573, 39.9838539], [116.3344742, 39.983991]]}}, {"type": "Feature", "properties": {"highway": "footway", "name": "", "bridge": "", "tunnel": "", "layer": "", "source": "osm"}, "geometry": {"type": "LineString", "coordinates": [[116.3342289, 39.9789357], [116.3344096, 39.978788]]}}, {"type": "Feature", "properties": {"highway": "footway", "name": "", "bridge": "", "tunnel": "", "layer": "", "source": "osm"}, "geometry": {"type": "LineString", "coordinates": [[116.33457, 39.9789299], [116.3344564, 39.9788219], [116.3344296, 39.9788025], [116.3344096, 39.978788], [116.3344533, 39.9784778], [116.3342732, 39.9786347]]}}, {"type": "Feature", "properties": {"highway": "footway", "name": "", "bridge": "", "tunnel": "", "layer": "", "source": "osm"}, "geometry": {"type": "LineString", "coordinates": [[116.3347673, 39.9792833], [116.3345263, 39.9792563], [116.3341193, 39.9792106], [116.3340716, 39.9792053]]}}, {"type": "Feature", "properties": {"highway": "footway", "name": "", "bridge": "", "tunnel": "", "layer": "", "source": "osm"}, "geometry": {"type": "LineString", "coordinates": [[116.3337781, 39.9774216], [116.3337491, 39.9775754], [116.3337062, 39.9778236], [116.333655, 39.9781144], [116.3335579, 39.9786276], [116.3334533, 39.9792865]]}}, {"type": "Feature", "properties": {"highway": "footway", "name": "", "bridge": "", "tunnel": "", "layer": "", "source": "osm"}, "geometry": {"type": "LineString", "coordinates": [[116.3339131, 39.9794382], [116.3336912, 39.9793161], [116.3335414, 39.9792983], [116.3334533, 39.9792865], [116.3333603, 39.9792749], [116.3335579, 39.9786276]]}}, {"type": "Feature", "properties": {"highway": "footway", "name": "", "bridge": "", "tunnel": "", "layer": "", "source": "osm"}, "geometry": {"type": "LineString", "coordinates": [[116.334201, 39.9791252], [116.334221, 39.9789891], [116.3342289, 39.9789357], [116.3342732, 39.9786347], [116.334292, 39.9785069], [116.3343057, 39.9784141], [116.3343588, 39.9780308]]}}, {"type": "Feature", "properties": {"highway": "footway", "name": "", "bridge": "", "tunnel": "", "layer": "", "source": "osm"}, "geometry": {"type": "LineString", "coordinates": [[116.3339131, 39.9794382], [116.3339496, 39.9794087], [116.3340059, 39.9793471], [116.334085, 39.979252], [116.3341193, 39.9792106], [116.334201, 39.9791252], [116.3343814, 39.9789062], [116.3344564, 39.9788219], [116.3344885, 39.9787858], [116.3345485, 39.9786704], [116.3345879, 39.9783959], [116.3346046, 39.97828]]}}, {"type": "Feature", "properties": {"highway": "footway", "name": "", "bridge": "", "tunnel": "", "layer": "", "source": "osm"}, "geometry": {"type": "LineString", "coordinates": [[116.3342074, 39.9784053], [116.3341795, 39.9783357], [116.334103, 39.9782448]]}}, {"type": "Feature", "properties": {"highway": "footway", "name": "", "bridge": "", "tunnel": "", "layer": "", "source": "osm"}, "geometry": {"type": "LineString", "coordinates": [[116.334285, 39.9779559], [116.3342074, 39.9784053], [116.3341786, 39.9785719]]}}, {"type": "Feature", "properties": {"highway": "footway", "name": "", "bridge": "", "tunnel": "", "layer": "", "source": "osm"}, "geometry": {"type": "LineString", "coordinates": [[116.3335414, 39.9792983], [116.3340602, 39.9787037], [116.3341786, 39.9785719]]}}, {"type": "Feature", "properties": {"highway": "footway", "name": "", "bridge": "", "tunnel": "", "layer": "", "source": "osm"}, "geometry": {"type": "LineString", "coordinates": [[116.3341507, 39.9841923], [116.3341132, 39.9842591], [116.3340032, 39.9843505], [116.3338678, 39.9844019], [116.3337122, 39.9844276]]}}, {"type": "Feature", "properties": {"highway": "footway", "name": "", "bridge": "", "tunnel": "", "layer": "", "source": "osm"}, "geometry": {"type": "LineString", "coordinates": [[116.3342472, 39.9839999], [116.334199, 39.9841461], [116.3341507, 39.9841923], [116.3339361, 39.9843164]]}}, {"type": "Feature", "properties": {"highway": "footway", "name": "", "bridge": "", "tunnel": "", "layer": "", "source": "osm"}, "geometry": {"type": "LineString", "coordinates": [[116.3340642, 39.9815667], [116.3340944, 39.9814887], [116.3341936, 39.9813808], [116.3342709, 39.9813013], [116.3344576, 39.9811104], [116.3345804, 39.9810034]]}}, {"type": "Feature", "properties": {"highway": "footway", "name": "", "bridge": "", "tunnel": "", "layer": "", "source": "osm"}, "geometry": {"type": "LineString", "coordinates": [[116.3346046, 39.97828], [116.3346385, 39.9780499], [116.3347477, 39.9774254]]}}, {"type": "Feature", "properties": {"highway": "service", "name": "", "bridge": "", "tunnel": "", "layer": "", "source": "osm"}, "geometry": {"type": "LineString", "coordinates": [[116.3285568, 39.9890003], [116.3280246, 39.988955]]}}, {"type": "Feature", "properties": {"highway": "footway", "name": "", "bridge": "", "tunnel": "", "layer": "", "source": "osm"}, "geometry": {"type": "LineString", "coordinates": [[116.3295615, 39.9868568], [116.329591, 39.986866], [116.3296245, 39.9868773], [116.3296875, 39.986901]]}}, {"type": "Feature", "properties": {"highway": "footway", "name": "", "bridge": "", "tunnel": "", "layer": "", "source": "osm"}, "geometry": {"type": "LineString", "coordinates": [[116.3284081, 39.9878247], [116.3284993, 39.9877497], [116.3285395, 39.9876983], [116.3286053, 39.9876819], [116.3286978, 39.9876675], [116.3288239, 39.9876192], [116.3288815, 39.9875976], [116.3290036, 39.9875853], [116.3290948, 39.9875504], [116.3292195, 39.9874928], [116.3292457, 39.9874792], [116.3293067, 39.9874476], [116.3294005, 39.9874157], [116.3294917, 39.9873829], [116.329658, 39.9873068], [116.3297157, 39.9872452], [116.329736, 39.9871725], [116.3297532, 39.9871106], [116.3297117, 39.9869852], [116.3296875, 39.986901], [116.3297532, 39.986829], [116.3298458, 39.98679], [116.3299209, 39.9867663], [116.3300242, 39.9867571], [116.3300671, 39.9867304], [116.3300952, 39.9866574], [116.3300912, 39.9866081], [116.3301166, 39.9865704], [116.3301583, 39.9865228], [116.3302397, 39.9864928], [116.3302798, 39.9864766]]}}, {"type": "Feature", "properties": {"highway": "footway", "name": "", "bridge": "", "tunnel": "", "layer": "", "source": "osm"}, "geometry": {"type": "LineString", "coordinates": [[116.3283491, 39.9874373], [116.3284215, 39.9874137], [116.3284644, 39.98735], [116.3284698, 39.9872996], [116.3284805, 39.9872462], [116.3284993, 39.9872], [116.3285395, 39.987164], [116.3286106, 39.987128], [116.3286723, 39.9871126], [116.3287836, 39.9870972], [116.3288668, 39.9870767], [116.3289674, 39.9870499], [116.3290021, 39.9870261], [116.3290183, 39.987015], [116.3290787, 39.9869575], [116.3291135, 39.9869133], [116.3291913, 39.9868773], [116.329253, 39.9868742], [116.3293898, 39.9868578], [116.3295615, 39.9868568]]}}, {"type": "Feature", "properties": {"highway": "footway", "name": "", "bridge": "", "tunnel": "", "layer": "", "source": "osm"}, "geometry": {"type": "LineString", "coordinates": [[116.3285583, 39.9882875], [116.3284886, 39.9881977], [116.3284363, 39.9881638], [116.3284054, 39.9880826], [116.3284054, 39.9879819], [116.3284309, 39.9879028], [116.3284363, 39.9878494], [116.3284081, 39.9878247], [116.3283706, 39.9878062], [116.3283223, 39.9877836]]}}, {"type": "Feature", "properties": {"highway": "footway", "name": "", "bridge": "", "tunnel": "", "layer": "", "source": "osm"}, "geometry": {"type": "LineString", "coordinates": [[116.3282002, 39.9873859], [116.3282901, 39.9874322], [116.3283491, 39.9874373], [116.3284188, 39.9874538], [116.3284738, 39.9875144], [116.3284859, 39.9875791], [116.3284577, 39.9876284], [116.328388, 39.9876675], [116.328333, 39.9877589], [116.3283223, 39.9877836], [116.3282552, 39.9878062], [116.3281962, 39.9878524], [116.3281748, 39.9879295], [116.3281707, 39.9880395], [116.3281667, 39.9880836], [116.3276906, 39.9880816], [116.3277188, 39.9873979]]}}, {"type": "Feature", "properties": {"highway": "footway", "name": "", "bridge": "", "tunnel": "", "layer": "", "source": "osm"}, "geometry": {"type": "LineString", "coordinates": [[116.3277617, 39.9873983], [116.328164, 39.9874014], [116.3282002, 39.9873859], [116.3281976, 39.9872493], [116.328219, 39.9871424], [116.3282995, 39.9870068], [116.3283746, 39.986941], [116.3284376, 39.9868722], [116.3285597, 39.9868783], [116.328671, 39.9868598], [116.3288319, 39.9868023], [116.3289861, 39.9867252], [116.3290867, 39.9866841], [116.3291833, 39.9867016], [116.3292772, 39.9867006], [116.3293469, 39.9867242], [116.3295025, 39.9867982], [116.3295615, 39.9868568]]}}, {"type": "Feature", "properties": {"highway": "footway", "name": "", "bridge": "", "tunnel": "", "layer": "", "source": "osm"}, "geometry": {"type": "LineString", "coordinates": [[116.3284376, 39.9868722], [116.3284256, 39.9868044], [116.3283665, 39.9867417], [116.3282713, 39.98668], [116.328207, 39.9865814], [116.3282029, 39.9865125], [116.3282257, 39.9864509], [116.328278, 39.9864005], [116.3283075, 39.9863379], [116.3283518, 39.9862443], [116.3284312, 39.9861757]]}}, {"type": "Feature", "properties": {"highway": "service", "name": "", "bridge": "", "tunnel": "", "layer": "", "source": "osm"}, "geometry": {"type": "LineString", "coordinates": [[116.3274239, 39.9871075], [116.3274197, 39.9872328], [116.3279882, 39.9872482], [116.3279937, 39.9871232]]}}, {"type": "Feature", "properties": {"highway": "service", "name": "", "bridge": "", "tunnel": "", "layer": "", "source": "osm"}, "geometry": {"type": "LineString", "coordinates": [[116.3270574, 39.9868035], [116.3271685, 39.9868135], [116.3272372, 39.9868136], [116.3273364, 39.9868167]]}}, {"type": "Feature", "properties": {"highway": "service", "name": "", "bridge": "", "tunnel": "", "layer": "", "source": "osm"}, "geometry": {"type": "LineString", "coordinates": [[116.3279646, 39.9862487], [116.3279674, 39.9862249], [116.3279725, 39.9861554]]}}, {"type": "Feature", "properties": {"highway": "service", "name": "", "bridge": "", "tunnel": "", "layer": "", "source": "osm"}, "geometry": {"type": "LineString", "coordinates": [[116.3273229, 39.9871047], [116.3273364, 39.9868167], [116.3273638, 39.9862321], [116.3279646, 39.9862487], [116.3280346, 39.9862506], [116.3279937, 39.9871232], [116.3274239, 39.9871075], [116.3273229, 39.9871047]]}}, {"type": "Feature", "properties": {"highway": "residential", "name": "", "bridge": "", "tunnel": "", "layer": "", "source": "osm"}, "geometry": {"type": "LineString", "coordinates": [[116.3273145, 39.988395], [116.3282391, 39.9884279], [116.328392, 39.9884171], [116.3284952, 39.9883678], [116.3285583, 39.9882875], [116.328575, 39.9882661], [116.3287007, 39.988175]]}}, {"type": "Feature", "properties": {"highway": "service", "name": "", "bridge": "", "tunnel": "", "layer": "", "source": "osm"}, "geometry": {"type": "LineString", "coordinates": [[116.3269828, 39.9883847], [116.3270932, 39.9883879], [116.3271634, 39.9883898], [116.3273145, 39.988395], [116.3273406, 39.9873944]]}}, {"type": "Feature", "properties": {"highway": "service", "name": "", "bridge": "", "tunnel": "", "layer": "", "source": "osm"}, "geometry": {"type": "LineString", "coordinates": [[116.328575, 39.9882661], [116.3285181, 39.9881771], [116.328498, 39.9880744]]}}, {"type": "Feature", "properties": {"highway": "service", "name": "", "bridge": "", "tunnel": "", "layer": "", "source": "osm"}, "geometry": {"type": "LineString", "coordinates": [[116.3301938, 39.9875228], [116.3301408, 39.9874353], [116.3301247, 39.9873572], [116.3301167, 39.9872308]]}}, {"type": "Feature", "properties": {"highway": "service", "name": "", "bridge": "", "tunnel": "", "layer": "", "source": "osm"}, "geometry": {"type": "LineString", "coordinates": [[116.3284312, 39.9861757], [116.3284175, 39.9862464], [116.3283639, 39.9863594], [116.3283303, 39.9864468]]}}, {"type": "Feature", "properties": {"highway": "footway", "name": "", "bridge": "", "tunnel": "", "layer": "", "source": "osm"}, "geometry": {"type": "LineString", "coordinates": [[116.3271344, 39.9873907], [116.3272024, 39.9873931], [116.3273406, 39.9873944], [116.3273768, 39.9873947], [116.3277188, 39.9873979], [116.3277617, 39.9873983]]}}, {"type": "Feature", "properties": {"highway": "footway", "name": "", "bridge": "yes", "tunnel": "", "layer": "1", "source": "osm"}, "geometry": {"type": "LineString", "coordinates": [[116.328857, 39.9868622], [116.3289379, 39.9869765]]}}, {"type": "Feature", "properties": {"highway": "footway", "name": "", "bridge": "", "tunnel": "", "layer": "", "source": "osm"}, "geometry": {"type": "LineString", "coordinates": [[116.3289379, 39.9869765], [116.3290021, 39.9870261]]}}, {"type": "Feature", "properties": {"highway": "footway", "name": "", "bridge": "", "tunnel": "", "layer": "", "source": "osm"}, "geometry": {"type": "LineString", "coordinates": [[116.3288319, 39.9868023], [116.328857, 39.9868622]]}}, {"type": "Feature", "properties": {"highway": "footway", "name": "", "bridge": "", "tunnel": "", "layer": "", "source": "osm"}, "geometry": {"type": "LineString", "coordinates": [[116.3290368, 39.9871211], [116.3291337, 39.98709], [116.3292188, 39.9870849]]}}, {"type": "Feature", "properties": {"highway": "footway", "name": "", "bridge": "", "tunnel": "", "layer": "", "source": "osm"}, "geometry": {"type": "LineString", "coordinates": [[116.3292457, 39.9874792], [116.3291953, 39.9873644], [116.3291323, 39.987312], [116.3290586, 39.9872277], [116.3290505, 39.9871486], [116.3290368, 39.9871211], [116.3290009, 39.9870489], [116.3290021, 39.9870261]]}}, {"type": "Feature", "properties": {"highway": "footway", "name": "", "bridge": "", "tunnel": "", "layer": "", "source": "osm"}, "geometry": {"type": "LineString", "coordinates": [[116.3288815, 39.9875976], [116.3288306, 39.9875185], [116.3288063, 39.987438]]}}, {"type": "Feature", "properties": {"highway": "footway", "name": "", "bridge": "", "tunnel": "", "layer": "", "source": "osm"}, "geometry": {"type": "LineString", "coordinates": [[116.329736, 39.9871725], [116.3301864, 39.9871784], [116.3302079, 39.9870058], [116.3301794, 39.9870053]]}}, {"type": "Feature", "properties": {"highway": "footway", "name": "", "bridge": "", "tunnel": "", "layer": "", "source": "osm"}, "geometry": {"type": "LineString", "coordinates": [[116.3272881, 39.9862024], [116.32735, 39.9862022], [116.3279674, 39.9862249], [116.3283518, 39.9862443], [116.3284175, 39.9862464], [116.3288373, 39.98627], [116.3297331, 39.9863851], [116.3302284, 39.9864425], [116.3302798, 39.9864766], [116.3303097, 39.9865187], [116.3302939, 39.9866022], [116.3302892, 39.9867656]]}}, {"type": "Feature", "properties": {"highway": "steps", "name": "", "bridge": "", "tunnel": "", "layer": "", "source": "osm"}, "geometry": {"type": "LineString", "coordinates": [[116.3101565, 39.981057], [116.3101667, 39.9808801]]}}, {"type": "Feature", "properties": {"highway": "primary", "name": "中关村大街", "bridge": "", "tunnel": "", "layer": "", "source": "osm"}, "geometry": {"type": "LineString", "coordinates": [[116.3104766, 39.9826609], [116.310469, 39.9827583], [116.3103279, 39.9834506], [116.3103165, 39.9837578], [116.3103026, 39.983938]]}}, {"type": "Feature", "properties": {"highway": "footway", "name": "", "bridge": "", "tunnel": "", "layer": "", "source": "osm"}, "geometry": {"type": "LineString", "coordinates": [[116.3102321, 39.9805052], [116.3102657, 39.9805062], [116.3103381, 39.9805083], [116.310389, 39.9805098]]}}, {"type": "Feature", "properties": {"highway": "tertiary", "name": "", "bridge": "", "tunnel": "", "layer": "", "source": "osm"}, "geometry": {"type": "LineString", "coordinates": [[116.3102965, 39.9807313], [116.3103273, 39.9806604], [116.3103381, 39.9805083], [116.3103957, 39.9796965], [116.3104877, 39.9795387], [116.310528, 39.9794696]]}}, {"type": "Feature", "properties": {"highway": "cycleway", "name": "", "bridge": "", "tunnel": "", "layer": "", "source": "osm"}, "geometry": {"type": "LineString", "coordinates": [[116.3102965, 39.9807313], [116.3102563, 39.9806604], [116.3102657, 39.9805062], [116.3103153, 39.9796944], [116.3104399, 39.9795371], [116.3104942, 39.9794685]]}}, {"type": "Feature", "properties": {"highway": "footway", "name": "", "bridge": "", "tunnel": "", "layer": "", "source": "osm"}, "geometry": {"type": "LineString", "coordinates": [[116.3063161, 39.9852445], [116.306318, 39.9852086], [116.3063195, 39.9851819], [116.3063221, 39.9851336]]}}, {"type": "Feature", "properties": {"highway": "footway", "name": "", "bridge": "yes", "tunnel": "", "layer": "1", "source": "osm"}, "geometry": {"type": "LineString", "coordinates": [[116.3101124, 39.9818229], [116.3101336, 39.9814158], [116.3101565, 39.981057]]}}, {"type": "Feature", "properties": {"highway": "service", "name": "", "bridge": "", "tunnel": "", "layer": "", "source": "osm"}, "geometry": {"type": "LineString", "coordinates": [[116.3157722, 39.9981409], [116.3173193, 39.998213], [116.3175145, 39.9981745], [116.3176192, 39.9982694], [116.3176765, 39.9984162]]}}, {"type": "Feature", "properties": {"highway": "footway", "name": "", "bridge": "", "tunnel": "", "layer": "", "source": "osm"}, "geometry": {"type": "LineString", "coordinates": [[116.3103309, 39.9776837], [116.3104624, 39.9776839], [116.3105151, 39.977684], [116.3106003, 39.9776841], [116.3109303, 39.9776846], [116.3110717, 39.9776848], [116.3111125, 39.9776849], [116.3111582, 39.9776849]]}}, {"type": "Feature", "properties": {"highway": "footway", "name": "", "bridge": "", "tunnel": "", "layer": "", "source": "osm"}, "geometry": {"type": "LineString", "coordinates": [[116.3102591, 39.9776617], [116.3102466, 39.9775266], [116.310235, 39.9774008], [116.3102319, 39.9773679]]}}, {"type": "Feature", "properties": {"highway": "footway", "name": "", "bridge": "", "tunnel": "", "layer": "", "source": "osm"}, "geometry": {"type": "LineString", "coordinates": [[116.3103852, 39.9773643], [116.3104603, 39.9773779], [116.3105862, 39.977376], [116.3109574, 39.9773904], [116.3111014, 39.977397], [116.311163, 39.9773998]]}}, {"type": "Feature", "properties": {"highway": "footway", "name": "", "bridge": "", "tunnel": "", "layer": "", "source": "osm"}, "geometry": {"type": "LineString", "coordinates": [[116.3065919, 39.9780315], [116.3067295, 39.9777339], [116.3068077, 39.9776326], [116.3069129, 39.9775706], [116.3070234, 39.9775334], [116.3076153, 39.9775435], [116.3084998, 39.9775815], [116.3090245, 39.9776041], [116.3092283, 39.9776136], [116.3097662, 39.9776387], [116.3099231, 39.977646], [116.31004, 39.9776515], [116.3102591, 39.9776617], [116.3103058, 39.977676], [116.3103309, 39.9776837], [116.3103693, 39.9777302], [116.3103897, 39.9778794], [116.3104191, 39.9780937], [116.3104236, 39.9781267], [116.3104285, 39.9783836], [116.3104332, 39.9786322], [116.31043, 39.9789283], [116.3104268, 39.9789614], [116.3104523, 39.9790727]]}}, {"type": "Feature", "properties": {"highway": "footway", "name": "", "bridge": "", "tunnel": "", "layer": "", "source": "osm"}, "geometry": {"type": "LineString", "coordinates": [[116.3105887, 39.9764848], [116.3105649, 39.9765274], [116.3105434, 39.9765767], [116.3105072, 39.9766945], [116.3104764, 39.9767946], [116.3104457, 39.9769867], [116.3104442, 39.976996], [116.3103975, 39.9772606], [116.3103852, 39.9773643], [116.3102319, 39.9773679], [116.3082479, 39.9772896], [116.3079391, 39.9773057], [116.3077975, 39.9773164], [116.3067681, 39.9773062], [116.3065299, 39.9773164], [116.305641, 39.9773908], [116.305211, 39.9774466], [116.3051328, 39.977395], [116.3051409, 39.9771986]]}}, {"type": "Feature", "properties": {"highway": "footway", "name": "", "bridge": "", "tunnel": "", "layer": "", "source": "osm"}, "geometry": {"type": "LineString", "coordinates": [[116.3050929, 39.9780348], [116.3050865, 39.9777666], [116.3051379, 39.9777026], [116.3065415, 39.9775598], [116.3065832, 39.977614], [116.306413, 39.977993]]}}, {"type": "Feature", "properties": {"highway": "tertiary", "name": "中关村大街", "bridge": "", "tunnel": "", "layer": "", "source": "osm"}, "geometry": {"type": "LineString", "coordinates": [[116.3104688, 39.9774099], [116.3104603, 39.9773779], [116.3104472, 39.9773288], [116.3105423, 39.9770017], [116.3106304, 39.9766987], [116.3107985, 39.9761171]]}}, {"type": "Feature", "properties": {"highway": "tertiary_link", "name": "", "bridge": "", "tunnel": "", "layer": "", "source": "osm"}, "geometry": {"type": "LineString", "coordinates": [[116.3107985, 39.9761171], [116.3109608, 39.9759726]]}}, {"type": "Feature", "properties": {"highway": "cycleway", "name": "", "bridge": "", "tunnel": "", "layer": "", "source": "osm"}, "geometry": {"type": "LineString", "coordinates": [[116.3104942, 39.9794685], [116.310539, 39.9788292], [116.3105375, 39.9786572], [116.3105319, 39.9784732], [116.3105263, 39.9782584], [116.3104626, 39.9777217], [116.3104624, 39.9776839], [116.3104616, 39.9775303], [116.3104688, 39.9774099]]}}, {"type": "Feature", "properties": {"highway": "service", "name": "榆槐巷", "bridge": "", "tunnel": "", "layer": "", "source": "osm"}, "geometry": {"type": "LineString", "coordinates": [[116.3192699, 39.9706442], [116.3203967, 39.9706691]]}}, {"type": "Feature", "properties": {"highway": "service", "name": "", "bridge": "", "tunnel": "", "layer": "", "source": "osm"}, "geometry": {"type": "LineString", "coordinates": [[116.3203819, 39.9713663], [116.3203885, 39.9710556], [116.3203904, 39.9709671], [116.3203967, 39.9706691], [116.3204022, 39.9703333], [116.3204068, 39.9700585]]}}, {"type": "Feature", "properties": {"highway": "service", "name": "", "bridge": "", "tunnel": "", "layer": "", "source": "osm"}, "geometry": {"type": "LineString", "coordinates": [[116.3203967, 39.9706691], [116.321185, 39.9707059]]}}, {"type": "Feature", "properties": {"highway": "service", "name": "", "bridge": "", "tunnel": "", "layer": "", "source": "osm"}, "geometry": {"type": "LineString", "coordinates": [[116.3203885, 39.9710556], [116.3211227, 39.9710738]]}}, {"type": "Feature", "properties": {"highway": "service", "name": "", "bridge": "", "tunnel": "", "layer": "", "source": "osm"}, "geometry": {"type": "LineString", "coordinates": [[116.3203904, 39.9709671], [116.3194062, 39.9709473]]}}, {"type": "Feature", "properties": {"highway": "service", "name": "", "bridge": "", "tunnel": "", "layer": "", "source": "osm"}, "geometry": {"type": "LineString", "coordinates": [[116.3204022, 39.9703333], [116.3211613, 39.9703584]]}}, {"type": "Feature", "properties": {"highway": "service", "name": "", "bridge": "", "tunnel": "", "layer": "", "source": "osm"}, "geometry": {"type": "LineString", "coordinates": [[116.3204068, 39.9700585], [116.3211702, 39.9700836]]}}, {"type": "Feature", "properties": {"highway": "footway", "name": "", "bridge": "", "tunnel": "", "layer": "", "source": "osm"}, "geometry": {"type": "LineString", "coordinates": [[116.3143771, 39.9934171], [116.3131793, 39.9933935], [116.3131293, 39.993677], [116.3125561, 39.9936661]]}}, {"type": "Feature", "properties": {"highway": "secondary", "name": "中关村东路", "bridge": "", "tunnel": "", "layer": "", "source": "osm"}, "geometry": {"type": "LineString", "coordinates": [[116.3266943, 39.993363], [116.3266928, 39.9934882], [116.326694, 39.9938111], [116.3266948, 39.9939492]]}}, {"type": "Feature", "properties": {"highway": "footway", "name": "", "bridge": "", "tunnel": "", "layer": "", "source": "osm"}, "geometry": {"type": "LineString", "coordinates": [[116.3241501, 39.9796292], [116.3241462, 39.9796936], [116.3241414, 39.979773]]}}, {"type": "Feature", "properties": {"highway": "pedestrian", "name": "", "bridge": "", "tunnel": "", "layer": "", "source": "osm"}, "geometry": {"type": "LineString", "coordinates": [[116.3283266, 39.9933459], [116.3289743, 39.9933657]]}}, {"type": "Feature", "properties": {"highway": "footway", "name": "", "bridge": "", "tunnel": "", "layer": "", "source": "osm"}, "geometry": {"type": "LineString", "coordinates": [[116.3283521, 39.9927936], [116.3284644, 39.9927975], [116.3287123, 39.9928048], [116.3287311, 39.9928064], [116.3287469, 39.992591], [116.3288663, 39.9925954], [116.3289071, 39.9918984]]}}, {"type": "Feature", "properties": {"highway": "footway", "name": "", "bridge": "", "tunnel": "", "layer": "", "source": "osm"}, "geometry": {"type": "LineString", "coordinates": [[116.3287311, 39.9928064], [116.3288006, 39.9927818], [116.3289039, 39.9927853], [116.3288983, 39.9929263], [116.3287258, 39.9929244], [116.3287311, 39.9928064]]}}, {"type": "Feature", "properties": {"highway": "footway", "name": "", "bridge": "", "tunnel": "", "layer": "", "source": "osm"}, "geometry": {"type": "LineString", "coordinates": [[116.3281691, 39.9916462], [116.3281246, 39.9917435], [116.3280612, 39.991742], [116.3276635, 39.991743], [116.3271791, 39.992089], [116.3270716, 39.9923404], [116.3269701, 39.9924499]]}}, {"type": "Feature", "properties": {"highway": "service", "name": "", "bridge": "", "tunnel": "", "layer": "", "source": "osm"}, "geometry": {"type": "LineString", "coordinates": [[116.3282918, 39.9915074], [116.3282536, 39.9915901], [116.3282187, 39.9916478], [116.3281491, 39.9917845], [116.3280613, 39.991831]]}}, {"type": "Feature", "properties": {"highway": "footway", "name": "", "bridge": "", "tunnel": "", "layer": "", "source": "osm"}, "geometry": {"type": "LineString", "coordinates": [[116.3283555, 39.9927207], [116.3278336, 39.9927038], [116.3277439, 39.9927628], [116.3276124, 39.9927665], [116.3275895, 39.9928642], [116.3275291, 39.9929039], [116.3275192, 39.9930635], [116.3270848, 39.9931875], [116.3270829, 39.993458], [116.327072, 39.9937161]]}}, {"type": "Feature", "properties": {"highway": "cycleway", "name": "", "bridge": "", "tunnel": "", "layer": "", "source": "osm"}, "geometry": {"type": "LineString", "coordinates": [[116.3253287, 39.9944444], [116.325315, 39.9948422]]}}, {"type": "Feature", "properties": {"highway": "service", "name": "", "bridge": "", "tunnel": "", "layer": "", "source": "osm"}, "geometry": {"type": "LineString", "coordinates": [[116.3253287, 39.9944444], [116.3253314, 39.9943841], [116.3253405, 39.994177]]}}, {"type": "Feature", "properties": {"highway": "footway", "name": "", "bridge": "", "tunnel": "", "layer": "", "source": "osm"}, "geometry": {"type": "LineString", "coordinates": [[116.3311383, 39.9932047], [116.3311772, 39.9933967], [116.3311906, 39.9936269], [116.3311883, 39.9936653], [116.3311608, 39.9941304], [116.3311477, 39.9943522], [116.3310807, 39.9958646], [116.3310109, 39.9970256], [116.3309911, 39.9972105], [116.3309702, 39.9972604], [116.3309002, 39.9972399], [116.3294553, 39.9961317], [116.3293317, 39.9960309], [116.3289515, 39.9957167], [116.3284888, 39.9953226], [116.3283988, 39.9952412], [116.3282637, 39.9951449], [116.3279457, 39.9948933], [116.3279249, 39.9948768]]}}, {"type": "Feature", "properties": {"highway": "footway", "name": "", "bridge": "", "tunnel": "", "layer": "", "source": "osm"}, "geometry": {"type": "LineString", "coordinates": [[116.3279249, 39.9948768], [116.3278303, 39.9948009], [116.3277531, 39.994739]]}}, {"type": "Feature", "properties": {"highway": "footway", "name": "", "bridge": "", "tunnel": "", "layer": "", "source": "osm"}, "geometry": {"type": "LineString", "coordinates": [[116.330962, 39.9973754], [116.3309702, 39.9972604], [116.3310263, 39.9973149], [116.3311372, 39.9974225], [116.3311741, 39.9974583], [116.3312464, 39.9975285]]}}, {"type": "Feature", "properties": {"highway": "service", "name": "", "bridge": "", "tunnel": "", "layer": "", "source": "osm"}, "geometry": {"type": "LineString", "coordinates": [[116.3309125, 39.9868143], [116.3312197, 39.9868263], [116.3313998, 39.986823], [116.3315389, 39.9868204]]}}, {"type": "Feature", "properties": {"highway": "service", "name": "", "bridge": "", "tunnel": "", "layer": "", "source": "osm"}, "geometry": {"type": "LineString", "coordinates": [[116.3281877, 39.9898346], [116.3282906, 39.9898368], [116.328425, 39.9898392]]}}, {"type": "Feature", "properties": {"highway": "footway", "name": "", "bridge": "", "tunnel": "", "layer": "", "source": "osm"}, "geometry": {"type": "LineString", "coordinates": [[116.3306257, 39.9916773], [116.3306293, 39.9915701], [116.3306322, 39.9914816], [116.3306346, 39.9914117], [116.3306372, 39.9913313]]}}, {"type": "Feature", "properties": {"highway": "footway", "name": "", "bridge": "", "tunnel": "", "layer": "", "source": "osm"}, "geometry": {"type": "LineString", "coordinates": [[116.3306372, 39.9913313], [116.3308427, 39.9913526], [116.3309231, 39.9913609]]}}, {"type": "Feature", "properties": {"highway": "footway", "name": "", "bridge": "", "tunnel": "", "layer": "", "source": "osm"}, "geometry": {"type": "LineString", "coordinates": [[116.3309231, 39.9913609], [116.3309292, 39.99142], [116.3309366, 39.9914918], [116.3309458, 39.9915799], [116.3309541, 39.9916608], [116.3309592, 39.9917097]]}}, {"type": "Feature", "properties": {"highway": "footway", "name": "", "bridge": "", "tunnel": "", "layer": "", "source": "osm"}, "geometry": {"type": "LineString", "coordinates": [[116.3306415, 39.9916881], [116.3307802, 39.9917036], [116.3308817, 39.9917149], [116.3309024, 39.9917172], [116.3309405, 39.9917215]]}}, {"type": "Feature", "properties": {"highway": "service", "name": "", "bridge": "", "tunnel": "", "layer": "", "source": "osm"}, "geometry": {"type": "LineString", "coordinates": [[116.3337825, 39.9980956], [116.3336642, 39.9980936], [116.3336003, 39.9980943], [116.3334147, 39.9980865]]}}, {"type": "Feature", "properties": {"highway": "footway", "name": "", "bridge": "", "tunnel": "", "layer": "", "source": "osm"}, "geometry": {"type": "LineString", "coordinates": [[116.3002108, 39.9946248], [116.3001794, 39.9947048], [116.2994975, 39.9947231], [116.2994322, 39.9947381]]}}, {"type": "Feature", "properties": {"highway": "footway", "name": "", "bridge": "", "tunnel": "", "layer": "", "source": "osm"}, "geometry": {"type": "LineString", "coordinates": [[116.3047401, 39.9957625], [116.3054503, 39.9958321], [116.3058585, 39.9958721]]}}, {"type": "Feature", "properties": {"highway": "path", "name": "", "bridge": "", "tunnel": "", "layer": "", "source": "osm"}, "geometry": {"type": "LineString", "coordinates": [[116.3078522, 39.9917029], [116.3078495, 39.9917789], [116.3078459, 39.9918802], [116.3078419, 39.9923765], [116.3080229, 39.9924243]]}}, {"type": "Feature", "properties": {"highway": "path", "name": "", "bridge": "", "tunnel": "", "layer": "", "source": "osm"}, "geometry": {"type": "LineString", "coordinates": [[116.3078459, 39.9918802], [116.3080125, 39.9919804], [116.3081654, 39.9919906]]}}, {"type": "Feature", "properties": {"highway": "footway", "name": "", "bridge": "", "tunnel": "", "layer": "", "source": "osm"}, "geometry": {"type": "LineString", "coordinates": [[116.3089602, 39.9887767], [116.3089951, 39.9880698], [116.3086159, 39.9880569], [116.3082344, 39.9880439]]}}, {"type": "Feature", "properties": {"highway": "footway", "name": "", "bridge": "", "tunnel": "", "layer": "", "source": "osm"}, "geometry": {"type": "LineString", "coordinates": [[116.3086159, 39.9880569], [116.3086481, 39.987379], [116.3086515, 39.9873064], [116.3083032, 39.9872941]]}}, {"type": "Feature", "properties": {"highway": "steps", "name": "北京大学家园食堂楼梯", "bridge": "", "tunnel": "", "layer": "", "source": "osm"}, "geometry": {"type": "LineString", "coordinates": [[116.3013629, 39.987407], [116.3013607, 39.9874582]]}}, {"type": "Feature", "properties": {"highway": "service", "name": "", "bridge": "", "tunnel": "", "layer": "", "source": "osm"}, "geometry": {"type": "LineString", "coordinates": [[116.2995454, 39.9913275], [116.2995752, 39.9908082]]}}, {"type": "Feature", "properties": {"highway": "path", "name": "", "bridge": "", "tunnel": "", "layer": "", "source": "osm"}, "geometry": {"type": "LineString", "coordinates": [[116.296896, 39.9927586], [116.2974316, 39.9927935], [116.2974367, 39.9927667], [116.2975002, 39.9924307], [116.2973623, 39.9924208], [116.2969564, 39.9923917]]}}, {"type": "Feature", "properties": {"highway": "footway", "name": "", "bridge": "", "tunnel": "", "layer": "", "source": "osm"}, "geometry": {"type": "LineString", "coordinates": [[116.2974367, 39.9927667], [116.2975416, 39.9927742]]}}, {"type": "Feature", "properties": {"highway": "service", "name": "", "bridge": "", "tunnel": "", "layer": "", "source": "osm"}, "geometry": {"type": "LineString", "coordinates": [[116.2979713, 39.9933861], [116.2981971, 39.9935631], [116.2981646, 39.9938522], [116.2980851, 39.9938612], [116.2979731, 39.9945567]]}}, {"type": "Feature", "properties": {"highway": "path", "name": "", "bridge": "", "tunnel": "", "layer": "", "source": "osm"}, "geometry": {"type": "LineString", "coordinates": [[116.2982077, 39.9904973], [116.298458, 39.9904514], [116.2985104, 39.9904418]]}}, {"type": "Feature", "properties": {"highway": "footway", "name": "", "bridge": "", "tunnel": "", "layer": "", "source": "osm"}, "geometry": {"type": "LineString", "coordinates": [[116.2982077, 39.9904973], [116.2981219, 39.9904926], [116.2973548, 39.990451]]}}, {"type": "Feature", "properties": {"highway": "footway", "name": "", "bridge": "", "tunnel": "", "layer": "", "source": "osm"}, "geometry": {"type": "LineString", "coordinates": [[116.3276324, 39.998669], [116.3276387, 39.998427], [116.3276423, 39.9982856], [116.3281067, 39.9982975]]}}, {"type": "Feature", "properties": {"highway": "footway", "name": "", "bridge": "", "tunnel": "", "layer": "", "source": "osm"}, "geometry": {"type": "LineString", "coordinates": [[116.3276387, 39.998427], [116.3271701, 39.9984141]]}}, {"type": "Feature", "properties": {"highway": "footway", "name": "", "bridge": "", "tunnel": "", "layer": "", "source": "osm"}, "geometry": {"type": "LineString", "coordinates": [[116.3276423, 39.9982856], [116.3276494, 39.9981376], [116.3271872, 39.9981233]]}}, {"type": "Feature", "properties": {"highway": "cycleway", "name": "", "bridge": "", "tunnel": "building_passage", "layer": "", "source": "osm"}, "geometry": {"type": "LineString", "coordinates": [[116.3291116, 39.9982158], [116.3290963, 39.9987131], [116.3291054, 39.998779]]}}, {"type": "Feature", "properties": {"highway": "cycleway", "name": "", "bridge": "", "tunnel": "", "layer": "", "source": "osm"}, "geometry": {"type": "LineString", "coordinates": [[116.3291307, 39.9979719], [116.3291146, 39.9981197], [116.3291116, 39.9982158]]}}, {"type": "Feature", "properties": {"highway": "cycleway", "name": "", "bridge": "", "tunnel": "", "layer": "", "source": "osm"}, "geometry": {"type": "LineString", "coordinates": [[116.3291054, 39.998779], [116.329122, 39.9988995]]}}, {"type": "Feature", "properties": {"highway": "cycleway", "name": "", "bridge": "", "tunnel": "building_passage", "layer": "", "source": "osm"}, "geometry": {"type": "LineString", "coordinates": [[116.3290306, 39.9987635], [116.3290146, 39.9987017], [116.3290277, 39.9982049]]}}, {"type": "Feature", "properties": {"highway": "cycleway", "name": "", "bridge": "", "tunnel": "", "layer": "", "source": "osm"}, "geometry": {"type": "LineString", "coordinates": [[116.329122, 39.9988995], [116.3290306, 39.9987635]]}}, {"type": "Feature", "properties": {"highway": "cycleway", "name": "", "bridge": "", "tunnel": "", "layer": "", "source": "osm"}, "geometry": {"type": "LineString", "coordinates": [[116.3290277, 39.9982049], [116.3290321, 39.9980799], [116.3291307, 39.9979719]]}}, {"type": "Feature", "properties": {"highway": "footway", "name": "", "bridge": "", "tunnel": "", "layer": "", "source": "osm"}, "geometry": {"type": "LineString", "coordinates": [[116.3281697, 39.9987025], [116.3281974, 39.9980615], [116.3289203, 39.9980774], [116.3290321, 39.9980799]]}}, {"type": "Feature", "properties": {"highway": "service", "name": "", "bridge": "", "tunnel": "", "layer": "", "source": "osm"}, "geometry": {"type": "LineString", "coordinates": [[116.3247317, 39.9951444], [116.3244955, 39.9951372]]}}, {"type": "Feature", "properties": {"highway": "service", "name": "", "bridge": "", "tunnel": "", "layer": "", "source": "osm"}, "geometry": {"type": "LineString", "coordinates": [[116.3236654, 39.9950109], [116.3236607, 39.9951062], [116.3235205, 39.9951041]]}}, {"type": "Feature", "properties": {"highway": "footway", "name": "", "bridge": "", "tunnel": "", "layer": "", "source": "osm"}, "geometry": {"type": "LineString", "coordinates": [[116.3115807, 39.9986137], [116.3116464, 39.9986179], [116.3127843, 39.9986749], [116.3145538, 39.9987376], [116.3157286, 39.9987798]]}}, {"type": "Feature", "properties": {"highway": "footway", "name": "", "bridge": "", "tunnel": "", "layer": "", "source": "osm"}, "geometry": {"type": "LineString", "coordinates": [[116.3092261, 39.9986947], [116.3099898, 39.9987135], [116.3100267, 39.9987149], [116.310041, 39.9986406], [116.3100774, 39.9985769], [116.3101563, 39.9985424], [116.3102471, 39.9985323], [116.3113146, 39.9985971], [116.3113695, 39.9986006]]}}, {"type": "Feature", "properties": {"highway": "footway", "name": "", "bridge": "yes", "tunnel": "", "layer": "1", "source": "osm"}, "geometry": {"type": "LineString", "coordinates": [[116.3113695, 39.9986006], [116.3115807, 39.9986137]]}}, {"type": "Feature", "properties": {"highway": "footway", "name": "", "bridge": "", "tunnel": "", "layer": "", "source": "osm"}, "geometry": {"type": "LineString", "coordinates": [[116.3115961, 39.998517], [116.3116244, 39.9985182], [116.3116577, 39.9985197], [116.3127924, 39.9985667], [116.3157316, 39.9986826]]}}, {"type": "Feature", "properties": {"highway": "footway", "name": "", "bridge": "", "tunnel": "", "layer": "", "source": "osm"}, "geometry": {"type": "LineString", "coordinates": [[116.3092198, 39.9985467], [116.3098324, 39.998563], [116.309916, 39.9984963], [116.3100226, 39.9984498], [116.3102319, 39.9984415], [116.311256, 39.9984998]]}}, {"type": "Feature", "properties": {"highway": "footway", "name": "", "bridge": "yes", "tunnel": "", "layer": "1", "source": "osm"}, "geometry": {"type": "LineString", "coordinates": [[116.311256, 39.9984998], [116.3115961, 39.998517]]}}, {"type": "Feature", "properties": {"highway": "footway", "name": "", "bridge": "", "tunnel": "", "layer": "", "source": "osm"}, "geometry": {"type": "LineString", "coordinates": [[116.3157316, 39.9986826], [116.3161035, 39.998701], [116.3162675, 39.9987351], [116.3165279, 39.99881], [116.3167403, 39.9989002], [116.3169211, 39.9989888], [116.3177615, 39.9994245], [116.3179194, 39.9994897], [116.3181221, 39.9995181], [116.3182817, 39.9995294], [116.3188341, 39.9995637], [116.3190916, 39.999607], [116.3194789, 39.9996549]]}}, {"type": "Feature", "properties": {"highway": "footway", "name": "", "bridge": "", "tunnel": "", "layer": "", "source": "osm"}, "geometry": {"type": "LineString", "coordinates": [[116.3181771, 39.9996451], [116.3179432, 39.9996106], [116.3177726, 39.999545], [116.3166091, 39.9989398], [116.3163931, 39.9988594], [116.3162314, 39.9988332]]}}, {"type": "Feature", "properties": {"highway": "footway", "name": "", "bridge": "", "tunnel": "", "layer": "", "source": "osm"}, "geometry": {"type": "LineString", "coordinates": [[116.3162314, 39.9988332], [116.3160837, 39.9989557], [116.3158192, 39.9989446], [116.3158251, 39.9988332], [116.3157286, 39.9987798]]}}, {"type": "Feature", "properties": {"highway": "service", "name": "", "bridge": "", "tunnel": "", "layer": "", "source": "osm"}, "geometry": {"type": "LineString", "coordinates": [[116.3221767, 39.9982918], [116.3222961, 39.9981962], [116.3224964, 39.9982011]]}}, {"type": "Feature", "properties": {"highway": "service", "name": "", "bridge": "", "tunnel": "", "layer": "", "source": "osm"}, "geometry": {"type": "LineString", "coordinates": [[116.324071, 39.9986168], [116.3242204, 39.9985869]]}}, {"type": "Feature", "properties": {"highway": "footway", "name": "", "bridge": "", "tunnel": "", "layer": "", "source": "osm"}, "geometry": {"type": "LineString", "coordinates": [[116.3220646, 39.9979345], [116.3224087, 39.9979419]]}}, {"type": "Feature", "properties": {"highway": "unclassified", "name": "", "bridge": "", "tunnel": "", "layer": "", "source": "osm"}, "geometry": {"type": "LineString", "coordinates": [[116.3268595, 39.9927583], [116.326856, 39.9928018], [116.3268524, 39.992845], [116.3268186, 39.9935008], [116.3267916, 39.9940259]]}}, {"type": "Feature", "properties": {"highway": "secondary", "name": "中关村东路", "bridge": "", "tunnel": "", "layer": "", "source": "osm"}, "geometry": {"type": "LineString", "coordinates": [[116.3267433, 39.9926037], [116.3267235, 39.99291], [116.3266943, 39.993363]]}}, {"type": "Feature", "properties": {"highway": "secondary_link", "name": "", "bridge": "", "tunnel": "", "layer": "", "source": "osm"}, "geometry": {"type": "LineString", "coordinates": [[116.3267433, 39.9926037], [116.3268595, 39.9927583]]}}, {"type": "Feature", "properties": {"highway": "service", "name": "", "bridge": "", "tunnel": "", "layer": "", "source": "osm"}, "geometry": {"type": "LineString", "coordinates": [[116.3334074, 39.9982376], [116.3333914, 39.9987379], [116.3325127, 39.9987143], [116.3324265, 39.9986863], [116.3323576, 39.9986342], [116.3323185, 39.9985555], [116.3323365, 39.9978874], [116.3323401, 39.9977512], [116.3329024, 39.9977661], [116.3334281, 39.99778]]}}, {"type": "Feature", "properties": {"highway": "service", "name": "", "bridge": "", "tunnel": "", "layer": "", "source": "osm"}, "geometry": {"type": "LineString", "coordinates": [[116.3334326, 39.9976723], [116.3334517, 39.9972617]]}}, {"type": "Feature", "properties": {"highway": "service", "name": "", "bridge": "", "tunnel": "", "layer": "", "source": "osm"}, "geometry": {"type": "LineString", "coordinates": [[116.3323365, 39.9978874], [116.3328973, 39.9979036], [116.333422, 39.9979178]]}}, {"type": "Feature", "properties": {"highway": "service", "name": "", "bridge": "", "tunnel": "", "layer": "", "source": "osm"}, "geometry": {"type": "LineString", "coordinates": [[116.3237637, 39.9926463], [116.3236407, 39.9926437], [116.3232533, 39.9926353], [116.3232507, 39.9923199], [116.3236458, 39.992327], [116.32378, 39.9923295]]}}, {"type": "Feature", "properties": {"highway": "service", "name": "", "bridge": "", "tunnel": "", "layer": "", "source": "osm"}, "geometry": {"type": "LineString", "coordinates": [[116.3232507, 39.9923199], [116.3230319, 39.9923169]]}}, {"type": "Feature", "properties": {"highway": "service", "name": "", "bridge": "", "tunnel": "", "layer": "", "source": "osm"}, "geometry": {"type": "LineString", "coordinates": [[116.3239558, 39.9928643], [116.3239791, 39.9923348], [116.3240004, 39.9918539], [116.3239832, 39.9917789], [116.3239246, 39.9917233], [116.3238122, 39.9917071]]}}, {"type": "Feature", "properties": {"highway": "service", "name": "", "bridge": "", "tunnel": "", "layer": "", "source": "osm"}, "geometry": {"type": "LineString", "coordinates": [[116.3253434, 39.9929057], [116.32536, 39.9923568], [116.3253605, 39.9923404], [116.325373, 39.9919282], [116.3254108, 39.9918368], [116.3254937, 39.9918131], [116.3255798, 39.9918146]]}}, {"type": "Feature", "properties": {"highway": "service", "name": "", "bridge": "", "tunnel": "yes", "layer": "-1", "source": "osm"}, "geometry": {"type": "LineString", "coordinates": [[116.3239791, 39.9923348], [116.3247103, 39.9923464], [116.32536, 39.9923568]]}}, {"type": "Feature", "properties": {"highway": "service", "name": "", "bridge": "", "tunnel": "", "layer": "", "source": "osm"}, "geometry": {"type": "LineString", "coordinates": [[116.32378, 39.9923295], [116.3239791, 39.9923348]]}}, {"type": "Feature", "properties": {"highway": "service", "name": "", "bridge": "", "tunnel": "", "layer": "", "source": "osm"}, "geometry": {"type": "LineString", "coordinates": [[116.32536, 39.9923568], [116.3255667, 39.9923627]]}}, {"type": "Feature", "properties": {"highway": "service", "name": "", "bridge": "", "tunnel": "yes", "layer": "-1", "source": "osm"}, "geometry": {"type": "LineString", "coordinates": [[116.3246966, 39.9928881], [116.3247103, 39.9923464]]}}, {"type": "Feature", "properties": {"highway": "service", "name": "", "bridge": "", "tunnel": "", "layer": "", "source": "osm"}, "geometry": {"type": "LineString", "coordinates": [[116.3239455, 39.9929757], [116.3239558, 39.9928643]]}}, {"type": "Feature", "properties": {"highway": "service", "name": "", "bridge": "", "tunnel": "", "layer": "", "source": "osm"}, "geometry": {"type": "LineString", "coordinates": [[116.3255444, 39.9933193], [116.3252325, 39.9935267]]}}, {"type": "Feature", "properties": {"highway": "footway", "name": "", "bridge": "", "tunnel": "", "layer": "", "source": "osm"}, "geometry": {"type": "LineString", "coordinates": [[116.3245077, 39.9941485], [116.3245247, 39.9939401], [116.3244424, 39.9939315], [116.3243644, 39.9938969], [116.324316, 39.9938474], [116.324287, 39.9937913], [116.324286, 39.9937106], [116.3243125, 39.9936402], [116.3243514, 39.9935741], [116.3244095, 39.9935231], [116.3244953, 39.9934661]]}}, {"type": "Feature", "properties": {"highway": "footway", "name": "", "bridge": "", "tunnel": "", "layer": "", "source": "osm"}, "geometry": {"type": "LineString", "coordinates": [[116.3245247, 39.9939401], [116.3246079, 39.9939347], [116.3247078, 39.9939111], [116.324806, 39.9938707], [116.3248936, 39.9938089], [116.3249497, 39.9937512], [116.3253982, 39.9937668], [116.3254673, 39.9937692]]}}, {"type": "Feature", "properties": {"highway": "footway", "name": "", "bridge": "", "tunnel": "", "layer": "", "source": "osm"}, "geometry": {"type": "LineString", "coordinates": [[116.3249497, 39.9937512], [116.3249905, 39.9936876], [116.3250121, 39.9936234], [116.325028, 39.9935517], [116.3250135, 39.9934852], [116.3249673, 39.9934378], [116.324911, 39.993407], [116.3248449, 39.9933911]]}}, {"type": "Feature", "properties": {"highway": "footway", "name": "", "bridge": "", "tunnel": "", "layer": "", "source": "osm"}, "geometry": {"type": "LineString", "coordinates": [[116.3245247, 39.9939401], [116.3245375, 39.9937928], [116.3246165, 39.9937997], [116.324703, 39.9937854], [116.32482, 39.9937367], [116.3249497, 39.9937512]]}}, {"type": "Feature", "properties": {"highway": "footway", "name": "", "bridge": "", "tunnel": "", "layer": "", "source": "osm"}, "geometry": {"type": "LineString", "coordinates": [[116.32482, 39.9937367], [116.3248846, 39.993684], [116.3249312, 39.9936221], [116.3249433, 39.9935594], [116.3249202, 39.9934945], [116.324835, 39.9934554]]}}, {"type": "Feature", "properties": {"highway": "footway", "name": "", "bridge": "", "tunnel": "", "layer": "", "source": "osm"}, "geometry": {"type": "LineString", "coordinates": [[116.3245375, 39.9937928], [116.3244902, 39.9937543], [116.3244749, 39.9937056], [116.324496, 39.9936347], [116.3245367, 39.9935696], [116.3245879, 39.9935165]]}}, {"type": "Feature", "properties": {"highway": "steps", "name": "", "bridge": "", "tunnel": "", "layer": "", "source": "osm"}, "geometry": {"type": "LineString", "coordinates": [[116.3248449, 39.9933911], [116.3248205, 39.9933102], [116.3247127, 39.993224]]}}, {"type": "Feature", "properties": {"highway": "steps", "name": "", "bridge": "", "tunnel": "", "layer": "", "source": "osm"}, "geometry": {"type": "LineString", "coordinates": [[116.3244953, 39.9934661], [116.3244585, 39.9933586], [116.3244773, 39.9932852], [116.3245327, 39.993221]]}}, {"type": "Feature", "properties": {"highway": "footway", "name": "", "bridge": "", "tunnel": "", "layer": "1", "source": "osm"}, "geometry": {"type": "LineString", "coordinates": [[116.3251029, 39.9932259], [116.3247127, 39.993224], [116.324619, 39.9932225], [116.3245327, 39.993221], [116.3240446, 39.9932125]]}}, {"type": "Feature", "properties": {"highway": "steps", "name": "", "bridge": "", "tunnel": "", "layer": "", "source": "osm"}, "geometry": {"type": "LineString", "coordinates": [[116.3240446, 39.9932125], [116.323743, 39.9932017]]}}, {"type": "Feature", "properties": {"highway": "footway", "name": "", "bridge": "", "tunnel": "", "layer": "1", "source": "osm"}, "geometry": {"type": "LineString", "coordinates": [[116.324619, 39.9932225], [116.324622, 39.9930289]]}}, {"type": "Feature", "properties": {"highway": "footway", "name": "", "bridge": "", "tunnel": "", "layer": "1", "source": "osm"}, "geometry": {"type": "LineString", "coordinates": [[116.3240397, 39.9930108], [116.3245167, 39.9930257], [116.324622, 39.9930289], [116.3247706, 39.9930335], [116.3252187, 39.9930472]]}}, {"type": "Feature", "properties": {"highway": "footway", "name": "", "bridge": "", "tunnel": "", "layer": "1", "source": "osm"}, "geometry": {"type": "LineString", "coordinates": [[116.3247706, 39.9930335], [116.3247869, 39.9923297], [116.3247962, 39.9919266]]}}, {"type": "Feature", "properties": {"highway": "footway", "name": "", "bridge": "", "tunnel": "", "layer": "1", "source": "osm"}, "geometry": {"type": "LineString", "coordinates": [[116.3245479, 39.9919246], [116.3245366, 39.9923247], [116.3245167, 39.9930257]]}}, {"type": "Feature", "properties": {"highway": "footway", "name": "", "bridge": "", "tunnel": "", "layer": "1", "source": "osm"}, "geometry": {"type": "LineString", "coordinates": [[116.3240555, 39.9923155], [116.3245366, 39.9923247], [116.3247869, 39.9923297], [116.325248, 39.9923389]]}}, {"type": "Feature", "properties": {"highway": "steps", "name": "", "bridge": "", "tunnel": "", "layer": "", "source": "osm"}, "geometry": {"type": "LineString", "coordinates": [[116.325248, 39.9923389], [116.3253605, 39.9923404]]}}, {"type": "Feature", "properties": {"highway": "footway", "name": "", "bridge": "", "tunnel": "", "layer": "", "source": "osm"}, "geometry": {"type": "LineString", "coordinates": [[116.3239246, 39.9917233], [116.3240615, 39.9916856], [116.3241663, 39.9916831], [116.3242714, 39.9916614], [116.3244415, 39.9916618], [116.3245536, 39.9916644], [116.3248024, 39.9916702], [116.3248859, 39.9916721], [116.3250001, 39.9916767], [116.3251488, 39.9917104], [116.3252793, 39.9917316], [116.3254715, 39.9917471], [116.3254937, 39.9918131]]}}, {"type": "Feature", "properties": {"highway": "steps", "name": "", "bridge": "", "tunnel": "", "layer": "", "source": "osm"}, "geometry": {"type": "LineString", "coordinates": [[116.3247962, 39.9919266], [116.3248024, 39.9916702]]}}, {"type": "Feature", "properties": {"highway": "steps", "name": "", "bridge": "", "tunnel": "", "layer": "", "source": "osm"}, "geometry": {"type": "LineString", "coordinates": [[116.3245479, 39.9919246], [116.3245536, 39.9916644]]}}, {"type": "Feature", "properties": {"highway": "service", "name": "", "bridge": "", "tunnel": "", "layer": "", "source": "osm"}, "geometry": {"type": "LineString", "coordinates": [[116.3268111, 39.9944958], [116.326754, 39.9944914], [116.3265217, 39.9944736], [116.3264573, 39.9944686]]}}, {"type": "Feature", "properties": {"highway": "footway", "name": "", "bridge": "", "tunnel": "", "layer": "", "source": "osm"}, "geometry": {"type": "LineString", "coordinates": [[116.3262018, 39.992419], [116.3264582, 39.9924271]]}}, {"type": "Feature", "properties": {"highway": "service", "name": "", "bridge": "", "tunnel": "", "layer": "", "source": "osm"}, "geometry": {"type": "LineString", "coordinates": [[116.3289071, 39.9918984], [116.3289678, 39.9918497], [116.3290438, 39.9918043], [116.3292137, 39.9917887], [116.3293115, 39.9918113], [116.329463, 39.9919201], [116.329631, 39.9919256], [116.3300406, 39.9919317]]}}, {"type": "Feature", "properties": {"highway": "service", "name": "", "bridge": "", "tunnel": "", "layer": "", "source": "osm"}, "geometry": {"type": "LineString", "coordinates": [[116.329631, 39.9919256], [116.329614, 39.9922387], [116.3300877, 39.9922511]]}}, {"type": "Feature", "properties": {"highway": "pedestrian", "name": "", "bridge": "", "tunnel": "", "layer": "", "source": "osm"}, "geometry": {"type": "LineString", "coordinates": [[116.3301931, 39.9917427], [116.3303414, 39.9917443], [116.3304557, 39.9917454], [116.3305589, 39.9918318], [116.3306854, 39.9919377], [116.3306744, 39.9923782], [116.3306735, 39.9924134]]}}, {"type": "Feature", "properties": {"highway": "footway", "name": "", "bridge": "", "tunnel": "", "layer": "", "source": "osm"}, "geometry": {"type": "LineString", "coordinates": [[116.3303414, 39.9917443], [116.3303447, 39.9916559]]}}, {"type": "Feature", "properties": {"highway": "footway", "name": "", "bridge": "", "tunnel": "", "layer": "", "source": "osm"}, "geometry": {"type": "LineString", "coordinates": [[116.3305589, 39.9918318], [116.3306723, 39.9917546]]}}, {"type": "Feature", "properties": {"highway": "footway", "name": "", "bridge": "", "tunnel": "", "layer": "", "source": "osm"}, "geometry": {"type": "LineString", "coordinates": [[116.3306744, 39.9923782], [116.3308696, 39.9923393]]}}, {"type": "Feature", "properties": {"highway": "cycleway", "name": "", "bridge": "", "tunnel": "", "layer": "", "source": "osm"}, "geometry": {"type": "LineString", "coordinates": [[116.3272768, 39.9849153], [116.3272681, 39.9849804], [116.3272565, 39.9850679], [116.3272093, 39.9861216], [116.327167, 39.9866699], [116.3271685, 39.9868135], [116.3271344, 39.9873907], [116.3270963, 39.9881325], [116.3270932, 39.9883879], [116.3270511, 39.9902527], [116.3269963, 39.9912204], [116.3269392, 39.9912844]]}}, {"type": "Feature", "properties": {"highway": "unclassified", "name": "", "bridge": "", "tunnel": "", "layer": "", "source": "osm"}, "geometry": {"type": "LineString", "coordinates": [[116.3269379, 39.991366], [116.3269889, 39.991463], [116.3269823, 39.9915535], [116.3269794, 39.9916168], [116.326953, 39.9916963], [116.3269007, 39.99247], [116.3268678, 39.992657], [116.3268595, 39.9927583]]}}, {"type": "Feature", "properties": {"highway": "service", "name": "", "bridge": "", "tunnel": "", "layer": "", "source": "osm"}, "geometry": {"type": "LineString", "coordinates": [[116.2969169, 39.9853243], [116.2970195, 39.9852738], [116.297232, 39.985169], [116.2979822, 39.9848528], [116.2980696, 39.9848309], [116.2982694, 39.9847985], [116.2985958, 39.9848223], [116.298996, 39.9850024], [116.2989432, 39.9854989], [116.2989826, 39.9855847], [116.2990543, 39.9855976], [116.2991681, 39.9856075]]}}, {"type": "Feature", "properties": {"highway": "service", "name": "", "bridge": "", "tunnel": "", "layer": "", "source": "osm"}, "geometry": {"type": "LineString", "coordinates": [[116.2989432, 39.9854989], [116.2988347, 39.9855288], [116.2987179, 39.9855253], [116.2986567, 39.9855014], [116.297924, 39.9854732], [116.2979822, 39.9848528]]}}, {"type": "Feature", "properties": {"highway": "service", "name": "", "bridge": "", "tunnel": "", "layer": "", "source": "osm"}, "geometry": {"type": "LineString", "coordinates": [[116.2980696, 39.9848309], [116.2980765, 39.9847494], [116.2980904, 39.984591], [116.2976375, 39.9843991], [116.2974187, 39.9843906], [116.297055, 39.9845032], [116.2970195, 39.9852738]]}}, {"type": "Feature", "properties": {"highway": "service", "name": "", "bridge": "", "tunnel": "", "layer": "", "source": "osm"}, "geometry": {"type": "LineString", "coordinates": [[116.2974187, 39.9843906], [116.2974112, 39.9841926], [116.2974128, 39.9841436]]}}, {"type": "Feature", "properties": {"highway": "service", "name": "", "bridge": "", "tunnel": "", "layer": "", "source": "osm"}, "geometry": {"type": "LineString", "coordinates": [[116.2964632, 39.9856694], [116.2965944, 39.9856458], [116.2966489, 39.985623], [116.2967126, 39.9855962], [116.2967924, 39.9855461]]}}, {"type": "Feature", "properties": {"highway": "footway", "name": "", "bridge": "", "tunnel": "", "layer": "", "source": "osm"}, "geometry": {"type": "LineString", "coordinates": [[116.3066544, 39.9927329], [116.3066615, 39.9924457], [116.3061867, 39.9924402]]}}, {"type": "Feature", "properties": {"highway": "footway", "name": "", "bridge": "", "tunnel": "", "layer": "", "source": "osm"}, "geometry": {"type": "LineString", "coordinates": [[116.3031062, 39.9879286], [116.3031063, 39.9876997], [116.3035958, 39.9877115]]}}, {"type": "Feature", "properties": {"highway": "footway", "name": "", "bridge": "", "tunnel": "", "layer": "", "source": "osm"}, "geometry": {"type": "LineString", "coordinates": [[116.3065587, 39.9908681], [116.3065971, 39.9908693], [116.306588, 39.9910722], [116.3065866, 39.9911035], [116.3065766, 39.9913251], [116.3065687, 39.9914485], [116.3064931, 39.991482], [116.3063109, 39.991479]]}}, {"type": "Feature", "properties": {"highway": "steps", "name": "", "bridge": "", "tunnel": "", "layer": "", "source": "osm"}, "geometry": {"type": "LineString", "coordinates": [[116.3064497, 39.9908647], [116.3064454, 39.9909702], [116.306509, 39.9910692]]}}, {"type": "Feature", "properties": {"highway": "footway", "name": "", "bridge": "", "tunnel": "", "layer": "", "source": "osm"}, "geometry": {"type": "LineString", "coordinates": [[116.304354, 39.9912987], [116.304341, 39.9914609]]}}, {"type": "Feature", "properties": {"highway": "service", "name": "", "bridge": "", "tunnel": "", "layer": "", "source": "osm"}, "geometry": {"type": "LineString", "coordinates": [[116.2969894, 39.9943582], [116.2970202, 39.9943085], [116.2972825, 39.994306], [116.2973829, 39.9942167], [116.2974153, 39.9940207], [116.2975236, 39.9939333]]}}, {"type": "Feature", "properties": {"highway": "service", "name": "", "bridge": "", "tunnel": "", "layer": "", "source": "osm"}, "geometry": {"type": "LineString", "coordinates": [[116.2946438, 39.9938809], [116.2955725, 39.9938841]]}}, {"type": "Feature", "properties": {"highway": "service", "name": "", "bridge": "", "tunnel": "", "layer": "", "source": "osm"}, "geometry": {"type": "LineString", "coordinates": [[116.295567, 39.9942425], [116.2946526, 39.9942188]]}}, {"type": "Feature", "properties": {"highway": "service", "name": "", "bridge": "", "tunnel": "", "layer": "", "source": "osm"}, "geometry": {"type": "LineString", "coordinates": [[116.2963303, 39.9934158], [116.2960901, 39.9935227], [116.2955827, 39.9935228]]}}, {"type": "Feature", "properties": {"highway": "service", "name": "", "bridge": "", "tunnel": "", "layer": "", "source": "osm"}, "geometry": {"type": "LineString", "coordinates": [[116.2955827, 39.9935228], [116.2951988, 39.9935328], [116.2951944, 39.9936164], [116.2946203, 39.9936179]]}}, {"type": "Feature", "properties": {"highway": "footway", "name": "", "bridge": "", "tunnel": "", "layer": "", "source": "osm"}, "geometry": {"type": "LineString", "coordinates": [[116.2965356, 39.9954308], [116.2965572, 39.9951296]]}}, {"type": "Feature", "properties": {"highway": "service", "name": "", "bridge": "", "tunnel": "", "layer": "", "source": "osm"}, "geometry": {"type": "LineString", "coordinates": [[116.2974949, 39.995461], [116.297515, 39.9951557], [116.2974482, 39.9951558]]}}, {"type": "Feature", "properties": {"highway": "footway", "name": "", "bridge": "", "tunnel": "", "layer": "", "source": "osm"}, "geometry": {"type": "LineString", "coordinates": [[116.2974949, 39.995461], [116.2975508, 39.9956307], [116.2979945, 39.9956257]]}}, {"type": "Feature", "properties": {"highway": "footway", "name": "", "bridge": "", "tunnel": "", "layer": "", "source": "osm"}, "geometry": {"type": "LineString", "coordinates": [[116.2974153, 39.9940207], [116.2967024, 39.993977]]}}, {"type": "Feature", "properties": {"highway": "footway", "name": "", "bridge": "", "tunnel": "", "layer": "", "source": "osm"}, "geometry": {"type": "LineString", "coordinates": [[116.2963958, 39.9938298], [116.296359, 39.9939157], [116.2964262, 39.9940831], [116.2962678, 39.9942652], [116.2964694, 39.9944473], [116.296879, 39.9945359]]}}, {"type": "Feature", "properties": {"highway": "footway", "name": "", "bridge": "", "tunnel": "", "layer": "", "source": "osm"}, "geometry": {"type": "LineString", "coordinates": [[116.2985746, 39.9939387], [116.298491, 39.9941549], [116.2984812, 39.9944031], [116.2986108, 39.9945395], [116.2989433, 39.9945271]]}}, {"type": "Feature", "properties": {"highway": "footway", "name": "", "bridge": "", "tunnel": "", "layer": "", "source": "osm"}, "geometry": {"type": "LineString", "coordinates": [[116.2989433, 39.9945271], [116.2994351, 39.9945243]]}}, {"type": "Feature", "properties": {"highway": "footway", "name": "", "bridge": "", "tunnel": "", "layer": "", "source": "osm"}, "geometry": {"type": "LineString", "coordinates": [[116.2993541, 39.9952394], [116.2994054, 39.9951947], [116.2993912, 39.9951296], [116.2993631, 39.9950808], [116.299358, 39.9950294], [116.2993906, 39.994982], [116.2994405, 39.9949438], [116.2994783, 39.9949109], [116.2994938, 39.9948727], [116.2994852, 39.9948147], [116.2994299, 39.9947964], [116.2990812, 39.9947949], [116.2990021, 39.9947936], [116.2989388, 39.9947877], [116.2988209, 39.9947965], [116.2987349, 39.9948281], [116.2986387, 39.9948966], [116.2985802, 39.9949677], [116.2985149, 39.9950572], [116.2984736, 39.9951073], [116.2984564, 39.99521], [116.2984633, 39.9952996]]}}, {"type": "Feature", "properties": {"highway": "footway", "name": "", "bridge": "yes", "tunnel": "", "layer": "1", "source": "osm"}, "geometry": {"type": "LineString", "coordinates": [[116.2992565, 39.9952836], [116.2992919, 39.9952528], [116.299323, 39.9952461], [116.2993541, 39.9952394]]}}, {"type": "Feature", "properties": {"highway": "footway", "name": "", "bridge": "", "tunnel": "", "layer": "", "source": "osm"}, "geometry": {"type": "LineString", "coordinates": [[116.3024483, 39.995007], [116.3024206, 39.9951314]]}}, {"type": "Feature", "properties": {"highway": "footway", "name": "", "bridge": "yes", "tunnel": "", "layer": "1", "source": "osm"}, "geometry": {"type": "LineString", "coordinates": [[116.3024206, 39.9951314], [116.3023928, 39.9952559]]}}, {"type": "Feature", "properties": {"highway": "footway", "name": "", "bridge": "", "tunnel": "", "layer": "", "source": "osm"}, "geometry": {"type": "LineString", "coordinates": [[116.3023928, 39.9952559], [116.3023758, 39.9953588]]}}, {"type": "Feature", "properties": {"highway": "footway", "name": "", "bridge": "yes", "tunnel": "", "layer": "1", "source": "osm"}, "geometry": {"type": "LineString", "coordinates": [[116.3035993, 39.9961407], [116.3036026, 39.9959694]]}}, {"type": "Feature", "properties": {"highway": "footway", "name": "", "bridge": "", "tunnel": "", "layer": "", "source": "osm"}, "geometry": {"type": "LineString", "coordinates": [[116.3036001, 39.9961909], [116.3035993, 39.9961407]]}}, {"type": "Feature", "properties": {"highway": "footway", "name": "", "bridge": "", "tunnel": "", "layer": "", "source": "osm"}, "geometry": {"type": "LineString", "coordinates": [[116.3036026, 39.9959694], [116.3036141, 39.9959189]]}}, {"type": "Feature", "properties": {"highway": "footway", "name": "", "bridge": "", "tunnel": "", "layer": "", "source": "osm"}, "geometry": {"type": "LineString", "coordinates": [[116.3054503, 39.9958321], [116.3053954, 39.996134], [116.3053883, 39.9961727], [116.3053692, 39.9962778]]}}, {"type": "Feature", "properties": {"highway": "footway", "name": "", "bridge": "", "tunnel": "", "layer": "", "source": "osm"}, "geometry": {"type": "LineString", "coordinates": [[116.3053954, 39.996134], [116.3058188, 39.9961794]]}}, {"type": "Feature", "properties": {"highway": "footway", "name": "", "bridge": "", "tunnel": "", "layer": "", "source": "osm"}, "geometry": {"type": "LineString", "coordinates": [[116.3053883, 39.9961727], [116.3052529, 39.9961571]]}}, {"type": "Feature", "properties": {"highway": "footway", "name": "", "bridge": "", "tunnel": "", "layer": "", "source": "osm"}, "geometry": {"type": "LineString", "coordinates": [[116.3056063, 39.9952175], [116.3055896, 39.9953002]]}}, {"type": "Feature", "properties": {"highway": "footway", "name": "", "bridge": "", "tunnel": "", "layer": "", "source": "osm"}, "geometry": {"type": "LineString", "coordinates": [[116.3056154, 39.9951564], [116.3054555, 39.9951432]]}}, {"type": "Feature", "properties": {"highway": "footway", "name": "", "bridge": "yes", "tunnel": "", "layer": "1", "source": "osm"}, "geometry": {"type": "LineString", "coordinates": [[116.3058585, 39.9958721], [116.3060511, 39.9958909]]}}, {"type": "Feature", "properties": {"highway": "footway", "name": "", "bridge": "", "tunnel": "", "layer": "", "source": "osm"}, "geometry": {"type": "LineString", "coordinates": [[116.3060511, 39.9958909], [116.306155, 39.9959011]]}}, {"type": "Feature", "properties": {"highway": "footway", "name": "", "bridge": "", "tunnel": "", "layer": "", "source": "osm"}, "geometry": {"type": "LineString", "coordinates": [[116.3015116, 39.9915653], [116.3014938, 39.9915604], [116.3014352, 39.9915492], [116.3013827, 39.9915698], [116.3013742, 39.9915984]]}}, {"type": "Feature", "properties": {"highway": "footway", "name": "", "bridge": "", "tunnel": "", "layer": "", "source": "osm"}, "geometry": {"type": "LineString", "coordinates": [[116.3013742, 39.9915984], [116.3013802, 39.9916278], [116.3014144, 39.9916474], [116.3014596, 39.9916493], [116.3014889, 39.9916371], [116.3015133, 39.9916194], [116.3015133, 39.9915993]]}}, {"type": "Feature", "properties": {"highway": "footway", "name": "", "bridge": "", "tunnel": "", "layer": "", "source": "osm"}, "geometry": {"type": "LineString", "coordinates": [[116.3015133, 39.9915993], [116.3016158, 39.9915999], [116.3019273, 39.9916076]]}}, {"type": "Feature", "properties": {"highway": "footway", "name": "", "bridge": "", "tunnel": "", "layer": "", "source": "osm"}, "geometry": {"type": "LineString", "coordinates": [[116.3015133, 39.9915993], [116.3015116, 39.9915653]]}}, {"type": "Feature", "properties": {"highway": "footway", "name": "", "bridge": "", "tunnel": "", "layer": "", "source": "osm"}, "geometry": {"type": "LineString", "coordinates": [[116.3019273, 39.9916076], [116.3024263, 39.991608]]}}, {"type": "Feature", "properties": {"highway": "footway", "name": "", "bridge": "", "tunnel": "", "layer": "", "source": "osm"}, "geometry": {"type": "LineString", "coordinates": [[116.3082328, 39.993713], [116.3080034, 39.9945233], [116.3082258, 39.9945884], [116.3080195, 39.9950761]]}}, {"type": "Feature", "properties": {"highway": "footway", "name": "", "bridge": "", "tunnel": "", "layer": "", "source": "osm"}, "geometry": {"type": "LineString", "coordinates": [[116.3028556, 39.9882687], [116.3032817, 39.988269]]}}, {"type": "Feature", "properties": {"highway": "footway", "name": "", "bridge": "", "tunnel": "", "layer": "", "source": "osm"}, "geometry": {"type": "LineString", "coordinates": [[116.3326797, 39.9811494], [116.3327545, 39.9807016], [116.3328957, 39.9807162], [116.3329801, 39.9807249]]}}, {"type": "Feature", "properties": {"highway": "service", "name": "", "bridge": "", "tunnel": "", "layer": "", "source": "osm"}, "geometry": {"type": "LineString", "coordinates": [[116.2942647, 39.993607], [116.2941117, 39.9936951]]}}, {"type": "Feature", "properties": {"highway": "service", "name": "邱门内大街", "bridge": "", "tunnel": "", "layer": "", "source": "osm"}, "geometry": {"type": "LineString", "coordinates": [[116.3084393, 39.9867412], [116.3089581, 39.9867546], [116.3094805, 39.986768], [116.309506, 39.9867687], [116.3095553, 39.9867679]]}}, {"type": "Feature", "properties": {"highway": "service", "name": "邱门外大街", "bridge": "", "tunnel": "", "layer": "", "source": "osm"}, "geometry": {"type": "LineString", "coordinates": [[116.3095553, 39.9867679], [116.3095869, 39.9867702], [116.3098657, 39.9867699]]}}, {"type": "Feature", "properties": {"highway": "path", "name": "", "bridge": "", "tunnel": "", "layer": "", "source": "osm"}, "geometry": {"type": "LineString", "coordinates": [[116.3094805, 39.986768], [116.3094879, 39.9865741], [116.3095042, 39.9861434], [116.3094876, 39.9861212], [116.3091543, 39.9856757], [116.3090927, 39.9854427], [116.3085539, 39.9854197]]}}, {"type": "Feature", "properties": {"highway": "service", "name": "", "bridge": "", "tunnel": "", "layer": "", "source": "osm"}, "geometry": {"type": "LineString", "coordinates": [[116.3060913, 39.9855746], [116.3063338, 39.985578]]}}, {"type": "Feature", "properties": {"highway": "footway", "name": "", "bridge": "", "tunnel": "", "layer": "", "source": "osm"}, "geometry": {"type": "LineString", "coordinates": [[116.3024563, 39.9882696], [116.3019696, 39.9882682]]}}, {"type": "Feature", "properties": {"highway": "footway", "name": "", "bridge": "", "tunnel": "", "layer": "", "source": "osm"}, "geometry": {"type": "LineString", "coordinates": [[116.3053601, 39.9866329], [116.3048539, 39.9866116], [116.3048459, 39.986824]]}}, {"type": "Feature", "properties": {"highway": "footway", "name": "", "bridge": "", "tunnel": "", "layer": "", "source": "osm"}, "geometry": {"type": "LineString", "coordinates": [[116.3048539, 39.9866116], [116.3048699, 39.9863792]]}}, {"type": "Feature", "properties": {"highway": "footway", "name": "", "bridge": "", "tunnel": "", "layer": "", "source": "osm"}, "geometry": {"type": "LineString", "coordinates": [[116.3048539, 39.9866116], [116.3047368, 39.9866065]]}}, {"type": "Feature", "properties": {"highway": "footway", "name": "", "bridge": "", "tunnel": "", "layer": "", "source": "osm"}, "geometry": {"type": "LineString", "coordinates": [[116.3069936, 39.9927413], [116.3070312, 39.9917768], [116.3070098, 39.9917501], [116.3069454, 39.991746], [116.3063419, 39.9917316]]}}, {"type": "Feature", "properties": {"highway": "footway", "name": "", "bridge": "", "tunnel": "", "layer": "", "source": "osm"}, "geometry": {"type": "LineString", "coordinates": [[116.3071436, 39.9928338], [116.3071868, 39.991783], [116.307219, 39.9917583], [116.3078495, 39.9917789], [116.3088283, 39.9918076], [116.3088417, 39.9918343], [116.30878, 39.9925392]]}}, {"type": "Feature", "properties": {"highway": "footway", "name": "", "bridge": "", "tunnel": "", "layer": "", "source": "osm"}, "geometry": {"type": "LineString", "coordinates": [[116.2981682, 39.9901706], [116.2981219, 39.9904926], [116.2980252, 39.9912433], [116.2968652, 39.9911789], [116.2970291, 39.9896847], [116.2980462, 39.9897491], [116.2981555, 39.9898361], [116.2981219, 39.990171], [116.2981682, 39.9901706]]}}, {"type": "Feature", "properties": {"highway": "residential", "name": "双榆树一街", "bridge": "", "tunnel": "", "layer": "", "source": "osm"}, "geometry": {"type": "LineString", "coordinates": [[116.3180474, 39.9700002], [116.3192917, 39.9700514]]}}, {"type": "Feature", "properties": {"highway": "tertiary", "name": "中关村南四街", "bridge": "", "tunnel": "", "layer": "", "source": "osm"}, "geometry": {"type": "LineString", "coordinates": [[116.3280192, 39.9822849], [116.3281147, 39.9814458]]}}, {"type": "Feature", "properties": {"highway": "footway", "name": "", "bridge": "", "tunnel": "", "layer": "", "source": "osm"}, "geometry": {"type": "LineString", "coordinates": [[116.314588, 39.9677574], [116.3146225, 39.9677631]]}}, {"type": "Feature", "properties": {"highway": "footway", "name": "", "bridge": "", "tunnel": "", "layer": "", "source": "osm"}, "geometry": {"type": "LineString", "coordinates": [[116.3133313, 39.9694553], [116.3134058, 39.9694756], [116.3134198, 39.9694793]]}}, {"type": "Feature", "properties": {"highway": "footway", "name": "", "bridge": "", "tunnel": "", "layer": "", "source": "osm"}, "geometry": {"type": "LineString", "coordinates": [[116.3126945, 39.9723299], [116.3127769, 39.9721965]]}}, {"type": "Feature", "properties": {"highway": "tertiary", "name": "双榆树北路", "bridge": "", "tunnel": "", "layer": "", "source": "osm"}, "geometry": {"type": "LineString", "coordinates": [[116.3130008, 39.971244], [116.3131312, 39.9712631], [116.313193, 39.9712652], [116.3132119, 39.9712658], [116.3132483, 39.9712605], [116.3138189, 39.9712831], [116.3138738, 39.9712911], [116.3140181, 39.9713391]]}}, {"type": "Feature", "properties": {"highway": "tertiary", "name": "双榆树北路", "bridge": "", "tunnel": "", "layer": "", "source": "osm"}, "geometry": {"type": "LineString", "coordinates": [[116.3140181, 39.9713391], [116.3138674, 39.9713678], [116.3138424, 39.9713725], [116.3132409, 39.9713509], [116.3131785, 39.9713231], [116.3131165, 39.9712955], [116.3130008, 39.971244]]}}, {"type": "Feature", "properties": {"highway": "footway", "name": "", "bridge": "", "tunnel": "", "layer": "", "source": "osm"}, "geometry": {"type": "LineString", "coordinates": [[116.3127118, 39.9710488], [116.3127765, 39.9710629], [116.3128988, 39.9710896], [116.3130474, 39.971122], [116.3131735, 39.9711495], [116.3132194, 39.9711595]]}}, {"type": "Feature", "properties": {"highway": "footway", "name": "", "bridge": "", "tunnel": "", "layer": "", "source": "osm"}, "geometry": {"type": "LineString", "coordinates": [[116.3131537, 39.9714223], [116.3131785, 39.9713231], [116.313193, 39.9712652], [116.3132194, 39.9711595], [116.3132228, 39.9711459]]}}, {"type": "Feature", "properties": {"highway": "steps", "name": "", "bridge": "", "tunnel": "", "layer": "1", "source": "osm"}, "geometry": {"type": "LineString", "coordinates": [[116.3138899, 39.967855], [116.3139667, 39.9676455]]}}, {"type": "Feature", "properties": {"highway": "cycleway", "name": "", "bridge": "", "tunnel": "", "layer": "", "source": "osm"}, "geometry": {"type": "LineString", "coordinates": [[116.3189114, 39.9750561], [116.3189115, 39.9749829], [116.3189116, 39.9748875], [116.3189117, 39.9747981], [116.3189118, 39.9747728], [116.318915, 39.974739], [116.3189211, 39.9746742], [116.3189252, 39.9744902], [116.3189972, 39.9743628]]}}, {"type": "Feature", "properties": {"highway": "cycleway", "name": "", "bridge": "", "tunnel": "", "layer": "", "source": "osm"}, "geometry": {"type": "LineString", "coordinates": [[116.3190897, 39.9739651], [116.3191813, 39.9741552], [116.3191706, 39.9747096], [116.3191687, 39.9747656], [116.3191669, 39.9748161], [116.3191642, 39.9748963], [116.3191607, 39.9749956], [116.3191577, 39.9750835]]}}, {"type": "Feature", "properties": {"highway": "footway", "name": "", "bridge": "", "tunnel": "", "layer": "", "source": "osm"}, "geometry": {"type": "LineString", "coordinates": [[116.3191726, 39.9733139], [116.3191267, 39.9733141], [116.319052, 39.9733143], [116.319011, 39.9733145]]}}, {"type": "Feature", "properties": {"highway": "tertiary", "name": "科学院南路", "bridge": "", "tunnel": "", "layer": "", "source": "osm"}, "geometry": {"type": "LineString", "coordinates": [[116.3190708, 39.9748931], [116.3190421, 39.9748073], [116.3190231, 39.9747503], [116.3189949, 39.9746659], [116.3189972, 39.9743628], [116.3189976, 39.9743093], [116.3190084, 39.9741127], [116.3190505, 39.9733428], [116.319052, 39.9733143], [116.3191424, 39.9716628], [116.3192386, 39.9714966]]}}, {"type": "Feature", "properties": {"highway": "service", "name": "", "bridge": "", "tunnel": "", "layer": "", "source": "osm"}, "geometry": {"type": "LineString", "coordinates": [[116.2941117, 39.9936951], [116.2939489, 39.9937471], [116.2939119, 39.9937455], [116.2933218, 39.9937187], [116.2929133, 39.9937002], [116.2923091, 39.9936027], [116.2923797, 39.9930528], [116.2926565, 39.993052], [116.2931225, 39.9930646], [116.2932731, 39.9930696], [116.2932773, 39.9930362], [116.2933012, 39.9930058], [116.2933348, 39.9929754], [116.2933811, 39.9929659], [116.2936241, 39.9929746], [116.2937264, 39.9929909], [116.2937831, 39.9930146], [116.2938581, 39.993039], [116.2938858, 39.9930588], [116.2938989, 39.9930981], [116.2939398, 39.9934357], [116.2939119, 39.9937455]]}}, {"type": "Feature", "properties": {"highway": "footway", "name": "", "bridge": "", "tunnel": "", "layer": "", "source": "osm"}, "geometry": {"type": "LineString", "coordinates": [[116.3066074, 39.9871544], [116.3066224, 39.9871548], [116.3066522, 39.9871556], [116.3066343, 39.9869494]]}}, {"type": "Feature", "properties": {"highway": "footway", "name": "", "bridge": "", "tunnel": "", "layer": "", "source": "osm"}, "geometry": {"type": "LineString", "coordinates": [[116.3064966, 39.9869969], [116.3064978, 39.9869695], [116.3065171, 39.9869703], [116.3065698, 39.9869713], [116.3065371, 39.9869453]]}}, {"type": "Feature", "properties": {"highway": "footway", "name": "", "bridge": "", "tunnel": "", "layer": "", "source": "osm"}, "geometry": {"type": "LineString", "coordinates": [[116.3063338, 39.985578], [116.3067771, 39.9855932], [116.3069279, 39.9855066], [116.3071018, 39.9854744], [116.307325, 39.9854766], [116.3075598, 39.9855366], [116.307712, 39.9856288]]}}, {"type": "Feature", "properties": {"highway": "path", "name": "", "bridge": "", "tunnel": "", "layer": "", "source": "osm"}, "geometry": {"type": "LineString", "coordinates": [[116.3060381, 39.9864178], [116.3061626, 39.9864205]]}}, {"type": "Feature", "properties": {"highway": "footway", "name": "", "bridge": "", "tunnel": "", "layer": "", "source": "osm"}, "geometry": {"type": "LineString", "coordinates": [[116.3063338, 39.985578], [116.3063364, 39.9855158]]}}, {"type": "Feature", "properties": {"highway": "service", "name": "邱门外大街", "bridge": "", "tunnel": "", "layer": "", "source": "osm"}, "geometry": {"type": "LineString", "coordinates": [[116.3098657, 39.9867699], [116.3099724, 39.9867736]]}}, {"type": "Feature", "properties": {"highway": "steps", "name": "", "bridge": "", "tunnel": "", "layer": "1", "source": "osm"}, "geometry": {"type": "LineString", "coordinates": [[116.3089951, 39.9880698], [116.3090079, 39.9879047], [116.3090086, 39.9878961], [116.3090181, 39.9877733]]}}, {"type": "Feature", "properties": {"highway": "footway", "name": "", "bridge": "", "tunnel": "", "layer": "", "source": "osm"}, "geometry": {"type": "LineString", "coordinates": [[116.3072291, 39.9881701], [116.307316, 39.9881735]]}}, {"type": "Feature", "properties": {"highway": "steps", "name": "", "bridge": "", "tunnel": "", "layer": "", "source": "osm"}, "geometry": {"type": "LineString", "coordinates": [[116.307316, 39.9881735], [116.307368, 39.9881755]]}}, {"type": "Feature", "properties": {"highway": "footway", "name": "", "bridge": "", "tunnel": "", "layer": "", "source": "osm"}, "geometry": {"type": "LineString", "coordinates": [[116.3070425, 39.9881629], [116.3072291, 39.9881701]]}}, {"type": "Feature", "properties": {"highway": "steps", "name": "", "bridge": "", "tunnel": "", "layer": "", "source": "osm"}, "geometry": {"type": "LineString", "coordinates": [[116.3069585, 39.9881597], [116.3070425, 39.9881629]]}}, {"type": "Feature", "properties": {"highway": "footway", "name": "", "bridge": "", "tunnel": "", "layer": "", "source": "osm"}, "geometry": {"type": "LineString", "coordinates": [[116.2994787, 39.9863847], [116.2995695, 39.9856471], [116.2995968, 39.9853759], [116.2996194, 39.9852316], [116.2996922, 39.9851347]]}}, {"type": "Feature", "properties": {"highway": "footway", "name": "", "bridge": "", "tunnel": "", "layer": "", "source": "osm"}, "geometry": {"type": "LineString", "coordinates": [[116.3051521, 39.9876439], [116.3051571, 39.9875567]]}}, {"type": "Feature", "properties": {"highway": "steps", "name": "", "bridge": "", "tunnel": "", "layer": "", "source": "osm"}, "geometry": {"type": "LineString", "coordinates": [[116.3051571, 39.9875567], [116.3050491, 39.987554]]}}, {"type": "Feature", "properties": {"highway": "steps", "name": "", "bridge": "", "tunnel": "", "layer": "", "source": "osm"}, "geometry": {"type": "LineString", "coordinates": [[116.3050491, 39.987554], [116.305046, 39.9876031]]}}, {"type": "Feature", "properties": {"highway": "footway", "name": "", "bridge": "", "tunnel": "", "layer": "", "source": "osm"}, "geometry": {"type": "LineString", "coordinates": [[116.3051521, 39.9876439], [116.3051486, 39.9877338]]}}, {"type": "Feature", "properties": {"highway": "path", "name": "", "bridge": "", "tunnel": "", "layer": "", "source": "osm"}, "geometry": {"type": "LineString", "coordinates": [[116.3051395, 39.9880888], [116.3049655, 39.9882484], [116.3049803, 39.9883015], [116.3048231, 39.9884235]]}}, {"type": "Feature", "properties": {"highway": "path", "name": "", "bridge": "", "tunnel": "", "layer": "", "source": "osm"}, "geometry": {"type": "LineString", "coordinates": [[116.3049655, 39.9882484], [116.3048933, 39.9882202], [116.3048034, 39.9882541], [116.3047159, 39.9883234]]}}, {"type": "Feature", "properties": {"highway": "footway", "name": "", "bridge": "", "tunnel": "", "layer": "", "source": "osm"}, "geometry": {"type": "LineString", "coordinates": [[116.3039436, 39.9883759], [116.3040185, 39.9883778]]}}, {"type": "Feature", "properties": {"highway": "footway", "name": "", "bridge": "", "tunnel": "", "layer": "", "source": "osm"}, "geometry": {"type": "LineString", "coordinates": [[116.3048231, 39.9884235], [116.3046763, 39.9885272]]}}, {"type": "Feature", "properties": {"highway": "footway", "name": "", "bridge": "", "tunnel": "", "layer": "", "source": "osm"}, "geometry": {"type": "LineString", "coordinates": [[116.3021116, 39.9865918], [116.3021107, 39.9866156], [116.3021088, 39.9866624]]}}, {"type": "Feature", "properties": {"highway": "footway", "name": "", "bridge": "", "tunnel": "", "layer": "", "source": "osm"}, "geometry": {"type": "LineString", "coordinates": [[116.3017143, 39.9865779], [116.3017117, 39.986653]]}}, {"type": "Feature", "properties": {"highway": "steps", "name": "", "bridge": "", "tunnel": "", "layer": "", "source": "osm"}, "geometry": {"type": "LineString", "coordinates": [[116.3022681, 39.9871988], [116.3022108, 39.9871967]]}}, {"type": "Feature", "properties": {"highway": "steps", "name": "", "bridge": "", "tunnel": "", "layer": "", "source": "osm"}, "geometry": {"type": "LineString", "coordinates": [[116.3022734, 39.9869907], [116.3022181, 39.9869893]]}}, {"type": "Feature", "properties": {"highway": "footway", "name": "", "bridge": "", "tunnel": "", "layer": "", "source": "osm"}, "geometry": {"type": "LineString", "coordinates": [[116.2997233, 39.9848996], [116.2996768, 39.9848422], [116.2997017, 39.9844402], [116.2997853, 39.9843778], [116.2998682, 39.9843532], [116.3020864, 39.9844285], [116.3030026, 39.9843895]]}}, {"type": "Feature", "properties": {"highway": "footway", "name": "", "bridge": "", "tunnel": "", "layer": "", "source": "osm"}, "geometry": {"type": "LineString", "coordinates": [[116.3028457, 39.9857558], [116.303486, 39.9857768], [116.3040319, 39.9857925], [116.3040422, 39.9855932], [116.3035014, 39.9855552], [116.303414, 39.9855341], [116.3028629, 39.9855223], [116.3028546, 39.9856344], [116.3028457, 39.9857558]]}}, {"type": "Feature", "properties": {"highway": "footway", "name": "", "bridge": "", "tunnel": "", "layer": "", "source": "osm"}, "geometry": {"type": "LineString", "coordinates": [[116.3044356, 39.9853474], [116.3047144, 39.9853533], [116.30471, 39.9854608], [116.3048389, 39.9854671]]}}, {"type": "Feature", "properties": {"highway": "footway", "name": "", "bridge": "", "tunnel": "", "layer": "", "source": "osm"}, "geometry": {"type": "LineString", "coordinates": [[116.3073956, 39.9877268], [116.3067897, 39.9877012], [116.3067691, 39.9881524], [116.3067675, 39.9881761], [116.306734, 39.9886826]]}}, {"type": "Feature", "properties": {"highway": "footway", "name": "", "bridge": "", "tunnel": "", "layer": "", "source": "osm"}, "geometry": {"type": "LineString", "coordinates": [[116.3045298, 39.9870883], [116.3045268, 39.9871421]]}}, {"type": "Feature", "properties": {"highway": "steps", "name": "", "bridge": "", "tunnel": "", "layer": "", "source": "osm"}, "geometry": {"type": "LineString", "coordinates": [[116.3045268, 39.9871421], [116.3045248, 39.9871783]]}}, {"type": "Feature", "properties": {"highway": "steps", "name": "", "bridge": "", "tunnel": "", "layer": "", "source": "osm"}, "geometry": {"type": "LineString", "coordinates": [[116.3050309, 39.9888285], [116.3050253, 39.9889176]]}}, {"type": "Feature", "properties": {"highway": "steps", "name": "", "bridge": "", "tunnel": "", "layer": "", "source": "osm"}, "geometry": {"type": "LineString", "coordinates": [[116.3050196, 39.9890252], [116.3050253, 39.9889176]]}}, {"type": "Feature", "properties": {"highway": "footway", "name": "", "bridge": "yes", "tunnel": "", "layer": "1", "source": "osm"}, "geometry": {"type": "LineString", "coordinates": [[116.3050253, 39.9889176], [116.30497, 39.9889162]]}}, {"type": "Feature", "properties": {"highway": "footway", "name": "", "bridge": "", "tunnel": "", "layer": "", "source": "osm"}, "geometry": {"type": "LineString", "coordinates": [[116.3082842, 39.9875005], [116.3083231, 39.9875025], [116.3083927, 39.9874789], [116.3084704, 39.9874454], [116.3085449, 39.9873902], [116.3085805, 39.9873753], [116.3086481, 39.987379]]}}, {"type": "Feature", "properties": {"highway": "service", "name": "", "bridge": "yes", "tunnel": "", "layer": "1", "source": "osm"}, "geometry": {"type": "LineString", "coordinates": [[116.2975236, 39.9939333], [116.2976874, 39.9938048], [116.2977699, 39.9936797]]}}, {"type": "Feature", "properties": {"highway": "service", "name": "", "bridge": "", "tunnel": "", "layer": "", "source": "osm"}, "geometry": {"type": "LineString", "coordinates": [[116.2977699, 39.9936797], [116.2978299, 39.9935889], [116.2978608, 39.9934429]]}}, {"type": "Feature", "properties": {"highway": "service", "name": "", "bridge": "", "tunnel": "", "layer": "", "source": "osm"}, "geometry": {"type": "LineString", "coordinates": [[116.2966277, 39.9951317], [116.2966944, 39.9948331], [116.296879, 39.9945359], [116.2969352, 39.9944454]]}}, {"type": "Feature", "properties": {"highway": "service", "name": "", "bridge": "yes", "tunnel": "", "layer": "1", "source": "osm"}, "geometry": {"type": "LineString", "coordinates": [[116.2969352, 39.9944454], [116.2969894, 39.9943582]]}}, {"type": "Feature", "properties": {"highway": "footway", "name": "", "bridge": "", "tunnel": "", "layer": "", "source": "osm"}, "geometry": {"type": "LineString", "coordinates": [[116.3063755, 39.9903323], [116.3066133, 39.9903423]]}}, {"type": "Feature", "properties": {"highway": "steps", "name": "", "bridge": "", "tunnel": "", "layer": "", "source": "osm"}, "geometry": {"type": "LineString", "coordinates": [[116.3066133, 39.9903423], [116.306726, 39.9903471]]}}, {"type": "Feature", "properties": {"highway": "footway", "name": "", "bridge": "", "tunnel": "", "layer": "", "source": "osm"}, "geometry": {"type": "LineString", "coordinates": [[116.3075238, 39.990735], [116.3075497, 39.9903786], [116.3074808, 39.9903787]]}}, {"type": "Feature", "properties": {"highway": "footway", "name": "", "bridge": "", "tunnel": "", "layer": "", "source": "osm"}, "geometry": {"type": "LineString", "coordinates": [[116.3057518, 39.9902368], [116.3057428, 39.9903547]]}}, {"type": "Feature", "properties": {"highway": "footway", "name": "", "bridge": "", "tunnel": "", "layer": "", "source": "osm"}, "geometry": {"type": "LineString", "coordinates": [[116.3057381, 39.9905174], [116.3057295, 39.9906626]]}}, {"type": "Feature", "properties": {"highway": "steps", "name": "", "bridge": "", "tunnel": "", "layer": "", "source": "osm"}, "geometry": {"type": "LineString", "coordinates": [[116.3064497, 39.9908647], [116.3065587, 39.9908681]]}}, {"type": "Feature", "properties": {"highway": "footway", "name": "", "bridge": "", "tunnel": "", "layer": "", "source": "osm"}, "geometry": {"type": "LineString", "coordinates": [[116.3063453, 39.9908614], [116.3063975, 39.9908631]]}}, {"type": "Feature", "properties": {"highway": "footway", "name": "", "bridge": "", "tunnel": "", "layer": "", "source": "osm"}, "geometry": {"type": "LineString", "coordinates": [[116.3066532, 39.9911048], [116.3065866, 39.9911035]]}}, {"type": "Feature", "properties": {"highway": "footway", "name": "", "bridge": "", "tunnel": "", "layer": "", "source": "osm"}, "geometry": {"type": "LineString", "coordinates": [[116.306509, 39.9910692], [116.306588, 39.9910722]]}}, {"type": "Feature", "properties": {"highway": "steps", "name": "", "bridge": "", "tunnel": "", "layer": "", "source": "osm"}, "geometry": {"type": "LineString", "coordinates": [[116.3063975, 39.9908631], [116.3064236, 39.9908639], [116.3064497, 39.9908647]]}}, {"type": "Feature", "properties": {"highway": "footway", "name": "", "bridge": "", "tunnel": "", "layer": "", "source": "osm"}, "geometry": {"type": "LineString", "coordinates": [[116.3056955, 39.9910331], [116.305685, 39.9912512]]}}, {"type": "Feature", "properties": {"highway": "footway", "name": "", "bridge": "", "tunnel": "", "layer": "", "source": "osm"}, "geometry": {"type": "LineString", "coordinates": [[116.3050748, 39.990637], [116.305011, 39.9906361]]}}, {"type": "Feature", "properties": {"highway": "steps", "name": "", "bridge": "", "tunnel": "", "layer": "", "source": "osm"}, "geometry": {"type": "LineString", "coordinates": [[116.305011, 39.9906361], [116.304946, 39.9906311]]}}, {"type": "Feature", "properties": {"highway": "footway", "name": "", "bridge": "", "tunnel": "", "layer": "", "source": "osm"}, "geometry": {"type": "LineString", "coordinates": [[116.3052168, 39.9906434], [116.3052974, 39.9906472]]}}, {"type": "Feature", "properties": {"highway": "steps", "name": "", "bridge": "", "tunnel": "", "layer": "", "source": "osm"}, "geometry": {"type": "LineString", "coordinates": [[116.3051673, 39.9906416], [116.3052168, 39.9906434]]}}, {"type": "Feature", "properties": {"highway": "steps", "name": "", "bridge": "", "tunnel": "", "layer": "", "source": "osm"}, "geometry": {"type": "LineString", "coordinates": [[116.3043471, 39.9900886], [116.304344, 39.9901422]]}}, {"type": "Feature", "properties": {"highway": "steps", "name": "", "bridge": "", "tunnel": "", "layer": "", "source": "osm"}, "geometry": {"type": "LineString", "coordinates": [[116.3035327, 39.9900419], [116.303531, 39.9900696]]}}, {"type": "Feature", "properties": {"highway": "footway", "name": "", "bridge": "", "tunnel": "", "layer": "", "source": "osm"}, "geometry": {"type": "LineString", "coordinates": [[116.3034684, 39.9900675], [116.3034683, 39.9900491], [116.3030212, 39.9900373]]}}, {"type": "Feature", "properties": {"highway": "footway", "name": "", "bridge": "", "tunnel": "", "layer": "", "source": "osm"}, "geometry": {"type": "LineString", "coordinates": [[116.3022024, 39.9871964], [116.302198, 39.9872687], [116.3022638, 39.9873422], [116.3023424, 39.9873458]]}}, {"type": "Feature", "properties": {"highway": "footway", "name": "", "bridge": "", "tunnel": "", "layer": "", "source": "osm"}, "geometry": {"type": "LineString", "coordinates": [[116.3023481, 39.9872019], [116.3022681, 39.9871988]]}}, {"type": "Feature", "properties": {"highway": "footway", "name": "", "bridge": "", "tunnel": "", "layer": "", "source": "osm"}, "geometry": {"type": "LineString", "coordinates": [[116.3022024, 39.9871964], [116.302166, 39.9871949]]}}, {"type": "Feature", "properties": {"highway": "footway", "name": "", "bridge": "", "tunnel": "", "layer": "", "source": "osm"}, "geometry": {"type": "LineString", "coordinates": [[116.3023564, 39.9869929], [116.3022734, 39.9869907]]}}, {"type": "Feature", "properties": {"highway": "footway", "name": "", "bridge": "", "tunnel": "", "layer": "", "source": "osm"}, "geometry": {"type": "LineString", "coordinates": [[116.3022181, 39.9869893], [116.3022085, 39.9869889], [116.3021744, 39.9869881]]}}, {"type": "Feature", "properties": {"highway": "footway", "name": "", "bridge": "", "tunnel": "", "layer": "", "source": "osm"}, "geometry": {"type": "LineString", "coordinates": [[116.3022085, 39.9869889], [116.3022024, 39.9871964]]}}, {"type": "Feature", "properties": {"highway": "footway", "name": "", "bridge": "", "tunnel": "", "layer": "", "source": "osm"}, "geometry": {"type": "LineString", "coordinates": [[116.3022108, 39.9871967], [116.3022024, 39.9871964]]}}, {"type": "Feature", "properties": {"highway": "footway", "name": "", "bridge": "", "tunnel": "", "layer": "", "source": "osm"}, "geometry": {"type": "LineString", "coordinates": [[116.302375, 39.9872521], [116.3023877, 39.9868672]]}}, {"type": "Feature", "properties": {"highway": "steps", "name": "", "bridge": "", "tunnel": "", "layer": "", "source": "osm"}, "geometry": {"type": "LineString", "coordinates": [[116.3023906, 39.9867934], [116.3023877, 39.9868672]]}}, {"type": "Feature", "properties": {"highway": "steps", "name": "", "bridge": "", "tunnel": "", "layer": "", "source": "osm"}, "geometry": {"type": "LineString", "coordinates": [[116.3023738, 39.9873474], [116.3023741, 39.9873191], [116.302375, 39.9872521]]}}, {"type": "Feature", "properties": {"highway": "footway", "name": "", "bridge": "", "tunnel": "", "layer": "", "source": "osm"}, "geometry": {"type": "LineString", "coordinates": [[116.3023424, 39.9873458], [116.3023738, 39.9873474]]}}, {"type": "Feature", "properties": {"highway": "footway", "name": "", "bridge": "", "tunnel": "", "layer": "", "source": "osm"}, "geometry": {"type": "LineString", "coordinates": [[116.3023906, 39.9867934], [116.3023643, 39.9867924]]}}, {"type": "Feature", "properties": {"highway": "footway", "name": "", "bridge": "", "tunnel": "", "layer": "", "source": "osm"}, "geometry": {"type": "LineString", "coordinates": [[116.3017061, 39.9861464], [116.3018468, 39.9861523], [116.3019407, 39.9861548]]}}, {"type": "Feature", "properties": {"highway": "footway", "name": "", "bridge": "", "tunnel": "", "layer": "", "source": "osm"}, "geometry": {"type": "LineString", "coordinates": [[116.3017061, 39.9861464], [116.3014655, 39.9861389]]}}, {"type": "Feature", "properties": {"highway": "footway", "name": "", "bridge": "", "tunnel": "", "layer": "", "source": "osm"}, "geometry": {"type": "LineString", "coordinates": [[116.3017061, 39.9861464], [116.3017047, 39.9861746]]}}, {"type": "Feature", "properties": {"highway": "steps", "name": "", "bridge": "", "tunnel": "", "layer": "", "source": "osm"}, "geometry": {"type": "LineString", "coordinates": [[116.3017071, 39.9861274], [116.3017061, 39.9861464]]}}, {"type": "Feature", "properties": {"highway": "footway", "name": "", "bridge": "", "tunnel": "", "layer": "", "source": "osm"}, "geometry": {"type": "LineString", "coordinates": [[116.3011294, 39.9870623], [116.3009914, 39.9870623]]}}, {"type": "Feature", "properties": {"highway": "footway", "name": "", "bridge": "", "tunnel": "", "layer": "", "source": "osm"}, "geometry": {"type": "LineString", "coordinates": [[116.302198, 39.9872687], [116.3021914, 39.9874246]]}}, {"type": "Feature", "properties": {"highway": "steps", "name": "", "bridge": "", "tunnel": "", "layer": "", "source": "osm"}, "geometry": {"type": "LineString", "coordinates": [[116.3021914, 39.9874246], [116.3021894, 39.9874808]]}}, {"type": "Feature", "properties": {"highway": "footway", "name": "", "bridge": "", "tunnel": "", "layer": "", "source": "osm"}, "geometry": {"type": "LineString", "coordinates": [[116.3022734, 39.9869907], [116.3022843, 39.9866415], [116.3022843, 39.9866201], [116.3021107, 39.9866156]]}}, {"type": "Feature", "properties": {"highway": "footway", "name": "", "bridge": "", "tunnel": "", "layer": "", "source": "osm"}, "geometry": {"type": "LineString", "coordinates": [[116.3022792, 39.9861637], [116.3022713, 39.986273], [116.3022575, 39.9864983]]}}, {"type": "Feature", "properties": {"highway": "steps", "name": "", "bridge": "", "tunnel": "", "layer": "", "source": "osm"}, "geometry": {"type": "LineString", "coordinates": [[116.3021909, 39.9862701], [116.3021395, 39.9862683]]}}, {"type": "Feature", "properties": {"highway": "footway", "name": "", "bridge": "", "tunnel": "", "layer": "", "source": "osm"}, "geometry": {"type": "LineString", "coordinates": [[116.3046526, 39.9906159], [116.3046024, 39.9906158]]}}, {"type": "Feature", "properties": {"highway": "steps", "name": "", "bridge": "", "tunnel": "", "layer": "", "source": "osm"}, "geometry": {"type": "LineString", "coordinates": [[116.3046024, 39.9906158], [116.30455, 39.9906151]]}}, {"type": "Feature", "properties": {"highway": "footway", "name": "", "bridge": "", "tunnel": "", "layer": "", "source": "osm"}, "geometry": {"type": "LineString", "coordinates": [[116.3045366, 39.9906147], [116.3045413, 39.9904977], [116.3046582, 39.9905008]]}}, {"type": "Feature", "properties": {"highway": "footway", "name": "", "bridge": "", "tunnel": "", "layer": "", "source": "osm"}, "geometry": {"type": "LineString", "coordinates": [[116.3045366, 39.9906147], [116.3045328, 39.9907427], [116.304647, 39.9907449]]}}, {"type": "Feature", "properties": {"highway": "steps", "name": "", "bridge": "", "tunnel": "", "layer": "", "source": "osm"}, "geometry": {"type": "LineString", "coordinates": [[116.3053048, 39.9876515], [116.3051521, 39.9876439], [116.3051232, 39.9876425]]}}, {"type": "Feature", "properties": {"highway": "service", "name": "", "bridge": "", "tunnel": "", "layer": "", "source": "osm"}, "geometry": {"type": "LineString", "coordinates": [[116.3008135, 39.9810768], [116.3005799, 39.9803208]]}}, {"type": "Feature", "properties": {"highway": "service", "name": "", "bridge": "", "tunnel": "", "layer": "", "source": "osm"}, "geometry": {"type": "LineString", "coordinates": [[116.3005799, 39.9803208], [116.3004815, 39.9800842], [116.300497, 39.9798184]]}}, {"type": "Feature", "properties": {"highway": "path", "name": "", "bridge": "", "tunnel": "", "layer": "", "source": "osm"}, "geometry": {"type": "LineString", "coordinates": [[116.2995292, 39.9863923], [116.2995382, 39.9863343], [116.2995417, 39.9863051], [116.3000255, 39.9863042], [116.3001456, 39.9857354]]}}, {"type": "Feature", "properties": {"highway": "footway", "name": "", "bridge": "", "tunnel": "", "layer": "", "source": "osm"}, "geometry": {"type": "LineString", "coordinates": [[116.2982648, 39.9933726], [116.2982644, 39.9933121], [116.2982641, 39.9932673]]}}, {"type": "Feature", "properties": {"highway": "footway", "name": "", "bridge": "", "tunnel": "", "layer": "", "source": "osm"}, "geometry": {"type": "LineString", "coordinates": [[116.2982722, 39.9932308], [116.2983973, 39.9932336], [116.2984324, 39.9932344], [116.2984302, 39.9933056], [116.2984277, 39.993387]]}}, {"type": "Feature", "properties": {"highway": "footway", "name": "", "bridge": "", "tunnel": "", "layer": "", "source": "osm"}, "geometry": {"type": "LineString", "coordinates": [[116.2982789, 39.9933829], [116.2983927, 39.993386], [116.2984277, 39.993387]]}}, {"type": "Feature", "properties": {"highway": "footway", "name": "", "bridge": "", "tunnel": "", "layer": "", "source": "osm"}, "geometry": {"type": "LineString", "coordinates": [[116.3075192, 39.9875402], [116.3075116, 39.9876261]]}}, {"type": "Feature", "properties": {"highway": "footway", "name": "", "bridge": "", "tunnel": "", "layer": "", "source": "osm"}, "geometry": {"type": "LineString", "coordinates": [[116.3075106, 39.9876378], [116.307535, 39.9876393], [116.3075376, 39.9876085]]}}, {"type": "Feature", "properties": {"highway": "footway", "name": "", "bridge": "", "tunnel": "", "layer": "", "source": "osm"}, "geometry": {"type": "LineString", "coordinates": [[116.3075106, 39.9876378], [116.30751, 39.9876436]]}}, {"type": "Feature", "properties": {"highway": "steps", "name": "", "bridge": "", "tunnel": "", "layer": "", "source": "osm"}, "geometry": {"type": "LineString", "coordinates": [[116.3075116, 39.9876261], [116.3075106, 39.9876378]]}}, {"type": "Feature", "properties": {"highway": "footway", "name": "", "bridge": "", "tunnel": "", "layer": "", "source": "osm"}, "geometry": {"type": "LineString", "coordinates": [[116.3080817, 39.987563], [116.3080724, 39.9876583]]}}, {"type": "Feature", "properties": {"highway": "footway", "name": "", "bridge": "", "tunnel": "", "layer": "", "source": "osm"}, "geometry": {"type": "LineString", "coordinates": [[116.304667, 39.9885338], [116.304446, 39.9883308], [116.3044574, 39.9882085], [116.3042521, 39.9882002], [116.3042502, 39.9882502], [116.3040472, 39.9882424], [116.3040396, 39.9883783]]}}, {"type": "Feature", "properties": {"highway": "steps", "name": "", "bridge": "", "tunnel": "", "layer": "", "source": "osm"}, "geometry": {"type": "LineString", "coordinates": [[116.3040185, 39.9883778], [116.3040396, 39.9883783]]}}, {"type": "Feature", "properties": {"highway": "footway", "name": "", "bridge": "", "tunnel": "", "layer": "", "source": "osm"}, "geometry": {"type": "LineString", "coordinates": [[116.3040396, 39.9883783], [116.3040535, 39.9883787]]}}, {"type": "Feature", "properties": {"highway": "footway", "name": "", "bridge": "", "tunnel": "", "layer": "", "source": "osm"}, "geometry": {"type": "LineString", "coordinates": [[116.304667, 39.9885338], [116.3046379, 39.9885543]]}}, {"type": "Feature", "properties": {"highway": "footway", "name": "", "bridge": "", "tunnel": "", "layer": "", "source": "osm"}, "geometry": {"type": "LineString", "coordinates": [[116.3049607, 39.9886779], [116.3048103, 39.988673], [116.304667, 39.9885338]]}}, {"type": "Feature", "properties": {"highway": "steps", "name": "", "bridge": "", "tunnel": "", "layer": "", "source": "osm"}, "geometry": {"type": "LineString", "coordinates": [[116.3046763, 39.9885272], [116.304667, 39.9885338]]}}, {"type": "Feature", "properties": {"highway": "footway", "name": "", "bridge": "", "tunnel": "", "layer": "", "source": "osm"}, "geometry": {"type": "LineString", "coordinates": [[116.3078257, 39.9887287], [116.3078321, 39.9886551]]}}, {"type": "Feature", "properties": {"highway": "footway", "name": "", "bridge": "", "tunnel": "", "layer": "", "source": "osm"}, "geometry": {"type": "LineString", "coordinates": [[116.307834, 39.988634], [116.307836, 39.9886129]]}}, {"type": "Feature", "properties": {"highway": "steps", "name": "", "bridge": "", "tunnel": "", "layer": "", "source": "osm"}, "geometry": {"type": "LineString", "coordinates": [[116.3078321, 39.9886551], [116.307834, 39.988634]]}}, {"type": "Feature", "properties": {"highway": "footway", "name": "", "bridge": "", "tunnel": "", "layer": "", "source": "osm"}, "geometry": {"type": "LineString", "coordinates": [[116.307834, 39.988634], [116.3078044, 39.9886329], [116.3078016, 39.9886559], [116.3077898, 39.9886556], [116.3077921, 39.9886202], [116.3077809, 39.9886196], [116.307778, 39.9886697]]}}, {"type": "Feature", "properties": {"highway": "footway", "name": "", "bridge": "", "tunnel": "", "layer": "", "source": "osm"}, "geometry": {"type": "LineString", "coordinates": [[116.3072664, 39.9887051], [116.3072705, 39.9886237]]}}, {"type": "Feature", "properties": {"highway": "steps", "name": "", "bridge": "", "tunnel": "", "layer": "", "source": "osm"}, "geometry": {"type": "LineString", "coordinates": [[116.3072705, 39.9886237], [116.3072732, 39.9885922]]}}, {"type": "Feature", "properties": {"highway": "footway", "name": "", "bridge": "", "tunnel": "", "layer": "", "source": "osm"}, "geometry": {"type": "LineString", "coordinates": [[116.3070425, 39.9881629], [116.3070408, 39.9881852], [116.3069418, 39.9881817]]}}, {"type": "Feature", "properties": {"highway": "footway", "name": "", "bridge": "", "tunnel": "", "layer": "", "source": "osm"}, "geometry": {"type": "LineString", "coordinates": [[116.3070425, 39.9881629], [116.3070454, 39.9881188]]}}, {"type": "Feature", "properties": {"highway": "steps", "name": "", "bridge": "", "tunnel": "", "layer": "", "source": "osm"}, "geometry": {"type": "LineString", "coordinates": [[116.3080724, 39.9876583], [116.3080713, 39.9876699]]}}, {"type": "Feature", "properties": {"highway": "footway", "name": "", "bridge": "", "tunnel": "", "layer": "", "source": "osm"}, "geometry": {"type": "LineString", "coordinates": [[116.3081196, 39.9877322], [116.3081186, 39.9877495], [116.3081346, 39.9877503], [116.3081374, 39.9877041]]}}, {"type": "Feature", "properties": {"highway": "path", "name": "", "bridge": "", "tunnel": "", "layer": "", "source": "osm"}, "geometry": {"type": "LineString", "coordinates": [[116.3087788, 39.988769], [116.3087505, 39.9891506]]}}, {"type": "Feature", "properties": {"highway": "footway", "name": "", "bridge": "", "tunnel": "", "layer": "", "source": "osm"}, "geometry": {"type": "LineString", "coordinates": [[116.3056955, 39.9910331], [116.3057003, 39.9909818]]}}, {"type": "Feature", "properties": {"highway": "footway", "name": "", "bridge": "", "tunnel": "", "layer": "", "source": "osm"}, "geometry": {"type": "LineString", "coordinates": [[116.3057295, 39.9906626], [116.3057181, 39.9908054]]}}, {"type": "Feature", "properties": {"highway": "footway", "name": "", "bridge": "", "tunnel": "", "layer": "", "source": "osm"}, "geometry": {"type": "LineString", "coordinates": [[116.3043545, 39.989959], [116.3043588, 39.9898821]]}}, {"type": "Feature", "properties": {"highway": "footway", "name": "", "bridge": "", "tunnel": "", "layer": "", "source": "osm"}, "geometry": {"type": "LineString", "coordinates": [[116.3044718, 39.9898858], [116.3044842, 39.9897305]]}}, {"type": "Feature", "properties": {"highway": "footway", "name": "", "bridge": "", "tunnel": "", "layer": "", "source": "osm"}, "geometry": {"type": "LineString", "coordinates": [[116.3040337, 39.9898714], [116.3040444, 39.9896792]]}}, {"type": "Feature", "properties": {"highway": "footway", "name": "", "bridge": "", "tunnel": "", "layer": "", "source": "osm"}, "geometry": {"type": "LineString", "coordinates": [[116.3022575, 39.9864983], [116.3023044, 39.9865985]]}}, {"type": "Feature", "properties": {"highway": "footway", "name": "", "bridge": "", "tunnel": "", "layer": "", "source": "osm"}, "geometry": {"type": "LineString", "coordinates": [[116.3019407, 39.9861548], [116.3022545, 39.986163], [116.3022792, 39.9861637]]}}, {"type": "Feature", "properties": {"highway": "footway", "name": "", "bridge": "", "tunnel": "", "layer": "", "source": "osm"}, "geometry": {"type": "LineString", "coordinates": [[116.3022792, 39.9861637], [116.3022889, 39.9860538]]}}, {"type": "Feature", "properties": {"highway": "footway", "name": "", "bridge": "", "tunnel": "", "layer": "", "source": "osm"}, "geometry": {"type": "LineString", "coordinates": [[116.3054212, 39.98571], [116.3050282, 39.9856985], [116.3047804, 39.9856913]]}}, {"type": "Feature", "properties": {"highway": "footway", "name": "", "bridge": "", "tunnel": "", "layer": "", "source": "osm"}, "geometry": {"type": "LineString", "coordinates": [[116.3050282, 39.9856985], [116.3050186, 39.9858709]]}}, {"type": "Feature", "properties": {"highway": "footway", "name": "", "bridge": "", "tunnel": "", "layer": "", "source": "osm"}, "geometry": {"type": "LineString", "coordinates": [[116.3050282, 39.9856985], [116.3050487, 39.9854768], [116.3050499, 39.9854641]]}}, {"type": "Feature", "properties": {"highway": "footway", "name": "", "bridge": "", "tunnel": "", "layer": "", "source": "osm"}, "geometry": {"type": "LineString", "coordinates": [[116.3048389, 39.9854671], [116.3050487, 39.9854768]]}}, {"type": "Feature", "properties": {"highway": "footway", "name": "", "bridge": "", "tunnel": "", "layer": "", "source": "osm"}, "geometry": {"type": "LineString", "coordinates": [[116.2995867, 39.9906649], [116.2998658, 39.9906713], [116.299962, 39.9906349]]}}, {"type": "Feature", "properties": {"highway": "footway", "name": "", "bridge": "", "tunnel": "", "layer": "", "source": "osm"}, "geometry": {"type": "LineString", "coordinates": [[116.2995913, 39.9905537], [116.2995867, 39.9906649]]}}, {"type": "Feature", "properties": {"highway": "path", "name": "", "bridge": "", "tunnel": "", "layer": "", "source": "osm"}, "geometry": {"type": "LineString", "coordinates": [[116.2989511, 39.9906424], [116.2988987, 39.9906399], [116.2989612, 39.9900508], [116.2989982, 39.9897174]]}}, {"type": "Feature", "properties": {"highway": "footway", "name": "", "bridge": "", "tunnel": "", "layer": "", "source": "osm"}, "geometry": {"type": "LineString", "coordinates": [[116.3091229, 39.9887836], [116.3091649, 39.9880736], [116.3089951, 39.9880698]]}}, {"type": "Feature", "properties": {"highway": "footway", "name": "", "bridge": "", "tunnel": "", "layer": "", "source": "osm"}, "geometry": {"type": "LineString", "coordinates": [[116.3069418, 39.9881817], [116.3067675, 39.9881761]]}}, {"type": "Feature", "properties": {"highway": "footway", "name": "", "bridge": "", "tunnel": "", "layer": "", "source": "osm"}, "geometry": {"type": "LineString", "coordinates": [[116.3081374, 39.9877041], [116.308265, 39.98771]]}}, {"type": "Feature", "properties": {"highway": "path", "name": "", "bridge": "", "tunnel": "", "layer": "", "source": "osm"}, "geometry": {"type": "LineString", "coordinates": [[116.3067065, 39.9846506], [116.3084327, 39.9847009]]}}, {"type": "Feature", "properties": {"highway": "path", "name": "", "bridge": "", "tunnel": "", "layer": "", "source": "osm"}, "geometry": {"type": "LineString", "coordinates": [[116.3066185, 39.9846473], [116.3058521, 39.9846289], [116.3058571, 39.9845648], [116.3048675, 39.9845317]]}}, {"type": "Feature", "properties": {"highway": "path", "name": "", "bridge": "", "tunnel": "", "layer": "", "source": "osm"}, "geometry": {"type": "LineString", "coordinates": [[116.3058521, 39.9846289], [116.3058292, 39.9849964]]}}, {"type": "Feature", "properties": {"highway": "path", "name": "", "bridge": "", "tunnel": "", "layer": "", "source": "osm"}, "geometry": {"type": "LineString", "coordinates": [[116.2985104, 39.9904418], [116.2987021, 39.9903746]]}}, {"type": "Feature", "properties": {"highway": "path", "name": "", "bridge": "", "tunnel": "", "layer": "", "source": "osm"}, "geometry": {"type": "LineString", "coordinates": [[116.2966489, 39.985623], [116.2967122, 39.9857794], [116.2966961, 39.9858697], [116.296663, 39.9860564]]}}, {"type": "Feature", "properties": {"highway": "footway", "name": "", "bridge": "", "tunnel": "", "layer": "", "source": "osm"}, "geometry": {"type": "LineString", "coordinates": [[116.3022734, 39.9869907], [116.3022681, 39.9871988], [116.3022638, 39.9873422]]}}, {"type": "Feature", "properties": {"highway": "steps", "name": "", "bridge": "", "tunnel": "", "layer": "", "source": "osm"}, "geometry": {"type": "LineString", "coordinates": [[116.3021914, 39.9874246], [116.3022577, 39.98745]]}}, {"type": "Feature", "properties": {"highway": "footway", "name": "", "bridge": "", "tunnel": "", "layer": "", "source": "osm"}, "geometry": {"type": "LineString", "coordinates": [[116.3022638, 39.9873422], [116.3022577, 39.98745]]}}, {"type": "Feature", "properties": {"highway": "footway", "name": "", "bridge": "", "tunnel": "", "layer": "", "source": "osm"}, "geometry": {"type": "LineString", "coordinates": [[116.3022577, 39.98745], [116.3023369, 39.9874835]]}}, {"type": "Feature", "properties": {"highway": "footway", "name": "", "bridge": "", "tunnel": "", "layer": "", "source": "osm"}, "geometry": {"type": "LineString", "coordinates": [[116.301426, 39.9874642], [116.3014261, 39.987452]]}}, {"type": "Feature", "properties": {"highway": "steps", "name": "", "bridge": "", "tunnel": "", "layer": "", "source": "osm"}, "geometry": {"type": "LineString", "coordinates": [[116.3014261, 39.987452], [116.3014727, 39.9874531]]}}, {"type": "Feature", "properties": {"highway": "footway", "name": "", "bridge": "", "tunnel": "", "layer": "", "source": "osm"}, "geometry": {"type": "LineString", "coordinates": [[116.3014727, 39.9874531], [116.3014741, 39.9874091], [116.3013629, 39.987407]]}}, {"type": "Feature", "properties": {"highway": "footway", "name": "", "bridge": "", "tunnel": "", "layer": "", "source": "osm"}, "geometry": {"type": "LineString", "coordinates": [[116.3013641, 39.9873827], [116.3013629, 39.987407]]}}, {"type": "Feature", "properties": {"highway": "footway", "name": "", "bridge": "", "tunnel": "", "layer": "", "source": "osm"}, "geometry": {"type": "LineString", "coordinates": [[116.3014741, 39.9874091], [116.3021743, 39.9874246], [116.3021914, 39.9874246]]}}, {"type": "Feature", "properties": {"highway": "footway", "name": "", "bridge": "", "tunnel": "", "layer": "", "source": "osm"}, "geometry": {"type": "LineString", "coordinates": [[116.3028018, 39.9874993], [116.3028562, 39.9874727]]}}, {"type": "Feature", "properties": {"highway": "steps", "name": "", "bridge": "", "tunnel": "", "layer": "", "source": "osm"}, "geometry": {"type": "LineString", "coordinates": [[116.3028562, 39.9874727], [116.3029152, 39.9874738]]}}, {"type": "Feature", "properties": {"highway": "footway", "name": "", "bridge": "", "tunnel": "", "layer": "", "source": "osm"}, "geometry": {"type": "LineString", "coordinates": [[116.3029152, 39.9874738], [116.3036107, 39.9874935]]}}, {"type": "Feature", "properties": {"highway": "steps", "name": "", "bridge": "", "tunnel": "", "layer": "", "source": "osm"}, "geometry": {"type": "LineString", "coordinates": [[116.3036107, 39.9874935], [116.3036675, 39.9874941]]}}, {"type": "Feature", "properties": {"highway": "footway", "name": "", "bridge": "", "tunnel": "", "layer": "", "source": "osm"}, "geometry": {"type": "LineString", "coordinates": [[116.3036675, 39.9874941], [116.303718, 39.9875303]]}}, {"type": "Feature", "properties": {"highway": "footway", "name": "", "bridge": "", "tunnel": "", "layer": "", "source": "osm"}, "geometry": {"type": "LineString", "coordinates": [[116.3008391, 39.9920485], [116.3009128, 39.9921463], [116.3010414, 39.9923172], [116.3010897, 39.9928357]]}}, {"type": "Feature", "properties": {"highway": "footway", "name": "", "bridge": "", "tunnel": "", "layer": "", "source": "osm"}, "geometry": {"type": "LineString", "coordinates": [[116.3009128, 39.9921463], [116.3011092, 39.9919871]]}}, {"type": "Feature", "properties": {"highway": "footway", "name": "", "bridge": "", "tunnel": "", "layer": "", "source": "osm"}, "geometry": {"type": "LineString", "coordinates": [[116.3017858, 39.9935307], [116.3018758, 39.9934951], [116.3019785, 39.9934583], [116.3020418, 39.9934315], [116.3021423, 39.993408], [116.302221, 39.9934348], [116.3022406, 39.993485], [116.3023018, 39.9936055], [116.3023564, 39.9936474], [116.3024722, 39.9936825], [116.3026186, 39.9937729], [116.3026772, 39.9938227]]}}, {"type": "Feature", "properties": {"highway": "footway", "name": "", "bridge": "", "tunnel": "", "layer": "", "source": "osm"}, "geometry": {"type": "LineString", "coordinates": [[116.3033723, 39.9912427], [116.3033687, 39.9914128]]}}, {"type": "Feature", "properties": {"highway": "footway", "name": "", "bridge": "", "tunnel": "", "layer": "", "source": "osm"}, "geometry": {"type": "LineString", "coordinates": [[116.30343, 39.991246], [116.3034445, 39.9909817]]}}, {"type": "Feature", "properties": {"highway": "footway", "name": "", "bridge": "", "tunnel": "", "layer": "", "source": "osm"}, "geometry": {"type": "LineString", "coordinates": [[116.3029174, 39.9860699], [116.3029171, 39.9862088]]}}, {"type": "Feature", "properties": {"highway": "footway", "name": "", "bridge": "", "tunnel": "", "layer": "", "source": "osm"}, "geometry": {"type": "LineString", "coordinates": [[116.3038843, 39.9860959], [116.3038806, 39.9862318]]}}, {"type": "Feature", "properties": {"highway": "footway", "name": "", "bridge": "", "tunnel": "", "layer": "", "source": "osm"}, "geometry": {"type": "LineString", "coordinates": [[116.3052853, 39.9975401], [116.3053524, 39.9975478], [116.3058321, 39.9976032]]}}, {"type": "Feature", "properties": {"highway": "footway", "name": "", "bridge": "", "tunnel": "", "layer": "", "source": "osm"}, "geometry": {"type": "LineString", "coordinates": [[116.3053524, 39.9975478], [116.3052631, 39.9979102], [116.3052135, 39.9981118]]}}, {"type": "Feature", "properties": {"highway": "footway", "name": "", "bridge": "", "tunnel": "", "layer": "", "source": "osm"}, "geometry": {"type": "LineString", "coordinates": [[116.3052631, 39.9979102], [116.3057948, 39.9979729]]}}, {"type": "Feature", "properties": {"highway": "footway", "name": "", "bridge": "", "tunnel": "", "layer": "", "source": "osm"}, "geometry": {"type": "LineString", "coordinates": [[116.3053747, 39.9972823], [116.3059276, 39.9973327]]}}, {"type": "Feature", "properties": {"highway": "footway", "name": "", "bridge": "", "tunnel": "", "layer": "", "source": "osm"}, "geometry": {"type": "LineString", "coordinates": [[116.3054635, 39.99695], [116.3059389, 39.9970052]]}}, {"type": "Feature", "properties": {"highway": "footway", "name": "", "bridge": "", "tunnel": "", "layer": "", "source": "osm"}, "geometry": {"type": "LineString", "coordinates": [[116.3063641, 39.9960126], [116.3068661, 39.9960631], [116.3069295, 39.995721], [116.3070163, 39.9957307]]}}, {"type": "Feature", "properties": {"highway": "footway", "name": "", "bridge": "", "tunnel": "", "layer": "", "source": "osm"}, "geometry": {"type": "LineString", "coordinates": [[116.3029803, 39.9912416], [116.3029564, 39.9916272]]}}, {"type": "Feature", "properties": {"highway": "footway", "name": "", "bridge": "", "tunnel": "", "layer": "", "source": "osm"}, "geometry": {"type": "LineString", "coordinates": [[116.3080484, 39.9952802], [116.3080065, 39.9957962]]}}, {"type": "Feature", "properties": {"highway": "footway", "name": "", "bridge": "", "tunnel": "", "layer": "", "source": "osm"}, "geometry": {"type": "LineString", "coordinates": [[116.300039, 39.9916995], [116.3001184, 39.9916336], [116.3002157, 39.9914189], [116.3003616, 39.9912742], [116.3003872, 39.9912115]]}}, {"type": "Feature", "properties": {"highway": "footway", "name": "", "bridge": "yes", "tunnel": "", "layer": "1", "source": "osm"}, "geometry": {"type": "LineString", "coordinates": [[116.2999595, 39.9917654], [116.300039, 39.9916995]]}}, {"type": "Feature", "properties": {"highway": "footway", "name": "", "bridge": "", "tunnel": "", "layer": "", "source": "osm"}, "geometry": {"type": "LineString", "coordinates": [[116.3080584, 39.9951566], [116.3080545, 39.995204]]}}, {"type": "Feature", "properties": {"highway": "footway", "name": "", "bridge": "", "tunnel": "", "layer": "", "source": "osm"}, "geometry": {"type": "LineString", "coordinates": [[116.3080545, 39.995204], [116.3080484, 39.9952802]]}}, {"type": "Feature", "properties": {"highway": "steps", "name": "", "bridge": "", "tunnel": "", "layer": "", "source": "osm"}, "geometry": {"type": "LineString", "coordinates": [[116.3069936, 39.9927413], [116.3071094, 39.9927443]]}}, {"type": "Feature", "properties": {"highway": "footway", "name": "", "bridge": "", "tunnel": "", "layer": "", "source": "osm"}, "geometry": {"type": "LineString", "coordinates": [[116.3070098, 39.9917501], [116.3071531, 39.9916729]]}}, {"type": "Feature", "properties": {"highway": "path", "name": "", "bridge": "", "tunnel": "", "layer": "", "source": "osm"}, "geometry": {"type": "LineString", "coordinates": [[116.3072904, 39.9950408], [116.307357, 39.995122]]}}, {"type": "Feature", "properties": {"highway": "service", "name": "", "bridge": "", "tunnel": "", "layer": "", "source": "osm"}, "geometry": {"type": "LineString", "coordinates": [[116.307302, 39.995042], [116.3072904, 39.9950408]]}}, {"type": "Feature", "properties": {"highway": "footway", "name": "", "bridge": "", "tunnel": "", "layer": "", "source": "osm"}, "geometry": {"type": "LineString", "coordinates": [[116.3057518, 39.9902368], [116.3057676, 39.9900473]]}}, {"type": "Feature", "properties": {"highway": "service", "name": "", "bridge": "", "tunnel": "", "layer": "", "source": "osm"}, "geometry": {"type": "LineString", "coordinates": [[116.3048661, 39.994353], [116.304958, 39.9943783], [116.305023, 39.9943886]]}}, {"type": "Feature", "properties": {"highway": "footway", "name": "", "bridge": "yes", "tunnel": "", "layer": "1", "source": "osm"}, "geometry": {"type": "LineString", "coordinates": [[116.30205, 39.9964023], [116.3022206, 39.9963349]]}}, {"type": "Feature", "properties": {"highway": "steps", "name": "", "bridge": "", "tunnel": "", "layer": "", "source": "osm"}, "geometry": {"type": "LineString", "coordinates": [[116.2999443, 39.9836061], [116.2999963, 39.9834619]]}}, {"type": "Feature", "properties": {"highway": "footway", "name": "", "bridge": "", "tunnel": "", "layer": "", "source": "osm"}, "geometry": {"type": "LineString", "coordinates": [[116.3002752, 39.9834271], [116.3003667, 39.9834449]]}}, {"type": "Feature", "properties": {"highway": "footway", "name": "", "bridge": "", "tunnel": "", "layer": "", "source": "osm"}, "geometry": {"type": "LineString", "coordinates": [[116.3076937, 39.9812569], [116.3075371, 39.9813224], [116.3065183, 39.9812985], [116.3063532, 39.9812651]]}}, {"type": "Feature", "properties": {"highway": "footway", "name": "", "bridge": "", "tunnel": "", "layer": "", "source": "osm"}, "geometry": {"type": "LineString", "coordinates": [[116.3063532, 39.9812651], [116.3063545, 39.9812038], [116.3063577, 39.9811366], [116.3063548, 39.981083]]}}, {"type": "Feature", "properties": {"highway": "cycleway", "name": "", "bridge": "", "tunnel": "", "layer": "", "source": "osm"}, "geometry": {"type": "LineString", "coordinates": [[116.3261859, 39.9991829], [116.3262105, 39.9986321], [116.326247, 39.9978127], [116.3262665, 39.9973742], [116.3263133, 39.9963234], [116.3263152, 39.9962812]]}}, {"type": "Feature", "properties": {"highway": "cycleway", "name": "", "bridge": "", "tunnel": "", "layer": "", "source": "osm"}, "geometry": {"type": "LineString", "coordinates": [[116.3267317, 39.9962942], [116.3267298, 39.9963386], [116.3266853, 39.9973852], [116.3266667, 39.9978225], [116.3266316, 39.9986466], [116.3266082, 39.9991941]]}}, {"type": "Feature", "properties": {"highway": "footway", "name": "", "bridge": "", "tunnel": "", "layer": "", "source": "osm"}, "geometry": {"type": "LineString", "coordinates": [[116.3262391, 39.9963731], [116.3263133, 39.9963234], [116.3267298, 39.9963386], [116.3268203, 39.9963419], [116.3281622, 39.9963908]]}}, {"type": "Feature", "properties": {"highway": "footway", "name": "", "bridge": "", "tunnel": "", "layer": "", "source": "osm"}, "geometry": {"type": "LineString", "coordinates": [[116.3281622, 39.9963908], [116.3282414, 39.9963934], [116.329009, 39.9964187], [116.329177, 39.9965392], [116.3291403, 39.9972537], [116.3291318, 39.9974181], [116.3291101, 39.9978395], [116.3290672, 39.9979718], [116.3290321, 39.9980799]]}}, {"type": "Feature", "properties": {"highway": "footway", "name": "", "bridge": "", "tunnel": "", "layer": "", "source": "osm"}, "geometry": {"type": "LineString", "coordinates": [[116.3291157, 39.9991028], [116.3291544, 39.9991038], [116.330668, 39.9991433]]}}, {"type": "Feature", "properties": {"highway": "footway", "name": "", "bridge": "", "tunnel": "", "layer": "", "source": "osm"}, "geometry": {"type": "LineString", "coordinates": [[116.3291054, 39.998779], [116.3291651, 39.9989007], [116.3291544, 39.9991038], [116.3291526, 39.9991373], [116.3291301, 39.9995665], [116.3291033, 40.0000763], [116.3291014, 40.0000967]]}}, {"type": "Feature", "properties": {"highway": "footway", "name": "", "bridge": "", "tunnel": "", "layer": "", "source": "osm"}, "geometry": {"type": "LineString", "coordinates": [[116.3290306, 39.9987635], [116.3290773, 39.9988906], [116.3290671, 39.9991015], [116.3290349, 39.9997691], [116.3290215, 40.0000471], [116.3290202, 40.0000735], [116.3290201, 40.000094]]}}, {"type": "Feature", "properties": {"highway": "footway", "name": "", "bridge": "", "tunnel": "", "layer": "", "source": "osm"}, "geometry": {"type": "LineString", "coordinates": [[116.3051461, 39.9920832], [116.3053535, 39.9922048], [116.3055371, 39.992327], [116.3056511, 39.9924092]]}}, {"type": "Feature", "properties": {"highway": "path", "name": "", "bridge": "", "tunnel": "", "layer": "", "source": "osm"}, "geometry": {"type": "LineString", "coordinates": [[116.3099154, 39.9861412], [116.3096077, 39.9861307], [116.3094876, 39.9861212]]}}, {"type": "Feature", "properties": {"highway": "path", "name": "", "bridge": "", "tunnel": "", "layer": "", "source": "osm"}, "geometry": {"type": "LineString", "coordinates": [[116.3025827, 39.9851962], [116.302586, 39.9851185], [116.3025878, 39.9850775]]}}, {"type": "Feature", "properties": {"highway": "footway", "name": "", "bridge": "yes", "tunnel": "", "layer": "1", "source": "osm"}, "geometry": {"type": "LineString", "coordinates": [[116.3030548, 39.98441], [116.3030521, 39.9843726], [116.3033421, 39.9843726], [116.303448, 39.9843726]]}}, {"type": "Feature", "properties": {"highway": "tertiary", "name": "颐和园路", "bridge": "", "tunnel": "", "layer": "", "source": "osm"}, "geometry": {"type": "LineString", "coordinates": [[116.2993665, 39.9843374], [116.2993709, 39.9842915], [116.2993784, 39.9841551]]}}, {"type": "Feature", "properties": {"highway": "steps", "name": "", "bridge": "", "tunnel": "", "layer": "", "source": "osm"}, "geometry": {"type": "LineString", "coordinates": [[116.3029836, 39.9912205], [116.3029803, 39.9912416]]}}, {"type": "Feature", "properties": {"highway": "steps", "name": "", "bridge": "", "tunnel": "", "layer": "", "source": "osm"}, "geometry": {"type": "LineString", "coordinates": [[116.3029564, 39.9916272], [116.3029449, 39.9917813]]}}, {"type": "Feature", "properties": {"highway": "footway", "name": "", "bridge": "", "tunnel": "", "layer": "", "source": "osm"}, "geometry": {"type": "LineString", "coordinates": [[116.3030128, 39.9903018], [116.3032383, 39.9903092]]}}, {"type": "Feature", "properties": {"highway": "footway", "name": "", "bridge": "", "tunnel": "", "layer": "", "source": "osm"}, "geometry": {"type": "LineString", "coordinates": [[116.3029988, 39.9907413], [116.3033064, 39.9907451]]}}, {"type": "Feature", "properties": {"highway": "secondary", "name": "苏州街", "bridge": "", "tunnel": "", "layer": "", "source": "osm"}, "geometry": {"type": "LineString", "coordinates": [[116.3004379, 39.9712769], [116.3005153, 39.9706155], [116.3005547, 39.9702784]]}}, {"type": "Feature", "properties": {"highway": "secondary", "name": "苏州街", "bridge": "", "tunnel": "", "layer": "", "source": "osm"}, "geometry": {"type": "LineString", "coordinates": [[116.3005547, 39.9702784], [116.3005963, 39.9702126], [116.3005967, 39.9701549], [116.300595, 39.9699598], [116.3006446, 39.9695055], [116.3006529, 39.9694719], [116.3006619, 39.9693815], [116.3006884, 39.9690506]]}}, {"type": "Feature", "properties": {"highway": "tertiary", "name": "苏州街", "bridge": "", "tunnel": "", "layer": "", "source": "osm"}, "geometry": {"type": "LineString", "coordinates": [[116.3005547, 39.9702784], [116.3005266, 39.9702157], [116.3004877, 39.9699249], [116.3005471, 39.9694607], [116.3005638, 39.9693607]]}}, {"type": "Feature", "properties": {"highway": "pedestrian", "name": "", "bridge": "", "tunnel": "", "layer": "", "source": "osm"}, "geometry": {"type": "LineString", "coordinates": [[116.3113495, 39.9735418], [116.3115671, 39.9735974], [116.3116009, 39.9735452], [116.3117279, 39.973284], [116.3115337, 39.9732324], [116.311475, 39.973339], [116.3114154, 39.9734474], [116.3113839, 39.9735046], [116.3113495, 39.9735418]]}}, {"type": "Feature", "properties": {"highway": "footway", "name": "", "bridge": "", "tunnel": "", "layer": "", "source": "osm"}, "geometry": {"type": "LineString", "coordinates": [[116.3094296, 39.9900736], [116.3095037, 39.9900782]]}}, {"type": "Feature", "properties": {"highway": "footway", "name": "", "bridge": "", "tunnel": "yes", "layer": "-1", "source": "osm"}, "geometry": {"type": "LineString", "coordinates": [[116.3094669, 39.9897469], [116.3094453, 39.9899361], [116.3094296, 39.9900736]]}}, {"type": "Feature", "properties": {"highway": "footway", "name": "", "bridge": "", "tunnel": "yes", "layer": "-1", "source": "osm"}, "geometry": {"type": "LineString", "coordinates": [[116.3094453, 39.9899361], [116.3098241, 39.9899551]]}}, {"type": "Feature", "properties": {"highway": "footway", "name": "", "bridge": "", "tunnel": "", "layer": "", "source": "osm"}, "geometry": {"type": "LineString", "coordinates": [[116.3094669, 39.9897469], [116.3095325, 39.989747]]}}, {"type": "Feature", "properties": {"highway": "footway", "name": "", "bridge": "", "tunnel": "", "layer": "", "source": "osm"}, "geometry": {"type": "LineString", "coordinates": [[116.3094367, 39.9887974], [116.3095659, 39.988921], [116.3096022, 39.9889605], [116.3095789, 39.9891867], [116.3096041, 39.9891876], [116.3095735, 39.989636], [116.3095463, 39.9896329], [116.3095325, 39.989747], [116.3095037, 39.9900782], [116.3094511, 39.9906822], [116.3094339, 39.9907261], [116.3094148, 39.9907379], [116.3093076, 39.9907995]]}}, {"type": "Feature", "properties": {"highway": "footway", "name": "", "bridge": "", "tunnel": "", "layer": "", "source": "osm"}, "geometry": {"type": "LineString", "coordinates": [[116.3094511, 39.9906822], [116.3095454, 39.9906744], [116.3099357, 39.9906499]]}}, {"type": "Feature", "properties": {"highway": "service", "name": "", "bridge": "", "tunnel": "", "layer": "", "source": "osm"}, "geometry": {"type": "LineString", "coordinates": [[116.309417, 39.9879207], [116.3095036, 39.9879245], [116.309777, 39.9879364]]}}, {"type": "Feature", "properties": {"highway": "path", "name": "", "bridge": "", "tunnel": "", "layer": "", "source": "osm"}, "geometry": {"type": "LineString", "coordinates": [[116.3032688, 39.9870267], [116.303272, 39.9869412]]}}, {"type": "Feature", "properties": {"highway": "path", "name": "", "bridge": "", "tunnel": "", "layer": "", "source": "osm"}, "geometry": {"type": "LineString", "coordinates": [[116.3091875, 39.9892504], [116.3088325, 39.9892398]]}}, {"type": "Feature", "properties": {"highway": "footway", "name": "", "bridge": "", "tunnel": "", "layer": "", "source": "osm"}, "geometry": {"type": "LineString", "coordinates": [[116.3049607, 39.9886779], [116.3049603, 39.9886873]]}}, {"type": "Feature", "properties": {"highway": "tertiary", "name": "北四环西路辅路", "bridge": "", "tunnel": "", "layer": "", "source": "osm"}, "geometry": {"type": "LineString", "coordinates": [[116.3037438, 39.9842189], [116.3035183, 39.9842119], [116.3022866, 39.9842651], [116.3000315, 39.9841926], [116.2999059, 39.9841886], [116.2997621, 39.984179], [116.2997244, 39.9841765], [116.2995888, 39.9841687]]}}, {"type": "Feature", "properties": {"highway": "unclassified", "name": "", "bridge": "", "tunnel": "", "layer": "", "source": "osm"}, "geometry": {"type": "LineString", "coordinates": [[116.3323378, 39.9862217], [116.3329101, 39.986278], [116.3330357, 39.9862517], [116.3334297, 39.986307], [116.3339961, 39.9863864], [116.3341204, 39.9864507], [116.3342046, 39.9864545], [116.3343292, 39.9864601], [116.3344396, 39.9864627]]}}, {"type": "Feature", "properties": {"highway": "service", "name": "", "bridge": "", "tunnel": "", "layer": "", "source": "osm"}, "geometry": {"type": "LineString", "coordinates": [[116.3322664, 39.9866269], [116.3325251, 39.9866769], [116.332941, 39.9868093], [116.333108, 39.9868609], [116.3332286, 39.9868783], [116.3332963, 39.9868429], [116.3333356, 39.9867873], [116.3333686, 39.9864016], [116.3334141, 39.9863304], [116.3334297, 39.986307]]}}, {"type": "Feature", "properties": {"highway": "service", "name": "", "bridge": "", "tunnel": "", "layer": "", "source": "osm"}, "geometry": {"type": "LineString", "coordinates": [[116.3322227, 39.986936], [116.3325494, 39.9870098]]}}, {"type": "Feature", "properties": {"highway": "residential", "name": "", "bridge": "", "tunnel": "", "layer": "", "source": "osm"}, "geometry": {"type": "LineString", "coordinates": [[116.3321594, 39.9874329], [116.3323627, 39.987471], [116.3327294, 39.9875981], [116.3327123, 39.9883757], [116.3334123, 39.988391]]}}, {"type": "Feature", "properties": {"highway": "footway", "name": "", "bridge": "", "tunnel": "", "layer": "", "source": "osm"}, "geometry": {"type": "LineString", "coordinates": [[116.3345173, 39.9792916], [116.3345263, 39.9792563], [116.3345751, 39.9789583], [116.33457, 39.9789299], [116.3346388, 39.9789147], [116.3346582, 39.9787719], [116.334686, 39.9785602], [116.3347123, 39.9785635], [116.3348441, 39.9785738]]}}, {"type": "Feature", "properties": {"highway": "footway", "name": "", "bridge": "", "tunnel": "", "layer": "", "source": "osm"}, "geometry": {"type": "LineString", "coordinates": [[116.3346582, 39.9787719], [116.3346836, 39.9787752], [116.3348211, 39.9787868]]}}, {"type": "Feature", "properties": {"highway": "cycleway", "name": "", "bridge": "", "tunnel": "", "layer": "", "source": "osm"}, "geometry": {"type": "LineString", "coordinates": [[116.3349491, 39.9773911], [116.3347537, 39.9773831], [116.3341853, 39.9773559], [116.3338826, 39.9773328], [116.333749, 39.9773279], [116.3336982, 39.9774165]]}}, {"type": "Feature", "properties": {"highway": "service", "name": "", "bridge": "", "tunnel": "", "layer": "", "source": "osm"}, "geometry": {"type": "LineString", "coordinates": [[116.3339225, 39.9761821], [116.3340895, 39.9752972]]}}, {"type": "Feature", "properties": {"highway": "service", "name": "", "bridge": "", "tunnel": "", "layer": "", "source": "osm"}, "geometry": {"type": "LineString", "coordinates": [[116.3352289, 39.9762872], [116.3351587, 39.9768511], [116.3352771, 39.9770077], [116.3353624, 39.9770457], [116.3353997, 39.9770572]]}}, {"type": "Feature", "properties": {"highway": "footway", "name": "", "bridge": "", "tunnel": "", "layer": "", "source": "osm"}, "geometry": {"type": "LineString", "coordinates": [[116.3350214, 39.9779375], [116.334974, 39.9780849], [116.3348568, 39.9788737], [116.3347154, 39.9801161], [116.3346413, 39.9806014], [116.3345804, 39.9810034], [116.334519, 39.9815724]]}}, {"type": "Feature", "properties": {"highway": "footway", "name": "", "bridge": "", "tunnel": "", "layer": "", "source": "osm"}, "geometry": {"type": "LineString", "coordinates": [[116.3351312, 39.9779483], [116.3350781, 39.9782031], [116.3348795, 39.9797133]]}}, {"type": "Feature", "properties": {"highway": "footway", "name": "", "bridge": "", "tunnel": "", "layer": "", "source": "osm"}, "geometry": {"type": "LineString", "coordinates": [[116.334519, 39.9815724], [116.3345744, 39.9816279]]}}, {"type": "Feature", "properties": {"highway": "footway", "name": "", "bridge": "", "tunnel": "", "layer": "", "source": "osm"}, "geometry": {"type": "LineString", "coordinates": [[116.3326447, 39.9845649], [116.3326485, 39.9845106]]}}, {"type": "Feature", "properties": {"highway": "cycleway", "name": "", "bridge": "", "tunnel": "", "layer": "2", "source": "osm"}, "geometry": {"type": "LineString", "coordinates": [[116.3324749, 39.9845983], [116.3324899, 39.9845027], [116.3329283, 39.9819503], [116.3328938, 39.9816764], [116.3329138, 39.9815293], [116.3330469, 39.9807223], [116.3332867, 39.9792673], [116.3334867, 39.9786191], [116.3336982, 39.9774165]]}}, {"type": "Feature", "properties": {"highway": "footway", "name": "", "bridge": "", "tunnel": "", "layer": "", "source": "osm"}, "geometry": {"type": "LineString", "coordinates": [[116.3323391, 39.9854027], [116.3322729, 39.9857857], [116.3321935, 39.9862336], [116.3321252, 39.9866189], [116.3320817, 39.9868642], [116.3319965, 39.9868625], [116.3319776, 39.9872937], [116.3319719, 39.9874243], [116.3319648, 39.9875861], [116.3319533, 39.987847], [116.3319889, 39.987849]]}}, {"type": "Feature", "properties": {"highway": "footway", "name": "", "bridge": "", "tunnel": "", "layer": "", "source": "osm"}, "geometry": {"type": "LineString", "coordinates": [[116.3325348, 39.9845044], [116.3325083, 39.9846254]]}}, {"type": "Feature", "properties": {"highway": "cycleway", "name": "", "bridge": "", "tunnel": "", "layer": "", "source": "osm"}, "geometry": {"type": "LineString", "coordinates": [[116.3316925, 39.9867954], [116.3318461, 39.9867705], [116.3318985, 39.9867342], [116.3319467, 39.986677], [116.3319782, 39.9862643], [116.3320585, 39.9857015], [116.3321001, 39.9856369], [116.332255, 39.985469], [116.3322902, 39.9853894]]}}, {"type": "Feature", "properties": {"highway": "service", "name": "", "bridge": "", "tunnel": "", "layer": "", "source": "osm"}, "geometry": {"type": "LineString", "coordinates": [[116.3315389, 39.9868204], [116.3316488, 39.9868025], [116.3316925, 39.9867954], [116.3317269, 39.9867182], [116.3318363, 39.9854521]]}}, {"type": "Feature", "properties": {"highway": "footway", "name": "", "bridge": "yes", "tunnel": "", "layer": "2", "source": "osm"}, "geometry": {"type": "LineString", "coordinates": [[116.3325083, 39.9846254], [116.3323391, 39.9854027]]}}, {"type": "Feature", "properties": {"highway": "footway", "name": "", "bridge": "", "tunnel": "", "layer": "", "source": "osm"}, "geometry": {"type": "LineString", "coordinates": [[116.3320817, 39.9868642], [116.3321272, 39.9869022], [116.3321051, 39.9871203], [116.3320113, 39.9872945], [116.3319776, 39.9872937]]}}, {"type": "Feature", "properties": {"highway": "footway", "name": "", "bridge": "", "tunnel": "", "layer": "", "source": "osm"}, "geometry": {"type": "LineString", "coordinates": [[116.3319648, 39.9875861], [116.3319962, 39.9875877], [116.3319889, 39.987849], [116.3319827, 39.9880708], [116.3319955, 39.9882812], [116.3319802, 39.9887295], [116.3319986, 39.9887869], [116.3319943, 39.9889327], [116.3319342, 39.9889689], [116.3319261, 39.9891687], [116.3319543, 39.9891761], [116.3319672, 39.9891834], [116.3319811, 39.9891974], [116.3319887, 39.9892163], [116.3319838, 39.9892342], [116.3319739, 39.9892467], [116.3319577, 39.9892587], [116.3319223, 39.9892627], [116.3319161, 39.9894189], [116.332, 39.9895112], [116.3319715, 39.9902219], [116.3319434, 39.9909207], [116.3319335, 39.9911694], [116.331926, 39.9913544], [116.3319236, 39.9914142]]}}, {"type": "Feature", "properties": {"highway": "service", "name": "", "bridge": "", "tunnel": "", "layer": "", "source": "osm"}, "geometry": {"type": "LineString", "coordinates": [[116.3318255, 39.9894149], [116.3318323, 39.9892262], [116.3318871, 39.9877114]]}}, {"type": "Feature", "properties": {"highway": "footway", "name": "", "bridge": "", "tunnel": "", "layer": "", "source": "osm"}, "geometry": {"type": "LineString", "coordinates": [[116.332146, 39.9875382], [116.3319719, 39.9874243], [116.3319465, 39.9874082], [116.3319014, 39.9873797]]}}, {"type": "Feature", "properties": {"highway": "footway", "name": "", "bridge": "", "tunnel": "", "layer": "", "source": "osm"}, "geometry": {"type": "LineString", "coordinates": [[116.3323337, 39.9862451], [116.3321935, 39.9862336], [116.3320129, 39.9862189]]}}, {"type": "Feature", "properties": {"highway": "footway", "name": "", "bridge": "", "tunnel": "", "layer": "", "source": "osm"}, "geometry": {"type": "LineString", "coordinates": [[116.3322664, 39.9866269], [116.3321252, 39.9866189], [116.3319831, 39.9866108]]}}, {"type": "Feature", "properties": {"highway": "footway", "name": "", "bridge": "", "tunnel": "", "layer": "", "source": "osm"}, "geometry": {"type": "LineString", "coordinates": [[116.3319434, 39.9909207], [116.3320639, 39.9909674], [116.332142, 39.9910633], [116.3321431, 39.9911337], [116.3320852, 39.9912219], [116.3319924, 39.9911788], [116.3319335, 39.9911694]]}}, {"type": "Feature", "properties": {"highway": "footway", "name": "", "bridge": "", "tunnel": "", "layer": "", "source": "osm"}, "geometry": {"type": "LineString", "coordinates": [[116.3320852, 39.9912219], [116.3321552, 39.9913048], [116.3321687, 39.9913451], [116.3322613, 39.9913841], [116.3323804, 39.9913954], [116.3324253, 39.9914295]]}}, {"type": "Feature", "properties": {"highway": "footway", "name": "", "bridge": "", "tunnel": "", "layer": "", "source": "osm"}, "geometry": {"type": "LineString", "coordinates": [[116.3321687, 39.9913451], [116.3320861, 39.9913703], [116.331995, 39.9913653], [116.331926, 39.9913544]]}}, {"type": "Feature", "properties": {"highway": "footway", "name": "", "bridge": "", "tunnel": "", "layer": "", "source": "osm"}, "geometry": {"type": "LineString", "coordinates": [[116.3252409, 39.9911587], [116.3257843, 39.9902629], [116.3260344, 39.9898505]]}}, {"type": "Feature", "properties": {"highway": "footway", "name": "", "bridge": "", "tunnel": "", "layer": "", "source": "osm"}, "geometry": {"type": "LineString", "coordinates": [[116.3253107, 39.9911615], [116.3258419, 39.9902864], [116.3257843, 39.9902629]]}}, {"type": "Feature", "properties": {"highway": "service", "name": "", "bridge": "", "tunnel": "", "layer": "", "source": "osm"}, "geometry": {"type": "LineString", "coordinates": [[116.3318255, 39.9894149], [116.3317746, 39.9909399]]}}, {"type": "Feature", "properties": {"highway": "service", "name": "", "bridge": "", "tunnel": "", "layer": "", "source": "osm"}, "geometry": {"type": "LineString", "coordinates": [[116.3313232, 39.9892123], [116.3313943, 39.9892142], [116.3318323, 39.9892262]]}}, {"type": "Feature", "properties": {"highway": "cycleway", "name": "", "bridge": "", "tunnel": "", "layer": "", "source": "osm"}, "geometry": {"type": "LineString", "coordinates": [[116.3234502, 39.998318], [116.3234715, 39.9977211]]}}, {"type": "Feature", "properties": {"highway": "footway", "name": "", "bridge": "", "tunnel": "", "layer": "", "source": "osm"}, "geometry": {"type": "LineString", "coordinates": [[116.3044151, 39.9892703], [116.3042987, 39.9892686]]}}, {"type": "Feature", "properties": {"highway": "footway", "name": "", "bridge": "", "tunnel": "", "layer": "", "source": "osm"}, "geometry": {"type": "LineString", "coordinates": [[116.3040536, 39.9893852], [116.3040563, 39.9893195]]}}, {"type": "Feature", "properties": {"highway": "footway", "name": "", "bridge": "", "tunnel": "", "layer": "", "source": "osm"}, "geometry": {"type": "LineString", "coordinates": [[116.3040473, 39.9896015], [116.3040536, 39.9893852]]}}, {"type": "Feature", "properties": {"highway": "footway", "name": "", "bridge": "", "tunnel": "", "layer": "", "source": "osm"}, "geometry": {"type": "LineString", "coordinates": [[116.3040444, 39.9896792], [116.3040473, 39.9896015]]}}, {"type": "Feature", "properties": {"highway": "footway", "name": "", "bridge": "", "tunnel": "", "layer": "", "source": "osm"}, "geometry": {"type": "LineString", "coordinates": [[116.3045067, 39.9880767], [116.3045149, 39.9879483]]}}, {"type": "Feature", "properties": {"highway": "footway", "name": "", "bridge": "yes", "tunnel": "", "layer": "1", "source": "osm"}, "geometry": {"type": "LineString", "coordinates": [[116.3045149, 39.9879483], [116.3045166, 39.9879215]]}}, {"type": "Feature", "properties": {"highway": "footway", "name": "", "bridge": "", "tunnel": "", "layer": "", "source": "osm"}, "geometry": {"type": "LineString", "coordinates": [[116.3094879, 39.9865741], [116.3093677, 39.9865753]]}}, {"type": "Feature", "properties": {"highway": "footway", "name": "", "bridge": "", "tunnel": "", "layer": "", "source": "osm"}, "geometry": {"type": "LineString", "coordinates": [[116.3084707, 39.9863794], [116.3086992, 39.9863831], [116.3086975, 39.98642]]}}, {"type": "Feature", "properties": {"highway": "footway", "name": "", "bridge": "", "tunnel": "", "layer": "", "source": "osm"}, "geometry": {"type": "LineString", "coordinates": [[116.3053601, 39.9866329], [116.3055964, 39.9866362]]}}, {"type": "Feature", "properties": {"highway": "footway", "name": "", "bridge": "", "tunnel": "", "layer": "", "source": "osm"}, "geometry": {"type": "LineString", "coordinates": [[116.3054212, 39.98571], [116.3056833, 39.9857158]]}}, {"type": "Feature", "properties": {"highway": "footway", "name": "", "bridge": "", "tunnel": "", "layer": "", "source": "osm"}, "geometry": {"type": "LineString", "coordinates": [[116.3028546, 39.9856344], [116.3025588, 39.985626]]}}, {"type": "Feature", "properties": {"highway": "footway", "name": "", "bridge": "", "tunnel": "", "layer": "", "source": "osm"}, "geometry": {"type": "LineString", "coordinates": [[116.3010892, 39.9854553], [116.3017403, 39.9854703]]}}, {"type": "Feature", "properties": {"highway": "footway", "name": "", "bridge": "", "tunnel": "", "layer": "", "source": "osm"}, "geometry": {"type": "LineString", "coordinates": [[116.3028212, 39.9870744], [116.3026384, 39.987072]]}}, {"type": "Feature", "properties": {"highway": "footway", "name": "", "bridge": "", "tunnel": "", "layer": "", "source": "osm"}, "geometry": {"type": "LineString", "coordinates": [[116.301141, 39.9868563], [116.3007818, 39.9868394], [116.300784, 39.9867574], [116.3003903, 39.9867507]]}}, {"type": "Feature", "properties": {"highway": "footway", "name": "", "bridge": "", "tunnel": "", "layer": "", "source": "osm"}, "geometry": {"type": "LineString", "coordinates": [[116.3032855, 39.9934825], [116.3033323, 39.9933739], [116.3034896, 39.9933053], [116.3036884, 39.9933404]]}}, {"type": "Feature", "properties": {"highway": "footway", "name": "", "bridge": "yes", "tunnel": "", "layer": "1", "source": "osm"}, "geometry": {"type": "LineString", "coordinates": [[116.3036884, 39.9933404], [116.3037578, 39.9933494]]}}, {"type": "Feature", "properties": {"highway": "footway", "name": "", "bridge": "yes", "tunnel": "", "layer": "1", "source": "osm"}, "geometry": {"type": "LineString", "coordinates": [[116.3032553, 39.9935524], [116.3032855, 39.9934825]]}}, {"type": "Feature", "properties": {"highway": "footway", "name": "", "bridge": "", "tunnel": "", "layer": "", "source": "osm"}, "geometry": {"type": "LineString", "coordinates": [[116.2988352, 39.9925105], [116.2988962, 39.9925212], [116.2994217, 39.9925153]]}}, {"type": "Feature", "properties": {"highway": "footway", "name": "", "bridge": "", "tunnel": "", "layer": "", "source": "osm"}, "geometry": {"type": "LineString", "coordinates": [[116.2987009, 39.9924869], [116.2987741, 39.9924997]]}}, {"type": "Feature", "properties": {"highway": "footway", "name": "", "bridge": "yes", "tunnel": "", "layer": "1", "source": "osm"}, "geometry": {"type": "LineString", "coordinates": [[116.2987741, 39.9924997], [116.2988352, 39.9925105]]}}, {"type": "Feature", "properties": {"highway": "footway", "name": "", "bridge": "", "tunnel": "", "layer": "", "source": "osm"}, "geometry": {"type": "LineString", "coordinates": [[116.3043368, 39.9870757], [116.3042328, 39.9870771]]}}, {"type": "Feature", "properties": {"highway": "pedestrian", "name": "", "bridge": "", "tunnel": "", "layer": "", "source": "osm"}, "geometry": {"type": "LineString", "coordinates": [[116.3077493, 39.9891333], [116.3076388, 39.9890453], [116.3077611, 39.9889572], [116.307879, 39.9890509], [116.3077493, 39.9891333]]}}, {"type": "Feature", "properties": {"highway": "footway", "name": "", "bridge": "", "tunnel": "", "layer": "", "source": "osm"}, "geometry": {"type": "LineString", "coordinates": [[116.3016464, 39.990854], [116.3013225, 39.9908505]]}}, {"type": "Feature", "properties": {"highway": "footway", "name": "", "bridge": "", "tunnel": "", "layer": "", "source": "osm"}, "geometry": {"type": "LineString", "coordinates": [[116.3016639, 39.9903817], [116.3013371, 39.9903728]]}}, {"type": "Feature", "properties": {"highway": "footway", "name": "", "bridge": "", "tunnel": "", "layer": "", "source": "osm"}, "geometry": {"type": "LineString", "coordinates": [[116.3016821, 39.9898933], [116.3013519, 39.9898915]]}}, {"type": "Feature", "properties": {"highway": "footway", "name": "", "bridge": "", "tunnel": "", "layer": "", "source": "osm"}, "geometry": {"type": "LineString", "coordinates": [[116.3024817, 39.9899111], [116.3028292, 39.9899128]]}}, {"type": "Feature", "properties": {"highway": "footway", "name": "", "bridge": "", "tunnel": "", "layer": "", "source": "osm"}, "geometry": {"type": "LineString", "coordinates": [[116.3024666, 39.9903888], [116.3028151, 39.9903888]]}}, {"type": "Feature", "properties": {"highway": "footway", "name": "", "bridge": "", "tunnel": "", "layer": "", "source": "osm"}, "geometry": {"type": "LineString", "coordinates": [[116.3024513, 39.9908752], [116.3028006, 39.9908752]]}}, {"type": "Feature", "properties": {"highway": "footway", "name": "", "bridge": "", "tunnel": "", "layer": "", "source": "osm"}, "geometry": {"type": "LineString", "coordinates": [[116.3020321, 39.9896352], [116.3020285, 39.9898065]]}}, {"type": "Feature", "properties": {"highway": "footway", "name": "", "bridge": "", "tunnel": "", "layer": "", "source": "osm"}, "geometry": {"type": "LineString", "coordinates": [[116.3024498, 39.9887038], [116.3028364, 39.9887073], [116.3032769, 39.988702]]}}, {"type": "Feature", "properties": {"highway": "footway", "name": "", "bridge": "", "tunnel": "", "layer": "", "source": "osm"}, "geometry": {"type": "LineString", "coordinates": [[116.3032737, 39.9889833], [116.3034887, 39.9889884]]}}, {"type": "Feature", "properties": {"highway": "footway", "name": "", "bridge": "", "tunnel": "", "layer": "", "source": "osm"}, "geometry": {"type": "LineString", "coordinates": [[116.2995095, 39.9897677], [116.2995155, 39.9896919]]}}, {"type": "Feature", "properties": {"highway": "footway", "name": "", "bridge": "", "tunnel": "", "layer": "", "source": "osm"}, "geometry": {"type": "LineString", "coordinates": [[116.3077765, 39.9887266], [116.3077611, 39.9889572]]}}, {"type": "Feature", "properties": {"highway": "footway", "name": "", "bridge": "", "tunnel": "", "layer": "", "source": "osm"}, "geometry": {"type": "LineString", "coordinates": [[116.3077493, 39.9891333], [116.3077395, 39.9892774]]}}, {"type": "Feature", "properties": {"highway": "service", "name": "", "bridge": "", "tunnel": "", "layer": "", "source": "osm"}, "geometry": {"type": "LineString", "coordinates": [[116.330668, 39.9991433], [116.3306661, 39.9991698], [116.3306471, 39.9996186], [116.3306227, 40.0001269], [116.3306216, 40.0001576]]}}, {"type": "Feature", "properties": {"highway": "service", "name": "", "bridge": "", "tunnel": "", "layer": "", "source": "osm"}, "geometry": {"type": "LineString", "coordinates": [[116.3253844, 39.9950511], [116.3253819, 39.9951391], [116.3252316, 39.9951376]]}}, {"type": "Feature", "properties": {"highway": "service", "name": "", "bridge": "", "tunnel": "", "layer": "", "source": "osm"}, "geometry": {"type": "LineString", "coordinates": [[116.3253819, 39.9951391], [116.3255175, 39.9951411]]}}, {"type": "Feature", "properties": {"highway": "service", "name": "", "bridge": "", "tunnel": "", "layer": "", "source": "osm"}, "geometry": {"type": "LineString", "coordinates": [[116.3038485, 39.9740803], [116.3063594, 39.9741495]]}}, {"type": "Feature", "properties": {"highway": "residential", "name": "", "bridge": "", "tunnel": "", "layer": "", "source": "osm"}, "geometry": {"type": "LineString", "coordinates": [[116.3311225, 39.9805504], [116.3311646, 39.9802584], [116.3311885, 39.9800929], [116.3312743, 39.9791204]]}}, {"type": "Feature", "properties": {"highway": "footway", "name": "", "bridge": "", "tunnel": "", "layer": "", "source": "osm"}, "geometry": {"type": "LineString", "coordinates": [[116.3312743, 39.9791204], [116.3322737, 39.9792221], [116.3323991, 39.9793196], [116.3328109, 39.9793707]]}}, {"type": "Feature", "properties": {"highway": "footway", "name": "", "bridge": "", "tunnel": "", "layer": "", "source": "osm"}, "geometry": {"type": "LineString", "coordinates": [[116.3311885, 39.9800929], [116.3319528, 39.9801616], [116.3318911, 39.9806155]]}}, {"type": "Feature", "properties": {"highway": "residential", "name": "", "bridge": "", "tunnel": "", "layer": "1", "source": "osm"}, "geometry": {"type": "LineString", "coordinates": [[116.3120239, 39.9906519], [116.3120502, 39.9900758], [116.3120627, 39.9897077], [116.3120743, 39.9893853], [116.3120966, 39.9890293]]}}, {"type": "Feature", "properties": {"highway": "residential", "name": "", "bridge": "", "tunnel": "", "layer": "", "source": "osm"}, "geometry": {"type": "LineString", "coordinates": [[116.3131475, 39.9883574], [116.3131803, 39.9878812], [116.3131902, 39.9877687], [116.3121853, 39.9877198], [116.3121748, 39.9878339], [116.3121516, 39.9880889]]}}, {"type": "Feature", "properties": {"highway": "residential", "name": "", "bridge": "", "tunnel": "", "layer": "", "source": "osm"}, "geometry": {"type": "LineString", "coordinates": [[116.3121748, 39.9878339], [116.3112511, 39.9877883], [116.3112101, 39.9877864], [116.3111764, 39.9877848]]}}, {"type": "Feature", "properties": {"highway": "unclassified", "name": "", "bridge": "", "tunnel": "", "layer": "", "source": "osm"}, "geometry": {"type": "LineString", "coordinates": [[116.3112511, 39.9877883], [116.3112026, 39.9883255], [116.3111788, 39.9885897], [116.3111674, 39.9887165]]}}, {"type": "Feature", "properties": {"highway": "unclassified", "name": "", "bridge": "", "tunnel": "", "layer": "", "source": "osm"}, "geometry": {"type": "LineString", "coordinates": [[116.3120449, 39.9886259], [116.3111788, 39.9885897]]}}, {"type": "Feature", "properties": {"highway": "footway", "name": "", "bridge": "yes", "tunnel": "", "layer": "1", "source": "osm"}, "geometry": {"type": "LineString", "coordinates": [[116.3127171, 39.9887251], [116.3127409, 39.9883039]]}}, {"type": "Feature", "properties": {"highway": "footway", "name": "", "bridge": "yes", "tunnel": "", "layer": "1", "source": "osm"}, "geometry": {"type": "LineString", "coordinates": [[116.3122497, 39.9880041], [116.3120716, 39.9879973]]}}, {"type": "Feature", "properties": {"highway": "footway", "name": "", "bridge": "", "tunnel": "", "layer": "", "source": "osm"}, "geometry": {"type": "LineString", "coordinates": [[116.3111481, 39.9889313], [116.3121008, 39.9889728], [116.3121604, 39.9889747], [116.3134389, 39.9890212], [116.3136729, 39.9890283], [116.3137212, 39.9890298]]}}, {"type": "Feature", "properties": {"highway": "footway", "name": "", "bridge": "", "tunnel": "", "layer": "", "source": "osm"}, "geometry": {"type": "LineString", "coordinates": [[116.3134389, 39.9890212], [116.313456, 39.9887047], [116.3132962, 39.9887007], [116.3121731, 39.9886729], [116.312115, 39.9886715]]}}, {"type": "Feature", "properties": {"highway": "footway", "name": "", "bridge": "", "tunnel": "", "layer": "", "source": "osm"}, "geometry": {"type": "LineString", "coordinates": [[116.3121731, 39.9886729], [116.3121604, 39.9889747]]}}, {"type": "Feature", "properties": {"highway": "footway", "name": "", "bridge": "", "tunnel": "", "layer": "", "source": "osm"}, "geometry": {"type": "LineString", "coordinates": [[116.3121731, 39.9886729], [116.3122068, 39.9881511], [116.3122098, 39.9881038]]}}, {"type": "Feature", "properties": {"highway": "footway", "name": "", "bridge": "", "tunnel": "", "layer": "", "source": "osm"}, "geometry": {"type": "LineString", "coordinates": [[116.3137404, 39.9887111], [116.3136923, 39.9887096], [116.313456, 39.9887047]]}}, {"type": "Feature", "properties": {"highway": "footway", "name": "", "bridge": "", "tunnel": "", "layer": "", "source": "osm"}, "geometry": {"type": "LineString", "coordinates": [[116.3136729, 39.9890283], [116.3136923, 39.9887096]]}}, {"type": "Feature", "properties": {"highway": "footway", "name": "", "bridge": "", "tunnel": "", "layer": "", "source": "osm"}, "geometry": {"type": "LineString", "coordinates": [[116.3137404, 39.9887111], [116.3137885, 39.9887122], [116.314507, 39.9887292], [116.3145499, 39.9887302]]}}, {"type": "Feature", "properties": {"highway": "footway", "name": "", "bridge": "", "tunnel": "", "layer": "", "source": "osm"}, "geometry": {"type": "LineString", "coordinates": [[116.3122068, 39.9881511], [116.3122599, 39.9881627], [116.3123177, 39.9881845], [116.3123654, 39.9882177], [116.3124089, 39.9882541], [116.3124539, 39.9882826], [116.312504, 39.9883151], [116.3125737, 39.9883539], [116.3126428, 39.9883831], [116.312698, 39.9883978], [116.3127528, 39.9884097], [116.3128184, 39.9884203], [116.3128807, 39.9884231], [116.3129484, 39.9884252], [116.3130108, 39.988419], [116.3130728, 39.9884097], [116.3131416, 39.9883995], [116.3132116, 39.9883862], [116.3132842, 39.9883756], [116.3133457, 39.9883697], [116.3134216, 39.9883651], [116.3135025, 39.9883633], [116.3135774, 39.9883633], [116.313644, 39.9883712], [116.3137096, 39.9883777], [116.3136923, 39.9887096]]}}, {"type": "Feature", "properties": {"highway": "footway", "name": "", "bridge": "", "tunnel": "", "layer": "", "source": "osm"}, "geometry": {"type": "LineString", "coordinates": [[116.3137245, 39.9889744], [116.3145318, 39.9889954]]}}, {"type": "Feature", "properties": {"highway": "footway", "name": "", "bridge": "", "tunnel": "", "layer": "", "source": "osm"}, "geometry": {"type": "LineString", "coordinates": [[116.3137736, 39.9890313], [116.3137885, 39.9887122]]}}, {"type": "Feature", "properties": {"highway": "footway", "name": "", "bridge": "", "tunnel": "", "layer": "", "source": "osm"}, "geometry": {"type": "LineString", "coordinates": [[116.3144892, 39.9890515], [116.314507, 39.9887292]]}}, {"type": "Feature", "properties": {"highway": "footway", "name": "", "bridge": "", "tunnel": "", "layer": "", "source": "osm"}, "geometry": {"type": "LineString", "coordinates": [[116.3326892, 39.9806702], [116.3327545, 39.9807016]]}}, {"type": "Feature", "properties": {"highway": "cycleway", "name": "", "bridge": "", "tunnel": "", "layer": "", "source": "osm"}, "geometry": {"type": "LineString", "coordinates": [[116.3322902, 39.9853894], [116.3323391, 39.9854027], [116.3324387, 39.9854223], [116.3326056, 39.9854393]]}}, {"type": "Feature", "properties": {"highway": "residential", "name": "", "bridge": "", "tunnel": "", "layer": "", "source": "osm"}, "geometry": {"type": "LineString", "coordinates": [[116.3111674, 39.9887165], [116.3111481, 39.9889313], [116.3111433, 39.9889853]]}}, {"type": "Feature", "properties": {"highway": "tertiary", "name": "双清路", "bridge": "", "tunnel": "", "layer": "", "source": "osm"}, "geometry": {"type": "LineString", "coordinates": [[116.3266948, 39.9939492], [116.3267916, 39.9940259]]}}, {"type": "Feature", "properties": {"highway": "service", "name": "", "bridge": "", "tunnel": "", "layer": "", "source": "osm"}, "geometry": {"type": "LineString", "coordinates": [[116.3059431, 39.9722992], [116.3060895, 39.972232]]}}, {"type": "Feature", "properties": {"highway": "service", "name": "", "bridge": "", "tunnel": "", "layer": "", "source": "osm"}, "geometry": {"type": "LineString", "coordinates": [[116.3092043, 39.9728918], [116.3092314, 39.9726336], [116.3092415, 39.9725388], [116.3090785, 39.9725245]]}}, {"type": "Feature", "properties": {"highway": "service", "name": "", "bridge": "", "tunnel": "", "layer": "", "source": "osm"}, "geometry": {"type": "LineString", "coordinates": [[116.3092314, 39.9726336], [116.3097865, 39.9726601], [116.3097536, 39.9729241]]}}, {"type": "Feature", "properties": {"highway": "path", "name": "", "bridge": "", "tunnel": "", "layer": "", "source": "osm"}, "geometry": {"type": "LineString", "coordinates": [[116.3090785, 39.9725245], [116.3090566, 39.9724461], [116.3083362, 39.9723856], [116.3082448, 39.9724319]]}}, {"type": "Feature", "properties": {"highway": "service", "name": "", "bridge": "", "tunnel": "", "layer": "", "source": "osm"}, "geometry": {"type": "LineString", "coordinates": [[116.3082029, 39.9726861], [116.3082448, 39.9724319], [116.307275, 39.9723555], [116.3069734, 39.9723318]]}}, {"type": "Feature", "properties": {"highway": "service", "name": "", "bridge": "", "tunnel": "", "layer": "", "source": "osm"}, "geometry": {"type": "LineString", "coordinates": [[116.3082157, 39.9735343], [116.3083796, 39.9736879], [116.3083426, 39.97397]]}}, {"type": "Feature", "properties": {"highway": "steps", "name": "", "bridge": "", "tunnel": "", "layer": "", "source": "osm"}, "geometry": {"type": "LineString", "coordinates": [[116.3108914, 39.9744836], [116.31101, 39.9744872]]}}, {"type": "Feature", "properties": {"highway": "footway", "name": "", "bridge": "", "tunnel": "", "layer": "", "source": "osm"}, "geometry": {"type": "LineString", "coordinates": [[116.3117514, 39.9883432], [116.3116791, 39.9883433]]}}, {"type": "Feature", "properties": {"highway": "footway", "name": "", "bridge": "", "tunnel": "", "layer": "", "source": "osm"}, "geometry": {"type": "LineString", "coordinates": [[116.3113851, 39.9883344], [116.3112026, 39.9883255]]}}, {"type": "Feature", "properties": {"highway": "footway", "name": "", "bridge": "", "tunnel": "", "layer": "", "source": "osm"}, "geometry": {"type": "LineString", "coordinates": [[116.3021354, 39.9984067], [116.3025356, 39.9985019], [116.3029699, 39.9986166]]}}, {"type": "Feature", "properties": {"highway": "path", "name": "", "bridge": "", "tunnel": "", "layer": "", "source": "osm"}, "geometry": {"type": "LineString", "coordinates": [[116.301433, 39.9982395], [116.3010842, 39.9988163], [116.3009878, 39.9992071]]}}, {"type": "Feature", "properties": {"highway": "residential", "name": "海淀东一街", "bridge": "", "tunnel": "", "layer": "", "source": "osm"}, "geometry": {"type": "LineString", "coordinates": [[116.3075664, 39.9800708], [116.3075416, 39.9800803], [116.3074542, 39.9801138], [116.3073484, 39.9801533]]}}, {"type": "Feature", "properties": {"highway": "residential", "name": "海淀东一街", "bridge": "", "tunnel": "yes", "layer": "-1", "source": "osm"}, "geometry": {"type": "LineString", "coordinates": [[116.30764, 39.9800426], [116.3075664, 39.9800708]]}}, {"type": "Feature", "properties": {"highway": "residential", "name": "海淀东一街", "bridge": "", "tunnel": "", "layer": "", "source": "osm"}, "geometry": {"type": "LineString", "coordinates": [[116.3072983, 39.9800947], [116.30741, 39.9800565], [116.3074757, 39.9800262], [116.3075194, 39.9800096]]}}, {"type": "Feature", "properties": {"highway": "residential", "name": "海淀东一街", "bridge": "", "tunnel": "yes", "layer": "-1", "source": "osm"}, "geometry": {"type": "LineString", "coordinates": [[116.3075194, 39.9800096], [116.307593, 39.9799816]]}}, {"type": "Feature", "properties": {"highway": "tertiary", "name": "海淀东一街", "bridge": "", "tunnel": "", "layer": "", "source": "osm"}, "geometry": {"type": "LineString", "coordinates": [[116.3083139, 39.9797846], [116.308294, 39.9797922], [116.3081901, 39.979832], [116.308123, 39.9798577], [116.3080145, 39.9798993], [116.3079512, 39.9799235], [116.3078245, 39.979972], [116.3077891, 39.9799855], [116.3076599, 39.980035], [116.30764, 39.9800426]]}}, {"type": "Feature", "properties": {"highway": "residential", "name": "海淀东一街", "bridge": "", "tunnel": "yes", "layer": "-1", "source": "osm"}, "geometry": {"type": "LineString", "coordinates": [[116.3083875, 39.9797564], [116.3083139, 39.9797846]]}}, {"type": "Feature", "properties": {"highway": "tertiary", "name": "海淀东一街", "bridge": "", "tunnel": "", "layer": "", "source": "osm"}, "geometry": {"type": "LineString", "coordinates": [[116.307593, 39.9799816], [116.3076134, 39.9799739], [116.307746, 39.9799234], [116.3077846, 39.9799088], [116.307905, 39.979863], [116.3079553, 39.9798439], [116.3079753, 39.9798363], [116.3080827, 39.9797955], [116.3081523, 39.979769], [116.3082524, 39.979731], [116.30828, 39.9797205]]}}, {"type": "Feature", "properties": {"highway": "residential", "name": "海淀东一街", "bridge": "", "tunnel": "yes", "layer": "-1", "source": "osm"}, "geometry": {"type": "LineString", "coordinates": [[116.30828, 39.9797205], [116.3083536, 39.9796925]]}}, {"type": "Feature", "properties": {"highway": "footway", "name": "", "bridge": "", "tunnel": "", "layer": "", "source": "osm"}, "geometry": {"type": "LineString", "coordinates": [[116.3092698, 39.978015], [116.3091874, 39.977888], [116.3092008, 39.9777981], [116.3092283, 39.9776136]]}}, {"type": "Feature", "properties": {"highway": "footway", "name": "", "bridge": "", "tunnel": "", "layer": "", "source": "osm"}, "geometry": {"type": "LineString", "coordinates": [[116.3092963, 39.9783892], [116.3092656, 39.9783507], [116.3090648, 39.9780985]]}}, {"type": "Feature", "properties": {"highway": "footway", "name": "", "bridge": "", "tunnel": "", "layer": "", "source": "osm"}, "geometry": {"type": "LineString", "coordinates": [[116.3097473, 39.9778208], [116.3096976, 39.9781216], [116.3096631, 39.9781446], [116.3094951, 39.9782566], [116.3092963, 39.9783892]]}}, {"type": "Feature", "properties": {"highway": "footway", "name": "", "bridge": "", "tunnel": "", "layer": "", "source": "osm"}, "geometry": {"type": "LineString", "coordinates": [[116.3097473, 39.9778208], [116.3097662, 39.9776387]]}}, {"type": "Feature", "properties": {"highway": "footway", "name": "", "bridge": "", "tunnel": "", "layer": "", "source": "osm"}, "geometry": {"type": "LineString", "coordinates": [[116.3097473, 39.9778208], [116.3092008, 39.9777981], [116.3084717, 39.9777682], [116.308291, 39.9777607]]}}, {"type": "Feature", "properties": {"highway": "footway", "name": "", "bridge": "", "tunnel": "", "layer": "", "source": "osm"}, "geometry": {"type": "LineString", "coordinates": [[116.3084717, 39.9777682], [116.3084998, 39.9775815]]}}, {"type": "Feature", "properties": {"highway": "footway", "name": "", "bridge": "", "tunnel": "", "layer": "", "source": "osm"}, "geometry": {"type": "LineString", "coordinates": [[116.3087014, 39.9789732], [116.3084897, 39.978759]]}}, {"type": "Feature", "properties": {"highway": "footway", "name": "", "bridge": "", "tunnel": "", "layer": "", "source": "osm"}, "geometry": {"type": "LineString", "coordinates": [[116.3079272, 39.9791894], [116.3079489, 39.9791686], [116.3079536, 39.9791415], [116.3079536, 39.979115], [116.3079503, 39.9790945], [116.30795, 39.9790797], [116.307957, 39.9790652], [116.3079717, 39.9790472], [116.308487, 39.9787543]]}}, {"type": "Feature", "properties": {"highway": "footway", "name": "", "bridge": "", "tunnel": "", "layer": "", "source": "osm"}, "geometry": {"type": "LineString", "coordinates": [[116.3084897, 39.978759], [116.308487, 39.9787543]]}}, {"type": "Feature", "properties": {"highway": "footway", "name": "", "bridge": "", "tunnel": "", "layer": "", "source": "osm"}, "geometry": {"type": "LineString", "coordinates": [[116.308487, 39.9787543], [116.3087999, 39.9785921], [116.3091195, 39.9784265], [116.3092656, 39.9783507]]}}, {"type": "Feature", "properties": {"highway": "footway", "name": "", "bridge": "", "tunnel": "", "layer": "", "source": "osm"}, "geometry": {"type": "LineString", "coordinates": [[116.3089373, 39.9788339], [116.3087999, 39.9785921]]}}, {"type": "Feature", "properties": {"highway": "footway", "name": "", "bridge": "", "tunnel": "", "layer": "", "source": "osm"}, "geometry": {"type": "LineString", "coordinates": [[116.3095294, 39.9794413], [116.3095793, 39.9790274], [116.3095813, 39.9790109], [116.3096123, 39.9789818], [116.3096433, 39.9789664], [116.3095329, 39.9788742], [116.3095159, 39.97886], [116.3094561, 39.9787899], [116.3093964, 39.9787327], [116.3093423, 39.9786669], [116.3093179, 39.9786449], [116.30929, 39.9786197], [116.3092907, 39.9785946], [116.3092963, 39.9783892]]}}, {"type": "Feature", "properties": {"highway": "footway", "name": "", "bridge": "", "tunnel": "", "layer": "", "source": "osm"}, "geometry": {"type": "LineString", "coordinates": [[116.3093179, 39.9786449], [116.3093338, 39.9786369], [116.3104191, 39.9780937]]}}, {"type": "Feature", "properties": {"highway": "footway", "name": "", "bridge": "", "tunnel": "", "layer": "", "source": "osm"}, "geometry": {"type": "LineString", "coordinates": [[116.3093447, 39.9790092], [116.3095329, 39.9788742], [116.3095602, 39.9788593], [116.3104285, 39.9783836]]}}, {"type": "Feature", "properties": {"highway": "tertiary", "name": "知春路", "bridge": "", "tunnel": "", "layer": "", "source": "osm"}, "geometry": {"type": "LineString", "coordinates": [[116.323494, 39.9751859], [116.3220106, 39.9751452], [116.3204513, 39.9751017], [116.320045, 39.9750996], [116.3199775, 39.9751042]]}}, {"type": "Feature", "properties": {"highway": "primary", "name": "知春路", "bridge": "", "tunnel": "", "layer": "", "source": "osm"}, "geometry": {"type": "LineString", "coordinates": [[116.3238062, 39.9751174], [116.3216878, 39.9750606], [116.3201162, 39.9750126]]}}, {"type": "Feature", "properties": {"highway": "primary_link", "name": "", "bridge": "", "tunnel": "", "layer": "", "source": "osm"}, "geometry": {"type": "LineString", "coordinates": [[116.3201162, 39.9750126], [116.3199775, 39.9751042]]}}, {"type": "Feature", "properties": {"highway": "footway", "name": "", "bridge": "", "tunnel": "yes", "layer": "-1", "source": "osm"}, "geometry": {"type": "LineString", "coordinates": [[116.3084446, 39.9771557], [116.3083921, 39.9778098]]}}, {"type": "Feature", "properties": {"highway": "service", "name": "", "bridge": "", "tunnel": "", "layer": "", "source": "osm"}, "geometry": {"type": "LineString", "coordinates": [[116.3073919, 39.9985752], [116.3073166, 39.9988788], [116.3086666, 39.9990562]]}}, {"type": "Feature", "properties": {"highway": "footway", "name": "", "bridge": "", "tunnel": "", "layer": "", "source": "osm"}, "geometry": {"type": "LineString", "coordinates": [[116.3065303, 39.9990263], [116.3071458, 39.9991371], [116.3072199, 39.9988615], [116.3072604, 39.9988687], [116.3073166, 39.9988788]]}}, {"type": "Feature", "properties": {"highway": "footway", "name": "", "bridge": "", "tunnel": "", "layer": "", "source": "osm"}, "geometry": {"type": "LineString", "coordinates": [[116.3047702, 39.9986042], [116.3038908, 39.9984922], [116.3035897, 39.9984899], [116.3028724, 39.9982802]]}}, {"type": "Feature", "properties": {"highway": "tertiary", "name": "大运村路", "bridge": "", "tunnel": "", "layer": "", "source": "osm"}, "geometry": {"type": "LineString", "coordinates": [[116.3345432, 39.9846247], [116.334545, 39.9845872], [116.3345462, 39.9845477], [116.3345696, 39.9837833]]}}, {"type": "Feature", "properties": {"highway": "service", "name": "", "bridge": "", "tunnel": "", "layer": "", "source": "osm"}, "geometry": {"type": "LineString", "coordinates": [[116.3348946, 39.9757687], [116.3348789, 39.9758961]]}}, {"type": "Feature", "properties": {"highway": "service", "name": "", "bridge": "", "tunnel": "", "layer": "", "source": "osm"}, "geometry": {"type": "LineString", "coordinates": [[116.3349042, 39.9756907], [116.3348946, 39.9757687]]}}, {"type": "Feature", "properties": {"highway": "service", "name": "", "bridge": "", "tunnel": "", "layer": "", "source": "osm"}, "geometry": {"type": "LineString", "coordinates": [[116.3348789, 39.9758961], [116.3343657, 39.9758617], [116.3344075, 39.9754447], [116.3349307, 39.9754747], [116.3349042, 39.9756907]]}}, {"type": "Feature", "properties": {"highway": "footway", "name": "", "bridge": "", "tunnel": "", "layer": "", "source": "osm"}, "geometry": {"type": "LineString", "coordinates": [[116.2998653, 39.9696731], [116.2998483, 39.9696584]]}}, {"type": "Feature", "properties": {"highway": "footway", "name": "", "bridge": "", "tunnel": "", "layer": "", "source": "osm"}, "geometry": {"type": "LineString", "coordinates": [[116.3000236, 39.9699403], [116.3000545, 39.9699588], [116.3000786, 39.9699732], [116.3001242, 39.9699845], [116.3001759, 39.9699809], [116.3002087, 39.9699649], [116.3002543, 39.9699506], [116.3003026, 39.9699454], [116.3003241, 39.9699639], [116.3003522, 39.9699783], [116.300371, 39.969987], [116.3004005, 39.9699973], [116.3004358, 39.9699952]]}}, {"type": "Feature", "properties": {"highway": "footway", "name": "", "bridge": "", "tunnel": "", "layer": "", "source": "osm"}, "geometry": {"type": "LineString", "coordinates": [[116.3003093, 39.9698262], [116.3002758, 39.9698406], [116.3002516, 39.9698653], [116.3002302, 39.9698838], [116.3002007, 39.9698858], [116.3001658, 39.9698992], [116.3001148, 39.9699187], [116.3000679, 39.9699269], [116.3000236, 39.9699403], [116.2999861, 39.9699413], [116.2999472, 39.9699423], [116.2999083, 39.9699393], [116.2998547, 39.9699321], [116.299797, 39.9699166], [116.2997608, 39.9699002], [116.2997273, 39.9698889]]}}, {"type": "Feature", "properties": {"highway": "footway", "name": "", "bridge": "", "tunnel": "", "layer": "", "source": "osm"}, "geometry": {"type": "LineString", "coordinates": [[116.2995456, 39.9698418], [116.2996039, 39.9698724], [116.2996642, 39.9698899], [116.2997273, 39.9698889], [116.2997568, 39.96982], [116.2998091, 39.9697275], [116.2998265, 39.9697008], [116.2998653, 39.9696731], [116.2999338, 39.9696926], [116.2999727, 39.9697223], [116.2999767, 39.9697615], [116.2999968, 39.9697964], [116.3000263, 39.9698272], [116.30008, 39.9698364], [116.3001349, 39.9698355], [116.3001873, 39.9698149], [116.3002516, 39.9697872], [116.3003093, 39.9698262], [116.3003616, 39.9698365], [116.3004568, 39.9698414]]}}, {"type": "Feature", "properties": {"highway": "tertiary", "name": "北四环西路辅路", "bridge": "", "tunnel": "", "layer": "", "source": "osm"}, "geometry": {"type": "LineString", "coordinates": [[116.321115, 39.9847369], [116.3202901, 39.9847078], [116.3193384, 39.9846796], [116.3177089, 39.9846313], [116.3164148, 39.9845907]]}}, {"type": "Feature", "properties": {"highway": "footway", "name": "", "bridge": "", "tunnel": "", "layer": "", "source": "osm"}, "geometry": {"type": "LineString", "coordinates": [[116.3101118, 39.9906584], [116.3100076, 39.9905456], [116.3100392, 39.989726], [116.3100262, 39.9895647], [116.3101, 39.9895793], [116.310136, 39.9890719], [116.3100662, 39.9890512], [116.3100805, 39.9889379]]}}, {"type": "Feature", "properties": {"highway": "footway", "name": "", "bridge": "", "tunnel": "", "layer": "", "source": "osm"}, "geometry": {"type": "LineString", "coordinates": [[116.3100805, 39.9889379], [116.3101338, 39.9882074], [116.3102133, 39.9871413], [116.3102171, 39.9870908], [116.310262, 39.9866], [116.3102647, 39.9864912]]}}, {"type": "Feature", "properties": {"highway": "footway", "name": "", "bridge": "", "tunnel": "", "layer": "", "source": "osm"}, "geometry": {"type": "LineString", "coordinates": [[116.3003267, 39.969524], [116.3002945, 39.9695271], [116.3001242, 39.9696165], [116.3000706, 39.9696206], [116.3000196, 39.9696381], [116.2999767, 39.9696546], [116.2999338, 39.9696926]]}}, {"type": "Feature", "properties": {"highway": "footway", "name": "", "bridge": "", "tunnel": "", "layer": "", "source": "osm"}, "geometry": {"type": "LineString", "coordinates": [[116.3004568, 39.9695145], [116.3003696, 39.9695137], [116.3003267, 39.969524], [116.3002798, 39.9695065], [116.3002235, 39.9695045], [116.3001806, 39.9695035], [116.3001097, 39.9695]]}}, {"type": "Feature", "properties": {"highway": "unclassified", "name": "", "bridge": "", "tunnel": "", "layer": "-1", "source": "osm"}, "geometry": {"type": "LineString", "coordinates": [[116.329574, 39.9862895], [116.3296364, 39.9860705], [116.3297688, 39.9856091], [116.3299962, 39.9856227], [116.3314212, 39.9856944]]}}, {"type": "Feature", "properties": {"highway": "footway", "name": "", "bridge": "", "tunnel": "", "layer": "", "source": "osm"}, "geometry": {"type": "LineString", "coordinates": [[116.331657, 39.986837], [116.3316488, 39.9868025], [116.331638, 39.9867571]]}}, {"type": "Feature", "properties": {"highway": "footway", "name": "", "bridge": "", "tunnel": "", "layer": "", "source": "osm"}, "geometry": {"type": "LineString", "coordinates": [[116.3305174, 39.9865134], [116.330462, 39.9865048], [116.3303962, 39.9864946], [116.3302798, 39.9864766]]}}, {"type": "Feature", "properties": {"highway": "footway", "name": "", "bridge": "", "tunnel": "", "layer": "", "source": "osm"}, "geometry": {"type": "LineString", "coordinates": [[116.3295489, 39.9862402], [116.3303039, 39.9863431], [116.330486, 39.9863679], [116.3313527, 39.9864859]]}}, {"type": "Feature", "properties": {"highway": "footway", "name": "", "bridge": "", "tunnel": "", "layer": "", "source": "osm"}, "geometry": {"type": "LineString", "coordinates": [[116.3302798, 39.9864766], [116.3302963, 39.986385], [116.3303039, 39.9863431]]}}, {"type": "Feature", "properties": {"highway": "footway", "name": "", "bridge": "", "tunnel": "", "layer": "", "source": "osm"}, "geometry": {"type": "LineString", "coordinates": [[116.330462, 39.9865048], [116.3304788, 39.9864089], [116.330486, 39.9863679]]}}, {"type": "Feature", "properties": {"highway": "footway", "name": "", "bridge": "", "tunnel": "", "layer": "", "source": "osm"}, "geometry": {"type": "LineString", "coordinates": [[116.3313852, 39.9867668], [116.3313584, 39.9867172], [116.3312605, 39.9865985], [116.3311923, 39.9865547], [116.3305492, 39.9864897], [116.3305174, 39.9865134], [116.3304771, 39.9865586], [116.330474, 39.9871686]]}}, {"type": "Feature", "properties": {"highway": "footway", "name": "", "bridge": "", "tunnel": "", "layer": "", "source": "osm"}, "geometry": {"type": "LineString", "coordinates": [[116.331415, 39.9868816], [116.3313998, 39.986823], [116.3313852, 39.9867668]]}}, {"type": "Feature", "properties": {"highway": "service", "name": "", "bridge": "", "tunnel": "", "layer": "", "source": "osm"}, "geometry": {"type": "LineString", "coordinates": [[116.3107664, 39.9889684], [116.3107595, 39.989082], [116.3107455, 39.9892212], [116.3111816, 39.9892323]]}}, {"type": "Feature", "properties": {"highway": "service", "name": "", "bridge": "", "tunnel": "", "layer": "", "source": "osm"}, "geometry": {"type": "LineString", "coordinates": [[116.3107455, 39.9892212], [116.3107026, 39.9896773]]}}, {"type": "Feature", "properties": {"highway": "residential", "name": "", "bridge": "", "tunnel": "", "layer": "", "source": "osm"}, "geometry": {"type": "LineString", "coordinates": [[116.3369314, 39.9965755], [116.3377797, 39.9966027]]}}, {"type": "Feature", "properties": {"highway": "residential", "name": "", "bridge": "", "tunnel": "", "layer": "", "source": "osm"}, "geometry": {"type": "LineString", "coordinates": [[116.3368865, 39.9976118], [116.3369314, 39.9965755]]}}, {"type": "Feature", "properties": {"highway": "residential", "name": "", "bridge": "", "tunnel": "", "layer": "", "source": "osm"}, "geometry": {"type": "LineString", "coordinates": [[116.3377072, 39.9976685], [116.3387694, 39.9977342]]}}, {"type": "Feature", "properties": {"highway": "residential", "name": "", "bridge": "", "tunnel": "", "layer": "", "source": "osm"}, "geometry": {"type": "LineString", "coordinates": [[116.3381009, 39.9973152], [116.3381223, 39.9969248], [116.3381438, 39.9966166], [116.3377797, 39.9966027]]}}, {"type": "Feature", "properties": {"highway": "footway", "name": "", "bridge": "", "tunnel": "", "layer": "", "source": "osm"}, "geometry": {"type": "LineString", "coordinates": [[116.3087291, 39.9683573], [116.3087581, 39.9681487], [116.308766, 39.9680923]]}}, {"type": "Feature", "properties": {"highway": "footway", "name": "", "bridge": "", "tunnel": "", "layer": "", "source": "osm"}, "geometry": {"type": "LineString", "coordinates": [[116.3087154, 39.9680747], [116.3086979, 39.9680578], [116.308688, 39.9680376], [116.3086868, 39.968016], [116.3086943, 39.9679952], [116.3087099, 39.9679772], [116.3087319, 39.9679638], [116.3087583, 39.9679563], [116.3087864, 39.9679554], [116.3088163, 39.9679622], [116.3088414, 39.9679765], [116.3088586, 39.9679964], [116.3088659, 39.9680197], [116.3088623, 39.9680434], [116.3088484, 39.9680649], [116.3088257, 39.9680813], [116.3087971, 39.9680909], [116.308766, 39.9680923], [116.3087388, 39.9680866], [116.3087154, 39.9680747]]}}, {"type": "Feature", "properties": {"highway": "service", "name": "", "bridge": "", "tunnel": "", "layer": "", "source": "osm"}, "geometry": {"type": "LineString", "coordinates": [[116.3080372, 39.9692107], [116.3081252, 39.9683117]]}}, {"type": "Feature", "properties": {"highway": "service", "name": "", "bridge": "", "tunnel": "", "layer": "", "source": "osm"}, "geometry": {"type": "LineString", "coordinates": [[116.3033346, 39.9686775], [116.3035014, 39.9686903], [116.3034831, 39.9688721], [116.3044174, 39.9689314]]}}, {"type": "Feature", "properties": {"highway": "service", "name": "", "bridge": "", "tunnel": "", "layer": "", "source": "osm"}, "geometry": {"type": "LineString", "coordinates": [[116.3034313, 39.9678043], [116.3037861, 39.967829], [116.3038108, 39.9676296], [116.3045892, 39.9676905]]}}, {"type": "Feature", "properties": {"highway": "corridor", "name": "", "bridge": "yes", "tunnel": "", "layer": "", "source": "osm"}, "geometry": {"type": "LineString", "coordinates": [[116.3042388, 39.9792019], [116.3042612, 39.9786839], [116.3041499, 39.9786861], [116.3041668, 39.978281]]}}, {"type": "Feature", "properties": {"highway": "service", "name": "", "bridge": "", "tunnel": "", "layer": "", "source": "osm"}, "geometry": {"type": "LineString", "coordinates": [[116.3253314, 39.9943841], [116.3254661, 39.9943885]]}}, {"type": "Feature", "properties": {"highway": "service", "name": "", "bridge": "", "tunnel": "", "layer": "", "source": "osm"}, "geometry": {"type": "LineString", "coordinates": [[116.3254513, 39.994447], [116.3254353, 39.9948416], [116.3262534, 39.9948601], [116.3263597, 39.9948621]]}}, {"type": "Feature", "properties": {"highway": "service", "name": "", "bridge": "", "tunnel": "", "layer": "", "source": "osm"}, "geometry": {"type": "LineString", "coordinates": [[116.3254513, 39.994447], [116.3253287, 39.9944444]]}}, {"type": "Feature", "properties": {"highway": "footway", "name": "", "bridge": "", "tunnel": "", "layer": "", "source": "osm"}, "geometry": {"type": "LineString", "coordinates": [[116.3263857, 39.9935353], [116.3264285, 39.9929253], [116.3264582, 39.9924271], [116.3264822, 39.9920231]]}}, {"type": "Feature", "properties": {"highway": "footway", "name": "", "bridge": "", "tunnel": "", "layer": "", "source": "osm"}, "geometry": {"type": "LineString", "coordinates": [[116.3263557, 39.9939036], [116.3263574, 39.9938571], [116.3263688, 39.9937017], [116.3263857, 39.9935353]]}}, {"type": "Feature", "properties": {"highway": "footway", "name": "", "bridge": "", "tunnel": "", "layer": "", "source": "osm"}, "geometry": {"type": "LineString", "coordinates": [[116.3263597, 39.9948621], [116.3263914, 39.9948632]]}}, {"type": "Feature", "properties": {"highway": "footway", "name": "", "bridge": "", "tunnel": "", "layer": "", "source": "osm"}, "geometry": {"type": "LineString", "coordinates": [[116.3047957, 39.9812352], [116.3048538, 39.9812667], [116.3048927, 39.9812755], [116.3049208, 39.9812817], [116.3049876, 39.9812792], [116.3049905, 39.9812794], [116.3050556, 39.9812601], [116.3051091, 39.9812257], [116.3051453, 39.9811799], [116.3051523, 39.981156], [116.3051604, 39.9811277], [116.3051546, 39.9810875], [116.3051528, 39.9810745], [116.3051232, 39.9810261], [116.3050748, 39.9809875], [116.3050117, 39.9809626], [116.3050028, 39.9809618], [116.3049469, 39.9809555], [116.3049027, 39.9809611], [116.3048715, 39.9809652], [116.3048101, 39.9809925], [116.3047636, 39.9810338], [116.3047425, 39.981075], [116.3047373, 39.9810843], [116.3047341, 39.9811387], [116.3047363, 39.9811445], [116.3047543, 39.981191], [116.3047957, 39.9812352]]}}, {"type": "Feature", "properties": {"highway": "service", "name": "", "bridge": "", "tunnel": "", "layer": "", "source": "osm"}, "geometry": {"type": "LineString", "coordinates": [[116.3390166, 39.9836723], [116.3379702, 39.9836361]]}}, {"type": "Feature", "properties": {"highway": "footway", "name": "", "bridge": "", "tunnel": "", "layer": "", "source": "osm"}, "geometry": {"type": "LineString", "coordinates": [[116.3127379, 39.9989358], [116.3128769, 39.9989491], [116.3131051, 39.9989711], [116.3130943, 39.9992086], [116.3133347, 39.9994058]]}}, {"type": "Feature", "properties": {"highway": "footway", "name": "", "bridge": "", "tunnel": "", "layer": "", "source": "osm"}, "geometry": {"type": "LineString", "coordinates": [[116.3133347, 39.9994058], [116.3139514, 39.9994492], [116.3139925, 39.9990121], [116.3131051, 39.9989711]]}}, {"type": "Feature", "properties": {"highway": "footway", "name": "", "bridge": "", "tunnel": "", "layer": "", "source": "osm"}, "geometry": {"type": "LineString", "coordinates": [[116.3139514, 39.9994492], [116.3139285, 39.9996194], [116.3143706, 39.9996588], [116.3144285, 39.9991559], [116.314295, 39.9990951], [116.3139925, 39.9990121]]}}, {"type": "Feature", "properties": {"highway": "footway", "name": "", "bridge": "", "tunnel": "", "layer": "", "source": "osm"}, "geometry": {"type": "LineString", "coordinates": [[116.3152367, 39.999057], [116.3153156, 39.9990079], [116.3154561, 39.9989767], [116.3155535, 39.9988927], [116.315724, 39.9988946]]}}, {"type": "Feature", "properties": {"highway": "footway", "name": "", "bridge": "", "tunnel": "", "layer": "", "source": "osm"}, "geometry": {"type": "LineString", "coordinates": [[116.3354103, 39.9772101], [116.3355274, 39.9772125], [116.3365322, 39.9772331]]}}, {"type": "Feature", "properties": {"highway": "footway", "name": "", "bridge": "", "tunnel": "", "layer": "", "source": "osm"}, "geometry": {"type": "LineString", "coordinates": [[116.3365322, 39.9772331], [116.3370521, 39.9772441], [116.3370452, 39.9773171], [116.3370353, 39.977423], [116.3371717, 39.9774273]]}}, {"type": "Feature", "properties": {"highway": "footway", "name": "", "bridge": "", "tunnel": "", "layer": "", "source": "osm"}, "geometry": {"type": "LineString", "coordinates": [[116.3371717, 39.9774273], [116.3371519, 39.9777318], [116.3380346, 39.977744]]}}, {"type": "Feature", "properties": {"highway": "footway", "name": "", "bridge": "", "tunnel": "", "layer": "", "source": "osm"}, "geometry": {"type": "LineString", "coordinates": [[116.3370452, 39.9773171], [116.3373739, 39.9773232], [116.3373641, 39.9773761], [116.3377438, 39.9773867], [116.337753, 39.9773346], [116.3381254, 39.9773446]]}}, {"type": "Feature", "properties": {"highway": "footway", "name": "", "bridge": "", "tunnel": "", "layer": "", "source": "osm"}, "geometry": {"type": "LineString", "coordinates": [[116.3319021, 39.9990156], [116.3317397, 39.998499], [116.3321419, 39.9981294], [116.3321631, 39.9972854], [116.3318707, 39.997117], [116.3318783, 39.9968512], [116.3319009, 39.996063], [116.3316662, 39.9958735], [116.3317223, 39.9945382], [116.3317393, 39.9941317], [116.3317585, 39.9937876], [116.3318256, 39.9936259]]}}, {"type": "Feature", "properties": {"highway": "cycleway", "name": "", "bridge": "", "tunnel": "", "layer": "", "source": "osm"}, "geometry": {"type": "LineString", "coordinates": [[116.3314534, 39.999001], [116.3314636, 39.9987301], [116.3314997, 39.9980621], [116.3314924, 39.9979607], [116.3315227, 39.9978396], [116.3315649, 39.9970845], [116.3315672, 39.9970442], [116.3318783, 39.9968512], [116.3319033, 39.9968312], [116.3319147, 39.9967628], [116.3319533, 39.9959419], [116.331937, 39.9959008], [116.3319158, 39.9958666], [116.3318011, 39.9957443], [116.3317326, 39.9956699], [116.3317757, 39.9944951], [116.3317891, 39.9941319], [116.3318223, 39.9936891], [116.3318256, 39.9936259]]}}, {"type": "Feature", "properties": {"highway": "footway", "name": "", "bridge": "", "tunnel": "", "layer": "", "source": "osm"}, "geometry": {"type": "LineString", "coordinates": [[116.3317397, 39.998499], [116.3314636, 39.9987301]]}}, {"type": "Feature", "properties": {"highway": "footway", "name": "", "bridge": "", "tunnel": "", "layer": "", "source": "osm"}, "geometry": {"type": "LineString", "coordinates": [[116.3317397, 39.998499], [116.3316726, 39.998324], [116.3315221, 39.9980986], [116.3314997, 39.9980621]]}}, {"type": "Feature", "properties": {"highway": "residential", "name": "榆苑南街", "bridge": "", "tunnel": "", "layer": "", "source": "osm"}, "geometry": {"type": "LineString", "coordinates": [[116.3276326, 39.9707278], [116.3260883, 39.970696], [116.325407, 39.970682]]}}, {"type": "Feature", "properties": {"highway": "residential", "name": "", "bridge": "", "tunnel": "", "layer": "", "source": "osm"}, "geometry": {"type": "LineString", "coordinates": [[116.325407, 39.970682], [116.3253327, 39.9706684], [116.3253344, 39.9705843], [116.3260918, 39.970602], [116.32609, 39.9706513], [116.3260883, 39.970696]]}}, {"type": "Feature", "properties": {"highway": "residential", "name": "", "bridge": "", "tunnel": "", "layer": "", "source": "osm"}, "geometry": {"type": "LineString", "coordinates": [[116.3253344, 39.9705843], [116.324639, 39.9705558]]}}, {"type": "Feature", "properties": {"highway": "residential", "name": "", "bridge": "", "tunnel": "", "layer": "", "source": "osm"}, "geometry": {"type": "LineString", "coordinates": [[116.3157023, 39.9942097], [116.3157393, 39.9938723], [116.3157768, 39.9935146], [116.3158013, 39.9932048]]}}, {"type": "Feature", "properties": {"highway": "service", "name": "", "bridge": "", "tunnel": "", "layer": "", "source": "osm"}, "geometry": {"type": "LineString", "coordinates": [[116.3229356, 39.9739187], [116.3229648, 39.9733937], [116.3241364, 39.9734183]]}}, {"type": "Feature", "properties": {"highway": "footway", "name": "", "bridge": "", "tunnel": "", "layer": "", "source": "osm"}, "geometry": {"type": "LineString", "coordinates": [[116.308753, 39.9984773], [116.3085348, 39.9984982], [116.3070975, 39.9984951], [116.3064101, 39.9984685], [116.305902, 39.9984397], [116.3051793, 39.9983981], [116.3045593, 39.9983345], [116.3038578, 39.9982212], [116.3034166, 39.9981176], [116.3030364, 39.9979791], [116.3026726, 39.9978063], [116.3025922, 39.9977561], [116.3023277, 39.9975911], [116.3013318, 39.9965725], [116.3011201, 39.9964563], [116.3009022, 39.9963666], [116.3006496, 39.9963139], [116.2995321, 39.9962322], [116.2985249, 39.99616], [116.2984109, 39.9960953], [116.2983774, 39.9960164]]}}, {"type": "Feature", "properties": {"highway": "footway", "name": "", "bridge": "yes", "tunnel": "", "layer": "1", "source": "osm"}, "geometry": {"type": "LineString", "coordinates": [[116.2983774, 39.9960164], [116.2983832, 39.9958863]]}}, {"type": "Feature", "properties": {"highway": "cycleway", "name": "海淀三山五园绿道", "bridge": "", "tunnel": "", "layer": "", "source": "osm"}, "geometry": {"type": "LineString", "coordinates": [[116.3011648, 39.9962975], [116.3011871, 39.9963052], [116.3012337, 39.9963324], [116.3013377, 39.9963932], [116.3016344, 39.996663], [116.3021447, 39.9971634], [116.3022366, 39.9972455], [116.3023718, 39.9973628], [116.3025045, 39.9974527], [116.3027189, 39.9975778], [116.3028975, 39.9976619], [116.3030659, 39.9977245], [116.3033083, 39.9977929], [116.3046621, 39.9980795], [116.3049057, 39.9981311], [116.3052834, 39.9982171], [116.305411, 39.9982444], [116.3055717, 39.998262], [116.3059201, 39.9982824], [116.3063398, 39.998307], [116.3071087, 39.9983362], [116.3072151, 39.9983402], [116.307654, 39.998348], [116.3078045, 39.998348], [116.3080827, 39.9983441], [116.3082536, 39.9983363], [116.3084323, 39.9983285], [116.3086083, 39.9983129], [116.3087512, 39.9982953], [116.3089783, 39.9982637]]}}, {"type": "Feature", "properties": {"highway": "cycleway", "name": "海淀三山五园绿道", "bridge": "yes", "tunnel": "", "layer": "1", "source": "osm"}, "geometry": {"type": "LineString", "coordinates": [[116.3011059, 39.9962773], [116.3011648, 39.9962975]]}}, {"type": "Feature", "properties": {"highway": "footway", "name": "", "bridge": "yes", "tunnel": "", "layer": "1", "source": "osm"}, "geometry": {"type": "LineString", "coordinates": [[116.3070975, 39.9984951], [116.3071087, 39.9983362]]}}, {"type": "Feature", "properties": {"highway": "footway", "name": "", "bridge": "yes", "tunnel": "", "layer": "1", "source": "osm"}, "geometry": {"type": "LineString", "coordinates": [[116.305902, 39.9984397], [116.3059201, 39.9982824]]}}, {"type": "Feature", "properties": {"highway": "footway", "name": "", "bridge": "yes", "tunnel": "", "layer": "1", "source": "osm"}, "geometry": {"type": "LineString", "coordinates": [[116.3045593, 39.9983345], [116.3046621, 39.9980795]]}}, {"type": "Feature", "properties": {"highway": "footway", "name": "", "bridge": "yes", "tunnel": "", "layer": "1", "source": "osm"}, "geometry": {"type": "LineString", "coordinates": [[116.3025922, 39.9977561], [116.3027189, 39.9975778]]}}, {"type": "Feature", "properties": {"highway": "footway", "name": "", "bridge": "yes", "tunnel": "", "layer": "1", "source": "osm"}, "geometry": {"type": "LineString", "coordinates": [[116.3011201, 39.9964563], [116.3012337, 39.9963324]]}}, {"type": "Feature", "properties": {"highway": "residential", "name": "", "bridge": "", "tunnel": "", "layer": "", "source": "osm"}, "geometry": {"type": "LineString", "coordinates": [[116.3068092, 39.9759429], [116.3051739, 39.9758893]]}}, {"type": "Feature", "properties": {"highway": "footway", "name": "", "bridge": "", "tunnel": "", "layer": "", "source": "osm"}, "geometry": {"type": "LineString", "coordinates": [[116.3093967, 39.9748211], [116.3093537, 39.9752987]]}}, {"type": "Feature", "properties": {"highway": "secondary", "name": "", "bridge": "", "tunnel": "", "layer": "", "source": "osm"}, "geometry": {"type": "LineString", "coordinates": [[116.3021832, 39.9789037], [116.3011082, 39.9788674], [116.3000022, 39.9788387]]}}, {"type": "Feature", "properties": {"highway": "service", "name": "", "bridge": "", "tunnel": "", "layer": "", "source": "osm"}, "geometry": {"type": "LineString", "coordinates": [[116.2959756, 39.977779], [116.2960239, 39.9771712]]}}, {"type": "Feature", "properties": {"highway": "residential", "name": "", "bridge": "", "tunnel": "", "layer": "", "source": "osm"}, "geometry": {"type": "LineString", "coordinates": [[116.2968126, 39.9778406], [116.2959756, 39.977779], [116.2952776, 39.9777419]]}}, {"type": "Feature", "properties": {"highway": "residential", "name": "", "bridge": "", "tunnel": "", "layer": "", "source": "osm"}, "geometry": {"type": "LineString", "coordinates": [[116.2949686, 39.9810466], [116.2956862, 39.9810815]]}}, {"type": "Feature", "properties": {"highway": "residential", "name": "", "bridge": "", "tunnel": "", "layer": "", "source": "osm"}, "geometry": {"type": "LineString", "coordinates": [[116.3013201, 39.9742437], [116.3016526, 39.9733779], [116.3019013, 39.9728368], [116.3022156, 39.9721531], [116.3024415, 39.9716064]]}}, {"type": "Feature", "properties": {"highway": "service", "name": "", "bridge": "", "tunnel": "", "layer": "", "source": "osm"}, "geometry": {"type": "LineString", "coordinates": [[116.3060057, 39.9718298], [116.306037, 39.9721028]]}}, {"type": "Feature", "properties": {"highway": "service", "name": "", "bridge": "", "tunnel": "", "layer": "", "source": "osm"}, "geometry": {"type": "LineString", "coordinates": [[116.3060546, 39.9714799], [116.3059571, 39.9713982]]}}, {"type": "Feature", "properties": {"highway": "residential", "name": "", "bridge": "", "tunnel": "", "layer": "", "source": "osm"}, "geometry": {"type": "LineString", "coordinates": [[116.3122309, 39.9733037], [116.3131302, 39.9734558], [116.3138008, 39.9735997], [116.3139883, 39.973634], [116.3141924, 39.9736901], [116.3144606, 39.9737559], [116.3153083, 39.9740387]]}}, {"type": "Feature", "properties": {"highway": "residential", "name": "", "bridge": "", "tunnel": "", "layer": "", "source": "osm"}, "geometry": {"type": "LineString", "coordinates": [[116.3144606, 39.9737559], [116.3146859, 39.9734065], [116.3156193, 39.9726461], [116.3157373, 39.9725063], [116.3157803, 39.9722843], [116.31585, 39.971403]]}}, {"type": "Feature", "properties": {"highway": "residential", "name": "", "bridge": "", "tunnel": "", "layer": "", "source": "osm"}, "geometry": {"type": "LineString", "coordinates": [[116.31769, 39.9735586], [116.3177544, 39.972383], [116.3177812, 39.9721857], [116.3178187, 39.9714717]]}}, {"type": "Feature", "properties": {"highway": "service", "name": "", "bridge": "", "tunnel": "", "layer": "", "source": "osm"}, "geometry": {"type": "LineString", "coordinates": [[116.3125189, 39.9686633], [116.3124511, 39.9689141], [116.3124458, 39.9689716], [116.3124351, 39.9691196], [116.3124168, 39.9692934], [116.3123721, 39.9693277], [116.312322, 39.9693496], [116.3122272, 39.9693509], [116.3120748, 39.9693409], [116.311267, 39.9692879]]}}, {"type": "Feature", "properties": {"highway": "residential", "name": "", "bridge": "", "tunnel": "", "layer": "", "source": "osm"}, "geometry": {"type": "LineString", "coordinates": [[116.298457, 39.9665141], [116.2983766, 39.9667031], [116.298339, 39.9671486]]}}, {"type": "Feature", "properties": {"highway": "residential", "name": "", "bridge": "", "tunnel": "", "layer": "", "source": "osm"}, "geometry": {"type": "LineString", "coordinates": [[116.2972735, 39.9701197], [116.2971483, 39.970031], [116.2967461, 39.9699118], [116.2966496, 39.9698378], [116.2966496, 39.9697473], [116.2969821, 39.9690238], [116.2969874, 39.9689744], [116.2971121, 39.9686375], [116.2975667, 39.9676342], [116.2975935, 39.9674492], [116.2975989, 39.9671485]]}}, {"type": "Feature", "properties": {"highway": "residential", "name": "", "bridge": "", "tunnel": "", "layer": "", "source": "osm"}, "geometry": {"type": "LineString", "coordinates": [[116.2971121, 39.9686375], [116.2960821, 39.9683702], [116.2952929, 39.9681256]]}}, {"type": "Feature", "properties": {"highway": "residential", "name": "", "bridge": "", "tunnel": "", "layer": "", "source": "osm"}, "geometry": {"type": "LineString", "coordinates": [[116.298759, 39.9692242], [116.2983407, 39.9694624], [116.2972735, 39.9701197], [116.2964958, 39.9705592], [116.2963403, 39.9705674], [116.2960882, 39.9704935], [116.2956252, 39.9704446]]}}, {"type": "Feature", "properties": {"highway": "residential", "name": "", "bridge": "", "tunnel": "", "layer": "", "source": "osm"}, "geometry": {"type": "LineString", "coordinates": [[116.2946724, 39.9699434], [116.2948923, 39.9698075]]}}, {"type": "Feature", "properties": {"highway": "residential", "name": "", "bridge": "", "tunnel": "", "layer": "", "source": "osm"}, "geometry": {"type": "LineString", "coordinates": [[116.3002901, 39.9721856], [116.2990823, 39.9720884], [116.2978966, 39.9720338]]}}, {"type": "Feature", "properties": {"highway": "residential", "name": "", "bridge": "", "tunnel": "", "layer": "", "source": "osm"}, "geometry": {"type": "LineString", "coordinates": [[116.3140583, 39.983052], [116.3155656, 39.9830757], [116.3164067, 39.9830889], [116.3167318, 39.9830675]]}}, {"type": "Feature", "properties": {"highway": "residential", "name": "", "bridge": "", "tunnel": "", "layer": "", "source": "osm"}, "geometry": {"type": "LineString", "coordinates": [[116.3141501, 39.9814667], [116.3168099, 39.981549]]}}, {"type": "Feature", "properties": {"highway": "residential", "name": "", "bridge": "", "tunnel": "", "layer": "", "source": "osm"}, "geometry": {"type": "LineString", "coordinates": [[116.3179246, 39.9789679], [116.3188558, 39.9790071], [116.3198792, 39.9790153], [116.3200668, 39.979003], [116.3205117, 39.9789413], [116.3215383, 39.9789701]]}}, {"type": "Feature", "properties": {"highway": "residential", "name": "", "bridge": "", "tunnel": "", "layer": "", "source": "osm"}, "geometry": {"type": "LineString", "coordinates": [[116.3178857, 39.9759788], [116.3179562, 39.9750353]]}}, {"type": "Feature", "properties": {"highway": "residential", "name": "", "bridge": "", "tunnel": "", "layer": "", "source": "osm"}, "geometry": {"type": "LineString", "coordinates": [[116.3171321, 39.977893], [116.3159458, 39.9778653]]}}, {"type": "Feature", "properties": {"highway": "residential", "name": "", "bridge": "", "tunnel": "", "layer": "", "source": "osm"}, "geometry": {"type": "LineString", "coordinates": [[116.3095403, 39.9644977], [116.3096701, 39.9647642], [116.3097022, 39.9650068], [116.3096808, 39.9650849], [116.30952, 39.9653891], [116.3094664, 39.965459], [116.3094128, 39.9656071], [116.3093485, 39.9658743], [116.3093485, 39.9660347], [116.3093967, 39.9661375], [116.3094664, 39.9661827], [116.3095414, 39.9662032], [116.3110315, 39.9664129], [116.3111762, 39.9664458], [116.3117926, 39.9665363]]}}, {"type": "Feature", "properties": {"highway": "residential", "name": "", "bridge": "", "tunnel": "", "layer": "", "source": "osm"}, "geometry": {"type": "LineString", "coordinates": [[116.317864, 39.9671666], [116.3178157, 39.9681731], [116.3180731, 39.9682841], [116.318057, 39.9686734]]}}, {"type": "Feature", "properties": {"highway": "residential", "name": "", "bridge": "", "tunnel": "", "layer": "", "source": "osm"}, "geometry": {"type": "LineString", "coordinates": [[116.3204141, 39.9675047], [116.3210952, 39.9674911]]}}, {"type": "Feature", "properties": {"highway": "unclassified", "name": "", "bridge": "", "tunnel": "", "layer": "", "source": "osm"}, "geometry": {"type": "LineString", "coordinates": [[116.3169557, 39.9943346], [116.3169811, 39.9941211], [116.3170661, 39.9940929], [116.3170795, 39.9939691], [116.3170887, 39.9938846], [116.3171149, 39.9936938], [116.3171233, 39.9936328]]}}, {"type": "Feature", "properties": {"highway": "unclassified", "name": "", "bridge": "", "tunnel": "", "layer": "", "source": "osm"}, "geometry": {"type": "LineString", "coordinates": [[116.3170887, 39.9938846], [116.3170427, 39.9938831]]}}, {"type": "Feature", "properties": {"highway": "footway", "name": "", "bridge": "", "tunnel": "", "layer": "-1", "source": "osm"}, "geometry": {"type": "LineString", "coordinates": [[116.3170887, 39.9938846], [116.317302, 39.9939029], [116.3172966, 39.9939798], [116.3172936, 39.9940231], [116.3173767, 39.9940281], [116.3173726, 39.9941105]]}}, {"type": "Feature", "properties": {"highway": "footway", "name": "", "bridge": "", "tunnel": "", "layer": "-1", "source": "osm"}, "geometry": {"type": "LineString", "coordinates": [[116.3171233, 39.9936328], [116.3172754, 39.9936367], [116.3176566, 39.9936542], [116.3176663, 39.993563], [116.3172852, 39.9935444], [116.3172754, 39.9936367]]}}, {"type": "Feature", "properties": {"highway": "footway", "name": "曲径通幽", "bridge": "", "tunnel": "", "layer": "-1", "source": "osm"}, "geometry": {"type": "LineString", "coordinates": [[116.3172852, 39.9935444], [116.3172244, 39.9935409], [116.3172487, 39.9933928], [116.3170199, 39.9933835]]}}, {"type": "Feature", "properties": {"highway": "footway", "name": "", "bridge": "", "tunnel": "", "layer": "", "source": "osm"}, "geometry": {"type": "LineString", "coordinates": [[116.3171233, 39.9936328], [116.3171359, 39.9935349], [116.3169905, 39.9935262], [116.3168489, 39.9935208], [116.3168313, 39.9936925], [116.3168296, 39.9937088], [116.3168267, 39.9937375]]}}, {"type": "Feature", "properties": {"highway": "footway", "name": "", "bridge": "", "tunnel": "", "layer": "", "source": "osm"}, "geometry": {"type": "LineString", "coordinates": [[116.3168489, 39.9935208], [116.3167761, 39.9935194], [116.3167424, 39.9935033], [116.3166715, 39.9934693], [116.3162465, 39.9934486]]}}, {"type": "Feature", "properties": {"highway": "footway", "name": "", "bridge": "", "tunnel": "", "layer": "", "source": "osm"}, "geometry": {"type": "LineString", "coordinates": [[116.3168296, 39.9937088], [116.3164414, 39.9936906], [116.3164209, 39.9939089], [116.3164034, 39.9939547], [116.3162261, 39.9939647]]}}, {"type": "Feature", "properties": {"highway": "footway", "name": "", "bridge": "", "tunnel": "", "layer": "", "source": "osm"}, "geometry": {"type": "LineString", "coordinates": [[116.3170795, 39.9939691], [116.3169742, 39.9939609], [116.3169289, 39.99397], [116.3168272, 39.9939762], [116.3167189, 39.9939715], [116.3165937, 39.993984], [116.3164424, 39.993979], [116.3164034, 39.9939547]]}}, {"type": "Feature", "properties": {"highway": "footway", "name": "", "bridge": "", "tunnel": "", "layer": "", "source": "osm"}, "geometry": {"type": "LineString", "coordinates": [[116.316257, 39.9942844], [116.3162706, 39.9942434], [116.3162472, 39.9941971], [116.3161972, 39.9941631], [116.3162261, 39.9939647]]}}, {"type": "Feature", "properties": {"highway": "footway", "name": "", "bridge": "", "tunnel": "", "layer": "", "source": "osm"}, "geometry": {"type": "LineString", "coordinates": [[116.3162261, 39.9939647], [116.3162144, 39.9939637], [116.3158099, 39.9939304], [116.3158442, 39.9935993], [116.3162471, 39.9936252], [116.3164414, 39.9936906]]}}, {"type": "Feature", "properties": {"highway": "service", "name": "", "bridge": "", "tunnel": "", "layer": "", "source": "osm"}, "geometry": {"type": "LineString", "coordinates": [[116.3334106, 39.9981714], [116.3336032, 39.9981776], [116.3336621, 39.9981776], [116.3337779, 39.9981803]]}}, {"type": "Feature", "properties": {"highway": "residential", "name": "", "bridge": "", "tunnel": "", "layer": "", "source": "osm"}, "geometry": {"type": "LineString", "coordinates": [[116.3330827, 39.9950759], [116.3330622, 39.995392], [116.3330416, 39.9957073], [116.3323357, 39.9957023], [116.3323455, 39.9953753], [116.3323508, 39.9950642]]}}, {"type": "Feature", "properties": {"highway": "residential", "name": "", "bridge": "", "tunnel": "", "layer": "", "source": "osm"}, "geometry": {"type": "LineString", "coordinates": [[116.3323455, 39.9953753], [116.3330622, 39.995392]]}}, {"type": "Feature", "properties": {"highway": "residential", "name": "", "bridge": "", "tunnel": "", "layer": "", "source": "osm"}, "geometry": {"type": "LineString", "coordinates": [[116.3323554, 39.9946585], [116.3334408, 39.9946914]]}}, {"type": "Feature", "properties": {"highway": "service", "name": "", "bridge": "", "tunnel": "", "layer": "", "source": "osm"}, "geometry": {"type": "LineString", "coordinates": [[116.3329542, 39.9937748], [116.3327274, 39.9937959], [116.3327355, 39.9943664]]}}, {"type": "Feature", "properties": {"highway": "footway", "name": "", "bridge": "", "tunnel": "", "layer": "", "source": "osm"}, "geometry": {"type": "LineString", "coordinates": [[116.3167424, 39.9935033], [116.3167618, 39.9933482]]}}, {"type": "Feature", "properties": {"highway": "footway", "name": "", "bridge": "", "tunnel": "", "layer": "", "source": "osm"}, "geometry": {"type": "LineString", "coordinates": [[116.3167618, 39.9933482], [116.3170237, 39.9933566], [116.3170199, 39.9933835]]}}, {"type": "Feature", "properties": {"highway": "footway", "name": "", "bridge": "", "tunnel": "", "layer": "", "source": "osm"}, "geometry": {"type": "LineString", "coordinates": [[116.3172966, 39.9939798], [116.3174564, 39.9939882]]}}, {"type": "Feature", "properties": {"highway": "footway", "name": "", "bridge": "", "tunnel": "", "layer": "", "source": "osm"}, "geometry": {"type": "LineString", "coordinates": [[116.317302, 39.9939029], [116.3173127, 39.9937928], [116.3176208, 39.9938089]]}}, {"type": "Feature", "properties": {"highway": "residential", "name": "", "bridge": "", "tunnel": "", "layer": "", "source": "osm"}, "geometry": {"type": "LineString", "coordinates": [[116.3150736, 39.9938349], [116.3157393, 39.9938723]]}}, {"type": "Feature", "properties": {"highway": "residential", "name": "", "bridge": "", "tunnel": "", "layer": "", "source": "osm"}, "geometry": {"type": "LineString", "coordinates": [[116.3151094, 39.9934857], [116.3157768, 39.9935146]]}}, {"type": "Feature", "properties": {"highway": "footway", "name": "", "bridge": "", "tunnel": "", "layer": "", "source": "osm"}, "geometry": {"type": "LineString", "coordinates": [[116.3172182, 39.9936668], [116.3171935, 39.9938619]]}}, {"type": "Feature", "properties": {"highway": "footway", "name": "", "bridge": "yes", "tunnel": "", "layer": "1", "source": "osm"}, "geometry": {"type": "LineString", "coordinates": [[116.317238, 39.9935101], [116.31723, 39.9935729]]}}, {"type": "Feature", "properties": {"highway": "footway", "name": "", "bridge": "", "tunnel": "", "layer": "", "source": "osm"}, "geometry": {"type": "LineString", "coordinates": [[116.3172059, 39.9934846], [116.3172411, 39.9934852], [116.317238, 39.9935101]]}}, {"type": "Feature", "properties": {"highway": "footway", "name": "", "bridge": "yes", "tunnel": "", "layer": "1", "source": "osm"}, "geometry": {"type": "LineString", "coordinates": [[116.3172261, 39.9936039], [116.3172182, 39.9936668]]}}, {"type": "Feature", "properties": {"highway": "footway", "name": "", "bridge": "", "tunnel": "", "layer": "", "source": "osm"}, "geometry": {"type": "LineString", "coordinates": [[116.31723, 39.9935729], [116.3172261, 39.9936039]]}}, {"type": "Feature", "properties": {"highway": "footway", "name": "", "bridge": "", "tunnel": "", "layer": "", "source": "osm"}, "geometry": {"type": "LineString", "coordinates": [[116.3171856, 39.9939247], [116.3171662, 39.9940776]]}}, {"type": "Feature", "properties": {"highway": "footway", "name": "", "bridge": "yes", "tunnel": "", "layer": "1", "source": "osm"}, "geometry": {"type": "LineString", "coordinates": [[116.3171935, 39.9938619], [116.3171856, 39.9939247]]}}, {"type": "Feature", "properties": {"highway": "footway", "name": "", "bridge": "", "tunnel": "", "layer": "", "source": "osm"}, "geometry": {"type": "LineString", "coordinates": [[116.3375016, 39.9764897], [116.3374994, 39.976426], [116.3374664, 39.9763671], [116.3374738, 39.9762974], [116.3374569, 39.9762153], [116.3377263, 39.9759911]]}}, {"type": "Feature", "properties": {"highway": "cycleway", "name": "", "bridge": "", "tunnel": "", "layer": "", "source": "osm"}, "geometry": {"type": "LineString", "coordinates": [[116.327771, 39.9950046], [116.3271914, 39.9945239], [116.327067, 39.9944267], [116.3270188, 39.994355], [116.3269834, 39.9943162], [116.3268752, 39.9942475], [116.3268068, 39.9941978], [116.3264871, 39.9939573], [116.3263903, 39.993883], [116.3263574, 39.9938571], [116.3259371, 39.9935404]]}}, {"type": "Feature", "properties": {"highway": "cycleway", "name": "", "bridge": "", "tunnel": "", "layer": "", "source": "osm"}, "geometry": {"type": "LineString", "coordinates": [[116.3279975, 39.995189], [116.327771, 39.9950046]]}}, {"type": "Feature", "properties": {"highway": "footway", "name": "", "bridge": "", "tunnel": "", "layer": "", "source": "osm"}, "geometry": {"type": "LineString", "coordinates": [[116.3268698, 39.993996], [116.3268505, 39.9940727], [116.3268752, 39.9942475], [116.3268899, 39.9943034]]}}, {"type": "Feature", "properties": {"highway": "cycleway", "name": "", "bridge": "", "tunnel": "", "layer": "", "source": "osm"}, "geometry": {"type": "LineString", "coordinates": [[116.3259371, 39.9935404], [116.3258778, 39.993499], [116.3256145, 39.993491], [116.3254791, 39.9934884], [116.3254327, 39.9935242], [116.3253998, 39.9936038], [116.3253982, 39.9937668]]}}, {"type": "Feature", "properties": {"highway": "footway", "name": "", "bridge": "", "tunnel": "", "layer": "", "source": "osm"}, "geometry": {"type": "LineString", "coordinates": [[116.3256145, 39.993491], [116.3256201, 39.9933217], [116.3256215, 39.9932151], [116.3256242, 39.9931607], [116.3256274, 39.9930984], [116.3256301, 39.9930439], [116.3255523, 39.9930445], [116.3252187, 39.9930472]]}}, {"type": "Feature", "properties": {"highway": "footway", "name": "", "bridge": "", "tunnel": "", "layer": "", "source": "osm"}, "geometry": {"type": "LineString", "coordinates": [[116.3256215, 39.9932151], [116.3259841, 39.9932269], [116.3262073, 39.9933892], [116.326323, 39.9933929]]}}, {"type": "Feature", "properties": {"highway": "footway", "name": "", "bridge": "", "tunnel": "", "layer": "", "source": "osm"}, "geometry": {"type": "LineString", "coordinates": [[116.3256242, 39.9931607], [116.326033, 39.9931744], [116.3261894, 39.9932768], [116.3263311, 39.9932793]]}}, {"type": "Feature", "properties": {"highway": "footway", "name": "", "bridge": "", "tunnel": "", "layer": "", "source": "osm"}, "geometry": {"type": "LineString", "coordinates": [[116.3256274, 39.9930984], [116.3260492, 39.9931033], [116.3261633, 39.9931595], [116.3263376, 39.993162]]}}, {"type": "Feature", "properties": {"highway": "service", "name": "", "bridge": "", "tunnel": "", "layer": "", "source": "osm"}, "geometry": {"type": "LineString", "coordinates": [[116.3208655, 39.9913821], [116.3207288, 39.9914151], [116.3206928, 39.99145], [116.3207006, 39.9916128], [116.3207025, 39.9916513], [116.320724, 39.9918582], [116.3207383, 39.9921255], [116.3207598, 39.9921657], [116.3208387, 39.9922078], [116.3212091, 39.992206], [116.3223465, 39.9922481], [116.3223919, 39.9921932], [116.3223967, 39.9919204], [116.3224014, 39.9916678], [116.3223513, 39.9916422], [116.3220454, 39.9916367], [116.3218065, 39.991633], [116.3214314, 39.9916262], [116.3207006, 39.9916128]]}}, {"type": "Feature", "properties": {"highway": "footway", "name": "", "bridge": "", "tunnel": "", "layer": "", "source": "osm"}, "geometry": {"type": "LineString", "coordinates": [[116.3218114, 39.9914766], [116.3218065, 39.991633]]}}, {"type": "Feature", "properties": {"highway": "footway", "name": "", "bridge": "", "tunnel": "", "layer": "", "source": "osm"}, "geometry": {"type": "LineString", "coordinates": [[116.3214335, 39.9914676], [116.3214314, 39.9916262]]}}, {"type": "Feature", "properties": {"highway": "service", "name": "", "bridge": "", "tunnel": "", "layer": "", "source": "osm"}, "geometry": {"type": "LineString", "coordinates": [[116.3029611, 39.9980305], [116.3027291, 39.9980535], [116.3026455, 39.9981484], [116.3025835, 39.998241], [116.3023976, 39.9983122]]}}, {"type": "Feature", "properties": {"highway": "service", "name": "", "bridge": "", "tunnel": "", "layer": "", "source": "osm"}, "geometry": {"type": "LineString", "coordinates": [[116.322755, 39.9847883], [116.3227458, 39.9849057], [116.3227254, 39.9851654]]}}, {"type": "Feature", "properties": {"highway": "service", "name": "", "bridge": "", "tunnel": "", "layer": "", "source": "osm"}, "geometry": {"type": "LineString", "coordinates": [[116.3239737, 39.985439], [116.3234945, 39.9854351], [116.3234494, 39.9858139], [116.3233876, 39.9861582], [116.3230567, 39.9861542], [116.3229848, 39.9863272], [116.3228908, 39.9864131], [116.3228101, 39.9867442]]}}, {"type": "Feature", "properties": {"highway": "service", "name": "", "bridge": "", "tunnel": "", "layer": "", "source": "osm"}, "geometry": {"type": "LineString", "coordinates": [[116.3202901, 39.9847078], [116.3202921, 39.9848278], [116.3202928, 39.9848698], [116.3202859, 39.9850652], [116.3203389, 39.9851463], [116.3203444, 39.985258], [116.3202418, 39.9853121], [116.3201193, 39.9853045], [116.3200508, 39.9852673], [116.3200376, 39.9851929], [116.3200806, 39.9851007], [116.3201502, 39.9850575], [116.3202859, 39.9850652]]}}, {"type": "Feature", "properties": {"highway": "footway", "name": "", "bridge": "", "tunnel": "", "layer": "", "source": "osm"}, "geometry": {"type": "LineString", "coordinates": [[116.3365613, 39.9764963], [116.3365942, 39.9763401], [116.3366604, 39.9762551], [116.3367467, 39.9761807], [116.336867, 39.97612], [116.3369994, 39.9760533], [116.3370706, 39.9760168]]}}, {"type": "Feature", "properties": {"highway": "footway", "name": "", "bridge": "", "tunnel": "", "layer": "", "source": "osm"}, "geometry": {"type": "LineString", "coordinates": [[116.3370706, 39.9760168], [116.3371657, 39.9759683], [116.3373136, 39.9759163], [116.3376313, 39.9758124]]}}, {"type": "Feature", "properties": {"highway": "footway", "name": "", "bridge": "", "tunnel": "", "layer": "", "source": "osm"}, "geometry": {"type": "LineString", "coordinates": [[116.3377263, 39.9759911], [116.337706, 39.9759599], [116.3376856, 39.9759287], [116.3376313, 39.9758124]]}}, {"type": "Feature", "properties": {"highway": "footway", "name": "", "bridge": "", "tunnel": "", "layer": "", "source": "osm"}, "geometry": {"type": "LineString", "coordinates": [[116.3383646, 39.9762858], [116.3382538, 39.9763306], [116.3381029, 39.9763834], [116.3379917, 39.9764223]]}}, {"type": "Feature", "properties": {"highway": "footway", "name": "", "bridge": "", "tunnel": "", "layer": "", "source": "osm"}, "geometry": {"type": "LineString", "coordinates": [[116.3379917, 39.9764223], [116.3378715, 39.9764527], [116.3377317, 39.9764744], [116.3375282, 39.9764907], [116.3375016, 39.9764897]]}}, {"type": "Feature", "properties": {"highway": "footway", "name": "", "bridge": "", "tunnel": "", "layer": "", "source": "osm"}, "geometry": {"type": "LineString", "coordinates": [[116.3359285, 39.9764613], [116.3360461, 39.9765089], [116.3361678, 39.9765278], [116.3362772, 39.9765302], [116.3364867, 39.9764877], [116.3365613, 39.9764963]]}}, {"type": "Feature", "properties": {"highway": "footway", "name": "", "bridge": "", "tunnel": "", "layer": "", "source": "osm"}, "geometry": {"type": "LineString", "coordinates": [[116.3365613, 39.9764963], [116.3366608, 39.9765078], [116.3369473, 39.9765786], [116.3370552, 39.9765951], [116.3373972, 39.9766128]]}}, {"type": "Feature", "properties": {"highway": "footway", "name": "", "bridge": "", "tunnel": "", "layer": "", "source": "osm"}, "geometry": {"type": "LineString", "coordinates": [[116.3373972, 39.9766128], [116.3375037, 39.9766103], [116.3376005, 39.9766081]]}}, {"type": "Feature", "properties": {"highway": "footway", "name": "", "bridge": "", "tunnel": "", "layer": "", "source": "osm"}, "geometry": {"type": "LineString", "coordinates": [[116.3377317, 39.9764744], [116.3378522, 39.9765005], [116.3380115, 39.9764877]]}}, {"type": "Feature", "properties": {"highway": "footway", "name": "", "bridge": "", "tunnel": "", "layer": "", "source": "osm"}, "geometry": {"type": "LineString", "coordinates": [[116.3380115, 39.9764877], [116.3379917, 39.9764223]]}}, {"type": "Feature", "properties": {"highway": "footway", "name": "", "bridge": "", "tunnel": "", "layer": "", "source": "osm"}, "geometry": {"type": "LineString", "coordinates": [[116.338082, 39.9839582], [116.3380941, 39.9837363], [116.3379647, 39.9837331]]}}, {"type": "Feature", "properties": {"highway": "footway", "name": "", "bridge": "", "tunnel": "", "layer": "", "source": "osm"}, "geometry": {"type": "LineString", "coordinates": [[116.3374602, 39.9798068], [116.3374745, 39.9795544]]}}, {"type": "Feature", "properties": {"highway": "footway", "name": "", "bridge": "", "tunnel": "", "layer": "", "source": "osm"}, "geometry": {"type": "LineString", "coordinates": [[116.3208444, 39.9841381], [116.3204927, 39.9841287], [116.3186046, 39.9840781], [116.3189912, 39.9839164], [116.3192833, 39.9838216], [116.3202704, 39.9838607], [116.3203658, 39.9839757], [116.3204927, 39.9841287]]}}, {"type": "Feature", "properties": {"highway": "footway", "name": "", "bridge": "", "tunnel": "", "layer": "", "source": "osm"}, "geometry": {"type": "LineString", "coordinates": [[116.3208444, 39.9841381], [116.3211299, 39.9841426]]}}, {"type": "Feature", "properties": {"highway": "footway", "name": "", "bridge": "", "tunnel": "", "layer": "", "source": "osm"}, "geometry": {"type": "LineString", "coordinates": [[116.3203658, 39.9839757], [116.3208025, 39.984004], [116.3208444, 39.9841381]]}}, {"type": "Feature", "properties": {"highway": "footway", "name": "", "bridge": "", "tunnel": "", "layer": "", "source": "osm"}, "geometry": {"type": "LineString", "coordinates": [[116.3208025, 39.984004], [116.3207059, 39.9837861], [116.3201614, 39.9837758], [116.3202704, 39.9838607]]}}, {"type": "Feature", "properties": {"highway": "footway", "name": "", "bridge": "", "tunnel": "", "layer": "", "source": "osm"}, "geometry": {"type": "LineString", "coordinates": [[116.3192833, 39.9838216], [116.3192611, 39.983752], [116.3190141, 39.9837489]]}}, {"type": "Feature", "properties": {"highway": "service", "name": "", "bridge": "", "tunnel": "yes", "layer": "-1", "source": "osm"}, "geometry": {"type": "LineString", "coordinates": [[116.3029969, 39.9697224], [116.3030196, 39.9695453]]}}, {"type": "Feature", "properties": {"highway": "cycleway", "name": "", "bridge": "", "tunnel": "", "layer": "", "source": "osm"}, "geometry": {"type": "LineString", "coordinates": [[116.3035014, 39.9686903], [116.3044425, 39.96875]]}}, {"type": "Feature", "properties": {"highway": "footway", "name": "", "bridge": "", "tunnel": "", "layer": "", "source": "osm"}, "geometry": {"type": "LineString", "coordinates": [[116.3095482, 39.970217], [116.3095417, 39.9702746]]}}, {"type": "Feature", "properties": {"highway": "service", "name": "", "bridge": "", "tunnel": "", "layer": "", "source": "osm"}, "geometry": {"type": "LineString", "coordinates": [[116.3078995, 39.9712327], [116.3081362, 39.9712432]]}}, {"type": "Feature", "properties": {"highway": "service", "name": "", "bridge": "", "tunnel": "", "layer": "", "source": "osm"}, "geometry": {"type": "LineString", "coordinates": [[116.2987367, 39.9856874], [116.2986816, 39.9856904], [116.2982662, 39.9856658], [116.2980791, 39.9857078], [116.2980357, 39.9860529], [116.2980109, 39.9860497], [116.2978741, 39.9860323], [116.2979085, 39.9856975], [116.2980791, 39.9857078]]}}, {"type": "Feature", "properties": {"highway": "service", "name": "", "bridge": "", "tunnel": "", "layer": "", "source": "osm"}, "geometry": {"type": "LineString", "coordinates": [[116.2979085, 39.9856975], [116.2978038, 39.9856918], [116.2977574, 39.985866]]}}, {"type": "Feature", "properties": {"highway": "footway", "name": "", "bridge": "", "tunnel": "", "layer": "", "source": "osm"}, "geometry": {"type": "LineString", "coordinates": [[116.2989464, 39.9863862], [116.2988353, 39.9864221], [116.2987905, 39.9864187]]}}, {"type": "Feature", "properties": {"highway": "steps", "name": "", "bridge": "", "tunnel": "", "layer": "", "source": "osm"}, "geometry": {"type": "LineString", "coordinates": [[116.2987905, 39.9864187], [116.2987291, 39.986413]]}}, {"type": "Feature", "properties": {"highway": "footway", "name": "", "bridge": "", "tunnel": "", "layer": "", "source": "osm"}, "geometry": {"type": "LineString", "coordinates": [[116.2987291, 39.986413], [116.297975, 39.986335], [116.2980109, 39.9860497]]}}, {"type": "Feature", "properties": {"highway": "footway", "name": "", "bridge": "", "tunnel": "", "layer": "", "source": "osm"}, "geometry": {"type": "LineString", "coordinates": [[116.298988, 39.9857641], [116.2989895, 39.9857469], [116.2990197, 39.9856844], [116.2990543, 39.9855976], [116.2990643, 39.9855726]]}}, {"type": "Feature", "properties": {"highway": "footway", "name": "", "bridge": "", "tunnel": "", "layer": "", "source": "osm"}, "geometry": {"type": "LineString", "coordinates": [[116.2989895, 39.9857469], [116.2986626, 39.9857242]]}}, {"type": "Feature", "properties": {"highway": "service", "name": "", "bridge": "", "tunnel": "", "layer": "", "source": "osm"}, "geometry": {"type": "LineString", "coordinates": [[116.2983702, 39.9864495], [116.2989514, 39.9864953], [116.2990194, 39.9865029]]}}, {"type": "Feature", "properties": {"highway": "service", "name": "", "bridge": "", "tunnel": "", "layer": "", "source": "osm"}, "geometry": {"type": "LineString", "coordinates": [[116.2983622, 39.9865416], [116.2983627, 39.9865214], [116.2983702, 39.9864495]]}}, {"type": "Feature", "properties": {"highway": "service", "name": "", "bridge": "", "tunnel": "", "layer": "", "source": "osm"}, "geometry": {"type": "LineString", "coordinates": [[116.2991478, 39.9856936], [116.2990197, 39.9856844], [116.2987367, 39.9856874]]}}, {"type": "Feature", "properties": {"highway": "service", "name": "", "bridge": "", "tunnel": "", "layer": "", "source": "osm"}, "geometry": {"type": "LineString", "coordinates": [[116.3210222, 39.9964203], [116.3218166, 39.9964505]]}}, {"type": "Feature", "properties": {"highway": "service", "name": "", "bridge": "", "tunnel": "", "layer": "", "source": "osm"}, "geometry": {"type": "LineString", "coordinates": [[116.3210834, 39.9960607], [116.3219231, 39.9960999]]}}, {"type": "Feature", "properties": {"highway": "service", "name": "", "bridge": "", "tunnel": "", "layer": "", "source": "osm"}, "geometry": {"type": "LineString", "coordinates": [[116.3211528, 39.9957129], [116.3220177, 39.9957662]]}}, {"type": "Feature", "properties": {"highway": "service", "name": "", "bridge": "", "tunnel": "", "layer": "", "source": "osm"}, "geometry": {"type": "LineString", "coordinates": [[116.3212095, 39.9953929], [116.3220673, 39.9954395]]}}, {"type": "Feature", "properties": {"highway": "service", "name": "", "bridge": "", "tunnel": "", "layer": "", "source": "osm"}, "geometry": {"type": "LineString", "coordinates": [[116.3211647, 39.9956487], [116.3208347, 39.9956387], [116.3206995, 39.9956308], [116.3207304, 39.9956909], [116.3207613, 39.995756], [116.3207472, 39.995831], [116.3206918, 39.9958852], [116.3205077, 39.9959415], [116.320442, 39.9958813], [116.3203783, 39.9958473], [116.3202914, 39.9958409], [116.3204051, 39.9954405], [116.3204678, 39.9952194], [116.3203802, 39.9952037], [116.3204501, 39.9949546]]}}, {"type": "Feature", "properties": {"highway": "service", "name": "", "bridge": "", "tunnel": "", "layer": "", "source": "osm"}, "geometry": {"type": "LineString", "coordinates": [[116.3206995, 39.9956308], [116.3206223, 39.9955824], [116.3205759, 39.9955163], [116.3204704, 39.9954621], [116.3204051, 39.9954405]]}}, {"type": "Feature", "properties": {"highway": "footway", "name": "", "bridge": "", "tunnel": "", "layer": "", "source": "osm"}, "geometry": {"type": "LineString", "coordinates": [[116.3207472, 39.995831], [116.320836, 39.9958774], [116.320921, 39.9959405], [116.3209028, 39.996107]]}}, {"type": "Feature", "properties": {"highway": "footway", "name": "", "bridge": "", "tunnel": "", "layer": "-1", "source": "osm"}, "geometry": {"type": "LineString", "coordinates": [[116.320442, 39.9958813], [116.3202232, 39.9960201], [116.3201948, 39.9961238]]}}, {"type": "Feature", "properties": {"highway": "footway", "name": "", "bridge": "", "tunnel": "", "layer": "-1", "source": "osm"}, "geometry": {"type": "LineString", "coordinates": [[116.3202453, 39.9962012], [116.3204736, 39.9961647]]}}, {"type": "Feature", "properties": {"highway": "pedestrian", "name": "", "bridge": "", "tunnel": "", "layer": "", "source": "osm"}, "geometry": {"type": "LineString", "coordinates": [[116.3114893, 39.9983985], [116.3114907, 39.9984284], [116.3115051, 39.9984563], [116.3115309, 39.9984789], [116.3115652, 39.9984935], [116.3116038, 39.9984984], [116.3116178, 39.9984966], [116.3116392, 39.9984939], [116.3116711, 39.9984813], [116.3116963, 39.9984617], [116.3117124, 39.9984372], [116.3117178, 39.99841], [116.311712, 39.9983829], [116.3116955, 39.9983584], [116.31167, 39.9983391], [116.3116348, 39.998326], [116.3115959, 39.9983227], [116.3115578, 39.9983297], [116.311525, 39.998346], [116.3115012, 39.9983699], [116.3114893, 39.9983985]]}}, {"type": "Feature", "properties": {"highway": "footway", "name": "", "bridge": "", "tunnel": "", "layer": "", "source": "osm"}, "geometry": {"type": "LineString", "coordinates": [[116.3116244, 39.9985182], [116.3116178, 39.9984966]]}}, {"type": "Feature", "properties": {"highway": "footway", "name": "", "bridge": "", "tunnel": "", "layer": "", "source": "osm"}, "geometry": {"type": "LineString", "coordinates": [[116.3322731, 39.9995033], [116.3323011, 39.9994763], [116.332328, 39.9994581], [116.3323798, 39.9994544], [116.3330039, 39.9994672]]}}, {"type": "Feature", "properties": {"highway": "footway", "name": "", "bridge": "", "tunnel": "", "layer": "", "source": "osm"}, "geometry": {"type": "LineString", "coordinates": [[116.3330039, 39.9994672], [116.3331414, 39.9994697]]}}, {"type": "Feature", "properties": {"highway": "footway", "name": "", "bridge": "", "tunnel": "", "layer": "", "source": "osm"}, "geometry": {"type": "LineString", "coordinates": [[116.3331414, 39.9994697], [116.3335472, 39.9994813], [116.333616, 39.9994978], [116.3336577, 39.9995226], [116.3336847, 39.9995387], [116.3337189, 39.9995692], [116.3337324, 39.9996226], [116.333706, 40.0002809]]}}, {"type": "Feature", "properties": {"highway": "footway", "name": "", "bridge": "", "tunnel": "", "layer": "", "source": "osm"}, "geometry": {"type": "LineString", "coordinates": [[116.3336577, 39.9995226], [116.333657, 39.9994527], [116.3336563, 39.9993697], [116.3336551, 39.9992388], [116.3336397, 39.9991522], [116.3336387, 39.9991091], [116.3337696, 39.999113], [116.3339345, 39.9991205], [116.3339865, 39.9991229]]}}, {"type": "Feature", "properties": {"highway": "footway", "name": "", "bridge": "", "tunnel": "", "layer": "", "source": "osm"}, "geometry": {"type": "LineString", "coordinates": [[116.3336847, 39.9995387], [116.3338234, 39.9995366], [116.3339515, 39.9995347], [116.3340484, 39.9995332], [116.3340545, 39.9994621], [116.3340615, 39.9993812], [116.3340725, 39.9992548], [116.3340786, 39.9991843], [116.3340796, 39.9991506], [116.3340799, 39.9991385], [116.3340439, 39.9991253], [116.3339865, 39.9991229]]}}, {"type": "Feature", "properties": {"highway": "footway", "name": "", "bridge": "", "tunnel": "", "layer": "", "source": "osm"}, "geometry": {"type": "LineString", "coordinates": [[116.3336387, 39.9991091], [116.3336379, 39.9990891], [116.3336621, 39.9981776], [116.3336642, 39.9980936], [116.3336956, 39.9972646]]}}, {"type": "Feature", "properties": {"highway": "tertiary", "name": "北四环西路辅路", "bridge": "", "tunnel": "", "layer": "", "source": "osm"}, "geometry": {"type": "LineString", "coordinates": [[116.3044399, 39.9837607], [116.3046834, 39.9837656], [116.3047754, 39.9837659], [116.3058826, 39.9838037]]}}, {"type": "Feature", "properties": {"highway": "tertiary", "name": "北四环西路辅路", "bridge": "", "tunnel": "", "layer": "", "source": "osm"}, "geometry": {"type": "LineString", "coordinates": [[116.3059815, 39.9842883], [116.3042941, 39.984236], [116.3042484, 39.9842346], [116.3037438, 39.9842189]]}}, {"type": "Feature", "properties": {"highway": "cycleway", "name": "", "bridge": "", "tunnel": "", "layer": "", "source": "osm"}, "geometry": {"type": "LineString", "coordinates": [[116.3467415, 39.9858481], [116.3443785, 39.9857596], [116.3443242, 39.9857465], [116.3441482, 39.9857037], [116.3423637, 39.9856596], [116.3418415, 39.9856468], [116.3406738, 39.9856179], [116.3398585, 39.9855978], [116.3393254, 39.9855847], [116.339022, 39.9855772], [116.3386681, 39.9855927], [116.3384178, 39.9855908], [116.3384029, 39.9855907], [116.3383513, 39.9855811], [116.3381592, 39.9855454], [116.3380765, 39.9855255], [116.3348008, 39.9854027]]}}, {"type": "Feature", "properties": {"highway": "cycleway", "name": "", "bridge": "", "tunnel": "yes", "layer": "-1", "source": "osm"}, "geometry": {"type": "LineString", "coordinates": [[116.3348008, 39.9854027], [116.3342865, 39.9853871]]}}, {"type": "Feature", "properties": {"highway": "footway", "name": "", "bridge": "", "tunnel": "", "layer": "", "source": "osm"}, "geometry": {"type": "LineString", "coordinates": [[116.3307475, 40.0022607], [116.3307282, 40.0022277], [116.3307404, 40.0017705], [116.3307619, 40.0012233], [116.3307738, 40.0006281], [116.3307772, 40.0004593], [116.3308007, 40.0002652], [116.3308222, 40.0000859], [116.3308314, 39.9998667], [116.3308518, 39.9993422], [116.3308798, 39.9993043]]}}, {"type": "Feature", "properties": {"highway": "cycleway", "name": "", "bridge": "", "tunnel": "", "layer": "", "source": "osm"}, "geometry": {"type": "LineString", "coordinates": [[116.3311361, 39.9992782], [116.3310776, 39.9992905], [116.3310765, 39.9993066], [116.3310707, 39.9994087], [116.331051, 40.0001029], [116.331017, 40.0008373], [116.3309829, 40.0018066], [116.3309527, 40.0022467], [116.3309491, 40.002268]]}}, {"type": "Feature", "properties": {"highway": "footway", "name": "", "bridge": "", "tunnel": "", "layer": "", "source": "osm"}, "geometry": {"type": "LineString", "coordinates": [[116.3311318, 39.9993073], [116.3312197, 39.9993037], [116.3316808, 39.9993137], [116.331867, 39.9993257], [116.3320067, 39.9993815], [116.3320832, 39.999554]]}}, {"type": "Feature", "properties": {"highway": "cycleway", "name": "", "bridge": "", "tunnel": "", "layer": "", "source": "osm"}, "geometry": {"type": "LineString", "coordinates": [[116.3307475, 40.0022607], [116.3307611, 40.0022308], [116.3307795, 40.0016406], [116.330802, 40.0012281], [116.3308265, 40.0007725], [116.3308248, 40.0006288], [116.3308225, 40.0004351], [116.3308388, 40.0001117], [116.3308439, 40.0000131], [116.3308695, 39.9994205], [116.3308798, 39.9993043]]}}, {"type": "Feature", "properties": {"highway": "residential", "name": "校园南路", "bridge": "", "tunnel": "", "layer": "", "source": "osm"}, "geometry": {"type": "LineString", "coordinates": [[116.3354569, 39.9797483], [116.3368716, 39.9797896], [116.3374602, 39.9798068], [116.3381526, 39.979827]]}}, {"type": "Feature", "properties": {"highway": "service", "name": "", "bridge": "", "tunnel": "", "layer": "", "source": "osm"}, "geometry": {"type": "LineString", "coordinates": [[116.3290133, 39.9889121], [116.3290328, 39.9886734], [116.3291746, 39.9884635], [116.3293193, 39.9883996], [116.3297754, 39.9882643], [116.3302824, 39.9882872], [116.3302295, 39.9889696]]}}, {"type": "Feature", "properties": {"highway": "service", "name": "", "bridge": "", "tunnel": "", "layer": "", "source": "osm"}, "geometry": {"type": "LineString", "coordinates": [[116.3096513, 39.9977477], [116.3107771, 39.9977885], [116.3118689, 39.9978191], [116.3128918, 39.9978856]]}}, {"type": "Feature", "properties": {"highway": "service", "name": "", "bridge": "", "tunnel": "", "layer": "", "source": "osm"}, "geometry": {"type": "LineString", "coordinates": [[116.3098609, 39.9974276], [116.3108897, 39.9974656], [116.3110294, 39.9974184], [116.3117594, 39.9974587], [116.3129483, 39.997518]]}}, {"type": "Feature", "properties": {"highway": "service", "name": "", "bridge": "", "tunnel": "", "layer": "", "source": "osm"}, "geometry": {"type": "LineString", "coordinates": [[116.3102052, 39.9971087], [116.3109725, 39.9971343], [116.3118043, 39.9971738], [116.3125717, 39.9972172], [116.3127545, 39.9972418], [116.3129873, 39.9972646]]}}, {"type": "Feature", "properties": {"highway": "service", "name": "", "bridge": "", "tunnel": "", "layer": "", "source": "osm"}, "geometry": {"type": "LineString", "coordinates": [[116.3119727, 39.9673511], [116.3120336, 39.9670681], [116.3120478, 39.9670003]]}}, {"type": "Feature", "properties": {"highway": "service", "name": "", "bridge": "", "tunnel": "", "layer": "", "source": "osm"}, "geometry": {"type": "LineString", "coordinates": [[116.3005158, 39.9727188], [116.3011458, 39.9727461], [116.3019013, 39.9728368]]}}, {"type": "Feature", "properties": {"highway": "service", "name": "", "bridge": "", "tunnel": "", "layer": "", "source": "osm"}, "geometry": {"type": "LineString", "coordinates": [[116.3132097, 39.9675374], [116.3132618, 39.9673002]]}}, {"type": "Feature", "properties": {"highway": "residential", "name": "", "bridge": "", "tunnel": "", "layer": "", "source": "osm"}, "geometry": {"type": "LineString", "coordinates": [[116.3244188, 39.9806561], [116.3233816, 39.9806571]]}}, {"type": "Feature", "properties": {"highway": "residential", "name": "", "bridge": "", "tunnel": "", "layer": "", "source": "osm"}, "geometry": {"type": "LineString", "coordinates": [[116.3247006, 39.9811252], [116.3246234, 39.9811046], [116.3246384, 39.9810452], [116.3246414, 39.9807137], [116.3244188, 39.9806561]]}}, {"type": "Feature", "properties": {"highway": "residential", "name": "", "bridge": "", "tunnel": "", "layer": "", "source": "osm"}, "geometry": {"type": "LineString", "coordinates": [[116.3246234, 39.9811046], [116.3233632, 39.9810744]]}}, {"type": "Feature", "properties": {"highway": "pedestrian", "name": "", "bridge": "", "tunnel": "", "layer": "", "source": "osm"}, "geometry": {"type": "LineString", "coordinates": [[116.3248575, 39.9811122], [116.3253376, 39.9811298]]}}, {"type": "Feature", "properties": {"highway": "residential", "name": "", "bridge": "", "tunnel": "", "layer": "", "source": "osm"}, "geometry": {"type": "LineString", "coordinates": [[116.3244188, 39.9806561], [116.3244185, 39.9805083], [116.3244239, 39.9802683]]}}, {"type": "Feature", "properties": {"highway": "residential", "name": "", "bridge": "", "tunnel": "", "layer": "-1", "source": "osm"}, "geometry": {"type": "LineString", "coordinates": [[116.3244239, 39.9802683], [116.324428, 39.9800514]]}}, {"type": "Feature", "properties": {"highway": "footway", "name": "", "bridge": "", "tunnel": "", "layer": "", "source": "osm"}, "geometry": {"type": "LineString", "coordinates": [[116.3051126, 39.9805916], [116.3051989, 39.9805598], [116.305293, 39.9805667], [116.3053602, 39.9806096], [116.3053759, 39.9806791], [116.305293, 39.9808225], [116.3054342, 39.980947], [116.3061087, 39.9808243]]}}, {"type": "Feature", "properties": {"highway": "footway", "name": "", "bridge": "", "tunnel": "", "layer": "", "source": "osm"}, "geometry": {"type": "LineString", "coordinates": [[116.3053759, 39.9806791], [116.3057695, 39.9804169]]}}, {"type": "Feature", "properties": {"highway": "pedestrian", "name": "", "bridge": "", "tunnel": "", "layer": "1", "source": "osm"}, "geometry": {"type": "LineString", "coordinates": [[116.2980266, 39.9831427], [116.2985357, 39.9830522], [116.2990918, 39.9831673], [116.2991205, 39.983104], [116.2992799, 39.9831383], [116.2993395, 39.9831787], [116.2992592, 39.9832358], [116.29914, 39.9832868], [116.2990024, 39.9833043], [116.2986148, 39.9832507], [116.2980771, 39.9832569], [116.2980266, 39.9831427]]}}, {"type": "Feature", "properties": {"highway": "cycleway", "name": "", "bridge": "", "tunnel": "", "layer": "", "source": "osm"}, "geometry": {"type": "LineString", "coordinates": [[116.2992445, 39.9842396], [116.2991776, 39.9842207], [116.2990025, 39.9841714], [116.2984635, 39.9841454], [116.2976256, 39.984183], [116.2974112, 39.9841926], [116.2969638, 39.9842127], [116.2967586, 39.9842219], [116.2952058, 39.9841941], [116.2947902, 39.9841867], [116.2946931, 39.98418], [116.2946283, 39.9841755]]}}, {"type": "Feature", "properties": {"highway": "cycleway", "name": "", "bridge": "", "tunnel": "", "layer": "", "source": "osm"}, "geometry": {"type": "LineString", "coordinates": [[116.294374, 39.984158], [116.2943676, 39.9841575], [116.2937921, 39.9841179], [116.2934699, 39.9843524], [116.2931066, 39.9846169], [116.2930714, 39.9846425], [116.2920559, 39.9841878], [116.2915859, 39.9840677], [116.2910924, 39.9837946], [116.290551, 39.9834478], [116.2901623, 39.9832129], [116.288616, 39.9825506], [116.2881079, 39.9823076], [116.2873101, 39.9818112], [116.2861305, 39.9808881], [116.286009, 39.980793], [116.2859711, 39.9807634], [116.2858695, 39.9806838], [116.285785, 39.9806001], [116.2822512, 39.9770936], [116.2804446, 39.9754859], [116.2798297, 39.9749387], [116.279291, 39.97495], [116.279104, 39.9751036], [116.2786988, 39.9754971], [116.2785682, 39.9755779], [116.2784376, 39.975645], [116.2781779, 39.9756973], [116.2774981, 39.9757689], [116.2772176, 39.9758349], [116.2770395, 39.975927], [116.2769208, 39.9760089], [116.2768124, 39.9761135], [116.2767085, 39.9762546], [116.276474, 39.976598], [116.276108, 39.977374], [116.2760284, 39.9775429], [116.2752135, 39.9792153]]}}, {"type": "Feature", "properties": {"highway": "cycleway", "name": "", "bridge": "yes", "tunnel": "", "layer": "1", "source": "osm"}, "geometry": {"type": "LineString", "coordinates": [[116.2946283, 39.9841755], [116.294374, 39.984158]]}}, {"type": "Feature", "properties": {"highway": "footway", "name": "", "bridge": "", "tunnel": "", "layer": "", "source": "osm"}, "geometry": {"type": "LineString", "coordinates": [[116.3318752, 39.9917362], [116.3318683, 39.9918455], [116.3318613, 39.9919548], [116.3319117, 39.9919566], [116.3318706, 39.9929048], [116.331843, 39.9930735], [116.3318217, 39.9931351], [116.3318091, 39.993194], [116.3318085, 39.9932758], [116.3318219, 39.9934139], [116.3318207, 39.9934693], [116.3318266, 39.9935427], [116.3318256, 39.9936259]]}}, {"type": "Feature", "properties": {"highway": "cycleway", "name": "", "bridge": "", "tunnel": "", "layer": "", "source": "osm"}, "geometry": {"type": "LineString", "coordinates": [[116.3317891, 39.9941319], [116.3317393, 39.9941317], [116.3316479, 39.9942052], [116.3315237, 39.9942992], [116.3314897, 39.9943328]]}}, {"type": "Feature", "properties": {"highway": "footway", "name": "", "bridge": "", "tunnel": "", "layer": "", "source": "osm"}, "geometry": {"type": "LineString", "coordinates": [[116.3313687, 39.9948718], [116.3314472, 39.9947742], [116.3316002, 39.9946385], [116.3317223, 39.9945382], [116.3317757, 39.9944951]]}}, {"type": "Feature", "properties": {"highway": "footway", "name": "", "bridge": "", "tunnel": "", "layer": "", "source": "osm"}, "geometry": {"type": "LineString", "coordinates": [[116.3319158, 39.9958666], [116.3325167, 39.9958692]]}}, {"type": "Feature", "properties": {"highway": "footway", "name": "", "bridge": "", "tunnel": "", "layer": "", "source": "osm"}, "geometry": {"type": "LineString", "coordinates": [[116.331937, 39.9959008], [116.3320392, 39.9959515], [116.3320771, 39.9959798], [116.3320893, 39.9960049], [116.3320699, 39.9967015], [116.3320515, 39.9967329], [116.3320127, 39.9967532], [116.3319147, 39.9967628]]}}, {"type": "Feature", "properties": {"highway": "cycleway", "name": "", "bridge": "", "tunnel": "", "layer": "", "source": "osm"}, "geometry": {"type": "LineString", "coordinates": [[116.3315649, 39.9970845], [116.3315236, 39.9970519], [116.3315022, 39.9970214], [116.3315101, 39.9966668], [116.3313703, 39.9965525], [116.3314472, 39.9947742], [116.3314692, 39.9943597], [116.3314897, 39.9943328]]}}, {"type": "Feature", "properties": {"highway": "footway", "name": "", "bridge": "", "tunnel": "", "layer": "", "source": "osm"}, "geometry": {"type": "LineString", "coordinates": [[116.3314897, 39.9943328], [116.3313975, 39.9942556]]}}, {"type": "Feature", "properties": {"highway": "footway", "name": "", "bridge": "", "tunnel": "", "layer": "", "source": "osm"}, "geometry": {"type": "LineString", "coordinates": [[116.3312563, 39.9977533], [116.3312027, 39.9977141], [116.331172, 39.9976929], [116.3311213, 39.997658], [116.3310113, 39.9975822], [116.3309393, 39.9975386], [116.3309448, 39.9974814], [116.3309545, 39.9974292], [116.330962, 39.9973754]]}}, {"type": "Feature", "properties": {"highway": "footway", "name": "", "bridge": "", "tunnel": "", "layer": "", "source": "osm"}, "geometry": {"type": "LineString", "coordinates": [[116.3312464, 39.9975285], [116.3312563, 39.9977533], [116.3312652, 39.9979571]]}}, {"type": "Feature", "properties": {"highway": "service", "name": "", "bridge": "", "tunnel": "", "layer": "", "source": "osm"}, "geometry": {"type": "LineString", "coordinates": [[116.3324741, 39.9894406], [116.3324717, 39.9895177], [116.3324591, 39.9899112]]}}, {"type": "Feature", "properties": {"highway": "service", "name": "", "bridge": "", "tunnel": "", "layer": "", "source": "osm"}, "geometry": {"type": "LineString", "coordinates": [[116.3337228, 39.9898134], [116.3338044, 39.9898514], [116.3339725, 39.9898576], [116.3339486, 39.9903803], [116.333768, 39.9903797], [116.3337906, 39.9899084], [116.3336752, 39.9899025], [116.3336565, 39.9898625]]}}, {"type": "Feature", "properties": {"highway": "service", "name": "", "bridge": "", "tunnel": "", "layer": "", "source": "osm"}, "geometry": {"type": "LineString", "coordinates": [[116.333768, 39.9903797], [116.3336572, 39.9903786], [116.3336752, 39.9899025]]}}, {"type": "Feature", "properties": {"highway": "service", "name": "", "bridge": "", "tunnel": "", "layer": "", "source": "osm"}, "geometry": {"type": "LineString", "coordinates": [[116.3339725, 39.9898576], [116.3339891, 39.989538]]}}, {"type": "Feature", "properties": {"highway": "footway", "name": "", "bridge": "", "tunnel": "", "layer": "", "source": "osm"}, "geometry": {"type": "LineString", "coordinates": [[116.332124, 39.992368], [116.3325076, 39.9923868], [116.3325309, 39.9917547]]}}, {"type": "Feature", "properties": {"highway": "tertiary", "name": "", "bridge": "", "tunnel": "", "layer": "", "source": "osm"}, "geometry": {"type": "LineString", "coordinates": [[116.3091265, 39.9975288], [116.3091433, 39.997548], [116.3091858, 39.9975683], [116.3092374, 39.9975805], [116.3093012, 39.9975722], [116.3093452, 39.9975574], [116.309382, 39.9975456], [116.3094352, 39.9975019]]}}, {"type": "Feature", "properties": {"highway": "residential", "name": "", "bridge": "", "tunnel": "", "layer": "", "source": "osm"}, "geometry": {"type": "LineString", "coordinates": [[116.3174015, 39.9864913], [116.3173893, 39.9866657], [116.3173463, 39.9869957], [116.3173014, 39.98735], [116.3172527, 39.9873626], [116.3170493, 39.987367]]}}, {"type": "Feature", "properties": {"highway": "service", "name": "", "bridge": "", "tunnel": "", "layer": "", "source": "osm"}, "geometry": {"type": "LineString", "coordinates": [[116.3197573, 39.9865724], [116.3197383, 39.9869327], [116.3196771, 39.987093], [116.3196567, 39.9871466], [116.3196467, 39.9872938], [116.3196809, 39.9873809], [116.3198156, 39.9873851], [116.3198145, 39.9876337], [116.3198145, 39.9878248], [116.3198112, 39.9879297], [116.3197699, 39.9881624]]}}, {"type": "Feature", "properties": {"highway": "service", "name": "", "bridge": "", "tunnel": "", "layer": "", "source": "osm"}, "geometry": {"type": "LineString", "coordinates": [[116.3196771, 39.987093], [116.3200422, 39.987103], [116.3200735, 39.9870774], [116.320077, 39.9869906], [116.3205512, 39.986997]]}}, {"type": "Feature", "properties": {"highway": "service", "name": "", "bridge": "", "tunnel": "", "layer": "", "source": "osm"}, "geometry": {"type": "LineString", "coordinates": [[116.3172585, 39.9889367], [116.3175926, 39.9889612], [116.3188452, 39.9890531]]}}, {"type": "Feature", "properties": {"highway": "service", "name": "", "bridge": "", "tunnel": "", "layer": "", "source": "osm"}, "geometry": {"type": "LineString", "coordinates": [[116.3239807, 39.9853374], [116.32491, 39.985361], [116.3249398, 39.9853399], [116.324963, 39.9851276]]}}, {"type": "Feature", "properties": {"highway": "service", "name": "", "bridge": "", "tunnel": "", "layer": "", "source": "osm"}, "geometry": {"type": "LineString", "coordinates": [[116.3259262, 39.9850745], [116.32586, 39.9856103], [116.3258609, 39.9857589], [116.3258382, 39.9860152], [116.3266168, 39.9860435]]}}, {"type": "Feature", "properties": {"highway": "service", "name": "", "bridge": "", "tunnel": "", "layer": "", "source": "osm"}, "geometry": {"type": "LineString", "coordinates": [[116.3258382, 39.9860152], [116.3256556, 39.9860367], [116.3248422, 39.9860122], [116.3247748, 39.985964], [116.3246019, 39.9859187], [116.3243079, 39.9859099], [116.3239724, 39.9859055]]}}, {"type": "Feature", "properties": {"highway": "service", "name": "", "bridge": "", "tunnel": "", "layer": "", "source": "osm"}, "geometry": {"type": "LineString", "coordinates": [[116.3140491, 39.9758762], [116.3140407, 39.9759447], [116.3140374, 39.9759987], [116.3140143, 39.9765384], [116.313986, 39.97657], [116.3139808, 39.9766213], [116.313995, 39.9766597], [116.3140233, 39.9766765], [116.3140207, 39.9767156], [116.3140103, 39.9768706], [116.3129842, 39.976842], [116.3129108, 39.9768183], [116.3128747, 39.976768], [116.3128413, 39.976697], [116.31284, 39.9765727], [116.3128348, 39.9764039], [116.312849, 39.9760497]]}}, {"type": "Feature", "properties": {"highway": "service", "name": "", "bridge": "", "tunnel": "", "layer": "", "source": "osm"}, "geometry": {"type": "LineString", "coordinates": [[116.3140103, 39.9768706], [116.3143227, 39.9768797], [116.3145787, 39.9768871], [116.3147561, 39.9768922]]}}, {"type": "Feature", "properties": {"highway": "service", "name": "", "bridge": "", "tunnel": "", "layer": "", "source": "osm"}, "geometry": {"type": "LineString", "coordinates": [[116.3140103, 39.9768706], [116.3139972, 39.977553], [116.3140351, 39.9776776], [116.3140461, 39.9777487], [116.3140737, 39.9777994], [116.3141565, 39.9778231], [116.314662, 39.9778341]]}}, {"type": "Feature", "properties": {"highway": "footway", "name": "", "bridge": "", "tunnel": "", "layer": "", "source": "osm"}, "geometry": {"type": "LineString", "coordinates": [[116.3140207, 39.9767156], [116.314231, 39.9767198], [116.3143221, 39.9768072], [116.3143227, 39.9768797]]}}, {"type": "Feature", "properties": {"highway": "service", "name": "", "bridge": "", "tunnel": "", "layer": "", "source": "osm"}, "geometry": {"type": "LineString", "coordinates": [[116.3145787, 39.9768871], [116.3145925, 39.9767788], [116.3146104, 39.9765337], [116.3147254, 39.9765348], [116.3147106, 39.9767236], [116.3147639, 39.9767228]]}}, {"type": "Feature", "properties": {"highway": "footway", "name": "", "bridge": "", "tunnel": "", "layer": "-1", "source": "osm"}, "geometry": {"type": "LineString", "coordinates": [[116.3124351, 39.9691196], [116.3121039, 39.9691015], [116.3120748, 39.9693409]]}}, {"type": "Feature", "properties": {"highway": "service", "name": "", "bridge": "", "tunnel": "", "layer": "", "source": "osm"}, "geometry": {"type": "LineString", "coordinates": [[116.3141241, 39.9819157], [116.3143698, 39.981921], [116.3144663, 39.9818553], [116.3145486, 39.9818059], [116.3149265, 39.9818105]]}}, {"type": "Feature", "properties": {"highway": "service", "name": "", "bridge": "", "tunnel": "", "layer": "", "source": "osm"}, "geometry": {"type": "LineString", "coordinates": [[116.3155656, 39.9830757], [116.3155755, 39.9828711], [116.3155876, 39.9824753], [116.3156207, 39.9824542], [116.3156627, 39.982028]]}}, {"type": "Feature", "properties": {"highway": "pedestrian", "name": "", "bridge": "", "tunnel": "", "layer": "", "source": "osm"}, "geometry": {"type": "LineString", "coordinates": [[116.3162376, 39.9826987], [116.3163742, 39.9826985], [116.3163735, 39.9824836], [116.316237, 39.9824838], [116.3162376, 39.9826987]]}}, {"type": "Feature", "properties": {"highway": "service", "name": "", "bridge": "", "tunnel": "", "layer": "", "source": "osm"}, "geometry": {"type": "LineString", "coordinates": [[116.3175926, 39.9889612], [116.317554, 39.9892539]]}}, {"type": "Feature", "properties": {"highway": "service", "name": "", "bridge": "", "tunnel": "", "layer": "", "source": "osm"}, "geometry": {"type": "LineString", "coordinates": [[116.3171152, 39.9901093], [116.3173122, 39.9901119], [116.3173519, 39.9900544], [116.3173773, 39.9900028], [116.3174347, 39.9899623], [116.3178033, 39.9899775], [116.3178497, 39.9900172], [116.3178033, 39.9903758]]}}, {"type": "Feature", "properties": {"highway": "service", "name": "", "bridge": "", "tunnel": "", "layer": "", "source": "osm"}, "geometry": {"type": "LineString", "coordinates": [[116.3178497, 39.9900172], [116.3178913, 39.9899894], [116.3179643, 39.9899744], [116.3184241, 39.9899956], [116.318466, 39.9900075], [116.3184936, 39.9900332], [116.318459, 39.990274]]}}, {"type": "Feature", "properties": {"highway": "service", "name": "", "bridge": "", "tunnel": "", "layer": "", "source": "osm"}, "geometry": {"type": "LineString", "coordinates": [[116.3184936, 39.9900332], [116.3185638, 39.9899945], [116.318648, 39.9899264], [116.3186679, 39.9896611]]}}, {"type": "Feature", "properties": {"highway": "service", "name": "", "bridge": "", "tunnel": "", "layer": "", "source": "osm"}, "geometry": {"type": "LineString", "coordinates": [[116.3173122, 39.9901119], [116.3173144, 39.9903443], [116.3172945, 39.9905109]]}}, {"type": "Feature", "properties": {"highway": "residential", "name": "", "bridge": "", "tunnel": "", "layer": "", "source": "osm"}, "geometry": {"type": "LineString", "coordinates": [[116.3172945, 39.9905109], [116.316608, 39.9904864], [116.3165462, 39.9905033], [116.3165252, 39.990527], [116.3165053, 39.9908821], [116.3164259, 39.990905], [116.3164237, 39.9909586], [116.3164195, 39.9910401]]}}, {"type": "Feature", "properties": {"highway": "residential", "name": "", "bridge": "", "tunnel": "", "layer": "", "source": "osm"}, "geometry": {"type": "LineString", "coordinates": [[116.3211146, 39.9898939], [116.3208373, 39.9899014], [116.3207853, 39.9899094], [116.3207626, 39.9901696], [116.3207512, 39.990203], [116.3207238, 39.9902363], [116.320668, 39.990245], [116.3196728, 39.9902176], [116.3196456, 39.990198], [116.3196821, 39.9895598], [116.3197104, 39.9895381], [116.3197948, 39.9895033], [116.3198167, 39.989338], [116.3199992, 39.9892149], [116.3201817, 39.9892149]]}}, {"type": "Feature", "properties": {"highway": "service", "name": "", "bridge": "", "tunnel": "", "layer": "", "source": "osm"}, "geometry": {"type": "LineString", "coordinates": [[116.3197104, 39.9895381], [116.3192146, 39.9895264]]}}, {"type": "Feature", "properties": {"highway": "pedestrian", "name": "", "bridge": "", "tunnel": "", "layer": "", "source": "osm"}, "geometry": {"type": "LineString", "coordinates": [[116.3163325, 39.9892674], [116.3165911, 39.9892791], [116.3166217, 39.9892014], [116.3166759, 39.9891374], [116.3166968, 39.9889638], [116.3163728, 39.9889435], [116.3163325, 39.9892674]]}}, {"type": "Feature", "properties": {"highway": "service", "name": "", "bridge": "", "tunnel": "", "layer": "", "source": "osm"}, "geometry": {"type": "LineString", "coordinates": [[116.3243721, 39.9902537], [116.3251297, 39.9902708], [116.3252377, 39.9903063]]}}, {"type": "Feature", "properties": {"highway": "service", "name": "", "bridge": "", "tunnel": "", "layer": "", "source": "osm"}, "geometry": {"type": "LineString", "coordinates": [[116.3233834, 39.9882163], [116.3233117, 39.9882767], [116.3225594, 39.9882587], [116.3218432, 39.9882415], [116.3216971, 39.9883214], [116.3212883, 39.9883151], [116.3212576, 39.9883762], [116.3212443, 39.9886353], [116.3214784, 39.9886353], [116.3216071, 39.9886251], [116.3217563, 39.9885711]]}}, {"type": "Feature", "properties": {"highway": "service", "name": "", "bridge": "", "tunnel": "", "layer": "", "source": "osm"}, "geometry": {"type": "LineString", "coordinates": [[116.3225594, 39.9882587], [116.3225544, 39.9883796]]}}, {"type": "Feature", "properties": {"highway": "service", "name": "", "bridge": "", "tunnel": "", "layer": "", "source": "osm"}, "geometry": {"type": "LineString", "coordinates": [[116.3162366, 39.9854514], [116.3162581, 39.9850359]]}}, {"type": "Feature", "properties": {"highway": "footway", "name": "", "bridge": "", "tunnel": "", "layer": "", "source": "osm"}, "geometry": {"type": "LineString", "coordinates": [[116.3334297, 39.986307], [116.3334, 39.986285], [116.333383, 39.986248], [116.3333678, 39.9862248], [116.3332723, 39.9862183], [116.3331578, 39.9862089], [116.3330073, 39.9862002], [116.3328843, 39.9861958], [116.3328191, 39.9861922], [116.3328001, 39.9862096], [116.3327557, 39.9862321], [116.3326658, 39.9862285], [116.332591, 39.9862285], [116.3325267, 39.9862256], [116.3324624, 39.9862154], [116.3324084, 39.9861987], [116.3323838, 39.9861806], [116.3324519, 39.9857058], [116.3324709, 39.9855673], [116.3325078, 39.9855296], [116.332557, 39.9854977], [116.332626, 39.9854963], [116.3327172, 39.985501], [116.3327642, 39.9855035], [116.3330111, 39.985518], [116.33296, 39.9855485], [116.3328087, 39.9856289], [116.3328948, 39.9857594], [116.3329468, 39.9857464], [116.3329998, 39.9857442], [116.333083, 39.9857572], [116.3331616, 39.9857935], [116.3331805, 39.9858174], [116.3332108, 39.9858522], [116.3332155, 39.9859044], [116.3332032, 39.9859573], [116.3331805, 39.9860016], [116.3331379, 39.9860356], [116.3331048, 39.9860559], [116.3330319, 39.9860712], [116.3329733, 39.9860755], [116.3329203, 39.9860719], [116.3328825, 39.9860509], [116.3328418, 39.9860306], [116.3328162, 39.9860023], [116.3327926, 39.985966], [116.3327841, 39.9859334], [116.3327822, 39.9858877], [116.3327964, 39.9858428], [116.332838, 39.9857964], [116.3328815, 39.9857645], [116.3328948, 39.9857594]]}}, {"type": "Feature", "properties": {"highway": "footway", "name": "", "bridge": "", "tunnel": "", "layer": "", "source": "osm"}, "geometry": {"type": "LineString", "coordinates": [[116.3332155, 39.9859044], [116.3337009, 39.9857126], [116.333755, 39.9856702], [116.3337679, 39.9856051], [116.3337717, 39.98554]]}}, {"type": "Feature", "properties": {"highway": "footway", "name": "", "bridge": "", "tunnel": "", "layer": "", "source": "osm"}, "geometry": {"type": "LineString", "coordinates": [[116.3331805, 39.9860016], [116.3332257, 39.9860025], [116.3332692, 39.9860156], [116.3333373, 39.9860032], [116.3333685, 39.9860141], [116.3333941, 39.9860301], [116.333448, 39.9860301], [116.3334594, 39.9860127], [116.3334707, 39.9859808], [116.3334707, 39.9859213], [116.3337489, 39.9859235]]}}, {"type": "Feature", "properties": {"highway": "footway", "name": "", "bridge": "", "tunnel": "", "layer": "", "source": "osm"}, "geometry": {"type": "LineString", "coordinates": [[116.3337489, 39.9859235], [116.3337044, 39.9859873], [116.3337167, 39.9860119], [116.3337252, 39.9860351], [116.3337271, 39.9860656], [116.3337224, 39.9860997], [116.3337134, 39.9861131], [116.3337025, 39.9861294], [116.3336723, 39.9861555], [116.3336486, 39.9861707]]}}, {"type": "Feature", "properties": {"highway": "footway", "name": "", "bridge": "", "tunnel": "", "layer": "", "source": "osm"}, "geometry": {"type": "LineString", "coordinates": [[116.333448, 39.9860301], [116.3334809, 39.9860311], [116.333503, 39.9860357], [116.3335179, 39.9860494], [116.3335286, 39.9860713], [116.3335525, 39.986096], [116.333568, 39.9861051], [116.3335864, 39.9861078], [116.3336133, 39.9861033], [116.3336401, 39.9860946], [116.3336657, 39.9860914], [116.3336919, 39.986101], [116.3337134, 39.9861131]]}}, {"type": "Feature", "properties": {"highway": "service", "name": "", "bridge": "", "tunnel": "", "layer": "", "source": "osm"}, "geometry": {"type": "LineString", "coordinates": [[116.3342046, 39.9864545], [116.3341795, 39.9865155], [116.3341328, 39.98742]]}}, {"type": "Feature", "properties": {"highway": "steps", "name": "", "bridge": "", "tunnel": "", "layer": "-1", "source": "osm"}, "geometry": {"type": "LineString", "coordinates": [[116.3015635, 39.9701609], [116.3012805, 39.970144]]}}, {"type": "Feature", "properties": {"highway": "residential", "name": "", "bridge": "", "tunnel": "", "layer": "", "source": "osm"}, "geometry": {"type": "LineString", "coordinates": [[116.330202, 39.994153], [116.3302033, 39.9941238], [116.3301919, 39.9937677], [116.3301971, 39.993482]]}}, {"type": "Feature", "properties": {"highway": "living_street", "name": "", "bridge": "", "tunnel": "", "layer": "", "source": "osm"}, "geometry": {"type": "LineString", "coordinates": [[116.2978569, 39.977008], [116.2971955, 39.9769554], [116.2972694, 39.9763701], [116.2972261, 39.976266]]}}, {"type": "Feature", "properties": {"highway": "residential", "name": "", "bridge": "", "tunnel": "", "layer": "", "source": "osm"}, "geometry": {"type": "LineString", "coordinates": [[116.3304525, 39.9807088], [116.3305147, 39.9802009], [116.3311646, 39.9802584]]}}, {"type": "Feature", "properties": {"highway": "service", "name": "", "bridge": "", "tunnel": "", "layer": "", "source": "osm"}, "geometry": {"type": "LineString", "coordinates": [[116.3218371, 39.9776873], [116.3220844, 39.9776942], [116.3221277, 39.9776954], [116.323178, 39.9777], [116.3232972, 39.9777356], [116.323389, 39.9777813], [116.323439, 39.9778425], [116.323358, 39.9785568], [116.3222362, 39.9785303], [116.3220956, 39.9785906], [116.3220795, 39.9789568], [116.3219696, 39.9789675], [116.3217293, 39.9789082]]}}, {"type": "Feature", "properties": {"highway": "service", "name": "", "bridge": "", "tunnel": "", "layer": "", "source": "osm"}, "geometry": {"type": "LineString", "coordinates": [[116.323358, 39.9785568], [116.3233404, 39.9787591], [116.3233148, 39.9789086], [116.3232361, 39.9789681], [116.3230276, 39.9789752], [116.3230225, 39.9791389], [116.3229152, 39.9791349], [116.3228161, 39.9791255], [116.3227139, 39.9790754], [116.3226271, 39.9789987], [116.3225576, 39.9789681], [116.3220795, 39.9789568]]}}, {"type": "Feature", "properties": {"highway": "service", "name": "", "bridge": "", "tunnel": "", "layer": "", "source": "osm"}, "geometry": {"type": "LineString", "coordinates": [[116.3233148, 39.9789086], [116.3233792, 39.9789486], [116.323416, 39.9789901], [116.3233874, 39.9790441], [116.3232985, 39.9791013], [116.3231738, 39.9791326], [116.3230225, 39.9791389]]}}, {"type": "Feature", "properties": {"highway": "service", "name": "", "bridge": "", "tunnel": "", "layer": "", "source": "osm"}, "geometry": {"type": "LineString", "coordinates": [[116.3220844, 39.9776942], [116.3221165, 39.9768215], [116.3221523, 39.976584], [116.322188, 39.9765457], [116.3226553, 39.976563]]}}, {"type": "Feature", "properties": {"highway": "unclassified", "name": "", "bridge": "", "tunnel": "", "layer": "", "source": "osm"}, "geometry": {"type": "LineString", "coordinates": [[116.3373197, 39.9896367], [116.3367793, 39.9896114], [116.3362721, 39.9895965], [116.3360522, 39.9895901]]}}, {"type": "Feature", "properties": {"highway": "residential", "name": "", "bridge": "", "tunnel": "", "layer": "", "source": "osm"}, "geometry": {"type": "LineString", "coordinates": [[116.3360522, 39.9895901], [116.3360504, 39.9896953]]}}, {"type": "Feature", "properties": {"highway": "path", "name": "", "bridge": "", "tunnel": "", "layer": "", "source": "osm"}, "geometry": {"type": "LineString", "coordinates": [[116.3353977, 39.9892858], [116.3353946, 39.9893771]]}}, {"type": "Feature", "properties": {"highway": "service", "name": "", "bridge": "", "tunnel": "", "layer": "", "source": "osm"}, "geometry": {"type": "LineString", "coordinates": [[116.3354653, 39.9888666], [116.3351057, 39.9888568]]}}, {"type": "Feature", "properties": {"highway": "service", "name": "", "bridge": "", "tunnel": "", "layer": "", "source": "osm"}, "geometry": {"type": "LineString", "coordinates": [[116.335778, 39.9892976], [116.3357819, 39.9892191], [116.3355708, 39.9892098], [116.3355728, 39.9891597], [116.3355766, 39.9890672], [116.3355791, 39.9890063], [116.335582, 39.9889353], [116.3355891, 39.9888221]]}}, {"type": "Feature", "properties": {"highway": "service", "name": "", "bridge": "", "tunnel": "", "layer": "", "source": "osm"}, "geometry": {"type": "LineString", "coordinates": [[116.3351992, 39.989148], [116.3355728, 39.9891597]]}}, {"type": "Feature", "properties": {"highway": "service", "name": "", "bridge": "", "tunnel": "", "layer": "", "source": "osm"}, "geometry": {"type": "LineString", "coordinates": [[116.3352078, 39.9889919], [116.3355791, 39.9890063]]}}, {"type": "Feature", "properties": {"highway": "service", "name": "", "bridge": "", "tunnel": "", "layer": "", "source": "osm"}, "geometry": {"type": "LineString", "coordinates": [[116.33582, 39.9890712], [116.3356587, 39.9890686], [116.3355766, 39.9890672]]}}, {"type": "Feature", "properties": {"highway": "service", "name": "", "bridge": "", "tunnel": "", "layer": "", "source": "osm"}, "geometry": {"type": "LineString", "coordinates": [[116.3358295, 39.9889411], [116.335582, 39.9889353]]}}, {"type": "Feature", "properties": {"highway": "service", "name": "", "bridge": "", "tunnel": "", "layer": "", "source": "osm"}, "geometry": {"type": "LineString", "coordinates": [[116.3358384, 39.9888272], [116.3355891, 39.9888221]]}}, {"type": "Feature", "properties": {"highway": "service", "name": "", "bridge": "", "tunnel": "", "layer": "", "source": "osm"}, "geometry": {"type": "LineString", "coordinates": [[116.3344017, 39.9890154], [116.3344679, 39.9890186], [116.3345117, 39.9890207], [116.3346011, 39.9890249]]}}, {"type": "Feature", "properties": {"highway": "service", "name": "", "bridge": "", "tunnel": "", "layer": "", "source": "osm"}, "geometry": {"type": "LineString", "coordinates": [[116.3366622, 39.9890795], [116.3358851, 39.9890594]]}}, {"type": "Feature", "properties": {"highway": "service", "name": "", "bridge": "", "tunnel": "", "layer": "", "source": "osm"}, "geometry": {"type": "LineString", "coordinates": [[116.3366756, 39.9887595], [116.3359057, 39.9887448]]}}, {"type": "Feature", "properties": {"highway": "service", "name": "", "bridge": "", "tunnel": "", "layer": "", "source": "osm"}, "geometry": {"type": "LineString", "coordinates": [[116.3362721, 39.9895965], [116.3362856, 39.9894503], [116.33599, 39.9894452]]}}, {"type": "Feature", "properties": {"highway": "service", "name": "", "bridge": "", "tunnel": "", "layer": "", "source": "osm"}, "geometry": {"type": "LineString", "coordinates": [[116.3362856, 39.9894503], [116.3365937, 39.989457]]}}, {"type": "Feature", "properties": {"highway": "living_street", "name": "", "bridge": "", "tunnel": "", "layer": "", "source": "osm"}, "geometry": {"type": "LineString", "coordinates": [[116.3367793, 39.9896114], [116.3368243, 39.9885419], [116.3370148, 39.9885426]]}}, {"type": "Feature", "properties": {"highway": "service", "name": "", "bridge": "", "tunnel": "", "layer": "", "source": "osm"}, "geometry": {"type": "LineString", "coordinates": [[116.3371089, 39.9884728], [116.337822, 39.9884828], [116.3386362, 39.9884962]]}}, {"type": "Feature", "properties": {"highway": "footway", "name": "", "bridge": "", "tunnel": "", "layer": "", "source": "osm"}, "geometry": {"type": "LineString", "coordinates": [[116.29514, 39.9985795], [116.2952117, 39.9985149], [116.2952932, 39.9984686], [116.2953536, 39.998427], [116.2953703, 39.9983726], [116.2953703, 39.9983089], [116.2953457, 39.9982518], [116.2953081, 39.9982008], [116.2952862, 39.9981377], [116.2953028, 39.9980653], [116.2953685, 39.99798], [116.2954798, 39.997876], [116.2955192, 39.9978237], [116.2955246, 39.9978064], [116.2955332, 39.9977794], [116.2955236, 39.9977156], [116.2954692, 39.9976378], [116.2953895, 39.9975545], [116.2953229, 39.9974895], [116.2953063, 39.997415], [116.2953221, 39.9973371], [116.2953457, 39.9972539], [116.2953422, 39.9971747], [116.2953264, 39.9970942], [116.2952844, 39.9970291], [116.2952467, 39.9969948], [116.2952362, 39.9969532], [116.2952634, 39.9969136], [116.2953159, 39.9968949], [116.295358, 39.9968492], [116.295344, 39.9967875], [116.2953326, 39.9967331], [116.2953475, 39.9966781], [116.2953694, 39.9966331], [116.2954088, 39.9965942], [116.2954771, 39.9965788], [116.295556, 39.9965801], [116.2956112, 39.9966103], [116.2956357, 39.9966727], [116.2956725, 39.996709], [116.2957207, 39.996723], [116.2957873, 39.9967185]]}}, {"type": "Feature", "properties": {"highway": "footway", "name": "", "bridge": "", "tunnel": "", "layer": "", "source": "osm"}, "geometry": {"type": "LineString", "coordinates": [[116.295358, 39.9968492], [116.2954159, 39.9968501], [116.2955125, 39.9968373], [116.2955884, 39.9968013], [116.2956296, 39.9967628], [116.2956695, 39.99675], [116.2957207, 39.996723]]}}, {"type": "Feature", "properties": {"highway": "footway", "name": "", "bridge": "", "tunnel": "", "layer": "", "source": "osm"}, "geometry": {"type": "LineString", "coordinates": [[116.2955246, 39.9978064], [116.2956512, 39.9978116]]}}, {"type": "Feature", "properties": {"highway": "residential", "name": "", "bridge": "", "tunnel": "", "layer": "", "source": "osm"}, "geometry": {"type": "LineString", "coordinates": [[116.3360522, 39.9895901], [116.3359306, 39.989506], [116.3358625, 39.9894028]]}}, {"type": "Feature", "properties": {"highway": "cycleway", "name": "", "bridge": "", "tunnel": "", "layer": "", "source": "osm"}, "geometry": {"type": "LineString", "coordinates": [[116.3421275, 39.9919874], [116.338944, 39.9918914], [116.3387646, 39.9919101], [116.3383492, 39.9918978], [116.3381625, 39.9918885], [116.3371792, 39.9918599], [116.3348263, 39.991789], [116.3343252, 39.9917718], [116.3342672, 39.99175], [116.3342413, 39.9917403], [116.3341298, 39.9917379], [116.3321499, 39.9916825], [116.3318231, 39.9916748], [116.3309541, 39.9916608], [116.3308856, 39.9916597], [116.330864, 39.9916594], [116.330765, 39.991656]]}}, {"type": "Feature", "properties": {"highway": "cycleway", "name": "", "bridge": "", "tunnel": "", "layer": "", "source": "osm"}, "geometry": {"type": "LineString", "coordinates": [[116.3301629, 39.991463], [116.3303148, 39.9914015], [116.3306346, 39.9914117], [116.330828, 39.9914179], [116.3309292, 39.99142], [116.3318349, 39.9914389], [116.331975, 39.9914437], [116.3326789, 39.9914601], [116.3336143, 39.9914863], [116.3336899, 39.9914873], [116.3340668, 39.9914922], [116.3341831, 39.9914937], [116.3342788, 39.9914978], [116.3371981, 39.9915939], [116.3386654, 39.9916446], [116.3389157, 39.9916168], [116.3393572, 39.9916303], [116.3396667, 39.9916768], [116.3419513, 39.9917413], [116.3419956, 39.9917426], [116.3421329, 39.9917465]]}}, {"type": "Feature", "properties": {"highway": "service", "name": "", "bridge": "", "tunnel": "", "layer": "", "source": "osm"}, "geometry": {"type": "LineString", "coordinates": [[116.3347139, 39.9883752], [116.3347542, 39.9876731], [116.3348036, 39.9870119], [116.3348234, 39.9867474], [116.3356886, 39.9867716]]}}, {"type": "Feature", "properties": {"highway": "residential", "name": "", "bridge": "", "tunnel": "", "layer": "", "source": "osm"}, "geometry": {"type": "LineString", "coordinates": [[116.3350464, 39.9876831], [116.3350867, 39.9870187], [116.3356706, 39.9870313]]}}, {"type": "Feature", "properties": {"highway": "service", "name": "", "bridge": "", "tunnel": "", "layer": "", "source": "osm"}, "geometry": {"type": "LineString", "coordinates": [[116.3350867, 39.9870187], [116.3348036, 39.9870119]]}}, {"type": "Feature", "properties": {"highway": "residential", "name": "", "bridge": "", "tunnel": "", "layer": "", "source": "osm"}, "geometry": {"type": "LineString", "coordinates": [[116.3370434, 39.9881296], [116.3370466, 39.9880823], [116.3370535, 39.9879788], [116.3370695, 39.9877397], [116.3370912, 39.9874165]]}}, {"type": "Feature", "properties": {"highway": "residential", "name": "", "bridge": "", "tunnel": "", "layer": "", "source": "osm"}, "geometry": {"type": "LineString", "coordinates": [[116.3350299, 39.9880159], [116.3360986, 39.9880512], [116.3366612, 39.9880698], [116.3370466, 39.9880823]]}}, {"type": "Feature", "properties": {"highway": "service", "name": "", "bridge": "", "tunnel": "", "layer": "", "source": "osm"}, "geometry": {"type": "LineString", "coordinates": [[116.3366997, 39.9874074], [116.3366777, 39.987786], [116.3366612, 39.9880698]]}}, {"type": "Feature", "properties": {"highway": "service", "name": "", "bridge": "", "tunnel": "", "layer": "", "source": "osm"}, "geometry": {"type": "LineString", "coordinates": [[116.3366777, 39.987786], [116.3358479, 39.9877399], [116.3356222, 39.987707]]}}, {"type": "Feature", "properties": {"highway": "service", "name": "", "bridge": "", "tunnel": "", "layer": "", "source": "osm"}, "geometry": {"type": "LineString", "coordinates": [[116.3361409, 39.9856998], [116.3357837, 39.9856916], [116.3357595, 39.9856921]]}}, {"type": "Feature", "properties": {"highway": "service", "name": "", "bridge": "", "tunnel": "", "layer": "", "source": "osm"}, "geometry": {"type": "LineString", "coordinates": [[116.3359968, 39.9860319], [116.3359968, 39.9858687], [116.3361372, 39.9857841], [116.3369586, 39.9858146]]}}, {"type": "Feature", "properties": {"highway": "service", "name": "", "bridge": "", "tunnel": "", "layer": "", "source": "osm"}, "geometry": {"type": "LineString", "coordinates": [[116.3361409, 39.9856998], [116.3361372, 39.9857841]]}}, {"type": "Feature", "properties": {"highway": "service", "name": "", "bridge": "", "tunnel": "", "layer": "", "source": "osm"}, "geometry": {"type": "LineString", "coordinates": [[116.3359968, 39.9860319], [116.3361205, 39.9860498], [116.3361756, 39.9860795], [116.3362247, 39.9861493], [116.3369587, 39.9861698]]}}, {"type": "Feature", "properties": {"highway": "service", "name": "", "bridge": "", "tunnel": "", "layer": "", "source": "osm"}, "geometry": {"type": "LineString", "coordinates": [[116.3382387, 39.9886382], [116.3368666, 39.9886007]]}}, {"type": "Feature", "properties": {"highway": "service", "name": "", "bridge": "", "tunnel": "", "layer": "", "source": "osm"}, "geometry": {"type": "LineString", "coordinates": [[116.3368599, 39.9892643], [116.3382003, 39.9893051], [116.3383238, 39.9892473], [116.3388217, 39.9892592]]}}, {"type": "Feature", "properties": {"highway": "service", "name": "", "bridge": "", "tunnel": "", "layer": "", "source": "osm"}, "geometry": {"type": "LineString", "coordinates": [[116.3368994, 39.9888695], [116.338223, 39.9889116], [116.3383121, 39.9888951], [116.3390935, 39.988922]]}}, {"type": "Feature", "properties": {"highway": "footway", "name": "", "bridge": "", "tunnel": "", "layer": "", "source": "osm"}, "geometry": {"type": "LineString", "coordinates": [[116.3374058, 39.9912767], [116.3373953, 39.9913089]]}}, {"type": "Feature", "properties": {"highway": "service", "name": "", "bridge": "", "tunnel": "", "layer": "", "source": "osm"}, "geometry": {"type": "LineString", "coordinates": [[116.3380923, 39.9902639], [116.3373442, 39.9902475], [116.3372818, 39.9902461]]}}, {"type": "Feature", "properties": {"highway": "service", "name": "", "bridge": "", "tunnel": "", "layer": "", "source": "osm"}, "geometry": {"type": "LineString", "coordinates": [[116.3373311, 39.9914819], [116.3384844, 39.9915172]]}}, {"type": "Feature", "properties": {"highway": "service", "name": "", "bridge": "", "tunnel": "", "layer": "", "source": "osm"}, "geometry": {"type": "LineString", "coordinates": [[116.3373311, 39.9914819], [116.3373443, 39.9913076]]}}, {"type": "Feature", "properties": {"highway": "residential", "name": "", "bridge": "", "tunnel": "", "layer": "", "source": "osm"}, "geometry": {"type": "LineString", "coordinates": [[116.3344257, 39.9932271], [116.3356795, 39.9932621], [116.3370646, 39.9933279]]}}, {"type": "Feature", "properties": {"highway": "unclassified", "name": "", "bridge": "", "tunnel": "", "layer": "", "source": "osm"}, "geometry": {"type": "LineString", "coordinates": [[116.3370646, 39.9933279], [116.3369917, 39.9949347], [116.3369882, 39.995011], [116.33699, 39.9950629]]}}, {"type": "Feature", "properties": {"highway": "living_street", "name": "", "bridge": "", "tunnel": "", "layer": "", "source": "osm"}, "geometry": {"type": "LineString", "coordinates": [[116.3380249, 39.9950843], [116.33699, 39.9950629]]}}, {"type": "Feature", "properties": {"highway": "service", "name": "", "bridge": "", "tunnel": "", "layer": "", "source": "osm"}, "geometry": {"type": "LineString", "coordinates": [[116.3351614, 39.9922766], [116.3358585, 39.9922873], [116.3361392, 39.9922916], [116.3361117, 39.9927043]]}}, {"type": "Feature", "properties": {"highway": "service", "name": "", "bridge": "", "tunnel": "", "layer": "", "source": "osm"}, "geometry": {"type": "LineString", "coordinates": [[116.3358738, 39.9919073], [116.3358585, 39.9922873]]}}, {"type": "Feature", "properties": {"highway": "service", "name": "", "bridge": "", "tunnel": "", "layer": "", "source": "osm"}, "geometry": {"type": "LineString", "coordinates": [[116.3358738, 39.9919073], [116.336676, 39.9919219], [116.3366539, 39.9923041]]}}, {"type": "Feature", "properties": {"highway": "service", "name": "", "bridge": "", "tunnel": "", "layer": "", "source": "osm"}, "geometry": {"type": "LineString", "coordinates": [[116.3361392, 39.9922916], [116.3366539, 39.9923041], [116.3371392, 39.9922855]]}}, {"type": "Feature", "properties": {"highway": "service", "name": "", "bridge": "", "tunnel": "", "layer": "", "source": "osm"}, "geometry": {"type": "LineString", "coordinates": [[116.3371099, 39.9926032], [116.3369937, 39.9925645], [116.3370094, 39.992358], [116.3366956, 39.9923672], [116.3364605, 39.9923644]]}}, {"type": "Feature", "properties": {"highway": "unclassified", "name": "", "bridge": "", "tunnel": "", "layer": "", "source": "osm"}, "geometry": {"type": "LineString", "coordinates": [[116.3370978, 39.9927343], [116.3370646, 39.9933279]]}}, {"type": "Feature", "properties": {"highway": "service", "name": "", "bridge": "", "tunnel": "", "layer": "", "source": "osm"}, "geometry": {"type": "LineString", "coordinates": [[116.3372522, 39.9927828], [116.3372822, 39.9920709], [116.337371, 39.9919641], [116.3383694, 39.9920071]]}}, {"type": "Feature", "properties": {"highway": "service", "name": "", "bridge": "", "tunnel": "", "layer": "", "source": "osm"}, "geometry": {"type": "LineString", "coordinates": [[116.3376636, 39.9924789], [116.3384595, 39.9925096]]}}, {"type": "Feature", "properties": {"highway": "service", "name": "", "bridge": "", "tunnel": "", "layer": "", "source": "osm"}, "geometry": {"type": "LineString", "coordinates": [[116.3376636, 39.9924789], [116.3376762, 39.9922646], [116.3383619, 39.9922785], [116.3384314, 39.992291]]}}, {"type": "Feature", "properties": {"highway": "service", "name": "", "bridge": "", "tunnel": "", "layer": "", "source": "osm"}, "geometry": {"type": "LineString", "coordinates": [[116.3369917, 39.9949347], [116.3380548, 39.9949683], [116.3390361, 39.9949993]]}}, {"type": "Feature", "properties": {"highway": "service", "name": "", "bridge": "", "tunnel": "", "layer": "", "source": "osm"}, "geometry": {"type": "LineString", "coordinates": [[116.3370756, 39.9947244], [116.3380476, 39.994745], [116.3389836, 39.9947687]]}}, {"type": "Feature", "properties": {"highway": "footway", "name": "", "bridge": "", "tunnel": "", "layer": "", "source": "osm"}, "geometry": {"type": "LineString", "coordinates": [[116.3344257, 39.9932271], [116.3344462, 39.9929669], [116.3344891, 39.9929315], [116.3357653, 39.9929636]]}}, {"type": "Feature", "properties": {"highway": "service", "name": "", "bridge": "", "tunnel": "", "layer": "", "source": "osm"}, "geometry": {"type": "LineString", "coordinates": [[116.3357653, 39.9929636], [116.3369699, 39.993007]]}}, {"type": "Feature", "properties": {"highway": "residential", "name": "", "bridge": "", "tunnel": "", "layer": "", "source": "osm"}, "geometry": {"type": "LineString", "coordinates": [[116.3345483, 39.9942312], [116.3345554, 39.9941065], [116.334594, 39.9934269]]}}, {"type": "Feature", "properties": {"highway": "residential", "name": "", "bridge": "", "tunnel": "", "layer": "", "source": "osm"}, "geometry": {"type": "LineString", "coordinates": [[116.3345554, 39.9941065], [116.3352172, 39.9941306], [116.3355264, 39.9941244], [116.3356363, 39.9940812], [116.3358392, 39.9940504], [116.3368681, 39.9941033]]}}, {"type": "Feature", "properties": {"highway": "service", "name": "", "bridge": "", "tunnel": "", "layer": "", "source": "osm"}, "geometry": {"type": "LineString", "coordinates": [[116.3351721, 39.9948587], [116.3352172, 39.9941306]]}}, {"type": "Feature", "properties": {"highway": "service", "name": "", "bridge": "", "tunnel": "", "layer": "", "source": "osm"}, "geometry": {"type": "LineString", "coordinates": [[116.3351721, 39.9948587], [116.3355939, 39.9948843], [116.3368624, 39.9949106]]}}, {"type": "Feature", "properties": {"highway": "living_street", "name": "", "bridge": "", "tunnel": "", "layer": "", "source": "osm"}, "geometry": {"type": "LineString", "coordinates": [[116.33699, 39.9950629], [116.3369006, 39.995176], [116.3368708, 39.995262]]}}, {"type": "Feature", "properties": {"highway": "service", "name": "", "bridge": "", "tunnel": "", "layer": "", "source": "osm"}, "geometry": {"type": "LineString", "coordinates": [[116.3368342, 39.9964221], [116.3368356, 39.9962156], [116.3368883, 39.9961519], [116.3368897, 39.9960575], [116.3368986, 39.9956903]]}}, {"type": "Feature", "properties": {"highway": "service", "name": "", "bridge": "", "tunnel": "", "layer": "", "source": "osm"}, "geometry": {"type": "LineString", "coordinates": [[116.3368883, 39.9961519], [116.3372118, 39.9961606], [116.3372406, 39.9961993], [116.3372916, 39.9961972], [116.3373345, 39.9961051], [116.3374364, 39.9960785], [116.3374285, 39.9962475]]}}, {"type": "Feature", "properties": {"highway": "service", "name": "", "bridge": "", "tunnel": "", "layer": "", "source": "osm"}, "geometry": {"type": "LineString", "coordinates": [[116.3373345, 39.9961051], [116.3373147, 39.9960933], [116.3372231, 39.9960881], [116.3371487, 39.9960628], [116.3368897, 39.9960575]]}}, {"type": "Feature", "properties": {"highway": "service", "name": "", "bridge": "", "tunnel": "", "layer": "", "source": "osm"}, "geometry": {"type": "LineString", "coordinates": [[116.3374364, 39.9960785], [116.3374778, 39.9960688], [116.337496, 39.9957093], [116.3375752, 39.995689], [116.3378485, 39.9956936]]}}, {"type": "Feature", "properties": {"highway": "service", "name": "", "bridge": "", "tunnel": "", "layer": "", "source": "osm"}, "geometry": {"type": "LineString", "coordinates": [[116.3343582, 39.9928198], [116.334366, 39.992606], [116.3341942, 39.9926017]]}}, {"type": "Feature", "properties": {"highway": "service", "name": "", "bridge": "", "tunnel": "", "layer": "", "source": "osm"}, "geometry": {"type": "LineString", "coordinates": [[116.3354574, 39.9925271], [116.3358461, 39.9925372], [116.3358409, 39.992683], [116.3358454, 39.9927185]]}}, {"type": "Feature", "properties": {"highway": "living_street", "name": "", "bridge": "", "tunnel": "", "layer": "", "source": "osm"}, "geometry": {"type": "LineString", "coordinates": [[116.3359057, 39.9887448], [116.3359084, 39.9886971], [116.3359184, 39.9885148]]}}, {"type": "Feature", "properties": {"highway": "service", "name": "", "bridge": "", "tunnel": "", "layer": "", "source": "osm"}, "geometry": {"type": "LineString", "coordinates": [[116.3359084, 39.9886971], [116.3351953, 39.9886747]]}}, {"type": "Feature", "properties": {"highway": "service", "name": "", "bridge": "", "tunnel": "", "layer": "", "source": "osm"}, "geometry": {"type": "LineString", "coordinates": [[116.3366375, 39.9885351], [116.3359184, 39.9885148]]}}, {"type": "Feature", "properties": {"highway": "residential", "name": "", "bridge": "", "tunnel": "", "layer": "", "source": "osm"}, "geometry": {"type": "LineString", "coordinates": [[116.3358625, 39.9894028], [116.3358694, 39.9893004]]}}, {"type": "Feature", "properties": {"highway": "living_street", "name": "", "bridge": "", "tunnel": "", "layer": "", "source": "osm"}, "geometry": {"type": "LineString", "coordinates": [[116.3370148, 39.9885426], [116.3370434, 39.9881296]]}}, {"type": "Feature", "properties": {"highway": "service", "name": "", "bridge": "", "tunnel": "", "layer": "", "source": "osm"}, "geometry": {"type": "LineString", "coordinates": [[116.3351062, 39.988314], [116.3360814, 39.9883439], [116.3368028, 39.988366]]}}, {"type": "Feature", "properties": {"highway": "service", "name": "", "bridge": "", "tunnel": "", "layer": "", "source": "osm"}, "geometry": {"type": "LineString", "coordinates": [[116.3360986, 39.9880512], [116.3360814, 39.9883439]]}}, {"type": "Feature", "properties": {"highway": "residential", "name": "", "bridge": "", "tunnel": "", "layer": "", "source": "osm"}, "geometry": {"type": "LineString", "coordinates": [[116.3356706, 39.9870313], [116.3358675, 39.9870501], [116.3363317, 39.9870943], [116.3371097, 39.9871684]]}}, {"type": "Feature", "properties": {"highway": "service", "name": "", "bridge": "", "tunnel": "", "layer": "", "source": "osm"}, "geometry": {"type": "LineString", "coordinates": [[116.3352266, 39.9863707], [116.3357136, 39.9863914]]}}, {"type": "Feature", "properties": {"highway": "footway", "name": "", "bridge": "", "tunnel": "", "layer": "", "source": "osm"}, "geometry": {"type": "LineString", "coordinates": [[116.3347139, 39.9883752], [116.3345406, 39.9883672], [116.3345114, 39.9883659]]}}, {"type": "Feature", "properties": {"highway": "service", "name": "", "bridge": "", "tunnel": "", "layer": "", "source": "osm"}, "geometry": {"type": "LineString", "coordinates": [[116.3357136, 39.9863914], [116.3358449, 39.986391], [116.33596, 39.9863913], [116.3360566, 39.9863759], [116.3361335, 39.9863321], [116.3361826, 39.9862746], [116.3362195, 39.9862139], [116.3362247, 39.9861493]]}}, {"type": "Feature", "properties": {"highway": "service", "name": "", "bridge": "", "tunnel": "", "layer": "", "source": "osm"}, "geometry": {"type": "LineString", "coordinates": [[116.3358675, 39.9870501], [116.3358809, 39.9867386], [116.3359525, 39.9866008], [116.33596, 39.9863913]]}}, {"type": "Feature", "properties": {"highway": "service", "name": "", "bridge": "", "tunnel": "", "layer": "", "source": "osm"}, "geometry": {"type": "LineString", "coordinates": [[116.3359525, 39.9866008], [116.3363481, 39.986611], [116.3368278, 39.9866235], [116.3368294, 39.9865377], [116.3363545, 39.9865261], [116.3363481, 39.986611]]}}, {"type": "Feature", "properties": {"highway": "service", "name": "", "bridge": "", "tunnel": "", "layer": "", "source": "osm"}, "geometry": {"type": "LineString", "coordinates": [[116.3363317, 39.9870943], [116.3363525, 39.9868676], [116.3369849, 39.9868866]]}}, {"type": "Feature", "properties": {"highway": "service", "name": "", "bridge": "", "tunnel": "", "layer": "", "source": "osm"}, "geometry": {"type": "LineString", "coordinates": [[116.3347139, 39.9883752], [116.3350115, 39.9883882], [116.3350299, 39.9880159]]}}, {"type": "Feature", "properties": {"highway": "service", "name": "", "bridge": "", "tunnel": "", "layer": "", "source": "osm"}, "geometry": {"type": "LineString", "coordinates": [[116.3371717, 39.9863357], [116.3377409, 39.9863576]]}}, {"type": "Feature", "properties": {"highway": "service", "name": "", "bridge": "", "tunnel": "", "layer": "", "source": "osm"}, "geometry": {"type": "LineString", "coordinates": [[116.3371525, 39.9865942], [116.3377094, 39.9866076], [116.3377004, 39.9867217], [116.3376875, 39.986883], [116.3380882, 39.9868955]]}}, {"type": "Feature", "properties": {"highway": "service", "name": "", "bridge": "", "tunnel": "", "layer": "", "source": "osm"}, "geometry": {"type": "LineString", "coordinates": [[116.3380989, 39.9867335], [116.3377004, 39.9867217]]}}, {"type": "Feature", "properties": {"highway": "service", "name": "", "bridge": "", "tunnel": "", "layer": "", "source": "osm"}, "geometry": {"type": "LineString", "coordinates": [[116.33719, 39.9860904], [116.3377498, 39.9861099]]}}, {"type": "Feature", "properties": {"highway": "service", "name": "", "bridge": "", "tunnel": "", "layer": "", "source": "osm"}, "geometry": {"type": "LineString", "coordinates": [[116.3347542, 39.9876731], [116.3350464, 39.9876831]]}}, {"type": "Feature", "properties": {"highway": "residential", "name": "", "bridge": "", "tunnel": "", "layer": "", "source": "osm"}, "geometry": {"type": "LineString", "coordinates": [[116.3350299, 39.9880159], [116.3350464, 39.9876831]]}}, {"type": "Feature", "properties": {"highway": "steps", "name": "明法大台阶", "bridge": "", "tunnel": "", "layer": "", "source": "osm"}, "geometry": {"type": "LineString", "coordinates": [[116.3024101, 39.9701861], [116.3026323, 39.9702073]]}}, {"type": "Feature", "properties": {"highway": "footway", "name": "", "bridge": "", "tunnel": "", "layer": "", "source": "osm"}, "geometry": {"type": "LineString", "coordinates": [[116.3079471, 39.9707662], [116.3083156, 39.9707893]]}}, {"type": "Feature", "properties": {"highway": "footway", "name": "", "bridge": "", "tunnel": "", "layer": "", "source": "osm"}, "geometry": {"type": "LineString", "coordinates": [[116.3091599, 39.970189], [116.3091689, 39.9701246]]}}, {"type": "Feature", "properties": {"highway": "pedestrian", "name": "知行地下商业街", "bridge": "", "tunnel": "yes", "layer": "-1", "source": "osm"}, "geometry": {"type": "LineString", "coordinates": [[116.3044113, 39.9713671], [116.3043963, 39.9715078], [116.3043873, 39.9715914], [116.304054, 39.9715706], [116.3040574, 39.9715393], [116.3035242, 39.971506], [116.3035345, 39.9714093], [116.303545, 39.9713109]]}}, {"type": "Feature", "properties": {"highway": "tertiary_link", "name": "", "bridge": "", "tunnel": "", "layer": "", "source": "osm"}, "geometry": {"type": "LineString", "coordinates": [[116.3099847, 39.9853071], [116.3099422, 39.9853044], [116.3086801, 39.9852563], [116.3085729, 39.9852187]]}}, {"type": "Feature", "properties": {"highway": "service", "name": "", "bridge": "", "tunnel": "", "layer": "", "source": "osm"}, "geometry": {"type": "LineString", "coordinates": [[116.2976375, 39.9843991], [116.2976256, 39.984183], [116.2976289, 39.9841327]]}}, {"type": "Feature", "properties": {"highway": "footway", "name": "", "bridge": "", "tunnel": "", "layer": "", "source": "osm"}, "geometry": {"type": "LineString", "coordinates": [[116.2997233, 39.9848996], [116.2998201, 39.9848134], [116.3000075, 39.9848097], [116.3003893, 39.9848022], [116.300746, 39.9848023], [116.3019708, 39.9848027], [116.3021531, 39.9848033], [116.3023788, 39.984804], [116.3026431, 39.9848048], [116.3028737, 39.9846767], [116.3029936, 39.9844095], [116.3030026, 39.9843895]]}}, {"type": "Feature", "properties": {"highway": "footway", "name": "", "bridge": "", "tunnel": "", "layer": "", "source": "osm"}, "geometry": {"type": "LineString", "coordinates": [[116.3000612, 39.9844568], [116.300746, 39.9848023]]}}, {"type": "Feature", "properties": {"highway": "footway", "name": "", "bridge": "", "tunnel": "", "layer": "", "source": "osm"}, "geometry": {"type": "LineString", "coordinates": [[116.3000075, 39.9848097], [116.3000612, 39.9844568]]}}, {"type": "Feature", "properties": {"highway": "footway", "name": "", "bridge": "", "tunnel": "", "layer": "", "source": "osm"}, "geometry": {"type": "LineString", "coordinates": [[116.3000612, 39.9844568], [116.2998654, 39.9844269], [116.2997853, 39.9843778]]}}, {"type": "Feature", "properties": {"highway": "footway", "name": "", "bridge": "", "tunnel": "", "layer": "", "source": "osm"}, "geometry": {"type": "LineString", "coordinates": [[116.2996922, 39.9851347], [116.2996827, 39.9850254], [116.2996793, 39.9849871], [116.2997233, 39.9848996]]}}, {"type": "Feature", "properties": {"highway": "steps", "name": "", "bridge": "yes", "tunnel": "", "layer": "1", "source": "osm"}, "geometry": {"type": "LineString", "coordinates": [[116.3030548, 39.98441], [116.3029936, 39.9844095]]}}, {"type": "Feature", "properties": {"highway": "footway", "name": "", "bridge": "", "tunnel": "", "layer": "", "source": "osm"}, "geometry": {"type": "LineString", "coordinates": [[116.3023788, 39.984804], [116.3025995, 39.9850209]]}}, {"type": "Feature", "properties": {"highway": "footway", "name": "", "bridge": "", "tunnel": "", "layer": "", "source": "osm"}, "geometry": {"type": "LineString", "coordinates": [[116.3021531, 39.9848033], [116.3019721, 39.9850022]]}}, {"type": "Feature", "properties": {"highway": "footway", "name": "", "bridge": "", "tunnel": "", "layer": "", "source": "osm"}, "geometry": {"type": "LineString", "coordinates": [[116.300746, 39.9848023], [116.300569, 39.9849687]]}}, {"type": "Feature", "properties": {"highway": "footway", "name": "", "bridge": "", "tunnel": "", "layer": "", "source": "osm"}, "geometry": {"type": "LineString", "coordinates": [[116.3109544, 39.9697549], [116.3119998, 39.9698083]]}}, {"type": "Feature", "properties": {"highway": "footway", "name": "", "bridge": "", "tunnel": "", "layer": "", "source": "osm"}, "geometry": {"type": "LineString", "coordinates": [[116.3109309, 39.9699467], [116.311882, 39.9700169]]}}, {"type": "Feature", "properties": {"highway": "service", "name": "", "bridge": "", "tunnel": "", "layer": "", "source": "osm"}, "geometry": {"type": "LineString", "coordinates": [[116.3122591, 39.9702516], [116.3123045, 39.9699952]]}}, {"type": "Feature", "properties": {"highway": "service", "name": "", "bridge": "", "tunnel": "", "layer": "", "source": "osm"}, "geometry": {"type": "LineString", "coordinates": [[116.307275, 39.9723555], [116.3072885, 39.9722584], [116.3072959, 39.9722081]]}}, {"type": "Feature", "properties": {"highway": "service", "name": "", "bridge": "", "tunnel": "", "layer": "", "source": "osm"}, "geometry": {"type": "LineString", "coordinates": [[116.3097865, 39.9726601], [116.3108575, 39.9727439]]}}, {"type": "Feature", "properties": {"highway": "service", "name": "", "bridge": "", "tunnel": "", "layer": "", "source": "osm"}, "geometry": {"type": "LineString", "coordinates": [[116.3097753, 39.973649], [116.3097887, 39.9736905], [116.3097669, 39.9738581], [116.3106398, 39.9739139], [116.3107542, 39.9733161]]}}, {"type": "Feature", "properties": {"highway": "service", "name": "", "bridge": "", "tunnel": "", "layer": "", "source": "osm"}, "geometry": {"type": "LineString", "coordinates": [[116.3111505, 39.9733684], [116.3112674, 39.9733332], [116.3113636, 39.9733201], [116.311475, 39.973339], [116.3116092, 39.9733258], [116.3116903, 39.9732845], [116.3117279, 39.973284], [116.3118113, 39.9732828], [116.3119482, 39.9733118]]}}, {"type": "Feature", "properties": {"highway": "service", "name": "", "bridge": "", "tunnel": "", "layer": "", "source": "osm"}, "geometry": {"type": "LineString", "coordinates": [[116.3127285, 39.9694413], [116.3126133, 39.9694288], [116.3124805, 39.9694475], [116.3124263, 39.9694693], [116.3123937, 39.9695078], [116.312387, 39.9695483], [116.3127122, 39.969569], [116.3128911, 39.9696251], [116.3129968, 39.9697103], [116.3130198, 39.969784], [116.3129586, 39.9699691]]}}, {"type": "Feature", "properties": {"highway": "service", "name": "", "bridge": "", "tunnel": "", "layer": "", "source": "osm"}, "geometry": {"type": "LineString", "coordinates": [[116.3198538, 39.9973597], [116.3208348, 39.9974821]]}}, {"type": "Feature", "properties": {"highway": "service", "name": "", "bridge": "", "tunnel": "", "layer": "", "source": "osm"}, "geometry": {"type": "LineString", "coordinates": [[116.3199258, 39.9969463], [116.3208136, 39.9970817]]}}, {"type": "Feature", "properties": {"highway": "service", "name": "", "bridge": "", "tunnel": "", "layer": "", "source": "osm"}, "geometry": {"type": "LineString", "coordinates": [[116.3162853, 39.9932333], [116.3163034, 39.9930427], [116.3163318, 39.9929499], [116.3163828, 39.992897], [116.3172297, 39.9929434]]}}, {"type": "Feature", "properties": {"highway": "cycleway", "name": "", "bridge": "yes", "tunnel": "", "layer": "1", "source": "osm"}, "geometry": {"type": "LineString", "coordinates": [[116.3269128, 39.9848981], [116.3269, 39.9845694]]}}, {"type": "Feature", "properties": {"highway": "cycleway", "name": "", "bridge": "", "tunnel": "", "layer": "", "source": "osm"}, "geometry": {"type": "LineString", "coordinates": [[116.3269155, 39.9849662], [116.3269128, 39.9848981]]}}, {"type": "Feature", "properties": {"highway": "cycleway", "name": "", "bridge": "yes", "tunnel": "", "layer": "1", "source": "osm"}, "geometry": {"type": "LineString", "coordinates": [[116.32732, 39.9845893], [116.3272768, 39.9849153]]}}, {"type": "Feature", "properties": {"highway": "cycleway", "name": "", "bridge": "", "tunnel": "", "layer": "", "source": "osm"}, "geometry": {"type": "LineString", "coordinates": [[116.3273343, 39.984482], [116.32732, 39.9845893]]}}, {"type": "Feature", "properties": {"highway": "cycleway", "name": "", "bridge": "", "tunnel": "", "layer": "", "source": "osm"}, "geometry": {"type": "LineString", "coordinates": [[116.3269, 39.9845694], [116.3268961, 39.9844696], [116.32689, 39.9843146]]}}, {"type": "Feature", "properties": {"highway": "footway", "name": "", "bridge": "", "tunnel": "", "layer": "", "source": "osm"}, "geometry": {"type": "LineString", "coordinates": [[116.3141063, 39.9749622], [116.3141434, 39.9749639]]}}, {"type": "Feature", "properties": {"highway": "footway", "name": "", "bridge": "", "tunnel": "", "layer": "", "source": "osm"}, "geometry": {"type": "LineString", "coordinates": [[116.313524, 39.9749448], [116.3135268, 39.9749012]]}}, {"type": "Feature", "properties": {"highway": "footway", "name": "", "bridge": "", "tunnel": "", "layer": "", "source": "osm"}, "geometry": {"type": "LineString", "coordinates": [[116.3141398, 39.9746069], [116.314136, 39.9746754]]}}, {"type": "Feature", "properties": {"highway": "footway", "name": "", "bridge": "", "tunnel": "", "layer": "", "source": "osm"}, "geometry": {"type": "LineString", "coordinates": [[116.3111642, 39.9770575], [116.31113, 39.9770576]]}}, {"type": "Feature", "properties": {"highway": "footway", "name": "", "bridge": "", "tunnel": "", "layer": "", "source": "osm"}, "geometry": {"type": "LineString", "coordinates": [[116.3113242, 39.976663], [116.311165, 39.9766333]]}}, {"type": "Feature", "properties": {"highway": "footway", "name": "", "bridge": "", "tunnel": "", "layer": "", "source": "osm"}, "geometry": {"type": "LineString", "coordinates": [[116.3105887, 39.9764848], [116.3106437, 39.9764985], [116.3106208, 39.9765652]]}}, {"type": "Feature", "properties": {"highway": "footway", "name": "", "bridge": "", "tunnel": "", "layer": "", "source": "osm"}, "geometry": {"type": "LineString", "coordinates": [[116.3104784, 39.9769904], [116.3104457, 39.9769867]]}}, {"type": "Feature", "properties": {"highway": "path", "name": "", "bridge": "", "tunnel": "", "layer": "", "source": "osm"}, "geometry": {"type": "LineString", "coordinates": [[116.3220204, 39.9796345], [116.3220071, 39.9797719], [116.3219262, 39.9801582], [116.3219197, 39.9802365], [116.3219213, 39.9804615], [116.3218678, 39.9806691]]}}, {"type": "Feature", "properties": {"highway": "pedestrian", "name": "", "bridge": "", "tunnel": "", "layer": "", "source": "osm"}, "geometry": {"type": "LineString", "coordinates": [[116.3158341, 39.9859005], [116.3159412, 39.9859452], [116.3160191, 39.9860433], [116.3160858, 39.9860912], [116.3161526, 39.9860976], [116.3161317, 39.9862478], [116.3162847, 39.9862585], [116.316382, 39.9855425], [116.3158786, 39.9854988], [116.3158546, 39.9857153], [116.3158341, 39.9859005]]}}, {"type": "Feature", "properties": {"highway": "footway", "name": "", "bridge": "", "tunnel": "", "layer": "", "source": "osm"}, "geometry": {"type": "LineString", "coordinates": [[116.3157739, 39.9857131], [116.3158546, 39.9857153]]}}, {"type": "Feature", "properties": {"highway": "service", "name": "", "bridge": "", "tunnel": "", "layer": "", "source": "osm"}, "geometry": {"type": "LineString", "coordinates": [[116.295529, 39.9749659], [116.2955354, 39.9749661], [116.2962068, 39.9750006], [116.2959933, 39.977117], [116.2960239, 39.9771712]]}}, {"type": "Feature", "properties": {"highway": "service", "name": "", "bridge": "yes", "tunnel": "", "layer": "1", "source": "osm"}, "geometry": {"type": "LineString", "coordinates": [[116.2953034, 39.9749582], [116.295529, 39.9749659]]}}, {"type": "Feature", "properties": {"highway": "service", "name": "", "bridge": "", "tunnel": "", "layer": "", "source": "osm"}, "geometry": {"type": "LineString", "coordinates": [[116.2952415, 39.9749565], [116.295297, 39.974958], [116.2953034, 39.9749582]]}}, {"type": "Feature", "properties": {"highway": "cycleway", "name": "", "bridge": "", "tunnel": "", "layer": "", "source": "osm"}, "geometry": {"type": "LineString", "coordinates": [[116.3589631, 40.0001653], [116.3587226, 40.0001562], [116.3587004, 40.000158], [116.3586534, 40.0001617], [116.3585741, 40.0001681], [116.3584127, 40.0001776], [116.3583476, 40.0001758], [116.3578367, 40.0001615], [116.3559328, 40.0000934], [116.3521792, 39.9999699], [116.350127, 39.9999024], [116.3469649, 39.9997983], [116.3469175, 39.9997968], [116.3468492, 39.999794], [116.3468173, 39.9997927], [116.3466578, 39.9997861], [116.3464204, 39.9997864], [116.3462725, 39.9997862], [116.3462264, 39.9997856], [116.3461569, 39.9997848], [116.3453275, 39.9997713], [116.3445735, 39.9997591], [116.3430035, 39.9997093], [116.3427856, 39.9997023], [116.3425879, 39.9996952], [116.3414257, 39.9996537], [116.3413975, 39.9996527], [116.3408801, 39.9996394], [116.3392835, 39.9995977], [116.3370867, 39.9995407], [116.335312, 39.9994947], [116.3341009, 39.9994633], [116.3340545, 39.9994621], [116.3339552, 39.9994595], [116.3338269, 39.9994562]]}}, {"type": "Feature", "properties": {"highway": "footway", "name": "", "bridge": "", "tunnel": "", "layer": "", "source": "osm"}, "geometry": {"type": "LineString", "coordinates": [[116.33911, 39.9658871], [116.3390926, 39.9660248], [116.3389947, 39.9666158], [116.3389662, 39.9667323], [116.3389088, 39.9669663], [116.3388877, 39.967039], [116.3388136, 39.9672952], [116.3387318, 39.9675265], [116.3386661, 39.967691], [116.3385494, 39.9679572], [116.3384569, 39.9681514], [116.3383644, 39.9683231], [116.3382034, 39.9686119], [116.3381028, 39.9687722], [116.3379272, 39.9690271], [116.337734, 39.9692974], [116.3375744, 39.9694999], [116.3374678, 39.9696425], [116.3372803, 39.9698796], [116.3367631, 39.9705431], [116.3360561, 39.9713902], [116.3354397, 39.9721796], [116.335172, 39.9725723], [116.3350412, 39.9727661]]}}, {"type": "Feature", "properties": {"highway": "residential", "name": "", "bridge": "", "tunnel": "", "layer": "", "source": "osm"}, "geometry": {"type": "LineString", "coordinates": [[116.3357902, 39.9727066], [116.3359427, 39.9727019], [116.3367721, 39.9727816], [116.337446, 39.9727903], [116.3377985, 39.9727946], [116.3382143, 39.9727947], [116.3383431, 39.9727948]]}}, {"type": "Feature", "properties": {"highway": "footway", "name": "", "bridge": "", "tunnel": "", "layer": "", "source": "osm"}, "geometry": {"type": "LineString", "coordinates": [[116.3343014, 39.9748482], [116.3343061, 39.9748238]]}}, {"type": "Feature", "properties": {"highway": "service", "name": "", "bridge": "", "tunnel": "", "layer": "", "source": "osm"}, "geometry": {"type": "LineString", "coordinates": [[116.3348972, 39.9777264], [116.3349491, 39.9773911]]}}, {"type": "Feature", "properties": {"highway": "cycleway", "name": "", "bridge": "", "tunnel": "", "layer": "", "source": "osm"}, "geometry": {"type": "LineString", "coordinates": [[116.3349491, 39.9773911], [116.3352057, 39.9774083]]}}, {"type": "Feature", "properties": {"highway": "footway", "name": "", "bridge": "", "tunnel": "", "layer": "", "source": "osm"}, "geometry": {"type": "LineString", "coordinates": [[116.3345368, 39.9743825], [116.3349533, 39.9743896]]}}, {"type": "Feature", "properties": {"highway": "cycleway", "name": "", "bridge": "", "tunnel": "", "layer": "", "source": "osm"}, "geometry": {"type": "LineString", "coordinates": [[116.3349533, 39.9743896], [116.3351215, 39.9739115], [116.3352154, 39.9737119], [116.3353493, 39.9734272], [116.3355555, 39.973053], [116.3357902, 39.9727066], [116.3361522, 39.9722236], [116.3368141, 39.9713838], [116.3373077, 39.9707519], [116.3374373, 39.9705895], [116.3375769, 39.9704146], [116.3377987, 39.9701366], [116.3383547, 39.9694236], [116.3390437, 39.9685505], [116.3393014, 39.9682199]]}}, {"type": "Feature", "properties": {"highway": "footway", "name": "", "bridge": "", "tunnel": "", "layer": "", "source": "osm"}, "geometry": {"type": "LineString", "coordinates": [[116.3375769, 39.9704146], [116.3373865, 39.9698743]]}}, {"type": "Feature", "properties": {"highway": "footway", "name": "", "bridge": "", "tunnel": "", "layer": "", "source": "osm"}, "geometry": {"type": "LineString", "coordinates": [[116.3368141, 39.9713838], [116.3360929, 39.9715756]]}}, {"type": "Feature", "properties": {"highway": "footway", "name": "", "bridge": "", "tunnel": "", "layer": "", "source": "osm"}, "geometry": {"type": "LineString", "coordinates": [[116.3350975, 39.9732561], [116.3355893, 39.9724665], [116.3355741, 39.9723966], [116.335537, 39.9722464]]}}, {"type": "Feature", "properties": {"highway": "cycleway", "name": "", "bridge": "yes", "tunnel": "", "layer": "2", "source": "osm"}, "geometry": {"type": "LineString", "coordinates": [[116.3322902, 39.9853894], [116.3324749, 39.9845983]]}}, {"type": "Feature", "properties": {"highway": "cycleway", "name": "", "bridge": "", "tunnel": "", "layer": "", "source": "osm"}, "geometry": {"type": "LineString", "coordinates": [[116.3325348, 39.9845044], [116.3324899, 39.9845027], [116.3320654, 39.9845102]]}}, {"type": "Feature", "properties": {"highway": "footway", "name": "", "bridge": "", "tunnel": "", "layer": "", "source": "osm"}, "geometry": {"type": "LineString", "coordinates": [[116.3350186, 39.9759458], [116.3349853, 39.9758951], [116.3350537, 39.9754542], [116.3350697, 39.975349], [116.3350738, 39.9753124]]}}, {"type": "Feature", "properties": {"highway": "footway", "name": "", "bridge": "", "tunnel": "", "layer": "", "source": "osm"}, "geometry": {"type": "LineString", "coordinates": [[116.335019, 39.9760185], [116.3350537, 39.9759753], [116.3350186, 39.9759458]]}}, {"type": "Feature", "properties": {"highway": "footway", "name": "", "bridge": "", "tunnel": "", "layer": "", "source": "osm"}, "geometry": {"type": "LineString", "coordinates": [[116.3319395, 39.9902181], [116.3319715, 39.9902219], [116.3321931, 39.9902609], [116.3322824, 39.9902608]]}}, {"type": "Feature", "properties": {"highway": "footway", "name": "", "bridge": "", "tunnel": "", "layer": "", "source": "osm"}, "geometry": {"type": "LineString", "coordinates": [[116.3321931, 39.9902609], [116.3322117, 39.9894332]]}}, {"type": "Feature", "properties": {"highway": "footway", "name": "", "bridge": "", "tunnel": "", "layer": "", "source": "osm"}, "geometry": {"type": "LineString", "coordinates": [[116.3350412, 39.9727661], [116.3350029, 39.972873], [116.3349918, 39.9729786], [116.335021, 39.9730557], [116.3350975, 39.9732561], [116.3351838, 39.9734883], [116.3351009, 39.9736797], [116.3349954, 39.9739503], [116.3349448, 39.9739742], [116.3346466, 39.9740691], [116.3346337, 39.9740847], [116.3345368, 39.9743825], [116.3344432, 39.9743825], [116.334392, 39.9744172], [116.3343873, 39.9744433], [116.3343971, 39.9744853], [116.3344091, 39.9745025], [116.3344261, 39.9745229], [116.334477, 39.9745514], [116.3344953, 39.9745982], [116.3345193, 39.974627], [116.3346184, 39.9746283], [116.3346615, 39.9746388], [116.3346688, 39.9748316]]}}, {"type": "Feature", "properties": {"highway": "footway", "name": "", "bridge": "", "tunnel": "", "layer": "", "source": "osm"}, "geometry": {"type": "LineString", "coordinates": [[116.3319223, 39.9892627], [116.3319072, 39.9892584], [116.331897, 39.9892519], [116.3318816, 39.9892389], [116.3318704, 39.9892193], [116.3318747, 39.9891973], [116.3318928, 39.9891826], [116.331917, 39.9891716], [116.3319261, 39.9891687]]}}, {"type": "Feature", "properties": {"highway": "footway", "name": "", "bridge": "", "tunnel": "", "layer": "", "source": "osm"}, "geometry": {"type": "LineString", "coordinates": [[116.3321111, 39.9894279], [116.3321285, 39.9888559], [116.3322076, 39.9888189], [116.3322237, 39.988787], [116.3322331, 39.9884983], [116.332221, 39.9884746], [116.3321486, 39.9884305]]}}, {"type": "Feature", "properties": {"highway": "footway", "name": "", "bridge": "", "tunnel": "", "layer": "", "source": "osm"}, "geometry": {"type": "LineString", "coordinates": [[116.3328087, 39.9856289], [116.3327172, 39.985501]]}}, {"type": "Feature", "properties": {"highway": "footway", "name": "", "bridge": "", "tunnel": "", "layer": "", "source": "osm"}, "geometry": {"type": "LineString", "coordinates": [[116.3352154, 39.9737119], [116.3351009, 39.9736797], [116.334788, 39.9735924]]}}, {"type": "Feature", "properties": {"highway": "footway", "name": "", "bridge": "", "tunnel": "", "layer": "", "source": "osm"}, "geometry": {"type": "LineString", "coordinates": [[116.3357652, 39.9719511], [116.3360781, 39.9719381]]}}, {"type": "Feature", "properties": {"highway": "footway", "name": "", "bridge": "", "tunnel": "", "layer": "", "source": "osm"}, "geometry": {"type": "LineString", "coordinates": [[116.3371813, 39.9918292], [116.3348293, 39.9917578], [116.3343193, 39.9917422], [116.3342672, 39.99175], [116.3342405, 39.991754], [116.3341249, 39.9917713], [116.3339889, 39.9917917]]}}, {"type": "Feature", "properties": {"highway": "footway", "name": "", "bridge": "", "tunnel": "", "layer": "", "source": "osm"}, "geometry": {"type": "LineString", "coordinates": [[116.3351425, 39.9914933], [116.3371988, 39.9915567]]}}, {"type": "Feature", "properties": {"highway": "footway", "name": "", "bridge": "", "tunnel": "", "layer": "", "source": "osm"}, "geometry": {"type": "LineString", "coordinates": [[116.3385944, 39.9916058], [116.3371988, 39.9915567]]}}, {"type": "Feature", "properties": {"highway": "footway", "name": "", "bridge": "", "tunnel": "", "layer": "", "source": "osm"}, "geometry": {"type": "LineString", "coordinates": [[116.3450752, 39.9920396], [116.3437855, 39.9920069], [116.3421282, 39.9919583], [116.3419466, 39.9919531], [116.3389042, 39.9918658], [116.3387357, 39.99188], [116.3382297, 39.9918649], [116.3381362, 39.9918477], [116.3371813, 39.9918292]]}}]}