{
 "type": "FeatureCollection",
 "features": [
  {
   "type": "Feature",
   "geometry": {
    "type": "Polygon",
    "coordinates": [
     [
      [
       116.31670421232111,
       39.98353959221823
      ],
      [
       116.31811263696335,
       39.98353959221823
      ],
      [
       116.31811263696335,
       39.98434898054558
      ],
      [
       116.31670421232111,
       39.98434898054558
      ],
      [
       116.31670421232111,
       39.98353959221823
      ]
     ]
    ]
   },
   "properties": {
    "building": "retail",
    "shop": "mall",
    "name": "中关村购物中心",
    "pois": [
     "中关村购物中心",
     "家乐福"
    ]
   }
  },
  {
   "type": "Feature",
   "geometry": {
    "type": "Polygon",
    "coordinates": [
     [
      [
       116.30719734598605,
       39.98515836887294
      ],
      [
       116.30860577062829,
       39.98515836887294
      ],
      [
       116.30860577062829,
       39.985967757200285
      ],
      [
       116.30719734598605,
       39.985967757200285
      ],
      [
       116.30719734598605,
       39.98515836887294
      ]
     ]
    ]
   },
   "properties": {
    "building": "retail",
    "shop": "mall",
    "name": "新中关购物中心",
    "pois": [
     "新中关购物中心",
     "物美超市"
    ]
   }
  },
  {
   "type": "Feature",
   "geometry": {
    "type": "Polygon",
    "coordinates": [
     [
      [
       116.31952106160558,
       39.97895305836324
      ],
      [
       116.32046001136708,
       39.97895305836324
      ],
      [
       116.32046001136708,
       39.97949265058147
      ],
      [
       116.31952106160558,
       39.97949265058147
      ],
      [
       116.31952106160558,
       39.97895305836324
      ]
     ]
    ]
   },
   "properties": {
    "building": "office",
    "name": "中关村大厦",
    "podium_pois": [
     "瑞幸咖啡",
     "便利蜂"
    ]
   }
  },
  {
   "type": "Feature",
   "geometry": {
    "type": "Polygon",
    "coordinates": [
     [
      [
       116.30719734598605,
       39.98165101945441
      ],
      [
       116.30825366446773,
       39.98165101945441
      ],
      [
       116.30825366446773,
       39.982460407781765
      ],
      [
       116.30719734598605,
       39.982460407781765
      ],
      [
       116.30719734598605,
       39.98165101945441
      ]
     ]
    ]
   },
   "properties": {
    "building": "office",
    "name": "中钢大厦"
   }
  },
  {
   "type": "Feature",
   "geometry": {
    "type": "Polygon",
    "coordinates": [
     [
      [
       116.30367628438047,
       39.987046941636756
      ],
      [
       116.30543681518327,
       39.987046941636756
      ],
      [
       116.30543681518327,
       39.98839592218234
      ],
      [
       116.30367628438047,
       39.98839592218234
      ],
      [
       116.30367628438047,
       39.987046941636756
      ]
     ]
    ]
   },
   "properties": {
    "leisure": "park",
    "name": "中关村口袋公园"
   }
  },
  {
   "type": "Feature",
   "geometry": {
    "type": "Polygon",
    "coordinates": [
     [
      [
       116.29895497811131,
       39.96995412892489
      ],
      [
       116.2995949366357,
       39.96995412892489
      ],
      [
       116.2995949366357,
       39.97041524070896
      ],
      [
       116.29895497811131,
       39.97041524070896
      ],
      [
       116.29895497811131,
       39.96995412892489
      ]
     ]
    ]
   },
   "properties": {
    "building": "apartments",
    "name": "中关村1区"
   }
  },
  {
   "type": "Feature",
   "geometry": {
    "type": "Polygon",
    "coordinates": [
     [
      [
       116.29888719189552,
       39.97133517536264
      ],
      [
       116.2996627228515,
       39.97133517536264
      ],
      [
       116.2996627228515,
       39.97173215536238
      ],
      [
       116.29888719189552,
       39.97173215536238
      ],
      [
       116.29888719189552,
       39.97133517536264
      ]
     ]
    ]
   },
   "properties": {
    "building": "apartments",
    "name": "中关村2区"
   }
  },
  {
   "type": "Feature",
   "geometry": {
    "type": "Polygon",
    "coordinates": [
     [
      [
       116.29889219994917,
       39.972721049768296
      ],
      [
       116.29965771479785,
       39.972721049768296
      ],
      [
       116.29965771479785,
       39.9730442420479
      ],
      [
       116.29889219994917,
       39.9730442420479
      ],
      [
       116.29889219994917,
       39.972721049768296
      ]
     ]
    ]
   },
   "properties": {
    "building": "apartments",
    "name": "中关村3区"
   }
  },
  {
   "type": "Feature",
   "geometry": {
    "type": "Polygon",
    "coordinates": [
     [
      [
       116.29896923731054,
       39.974064047882514
      ],
      [
       116.29958067743647,
       39.974064047882514
      ],
      [
       116.29958067743647,
       39.97439920502485
      ],
      [
       116.29896923731054,
       39.97439920502485
      ],
      [
       116.29896923731054,
       39.974064047882514
      ]
     ]
    ]
   },
   "properties": {
    "building": "apartments",
    "name": "中关村4区"
   }
  },
  {
   "type": "Feature",
   "geometry": {
    "type": "Polygon",
    "coordinates": [
     [
      [
       116.29883596570956,
       39.97540930873252
      ],
      [
       116.29971394903745,
       39.97540930873252
      ],
      [
       116.29971394903745,
       39.975751905266016
      ],
      [
       116.29883596570956,
       39.975751905266016
      ],
      [
       116.29883596570956,
       39.97540930873252
      ]
     ]
    ]
   },
   "properties": {
    "building": "apartments",
    "name": "中关村5区"
   }
  },
  {
   "type": "Feature",
   "geometry": {
    "type": "Polygon",
    "coordinates": [
     [
      [
       116.29887107402156,
       39.97666566973735
      ],
      [
       116.29967884072545,
       39.97666566973735
      ],
      [
       116.29967884072545,
       39.97719350535236
      ],
      [
       116.29887107402156,
       39.97719350535236
      ],
      [
       116.29887107402156,
       39.97666566973735
      ]
     ]
    ]
   },
   "properties": {
    "building": "apartments",
    "name": "中关村6区"
   }
  },
  {
   "type": "Feature",
   "geometry": {
    "type": "Polygon",
    "coordinates": [
     [
      [
       116.29891169875359,
       39.97801144126471
      ],
      [
       116.29963821599341,
       39.97801144126471
      ],
      [
       116.29963821599341,
       39.97854569491618
      ],
      [
       116.29891169875359,
       39.97854569491618
      ],
      [
       116.29891169875359,
       39.97801144126471
      ]
     ]
    ]
   },
   "properties": {
    "building": "apartments",
    "name": "中关村7区"
   }
  },
  {
   "type": "Feature",
   "geometry": {
    "type": "Polygon",
    "coordinates": [
     [
      [
       116.29883039955651,
       39.97943761113129
      ],
      [
       116.2997195151905,
       39.97943761113129
      ],
      [
       116.2997195151905,
       39.979817486140774
      ],
      [
       116.29883039955651,
       39.979817486140774
      ],
      [
       116.29883039955651,
       39.97943761113129
      ]
     ]
    ]
   },
   "properties": {
    "building": "apartments",
    "name": "中关村8区"
   }
  },
  {
   "type": "Feature",
   "geometry": {
    "type": "Polygon",
    "coordinates": [
     [
      [
       116.29896079788669,
       39.98078447011968
      ],
      [
       116.29958911686032,
       39.98078447011968
      ],
      [
       116.29958911686032,
       39.98116858824355
      ],
      [
       116.29896079788669,
       39.98116858824355
      ],
      [
       116.29896079788669,
       39.98078447011968
      ]
     ]
    ]
   },
   "properties": {
    "building": "apartments",
    "name": "中关村9区"
   }
  },
  {
   "type": "Feature",
   "geometry": {
    "type": "Polygon",
    "coordinates": [
     [
      [
       116.29887914307274,
       39.98344528572248
      ],
      [
       116.29967077167427,
       39.98344528572248
      ],
      [
       116.29967077167427,
       39.9839036948231
      ],
      [
       116.29887914307274,
       39.9839036948231
      ],
      [
       116.29887914307274,
       39.98344528572248
      ]
     ]
    ]
   },
   "properties": {
    "building": "apartments",
    "name": "中关村10区"
   }
  },
  {
   "type": "Feature",
   "geometry": {
    "type": "Polygon",
    "coordinates": [
     [
      [
       116.29888510347264,
       39.98485903132925
      ],
      [
       116.29966481127437,
       39.98485903132925
      ],
      [
       116.29966481127437,
       39.9851879103075
      ],
      [
       116.29888510347264,
       39.9851879103075
      ],
      [
       116.29888510347264,
       39.98485903132925
      ]
     ]
    ]
   },
   "properties": {
    "building": "apartments",
    "name": "中关村11区"
   }
  },
  {
   "type": "Feature",
   "geometry": {
    "type": "Polygon",
    "coordinates": [
     [
      [
       116.29894527590723,
       39.986138583106396
      ],
      [
       116.29960463883977,
       39.986138583106396
      ],
      [
       116.29960463883977,
       39.986606319621536
      ],
      [
       116.29894527590723,
       39.986606319621536
      ],
      [
       116.29894527590723,
       39.986138583106396
      ]
     ]
    ]
   },
   "properties": {
    "building": "apartments",
    "name": "中关村12区"
   }
  },
  {
   "type": "Feature",
   "geometry": {
    "type": "Polygon",
    "coordinates": [
     [
      [
       116.29892622899604,
       39.98749822488239
      ],
      [
       116.29962368575097,
       39.98749822488239
      ],
      [
       116.29962368575097,
       39.98794463893671
      ],
      [
       116.29892622899604,
       39.98794463893671
      ],
      [
       116.29892622899604,
       39.98749822488239
      ]
     ]
    ]
   },
   "properties": {
    "building": "apartments",
    "name": "中关村13区"
   }
  },
  {
   "type": "Feature",
   "geometry": {
    "type": "Polygon",
    "coordinates": [
     [
      [
       116.29892876066988,
       39.98882373118595
      ],
      [
       116.29962115407713,
       39.98882373118595
      ],
      [
       116.29962115407713,
       39.989317093724324
      ],
      [
       116.29892876066988,
       39.989317093724324
      ],
      [
       116.29892876066988,
       39.98882373118595
      ]
     ]
    ]
   },
   "properties": {
    "building": "apartments",
    "name": "中关村14区"
   }
  },
  {
   "type": "Feature",
   "geometry": {
    "type": "Polygon",
    "coordinates": [
     [
      [
       116.29888040650947,
       39.992900933039394
      ],
      [
       116.29966950823754,
       39.992900933039394
      ],
      [
       116.29966950823754,
       39.99333377514441
      ],
      [
       116.29888040650947,
       39.99333377514441
      ],
      [
       116.29888040650947,
       39.992900933039394
      ]
     ]
    ]
   },
   "properties": {
    "building": "apartments",
    "name": "中关村15区"
   }
  },
  {
   "type": "Feature",
   "geometry": {
    "type": "Polygon",
    "coordinates": [
     [
      [
       116.30056950357472,
       39.97001403138344
      ],
      [
       116.30150147277787,
       39.97001403138344
      ],
      [
       116.30150147277787,
       39.97035533825041
      ],
      [
       116.30056950357472,
       39.97035533825041
      ],
      [
       116.30056950357472,
       39.97001403138344
      ]
     ]
    ]
   },
   "properties": {
    "building": "apartments",
    "name": "中关村16区"
   }
  },
  {
   "type": "Feature",
   "geometry": {
    "type": "Polygon",
    "coordinates": [
     [
      [
       116.30060876938298,
       39.97135919895048
      ],
      [
       116.30146220696962,
       39.97135919895048
      ],
      [
       116.30146220696962,
       39.971708131774534
      ],
      [
       116.30060876938298,
       39.971708131774534
      ],
      [
       116.30060876938298,
       39.97135919895048
      ]
     ]
    ]
   },
   "properties": {
    "building": "apartments",
    "name": "中关村17区"
   }
  },
  {
   "type": "Feature",
   "geometry": {
    "type": "Polygon",
    "coordinates": [
     [
      [
       116.30073516381745,
       39.97265014732855
      ],
      [
       116.30133581253513,
       39.97265014732855
      ],
      [
       116.30133581253513,
       39.97311514448764
      ],
      [
       116.30073516381745,
       39.97311514448764
      ],
      [
       116.30073516381745,
       39.97265014732855
      ]
     ]
    ]
   },
   "properties": {
    "building": "apartments",
    "name": "中关村18区"
   }
  },
  {
   "type": "Feature",
   "geometry": {
    "type": "Polygon",
    "coordinates": [
     [
      [
       116.30058793581034,
       39.9753879559947
      ],
      [
       116.30148304054225,
       39.9753879559947
      ],
      [
       116.30148304054225,
       39.97577325800384
      ],
      [
       116.30058793581034,
       39.97577325800384
      ],
      [
       116.30058793581034,
       39.9753879559947
      ]
     ]
    ]
   },
   "properties": {
    "building": "apartments",
    "name": "中关村19区"
   }
  },
  {
   "type": "Feature",
   "geometry": {
    "type": "Polygon",
    "coordinates": [
     [
      [
       116.30066175002202,
       39.979375742556144
      ],
      [
       116.30140922633058,
       39.979375742556144
      ],
      [
       116.30140922633058,
       39.97987935471592
      ],
      [
       116.30066175002202,
       39.97987935471592
      ],
      [
       116.30066175002202,
       39.979375742556144
      ]
     ]
    ]
   },
   "properties": {
    "building": "apartments",
    "name": "中关村20区"
   }
  },
  {
   "type": "Feature",
   "geometry": {
    "type": "Polygon",
    "coordinates": [
     [
      [
       116.30062514033428,
       39.98216130850709
      ],
      [
       116.3014458360183,
       39.98216130850709
      ],
      [
       116.3014458360183,
       39.98248971094732
      ],
      [
       116.30062514033428,
       39.98248971094732
      ],
      [
       116.30062514033428,
       39.98216130850709
      ]
     ]
    ]
   },
   "properties": {
    "building": "apartments",
    "name": "中关村21区"
   }
  },
  {
   "type": "Feature",
   "geometry": {
    "type": "Polygon",
    "coordinates": [
     [
      [
       116.30067414660404,
       39.988837864766026
      ],
      [
       116.30139682974854,
       39.988837864766026
      ],
      [
       116.30139682974854,
       39.989302960144244
      ],
      [
       116.30067414660404,
       39.989302960144244
      ],
      [
       116.30067414660404,
       39.988837864766026
      ]
     ]
    ]
   },
   "properties": {
    "building": "apartments",
    "name": "中关村22区"
   }
  },
  {
   "type": "Feature",
   "geometry": {
    "type": "Polygon",
    "coordinates": [
     [
      [
       116.30066078349853,
       39.99024312077092
      ],
      [
       116.30141019285406,
       39.99024312077092
      ],
      [
       116.30141019285406,
       39.99059566523053
      ],
      [
       116.30066078349853,
       39.99059566523053
      ],
      [
       116.30066078349853,
       39.99024312077092
      ]
     ]
    ]
   },
   "properties": {
    "building": "apartments",
    "name": "中关村23区"
   }
  },
  {
   "type": "Feature",
   "geometry": {
    "type": "Polygon",
    "coordinates": [
     [
      [
       116.30073168726871,
       39.99287361208192
      ],
      [
       116.30133928908387,
       39.99287361208192
      ],
      [
       116.30133928908387,
       39.99336109610188
      ],
      [
       116.30073168726871,
       39.99336109610188
      ],
      [
       116.30073168726871,
       39.99287361208192
      ]
     ]
    ]
   },
   "properties": {
    "building": "apartments",
    "name": "中关村24区"
   }
  },
  {
   "type": "Feature",
   "geometry": {
    "type": "Polygon",
    "coordinates": [
     [
      [
       116.30069847302163,
       39.99426500494518
      ],
      [
       116.30137250333095,
       39.99426500494518
      ],
      [
       116.30137250333095,
       39.99466766432979
      ],
      [
       116.30069847302163,
       39.99466766432979
      ],
      [
       116.30069847302163,
       39.99426500494518
      ]
     ]
    ]
   },
   "properties": {
    "building": "apartments",
    "name": "中关村25区"
   }
  },
  {
   "type": "Feature",
   "geometry": {
    "type": "Polygon",
    "coordinates": [
     [
      [
       116.30242351635306,
       39.9699655384409
      ],
      [
       116.3031685216051,
       39.9699655384409
      ],
      [
       116.3031685216051,
       39.97040383119294
      ],
      [
       116.30242351635306,
       39.97040383119294
      ],
      [
       116.30242351635306,
       39.9699655384409
      ]
     ]
    ]
   },
   "properties": {
    "building": "apartments",
    "name": "中关村26区"
   }
  },
  {
   "type": "Feature",
   "geometry": {
    "type": "Polygon",
    "coordinates": [
     [
      [
       116.30242948294753,
       39.97538289465876
      ],
      [
       116.30316255501063,
       39.97538289465876
      ],
      [
       116.30316255501063,
       39.97577831933978
      ],
      [
       116.30242948294753,
       39.97577831933978
      ],
      [
       116.30242948294753,
       39.97538289465876
      ]
     ]
    ]
   },
   "properties": {
    "building": "apartments",
    "name": "中关村27区"
   }
  },
  {
   "type": "Feature",
   "geometry": {
    "type": "Polygon",
    "coordinates": [
     [
      [
       116.30247157350472,
       39.97944409213065
      ],
      [
       116.30312046445344,
       39.97944409213065
      ],
      [
       116.30312046445344,
       39.979811005141414
      ],
      [
       116.30247157350472,
       39.979811005141414
      ],
      [
       116.30247157350472,
       39.97944409213065
      ]
     ]
    ]
   },
   "properties": {
    "building": "apartments",
    "name": "中关村28区"
   }
  },
  {
   "type": "Feature",
   "geometry": {
    "type": "Polygon",
    "coordinates": [
     [
      [
       116.30241721799612,
       39.980752921772506
      ],
      [
       116.30317481996204,
       39.980752921772506
      ],
      [
       116.30317481996204,
       39.98120013659072
      ],
      [
       116.30241721799612,
       39.98120013659072
      ],
      [
       116.30241721799612,
       39.980752921772506
      ]
     ]
    ]
   },
   "properties": {
    "building": "apartments",
    "name": "中关村29区"
   }
  },
  {
   "type": "Feature",
   "geometry": {
    "type": "Polygon",
    "coordinates": [
     [
      [
       116.30250187648713,
       39.98212103277358
      ],
      [
       116.30309016147103,
       39.98212103277358
      ],
      [
       116.30309016147103,
       39.982529986680824
      ],
      [
       116.30250187648713,
       39.982529986680824
      ],
      [
       116.30250187648713,
       39.98212103277358
      ]
     ]
    ]
   },
   "properties": {
    "building": "apartments",
    "name": "中关村30区"
   }
  },
  {
   "type": "Feature",
   "geometry": {
    "type": "Polygon",
    "coordinates": [
     [
      [
       116.30240289106169,
       39.98340996666251
      ],
      [
       116.30318914689647,
       39.98340996666251
      ],
      [
       116.30318914689647,
       39.983939013883074
      ],
      [
       116.30240289106169,
       39.983939013883074
      ],
      [
       116.30240289106169,
       39.98340996666251
      ]
     ]
    ]
   },
   "properties": {
    "building": "apartments",
    "name": "中关村31区"
   }
  },
  {
   "type": "Feature",
   "geometry": {
    "type": "Polygon",
    "coordinates": [
     [
      [
       116.30239386807273,
       39.9861390552373
      ],
      [
       116.30319816988543,
       39.9861390552373
      ],
      [
       116.30319816988543,
       39.98660584749063
      ],
      [
       116.30239386807273,
       39.98660584749063
      ],
      [
       116.30239386807273,
       39.9861390552373
      ]
     ]
    ]
   },
   "properties": {
    "building": "apartments",
    "name": "中关村32区"
   }
  },
  {
   "type": "Feature",
   "geometry": {
    "type": "Polygon",
    "coordinates": [
     [
      [
       116.30234423162139,
       39.987476370540136
      ],
      [
       116.30324780633678,
       39.987476370540136
      ],
      [
       116.30324780633678,
       39.98796649327896
      ],
      [
       116.30234423162139,
       39.98796649327896
      ],
      [
       116.30234423162139,
       39.987476370540136
      ]
     ]
    ]
   },
   "properties": {
    "building": "apartments",
    "name": "中关村33区"
   }
  },
  {
   "type": "Feature",
   "geometry": {
    "type": "Polygon",
    "coordinates": [
     [
      [
       116.30243235572622,
       39.99294833390115
      ],
      [
       116.30315968223195,
       39.99294833390115
      ],
      [
       116.30315968223195,
       39.99328637428265
      ],
      [
       116.30243235572622,
       39.99328637428265
      ],
      [
       116.30243235572622,
       39.99294833390115
      ]
     ]
    ]
   },
   "properties": {
    "building": "apartments",
    "name": "中关村34区"
   }
  },
  {
   "type": "Feature",
   "geometry": {
    "type": "Polygon",
    "coordinates": [
     [
      [
       116.3024907404234,
       39.99563446599644
      ],
      [
       116.30310129753477,
       39.99563446599644
      ],
      [
       116.30310129753477,
       39.99599616436971
      ],
      [
       116.3024907404234,
       39.99599616436971
      ],
      [
       116.3024907404234,
       39.99563446599644
      ]
     ]
    ]
   },
   "properties": {
    "building": "apartments",
    "name": "中关村35区"
   }
  },
  {
   "type": "Feature",
   "geometry": {
    "type": "Polygon",
    "coordinates": [
     [
      [
       116.30420326048846,
       39.97002139346437
      ],
      [
       116.30490983907528,
       39.97002139346437
      ],
      [
       116.30490983907528,
       39.97034797616948
      ],
      [
       116.30420326048846,
       39.97034797616948
      ],
      [
       116.30420326048846,
       39.97002139346437
      ]
     ]
    ]
   },
   "properties": {
    "building": "apartments",
    "name": "中关村36区"
   }
  },
  {
   "type": "Feature",
   "geometry": {
    "type": "Polygon",
    "coordinates": [
     [
      [
       116.30423649732414,
       39.97136487817731
      ],
      [
       116.3048766022396,
       39.97136487817731
      ],
      [
       116.3048766022396,
       39.9717024525477
      ],
      [
       116.30423649732414,
       39.9717024525477
      ],
      [
       116.30423649732414,
       39.97136487817731
      ]
     ]
    ]
   },
   "properties": {
    "building": "apartments",
    "name": "中关村37区"
   }
  },
  {
   "type": "Feature",
   "geometry": {
    "type": "Polygon",
    "coordinates": [
     [
      [
       116.30425863847177,
       39.97262697673049
      ],
      [
       116.30485446109198,
       39.97262697673049
      ],
      [
       116.30485446109198,
       39.973138315085706
      ],
      [
       116.30425863847177,
       39.973138315085706
      ],
      [
       116.30425863847177,
       39.97262697673049
      ]
     ]
    ]
   },
   "properties": {
    "building": "apartments",
    "name": "中关村38区"
   }
  },
  {
   "type": "Feature",
   "geometry": {
    "type": "Polygon",
    "coordinates": [
     [
      [
       116.30421871722633,
       39.975384174124
      ],
      [
       116.30489438233741,
       39.975384174124
      ],
      [
       116.30489438233741,
       39.97577703987454
      ],
      [
       116.30421871722633,
       39.97577703987454
      ],
      [
       116.30421871722633,
       39.975384174124
      ]
     ]
    ]
   },
   "properties": {
    "building": "apartments",
    "name": "中关村39区"
   }
  },
  {
   "type": "Feature",
   "geometry": {
    "type": "Polygon",
    "coordinates": [
     [
      [
       116.30424150122829,
       39.976676773198015
      ],
      [
       116.30487159833545,
       39.976676773198015
      ],
      [
       116.30487159833545,
       39.977182401891696
      ],
      [
       116.30424150122829,
       39.977182401891696
      ],
      [
       116.30424150122829,
       39.976676773198015
      ]
     ]
    ]
   },
   "properties": {
    "building": "apartments",
    "name": "中关村40区"
   }
  },
  {
   "type": "Feature",
   "geometry": {
    "type": "Polygon",
    "coordinates": [
     [
      [
       116.3041779473998,
       39.97946051284424
      ],
      [
       116.30493515216395,
       39.97946051284424
      ],
      [
       116.30493515216395,
       39.979794584427815
      ],
      [
       116.3041779473998,
       39.979794584427815
      ],
      [
       116.3041779473998,
       39.97946051284424
      ]
     ]
    ]
   },
   "properties": {
    "building": "apartments",
    "name": "中关村41区"
   }
  },
  {
   "type": "Feature",
   "geometry": {
    "type": "Polygon",
    "coordinates": [
     [
      [
       116.30420280588667,
       39.98078938545994
      ],
      [
       116.30491029367707,
       39.98078938545994
      ],
      [
       116.30491029367707,
       39.981163672903286
      ],
      [
       116.30420280588667,
       39.981163672903286
      ],
      [
       116.30420280588667,
       39.98078938545994
      ]
     ]
    ]
   },
   "properties": {
    "building": "apartments",
    "name": "中关村42区"
   }
  },
  {
   "type": "Feature",
   "geometry": {
    "type": "Polygon",
    "coordinates": [
     [
      [
       116.30425906190858,
       39.98341020412273
      ],
      [
       116.30485403765516,
       39.98341020412273
      ],
      [
       116.30485403765516,
       39.98393877642285
      ],
      [
       116.30425906190858,
       39.98393877642285
      ],
      [
       116.30425906190858,
       39.98341020412273
      ]
     ]
    ]
   },
   "properties": {
    "building": "apartments",
    "name": "中关村43区"
   }
  },
  {
   "type": "Feature",
   "geometry": {
    "type": "Polygon",
    "coordinates": [
     [
      [
       116.30423731815286,
       39.98480502900178
      ],
      [
       116.30487578141089,
       39.98480502900178
      ],
      [
       116.30487578141089,
       39.98524191263498
      ],
      [
       116.30423731815286,
       39.98524191263498
      ],
      [
       116.30423731815286,
       39.98480502900178
      ]
     ]
    ]
   },
   "properties": {
    "building": "apartments",
    "name": "中关村44区"
   }
  },
  {
   "type": "Feature",
   "geometry": {
    "type": "Polygon",
    "coordinates": [
     [
      [
       116.3041701526876,
       39.986105072038626
      ],
      [
       116.30494294687614,
       39.986105072038626
      ],
      [
       116.30494294687614,
       39.986639830689306
      ],
      [
       116.3041701526876,
       39.986639830689306
      ],
      [
       116.3041701526876,
       39.986105072038626
      ]
     ]
    ]
   },
   "properties": {
    "building": "apartments",
    "name": "中关村45区"
   }
  },
  {
   "type": "Feature",
   "geometry": {
    "type": "Polygon",
    "coordinates": [
     [
      [
       116.30419856935353,
       39.990243233899164
      ],
      [
       116.30491453021021,
       39.990243233899164
      ],
      [
       116.30491453021021,
       39.990595552102285
      ],
      [
       116.30419856935353,
       39.990595552102285
      ],
      [
       116.30419856935353,
       39.990243233899164
      ]
     ]
    ]
   },
   "properties": {
    "building": "apartments",
    "name": "中关村46区"
   }
  },
  {
   "type": "Feature",
   "geometry": {
    "type": "Polygon",
    "coordinates": [
     [
      [
       116.30412597296808,
       39.99427189426843
      ],
      [
       116.30498712659566,
       39.99427189426843
      ],
      [
       116.30498712659566,
       39.994660775006544
      ],
      [
       116.30412597296808,
       39.994660775006544
      ],
      [
       116.30412597296808,
       39.99427189426843
      ]
     ]
    ]
   },
   "properties": {
    "building": "apartments",
    "name": "中关村47区"
   }
  },
  {
   "type": "Feature",
   "geometry": {
    "type": "Polygon",
    "coordinates": [
     [
      [
       116.30412025892673,
       39.99554721361266
      ],
      [
       116.30499284063701,
       39.99554721361266
      ],
      [
       116.30499284063701,
       39.99608341675348
      ],
      [
       116.30412025892673,
       39.99608341675348
      ],
      [
       116.30412025892673,
       39.99554721361266
      ]
     ]
    ]
   },
   "properties": {
    "building": "apartments",
    "name": "中关村48区"
   }
  },
  {
   "type": "Feature",
   "geometry": {
    "type": "Polygon",
    "coordinates": [
     [
      [
       116.30593252689232,
       39.97538325535614
      ],
      [
       116.306701634277,
       39.97538325535614
      ],
      [
       116.306701634277,
       39.9757779586424
      ],
      [
       116.30593252689232,
       39.9757779586424
      ],
      [
       116.30593252689232,
       39.97538325535614
      ]
     ]
    ]
   },
   "properties": {
    "building": "apartments",
    "name": "中关村49区"
   }
  },
  {
   "type": "Feature",
   "geometry": {
    "type": "Polygon",
    "coordinates": [
     [
      [
       116.30601874037602,
       39.97674079563343
      ],
      [
       116.3066154207933,
       39.97674079563343
      ],
      [
       116.3066154207933,
       39.97711837945628
      ],
      [
       116.30601874037602,
       39.97711837945628
      ],
      [
       116.30601874037602,
       39.97674079563343
      ]
     ]
    ]
   },
   "properties": {
    "building": "apartments",
    "name": "中关村50区"
   }
  },
  {
   "type": "Feature",
   "geometry": {
    "type": "Polygon",
    "coordinates": [
     [
      [
       116.3059017381632,
       39.978013660341
      ],
      [
       116.30673242300612,
       39.978013660341
      ],
      [
       116.30673242300612,
       39.97854347583989
      ],
      [
       116.3059017381632,
       39.97854347583989
      ],
      [
       116.3059017381632,
       39.978013660341
      ]
     ]
    ]
   },
   "properties": {
    "building": "apartments",
    "name": "中关村51区"
   }
  },
  {
   "type": "Feature",
   "geometry": {
    "type": "Polygon",
    "coordinates": [
     [
      [
       116.30585869331543,
       39.97935909722914
      ],
      [
       116.3067754678539,
       39.97935909722914
      ],
      [
       116.3067754678539,
       39.97989600004291
      ],
      [
       116.30585869331543,
       39.97989600004291
      ],
      [
       116.30585869331543,
       39.97935909722914
      ]
     ]
    ]
   },
   "properties": {
    "building": "apartments",
    "name": "中关村52区"
   }
  },
  {
   "type": "Feature",
   "geometry": {
    "type": "Polygon",
    "coordinates": [
     [
      [
       116.30598484571314,
       39.98214262777962
      ],
      [
       116.30664931545617,
       39.98214262777962
      ],
      [
       116.30664931545617,
       39.982508391674784
      ],
      [
       116.30598484571314,
       39.982508391674784
      ],
      [
       116.30598484571314,
       39.98214262777962
      ]
     ]
    ]
   },
   "properties": {
    "building": "apartments",
    "name": "中关村53区"
   }
  },
  {
   "type": "Feature",
   "geometry": {
    "type": "Polygon",
    "coordinates": [
     [
      [
       116.30598767822407,
       39.983446954756694
      ],
      [
       116.30664648294525,
       39.983446954756694
      ],
      [
       116.30664648294525,
       39.983902025788886
      ],
      [
       116.30598767822407,
       39.983902025788886
      ],
      [
       116.30598767822407,
       39.983446954756694
      ]
     ]
    ]
   },
   "properties": {
    "building": "apartments",
    "name": "中关村54区"
   }
  },
  {
   "type": "Feature",
   "geometry": {
    "type": "Polygon",
    "coordinates": [
     [
      [
       116.3059086999884,
       39.987474158857964
      ],
      [
       116.30672546118092,
       39.987474158857964
      ],
      [
       116.30672546118092,
       39.98796870496113
      ],
      [
       116.3059086999884,
       39.98796870496113
      ],
      [
       116.3059086999884,
       39.987474158857964
      ]
     ]
    ]
   },
   "properties": {
    "building": "apartments",
    "name": "中关村55区"
   }
  },
  {
   "type": "Feature",
   "geometry": {
    "type": "Polygon",
    "coordinates": [
     [
      [
       116.30590736064569,
       39.9888107587532
      ],
      [
       116.30672680052363,
       39.9888107587532
      ],
      [
       116.30672680052363,
       39.98933006615707
      ],
      [
       116.30590736064569,
       39.98933006615707
      ],
      [
       116.30590736064569,
       39.9888107587532
      ]
     ]
    ]
   },
   "properties": {
    "building": "apartments",
    "name": "中关村56区"
   }
  },
  {
   "type": "Feature",
   "geometry": {
    "type": "Polygon",
    "coordinates": [
     [
      [
       116.30599222948578,
       39.99422024287848
      ],
      [
       116.30664193168353,
       39.99422024287848
      ],
      [
       116.30664193168353,
       39.9947124263965
      ],
      [
       116.30599222948578,
       39.9947124263965
      ],
      [
       116.30599222948578,
       39.99422024287848
      ]
     ]
    ]
   },
   "properties": {
    "building": "apartments",
    "name": "中关村57区"
   }
  },
  {
   "type": "Feature",
   "geometry": {
    "type": "Polygon",
    "coordinates": [
     [
      [
       116.30588267132813,
       39.995548705221104
      ],
      [
       116.30675148984119,
       39.995548705221104
      ],
      [
       116.30675148984119,
       39.99608192514504
      ],
      [
       116.30588267132813,
       39.99608192514504
      ],
      [
       116.30588267132813,
       39.995548705221104
      ]
     ]
    ]
   },
   "properties": {
    "building": "apartments",
    "name": "中关村58区"
   }
  },
  {
   "type": "Feature",
   "geometry": {
    "type": "Polygon",
    "coordinates": [
     [
      [
       116.30771352420132,
       39.96992086952474
      ],
      [
       116.30844169857359,
       39.96992086952474
      ],
      [
       116.30844169857359,
       39.9704485001091
      ],
      [
       116.30771352420132,
       39.9704485001091
      ],
      [
       116.30771352420132,
       39.96992086952474
      ]
     ]
    ]
   },
   "properties": {
    "building": "apartments",
    "name": "中关村59区"
   }
  },
  {
   "type": "Feature",
   "geometry": {
    "type": "Polygon",
    "coordinates": [
     [
      [
       116.3077618240911,
       39.97270827323159
      ],
      [
       116.30839339868379,
       39.97270827323159
      ],
      [
       116.30839339868379,
       39.973057018584605
      ],
      [
       116.3077618240911,
       39.973057018584605
      ],
      [
       116.3077618240911,
       39.97270827323159
      ]
     ]
    ]
   },
   "properties": {
    "building": "apartments",
    "name": "中关村60区"
   }
  },
  {
   "type": "Feature",
   "geometry": {
    "type": "Polygon",
    "coordinates": [
     [
      [
       116.30763867987136,
       39.976662005344004
      ],
      [
       116.30851654290355,
       39.976662005344004
      ],
      [
       116.30851654290355,
       39.97719716974571
      ],
      [
       116.30763867987136,
       39.97719716974571
      ],
      [
       116.30763867987136,
       39.976662005344004
      ]
     ]
    ]
   },
   "properties": {
    "building": "apartments",
    "name": "中关村61区"
   }
  },
  {
   "type": "Feature",
   "geometry": {
    "type": "Polygon",
    "coordinates": [
     [
      [
       116.30768759629622,
       39.9794554430167
      ],
      [
       116.30846762647869,
       39.9794554430167
      ],
      [
       116.30846762647869,
       39.97979965425536
      ],
      [
       116.30768759629622,
       39.97979965425536
      ],
      [
       116.30768759629622,
       39.9794554430167
      ]
     ]
    ]
   },
   "properties": {
    "building": "apartments",
    "name": "中关村62区"
   }
  },
  {
   "type": "Feature",
   "geometry": {
    "type": "Polygon",
    "coordinates": [
     [
      [
       116.30761326138067,
       39.98074611491044
      ],
      [
       116.30854196139423,
       39.98074611491044
      ],
      [
       116.30854196139423,
       39.9812069434528
      ],
      [
       116.30761326138067,
       39.9812069434528
      ],
      [
       116.30761326138067,
       39.98074611491044
      ]
     ]
    ]
   },
   "properties": {
    "building": "apartments",
    "name": "中关村63区"
   }
  },
  {
   "type": "Feature",
   "geometry": {
    "type": "Polygon",
    "coordinates": [
     [
      [
       116.30773985329272,
       39.98618213644073
      ],
      [
       116.30841536948218,
       39.98618213644073
      ],
      [
       116.30841536948218,
       39.98656276628719
      ],
      [
       116.30773985329272,
       39.98656276628719
      ],
      [
       116.30773985329272,
       39.98618213644073
      ]
     ]
    ]
   },
   "properties": {
    "building": "apartments",
    "name": "中关村64区"
   }
  },
  {
   "type": "Feature",
   "geometry": {
    "type": "Polygon",
    "coordinates": [
     [
      [
       116.30768094551713,
       39.98753489434065
      ],
      [
       116.30847427725776,
       39.98753489434065
      ],
      [
       116.30847427725776,
       39.98790796947846
      ],
      [
       116.30768094551713,
       39.98790796947846
      ],
      [
       116.30768094551713,
       39.98753489434065
      ]
     ]
    ]
   },
   "properties": {
    "building": "apartments",
    "name": "中关村65区"
   }
  },
  {
   "type": "Feature",
   "geometry": {
    "type": "Polygon",
    "coordinates": [
     [
      [
       116.3077611136625,
       39.98881073178273
      ],
      [
       116.30839410911241,
       39.98881073178273
      ],
      [
       116.30839410911241,
       39.98933009312755
      ],
      [
       116.3077611136625,
       39.98933009312755
      ],
      [
       116.3077611136625,
       39.98881073178273
      ]
     ]
    ]
   },
   "properties": {
    "building": "apartments",
    "name": "中关村66区"
   }
  },
  {
   "type": "Feature",
   "geometry": {
    "type": "Polygon",
    "coordinates": [
     [
      [
       116.30770352893406,
       39.99019643475834
      ],
      [
       116.30845169384085,
       39.99019643475834
      ],
      [
       116.30845169384085,
       39.99064235124311
      ],
      [
       116.30770352893406,
       39.99064235124311
      ],
      [
       116.30770352893406,
       39.99019643475834
      ]
     ]
    ]
   },
   "properties": {
    "building": "apartments",
    "name": "中关村67区"
   }
  },
  {
   "type": "Feature",
   "geometry": {
    "type": "Polygon",
    "coordinates": [
     [
      [
       116.30762262196325,
       39.99425256068531
      ],
      [
       116.30853260081165,
       39.99425256068531
      ],
      [
       116.30853260081165,
       39.99468010858966
      ],
      [
       116.30762262196325,
       39.99468010858966
      ],
      [
       116.30762262196325,
       39.99425256068531
      ]
     ]
    ]
   },
   "properties": {
    "building": "apartments",
    "name": "中关村68区"
   }
  },
  {
   "type": "Feature",
   "geometry": {
    "type": "Polygon",
    "coordinates": [
     [
      [
       116.30769202464005,
       39.99565583141084
      ],
      [
       116.30846319813486,
       39.99565583141084
      ],
      [
       116.30846319813486,
       39.9959747989553
      ],
      [
       116.30769202464005,
       39.9959747989553
      ],
      [
       116.30769202464005,
       39.99565583141084
      ]
     ]
    ]
   },
   "properties": {
    "building": "apartments",
    "name": "中关村69区"
   }
  },
  {
   "type": "Feature",
   "geometry": {
    "type": "Polygon",
    "coordinates": [
     [
      [
       116.3095124836822,
       39.970026861683145
      ],
      [
       116.31016380069828,
       39.970026861683145
      ],
      [
       116.31016380069828,
       39.9703425079507
      ],
      [
       116.3095124836822,
       39.9703425079507
      ],
      [
       116.3095124836822,
       39.970026861683145
      ]
     ]
    ]
   },
   "properties": {
    "building": "apartments",
    "name": "中关村70区"
   }
  },
  {
   "type": "Feature",
   "geometry": {
    "type": "Polygon",
    "coordinates": [
     [
      [
       116.30946136050052,
       39.972643742209975
      ],
      [
       116.31021492387995,
       39.972643742209975
      ],
      [
       116.31021492387995,
       39.97312154960622
      ],
      [
       116.30946136050052,
       39.97312154960622
      ],
      [
       116.30946136050052,
       39.972643742209975
      ]
     ]
    ]
   },
   "properties": {
    "building": "apartments",
    "name": "中关村71区"
   }
  },
  {
   "type": "Feature",
   "geometry": {
    "type": "Polygon",
    "coordinates": [
     [
      [
       116.30948733022797,
       39.974015975195925
      ],
      [
       116.31018895415251,
       39.974015975195925
      ],
      [
       116.31018895415251,
       39.97444727771144
      ],
      [
       116.30948733022797,
       39.97444727771144
      ],
      [
       116.30948733022797,
       39.974015975195925
      ]
     ]
    ]
   },
   "properties": {
    "building": "apartments",
    "name": "中关村72区"
   }
  },
  {
   "type": "Feature",
   "geometry": {
    "type": "Polygon",
    "coordinates": [
     [
      [
       116.3094066468047,
       39.97541129764067
      ],
      [
       116.31026963757577,
       39.97541129764067
      ],
      [
       116.31026963757577,
       39.97574991635787
      ],
      [
       116.3094066468047,
       39.97574991635787
      ],
      [
       116.3094066468047,
       39.97541129764067
      ]
     ]
    ]
   },
   "properties": {
    "building": "apartments",
    "name": "中关村73区"
   }
  },
  {
   "type": "Feature",
   "geometry": {
    "type": "Polygon",
    "coordinates": [
     [
      [
       116.30950097219912,
       39.97674107683614
      ],
      [
       116.31017531218136,
       39.97674107683614
      ],
      [
       116.31017531218136,
       39.97711809825358
      ],
      [
       116.30950097219912,
       39.97711809825358
      ],
      [
       116.30950097219912,
       39.97674107683614
      ]
     ]
    ]
   },
   "properties": {
    "building": "apartments",
    "name": "中关村74区"
   }
  },
  {
   "type": "Feature",
   "geometry": {
    "type": "Polygon",
    "coordinates": [
     [
      [
       116.30944582620097,
       39.9793847329087
      ],
      [
       116.3102304581795,
       39.9793847329087
      ],
      [
       116.3102304581795,
       39.97987036436336
      ],
      [
       116.30944582620097,
       39.97987036436336
      ],
      [
       116.30944582620097,
       39.9793847329087
      ]
     ]
    ]
   },
   "properties": {
    "building": "apartments",
    "name": "中关村75区"
   }
  },
  {
   "type": "Feature",
   "geometry": {
    "type": "Polygon",
    "coordinates": [
     [
      [
       116.30943688296898,
       39.982111296885364
      ],
      [
       116.3102394014115,
       39.982111296885364
      ],
      [
       116.3102394014115,
       39.982539722569044
      ],
      [
       116.30943688296898,
       39.982539722569044
      ],
      [
       116.30943688296898,
       39.982111296885364
      ]
     ]
    ]
   },
   "properties": {
    "building": "apartments",
    "name": "中关村76区"
   }
  },
  {
   "type": "Feature",
   "geometry": {
    "type": "Polygon",
    "coordinates": [
     [
      [
       116.30942276296297,
       39.983466258736335
      ],
      [
       116.31025352141751,
       39.983466258736335
      ],
      [
       116.31025352141751,
       39.983882721809245
      ],
      [
       116.30942276296297,
       39.983882721809245
      ],
      [
       116.30942276296297,
       39.983466258736335
      ]
     ]
    ]
   },
   "properties": {
    "building": "apartments",
    "name": "中关村77区"
   }
  },
  {
   "type": "Feature",
   "geometry": {
    "type": "Polygon",
    "coordinates": [
     [
      [
       116.3094605606235,
       39.98476025086267
      ],
      [
       116.31021572375698,
       39.98476025086267
      ],
      [
       116.31021572375698,
       39.98528669077409
      ],
      [
       116.3094605606235,
       39.98528669077409
      ],
      [
       116.3094605606235,
       39.98476025086267
      ]
     ]
    ]
   },
   "properties": {
    "building": "apartments",
    "name": "中关村78区"
   }
  },
  {
   "type": "Feature",
   "geometry": {
    "type": "Polygon",
    "coordinates": [
     [
      [
       116.30944621626068,
       39.99015597453056
      ],
      [
       116.3102300681198,
       39.99015597453056
      ],
      [
       116.3102300681198,
       39.99068281147089
      ],
      [
       116.30944621626068,
       39.99068281147089
      ],
      [
       116.30944621626068,
       39.99015597453056
      ]
     ]
    ]
   },
   "properties": {
    "building": "apartments",
    "name": "中关村79区"
   }
  },
  {
   "type": "Feature",
   "geometry": {
    "type": "Polygon",
    "coordinates": [
     [
      [
       116.30952330847008,
       39.99425925284884
      ],
      [
       116.3101529759104,
       39.99425925284884
      ],
      [
       116.3101529759104,
       39.99467341642613
      ],
      [
       116.30952330847008,
       39.99467341642613
      ],
      [
       116.30952330847008,
       39.99425925284884
      ]
     ]
    ]
   },
   "properties": {
    "building": "apartments",
    "name": "中关村80区"
   }
  },
  {
   "type": "Feature",
   "geometry": {
    "type": "Polygon",
    "coordinates": [
     [
      [
       116.30950235519512,
       39.995649714245076
      ],
      [
       116.31017392918537,
       39.995649714245076
      ],
      [
       116.31017392918537,
       39.99598091612107
      ],
      [
       116.30950235519512,
       39.99598091612107
      ],
      [
       116.30950235519512,
       39.995649714245076
      ]
     ]
    ]
   },
   "properties": {
    "building": "apartments",
    "name": "中关村81区"
   }
  },
  {
   "type": "Feature",
   "geometry": {
    "type": "Polygon",
    "coordinates": [
     [
      [
       116.31117917608135,
       39.974000022623855
      ],
      [
       116.3120181699047,
       39.974000022623855
      ],
      [
       116.3120181699047,
       39.97446323028351
      ],
      [
       116.31117917608135,
       39.97446323028351
      ],
      [
       116.31117917608135,
       39.974000022623855
      ]
     ]
    ]
   },
   "properties": {
    "building": "apartments",
    "name": "中关村82区"
   }
  },
  {
   "type": "Feature",
   "geometry": {
    "type": "Polygon",
    "coordinates": [
     [
      [
       116.31114982575282,
       39.97531445934489
      ],
      [
       116.31204752023324,
       39.97531445934489
      ],
      [
       116.31204752023324,
       39.97584675465365
      ],
      [
       116.31114982575282,
       39.97584675465365
      ],
      [
       116.31114982575282,
       39.97531445934489
      ]
     ]
    ]
   },
   "properties": {
    "building": "apartments",
    "name": "中关村83区"
   }
  },
  {
   "type": "Feature",
   "geometry": {
    "type": "Polygon",
    "coordinates": [
     [
      [
       116.31113755990668,
       39.976727436416525
      ],
      [
       116.31205978607937,
       39.976727436416525
      ],
      [
       116.31205978607937,
       39.97713173867319
      ],
      [
       116.31113755990668,
       39.97713173867319
      ],
      [
       116.31113755990668,
       39.976727436416525
      ]
     ]
    ]
   },
   "properties": {
    "building": "apartments",
    "name": "中关村84区"
   }
  },
  {
   "type": "Feature",
   "geometry": {
    "type": "Polygon",
    "coordinates": [
     [
      [
       116.31113098127388,
       39.97802760772142
      ],
      [
       116.31206636471218,
       39.97802760772142
      ],
      [
       116.31206636471218,
       39.97852952845946
      ],
      [
       116.31113098127388,
       39.97852952845946
      ],
      [
       116.31113098127388,
       39.97802760772142
      ]
     ]
    ]
   },
   "properties": {
    "building": "apartments",
    "name": "中关村85区"
   }
  },
  {
   "type": "Feature",
   "geometry": {
    "type": "Polygon",
    "coordinates": [
     [
      [
       116.3112292804473,
       39.97941220580636
      ],
      [
       116.31196806553876,
       39.97941220580636
      ],
      [
       116.31196806553876,
       39.979842891465694
      ],
      [
       116.3112292804473,
       39.979842891465694
      ],
      [
       116.3112292804473,
       39.97941220580636
      ]
     ]
    ]
   },
   "properties": {
    "building": "apartments",
    "name": "中关村86区"
   }
  },
  {
   "type": "Feature",
   "geometry": {
    "type": "Polygon",
    "coordinates": [
     [
      [
       116.31127078974114,
       39.98078334105172
      ],
      [
       116.31192655624491,
       39.98078334105172
      ],
      [
       116.31192655624491,
       39.981169717311516
      ],
      [
       116.31127078974114,
       39.981169717311516
      ],
      [
       116.31127078974114,
       39.98078334105172
      ]
     ]
    ]
   },
   "properties": {
    "building": "apartments",
    "name": "中关村87区"
   }
  },
  {
   "type": "Feature",
   "geometry": {
    "type": "Polygon",
    "coordinates": [
     [
      [
       116.3112077089398,
       39.9834675950916
      ],
      [
       116.31198963704625,
       39.9834675950916
      ],
      [
       116.31198963704625,
       39.983881385453984
      ],
      [
       116.3112077089398,
       39.983881385453984
      ],
      [
       116.3112077089398,
       39.9834675950916
      ]
     ]
    ]
   },
   "properties": {
    "building": "apartments",
    "name": "中关村88区"
   }
  },
  {
   "type": "Feature",
   "geometry": {
    "type": "Polygon",
    "coordinates": [
     [
      [
       116.31124688996807,
       39.98479595096435
      ],
      [
       116.31195045601798,
       39.98479595096435
      ],
      [
       116.31195045601798,
       39.985250990672405
      ],
      [
       116.31124688996807,
       39.985250990672405
      ],
      [
       116.31124688996807,
       39.98479595096435
      ]
     ]
    ]
   },
   "properties": {
    "building": "apartments",
    "name": "中关村89区"
   }
  },
  {
   "type": "Feature",
   "geometry": {
    "type": "Polygon",
    "coordinates": [
     [
      [
       116.31129393260049,
       39.986104332122636
      ],
      [
       116.31190341338556,
       39.986104332122636
      ],
      [
       116.31190341338556,
       39.986640570605296
      ],
      [
       116.31129393260049,
       39.986640570605296
      ],
      [
       116.31129393260049,
       39.986104332122636
      ]
     ]
    ]
   },
   "properties": {
    "building": "apartments",
    "name": "中关村90区"
   }
  },
  {
   "type": "Feature",
   "geometry": {
    "type": "Polygon",
    "coordinates": [
     [
      [
       116.31125849778441,
       39.9902575616289
      ],
      [
       116.31193884820165,
       39.9902575616289
      ],
      [
       116.31193884820165,
       39.99058122437255
      ],
      [
       116.31125849778441,
       39.99058122437255
      ],
      [
       116.31125849778441,
       39.9902575616289
      ]
     ]
    ]
   },
   "properties": {
    "building": "apartments",
    "name": "中关村91区"
   }
  },
  {
   "type": "Feature",
   "geometry": {
    "type": "Polygon",
    "coordinates": [
     [
      [
       116.31128244253728,
       39.99426148585085
      ],
      [
       116.31191490344878,
       39.99426148585085
      ],
      [
       116.31191490344878,
       39.994671183424124
      ],
      [
       116.31128244253728,
       39.994671183424124
      ],
      [
       116.31128244253728,
       39.99426148585085
      ]
     ]
    ]
   },
   "properties": {
    "building": "apartments",
    "name": "中关村92区"
   }
  },
  {
   "type": "Feature",
   "geometry": {
    "type": "Polygon",
    "coordinates": [
     [
      [
       116.31303948530812,
       39.971272955591935
      ],
      [
       116.31367892228351,
       39.971272955591935
      ],
      [
       116.31367892228351,
       39.97179437513308
      ],
      [
       116.31303948530812,
       39.97179437513308
      ],
      [
       116.31303948530812,
       39.971272955591935
      ]
     ]
    ]
   },
   "properties": {
    "building": "apartments",
    "name": "中关村93区"
   }
  },
  {
   "type": "Feature",
   "geometry": {
    "type": "Polygon",
    "coordinates": [
     [
      [
       116.3129424713464,
       39.97271520794628
      ],
      [
       116.31377593624524,
       39.97271520794628
      ],
      [
       116.31377593624524,
       39.97305008386991
      ],
      [
       116.3129424713464,
       39.97305008386991
      ],
      [
       116.3129424713464,
       39.97271520794628
      ]
     ]
    ]
   },
   "properties": {
    "building": "apartments",
    "name": "中关村94区"
   }
  },
  {
   "type": "Feature",
   "geometry": {
    "type": "Polygon",
    "coordinates": [
     [
      [
       116.31294462128466,
       39.974026433355554
      ],
      [
       116.31377378630698,
       39.974026433355554
      ],
      [
       116.31377378630698,
       39.97443681955181
      ],
      [
       116.31294462128466,
       39.97443681955181
      ],
      [
       116.31294462128466,
       39.974026433355554
      ]
     ]
    ]
   },
   "properties": {
    "building": "apartments",
    "name": "中关村95区"
   }
  },
  {
   "type": "Feature",
   "geometry": {
    "type": "Polygon",
    "coordinates": [
     [
      [
       116.3129005826387,
       39.97535190538967
      ],
      [
       116.31381782495293,
       39.97535190538967
      ],
      [
       116.31381782495293,
       39.975809308608866
      ],
      [
       116.3129005826387,
       39.975809308608866
      ],
      [
       116.3129005826387,
       39.97535190538967
      ]
     ]
    ]
   },
   "properties": {
    "building": "apartments",
    "name": "中关村96区"
   }
  },
  {
   "type": "Feature",
   "geometry": {
    "type": "Polygon",
    "coordinates": [
     [
      [
       116.31291504030649,
       39.9781136976515
      ],
      [
       116.31380336728515,
       39.9781136976515
      ],
      [
       116.31380336728515,
       39.97844343852938
      ],
      [
       116.31291504030649,
       39.97844343852938
      ],
      [
       116.31291504030649,
       39.9781136976515
      ]
     ]
    ]
   },
   "properties": {
    "building": "apartments",
    "name": "中关村97区"
   }
  },
  {
   "type": "Feature",
   "geometry": {
    "type": "Polygon",
    "coordinates": [
     [
      [
       116.31300607328028,
       39.980756975389944
      ],
      [
       116.31371233431136,
       39.980756975389944
      ],
      [
       116.31371233431136,
       39.98119608297329
      ],
      [
       116.31300607328028,
       39.98119608297329
      ],
      [
       116.31300607328028,
       39.980756975389944
      ]
     ]
    ]
   },
   "properties": {
    "building": "apartments",
    "name": "中关村98区"
   }
  },
  {
   "type": "Feature",
   "geometry": {
    "type": "Polygon",
    "coordinates": [
     [
      [
       116.31304303157128,
       39.983457876032475
      ],
      [
       116.31367537602036,
       39.983457876032475
      ],
      [
       116.31367537602036,
       39.983891104513106
      ],
      [
       116.31304303157128,
       39.983891104513106
      ],
      [
       116.31304303157128,
       39.983457876032475
      ]
     ]
    ]
   },
   "properties": {
    "building": "apartments",
    "name": "中关村99区"
   }
  },
  {
   "type": "Feature",
   "geometry": {
    "type": "Polygon",
    "coordinates": [
     [
      [
       116.31304651272778,
       39.98484794044775
      ],
      [
       116.31367189486384,
       39.98484794044775
      ],
      [
       116.31367189486384,
       39.985199001189
      ],
      [
       116.31304651272778,
       39.985199001189
      ],
      [
       116.31304651272778,
       39.98484794044775
      ]
     ]
    ]
   },
   "properties": {
    "building": "apartments",
    "name": "中关村100区"
   }
  },
  {
   "type": "Feature",
   "geometry": {
    "type": "Polygon",
    "coordinates": [
     [
      [
       116.31303026007366,
       39.986179997660024
      ],
      [
       116.31368814751798,
       39.986179997660024
      ],
      [
       116.31368814751798,
       39.98656490506791
      ],
      [
       116.31303026007366,
       39.98656490506791
      ],
      [
       116.31303026007366,
       39.986179997660024
      ]
     ]
    ]
   },
   "properties": {
    "building": "apartments",
    "name": "中关村101区"
   }
  },
  {
   "type": "Feature",
   "geometry": {
    "type": "Polygon",
    "coordinates": [
     [
      [
       116.3129320699881,
       39.98753145488548
      ],
      [
       116.31378633760355,
       39.98753145488548
      ],
      [
       116.31378633760355,
       39.98791140893362
      ],
      [
       116.3129320699881,
       39.98791140893362
      ],
      [
       116.3129320699881,
       39.98753145488548
      ]
     ]
    ]
   },
   "properties": {
    "building": "apartments",
    "name": "中关村102区"
   }
  },
  {
   "type": "Feature",
   "geometry": {
    "type": "Polygon",
    "coordinates": [
     [
      [
       116.31303446217275,
       39.9888740232558
      ],
      [
       116.31368394541889,
       39.9888740232558
      ],
      [
       116.31368394541889,
       39.989266801654466
      ],
      [
       116.31303446217275,
       39.989266801654466
      ],
      [
       116.31303446217275,
       39.9888740232558
      ]
     ]
    ]
   },
   "properties": {
    "building": "apartments",
    "name": "中关村103区"
   }
  },
  {
   "type": "Feature",
   "geometry": {
    "type": "Polygon",
    "coordinates": [
     [
      [
       116.31302168972037,
       39.99026028680258
      ],
      [
       116.31369671787127,
       39.99026028680258
      ],
      [
       116.31369671787127,
       39.99057849919887
      ],
      [
       116.31302168972037,
       39.99057849919887
      ],
      [
       116.31302168972037,
       39.99026028680258
      ]
     ]
    ]
   },
   "properties": {
    "building": "apartments",
    "name": "中关村104区"
   }
  },
  {
   "type": "Feature",
   "geometry": {
    "type": "Polygon",
    "coordinates": [
     [
      [
       116.31303242759557,
       39.99425558333507
      ],
      [
       116.31368597999607,
       39.99425558333507
      ],
      [
       116.31368597999607,
       39.9946770859399
      ],
      [
       116.31303242759557,
       39.9946770859399
      ],
      [
       116.31303242759557,
       39.99425558333507
      ]
     ]
    ]
   },
   "properties": {
    "building": "apartments",
    "name": "中关村105区"
   }
  },
  {
   "type": "Feature",
   "geometry": {
    "type": "Polygon",
    "coordinates": [
     [
      [
       116.31468213938493,
       39.96997872049032
      ],
      [
       116.31555732981228,
       39.96997872049032
      ],
      [
       116.31555732981228,
       39.97039064914353
      ],
      [
       116.31468213938493,
       39.97039064914353
      ],
      [
       116.31468213938493,
       39.96997872049032
      ]
     ]
    ]
   },
   "properties": {
    "building": "apartments",
    "name": "中关村106区"
   }
  },
  {
   "type": "Feature",
   "geometry": {
    "type": "Polygon",
    "coordinates": [
     [
      [
       116.31467937644433,
       39.9713320955098
      ],
      [
       116.31556009275288,
       39.9713320955098
      ],
      [
       116.31556009275288,
       39.97173523521522
      ],
      [
       116.31467937644433,
       39.97173523521522
      ],
      [
       116.31467937644433,
       39.9713320955098
      ]
     ]
    ]
   },
   "properties": {
    "building": "apartments",
    "name": "中关村107区"
   }
  },
  {
   "type": "Feature",
   "geometry": {
    "type": "Polygon",
    "coordinates": [
     [
      [
       116.31470523374713,
       39.9753127848376
      ],
      [
       116.31553423545007,
       39.9753127848376
      ],
      [
       116.31553423545007,
       39.97584842916094
      ],
      [
       116.31470523374713,
       39.97584842916094
      ],
      [
       116.31470523374713,
       39.9753127848376
      ]
     ]
    ]
   },
   "properties": {
    "building": "apartments",
    "name": "中关村108区"
   }
  },
  {
   "type": "Feature",
   "geometry": {
    "type": "Polygon",
    "coordinates": [
     [
      [
       116.31467978618852,
       39.97669275991305
      ],
      [
       116.31555968300869,
       39.97669275991305
      ],
      [
       116.31555968300869,
       39.97716641517667
      ],
      [
       116.31467978618852,
       39.97716641517667
      ],
      [
       116.31467978618852,
       39.97669275991305
      ]
     ]
    ]
   },
   "properties": {
    "building": "apartments",
    "name": "中关村109区"
   }
  },
  {
   "type": "Feature",
   "geometry": {
    "type": "Polygon",
    "coordinates": [
     [
      [
       116.31476512516628,
       39.979464053482545
      ],
      [
       116.31547434403095,
       39.979464053482545
      ],
      [
       116.31547434403095,
       39.97979104378952
      ],
      [
       116.31476512516628,
       39.97979104378952
      ],
      [
       116.31476512516628,
       39.979464053482545
      ]
     ]
    ]
   },
   "properties": {
    "building": "apartments",
    "name": "中关村110区"
   }
  },
  {
   "type": "Feature",
   "geometry": {
    "type": "Polygon",
    "coordinates": [
     [
      [
       116.31481386182861,
       39.98073586102507
      ],
      [
       116.3154256073686,
       39.98073586102507
      ],
      [
       116.3154256073686,
       39.98121719733817
      ],
      [
       116.31481386182861,
       39.98121719733817
      ],
      [
       116.31481386182861,
       39.98073586102507
      ]
     ]
    ]
   },
   "properties": {
    "building": "apartments",
    "name": "中关村111区"
   }
  },
  {
   "type": "Feature",
   "geometry": {
    "type": "Polygon",
    "coordinates": [
     [
      [
       116.3147975727454,
       39.98215863129275
      ],
      [
       116.31544189645182,
       39.98215863129275
      ],
      [
       116.31544189645182,
       39.98249238816166
      ],
      [
       116.3147975727454,
       39.98249238816166
      ],
      [
       116.3147975727454,
       39.98215863129275
      ]
     ]
    ]
   },
   "properties": {
    "building": "apartments",
    "name": "中关村112区"
   }
  },
  {
   "type": "Feature",
   "geometry": {
    "type": "Polygon",
    "coordinates": [
     [
      [
       116.31478367046503,
       39.98753110666213
      ],
      [
       116.31545579873219,
       39.98753110666213
      ],
      [
       116.31545579873219,
       39.98791175715697
      ],
      [
       116.31478367046503,
       39.98791175715697
      ],
      [
       116.31478367046503,
       39.98753110666213
      ]
     ]
    ]
   },
   "properties": {
    "building": "apartments",
    "name": "中关村113区"
   }
  },
  {
   "type": "Feature",
   "geometry": {
    "type": "Polygon",
    "coordinates": [
     [
      [
       116.31479857863884,
       39.988862913997885
      ],
      [
       116.31544089055838,
       39.988862913997885
      ],
      [
       116.31544089055838,
       39.98927791091239
      ],
      [
       116.31479857863884,
       39.98927791091239
      ],
      [
       116.31479857863884,
       39.988862913997885
      ]
     ]
    ]
   },
   "properties": {
    "building": "apartments",
    "name": "中关村114区"
   }
  },
  {
   "type": "Feature",
   "geometry": {
    "type": "Polygon",
    "coordinates": [
     [
      [
       116.31465698731637,
       39.99015267447854
      ],
      [
       116.31558248188084,
       39.99015267447854
      ],
      [
       116.31558248188084,
       39.99068611152291
      ],
      [
       116.31465698731637,
       39.99068611152291
      ],
      [
       116.31465698731637,
       39.99015267447854
      ]
     ]
    ]
   },
   "properties": {
    "building": "apartments",
    "name": "中关村115区"
   }
  },
  {
   "type": "Feature",
   "geometry": {
    "type": "Polygon",
    "coordinates": [
     [
      [
       116.31478327723993,
       39.992851417554384
      ],
      [
       116.3154561919573,
       39.992851417554384
      ],
      [
       116.3154561919573,
       39.99338329062941
      ],
      [
       116.31478327723993,
       39.99338329062941
      ],
      [
       116.31478327723993,
       39.992851417554384
      ]
     ]
    ]
   },
   "properties": {
    "building": "apartments",
    "name": "中关村116区"
   }
  },
  {
   "type": "Feature",
   "geometry": {
    "type": "Polygon",
    "coordinates": [
     [
      [
       116.31476353510118,
       39.99430883341171
      ],
      [
       116.31547593409604,
       39.99430883341171
      ],
      [
       116.31547593409604,
       39.99462383586326
      ],
      [
       116.31476353510118,
       39.99462383586326
      ],
      [
       116.31476353510118,
       39.99430883341171
      ]
     ]
    ]
   },
   "properties": {
    "building": "apartments",
    "name": "中关村117区"
   }
  },
  {
   "type": "Feature",
   "geometry": {
    "type": "Polygon",
    "coordinates": [
     [
      [
       116.31474275032551,
       39.995601415880785
      ],
      [
       116.31549671887171,
       39.995601415880785
      ],
      [
       116.31549671887171,
       39.99602921448536
      ],
      [
       116.31474275032551,
       39.99602921448536
      ],
      [
       116.31474275032551,
       39.995601415880785
      ]
     ]
    ]
   },
   "properties": {
    "building": "apartments",
    "name": "中关村118区"
   }
  },
  {
   "type": "Feature",
   "geometry": {
    "type": "Polygon",
    "coordinates": [
     [
      [
       116.31649798333687,
       39.97002674723905
      ],
      [
       116.31726254746593,
       39.97002674723905
      ],
      [
       116.31726254746593,
       39.970342622394796
      ],
      [
       116.31649798333687,
       39.970342622394796
      ],
      [
       116.31649798333687,
       39.97002674723905
      ]
     ]
    ]
   },
   "properties": {
    "building": "apartments",
    "name": "中关村119区"
   }
  },
  {
   "type": "Feature",
   "geometry": {
    "type": "Polygon",
    "coordinates": [
     [
      [
       116.31657104223876,
       39.97133137323249
      ],
      [
       116.31718948856403,
       39.97133137323249
      ],
      [
       116.31718948856403,
       39.971735957492534
      ],
      [
       116.31657104223876,
       39.971735957492534
      ],
      [
       116.31657104223876,
       39.97133137323249
      ]
     ]
    ]
   },
   "properties": {
    "building": "apartments",
    "name": "中关村120区"
   }
  },
  {
   "type": "Feature",
   "geometry": {
    "type": "Polygon",
    "coordinates": [
     [
      [
       116.31658288343706,
       39.972691063178374
      ],
      [
       116.31717764736572,
       39.972691063178374
      ],
      [
       116.31717764736572,
       39.97307422863782
      ],
      [
       116.31658288343706,
       39.97307422863782
      ],
      [
       116.31658288343706,
       39.972691063178374
      ]
     ]
    ]
   },
   "properties": {
    "building": "apartments",
    "name": "中关村121区"
   }
  },
  {
   "type": "Feature",
   "geometry": {
    "type": "Polygon",
    "coordinates": [
     [
      [
       116.31648374986,
       39.9740147565229
      ],
      [
       116.3172767809428,
       39.9740147565229
      ],
      [
       116.3172767809428,
       39.97444849638447
      ],
      [
       116.31648374986,
       39.97444849638447
      ],
      [
       116.31648374986,
       39.9740147565229
      ]
     ]
    ]
   },
   "properties": {
    "building": "apartments",
    "name": "中关村122区"
   }
  },
  {
   "type": "Feature",
   "geometry": {
    "type": "Polygon",
    "coordinates": [
     [
      [
       116.31652942657288,
       39.980708449753095
      ],
      [
       116.31723110422992,
       39.980708449753095
      ],
      [
       116.31723110422992,
       39.98124460861014
      ],
      [
       116.31652942657288,
       39.98124460861014
      ],
      [
       116.31652942657288,
       39.980708449753095
      ]
     ]
    ]
   },
   "properties": {
    "building": "apartments",
    "name": "中关村123区"
   }
  },
  {
   "type": "Feature",
   "geometry": {
    "type": "Polygon",
    "coordinates": [
     [
      [
       116.31645935374642,
       39.98209582111987
      ],
      [
       116.31730117705636,
       39.98209582111987
      ],
      [
       116.31730117705636,
       39.98255519833454
      ],
      [
       116.31645935374642,
       39.98255519833454
      ],
      [
       116.31645935374642,
       39.98209582111987
      ]
     ]
    ]
   },
   "properties": {
    "building": "apartments",
    "name": "中关村124区"
   }
  },
  {
   "type": "Feature",
   "geometry": {
    "type": "Polygon",
    "coordinates": [
     [
      [
       116.31649463451767,
       39.98885633249683
      ],
      [
       116.31726589628512,
       39.98885633249683
      ],
      [
       116.31726589628512,
       39.98928449241345
      ],
      [
       116.31649463451767,
       39.98928449241345
      ],
      [
       116.31649463451767,
       39.98885633249683
      ]
     ]
    ]
   },
   "properties": {
    "building": "apartments",
    "name": "中关村125区"
   }
  },
  {
   "type": "Feature",
   "geometry": {
    "type": "Polygon",
    "coordinates": [
     [
      [
       116.31834188849709,
       39.97405928371214
      ],
      [
       116.31893970391128,
       39.97405928371214
      ],
      [
       116.31893970391128,
       39.97440396919523
      ],
      [
       116.31834188849709,
       39.97440396919523
      ],
      [
       116.31834188849709,
       39.97405928371214
      ]
     ]
    ]
   },
   "properties": {
    "building": "apartments",
    "name": "中关村126区"
   }
  },
  {
   "type": "Feature",
   "geometry": {
    "type": "Polygon",
    "coordinates": [
     [
      [
       116.31832890353581,
       39.97532926705744
      ],
      [
       116.31895268887256,
       39.97532926705744
      ],
      [
       116.31895268887256,
       39.9758319469411
      ],
      [
       116.31832890353581,
       39.9758319469411
      ],
      [
       116.31832890353581,
       39.97532926705744
      ]
     ]
    ]
   },
   "properties": {
    "building": "apartments",
    "name": "中关村127区"
   }
  },
  {
   "type": "Feature",
   "geometry": {
    "type": "Polygon",
    "coordinates": [
     [
      [
       116.31823685407056,
       39.97670180920535
      ],
      [
       116.31904473833781,
       39.97670180920535
      ],
      [
       116.31904473833781,
       39.97715736588436
      ],
      [
       116.31823685407056,
       39.97715736588436
      ],
      [
       116.31823685407056,
       39.97670180920535
      ]
     ]
    ]
   },
   "properties": {
    "building": "apartments",
    "name": "中关村128区"
   }
  },
  {
   "type": "Feature",
   "geometry": {
    "type": "Polygon",
    "coordinates": [
     [
      [
       116.31834679090622,
       39.97938049436579
      ],
      [
       116.31893480150215,
       39.97938049436579
      ],
      [
       116.31893480150215,
       39.979874602906264
      ],
      [
       116.31834679090622,
       39.979874602906264
      ],
      [
       116.31834679090622,
       39.97938049436579
      ]
     ]
    ]
   },
   "properties": {
    "building": "apartments",
    "name": "中关村129区"
   }
  },
  {
   "type": "Feature",
   "geometry": {
    "type": "Polygon",
    "coordinates": [
     [
      [
       116.31825315082786,
       39.982094013481486
      ],
      [
       116.31902844158051,
       39.982094013481486
      ],
      [
       116.31902844158051,
       39.98255700597292
      ],
      [
       116.31825315082786,
       39.98255700597292
      ],
      [
       116.31825315082786,
       39.982094013481486
      ]
     ]
    ]
   },
   "properties": {
    "building": "apartments",
    "name": "中关村130区"
   }
  },
  {
   "type": "Feature",
   "geometry": {
    "type": "Polygon",
    "coordinates": [
     [
      [
       116.31821766054897,
       39.98348875886183
      ],
      [
       116.3190639318594,
       39.98348875886183
      ],
      [
       116.3190639318594,
       39.98386022168375
      ],
      [
       116.31821766054897,
       39.98386022168375
      ],
      [
       116.31821766054897,
       39.98348875886183
      ]
     ]
    ]
   },
   "properties": {
    "building": "apartments",
    "name": "中关村131区"
   }
  },
  {
   "type": "Feature",
   "geometry": {
    "type": "Polygon",
    "coordinates": [
     [
      [
       116.3183006220607,
       39.98478410152327
      ],
      [
       116.31898097034767,
       39.98478410152327
      ],
      [
       116.31898097034767,
       39.98526284011349
      ],
      [
       116.3183006220607,
       39.98526284011349
      ],
      [
       116.3183006220607,
       39.98478410152327
      ]
     ]
    ]
   },
   "properties": {
    "building": "apartments",
    "name": "中关村132区"
   }
  },
  {
   "type": "Feature",
   "geometry": {
    "type": "Polygon",
    "coordinates": [
     [
      [
       116.31821712530132,
       39.98610538299535
      ],
      [
       116.31906446710705,
       39.98610538299535
      ],
      [
       116.31906446710705,
       39.986639519732584
      ],
      [
       116.31821712530132,
       39.986639519732584
      ],
      [
       116.31821712530132,
       39.98610538299535
      ]
     ]
    ]
   },
   "properties": {
    "building": "apartments",
    "name": "中关村133区"
   }
  },
  {
   "type": "Feature",
   "geometry": {
    "type": "Polygon",
    "coordinates": [
     [
      [
       116.31828002345331,
       39.98751020289652
      ],
      [
       116.31900156895506,
       39.98751020289652
      ],
      [
       116.31900156895506,
       39.987932660922574
      ],
      [
       116.31828002345331,
       39.987932660922574
      ],
      [
       116.31828002345331,
       39.98751020289652
      ]
     ]
    ]
   },
   "properties": {
    "building": "apartments",
    "name": "中关村134区"
   }
  },
  {
   "type": "Feature",
   "geometry": {
    "type": "Polygon",
    "coordinates": [
     [
      [
       116.31832141976552,
       39.995629387411114
      ],
      [
       116.31896017264285,
       39.995629387411114
      ],
      [
       116.31896017264285,
       39.99600124295503
      ],
      [
       116.31832141976552,
       39.99600124295503
      ],
      [
       116.31832141976552,
       39.995629387411114
      ]
     ]
    ]
   },
   "properties": {
    "building": "apartments",
    "name": "中关村135区"
   }
  },
  {
   "type": "Feature",
   "geometry": {
    "type": "Polygon",
    "coordinates": [
     [
      [
       116.32000794901073,
       39.97137488257167
      ],
      [
       116.32079470500321,
       39.97137488257167
      ],
      [
       116.32079470500321,
       39.97169244815334
      ],
      [
       116.32000794901073,
       39.97169244815334
      ],
      [
       116.32000794901073,
       39.97137488257167
      ]
     ]
    ]
   },
   "properties": {
    "building": "apartments",
    "name": "中关村136区"
   }
  },
  {
   "type": "Feature",
   "geometry": {
    "type": "Polygon",
    "coordinates": [
     [
      [
       116.3200605869332,
       39.972649721756426
      ],
      [
       116.32074206708076,
       39.972649721756426
      ],
      [
       116.32074206708076,
       39.97311557005977
      ],
      [
       116.3200605869332,
       39.97311557005977
      ],
      [
       116.3200605869332,
       39.972649721756426
      ]
     ]
    ]
   },
   "properties": {
    "building": "apartments",
    "name": "中关村137区"
   }
  },
  {
   "type": "Feature",
   "geometry": {
    "type": "Polygon",
    "coordinates": [
     [
      [
       116.3200169675065,
       39.976719971385414
      ],
      [
       116.32078568650745,
       39.976719971385414
      ],
      [
       116.32078568650745,
       39.9771392037043
      ],
      [
       116.3200169675065,
       39.9771392037043
      ],
      [
       116.3200169675065,
       39.976719971385414
      ]
     ]
    ]
   },
   "properties": {
    "building": "apartments",
    "name": "中关村138区"
   }
  },
  {
   "type": "Feature",
   "geometry": {
    "type": "Polygon",
    "coordinates": [
     [
      [
       116.32008704241251,
       39.97802072586831
      ],
      [
       116.32071561160144,
       39.97802072586831
      ],
      [
       116.32071561160144,
       39.97853641031257
      ],
      [
       116.32008704241251,
       39.97853641031257
      ],
      [
       116.32008704241251,
       39.97802072586831
      ]
     ]
    ]
   },
   "properties": {
    "building": "apartments",
    "name": "中关村139区"
   }
  },
  {
   "type": "Feature",
   "geometry": {
    "type": "Polygon",
    "coordinates": [
     [
      [
       116.32002710197936,
       39.98072697928156
      ],
      [
       116.32077555203458,
       39.98072697928156
      ],
      [
       116.32077555203458,
       39.98122607908167
      ],
      [
       116.32002710197936,
       39.98122607908167
      ],
      [
       116.32002710197936,
       39.98072697928156
      ]
     ]
    ]
   },
   "properties": {
    "building": "apartments",
    "name": "中关村140区"
   }
  },
  {
   "type": "Feature",
   "geometry": {
    "type": "Polygon",
    "coordinates": [
     [
      [
       116.32006060727184,
       39.98349352034851
      ],
      [
       116.32074204674211,
       39.98349352034851
      ],
      [
       116.32074204674211,
       39.98385546019707
      ],
      [
       116.32006060727184,
       39.98385546019707
      ],
      [
       116.32006060727184,
       39.98349352034851
      ]
     ]
    ]
   },
   "properties": {
    "building": "apartments",
    "name": "中关村141区"
   }
  },
  {
   "type": "Feature",
   "geometry": {
    "type": "Polygon",
    "coordinates": [
     [
      [
       116.32000553520507,
       39.986199136515566
      ],
      [
       116.32079711880887,
       39.986199136515566
      ],
      [
       116.32079711880887,
       39.98654576621236
      ],
      [
       116.32000553520507,
       39.98654576621236
      ],
      [
       116.32000553520507,
       39.986199136515566
      ]
     ]
    ]
   },
   "properties": {
    "building": "apartments",
    "name": "中关村142区"
   }
  },
  {
   "type": "Feature",
   "geometry": {
    "type": "Polygon",
    "coordinates": [
     [
      [
       116.31994017233554,
       39.9875491440406
      ],
      [
       116.32086248167842,
       39.9875491440406
      ],
      [
       116.32086248167842,
       39.9878937197785
      ],
      [
       116.31994017233554,
       39.9878937197785
      ],
      [
       116.31994017233554,
       39.9875491440406
      ]
     ]
    ]
   },
   "properties": {
    "building": "apartments",
    "name": "中关村143区"
   }
  },
  {
   "type": "Feature",
   "geometry": {
    "type": "Polygon",
    "coordinates": [
     [
      [
       116.31995177039153,
       39.99018294627188
      ],
      [
       116.32085088362243,
       39.99018294627188
      ],
      [
       116.32085088362243,
       39.99065583972957
      ],
      [
       116.31995177039153,
       39.99065583972957
      ],
      [
       116.31995177039153,
       39.99018294627188
      ]
     ]
    ]
   },
   "properties": {
    "building": "apartments",
    "name": "中关村144区"
   }
  },
  {
   "type": "Feature",
   "geometry": {
    "type": "Polygon",
    "coordinates": [
     [
      [
       116.31994986135362,
       39.99290532350425
      ],
      [
       116.32085279266033,
       39.99290532350425
      ],
      [
       116.32085279266033,
       39.99332938467955
      ],
      [
       116.31994986135362,
       39.99332938467955
      ],
      [
       116.31994986135362,
       39.99290532350425
      ]
     ]
    ]
   },
   "properties": {
    "building": "apartments",
    "name": "中关村145区"
   }
  },
  {
   "type": "Feature",
   "geometry": {
    "type": "Polygon",
    "coordinates": [
     [
      [
       116.32010727309292,
       39.99425367953333
      ],
      [
       116.32069538092104,
       39.99425367953333
      ],
      [
       116.32069538092104,
       39.99467898974164
      ],
      [
       116.32010727309292,
       39.99467898974164
      ],
      [
       116.32010727309292,
       39.99425367953333
      ]
     ]
    ]
   },
   "properties": {
    "building": "apartments",
    "name": "中关村146区"
   }
  },
  {
   "type": "Feature",
   "geometry": {
    "type": "Polygon",
    "coordinates": [
     [
      [
       116.3200547457956,
       39.99564211651086
      ],
      [
       116.32074790821835,
       39.99564211651086
      ],
      [
       116.32074790821835,
       39.99598851385529
      ],
      [
       116.3200547457956,
       39.99598851385529
      ],
      [
       116.3200547457956,
       39.99564211651086
      ]
     ]
    ]
   },
   "properties": {
    "building": "apartments",
    "name": "中关村147区"
   }
  },
  {
   "type": "Feature",
   "geometry": {
    "type": "Polygon",
    "coordinates": [
     [
      [
       116.32181278949581,
       39.96993284914342
      ],
      [
       116.32251092612373,
       39.96993284914342
      ],
      [
       116.32251092612373,
       39.97043652049042
      ],
      [
       116.32181278949581,
       39.97043652049042
      ],
      [
       116.32181278949581,
       39.96993284914342
      ]
     ]
    ]
   },
   "properties": {
    "building": "apartments",
    "name": "中关村148区"
   }
  },
  {
   "type": "Feature",
   "geometry": {
    "type": "Polygon",
    "coordinates": [
     [
      [
       116.32173626696888,
       39.971281955620725
      ],
      [
       116.32258744865065,
       39.971281955620725
      ],
      [
       116.32258744865065,
       39.97178537510429
      ],
      [
       116.32173626696888,
       39.97178537510429
      ],
      [
       116.32173626696888,
       39.971281955620725
      ]
     ]
    ]
   },
   "properties": {
    "building": "apartments",
    "name": "中关村149区"
   }
  },
  {
   "type": "Feature",
   "geometry": {
    "type": "Polygon",
    "coordinates": [
     [
      [
       116.32170534063646,
       39.97534307135905
      ],
      [
       116.32261837498308,
       39.97534307135905
      ],
      [
       116.32261837498308,
       39.97581814263949
      ],
      [
       116.32170534063646,
       39.97581814263949
      ],
      [
       116.32170534063646,
       39.97534307135905
      ]
     ]
    ]
   },
   "properties": {
    "building": "apartments",
    "name": "中关村150区"
   }
  },
  {
   "type": "Feature",
   "geometry": {
    "type": "Polygon",
    "coordinates": [
     [
      [
       116.32180290517977,
       39.9780770192249
      ],
      [
       116.32252081043977,
       39.9780770192249
      ],
      [
       116.32252081043977,
       39.97848011695599
      ],
      [
       116.32180290517977,
       39.97848011695599
      ],
      [
       116.32180290517977,
       39.9780770192249
      ]
     ]
    ]
   },
   "properties": {
    "building": "apartments",
    "name": "中关村151区"
   }
  },
  {
   "type": "Feature",
   "geometry": {
    "type": "Polygon",
    "coordinates": [
     [
      [
       116.3217930760039,
       39.98213719707332
      ],
      [
       116.32253063961564,
       39.98213719707332
      ],
      [
       116.32253063961564,
       39.98251382238109
      ],
      [
       116.3217930760039,
       39.98251382238109
      ],
      [
       116.3217930760039,
       39.98213719707332
      ]
     ]
    ]
   },
   "properties": {
    "building": "apartments",
    "name": "中关村152区"
   }
  },
  {
   "type": "Feature",
   "geometry": {
    "type": "Polygon",
    "coordinates": [
     [
      [
       116.32185052967552,
       39.983423279069214
      ],
      [
       116.32247318594402,
       39.983423279069214
      ],
      [
       116.32247318594402,
       39.983925701476366
      ],
      [
       116.32185052967552,
       39.983925701476366
      ],
      [
       116.32185052967552,
       39.983423279069214
      ]
     ]
    ]
   },
   "properties": {
    "building": "apartments",
    "name": "中关村153区"
   }
  },
  {
   "type": "Feature",
   "geometry": {
    "type": "Polygon",
    "coordinates": [
     [
      [
       116.32170372252759,
       39.98483806190539
      ],
      [
       116.32261999309195,
       39.98483806190539
      ],
      [
       116.32261999309195,
       39.98520887973136
      ],
      [
       116.32170372252759,
       39.98520887973136
      ],
      [
       116.32170372252759,
       39.98483806190539
      ]
     ]
    ]
   },
   "properties": {
    "building": "apartments",
    "name": "中关村154区"
   }
  },
  {
   "type": "Feature",
   "geometry": {
    "type": "Polygon",
    "coordinates": [
     [
      [
       116.32177847940139,
       39.986193728411045
      ],
      [
       116.32254523621815,
       39.986193728411045
      ],
      [
       116.32254523621815,
       39.98655117431689
      ],
      [
       116.32177847940139,
       39.98655117431689
      ],
      [
       116.32177847940139,
       39.986193728411045
      ]
     ]
    ]
   },
   "properties": {
    "building": "apartments",
    "name": "中关村155区"
   }
  },
  {
   "type": "Feature",
   "geometry": {
    "type": "Polygon",
    "coordinates": [
     [
      [
       116.32170010016918,
       39.98746464598086
      ],
      [
       116.32262361545034,
       39.98746464598086
      ],
      [
       116.32262361545034,
       39.98797821783825
      ],
      [
       116.32170010016918,
       39.98797821783825
      ],
      [
       116.32170010016918,
       39.98746464598086
      ]
     ]
    ]
   },
   "properties": {
    "building": "apartments",
    "name": "中关村156区"
   }
  },
  {
   "type": "Feature",
   "geometry": {
    "type": "Polygon",
    "coordinates": [
     [
      [
       116.32174175303976,
       39.99565237226876
      ],
      [
       116.32258196257976,
       39.99565237226876
      ],
      [
       116.32258196257976,
       39.99597825809739
      ],
      [
       116.32174175303976,
       39.99597825809739
      ],
      [
       116.32174175303976,
       39.99565237226876
      ]
     ]
    ]
   },
   "properties": {
    "building": "apartments",
    "name": "中关村157区"
   }
  },
  {
   "type": "Feature",
   "geometry": {
    "type": "Polygon",
    "coordinates": [
     [
      [
       116.32349645729063,
       39.97130383384634
      ],
      [
       116.32434831993447,
       39.97130383384634
      ],
      [
       116.32434831993447,
       39.97176349687867
      ],
      [
       116.32349645729063,
       39.97176349687867
      ],
      [
       116.32349645729063,
       39.97130383384634
      ]
     ]
    ]
   },
   "properties": {
    "building": "apartments",
    "name": "中关村158区"
   }
  },
  {
   "type": "Feature",
   "geometry": {
    "type": "Polygon",
    "coordinates": [
     [
      [
       116.3236203442771,
       39.97262108116062
      ],
      [
       116.324224432948,
       39.97262108116062
      ],
      [
       116.324224432948,
       39.97314421065557
      ],
      [
       116.3236203442771,
       39.97314421065557
      ],
      [
       116.3236203442771,
       39.97262108116062
      ]
     ]
    ]
   },
   "properties": {
    "building": "apartments",
    "name": "中关村159区"
   }
  },
  {
   "type": "Feature",
   "geometry": {
    "type": "Polygon",
    "coordinates": [
     [
      [
       116.32354583734903,
       39.974035612514825
      ],
      [
       116.32429893987607,
       39.974035612514825
      ],
      [
       116.32429893987607,
       39.97442764039254
      ],
      [
       116.32354583734903,
       39.97442764039254
      ],
      [
       116.32354583734903,
       39.974035612514825
      ]
     ]
    ]
   },
   "properties": {
    "building": "apartments",
    "name": "中关村160区"
   }
  },
  {
   "type": "Feature",
   "geometry": {
    "type": "Polygon",
    "coordinates": [
     [
      [
       116.32349885786316,
       39.97531347555656
      ],
      [
       116.32434591936195,
       39.97531347555656
      ],
      [
       116.32434591936195,
       39.97584773844198
      ],
      [
       116.32349885786316,
       39.97584773844198
      ],
      [
       116.32349885786316,
       39.97531347555656
      ]
     ]
    ]
   },
   "properties": {
    "building": "apartments",
    "name": "中关村161区"
   }
  },
  {
   "type": "Feature",
   "geometry": {
    "type": "Polygon",
    "coordinates": [
     [
      [
       116.3235134768143,
       39.97673838795587
      ],
      [
       116.32433130041082,
       39.97673838795587
      ],
      [
       116.32433130041082,
       39.97712078713384
      ],
      [
       116.3235134768143,
       39.97712078713384
      ],
      [
       116.3235134768143,
       39.97673838795587
      ]
     ]
    ]
   },
   "properties": {
    "building": "apartments",
    "name": "中关村162区"
   }
  },
  {
   "type": "Feature",
   "geometry": {
    "type": "Polygon",
    "coordinates": [
     [
      [
       116.32355953715006,
       39.97810237633982
      ],
      [
       116.32428524007504,
       39.97810237633982
      ],
      [
       116.32428524007504,
       39.978454759841064
      ],
      [
       116.32355953715006,
       39.978454759841064
      ],
      [
       116.32355953715006,
       39.97810237633982
      ]
     ]
    ]
   },
   "properties": {
    "building": "apartments",
    "name": "中关村163区"
   }
  },
  {
   "type": "Feature",
   "geometry": {
    "type": "Polygon",
    "coordinates": [
     [
      [
       116.32359237021444,
       39.979368324047876
      ],
      [
       116.32425240701068,
       39.979368324047876
      ],
      [
       116.32425240701068,
       39.97988677322418
      ],
      [
       116.32359237021444,
       39.97988677322418
      ],
      [
       116.32359237021444,
       39.979368324047876
      ]
     ]
    ]
   },
   "properties": {
    "building": "apartments",
    "name": "中关村164区"
   }
  },
  {
   "type": "Feature",
   "geometry": {
    "type": "Polygon",
    "coordinates": [
     [
      [
       116.3235902306887,
       39.980717270927414
      ],
      [
       116.32425454653641,
       39.980717270927414
      ],
      [
       116.32425454653641,
       39.98123578743582
      ],
      [
       116.3235902306887,
       39.98123578743582
      ],
      [
       116.3235902306887,
       39.980717270927414
      ]
     ]
    ]
   },
   "properties": {
    "building": "apartments",
    "name": "中关村165区"
   }
  },
  {
   "type": "Feature",
   "geometry": {
    "type": "Polygon",
    "coordinates": [
     [
      [
       116.32360439049502,
       39.98349547975672
      ],
      [
       116.32424038673008,
       39.98349547975672
      ],
      [
       116.32424038673008,
       39.98385350078886
      ],
      [
       116.32360439049502,
       39.98385350078886
      ],
      [
       116.32360439049502,
       39.98349547975672
      ]
     ]
    ]
   },
   "properties": {
    "building": "apartments",
    "name": "中关村166区"
   }
  },
  {
   "type": "Feature",
   "geometry": {
    "type": "Polygon",
    "coordinates": [
     [
      [
       116.32356876453987,
       39.984855849380374
      ],
      [
       116.32427601268525,
       39.984855849380374
      ],
      [
       116.32427601268525,
       39.98519109225638
      ],
      [
       116.32356876453987,
       39.98519109225638
      ],
      [
       116.32356876453987,
       39.984855849380374
      ]
     ]
    ]
   },
   "properties": {
    "building": "apartments",
    "name": "中关村167区"
   }
  },
  {
   "type": "Feature",
   "geometry": {
    "type": "Polygon",
    "coordinates": [
     [
      [
       116.3235834821664,
       39.986151036695915
      ],
      [
       116.3242612950587,
       39.986151036695915
      ],
      [
       116.3242612950587,
       39.98659386603202
      ],
      [
       116.3235834821664,
       39.98659386603202
      ],
      [
       116.3235834821664,
       39.986151036695915
      ]
     ]
    ]
   },
   "properties": {
    "building": "apartments",
    "name": "中关村168区"
   }
  },
  {
   "type": "Feature",
   "geometry": {
    "type": "Polygon",
    "coordinates": [
     [
      [
       116.32355610133429,
       39.99020308755147
      ],
      [
       116.32428867589081,
       39.99020308755147
      ],
      [
       116.32428867589081,
       39.99063569844998
      ],
      [
       116.32355610133429,
       39.99063569844998
      ],
      [
       116.32355610133429,
       39.99020308755147
      ]
     ]
    ]
   },
   "properties": {
    "building": "apartments",
    "name": "中关村169区"
   }
  },
  {
   "type": "Feature",
   "geometry": {
    "type": "Polygon",
    "coordinates": [
     [
      [
       116.32356942511448,
       39.992952996604714
      ],
      [
       116.32427535211062,
       39.992952996604714
      ],
      [
       116.32427535211062,
       39.99328171157908
      ],
      [
       116.32356942511448,
       39.99328171157908
      ],
      [
       116.32356942511448,
       39.992952996604714
      ]
     ]
    ]
   },
   "properties": {
    "building": "apartments",
    "name": "中关村170区"
   }
  },
  {
   "type": "Feature",
   "geometry": {
    "type": "Polygon",
    "coordinates": [
     [
      [
       116.32345860284087,
       39.99429480346468
      ],
      [
       116.32438617438423,
       39.99429480346468
      ],
      [
       116.32438617438423,
       39.99463786581028
      ],
      [
       116.32345860284087,
       39.99463786581028
      ],
      [
       116.32345860284087,
       39.99429480346468
      ]
     ]
    ]
   },
   "properties": {
    "building": "apartments",
    "name": "中关村171区"
   }
  },
  {
   "type": "Feature",
   "geometry": {
    "type": "Polygon",
    "coordinates": [
     [
      [
       116.32351811905589,
       39.99556093552164
      ],
      [
       116.32432665816923,
       39.99556093552164
      ],
      [
       116.32432665816923,
       39.99606969484451
      ],
      [
       116.32351811905589,
       39.99606969484451
      ],
      [
       116.32351811905589,
       39.99556093552164
      ]
     ]
    ]
   },
   "properties": {
    "building": "apartments",
    "name": "中关村172区"
   }
  },
  {
   "type": "Feature",
   "geometry": {
    "type": "Polygon",
    "coordinates": [
     [
      [
       116.32534178355395,
       39.96999937382493
      ],
      [
       116.32602405527675,
       39.96999937382493
      ],
      [
       116.32602405527675,
       39.97036999580891
      ],
      [
       116.32534178355395,
       39.97036999580891
      ],
      [
       116.32534178355395,
       39.96999937382493
      ]
     ]
    ]
   },
   "properties": {
    "building": "apartments",
    "name": "中关村173区"
   }
  },
  {
   "type": "Feature",
   "geometry": {
    "type": "Polygon",
    "coordinates": [
     [
      [
       116.32531100287153,
       39.97126904668847
      ],
      [
       116.32605483595916,
       39.97126904668847
      ],
      [
       116.32605483595916,
       39.971798284036545
      ],
      [
       116.32531100287153,
       39.971798284036545
      ],
      [
       116.32531100287153,
       39.97126904668847
      ]
     ]
    ]
   },
   "properties": {
    "building": "apartments",
    "name": "中关村174区"
   }
  },
  {
   "type": "Feature",
   "geometry": {
    "type": "Polygon",
    "coordinates": [
     [
      [
       116.32538382104855,
       39.97534346613605
      ],
      [
       116.32598201778214,
       39.97534346613605
      ],
      [
       116.32598201778214,
       39.975817747862486
      ],
      [
       116.32538382104855,
       39.975817747862486
      ],
      [
       116.32538382104855,
       39.97534346613605
      ]
     ]
    ]
   },
   "properties": {
    "building": "apartments",
    "name": "中关村175区"
   }
  },
  {
   "type": "Feature",
   "geometry": {
    "type": "Polygon",
    "coordinates": [
     [
      [
       116.32528612338506,
       39.978121166939594
      ],
      [
       116.32607971544563,
       39.978121166939594
      ],
      [
       116.32607971544563,
       39.978435969241296
      ],
      [
       116.32528612338506,
       39.978435969241296
      ],
      [
       116.32528612338506,
       39.978121166939594
      ]
     ]
    ]
   },
   "properties": {
    "building": "apartments",
    "name": "中关村176区"
   }
  },
  {
   "type": "Feature",
   "geometry": {
    "type": "Polygon",
    "coordinates": [
     [
      [
       116.32522632681845,
       39.97937735892422
      ],
      [
       116.32613951201223,
       39.97937735892422
      ],
      [
       116.32613951201223,
       39.97987773834784
      ],
      [
       116.32522632681845,
       39.97987773834784
      ],
      [
       116.32522632681845,
       39.97937735892422
      ]
     ]
    ]
   },
   "properties": {
    "building": "apartments",
    "name": "中关村177区"
   }
  },
  {
   "type": "Feature",
   "geometry": {
    "type": "Polygon",
    "coordinates": [
     [
      [
       116.32537029973088,
       39.98349975475592
      ],
      [
       116.32599553909981,
       39.98349975475592
      ],
      [
       116.32599553909981,
       39.98384922578966
      ],
      [
       116.32537029973088,
       39.98384922578966
      ],
      [
       116.32537029973088,
       39.98349975475592
      ]
     ]
    ]
   },
   "properties": {
    "building": "apartments",
    "name": "中关村178区"
   }
  },
  {
   "type": "Feature",
   "geometry": {
    "type": "Polygon",
    "coordinates": [
     [
      [
       116.32526941619928,
       39.98476025205068
      ],
      [
       116.32609642263141,
       39.98476025205068
      ],
      [
       116.32609642263141,
       39.985286689586076
      ],
      [
       116.32526941619928,
       39.985286689586076
      ],
      [
       116.32526941619928,
       39.98476025205068
      ]
     ]
    ]
   },
   "properties": {
    "building": "apartments",
    "name": "中关村179区"
   }
  },
  {
   "type": "Feature",
   "geometry": {
    "type": "Polygon",
    "coordinates": [
     [
      [
       116.32529240418005,
       39.9902575663426
      ],
      [
       116.32607343465064,
       39.9902575663426
      ],
      [
       116.32607343465064,
       39.99058121965885
      ],
      [
       116.32529240418005,
       39.99058121965885
      ],
      [
       116.32529240418005,
       39.9902575663426
      ]
     ]
    ]
   },
   "properties": {
    "building": "apartments",
    "name": "中关村180区"
   }
  },
  {
   "type": "Feature",
   "geometry": {
    "type": "Polygon",
    "coordinates": [
     [
      [
       116.325227542846,
       39.994236389012634
      ],
      [
       116.32613829598469,
       39.994236389012634
      ],
      [
       116.32613829598469,
       39.99469628026233
      ],
      [
       116.325227542846,
       39.99469628026233
      ],
      [
       116.325227542846,
       39.994236389012634
      ]
     ]
    ]
   },
   "properties": {
    "building": "apartments",
    "name": "中关村181区"
   }
  },
  {
   "type": "Feature",
   "geometry": {
    "type": "Polygon",
    "coordinates": [
     [
      [
       116.32536696865708,
       39.99562962869139
      ],
      [
       116.3259988701736,
       39.99562962869139
      ],
      [
       116.3259988701736,
       39.996001001674756
      ],
      [
       116.32536696865708,
       39.996001001674756
      ],
      [
       116.32536696865708,
       39.99562962869139
      ]
     ]
    ]
   },
   "properties": {
    "building": "apartments",
    "name": "中关村182区"
   }
  },
  {
   "type": "Feature",
   "geometry": {
    "type": "Polygon",
    "coordinates": [
     [
      [
       116.3271376427475,
       39.97266631027099
      ],
      [
       116.32774925768877,
       39.97266631027099
      ],
      [
       116.32774925768877,
       39.973098981545206
      ],
      [
       116.3271376427475,
       39.973098981545206
      ],
      [
       116.3271376427475,
       39.97266631027099
      ]
     ]
    ]
   },
   "properties": {
    "building": "apartments",
    "name": "中关村183区"
   }
  },
  {
   "type": "Feature",
   "geometry": {
    "type": "Polygon",
    "coordinates": [
     [
      [
       116.3271106659359,
       39.97535565764754
      ],
      [
       116.32777623450036,
       39.97535565764754
      ],
      [
       116.32777623450036,
       39.975805556351
      ],
      [
       116.3271106659359,
       39.975805556351
      ],
      [
       116.3271106659359,
       39.97535565764754
      ]
     ]
    ]
   },
   "properties": {
    "building": "apartments",
    "name": "中关村184区"
   }
  },
  {
   "type": "Feature",
   "geometry": {
    "type": "Polygon",
    "coordinates": [
     [
      [
       116.32709694466382,
       39.97672041792342
      ],
      [
       116.32778995577245,
       39.97672041792342
      ],
      [
       116.32778995577245,
       39.9771387571663
      ],
      [
       116.32709694466382,
       39.9771387571663
      ],
      [
       116.32709694466382,
       39.97672041792342
      ]
     ]
    ]
   },
   "properties": {
    "building": "apartments",
    "name": "中关村185区"
   }
  },
  {
   "type": "Feature",
   "geometry": {
    "type": "Polygon",
    "coordinates": [
     [
      [
       116.32710869677109,
       39.98214035558404
      ],
      [
       116.32777820366518,
       39.98214035558404
      ],
      [
       116.32777820366518,
       39.982510663870364
      ],
      [
       116.32710869677109,
       39.982510663870364
      ],
      [
       116.32710869677109,
       39.98214035558404
      ]
     ]
    ]
   },
   "properties": {
    "building": "apartments",
    "name": "中关村186区"
   }
  },
  {
   "type": "Feature",
   "geometry": {
    "type": "Polygon",
    "coordinates": [
     [
      [
       116.32714619268158,
       39.986159052731495
      ],
      [
       116.32774070775469,
       39.986159052731495
      ],
      [
       116.32774070775469,
       39.98658584999643
      ],
      [
       116.32714619268158,
       39.98658584999643
      ],
      [
       116.32714619268158,
       39.986159052731495
      ]
     ]
    ]
   },
   "properties": {
    "building": "apartments",
    "name": "中关村187区"
   }
  },
  {
   "type": "Feature",
   "geometry": {
    "type": "Polygon",
    "coordinates": [
     [
      [
       116.32710473768495,
       39.98883801064333
      ],
      [
       116.32778216275132,
       39.98883801064333
      ],
      [
       116.32778216275132,
       39.98930281426695
      ],
      [
       116.32710473768495,
       39.98930281426695
      ],
      [
       116.32710473768495,
       39.98883801064333
      ]
     ]
    ]
   },
   "properties": {
    "building": "apartments",
    "name": "中关村188区"
   }
  },
  {
   "type": "Feature",
   "geometry": {
    "type": "Polygon",
    "coordinates": [
     [
      [
       116.32714402546125,
       39.992921970945595
      ],
      [
       116.32774287497502,
       39.992921970945595
      ],
      [
       116.32774287497502,
       39.9933127372382
      ],
      [
       116.32714402546125,
       39.9933127372382
      ],
      [
       116.32714402546125,
       39.992921970945595
      ]
     ]
    ]
   },
   "properties": {
    "building": "apartments",
    "name": "中关村189区"
   }
  },
  {
   "type": "Feature",
   "geometry": {
    "type": "Polygon",
    "coordinates": [
     [
      [
       116.32702986045064,
       39.994286686442294
      ],
      [
       116.32785703998563,
       39.994286686442294
      ],
      [
       116.32785703998563,
       39.99464598283267
      ],
      [
       116.32702986045064,
       39.99464598283267
      ],
      [
       116.32702986045064,
       39.994286686442294
      ]
     ]
    ]
   },
   "properties": {
    "building": "apartments",
    "name": "中关村190区"
   }
  },
  {
   "type": "Feature",
   "geometry": {
    "type": "Polygon",
    "coordinates": [
     [
      [
       116.32887442985609,
       39.97126725758648
      ],
      [
       116.32953353218576,
       39.97126725758648
      ],
      [
       116.32953353218576,
       39.97180007313853
      ],
      [
       116.32887442985609,
       39.97180007313853
      ],
      [
       116.32887442985609,
       39.97126725758648
      ]
     ]
    ]
   },
   "properties": {
    "building": "apartments",
    "name": "中关村191区"
   }
  },
  {
   "type": "Feature",
   "geometry": {
    "type": "Polygon",
    "coordinates": [
     [
      [
       116.32876619490337,
       39.97269931846125
      ],
      [
       116.32964176713848,
       39.97269931846125
      ],
      [
       116.32964176713848,
       39.97306597335494
      ],
      [
       116.32876619490337,
       39.97306597335494
      ],
      [
       116.32876619490337,
       39.97269931846125
      ]
     ]
    ]
   },
   "properties": {
    "building": "apartments",
    "name": "中关村192区"
   }
  },
  {
   "type": "Feature",
   "geometry": {
    "type": "Polygon",
    "coordinates": [
     [
      [
       116.32877667600428,
       39.97404109050023
      ],
      [
       116.32963128603757,
       39.97404109050023
      ],
      [
       116.32963128603757,
       39.97442216240714
      ],
      [
       116.32877667600428,
       39.97442216240714
      ],
      [
       116.32877667600428,
       39.97404109050023
      ]
     ]
    ]
   },
   "properties": {
    "building": "apartments",
    "name": "中关村193区"
   }
  },
  {
   "type": "Feature",
   "geometry": {
    "type": "Polygon",
    "coordinates": [
     [
      [
       116.3288775821523,
       39.976747101488016
      ],
      [
       116.32953037988955,
       39.976747101488016
      ],
      [
       116.32953037988955,
       39.977112073601695
      ],
      [
       116.3288775821523,
       39.977112073601695
      ],
      [
       116.3288775821523,
       39.976747101488016
      ]
     ]
    ]
   },
   "properties": {
    "building": "apartments",
    "name": "中关村194区"
   }
  },
  {
   "type": "Feature",
   "geometry": {
    "type": "Polygon",
    "coordinates": [
     [
      [
       116.32879343211796,
       39.9780145319817
      ],
      [
       116.32961452992387,
       39.9780145319817
      ],
      [
       116.32961452992387,
       39.978542604199184
      ],
      [
       116.32879343211796,
       39.978542604199184
      ],
      [
       116.32879343211796,
       39.9780145319817
      ]
     ]
    ]
   },
   "properties": {
    "building": "apartments",
    "name": "中关村195区"
   }
  },
  {
   "type": "Feature",
   "geometry": {
    "type": "Polygon",
    "coordinates": [
     [
      [
       116.3288412893797,
       39.979446228892435
      ],
      [
       116.32956667266215,
       39.979446228892435
      ],
      [
       116.32956667266215,
       39.97980886837963
      ],
      [
       116.3288412893797,
       39.97980886837963
      ],
      [
       116.3288412893797,
       39.979446228892435
      ]
     ]
    ]
   },
   "properties": {
    "building": "apartments",
    "name": "中关村196区"
   }
  },
  {
   "type": "Feature",
   "geometry": {
    "type": "Polygon",
    "coordinates": [
     [
      [
       116.32890143253343,
       39.98216136855622
      ],
      [
       116.32950652950842,
       39.98216136855622
      ],
      [
       116.32950652950842,
       39.98248965089818
      ],
      [
       116.32890143253343,
       39.98248965089818
      ],
      [
       116.32890143253343,
       39.98216136855622
      ]
     ]
    ]
   },
   "properties": {
    "building": "apartments",
    "name": "中关村197区"
   }
  },
  {
   "type": "Feature",
   "geometry": {
    "type": "Polygon",
    "coordinates": [
     [
      [
       116.32875243408188,
       39.98341778111436
      ],
      [
       116.32965552795997,
       39.98341778111436
      ],
      [
       116.32965552795997,
       39.98393119943122
      ],
      [
       116.32875243408188,
       39.98393119943122
      ],
      [
       116.32875243408188,
       39.98341778111436
      ]
     ]
    ]
   },
   "properties": {
    "building": "apartments",
    "name": "中关村198区"
   }
  },
  {
   "type": "Feature",
   "geometry": {
    "type": "Polygon",
    "coordinates": [
     [
      [
       116.32887789922799,
       39.98880782422432
      ],
      [
       116.32953006281386,
       39.98880782422432
      ],
      [
       116.32953006281386,
       39.98933300068595
      ],
      [
       116.32887789922799,
       39.98933300068595
      ],
      [
       116.32887789922799,
       39.98880782422432
      ]
     ]
    ]
   },
   "properties": {
    "building": "apartments",
    "name": "中关村199区"
   }
  },
  {
   "type": "Feature",
   "geometry": {
    "type": "Polygon",
    "coordinates": [
     [
      [
       116.32879358429632,
       39.99291741050934
      ],
      [
       116.32961437774553,
       39.99291741050934
      ],
      [
       116.32961437774553,
       39.99331729767445
      ],
      [
       116.32879358429632,
       39.99331729767445
      ],
      [
       116.32879358429632,
       39.99291741050934
      ]
     ]
    ]
   },
   "properties": {
    "building": "apartments",
    "name": "中关村200区"
   }
  },
  {
   "type": "Feature",
   "geometry": {
    "type": "Polygon",
    "coordinates": [
     [
      [
       116.32885216285568,
       39.994289926097316
      ],
      [
       116.32955579918615,
       39.994289926097316
      ],
      [
       116.32955579918615,
       39.99464274317766
      ],
      [
       116.32885216285568,
       39.99464274317766
      ],
      [
       116.32885216285568,
       39.994289926097316
      ]
     ]
    ]
   },
   "properties": {
    "building": "apartments",
    "name": "中关村201区"
   }
  },
  {
   "type": "Feature",
   "geometry": {
    "type": "Polygon",
    "coordinates": [
     [
      [
       116.32886129843688,
       39.99561842395637
      ],
      [
       116.32954666360496,
       39.99561842395637
      ],
      [
       116.32954666360496,
       39.99601220640977
      ],
      [
       116.32886129843688,
       39.99601220640977
      ],
      [
       116.32886129843688,
       39.99561842395637
      ]
     ]
    ]
   },
   "properties": {
    "building": "apartments",
    "name": "中关村202区"
   }
  },
  {
   "type": "Feature",
   "geometry": {
    "type": "Polygon",
    "coordinates": [
     [
      [
       116.33050132710548,
       39.97135296914489
      ],
      [
       116.33142769654194,
       39.97135296914489
      ],
      [
       116.33142769654194,
       39.97171436158013
      ],
      [
       116.33050132710548,
       39.97171436158013
      ],
      [
       116.33050132710548,
       39.97135296914489
      ]
     ]
    ]
   },
   "properties": {
    "building": "apartments",
    "name": "中关村203区"
   }
  },
  {
   "type": "Feature",
   "geometry": {
    "type": "Polygon",
    "coordinates": [
     [
      [
       116.33052644945724,
       39.972632858779725
      ],
      [
       116.3314025741902,
       39.972632858779725
      ],
      [
       116.3314025741902,
       39.97313243303647
      ],
      [
       116.33052644945724,
       39.97313243303647
      ],
      [
       116.33052644945724,
       39.972632858779725
      ]
     ]
    ]
   },
   "properties": {
    "building": "apartments",
    "name": "中关村204区"
   }
  },
  {
   "type": "Feature",
   "geometry": {
    "type": "Polygon",
    "coordinates": [
     [
      [
       116.33066241811754,
       39.97402102090723
      ],
      [
       116.33126660552988,
       39.97402102090723
      ],
      [
       116.33126660552988,
       39.974442232000136
      ],
      [
       116.33066241811754,
       39.974442232000136
      ],
      [
       116.33066241811754,
       39.97402102090723
      ]
     ]
    ]
   },
   "properties": {
    "building": "apartments",
    "name": "中关村205区"
   }
  },
  {
   "type": "Feature",
   "geometry": {
    "type": "Polygon",
    "coordinates": [
     [
      [
       116.33050920808584,
       39.97540152688798
      ],
      [
       116.33141981556159,
       39.97540152688798
      ],
      [
       116.33141981556159,
       39.97575968711056
      ],
      [
       116.33050920808584,
       39.97575968711056
      ],
      [
       116.33050920808584,
       39.97540152688798
      ]
     ]
    ]
   },
   "properties": {
    "building": "apartments",
    "name": "中关村206区"
   }
  },
  {
   "type": "Feature",
   "geometry": {
    "type": "Polygon",
    "coordinates": [
     [
      [
       116.33051317157836,
       39.9767688023226
      ],
      [
       116.33141585206907,
       39.9767688023226
      ],
      [
       116.33141585206907,
       39.97709037276711
      ],
      [
       116.33051317157836,
       39.97709037276711
      ],
      [
       116.33051317157836,
       39.9767688023226
      ]
     ]
    ]
   },
   "properties": {
    "building": "apartments",
    "name": "中关村207区"
   }
  },
  {
   "type": "Feature",
   "geometry": {
    "type": "Polygon",
    "coordinates": [
     [
      [
       116.33052816581453,
       39.978035002008454
      ],
      [
       116.3314008578329,
       39.978035002008454
      ],
      [
       116.3314008578329,
       39.97852213417244
      ],
      [
       116.33052816581453,
       39.97852213417244
      ],
      [
       116.33052816581453,
       39.978035002008454
      ]
     ]
    ]
   },
   "properties": {
    "building": "apartments",
    "name": "中关村208区"
   }
  },
  {
   "type": "Feature",
   "geometry": {
    "type": "Polygon",
    "coordinates": [
     [
      [
       116.33066495380127,
       39.97946313264521
      ],
      [
       116.33126406984614,
       39.97946313264521
      ],
      [
       116.33126406984614,
       39.97979196462685
      ],
      [
       116.33066495380127,
       39.97979196462685
      ],
      [
       116.33066495380127,
       39.97946313264521
      ]
     ]
    ]
   },
   "properties": {
    "building": "apartments",
    "name": "中关村209区"
   }
  },
  {
   "type": "Feature",
   "geometry": {
    "type": "Polygon",
    "coordinates": [
     [
      [
       116.33053952787947,
       39.98206711792334
      ],
      [
       116.33138949576797,
       39.98206711792334
      ],
      [
       116.33138949576797,
       39.982583901531065
      ],
      [
       116.33053952787947,
       39.982583901531065
      ],
      [
       116.33053952787947,
       39.98206711792334
      ]
     ]
    ]
   },
   "properties": {
    "building": "apartments",
    "name": "中关村210区"
   }
  },
  {
   "type": "Feature",
   "geometry": {
    "type": "Polygon",
    "coordinates": [
     [
      [
       116.33062314818807,
       39.983409450488615
      ],
      [
       116.33130587545936,
       39.983409450488615
      ],
      [
       116.33130587545936,
       39.983939530056965
      ],
      [
       116.33062314818807,
       39.983939530056965
      ],
      [
       116.33062314818807,
       39.983409450488615
      ]
     ]
    ]
   },
   "properties": {
    "building": "apartments",
    "name": "中关村211区"
   }
  },
  {
   "type": "Feature",
   "geometry": {
    "type": "Polygon",
    "coordinates": [
     [
      [
       116.33054492409265,
       39.986179492778525
      ],
      [
       116.33138409955477,
       39.986179492778525
      ],
      [
       116.33138409955477,
       39.9865654099494
      ],
      [
       116.33054492409265,
       39.9865654099494
      ],
      [
       116.33054492409265,
       39.986179492778525
      ]
     ]
    ]
   },
   "properties": {
    "building": "apartments",
    "name": "中关村212区"
   }
  },
  {
   "type": "Feature",
   "geometry": {
    "type": "Polygon",
    "coordinates": [
     [
      [
       116.33067042601864,
       39.98747910415009
      ],
      [
       116.33125859762877,
       39.98747910415009
      ],
      [
       116.33125859762877,
       39.987963759669015
      ],
      [
       116.33067042601864,
       39.987963759669015
      ],
      [
       116.33067042601864,
       39.98747910415009
      ]
     ]
    ]
   },
   "properties": {
    "building": "apartments",
    "name": "中关村213区"
   }
  },
  {
   "type": "Feature",
   "geometry": {
    "type": "Polygon",
    "coordinates": [
     [
      [
       116.33062991714776,
       39.99425553517429
      ],
      [
       116.33129910649967,
       39.99425553517429
      ],
      [
       116.33129910649967,
       39.99467713410068
      ],
      [
       116.33062991714776,
       39.99467713410068
      ],
      [
       116.33062991714776,
       39.99425553517429
      ]
     ]
    ]
   },
   "properties": {
    "building": "apartments",
    "name": "中关村214区"
   }
  },
  {
   "type": "Feature",
   "geometry": {
    "type": "Polygon",
    "coordinates": [
     [
      [
       116.33238742325993,
       39.9713279527896
      ],
      [
       116.33306266199307,
       39.9713279527896
      ],
      [
       116.33306266199307,
       39.97173937793542
      ],
      [
       116.33238742325993,
       39.97173937793542
      ],
      [
       116.33238742325993,
       39.9713279527896
      ]
     ]
    ]
   },
   "properties": {
    "building": "apartments",
    "name": "中关村215区"
   }
  },
  {
   "type": "Feature",
   "geometry": {
    "type": "Polygon",
    "coordinates": [
     [
      [
       116.33226822606436,
       39.97270469972242
      ],
      [
       116.33318185918864,
       39.97270469972242
      ],
      [
       116.33318185918864,
       39.973060592093766
      ],
      [
       116.33226822606436,
       39.973060592093766
      ],
      [
       116.33226822606436,
       39.97270469972242
      ]
     ]
    ]
   },
   "properties": {
    "building": "apartments",
    "name": "中关村216区"
   }
  },
  {
   "type": "Feature",
   "geometry": {
    "type": "Polygon",
    "coordinates": [
     [
      [
       116.33237536327873,
       39.98077846978489
      ],
      [
       116.33307472197428,
       39.98077846978489
      ],
      [
       116.33307472197428,
       39.98117458857835
      ],
      [
       116.33237536327873,
       39.98117458857835
      ],
      [
       116.33237536327873,
       39.98077846978489
      ]
     ]
    ]
   },
   "properties": {
    "building": "apartments",
    "name": "中关村217区"
   }
  },
  {
   "type": "Feature",
   "geometry": {
    "type": "Polygon",
    "coordinates": [
     [
      [
       116.33239688347733,
       39.98343247353224
      ],
      [
       116.33305320177567,
       39.98343247353224
      ],
      [
       116.33305320177567,
       39.98391650701334
      ],
      [
       116.33239688347733,
       39.98391650701334
      ],
      [
       116.33239688347733,
       39.98343247353224
      ]
     ]
    ]
   },
   "properties": {
    "building": "apartments",
    "name": "中关村218区"
   }
  },
  {
   "type": "Feature",
   "geometry": {
    "type": "Polygon",
    "coordinates": [
     [
      [
       116.33242022437744,
       39.98486228296317
      ],
      [
       116.33302986087556,
       39.98486228296317
      ],
      [
       116.33302986087556,
       39.98518465867359
      ],
      [
       116.33242022437744,
       39.98518465867359
      ],
      [
       116.33242022437744,
       39.98486228296317
      ]
     ]
    ]
   },
   "properties": {
    "building": "apartments",
    "name": "中关村219区"
   }
  },
  {
   "type": "Feature",
   "geometry": {
    "type": "Polygon",
    "coordinates": [
     [
      [
       116.33237427006438,
       39.98610487480326
      ],
      [
       116.33307581518862,
       39.98610487480326
      ],
      [
       116.33307581518862,
       39.986640027924665
      ],
      [
       116.33237427006438,
       39.986640027924665
      ],
      [
       116.33237427006438,
       39.98610487480326
      ]
     ]
    ]
   },
   "properties": {
    "building": "apartments",
    "name": "中关村220区"
   }
  },
  {
   "type": "Feature",
   "geometry": {
    "type": "Polygon",
    "coordinates": [
     [
      [
       116.33241681782575,
       39.99025117258852
      ],
      [
       116.33303326742727,
       39.99025117258852
      ],
      [
       116.33303326742727,
       39.99058761341293
      ],
      [
       116.33241681782575,
       39.99058761341293
      ],
      [
       116.33241681782575,
       39.99025117258852
      ]
     ]
    ]
   },
   "properties": {
    "building": "apartments",
    "name": "中关村221区"
   }
  },
  {
   "type": "Feature",
   "geometry": {
    "type": "Polygon",
    "coordinates": [
     [
      [
       116.33230666342509,
       39.99290972765071
      ],
      [
       116.33314342182791,
       39.99290972765071
      ],
      [
       116.33314342182791,
       39.99332498053309
      ],
      [
       116.33230666342509,
       39.99332498053309
      ],
      [
       116.33230666342509,
       39.99290972765071
      ]
     ]
    ]
   },
   "properties": {
    "building": "apartments",
    "name": "中关村222区"
   }
  },
  {
   "type": "Feature",
   "geometry": {
    "type": "Polygon",
    "coordinates": [
     [
      [
       116.33235823474892,
       39.994239221661616
      ],
      [
       116.33309185050408,
       39.994239221661616
      ],
      [
       116.33309185050408,
       39.99469344761335
      ],
      [
       116.33235823474892,
       39.99469344761335
      ],
      [
       116.33235823474892,
       39.994239221661616
      ]
     ]
    ]
   },
   "properties": {
    "building": "apartments",
    "name": "中关村223区"
   }
  }
 ]
}