{"type": "FeatureCollection", "features": [{"type": "Feature", "properties": {"building": "industrial", "source": "osm"}, "geometry": {"type": "MultiPolygon", "coordinates": [[[[116.3982645, 39.7969236], [116.398323, 39.7959807], [116.399277, 39.7960157], [116.3992183, 39.7969585], [116.3982645, 39.7969236]]]]}}, {"type": "Feature", "properties": {"building": "yes", "source": "osm"}, "geometry": {"type": "MultiPolygon", "coordinates": [[[[116.4070538, 39.7980654], [116.40707, 39.7976984], [116.4075516, 39.797711], [116.4075354, 39.7980779], [116.4070538, 39.7980654]]]]}}, {"type": "Feature", "properties": {"building": "yes", "source": "osm"}, "geometry": {"type": "MultiPolygon", "coordinates": [[[[116.4076422, 39.7980776], [116.4076578, 39.7977355], [116.4079845, 39.7977443], [116.4079798, 39.7978478], [116.4080571, 39.7979134], [116.4081757, 39.7979166], [116.4081677, 39.7980917], [116.4076422, 39.7980776]]]]}}, {"type": "Feature", "properties": {"building": "yes", "source": "osm"}, "geometry": {"type": "MultiPolygon", "coordinates": [[[[116.407038, 39.7984151], [116.4070471, 39.7981808], [116.4081712, 39.7982066], [116.4081621, 39.7984409], [116.407038, 39.7984151]]]]}}, {"type": "Feature", "properties": {"building": "yes", "source": "osm"}, "geometry": {"type": "MultiPolygon", "coordinates": [[[[116.3988619, 39.8166771], [116.3991461, 39.8166563], [116.3992315, 39.8173446], [116.3989473, 39.8173654], [116.3988619, 39.8166771]]]]}}, {"type": "Feature", "properties": {"building": "apartments", "source": "osm"}, "geometry": {"type": "MultiPolygon", "coordinates": [[[[116.4022008, 39.8180072], [116.4027496, 39.8180051], [116.4027505, 39.8181397], [116.4022017, 39.8181419], [116.4022008, 39.8180072]]]]}}, {"type": "Feature", "properties": {"building": "apartments", "source": "osm"}, "geometry": {"type": "MultiPolygon", "coordinates": [[[[116.3965841, 39.8151187], [116.3965892, 39.8150067], [116.3973929, 39.8150283], [116.3973878, 39.8151402], [116.3965841, 39.8151187]]]]}}, {"type": "Feature", "properties": {"building": "yes", "source": "osm"}, "geometry": {"type": "MultiPolygon", "coordinates": [[[[116.3987057, 39.8173805], [116.398877, 39.8173642], [116.3989134, 39.8175912], [116.3987422, 39.8176074], [116.3987057, 39.8173805]]]]}}, {"type": "Feature", "properties": {"building": "apartments", "source": "osm"}, "geometry": {"type": "MultiPolygon", "coordinates": [[[[116.4006573, 39.817231], [116.4011991, 39.817231], [116.4011991, 39.8173525], [116.4006573, 39.8173525], [116.4006573, 39.817231]]]]}}, {"type": "Feature", "properties": {"building": "apartments", "source": "osm"}, "geometry": {"type": "MultiPolygon", "coordinates": [[[[116.3911308, 39.8140314], [116.3912011, 39.8138964], [116.392142, 39.8141857], [116.3920717, 39.8143207], [116.3911308, 39.8140314]]]]}}, {"type": "Feature", "properties": {"building": "yes", "source": "osm"}, "geometry": {"type": "MultiPolygon", "coordinates": [[[[116.4000237, 39.8152503], [116.400791, 39.8151385], [116.400826, 39.81528], [116.4000587, 39.8153919], [116.4000237, 39.8152503]]]]}}, {"type": "Feature", "properties": {"building": "apartments", "source": "osm"}, "geometry": {"type": "MultiPolygon", "coordinates": [[[[116.3888593, 39.8149778], [116.3889141, 39.8148696], [116.3896198, 39.8150804], [116.389565, 39.8151886], [116.3888593, 39.8149778]]]]}}, {"type": "Feature", "properties": {"building": "yes", "source": "osm"}, "geometry": {"type": "MultiPolygon", "coordinates": [[[[116.3998845, 39.8146584], [116.4006574, 39.8145444], [116.4006972, 39.8147036], [116.3999243, 39.8148176], [116.3998845, 39.8146584]]]]}}, {"type": "Feature", "properties": {"building": "yes", "source": "osm"}, "geometry": {"type": "MultiPolygon", "coordinates": [[[[116.3978916, 39.815867], [116.3990089, 39.8157164], [116.3990883, 39.8160641], [116.397971, 39.8162146], [116.3978916, 39.815867]]]]}}, {"type": "Feature", "properties": {"building": "apartments", "source": "osm"}, "geometry": {"type": "MultiPolygon", "coordinates": [[[[116.3966433, 39.8141153], [116.3966484, 39.8139998], [116.3975852, 39.8140245], [116.39758, 39.81414], [116.3966433, 39.8141153]]]]}}, {"type": "Feature", "properties": {"building": "yes", "source": "osm"}, "geometry": {"type": "MultiPolygon", "coordinates": [[[[116.4001175, 39.8155781], [116.400875, 39.8154738], [116.4009079, 39.8156145], [116.4001504, 39.8157188], [116.4001175, 39.8155781]]]]}}, {"type": "Feature", "properties": {"building": "apartments", "source": "osm"}, "geometry": {"type": "MultiPolygon", "coordinates": [[[[116.3892038, 39.8142981], [116.3892626, 39.8141834], [116.3899739, 39.8143985], [116.3899151, 39.8145132], [116.3892038, 39.8142981]]]]}}, {"type": "Feature", "properties": {"building": "apartments", "name": "和义东里二区4号楼", "source": "osm"}, "geometry": {"type": "MultiPolygon", "coordinates": [[[[116.4024569, 39.810939], [116.4035966, 39.8109358], [116.4035973, 39.8110779], [116.4024575, 39.8110812], [116.4024569, 39.810939]]]]}}, {"type": "Feature", "properties": {"building": "yes", "source": "osm"}, "geometry": {"type": "MultiPolygon", "coordinates": [[[[116.3979878, 39.8151052], [116.3985255, 39.8150223], [116.3985633, 39.8151671], [116.3980256, 39.8152499], [116.3979878, 39.8151052]]]]}}, {"type": "Feature", "properties": {"building": "apartments", "source": "osm"}, "geometry": {"type": "MultiPolygon", "coordinates": [[[[116.4019763, 39.8169029], [116.4026582, 39.8169007], [116.4026588, 39.8170169], [116.4019769, 39.8170191], [116.4019763, 39.8169029]]]]}}, {"type": "Feature", "properties": {"building": "yes", "source": "osm"}, "geometry": {"type": "MultiPolygon", "coordinates": [[[[116.3975549, 39.815675], [116.3975941, 39.814907], [116.3977659, 39.8149122], [116.3977267, 39.8156801], [116.3975549, 39.815675]]]]}}, {"type": "Feature", "properties": {"building": "yes", "source": "osm"}, "geometry": {"type": "MultiPolygon", "coordinates": [[[[116.4020094, 39.8147956], [116.4029279, 39.8146612], [116.4030033, 39.8149649], [116.4020847, 39.8150994], [116.4020094, 39.8147956]]]]}}, {"type": "Feature", "properties": {"building": "apartments", "source": "osm"}, "geometry": {"type": "MultiPolygon", "coordinates": [[[[116.4024691, 39.819826], [116.4035332, 39.8197421], [116.40355, 39.819868], [116.4024859, 39.8199518], [116.4024691, 39.819826]]]]}}, {"type": "Feature", "properties": {"building": "yes", "source": "osm"}, "geometry": {"type": "MultiPolygon", "coordinates": [[[[116.3990395, 39.8150875], [116.3997928, 39.8149907], [116.3998234, 39.8151316], [116.3990701, 39.8152284], [116.3990395, 39.8150875]]]]}}, {"type": "Feature", "properties": {"building": "apartments", "source": "osm"}, "geometry": {"type": "MultiPolygon", "coordinates": [[[[116.3965925, 39.8148004], [116.3965986, 39.814699], [116.3975032, 39.8147313], [116.397497, 39.8148326], [116.3965925, 39.8148004]]]]}}, {"type": "Feature", "properties": {"building": "yes", "source": "osm"}, "geometry": {"type": "MultiPolygon", "coordinates": [[[[116.398255, 39.8175619], [116.398619, 39.8175426], [116.3986259, 39.8176192], [116.3982619, 39.8176386], [116.398255, 39.8175619]]]]}}, {"type": "Feature", "properties": {"building": "yes", "source": "osm"}, "geometry": {"type": "MultiPolygon", "coordinates": [[[[116.397584, 39.817761], [116.3984661, 39.8176642], [116.3984943, 39.817816], [116.3976122, 39.8179128], [116.397584, 39.817761]]]]}}, {"type": "Feature", "properties": {"building": "apartments", "source": "osm"}, "geometry": {"type": "MultiPolygon", "coordinates": [[[[116.4026763, 39.8125461], [116.4026771, 39.8124117], [116.4035998, 39.812415], [116.403599, 39.8125493], [116.4026763, 39.8125461]]]]}}, {"type": "Feature", "properties": {"building": "yes", "source": "osm"}, "geometry": {"type": "MultiPolygon", "coordinates": [[[[116.4013818, 39.8140895], [116.4020735, 39.8139884], [116.4021065, 39.8141215], [116.4014148, 39.8142226], [116.4013818, 39.8140895]]]]}}, {"type": "Feature", "properties": {"building": "yes", "source": "osm"}, "geometry": {"type": "MultiPolygon", "coordinates": [[[[116.3979066, 39.8148651], [116.3986207, 39.8147683], [116.3986424, 39.8148627], [116.3979283, 39.8149595], [116.3979066, 39.8148651]]]]}}, {"type": "Feature", "properties": {"building": "apartments", "source": "osm"}, "geometry": {"type": "MultiPolygon", "coordinates": [[[[116.4005879, 39.8133183], [116.4005918, 39.8131727], [116.4012863, 39.8131835], [116.4012824, 39.8133291], [116.4005879, 39.8133183]]]]}}, {"type": "Feature", "properties": {"building": "apartments", "source": "osm"}, "geometry": {"type": "MultiPolygon", "coordinates": [[[[116.3912764, 39.8136582], [116.391356, 39.8135054], [116.3923081, 39.8137979], [116.3922285, 39.8139507], [116.3912764, 39.8136582]]]]}}, {"type": "Feature", "properties": {"building": "yes", "source": "osm"}, "geometry": {"type": "MultiPolygon", "coordinates": [[[[116.400494, 39.8142277], [116.4007573, 39.8142223], [116.4007616, 39.8143465], [116.4004983, 39.8143519], [116.400494, 39.8142277]]]]}}, {"type": "Feature", "properties": {"building": "apartments", "source": "osm"}, "geometry": {"type": "MultiPolygon", "coordinates": [[[[116.4027971, 39.8190323], [116.4034748, 39.8190312], [116.4034751, 39.8191506], [116.4027974, 39.8191517], [116.4027971, 39.8190323]]]]}}, {"type": "Feature", "properties": {"building": "apartments", "source": "osm"}, "geometry": {"type": "MultiPolygon", "coordinates": [[[[116.4006103, 39.8125138], [116.400617, 39.8123734], [116.4013142, 39.8123928], [116.4013076, 39.8125332], [116.4006103, 39.8125138]]]]}}, {"type": "Feature", "properties": {"building": "yes", "source": "osm"}, "geometry": {"type": "MultiPolygon", "coordinates": [[[[116.4021631, 39.8139819], [116.402852, 39.8138733], [116.4028876, 39.8140063], [116.4021987, 39.8141149], [116.4021631, 39.8139819]]]]}}, {"type": "Feature", "properties": {"building": "apartments", "source": "osm"}, "geometry": {"type": "MultiPolygon", "coordinates": [[[[116.4005823, 39.8137119], [116.4005878, 39.8135662], [116.4012683, 39.8135813], [116.4012628, 39.813727], [116.4005823, 39.8137119]]]]}}, {"type": "Feature", "properties": {"building": "apartments", "source": "osm"}, "geometry": {"type": "MultiPolygon", "coordinates": [[[[116.4005991, 39.8129247], [116.4006021, 39.8127872], [116.4012882, 39.8127958], [116.4012852, 39.8129333], [116.4005991, 39.8129247]]]]}}, {"type": "Feature", "properties": {"building": "yes", "source": "osm"}, "geometry": {"type": "MultiPolygon", "coordinates": [[[[116.3962998, 39.815279], [116.3963041, 39.815144], [116.3965323, 39.8151483], [116.396528, 39.8152833], [116.3962998, 39.815279]]]]}}, {"type": "Feature", "properties": {"building": "apartments", "source": "osm"}, "geometry": {"type": "MultiPolygon", "coordinates": [[[[116.3900939, 39.8146433], [116.390146, 39.8145328], [116.3907957, 39.8147135], [116.3907436, 39.814824], [116.3900939, 39.8146433]]]]}}, {"type": "Feature", "properties": {"building": "yes", "source": "osm"}, "geometry": {"type": "MultiPolygon", "coordinates": [[[[116.4007577, 39.8204078], [116.4008506, 39.8203953], [116.4009178, 39.82069], [116.4008249, 39.8207025], [116.4007577, 39.8204078]]]]}}, {"type": "Feature", "properties": {"building": "yes", "source": "osm"}, "geometry": {"type": "MultiPolygon", "coordinates": [[[[116.4008158, 39.8144967], [116.4017301, 39.8143676], [116.4018033, 39.8146735], [116.400889, 39.8148025], [116.4008158, 39.8144967]]]]}}, {"type": "Feature", "properties": {"building": "yes", "source": "osm"}, "geometry": {"type": "MultiPolygon", "coordinates": [[[[116.3977071, 39.8139292], [116.3977138, 39.8137922], [116.3983047, 39.8138094], [116.3982979, 39.8139464], [116.3977071, 39.8139292]]]]}}, {"type": "Feature", "properties": {"building": "apartments", "source": "osm"}, "geometry": {"type": "MultiPolygon", "coordinates": [[[[116.3914486, 39.8132624], [116.3915272, 39.813109], [116.3926305, 39.8134424], [116.3925519, 39.8135958], [116.3914486, 39.8132624]]]]}}, {"type": "Feature", "properties": {"building": "yes", "source": "osm"}, "geometry": {"type": "MultiPolygon", "coordinates": [[[[116.4021298, 39.8152348], [116.4030399, 39.8151035], [116.4031125, 39.8154005], [116.4022024, 39.8155317], [116.4021298, 39.8152348]]]]}}, {"type": "Feature", "properties": {"building": "yes", "source": "osm"}, "geometry": {"type": "MultiPolygon", "coordinates": [[[[116.3962439, 39.8156296], [116.3962508, 39.815486], [116.3964763, 39.8154924], [116.3964693, 39.815636], [116.3962439, 39.8156296]]]]}}, {"type": "Feature", "properties": {"building": "apartments", "source": "osm"}, "geometry": {"type": "MultiPolygon", "coordinates": [[[[116.4005655, 39.8141034], [116.4005701, 39.8139581], [116.4012618, 39.813971], [116.4012572, 39.8141163], [116.4005655, 39.8141034]]]]}}, {"type": "Feature", "properties": {"building": "yes", "source": "osm"}, "geometry": {"type": "MultiPolygon", "coordinates": [[[[116.3997012, 39.8143842], [116.4003761, 39.8142766], [116.4004045, 39.814382], [116.3997296, 39.8144895], [116.3997012, 39.8143842]]]]}}, {"type": "Feature", "properties": {"building": "yes", "source": "osm"}, "geometry": {"type": "MultiPolygon", "coordinates": [[[[116.401905, 39.8143494], [116.4028263, 39.8142161], [116.402901, 39.8145207], [116.4019797, 39.8146541], [116.401905, 39.8143494]]]]}}, {"type": "Feature", "properties": {"building": "apartments", "source": "osm"}, "geometry": {"type": "MultiPolygon", "coordinates": [[[[116.4029508, 39.8180558], [116.4029528, 39.817937], [116.4034695, 39.8179424], [116.4034674, 39.8180612], [116.4029508, 39.8180558]]]]}}, {"type": "Feature", "properties": {"building": "yes", "source": "osm"}, "geometry": {"type": "MultiPolygon", "coordinates": [[[[116.3999591, 39.8149657], [116.4007208, 39.8148474], [116.4007588, 39.8149918], [116.3999971, 39.8151101], [116.3999591, 39.8149657]]]]}}, {"type": "Feature", "properties": {"building": "yes", "source": "osm"}, "geometry": {"type": "MultiPolygon", "coordinates": [[[[116.3983649, 39.8174299], [116.3986225, 39.8174138], [116.3986301, 39.8174859], [116.3983725, 39.817502], [116.3983649, 39.8174299]]]]}}, {"type": "Feature", "properties": {"building": "yes", "source": "osm"}, "geometry": {"type": "MultiPolygon", "coordinates": [[[[116.3991762, 39.8147298], [116.3997811, 39.8146524], [116.3998262, 39.8148606], [116.3992214, 39.814938], [116.3991762, 39.8147298]]]]}}, {"type": "Feature", "properties": {"building": "apartments", "source": "osm"}, "geometry": {"type": "MultiPolygon", "coordinates": [[[[116.3965645, 39.8154188], [116.3965697, 39.8153021], [116.3973833, 39.8153236], [116.397378, 39.8154403], [116.3965645, 39.8154188]]]]}}, {"type": "Feature", "properties": {"building": "apartments", "source": "osm"}, "geometry": {"type": "MultiPolygon", "coordinates": [[[[116.4006594, 39.8169234], [116.4006606, 39.8168116], [116.401159, 39.8168149], [116.4011578, 39.8169266], [116.4006594, 39.8169234]]]]}}, {"type": "Feature", "properties": {"building": "apartments", "source": "osm"}, "geometry": {"type": "MultiPolygon", "coordinates": [[[[116.4011368, 39.8191958], [116.4016381, 39.8191958], [116.4016381, 39.8193227], [116.4011368, 39.8193227], [116.4011368, 39.8191958]]]]}}, {"type": "Feature", "properties": {"building": "apartments", "source": "osm"}, "geometry": {"type": "MultiPolygon", "coordinates": [[[[116.4007945, 39.8181085], [116.4007957, 39.8179829], [116.4017562, 39.8179883], [116.401755, 39.8181139], [116.4007945, 39.8181085]]]]}}, {"type": "Feature", "properties": {"building": "apartments", "source": "osm"}, "geometry": {"type": "MultiPolygon", "coordinates": [[[[116.4027561, 39.8184236], [116.4027582, 39.8182907], [116.4034583, 39.8182972], [116.4034562, 39.8184301], [116.4027561, 39.8184236]]]]}}, {"type": "Feature", "properties": {"building": "apartments", "name": "和义东里二区5号楼", "source": "osm"}, "geometry": {"type": "MultiPolygon", "coordinates": [[[[116.402454, 39.8105537], [116.4036021, 39.8105365], [116.4036057, 39.8106768], [116.4024575, 39.810694], [116.402454, 39.8105537]]]]}}, {"type": "Feature", "properties": {"building": "yes", "source": "osm"}, "geometry": {"type": "MultiPolygon", "coordinates": [[[[116.3991871, 39.8157027], [116.3999376, 39.8155962], [116.39997, 39.8157311], [116.3992195, 39.8158376], [116.3991871, 39.8157027]]]]}}, {"type": "Feature", "properties": {"building": "apartments", "source": "osm"}, "geometry": {"type": "MultiPolygon", "coordinates": [[[[116.4025629, 39.8187904], [116.4025632, 39.8186571], [116.4034607, 39.8186581], [116.4034604, 39.8187915], [116.4025629, 39.8187904]]]]}}, {"type": "Feature", "properties": {"building": "yes", "source": "osm"}, "geometry": {"type": "MultiPolygon", "coordinates": [[[[116.3991079, 39.8153733], [116.399836, 39.8152765], [116.3998682, 39.8154199], [116.3991402, 39.8155166], [116.3991079, 39.8153733]]]]}}, {"type": "Feature", "properties": {"building": "apartments", "source": "osm"}, "geometry": {"type": "MultiPolygon", "coordinates": [[[[116.3902634, 39.814296], [116.3903163, 39.8141851], [116.3909729, 39.8143701], [116.39092, 39.8144809], [116.3902634, 39.814296]]]]}}, {"type": "Feature", "properties": {"building": "apartments", "source": "osm"}, "geometry": {"type": "MultiPolygon", "coordinates": [[[[116.3966205, 39.8144562], [116.396626, 39.8143404], [116.3975585, 39.8143662], [116.397553, 39.814482], [116.3966205, 39.8144562]]]]}}, {"type": "Feature", "properties": {"building": "apartments", "source": "osm"}, "geometry": {"type": "MultiPolygon", "coordinates": [[[[116.3999124, 39.813641], [116.3999164, 39.8135016], [116.4004191, 39.8135102], [116.400415, 39.8136496], [116.3999124, 39.813641]]]]}}, {"type": "Feature", "properties": {"building": "apartments", "source": "osm"}, "geometry": {"type": "MultiPolygon", "coordinates": [[[[116.3965528, 39.8157194], [116.3973565, 39.8156312], [116.397378, 39.8157468], [116.3965743, 39.815835], [116.3965528, 39.8157194]]]]}}, {"type": "Feature", "properties": {"building": "apartments", "source": "osm"}, "geometry": {"type": "MultiPolygon", "coordinates": [[[[116.4011887, 39.8199357], [116.4022529, 39.8198518], [116.4022703, 39.819982], [116.4012061, 39.8200658], [116.4011887, 39.8199357]]]]}}, {"type": "Feature", "properties": {"building": "apartments", "source": "osm"}, "geometry": {"type": "MultiPolygon", "coordinates": [[[[116.4021878, 39.8183913], [116.4025715, 39.8183892], [116.4025727, 39.8185204], [116.4021891, 39.8185226], [116.4021878, 39.8183913]]]]}}, {"type": "Feature", "properties": {"building": "apartments", "source": "osm"}, "geometry": {"type": "MultiPolygon", "coordinates": [[[[116.4013692, 39.8187162], [116.4019237, 39.8187162], [116.4019237, 39.8188517], [116.4013692, 39.8188517], [116.4013692, 39.8187162]]]]}}, {"type": "Feature", "properties": {"building": "apartments", "source": "osm"}, "geometry": {"type": "MultiPolygon", "coordinates": [[[[116.3899147, 39.8149972], [116.3899717, 39.8148777], [116.3906214, 39.8150605], [116.3905644, 39.81518], [116.3899147, 39.8149972]]]]}}, {"type": "Feature", "properties": {"building": "apartments", "source": "osm"}, "geometry": {"type": "MultiPolygon", "coordinates": [[[[116.4006685, 39.8177235], [116.4006692, 39.8175913], [116.4020133, 39.8175956], [116.4020126, 39.8177278], [116.4006685, 39.8177235]]]]}}, {"type": "Feature", "properties": {"building": "apartments", "source": "osm"}, "geometry": {"type": "MultiPolygon", "coordinates": [[[[116.4002022, 39.8180094], [116.4005635, 39.8180072], [116.4005648, 39.8181419], [116.4002036, 39.818144], [116.4002022, 39.8180094]]]]}}, {"type": "Feature", "properties": {"building": "yes", "source": "osm"}, "geometry": {"type": "MultiPolygon", "coordinates": [[[[116.4009178, 39.8149508], [116.4018377, 39.8148217], [116.4019083, 39.8151187], [116.4009884, 39.8152478], [116.4009178, 39.8149508]]]]}}, {"type": "Feature", "properties": {"building": "apartments", "source": "osm"}, "geometry": {"type": "MultiPolygon", "coordinates": [[[[116.3999068, 39.8140056], [116.3999117, 39.8138698], [116.4004143, 39.8138805], [116.4004094, 39.8140163], [116.3999068, 39.8140056]]]]}}, {"type": "Feature", "properties": {"building": "apartments", "source": "osm"}, "geometry": {"type": "MultiPolygon", "coordinates": [[[[116.40098, 39.8184925], [116.4009819, 39.8183613], [116.4017324, 39.8183677], [116.4017305, 39.8184989], [116.40098, 39.8184925]]]]}}, {"type": "Feature", "properties": {"building": "apartments", "source": "osm"}, "geometry": {"type": "MultiPolygon", "coordinates": [[[[116.3890245, 39.814638], [116.3890793, 39.8145302], [116.3897962, 39.8147453], [116.3897414, 39.8148531], [116.3890245, 39.814638]]]]}}, {"type": "Feature", "properties": {"building": "apartments", "source": "osm"}, "geometry": {"type": "MultiPolygon", "coordinates": [[[[116.4013321, 39.8171256], [116.4014743, 39.8171256], [116.4014743, 39.8173261], [116.402063, 39.8173261], [116.402063, 39.8174353], [116.4013321, 39.8174353], [116.4013321, 39.8171256]]]]}}, {"type": "Feature", "properties": {"building": "yes", "source": "osm"}, "geometry": {"type": "MultiPolygon", "coordinates": [[[[116.3997649, 39.82019], [116.400825, 39.8200663], [116.4008423, 39.8201542], [116.4007124, 39.8201694], [116.400752, 39.8203697], [116.399822, 39.8204782], [116.3997649, 39.82019]]]]}}, {"type": "Feature", "properties": {"building": "apartments", "source": "osm"}, "geometry": {"type": "MultiPolygon", "coordinates": [[[[116.401232, 39.8168459], [116.4012344, 39.8167397], [116.4015654, 39.816744], [116.4015667, 39.8166879], [116.4019093, 39.8166923], [116.4019069, 39.8168008], [116.4015664, 39.8167964], [116.4015653, 39.8168502], [116.401232, 39.8168459]]]]}}, {"type": "Feature", "properties": {"building": "apartments", "source": "osm"}, "geometry": {"type": "MultiPolygon", "coordinates": [[[[116.3992921, 39.817003], [116.4003086, 39.8168524], [116.4003338, 39.8169529], [116.3994327, 39.8170864], [116.3994818, 39.8173028], [116.4003765, 39.8172922], [116.4003786, 39.8173987], [116.3993845, 39.8174106], [116.3992921, 39.817003]]]]}}, {"type": "Feature", "properties": {"building": "apartments", "source": "osm"}, "geometry": {"type": "MultiPolygon", "coordinates": [[[[116.4019874, 39.8166232], [116.4023086, 39.8166212], [116.4023081, 39.8165695], [116.4026581, 39.8165674], [116.4026595, 39.8166963], [116.4023201, 39.8166984], [116.4023207, 39.8167611], [116.4019888, 39.8167631], [116.4019874, 39.8166232]]]]}}, {"type": "Feature", "properties": {"building": "apartments", "source": "osm"}, "geometry": {"type": "MultiPolygon", "coordinates": [[[[116.4022689, 39.8177569], [116.4022694, 39.8176171], [116.4027629, 39.8176181], [116.4027631, 39.8175644], [116.4034679, 39.8175658], [116.4034674, 39.8176945], [116.4027802, 39.817693], [116.4027799, 39.8177579], [116.4022689, 39.8177569]]]]}}, {"type": "Feature", "properties": {"building": "apartments", "source": "osm"}, "geometry": {"type": "MultiPolygon", "coordinates": [[[[116.4023914, 39.8195604], [116.4023917, 39.819437], [116.4029024, 39.8194378], [116.4029024, 39.8194131], [116.4035997, 39.8194141], [116.4035994, 39.8195281], [116.4029134, 39.8195271], [116.4029133, 39.8195612], [116.4023914, 39.8195604]]]]}}, {"type": "Feature", "properties": {"building": "yes", "source": "osm"}, "geometry": {"type": "MultiPolygon", "coordinates": [[[[116.3979549, 39.8146175], [116.3979703, 39.814304], [116.3979986, 39.8143048], [116.3979997, 39.814282], [116.3985948, 39.8142992], [116.3985878, 39.8144424], [116.3981324, 39.8144292], [116.398123, 39.8146224], [116.3979549, 39.8146175]]]]}}, {"type": "Feature", "properties": {"building": "yes", "name": "宝苑国际购物中心", "shop": "yes", "source": "osm"}, "geometry": {"type": "MultiPolygon", "coordinates": [[[[116.4010121, 39.8082829], [116.4012637, 39.8082963], [116.4012464, 39.8079297], [116.4020012, 39.807923], [116.4020012, 39.8077964], [116.40155, 39.8077964], [116.4015674, 39.8073898], [116.4018711, 39.8073898], [116.4018797, 39.8071232], [116.4023569, 39.8071232], [116.4023656, 39.8069899], [116.4022441, 39.8069833], [116.4022528, 39.8064634], [116.403346, 39.8064634], [116.4033633, 39.8069499], [116.403025, 39.8069566], [116.403025, 39.8070966], [116.4033286, 39.8071099], [116.4033373, 39.8077364], [116.4027213, 39.8077497], [116.4027213, 39.807923], [116.4033547, 39.807923], [116.4033807, 39.8086828], [116.4010382, 39.8086895], [116.4010121, 39.8082829]]]]}}, {"type": "Feature", "properties": {"building": "yes", "source": "osm"}, "geometry": {"type": "MultiPolygon", "coordinates": [[[[116.3726682, 39.828601], [116.3726742, 39.8281231], [116.3728888, 39.8281247], [116.3728828, 39.8286026], [116.3726682, 39.828601]]]]}}, {"type": "Feature", "properties": {"building": "yes", "source": "osm"}, "geometry": {"type": "MultiPolygon", "coordinates": [[[[116.3691535, 39.8272026], [116.3694485, 39.8269792], [116.3710017, 39.8281894], [116.3707066, 39.8284127], [116.3691535, 39.8272026]]]]}}, {"type": "Feature", "properties": {"building": "yes", "source": "osm"}, "geometry": {"type": "MultiPolygon", "coordinates": [[[[116.3679941, 39.8269642], [116.3682959, 39.8267397], [116.3703224, 39.8283464], [116.3700206, 39.8285709], [116.3679941, 39.8269642]]]]}}, {"type": "Feature", "properties": {"building": "yes", "source": "osm"}, "geometry": {"type": "MultiPolygon", "coordinates": [[[[116.3655498, 39.8170285], [116.3657912, 39.8170264], [116.3657927, 39.8171337], [116.3655513, 39.8171358], [116.3655498, 39.8170285]]]]}}, {"type": "Feature", "properties": {"building": "yes", "source": "osm"}, "geometry": {"type": "MultiPolygon", "coordinates": [[[[116.3666494, 39.817223], [116.3666527, 39.8169695], [116.3667574, 39.8169703], [116.3667566, 39.8170287], [116.3672918, 39.8170328], [116.3672924, 39.816984], [116.3673916, 39.8169847], [116.3673883, 39.8172392], [116.367277, 39.8172384], [116.3672777, 39.81718], [116.3667533, 39.817176], [116.3667527, 39.8172238], [116.3666494, 39.817223]]]]}}, {"type": "Feature", "properties": {"building": "apartments", "source": "osm"}, "geometry": {"type": "MultiPolygon", "coordinates": [[[[116.367882, 39.815893], [116.3686196, 39.8158827], [116.3686225, 39.8160047], [116.3678849, 39.816015], [116.367882, 39.815893]]]]}}, {"type": "Feature", "properties": {"building": "apartments", "source": "osm"}, "geometry": {"type": "MultiPolygon", "coordinates": [[[[116.3670028, 39.8160947], [116.3677109, 39.8160844], [116.3677132, 39.8161778], [116.3670051, 39.8161881], [116.3670028, 39.8160947]]]]}}, {"type": "Feature", "properties": {"building": "apartments", "source": "osm"}, "geometry": {"type": "MultiPolygon", "coordinates": [[[[116.3676864, 39.8157843], [116.3676917, 39.8156802], [116.3678285, 39.8156843], [116.3678232, 39.8157884], [116.3676864, 39.8157843]]]]}}, {"type": "Feature", "properties": {"building": "apartments", "source": "osm"}, "geometry": {"type": "MultiPolygon", "coordinates": [[[[116.3669912, 39.8156582], [116.3676484, 39.8156459], [116.3676515, 39.8157451], [116.3669944, 39.8157575], [116.3669912, 39.8156582]]]]}}, {"type": "Feature", "properties": {"building": "apartments", "source": "osm"}, "geometry": {"type": "MultiPolygon", "coordinates": [[[[116.3669738, 39.8152275], [116.3678213, 39.8152193], [116.3678232, 39.815331], [116.3669756, 39.8153393], [116.3669738, 39.8152275]]]]}}, {"type": "Feature", "properties": {"building": "yes", "source": "osm"}, "geometry": {"type": "MultiPolygon", "coordinates": [[[[116.3652758, 39.8132026], [116.3655172, 39.8132006], [116.3655192, 39.8133367], [116.3652778, 39.8133388], [116.3652758, 39.8132026]]]]}}, {"type": "Feature", "properties": {"building": "yes", "source": "osm"}, "geometry": {"type": "MultiPolygon", "coordinates": [[[[116.3662165, 39.8130194], [116.3666189, 39.8130194], [116.3666189, 39.8131348], [116.3662165, 39.8131389], [116.3662165, 39.8130194]]]]}}, {"type": "Feature", "properties": {"building": "apartments", "source": "osm"}, "geometry": {"type": "MultiPolygon", "coordinates": [[[[116.3669451, 39.812637], [116.3673286, 39.8126226], [116.367335, 39.8127227], [116.3669515, 39.8127372], [116.3669451, 39.812637]]]]}}, {"type": "Feature", "properties": {"building": "apartments", "source": "osm"}, "geometry": {"type": "MultiPolygon", "coordinates": [[[[116.3661817, 39.8128113], [116.3661847, 39.8126942], [116.3664582, 39.8126983], [116.3664553, 39.8128154], [116.3661817, 39.8128113]]]]}}, {"type": "Feature", "properties": {"building": "apartments", "source": "osm"}, "geometry": {"type": "MultiPolygon", "coordinates": [[[[116.3652992, 39.8129555], [116.3653033, 39.8128492], [116.3658531, 39.8128616], [116.3658491, 39.8129679], [116.3652992, 39.8129555]]]]}}, {"type": "Feature", "properties": {"building": "apartments", "source": "osm"}, "geometry": {"type": "MultiPolygon", "coordinates": [[[[116.3665116, 39.8123725], [116.3665136, 39.81227], [116.3668677, 39.8122741], [116.3668656, 39.8123766], [116.3665116, 39.8123725]]]]}}, {"type": "Feature", "properties": {"building": "apartments", "source": "osm"}, "geometry": {"type": "MultiPolygon", "coordinates": [[[[116.3652724, 39.8123457], [116.3652759, 39.8122329], [116.3658365, 39.8122432], [116.365833, 39.812356], [116.3652724, 39.8123457]]]]}}, {"type": "Feature", "properties": {"building": "apartments", "source": "osm"}, "geometry": {"type": "MultiPolygon", "coordinates": [[[[116.3652965, 39.8117338], [116.3652991, 39.8116335], [116.3658463, 39.8116418], [116.3658437, 39.811742], [116.3652965, 39.8117338]]]]}}, {"type": "Feature", "properties": {"building": "yes", "source": "osm"}, "geometry": {"type": "MultiPolygon", "coordinates": [[[[116.3660341, 39.8116225], [116.3662192, 39.8116225], [116.3662192, 39.8117049], [116.3660341, 39.8117049], [116.3660341, 39.8116225]]]]}}, {"type": "Feature", "properties": {"building": "apartments", "source": "osm"}, "geometry": {"type": "MultiPolygon", "coordinates": [[[[116.3659081, 39.8119872], [116.3659104, 39.8118599], [116.3662966, 39.811864], [116.3662943, 39.8119913], [116.3659081, 39.8119872]]]]}}, {"type": "Feature", "properties": {"building": "apartments", "source": "osm"}, "geometry": {"type": "MultiPolygon", "coordinates": [[[[116.3672687, 39.8119832], [116.3676149, 39.8119949], [116.3676331, 39.8121132], [116.3672727, 39.812107], [116.3672687, 39.8119832]]]]}}, {"type": "Feature", "properties": {"building": "apartments", "source": "osm"}, "geometry": {"type": "MultiPolygon", "coordinates": [[[[116.3669407, 39.8117441], [116.3669438, 39.8116434], [116.3672898, 39.8116496], [116.3672867, 39.8117503], [116.3669407, 39.8117441]]]]}}, {"type": "Feature", "properties": {"building": "apartments", "source": "osm"}, "geometry": {"type": "MultiPolygon", "coordinates": [[[[116.3664682, 39.8116404], [116.3668303, 39.8116342], [116.3668334, 39.8117441], [116.3664713, 39.8117503], [116.3664682, 39.8116404]]]]}}, {"type": "Feature", "properties": {"building": "apartments", "source": "osm"}, "geometry": {"type": "MultiPolygon", "coordinates": [[[[116.3674396, 39.8117585], [116.3674403, 39.8116494], [116.3680223, 39.8116514], [116.3680217, 39.8117606], [116.3674396, 39.8117585]]]]}}, {"type": "Feature", "properties": {"building": "yes", "source": "osm"}, "geometry": {"type": "MultiPolygon", "coordinates": [[[[116.3674198, 39.8111712], [116.3679804, 39.8111671], [116.3679814, 39.8112496], [116.3674208, 39.8112537], [116.3674198, 39.8111712]]]]}}, {"type": "Feature", "properties": {"building": "yes", "source": "osm"}, "geometry": {"type": "MultiPolygon", "coordinates": [[[[116.3688202, 39.811167], [116.3691404, 39.8111533], [116.369135, 39.811244], [116.368821, 39.8112434], [116.3688202, 39.811167]]]]}}, {"type": "Feature", "properties": {"building": "apartments", "source": "osm"}, "geometry": {"type": "MultiPolygon", "coordinates": [[[[116.3684055, 39.8117688], [116.3684191, 39.811641], [116.3688062, 39.8116356], [116.3688049, 39.8117729], [116.3684055, 39.8117688]]]]}}, {"type": "Feature", "properties": {"building": "apartments", "source": "osm"}, "geometry": {"type": "MultiPolygon", "coordinates": [[[[116.369171, 39.812103], [116.3691782, 39.8119523], [116.3695019, 39.8119632], [116.369509, 39.812114], [116.369171, 39.812103]]]]}}, {"type": "Feature", "properties": {"building": "apartments", "source": "osm"}, "geometry": {"type": "MultiPolygon", "coordinates": [[[[116.369454, 39.8117791], [116.369456, 39.8116867], [116.3702473, 39.811697], [116.3702452, 39.8117894], [116.369454, 39.8117791]]]]}}, {"type": "Feature", "properties": {"building": "apartments", "source": "osm"}, "geometry": {"type": "MultiPolygon", "coordinates": [[[[116.3693064, 39.8122727], [116.3703159, 39.8122817], [116.3702908, 39.8124137], [116.36931, 39.812406], [116.3693064, 39.8122727]]]]}}, {"type": "Feature", "properties": {"building": "yes", "source": "osm"}, "geometry": {"type": "MultiPolygon", "coordinates": [[[[116.3699448, 39.8133841], [116.369948, 39.8133019], [116.3701251, 39.8133061], [116.3701218, 39.8133882], [116.3699448, 39.8133841]]]]}}, {"type": "Feature", "properties": {"building": "yes", "source": "osm"}, "geometry": {"type": "MultiPolygon", "coordinates": [[[[116.3699234, 39.8135819], [116.370272, 39.8135819], [116.370272, 39.8136828], [116.3699234, 39.8136828], [116.3699234, 39.8135819]]]]}}, {"type": "Feature", "properties": {"building": "apartments", "source": "osm"}, "geometry": {"type": "MultiPolygon", "coordinates": [[[[116.3694808, 39.8136828], [116.3694857, 39.8135726], [116.3698773, 39.8135829], [116.3698724, 39.8136931], [116.3694808, 39.8136828]]]]}}, {"type": "Feature", "properties": {"building": "apartments", "source": "osm"}, "geometry": {"type": "MultiPolygon", "coordinates": [[[[116.3697031, 39.8129034], [116.3702332, 39.8129151], [116.3702291, 39.8130318], [116.3697113, 39.8130248], [116.3697031, 39.8129034]]]]}}, {"type": "Feature", "properties": {"building": "apartments", "source": "osm"}, "geometry": {"type": "MultiPolygon", "coordinates": [[[[116.3675415, 39.8130235], [116.3675422, 39.8129268], [116.3680572, 39.8129289], [116.3680565, 39.8130256], [116.3675415, 39.8130235]]]]}}, {"type": "Feature", "properties": {"building": "apartments", "source": "osm"}, "geometry": {"type": "MultiPolygon", "coordinates": [[[[116.3685638, 39.8126572], [116.3685729, 39.8125346], [116.3689545, 39.8125332], [116.3689596, 39.8126559], [116.3685638, 39.8126572]]]]}}, {"type": "Feature", "properties": {"building": "apartments", "source": "osm"}, "geometry": {"type": "MultiPolygon", "coordinates": [[[[116.3687003, 39.8130091], [116.3687146, 39.8128509], [116.3689379, 39.8128544], [116.3689288, 39.8130097], [116.3687003, 39.8130091]]]]}}, {"type": "Feature", "properties": {"building": "apartments", "source": "osm"}, "geometry": {"type": "MultiPolygon", "coordinates": [[[[116.3690972, 39.8134047], [116.3691034, 39.8132982], [116.3693448, 39.8133065], [116.3693386, 39.8134129], [116.3690972, 39.8134047]]]]}}, {"type": "Feature", "properties": {"building": "yes", "source": "osm"}, "geometry": {"type": "MultiPolygon", "coordinates": [[[[116.3639367, 39.8099989], [116.3639384, 39.8099413], [116.3644051, 39.8099495], [116.3644034, 39.8100072], [116.3639367, 39.8099989]]]]}}, {"type": "Feature", "properties": {"building": "yes", "source": "osm"}, "geometry": {"type": "MultiPolygon", "coordinates": [[[[116.364162, 39.8098671], [116.3641653, 39.8097394], [116.3644335, 39.8097435], [116.3644302, 39.8098712], [116.364162, 39.8098671]]]]}}, {"type": "Feature", "properties": {"building": "yes", "source": "osm"}, "geometry": {"type": "MultiPolygon", "coordinates": [[[[116.3640869, 39.8095827], [116.3640904, 39.8094098], [116.3647664, 39.8094181], [116.3647628, 39.809591], [116.3640869, 39.8095827]]]]}}, {"type": "Feature", "properties": {"building": "apartments", "source": "osm"}, "geometry": {"type": "MultiPolygon", "coordinates": [[[[116.3662139, 39.8162726], [116.3662147, 39.8161347], [116.3667726, 39.8161368], [116.3667718, 39.8162746], [116.3662139, 39.8162726]]]]}}, {"type": "Feature", "properties": {"building": "apartments", "source": "osm"}, "geometry": {"type": "MultiPolygon", "coordinates": [[[[116.3660663, 39.8161283], [116.3661817, 39.8161283], [116.3661817, 39.8162293], [116.3660663, 39.8162293], [116.3660663, 39.8161283]]]]}}, {"type": "Feature", "properties": {"building": "apartments", "source": "osm"}, "geometry": {"type": "MultiPolygon", "coordinates": [[[[116.3661056, 39.8153617], [116.3667654, 39.8153576], [116.3667664, 39.8154526], [116.3661066, 39.8154567], [116.3661056, 39.8153617]]]]}}, {"type": "Feature", "properties": {"building": "apartments", "source": "osm"}, "geometry": {"type": "MultiPolygon", "coordinates": [[[[116.3662621, 39.8157638], [116.3667825, 39.8157556], [116.3667852, 39.8158564], [116.3662648, 39.8158646], [116.3662621, 39.8157638]]]]}}, {"type": "Feature", "properties": {"building": "apartments", "source": "osm"}, "geometry": {"type": "MultiPolygon", "coordinates": [[[[116.3661147, 39.8157368], [116.3662435, 39.8157327], [116.3662487, 39.8158296], [116.36612, 39.8158337], [116.3661147, 39.8157368]]]]}}, {"type": "Feature", "properties": {"building": "apartments", "source": "osm"}, "geometry": {"type": "MultiPolygon", "coordinates": [[[[116.3653502, 39.8156483], [116.3659108, 39.8156483], [116.3659108, 39.8157431], [116.3653502, 39.8157431], [116.3653502, 39.8156483]]]]}}, {"type": "Feature", "properties": {"building": "apartments", "source": "osm"}, "geometry": {"type": "MultiPolygon", "coordinates": [[[[116.3651946, 39.8157039], [116.3651968, 39.8156174], [116.3653363, 39.8156195], [116.3653341, 39.815706], [116.3651946, 39.8157039]]]]}}, {"type": "Feature", "properties": {"building": "apartments", "source": "osm"}, "geometry": {"type": "MultiPolygon", "coordinates": [[[[116.3653395, 39.8160192], [116.3658893, 39.8160192], [116.3658893, 39.8161283], [116.3653395, 39.8161283], [116.3653395, 39.8160192]]]]}}, {"type": "Feature", "properties": {"building": "apartments", "source": "osm"}, "geometry": {"type": "MultiPolygon", "coordinates": [[[[116.3651893, 39.8161016], [116.3651979, 39.8159998], [116.3653213, 39.816006], [116.3653126, 39.8161077], [116.3651893, 39.8161016]]]]}}, {"type": "Feature", "properties": {"building": "apartments", "source": "osm"}, "geometry": {"type": "MultiPolygon", "coordinates": [[[[116.3644946, 39.8158358], [116.3644961, 39.8157353], [116.3649467, 39.8157394], [116.3649452, 39.8158399], [116.3644946, 39.8158358]]]]}}, {"type": "Feature", "properties": {"building": "apartments", "source": "osm"}, "geometry": {"type": "MultiPolygon", "coordinates": [[[[116.3641566, 39.8157946], [116.3641578, 39.8156876], [116.3644743, 39.8156897], [116.3644731, 39.8157967], [116.3641566, 39.8157946]]]]}}, {"type": "Feature", "properties": {"building": "apartments", "source": "osm"}, "geometry": {"type": "MultiPolygon", "coordinates": [[[[116.3643524, 39.8161139], [116.3650551, 39.8161139], [116.3650551, 39.8162314], [116.3643524, 39.8162314], [116.3643524, 39.8161139]]]]}}, {"type": "Feature", "properties": {"building": "apartments", "source": "osm"}, "geometry": {"type": "MultiPolygon", "coordinates": [[[[116.364197, 39.8160995], [116.3643365, 39.8160974], [116.364339, 39.8161984], [116.3641995, 39.8162005], [116.364197, 39.8160995]]]]}}, {"type": "Feature", "properties": {"building": "apartments", "source": "osm"}, "geometry": {"type": "MultiPolygon", "coordinates": [[[[116.3657364, 39.8152816], [116.3659322, 39.8152816], [116.3659322, 39.8153867], [116.3657364, 39.8153867], [116.3657364, 39.8152816]]]]}}, {"type": "Feature", "properties": {"building": "apartments", "source": "osm"}, "geometry": {"type": "MultiPolygon", "coordinates": [[[[116.3652103, 39.8152524], [116.3656985, 39.8152442], [116.3657016, 39.8153516], [116.3652134, 39.8153599], [116.3652103, 39.8152524]]]]}}, {"type": "Feature", "properties": {"building": "apartments", "source": "osm"}, "geometry": {"type": "MultiPolygon", "coordinates": [[[[116.364685, 39.8152342], [116.3650176, 39.8152342], [116.3650176, 39.8153352], [116.364685, 39.8153352], [116.364685, 39.8152342]]]]}}, {"type": "Feature", "properties": {"building": "yes", "source": "osm"}, "geometry": {"type": "MultiPolygon", "coordinates": [[[[116.3642397, 39.8153722], [116.3642408, 39.8153084], [116.3644607, 39.8153104], [116.3644597, 39.8153743], [116.3642397, 39.8153722]]]]}}, {"type": "Feature", "properties": {"building": "apartments", "source": "osm"}, "geometry": {"type": "MultiPolygon", "coordinates": [[[[116.3641754, 39.8150632], [116.3641815, 39.8149458], [116.3645168, 39.8149561], [116.3645107, 39.8150735], [116.3641754, 39.8150632]]]]}}, {"type": "Feature", "properties": {"building": "apartments", "source": "osm"}, "geometry": {"type": "MultiPolygon", "coordinates": [[[[116.3645938, 39.8147377], [116.364595, 39.8146039], [116.3649839, 39.814606], [116.3649827, 39.8147398], [116.3645938, 39.8147377]]]]}}, {"type": "Feature", "properties": {"building": "apartments", "source": "osm"}, "geometry": {"type": "MultiPolygon", "coordinates": [[[[116.3641727, 39.8144637], [116.3641795, 39.8143286], [116.3645952, 39.814341], [116.3645884, 39.814476], [116.3641727, 39.8144637]]]]}}, {"type": "Feature", "properties": {"building": "apartments", "source": "osm"}, "geometry": {"type": "MultiPolygon", "coordinates": [[[[116.3654628, 39.8147439], [116.3654641, 39.8145998], [116.3658557, 39.8146018], [116.3658544, 39.8147459], [116.3654628, 39.8147439]]]]}}, {"type": "Feature", "properties": {"building": "apartments", "source": "osm"}, "geometry": {"type": "MultiPolygon", "coordinates": [[[[116.3649969, 39.8142927], [116.3654233, 39.8142886], [116.3654253, 39.8144081], [116.3649988, 39.8144122], [116.3649969, 39.8142927]]]]}}, {"type": "Feature", "properties": {"building": "apartments", "source": "osm"}, "geometry": {"type": "MultiPolygon", "coordinates": [[[[116.3662857, 39.8146242], [116.3667229, 39.8146118], [116.3667288, 39.8147356], [116.3662916, 39.814748], [116.3662857, 39.8146242]]]]}}, {"type": "Feature", "properties": {"building": "apartments", "source": "osm"}, "geometry": {"type": "MultiPolygon", "coordinates": [[[[116.3658518, 39.8144287], [116.3658527, 39.8143009], [116.3663087, 39.814303], [116.3663077, 39.8144307], [116.3658518, 39.8144287]]]]}}, {"type": "Feature", "properties": {"building": "apartments", "source": "osm"}, "geometry": {"type": "MultiPolygon", "coordinates": [[[[116.3668576, 39.8137714], [116.3668581, 39.8136726], [116.3675072, 39.8136746], [116.3675067, 39.8137735], [116.3668576, 39.8137714]]]]}}, {"type": "Feature", "properties": {"building": "apartments", "source": "osm"}, "geometry": {"type": "MultiPolygon", "coordinates": [[[[116.3658088, 39.8137652], [116.3658115, 39.8136643], [116.3664793, 39.8136746], [116.3664767, 39.8137755], [116.3658088, 39.8137652]]]]}}, {"type": "Feature", "properties": {"building": "apartments", "source": "osm"}, "geometry": {"type": "MultiPolygon", "coordinates": [[[[116.3653046, 39.8136169], [116.365307, 39.8135079], [116.3657897, 39.8135141], [116.3657874, 39.8136231], [116.3653046, 39.8136169]]]]}}, {"type": "Feature", "properties": {"building": "apartments", "source": "osm"}, "geometry": {"type": "MultiPolygon", "coordinates": [[[[116.3659425, 39.8132978], [116.3674964, 39.8133251], [116.3674933, 39.81345], [116.3659456, 39.8134274], [116.3659425, 39.8132978]]]]}}, {"type": "Feature", "properties": {"building": "yes", "source": "osm"}, "geometry": {"type": "MultiPolygon", "coordinates": [[[[116.3676918, 39.8133655], [116.3676944, 39.8132356], [116.3678661, 39.8132376], [116.3678634, 39.8133676], [116.3676918, 39.8133655]]]]}}, {"type": "Feature", "properties": {"building": "apartments", "source": "osm"}, "geometry": {"type": "MultiPolygon", "coordinates": [[[[116.3680834, 39.8133079], [116.3684696, 39.8133079], [116.3684696, 39.8134129], [116.3680834, 39.8134129], [116.3680834, 39.8133079]]]]}}, {"type": "Feature", "properties": {"building": "apartments", "source": "osm"}, "geometry": {"type": "MultiPolygon", "coordinates": [[[[116.3684979, 39.8136891], [116.3688412, 39.813687], [116.3688424, 39.8138085], [116.3684991, 39.8138106], [116.3684979, 39.8136891]]]]}}, {"type": "Feature", "properties": {"building": "apartments", "source": "osm"}, "geometry": {"type": "MultiPolygon", "coordinates": [[[[116.3675791, 39.8137817], [116.3675802, 39.8136665], [116.367961, 39.8136685], [116.36796, 39.8137838], [116.3675791, 39.8137817]]]]}}, {"type": "Feature", "properties": {"building": "apartments", "source": "osm"}, "geometry": {"type": "MultiPolygon", "coordinates": [[[[116.3675387, 39.8143377], [116.3679651, 39.8143316], [116.367968, 39.8144493], [116.3675415, 39.8144554], [116.3675387, 39.8143377]]]]}}, {"type": "Feature", "properties": {"building": "apartments", "source": "osm"}, "geometry": {"type": "MultiPolygon", "coordinates": [[[[116.3671553, 39.814577], [116.3675228, 39.814577], [116.3675228, 39.8147109], [116.3671553, 39.8147109], [116.3671553, 39.814577]]]]}}, {"type": "Feature", "properties": {"building": "apartments", "source": "osm"}, "geometry": {"type": "MultiPolygon", "coordinates": [[[[116.3668615, 39.8143277], [116.3671405, 39.8143256], [116.3671419, 39.814439], [116.366863, 39.814441], [116.3668615, 39.8143277]]]]}}, {"type": "Feature", "properties": {"building": "apartments", "source": "osm"}, "geometry": {"type": "MultiPolygon", "coordinates": [[[[116.3680001, 39.814657], [116.3684212, 39.8146508], [116.368424, 39.8147645], [116.3680029, 39.8147707], [116.3680001, 39.814657]]]]}}, {"type": "Feature", "properties": {"building": "apartments", "source": "osm"}, "geometry": {"type": "MultiPolygon", "coordinates": [[[[116.3679036, 39.8156071], [116.3679042, 39.815498], [116.3685935, 39.8155001], [116.368593, 39.8156092], [116.3679036, 39.8156071]]]]}}, {"type": "Feature", "properties": {"building": "apartments", "source": "osm"}, "geometry": {"type": "MultiPolygon", "coordinates": [[[[116.3688773, 39.8147665], [116.3688797, 39.8146329], [116.3692713, 39.814637], [116.3692689, 39.8147707], [116.3688773, 39.8147665]]]]}}, {"type": "Feature", "properties": {"building": "apartments", "source": "osm"}, "geometry": {"type": "MultiPolygon", "coordinates": [[[[116.36843, 39.8143127], [116.3688269, 39.8143086], [116.368829, 39.8144266], [116.368432, 39.8144307], [116.36843, 39.8143127]]]]}}, {"type": "Feature", "properties": {"building": "apartments", "source": "osm"}, "geometry": {"type": "MultiPolygon", "coordinates": [[[[116.3693138, 39.8143646], [116.3696035, 39.8143584], [116.3696068, 39.8144513], [116.3693172, 39.8144575], [116.3693138, 39.8143646]]]]}}, {"type": "Feature", "properties": {"building": "apartments", "source": "osm"}, "geometry": {"type": "MultiPolygon", "coordinates": [[[[116.3697731, 39.8146058], [116.3697742, 39.8144844], [116.3701739, 39.8144864], [116.3701728, 39.8146079], [116.3697731, 39.8146058]]]]}}, {"type": "Feature", "properties": {"building": "apartments", "source": "osm"}, "geometry": {"type": "MultiPolygon", "coordinates": [[[[116.3695741, 39.8151126], [116.3702634, 39.8151105], [116.370264, 39.815226], [116.3695747, 39.815228], [116.3695741, 39.8151126]]]]}}, {"type": "Feature", "properties": {"building": "apartments", "source": "osm"}, "geometry": {"type": "MultiPolygon", "coordinates": [[[[116.3700748, 39.8155609], [116.3701982, 39.8155568], [116.3702023, 39.8156298], [116.3700789, 39.8156339], [116.3700748, 39.8155609]]]]}}, {"type": "Feature", "properties": {"building": "apartments", "source": "osm"}, "geometry": {"type": "MultiPolygon", "coordinates": [[[[116.3696158, 39.8155655], [116.3700477, 39.8155614], [116.3700494, 39.8156689], [116.3696176, 39.815673], [116.3696158, 39.8155655]]]]}}, {"type": "Feature", "properties": {"building": "apartments", "source": "osm"}, "geometry": {"type": "MultiPolygon", "coordinates": [[[[116.369026, 39.8153246], [116.3695169, 39.8153205], [116.3695183, 39.8154238], [116.3690275, 39.8154279], [116.369026, 39.8153246]]]]}}, {"type": "Feature", "properties": {"building": "apartments", "source": "osm"}, "geometry": {"type": "MultiPolygon", "coordinates": [[[[116.3686788, 39.8153887], [116.3686812, 39.815282], [116.368995, 39.8152861], [116.3689926, 39.8153928], [116.3686788, 39.8153887]]]]}}, {"type": "Feature", "properties": {"building": "apartments", "source": "osm"}, "geometry": {"type": "MultiPolygon", "coordinates": [[[[116.3687607, 39.8156968], [116.3688934, 39.8156957], [116.3688947, 39.8157936], [116.368762, 39.8157946], [116.3687607, 39.8156968]]]]}}, {"type": "Feature", "properties": {"building": "apartments", "source": "osm"}, "geometry": {"type": "MultiPolygon", "coordinates": [[[[116.3689066, 39.8157245], [116.3694511, 39.8157163], [116.369454, 39.8158296], [116.3689095, 39.8158379], [116.3689066, 39.8157245]]]]}}, {"type": "Feature", "properties": {"building": "yes", "source": "osm"}, "geometry": {"type": "MultiPolygon", "coordinates": [[[[116.3697356, 39.8167711], [116.3699877, 39.8167279], [116.370064, 39.8169358], [116.37061, 39.8168268], [116.3706648, 39.81701], [116.3698456, 39.8171502], [116.3697356, 39.8167711]]]]}}, {"type": "Feature", "properties": {"building": "yes", "source": "osm"}, "geometry": {"type": "MultiPolygon", "coordinates": [[[[116.369684, 39.8165998], [116.3703009, 39.8165051], [116.3703257, 39.8166001], [116.3697088, 39.8166949], [116.369684, 39.8165998]]]]}}, {"type": "Feature", "properties": {"building": "yes", "source": "osm"}, "geometry": {"type": "MultiPolygon", "coordinates": [[[[116.3654119, 39.808023], [116.365656, 39.8078108], [116.3658652, 39.807784], [116.3660181, 39.8076665], [116.3660207, 39.8075367], [116.3661709, 39.8073863], [116.3663533, 39.8073018], [116.3664231, 39.8073781], [116.3661736, 39.8075429], [116.3661763, 39.8077077], [116.3659242, 39.8079097], [116.3657096, 39.8079179], [116.3655165, 39.8080992], [116.3654119, 39.808023]]]]}}, {"type": "Feature", "properties": {"building": "apartments", "source": "osm"}, "geometry": {"type": "MultiPolygon", "coordinates": [[[[116.3685346, 39.8078226], [116.3685467, 39.8070492], [116.3690512, 39.8070538], [116.3690493, 39.8071706], [116.3686808, 39.8071672], [116.3686716, 39.8077527], [116.3689876, 39.8077556], [116.3689843, 39.8079689], [116.3688708, 39.8079678], [116.368873, 39.8078257], [116.3685346, 39.8078226]]]]}}, {"type": "Feature", "properties": {"building": "apartments", "source": "osm"}, "geometry": {"type": "MultiPolygon", "coordinates": [[[[116.3657658, 39.8080563], [116.3663457, 39.8080557], [116.3663449, 39.8075999], [116.3669809, 39.8075992], [116.3669811, 39.8077054], [116.3664897, 39.8077059], [116.3664905, 39.8081566], [116.3659013, 39.8081572], [116.3659014, 39.8082187], [116.3657661, 39.8082188], [116.3657658, 39.8080563]]]]}}, {"type": "Feature", "properties": {"building": "apartments", "source": "osm"}, "geometry": {"type": "MultiPolygon", "coordinates": [[[[116.3673251, 39.8072824], [116.3680332, 39.807268], [116.3680378, 39.8073987], [116.3673297, 39.8074131], [116.3673251, 39.8072824]]]]}}, {"type": "Feature", "properties": {"building": "yes", "source": "osm"}, "geometry": {"type": "MultiPolygon", "coordinates": [[[[116.3677829, 39.808602], [116.3677858, 39.8084868], [116.3680648, 39.8084909], [116.3680619, 39.8086061], [116.3677829, 39.808602]]]]}}, {"type": "Feature", "properties": {"building": "apartments", "source": "osm"}, "geometry": {"type": "MultiPolygon", "coordinates": [[[[116.3675871, 39.8082702], [116.3675887, 39.8081592], [116.3680876, 39.8081634], [116.368086, 39.8082744], [116.3675871, 39.8082702]]]]}}, {"type": "Feature", "properties": {"building": "yes", "source": "osm"}, "geometry": {"type": "MultiPolygon", "coordinates": [[[[116.3676998, 39.8076027], [116.3680251, 39.8075992], [116.3680305, 39.807898], [116.3677052, 39.8079014], [116.3676998, 39.8076027]]]]}}, {"type": "Feature", "properties": {"building": "yes", "source": "osm"}, "geometry": {"type": "MultiPolygon", "coordinates": [[[[116.3691723, 39.8074378], [116.3691754, 39.8073165], [116.3695885, 39.8073226], [116.3695854, 39.807444], [116.3691723, 39.8074378]]]]}}, {"type": "Feature", "properties": {"building": "yes", "source": "osm"}, "geometry": {"type": "MultiPolygon", "coordinates": [[[[116.3692097, 39.8078065], [116.3695691, 39.8078023], [116.369572, 39.8079509], [116.3692126, 39.807955], [116.3692097, 39.8078065]]]]}}, {"type": "Feature", "properties": {"building": "apartments", "source": "osm"}, "geometry": {"type": "MultiPolygon", "coordinates": [[[[116.3691345, 39.8081978], [116.3695743, 39.8081917], [116.3695773, 39.8083176], [116.3691375, 39.8083238], [116.3691345, 39.8081978]]]]}}, {"type": "Feature", "properties": {"building": "apartments", "source": "osm"}, "geometry": {"type": "MultiPolygon", "coordinates": [[[[116.368475, 39.8084784], [116.3684808, 39.8083694], [116.3689341, 39.8083838], [116.3689283, 39.8084928], [116.368475, 39.8084784]]]]}}, {"type": "Feature", "properties": {"building": "apartments", "source": "osm"}, "geometry": {"type": "MultiPolygon", "coordinates": [[[[116.3667422, 39.8085072], [116.3667454, 39.8084085], [116.3674105, 39.8084208], [116.3674074, 39.8085196], [116.3667422, 39.8085072]]]]}}, {"type": "Feature", "properties": {"building": "apartments", "source": "osm"}, "geometry": {"type": "MultiPolygon", "coordinates": [[[[116.3651919, 39.8084577], [116.3651957, 39.8083452], [116.3657107, 39.8083556], [116.3657069, 39.808468], [116.3651919, 39.8084577]]]]}}, {"type": "Feature", "properties": {"building": "apartments", "source": "osm"}, "geometry": {"type": "MultiPolygon", "coordinates": [[[[116.365816, 39.8089727], [116.366508, 39.8089686], [116.3665089, 39.8090594], [116.3658169, 39.8090635], [116.365816, 39.8089727]]]]}}, {"type": "Feature", "properties": {"building": "apartments", "source": "osm"}, "geometry": {"type": "MultiPolygon", "coordinates": [[[[116.3651356, 39.8092304], [116.3651366, 39.8090965], [116.365614, 39.8090986], [116.365613, 39.8092325], [116.3651356, 39.8092304]]]]}}, {"type": "Feature", "properties": {"building": "apartments", "source": "osm"}, "geometry": {"type": "MultiPolygon", "coordinates": [[[[116.3675169, 39.8088964], [116.3675346, 39.808781], [116.3675898, 39.8087844], [116.367592, 39.8087572], [116.367782, 39.8087589], [116.3677776, 39.8087979], [116.3678571, 39.8087979], [116.3678593, 39.8087487], [116.3680427, 39.8087419], [116.3680471, 39.8088115], [116.3681598, 39.8088098], [116.368151, 39.8089643], [116.3681068, 39.808966], [116.3681112, 39.809229], [116.3679742, 39.809229], [116.3679831, 39.8089388], [116.3675765, 39.8089405], [116.3675655, 39.8088998], [116.3675169, 39.8088964]]]]}}, {"type": "Feature", "properties": {"building": "apartments", "source": "osm"}, "geometry": {"type": "MultiPolygon", "coordinates": [[[[116.3684471, 39.809015], [116.3684626, 39.8088182], [116.3693065, 39.8088283], [116.3692999, 39.8090184], [116.3684471, 39.809015]]]]}}, {"type": "Feature", "properties": {"building": "house", "name": "和义西里建材市场", "amenity": "marketplace", "source": "osm"}, "geometry": {"type": "MultiPolygon", "coordinates": [[[[116.3937945, 39.8117708], [116.3937998, 39.8112763], [116.3945133, 39.8112722], [116.3944972, 39.8117626], [116.3937945, 39.8117708]]]]}}, {"type": "Feature", "properties": {"building": "yes", "name": "和义西里海鲜蔬果市场", "amenity": "marketplace", "source": "osm"}, "geometry": {"type": "MultiPolygon", "coordinates": [[[[116.3937686, 39.8111267], [116.3937965, 39.8107316], [116.3942979, 39.810764], [116.3942724, 39.8111306], [116.3937686, 39.8111267]]]]}}, {"type": "Feature", "properties": {"building": "yes", "name": "福源超市", "shop": "supermarket", "source": "osm"}, "geometry": {"type": "MultiPolygon", "coordinates": [[[[116.3965978, 39.8121134], [116.3966155, 39.8115697], [116.3971252, 39.8115833], [116.3970827, 39.8121189], [116.3965978, 39.8121134]]]]}}, {"type": "Feature", "properties": {"building": "yes", "name": "丰台公安局和义派出所", "amenity": "police", "source": "osm"}, "geometry": {"type": "MultiPolygon", "coordinates": [[[[116.3996596, 39.8127655], [116.3998044, 39.8124721], [116.3996874, 39.8124531], [116.3997033, 39.8123392], [116.3999831, 39.8123608], [116.3999677, 39.8124413], [116.3999585, 39.8125312], [116.3999123, 39.8126874], [116.3998907, 39.8127821], [116.3996596, 39.8127655]]]]}}, {"type": "Feature", "properties": {"building": "apartments", "name": "和义东里二区1号楼", "source": "osm"}, "geometry": {"type": "MultiPolygon", "coordinates": [[[[116.4026469, 39.8120237], [116.4036416, 39.8120093], [116.4036323, 39.8121636], [116.4026656, 39.8121851], [116.4026469, 39.8120237]]]]}}, {"type": "Feature", "properties": {"building": "apartments", "name": "和义东里二区2号楼", "source": "osm"}, "geometry": {"type": "MultiPolygon", "coordinates": [[[[116.4026049, 39.8116721], [116.4036323, 39.811647], [116.4036323, 39.8118335], [116.4026189, 39.8118515], [116.4026049, 39.8116721]]]]}}, {"type": "Feature", "properties": {"building": "apartments", "name": "和义东里二区3号楼", "source": "osm"}, "geometry": {"type": "MultiPolygon", "coordinates": [[[[116.4026002, 39.8114999], [116.4026049, 39.8113134], [116.4036229, 39.8113062], [116.4036276, 39.8114712], [116.4026002, 39.8114999]]]]}}, {"type": "Feature", "properties": {"building": "apartments", "source": "osm"}, "geometry": {"type": "MultiPolygon", "coordinates": [[[[116.4078578, 39.8055792], [116.4078615, 39.8054869], [116.4084731, 39.8055013], [116.4084694, 39.8055937], [116.4078578, 39.8055792]]]]}}, {"type": "Feature", "properties": {"building": "apartments", "source": "osm"}, "geometry": {"type": "MultiPolygon", "coordinates": [[[[116.4076433, 39.8057771], [116.4076518, 39.8056805], [116.40781, 39.8056888], [116.4078015, 39.8057853], [116.4076433, 39.8057771]]]]}}, {"type": "Feature", "properties": {"building": "apartments", "source": "osm"}, "geometry": {"type": "MultiPolygon", "coordinates": [[[[116.4074635, 39.8056349], [116.4076218, 39.8056349], [116.4076218, 39.8057214], [116.4074635, 39.8057214], [116.4074635, 39.8056349]]]]}}, {"type": "Feature", "properties": {"building": "apartments", "source": "osm"}, "geometry": {"type": "MultiPolygon", "coordinates": [[[[116.4072844, 39.8055817], [116.4074373, 39.8055796], [116.4074394, 39.805674], [116.4072865, 39.8056761], [116.4072844, 39.8055817]]]]}}, {"type": "Feature", "properties": {"building": "apartments", "source": "osm"}, "geometry": {"type": "MultiPolygon", "coordinates": [[[[116.40708, 39.8054721], [116.4070856, 39.8054], [116.4072653, 39.8054082], [116.4072597, 39.8054803], [116.40708, 39.8054721]]]]}}, {"type": "Feature", "properties": {"building": "apartments", "source": "osm"}, "geometry": {"type": "MultiPolygon", "coordinates": [[[[116.4068708, 39.8054144], [116.4068754, 39.8053662], [116.4070578, 39.8053765], [116.4070532, 39.8054247], [116.4068708, 39.8054144]]]]}}, {"type": "Feature", "properties": {"building": "apartments", "source": "osm"}, "geometry": {"type": "MultiPolygon", "coordinates": [[[[116.4066884, 39.8052928], [116.4068815, 39.8052928], [116.4068815, 39.8053588], [116.4066884, 39.8053588], [116.4066884, 39.8052928]]]]}}, {"type": "Feature", "properties": {"building": "apartments", "source": "osm"}, "geometry": {"type": "MultiPolygon", "coordinates": [[[[116.4055845, 39.8045328], [116.4057616, 39.8045308], [116.405763, 39.8046046], [116.405586, 39.8046067], [116.4055845, 39.8045328]]]]}}, {"type": "Feature", "properties": {"building": "apartments", "source": "osm"}, "geometry": {"type": "MultiPolygon", "coordinates": [[[[116.40541, 39.8044565], [116.4055816, 39.8044544], [116.4055833, 39.8045366], [116.4054117, 39.8045387], [116.40541, 39.8044565]]]]}}, {"type": "Feature", "properties": {"building": "apartments", "source": "osm"}, "geometry": {"type": "MultiPolygon", "coordinates": [[[[116.4052076, 39.8044213], [116.4053766, 39.8044172], [116.4053795, 39.8044872], [116.4052105, 39.8044913], [116.4052076, 39.8044213]]]]}}, {"type": "Feature", "properties": {"building": "apartments", "source": "osm"}, "geometry": {"type": "MultiPolygon", "coordinates": [[[[116.4050397, 39.8043538], [116.4051926, 39.8043517], [116.4051944, 39.8044295], [116.4050415, 39.8044315], [116.4050397, 39.8043538]]]]}}, {"type": "Feature", "properties": {"building": "apartments", "source": "osm"}, "geometry": {"type": "MultiPolygon", "coordinates": [[[[116.4055833, 39.8041327], [116.4055861, 39.8040631], [116.4062968, 39.8040796], [116.4062941, 39.8041492], [116.4055833, 39.8041327]]]]}}, {"type": "Feature", "properties": {"building": "apartments", "source": "osm"}, "geometry": {"type": "MultiPolygon", "coordinates": [[[[116.405012, 39.8040812], [116.4050161, 39.8040173], [116.4055659, 39.8040379], [116.4055619, 39.8041018], [116.405012, 39.8040812]]]]}}, {"type": "Feature", "properties": {"building": "apartments", "source": "osm"}, "geometry": {"type": "MultiPolygon", "coordinates": [[[[116.4058784, 39.8046973], [116.4058816, 39.8046145], [116.4062437, 39.8046227], [116.4062405, 39.8047056], [116.4058784, 39.8046973]]]]}}, {"type": "Feature", "properties": {"building": "apartments", "source": "osm"}, "geometry": {"type": "MultiPolygon", "coordinates": [[[[116.4064282, 39.8049714], [116.4064324, 39.8049034], [116.407119, 39.8049282], [116.4071149, 39.8049961], [116.4064282, 39.8049714]]]]}}, {"type": "Feature", "properties": {"building": "apartments", "source": "osm"}, "geometry": {"type": "MultiPolygon", "coordinates": [[[[116.4064282, 39.8046623], [116.4064352, 39.8045436], [116.4068509, 39.804558], [116.406844, 39.8046767], [116.4064282, 39.8046623]]]]}}, {"type": "Feature", "properties": {"building": "yes", "source": "osm"}, "geometry": {"type": "MultiPolygon", "coordinates": [[[[116.4067823, 39.8041245], [116.4067896, 39.804017], [116.4072483, 39.8040355], [116.4072409, 39.804143], [116.4067823, 39.8041245]]]]}}, {"type": "Feature", "properties": {"building": "yes", "source": "osm"}, "geometry": {"type": "MultiPolygon", "coordinates": [[[[116.406447, 39.8042419], [116.4064562, 39.8040912], [116.4066278, 39.8040974], [116.4066187, 39.8042481], [116.406447, 39.8042419]]]]}}, {"type": "Feature", "properties": {"building": "apartments", "source": "osm"}, "geometry": {"type": "MultiPolygon", "coordinates": [[[[116.4075842, 39.8052434], [116.4075891, 39.805166], [116.4082007, 39.8051886], [116.4081958, 39.805266], [116.4075842, 39.8052434]]]]}}, {"type": "Feature", "properties": {"building": "apartments", "source": "osm"}, "geometry": {"type": "MultiPolygon", "coordinates": [[[[116.4079732, 39.8048972], [116.4079825, 39.8047954], [116.4081354, 39.8048036], [116.4081261, 39.8049055], [116.4079732, 39.8048972]]]]}}, {"type": "Feature", "properties": {"building": "apartments", "source": "osm"}, "geometry": {"type": "MultiPolygon", "coordinates": [[[[116.4073724, 39.8049261], [116.4073769, 39.8048478], [116.407916, 39.8048664], [116.4079115, 39.8049446], [116.4073724, 39.8049261]]]]}}, {"type": "Feature", "properties": {"building": "apartments", "source": "osm"}, "geometry": {"type": "MultiPolygon", "coordinates": [[[[116.4079866, 39.804549], [116.4079919, 39.8044235], [116.4081555, 39.8044277], [116.4081502, 39.8045531], [116.4079866, 39.804549]]]]}}, {"type": "Feature", "properties": {"building": "apartments", "source": "osm"}, "geometry": {"type": "MultiPolygon", "coordinates": [[[[116.4073616, 39.8045613], [116.4073645, 39.8044826], [116.4079358, 39.804495], [116.4079329, 39.8045737], [116.4073616, 39.8045613]]]]}}, {"type": "Feature", "properties": {"building": "apartments", "source": "osm"}, "geometry": {"type": "MultiPolygon", "coordinates": [[[[116.407316, 39.8041204], [116.4073194, 39.8040591], [116.4082582, 39.80409], [116.4082548, 39.8041513], [116.407316, 39.8041204]]]]}}, {"type": "Feature", "properties": {"building": "yes", "source": "osm"}, "geometry": {"type": "MultiPolygon", "coordinates": [[[[116.4067045, 39.796028], [116.4067175, 39.7955883], [116.4083697, 39.7956172], [116.4083567, 39.7960569], [116.4067045, 39.796028]]]]}}, {"type": "Feature", "properties": {"building": "yes", "source": "osm"}, "geometry": {"type": "MultiPolygon", "coordinates": [[[[116.4070424, 39.7997085], [116.4070482, 39.7995588], [116.4081452, 39.7995836], [116.4081395, 39.7997333], [116.4070424, 39.7997085]]]]}}, {"type": "Feature", "properties": {"building": "yes", "source": "osm"}, "geometry": {"type": "MultiPolygon", "coordinates": [[[[116.4076701, 39.7993067], [116.4076781, 39.7991387], [116.4081878, 39.7991531], [116.4081797, 39.7993211], [116.4076701, 39.7993067]]]]}}, {"type": "Feature", "properties": {"building": "yes", "source": "osm"}, "geometry": {"type": "MultiPolygon", "coordinates": [[[[116.4070693, 39.7993088], [116.4070732, 39.7991602], [116.4075963, 39.7991684], [116.4075923, 39.799317], [116.4070693, 39.7993088]]]]}}, {"type": "Feature", "properties": {"building": "yes", "source": "osm"}, "geometry": {"type": "MultiPolygon", "coordinates": [[[[116.4072543, 39.7989255], [116.4072588, 39.7987711], [116.4082164, 39.7987876], [116.4082119, 39.798942], [116.4072543, 39.7989255]]]]}}, {"type": "Feature", "properties": {"building": "yes", "source": "osm"}, "geometry": {"type": "MultiPolygon", "coordinates": [[[[116.4068064, 39.8016538], [116.4068124, 39.8015123], [116.4079711, 39.8015411], [116.4079651, 39.8016827], [116.4068064, 39.8016538]]]]}}, {"type": "Feature", "properties": {"building": "yes", "source": "osm"}, "geometry": {"type": "MultiPolygon", "coordinates": [[[[116.4065516, 39.8032611], [116.4065592, 39.8030301], [116.406983, 39.8030383], [116.4069754, 39.8032694], [116.4065516, 39.8032611]]]]}}, {"type": "Feature", "properties": {"building": "yes", "source": "osm"}, "geometry": {"type": "MultiPolygon", "coordinates": [[[[116.4050925, 39.8034795], [116.4051038, 39.8032513], [116.4063751, 39.8032884], [116.4063638, 39.8035166], [116.4050925, 39.8034795]]]]}}, {"type": "Feature", "properties": {"building": "yes", "source": "osm"}, "geometry": {"type": "MultiPolygon", "coordinates": [[[[116.4068212, 39.8024282], [116.4068235, 39.8022827], [116.4079805, 39.8023096], [116.408019, 39.8023135], [116.408029, 39.8021102], [116.4082034, 39.8021182], [116.4081844, 39.8023488], [116.4081802, 39.8024783], [116.4068212, 39.8024282]]]]}}, {"type": "Feature", "properties": {"building": "yes", "source": "osm"}, "geometry": {"type": "MultiPolygon", "coordinates": [[[[116.4051783, 39.7996055], [116.4052107, 39.7989663], [116.4064499, 39.7990034], [116.4064175, 39.7996426], [116.4051783, 39.7996055]]]]}}, {"type": "Feature", "properties": {"building": "yes", "source": "osm"}, "geometry": {"type": "MultiPolygon", "coordinates": [[[[116.4068896, 39.8004339], [116.4069005, 39.8000266], [116.4079359, 39.8000431], [116.4079249, 39.8004504], [116.4068896, 39.8004339]]]]}}, {"type": "Feature", "properties": {"building": "yes", "source": "osm"}, "geometry": {"type": "MultiPolygon", "coordinates": [[[[116.4051568, 39.8003268], [116.4051581, 39.8001083], [116.4064133, 39.8001125], [116.4064121, 39.8003309], [116.4051568, 39.8003268]]]]}}, {"type": "Feature", "properties": {"building": "yes", "source": "osm"}, "geometry": {"type": "MultiPolygon", "coordinates": [[[[116.406911, 39.8008914], [116.4069145, 39.8007512], [116.4080517, 39.8007676], [116.4080509, 39.8008025], [116.4080473, 39.8009091], [116.406911, 39.8008914]]]]}}, {"type": "Feature", "properties": {"building": "yes", "source": "osm"}, "geometry": {"type": "MultiPolygon", "coordinates": [[[[116.4051568, 39.8011139], [116.4051851, 39.8006359], [116.4056572, 39.8006524], [116.4056289, 39.8011304], [116.4051568, 39.8011139]]]]}}, {"type": "Feature", "properties": {"building": "yes", "source": "osm"}, "geometry": {"type": "MultiPolygon", "coordinates": [[[[116.4055484, 39.8016003], [116.4055508, 39.8013283], [116.4063448, 39.8013324], [116.4063424, 39.8016044], [116.4055484, 39.8016003]]]]}}, {"type": "Feature", "properties": {"building": "yes", "source": "osm"}, "geometry": {"type": "MultiPolygon", "coordinates": [[[[116.4051354, 39.8015961], [116.4051799, 39.8012654], [116.4054911, 39.8012901], [116.4054465, 39.8016209], [116.4051354, 39.8015961]]]]}}, {"type": "Feature", "properties": {"building": "yes", "source": "osm"}, "geometry": {"type": "MultiPolygon", "coordinates": [[[[116.4050227, 39.8030551], [116.4050496, 39.8025152], [116.40544, 39.8025266], [116.4054132, 39.8030665], [116.4050227, 39.8030551]]]]}}, {"type": "Feature", "properties": {"building": "yes", "source": "osm"}, "geometry": {"type": "MultiPolygon", "coordinates": [[[[116.4054304, 39.8027418], [116.4054415, 39.8024956], [116.4063696, 39.8025203], [116.4063585, 39.8027666], [116.4054304, 39.8027418]]]]}}, {"type": "Feature", "properties": {"building": "yes", "source": "osm"}, "geometry": {"type": "MultiPolygon", "coordinates": [[[[116.405071, 39.8023297], [116.4050789, 39.8018399], [116.4063771, 39.8018522], [116.4063692, 39.8023421], [116.405071, 39.8023297]]]]}}, {"type": "Feature", "properties": {"building": "yes", "source": "osm"}, "geometry": {"type": "MultiPolygon", "coordinates": [[[[116.4023781, 39.8032384], [116.4023907, 39.8029415], [116.4043541, 39.8029909], [116.4043414, 39.8032879], [116.4023781, 39.8032384]]]]}}, {"type": "Feature", "properties": {"building": "yes", "source": "osm"}, "geometry": {"type": "MultiPolygon", "coordinates": [[[[116.4023969, 39.8027095], [116.4024047, 39.8025697], [116.4028656, 39.8025848], [116.4028579, 39.8027246], [116.4023969, 39.8027095]]]]}}, {"type": "Feature", "properties": {"building": "yes", "source": "osm"}, "geometry": {"type": "MultiPolygon", "coordinates": [[[[116.4030202, 39.8027376], [116.4030349, 39.8023712], [116.4035046, 39.8023823], [116.4036785, 39.8023865], [116.4036638, 39.8027529], [116.4030202, 39.8027376]]]]}}, {"type": "Feature", "properties": {"building": "yes", "source": "osm"}, "geometry": {"type": "MultiPolygon", "coordinates": [[[[116.4030349, 39.8023712], [116.4030411, 39.8022208], [116.4032843, 39.8022267], [116.4036847, 39.8022366], [116.4036838, 39.8022585], [116.4036825, 39.8022894], [116.4036785, 39.8023865], [116.4035046, 39.8023823], [116.4030349, 39.8023712]]]]}}, {"type": "Feature", "properties": {"building": "yes", "source": "osm"}, "geometry": {"type": "MultiPolygon", "coordinates": [[[[116.4038258, 39.8024298], [116.403831, 39.8022931], [116.4038322, 39.8022622], [116.403833, 39.8022405], [116.404499, 39.8022555], [116.4044918, 39.8024449], [116.4038258, 39.8024298]]]]}}, {"type": "Feature", "properties": {"building": "industrial", "source": "osm"}, "geometry": {"type": "MultiPolygon", "coordinates": [[[[116.4026035, 39.8015723], [116.4026493, 39.8006222], [116.4046489, 39.8006791], [116.4046032, 39.8016292], [116.4026035, 39.8015723]]]]}}, {"type": "Feature", "properties": {"building": "industrial", "source": "osm"}, "geometry": {"type": "MultiPolygon", "coordinates": [[[[116.401342, 39.8014814], [116.4013864, 39.8005738], [116.4024122, 39.8006034], [116.4023678, 39.801511], [116.401342, 39.8014814]]]]}}, {"type": "Feature", "properties": {"building": "yes", "source": "osm"}, "geometry": {"type": "MultiPolygon", "coordinates": [[[[116.3970163, 39.8030777], [116.3970405, 39.8030262], [116.3975368, 39.8030244], [116.3975663, 39.8032964], [116.3972095, 39.8032838], [116.3970163, 39.8030777]]]]}}, {"type": "Feature", "properties": {"building": "yes", "source": "osm"}, "geometry": {"type": "MultiPolygon", "coordinates": [[[[116.3975957, 39.8030571], [116.3976038, 39.802944], [116.3983307, 39.8029749], [116.3983226, 39.803088], [116.3975957, 39.8030571]]]]}}, {"type": "Feature", "properties": {"building": "yes", "source": "osm"}, "geometry": {"type": "MultiPolygon", "coordinates": [[[[116.3976037, 39.8033394], [116.3976077, 39.8032319], [116.3983641, 39.8032484], [116.3983601, 39.8033559], [116.3976037, 39.8033394]]]]}}, {"type": "Feature", "properties": {"building": "yes", "source": "osm"}, "geometry": {"type": "MultiPolygon", "coordinates": [[[[116.3926175, 39.8046046], [116.3926207, 39.8045198], [116.3929909, 39.8045281], [116.3929877, 39.8046129], [116.3926175, 39.8046046]]]]}}, {"type": "Feature", "properties": {"building": "yes", "source": "osm"}, "geometry": {"type": "MultiPolygon", "coordinates": [[[[116.3925102, 39.8046582], [116.3926503, 39.8046557], [116.3926584, 39.8049215], [116.3925183, 39.804924], [116.3925102, 39.8046582]]]]}}, {"type": "Feature", "properties": {"building": "yes", "source": "osm"}, "geometry": {"type": "MultiPolygon", "coordinates": [[[[116.3932559, 39.8047818], [116.3935912, 39.8047818], [116.3935912, 39.8049178], [116.3932559, 39.8049178], [116.3932559, 39.8047818]]]]}}, {"type": "Feature", "properties": {"building": "yes", "source": "osm"}, "geometry": {"type": "MultiPolygon", "coordinates": [[[[116.3933122, 39.8041533], [116.3941222, 39.8041533], [116.3941222, 39.8043821], [116.3933122, 39.8043821], [116.3933122, 39.8041533]]]]}}, {"type": "Feature", "properties": {"building": "yes", "source": "osm"}, "geometry": {"type": "MultiPolygon", "coordinates": [[[[116.3729194, 39.8091521], [116.3729976, 39.8090625], [116.3738854, 39.80952], [116.3738072, 39.8096095], [116.3729194, 39.8091521]]]]}}, {"type": "Feature", "properties": {"building": "yes", "source": "osm"}, "geometry": {"type": "MultiPolygon", "coordinates": [[[[116.371471, 39.8078685], [116.3714844, 39.8075532], [116.3717204, 39.807545], [116.3717177, 39.8078231], [116.3717902, 39.8078252], [116.3718492, 39.8078829], [116.3718572, 39.8079385], [116.3724527, 39.8079385], [116.3724634, 39.8080827], [116.3717821, 39.8081033], [116.371471, 39.8078685]]]]}}, {"type": "Feature", "properties": {"building": "apartments", "source": "osm"}, "geometry": {"type": "MultiPolygon", "coordinates": [[[[116.3699189, 39.8070525], [116.3703829, 39.8070484], [116.3703847, 39.8071658], [116.3699207, 39.80717], [116.3699189, 39.8070525]]]]}}, {"type": "Feature", "properties": {"building": "apartments", "source": "osm"}, "geometry": {"type": "MultiPolygon", "coordinates": [[[[116.3702023, 39.8075532], [116.3702103, 39.8071803], [116.3703677, 39.8071823], [116.3703596, 39.8075552], [116.3702023, 39.8075532]]]]}}, {"type": "Feature", "properties": {"building": "apartments", "source": "osm"}, "geometry": {"type": "MultiPolygon", "coordinates": [[[[116.370213, 39.8077098], [116.3703337, 39.8077085], [116.3703418, 39.8081412], [116.3702211, 39.8081425], [116.370213, 39.8077098]]]]}}, {"type": "Feature", "properties": {"building": "apartments", "source": "osm"}, "geometry": {"type": "MultiPolygon", "coordinates": [[[[116.3698348, 39.8081528], [116.3698394, 39.8080416], [116.3701774, 39.8080498], [116.3701728, 39.808161], [116.3698348, 39.8081528]]]]}}, {"type": "Feature", "properties": {"building": "yes", "source": "osm"}, "geometry": {"type": "MultiPolygon", "coordinates": [[[[116.3695639, 39.8071329], [116.3695802, 39.8070082], [116.3698484, 39.8070288], [116.3698322, 39.8071535], [116.3695639, 39.8071329]]]]}}, {"type": "Feature", "properties": {"building": "yes", "source": "osm"}, "geometry": {"type": "MultiPolygon", "coordinates": [[[[116.3678956, 39.8092613], [116.368145, 39.8092613], [116.368145, 39.8094983], [116.3678956, 39.8094983], [116.3678956, 39.8092613]]]]}}, {"type": "Feature", "properties": {"building": "yes", "source": "osm"}, "geometry": {"type": "MultiPolygon", "coordinates": [[[[116.3684884, 39.8091707], [116.368706, 39.8091676], [116.3687141, 39.8095076], [116.3684964, 39.8095106], [116.3684884, 39.8091707]]]]}}, {"type": "Feature", "properties": {"building": "apartments", "source": "osm"}, "geometry": {"type": "MultiPolygon", "coordinates": [[[[116.3697705, 39.8088163], [116.3697733, 39.8086742], [116.3703017, 39.8086804], [116.3702989, 39.8088224], [116.3697705, 39.8088163]]]]}}, {"type": "Feature", "properties": {"building": "yes", "source": "osm"}, "geometry": {"type": "MultiPolygon", "coordinates": [[[[116.3699716, 39.8089358], [116.3701905, 39.8089307], [116.3702013, 39.8092068], [116.3699824, 39.8092119], [116.3699716, 39.8089358]]]]}}, {"type": "Feature", "properties": {"building": "apartments", "source": "osm"}, "geometry": {"type": "MultiPolygon", "coordinates": [[[[116.3685286, 39.8097826], [116.3693467, 39.8097826], [116.3693467, 39.8098877], [116.3685286, 39.8098877], [116.3685286, 39.8097826]]]]}}, {"type": "Feature", "properties": {"building": "apartments", "source": "osm"}, "geometry": {"type": "MultiPolygon", "coordinates": [[[[116.3693842, 39.8096033], [116.3693867, 39.8094943], [116.3701565, 39.8095046], [116.370154, 39.8096136], [116.3693842, 39.8096033]]]]}}, {"type": "Feature", "properties": {"building": "yes", "source": "osm"}, "geometry": {"type": "MultiPolygon", "coordinates": [[[[116.3660985, 39.8099227], [116.3661, 39.8098215], [116.3665828, 39.8098257], [116.3665813, 39.8099268], [116.3660985, 39.8099227]]]]}}, {"type": "Feature", "properties": {"building": "apartments", "source": "osm"}, "geometry": {"type": "MultiPolygon", "coordinates": [[[[116.3673338, 39.8097825], [116.368176, 39.8097763], [116.3681772, 39.8098774], [116.367335, 39.8098836], [116.3673338, 39.8097825]]]]}}, {"type": "Feature", "properties": {"building": "apartments", "source": "osm"}, "geometry": {"type": "MultiPolygon", "coordinates": [[[[116.3666685, 39.8097744], [116.3671996, 39.8097703], [116.3672009, 39.8098712], [116.3666698, 39.8098753], [116.3666685, 39.8097744]]]]}}, {"type": "Feature", "properties": {"building": "apartments", "source": "osm"}, "geometry": {"type": "MultiPolygon", "coordinates": [[[[116.3667952, 39.8091025], [116.3673531, 39.8090943], [116.3673565, 39.8092283], [116.3667986, 39.8092366], [116.3667952, 39.8091025]]]]}}, {"type": "Feature", "properties": {"building": "apartments", "source": "osm"}, "geometry": {"type": "MultiPolygon", "coordinates": [[[[116.3660468, 39.8094343], [116.3666208, 39.8094323], [116.3666216, 39.8095601], [116.3660476, 39.8095621], [116.3660468, 39.8094343]]]]}}, {"type": "Feature", "properties": {"building": "apartments", "source": "osm"}, "geometry": {"type": "MultiPolygon", "coordinates": [[[[116.3654521, 39.8098568], [116.3654537, 39.8097312], [116.3660196, 39.8097353], [116.3660181, 39.8098609], [116.3654521, 39.8098568]]]]}}, {"type": "Feature", "properties": {"building": "yes", "name": "松林庄小区1号楼", "source": "osm"}, "geometry": {"type": "MultiPolygon", "coordinates": [[[[116.3872923, 39.8166375], [116.3879808, 39.8166392], [116.3879879, 39.8167537], [116.3873072, 39.8167696], [116.3872923, 39.8166375]]]]}}, {"type": "Feature", "properties": {"building": "yes", "name": "松林庄小区2号楼", "source": "osm"}, "geometry": {"type": "MultiPolygon", "coordinates": [[[[116.3872365, 39.8162996], [116.3878756, 39.8163064], [116.3878846, 39.8164254], [116.3872417, 39.8164293], [116.3872365, 39.8162996]]]]}}, {"type": "Feature", "properties": {"building": "yes", "name": "松林庄小区3号楼", "source": "osm"}, "geometry": {"type": "MultiPolygon", "coordinates": [[[[116.3871728, 39.8159792], [116.3877691, 39.8159779], [116.3877639, 39.8160891], [116.3871814, 39.8160918], [116.3871728, 39.8159792]]]]}}, {"type": "Feature", "properties": {"building": "yes", "name": "园区食堂", "amenity": "restaurant", "source": "osm"}, "geometry": {"type": "MultiPolygon", "coordinates": [[[[116.390554, 39.8236792], [116.3906887, 39.8236561], [116.3908095, 39.8237952], [116.3907003, 39.8238558], [116.390554, 39.8236792]]]]}}, {"type": "Feature", "properties": {"building": "yes", "source": "osm"}, "geometry": {"type": "MultiPolygon", "coordinates": [[[[116.3984849, 39.8010933], [116.3984905, 39.8009116], [116.3989398, 39.8009198], [116.3989341, 39.8011016], [116.3984849, 39.8010933]]]]}}, {"type": "Feature", "properties": {"building": "yes", "source": "osm"}, "geometry": {"type": "MultiPolygon", "coordinates": [[[[116.3934664, 39.8162066], [116.3934768, 39.8160584], [116.3937759, 39.8160708], [116.3937655, 39.816219], [116.3934664, 39.8162066]]]]}}, {"type": "Feature", "properties": {"building": "yes", "source": "osm"}, "geometry": {"type": "MultiPolygon", "coordinates": [[[[116.3948545, 39.8005885], [116.3948667, 39.8002816], [116.3960093, 39.8003084], [116.3959971, 39.8006153], [116.3948545, 39.8005885]]]]}}, {"type": "Feature", "properties": {"building": "yes", "source": "osm"}, "geometry": {"type": "MultiPolygon", "coordinates": [[[[116.3908074, 39.8007707], [116.3908892, 39.7995796], [116.3920355, 39.7996261], [116.3919537, 39.8008172], [116.3908074, 39.8007707]]]]}}, {"type": "Feature", "properties": {"building": "yes", "source": "osm"}, "geometry": {"type": "MultiPolygon", "coordinates": [[[[116.3894552, 39.8012458], [116.3894585, 39.8011098], [116.3900338, 39.801118], [116.3900305, 39.8012541], [116.3894552, 39.8012458]]]]}}, {"type": "Feature", "properties": {"building": "yes", "source": "osm"}, "geometry": {"type": "MultiPolygon", "coordinates": [[[[116.4052883, 39.799486], [116.4052992, 39.7991954], [116.4065062, 39.7992222], [116.4064953, 39.7995128], [116.4052883, 39.799486]]]]}}, {"type": "Feature", "properties": {"building": "industrial", "source": "osm"}, "geometry": {"type": "MultiPolygon", "coordinates": [[[[116.4000204, 39.8002604], [116.4000394, 39.7998198], [116.4021045, 39.7998722], [116.4020855, 39.8003129], [116.4000204, 39.8002604]]]]}}, {"type": "Feature", "properties": {"building": "yes", "shop": "mall", "source": "osm"}, "geometry": {"type": "MultiPolygon", "coordinates": [[[[116.3925374, 39.8261331], [116.3925645, 39.8255245], [116.3925908, 39.8255252], [116.3925943, 39.825448], [116.3927406, 39.8254519], [116.3927452, 39.8253526], [116.3932443, 39.8253662], [116.3932465, 39.825319], [116.3937502, 39.8253327], [116.3937126, 39.8261446], [116.3937733, 39.8261725], [116.3938021, 39.8261935], [116.3938082, 39.8262343], [116.3938036, 39.8262634], [116.3937733, 39.8262961], [116.393743, 39.8263089], [116.3936914, 39.8263194], [116.3936666, 39.8269648], [116.3936059, 39.8269634], [116.3936034, 39.827029], [116.3936273, 39.8270772], [116.3937643, 39.827037], [116.3937575, 39.8270234], [116.3940798, 39.8269288], [116.3941132, 39.82693], [116.3941799, 39.8269568], [116.3942469, 39.8271301], [116.3942816, 39.8271222], [116.3943286, 39.8271281], [116.3943681, 39.8271479], [116.3943908, 39.827177], [116.3943954, 39.8272085], [116.3943893, 39.8272457], [116.3943332, 39.8272982], [116.3943823, 39.8274079], [116.3932537, 39.8277057], [116.3930368, 39.8272209], [116.3929822, 39.8272353], [116.3928842, 39.8270162], [116.3928296, 39.8269626], [116.3928356, 39.8268041], [116.3927781, 39.8268028], [116.3927865, 39.8265834], [116.392732, 39.8265821], [116.3927346, 39.8265162], [116.3926904, 39.8265151], [116.3926987, 39.826311], [116.3926191, 39.8263091], [116.3926237, 39.8261965], [116.3925859, 39.8261956], [116.3925886, 39.8261345], [116.3925374, 39.8261331]]]]}}, {"type": "Feature", "properties": {"building": "yes", "name": "国际电商大厦", "source": "osm"}, "geometry": {"type": "MultiPolygon", "coordinates": [[[[116.3914747, 39.8242002], [116.392376, 39.8239881], [116.3926036, 39.8245567], [116.3937325, 39.824305], [116.3937051, 39.8246989], [116.3936536, 39.8247642], [116.3935595, 39.8248294], [116.3935625, 39.8248667], [116.3924974, 39.8251114], [116.3923972, 39.8251044], [116.3923335, 39.8250741], [116.392285, 39.8250485], [116.3921697, 39.8250485], [116.3920665, 39.8249949], [116.3915688, 39.8244076], [116.3914747, 39.8242002]]]]}}, {"type": "Feature", "properties": {"building": "yes", "source": "osm"}, "geometry": {"type": "MultiPolygon", "coordinates": [[[[116.3934183, 39.8203459], [116.3935609, 39.8177324], [116.3939629, 39.8177453], [116.393821, 39.8203588], [116.3934183, 39.8203459]]]]}}, {"type": "Feature", "properties": {"building": "yes", "source": "osm"}, "geometry": {"type": "MultiPolygon", "coordinates": [[[[116.3642424, 39.7954192], [116.3642866, 39.7952927], [116.3648167, 39.7954063], [116.3647714, 39.7955312], [116.3644392, 39.7954623], [116.3642424, 39.7954192]]]]}}, {"type": "Feature", "properties": {"building": "yes", "source": "osm"}, "geometry": {"type": "MultiPolygon", "coordinates": [[[[116.36712, 39.7954302], [116.3671639, 39.7953034], [116.3678271, 39.7954386], [116.3677832, 39.7955656], [116.36712, 39.7954302]]]]}}, {"type": "Feature", "properties": {"building": "yes", "source": "osm"}, "geometry": {"type": "MultiPolygon", "coordinates": [[[[116.3656247, 39.7966862], [116.3656796, 39.7965366], [116.3665073, 39.796716], [116.3664523, 39.7968658], [116.3656247, 39.7966862]]]]}}, {"type": "Feature", "properties": {"building": "yes", "source": "osm"}, "geometry": {"type": "MultiPolygon", "coordinates": [[[[116.3665197, 39.7968902], [116.3665748, 39.7967403], [116.3673369, 39.7969056], [116.3672817, 39.7970556], [116.3665197, 39.7968902]]]]}}, {"type": "Feature", "properties": {"building": "yes", "source": "osm"}, "geometry": {"type": "MultiPolygon", "coordinates": [[[[116.3647521, 39.796478], [116.3648071, 39.7963284], [116.3656347, 39.7965079], [116.3655797, 39.7966576], [116.3647521, 39.796478]]]]}}, {"type": "Feature", "properties": {"building": "yes", "source": "osm"}, "geometry": {"type": "MultiPolygon", "coordinates": [[[[116.3637811, 39.7958543], [116.3637987, 39.7958035], [116.3638288, 39.795736], [116.364101, 39.7958001], [116.3642978, 39.7958432], [116.3646677, 39.7959259], [116.3646228, 39.7960429], [116.3639146, 39.7958816], [116.3637811, 39.7958543]]]]}}, {"type": "Feature", "properties": {"building": "yes", "source": "osm"}, "geometry": {"type": "MultiPolygon", "coordinates": [[[[116.364101, 39.7958001], [116.3642424, 39.7954192], [116.3644392, 39.7954623], [116.3642978, 39.7958432], [116.364101, 39.7958001]]]]}}, {"type": "Feature", "properties": {"building": "warehouse", "source": "osm"}, "geometry": {"type": "MultiPolygon", "coordinates": [[[[116.3642159, 39.7962945], [116.3642979, 39.7960568], [116.3647417, 39.7961472], [116.3646597, 39.7963848], [116.3642159, 39.7962945]]]]}}, {"type": "Feature", "properties": {"building": "hangar", "source": "osm"}, "geometry": {"type": "MultiPolygon", "coordinates": [[[[116.3918053, 39.7960348], [116.3918275, 39.7955669], [116.3922722, 39.7955765], [116.3925268, 39.7955865], [116.3925046, 39.7960544], [116.3918053, 39.7960348]]]]}}, {"type": "Feature", "properties": {"building": "yes", "source": "osm"}, "geometry": {"type": "MultiPolygon", "coordinates": [[[[116.405351, 39.7960275], [116.4053592, 39.7955299], [116.4064195, 39.7955403], [116.4064113, 39.7960378], [116.405351, 39.7960275]]]]}}, {"type": "Feature", "properties": {"building": "yes", "source": "osm"}, "geometry": {"type": "MultiPolygon", "coordinates": [[[[116.4036729, 39.796517], [116.4037598, 39.7958704], [116.4049189, 39.7959527], [116.4048402, 39.7966071], [116.4046433, 39.7965857], [116.4036729, 39.796517]]]]}}, {"type": "Feature", "properties": {"building": "industrial", "source": "osm"}, "geometry": {"type": "MultiPolygon", "coordinates": [[[[116.4013971, 39.7995728], [116.4014283, 39.7980997], [116.4023879, 39.7981118], [116.4023564, 39.7995848], [116.4013971, 39.7995728]]]]}}, {"type": "Feature", "properties": {"building": "industrial", "source": "osm"}, "geometry": {"type": "MultiPolygon", "coordinates": [[[[116.3999767, 39.7995565], [116.4000529, 39.7980869], [116.4011289, 39.7981198], [116.4010524, 39.7995895], [116.3999767, 39.7995565]]]]}}, {"type": "Feature", "properties": {"building": "industrial", "source": "osm"}, "geometry": {"type": "MultiPolygon", "coordinates": [[[[116.4026897, 39.8003224], [116.4027119, 39.7999179], [116.4046636, 39.7999808], [116.4046414, 39.8003857], [116.4026897, 39.8003224]]]]}}, {"type": "Feature", "properties": {"building": "industrial", "source": "osm"}, "geometry": {"type": "MultiPolygon", "coordinates": [[[[116.4040005, 39.7992292], [116.4040969, 39.7976752], [116.4048026, 39.7977011], [116.4047058, 39.7992551], [116.4040005, 39.7992292]]]]}}, {"type": "Feature", "properties": {"building": "industrial", "source": "osm"}, "geometry": {"type": "MultiPolygon", "coordinates": [[[[116.4027323, 39.7993856], [116.4027522, 39.7979161], [116.4036472, 39.7979232], [116.4036277, 39.7993927], [116.4027323, 39.7993856]]]]}}, {"type": "Feature", "properties": {"building": "industrial", "source": "osm"}, "geometry": {"type": "MultiPolygon", "coordinates": [[[[116.396871, 39.7994286], [116.3969471, 39.797959], [116.3980231, 39.797992], [116.3979466, 39.7994616], [116.396871, 39.7994286]]]]}}, {"type": "Feature", "properties": {"building": "industrial", "source": "osm"}, "geometry": {"type": "MultiPolygon", "coordinates": [[[[116.3946754, 39.7993336], [116.3947861, 39.7978447], [116.3961976, 39.7979067], [116.3960866, 39.7993956], [116.3946754, 39.7993336]]]]}}, {"type": "Feature", "properties": {"building": "industrial", "source": "osm"}, "geometry": {"type": "MultiPolygon", "coordinates": [[[[116.3946128, 39.8001023], [116.3946236, 39.799677], [116.3963257, 39.7997023], [116.3963149, 39.8001278], [116.3946128, 39.8001023]]]]}}, {"type": "Feature", "properties": {"building": "industrial", "source": "osm"}, "geometry": {"type": "MultiPolygon", "coordinates": [[[[116.398372, 39.7985599], [116.3983989, 39.7980395], [116.3996316, 39.798077], [116.3996048, 39.7985976], [116.398372, 39.7985599]]]]}}, {"type": "Feature", "properties": {"building": "industrial", "source": "osm"}, "geometry": {"type": "MultiPolygon", "coordinates": [[[[116.3783216, 39.7998904], [116.3783714, 39.7995783], [116.3792914, 39.7996649], [116.3792416, 39.7999771], [116.3783216, 39.7998904]]]]}}, {"type": "Feature", "properties": {"building": "silo", "source": "osm"}, "geometry": {"type": "MultiPolygon", "coordinates": [[[[116.376927, 39.797302], [116.3769341, 39.7972762], [116.3769517, 39.7972536], [116.3769778, 39.7972367], [116.3770097, 39.7972273], [116.3770437, 39.7972262], [116.3770764, 39.7972337], [116.3771042, 39.797249], [116.377124, 39.7972703], [116.3771338, 39.7972954], [116.3771324, 39.7973216], [116.3771201, 39.797346], [116.3770982, 39.7973661], [116.3770689, 39.7973796], [116.3770356, 39.7973851], [116.3770015, 39.7973819], [116.3769706, 39.7973704], [116.3769463, 39.7973518], [116.3769312, 39.7973282], [116.376927, 39.797302]]]]}}, {"type": "Feature", "properties": {"building": "silo", "source": "osm"}, "geometry": {"type": "MultiPolygon", "coordinates": [[[[116.3769684, 39.7970089], [116.3769755, 39.7969831], [116.3769931, 39.7969605], [116.3770192, 39.7969436], [116.377051, 39.7969341], [116.3770851, 39.7969331], [116.3771178, 39.7969406], [116.3771455, 39.7969558], [116.3771654, 39.7969772], [116.3771752, 39.7970023], [116.3771738, 39.7970285], [116.3771615, 39.7970529], [116.3771395, 39.7970729], [116.3771103, 39.7970865], [116.377077, 39.797092], [116.3770429, 39.7970888], [116.377012, 39.7970773], [116.3769877, 39.7970587], [116.3769726, 39.797035], [116.3769684, 39.7970089]]]]}}, {"type": "Feature", "properties": {"building": "silo", "source": "osm"}, "geometry": {"type": "MultiPolygon", "coordinates": [[[[116.3769829, 39.7967086], [116.3769899, 39.7966828], [116.3770076, 39.7966602], [116.3770337, 39.7966433], [116.3770655, 39.7966339], [116.3770996, 39.7966328], [116.3771323, 39.7966403], [116.37716, 39.7966556], [116.3771799, 39.7966769], [116.3771896, 39.796702], [116.3771883, 39.7967282], [116.377176, 39.7967526], [116.377154, 39.7967727], [116.3771248, 39.7967862], [116.3770914, 39.7967917], [116.3770574, 39.7967885], [116.3770265, 39.796777], [116.3770022, 39.7967584], [116.3769871, 39.7967348], [116.3769829, 39.7967086]]]]}}, {"type": "Feature", "properties": {"building": "silo", "source": "osm"}, "geometry": {"type": "MultiPolygon", "coordinates": [[[[116.3770046, 39.7963972], [116.3770117, 39.7963714], [116.3770293, 39.7963488], [116.3770554, 39.796332], [116.3770872, 39.7963225], [116.3771213, 39.7963214], [116.377154, 39.7963289], [116.3771817, 39.7963442], [116.3772016, 39.7963655], [116.3772113, 39.7963906], [116.37721, 39.7964168], [116.3771977, 39.7964412], [116.3771757, 39.7964613], [116.3771465, 39.7964748], [116.3771131, 39.7964803], [116.3770791, 39.7964772], [116.3770482, 39.7964657], [116.3770239, 39.7964471], [116.3770088, 39.7964234], [116.3770046, 39.7963972]]]]}}, {"type": "Feature", "properties": {"building": "silo", "source": "osm"}, "geometry": {"type": "MultiPolygon", "coordinates": [[[[116.3789658, 39.7961192], [116.3789729, 39.7960934], [116.3789906, 39.7960708], [116.3790167, 39.7960539], [116.3790485, 39.7960445], [116.3790826, 39.7960434], [116.3791152, 39.7960509], [116.379143, 39.7960662], [116.3791628, 39.7960875], [116.3791726, 39.7961126], [116.3791713, 39.7961388], [116.3791589, 39.7961632], [116.379137, 39.7961833], [116.3791078, 39.7961968], [116.3790744, 39.7962023], [116.3790403, 39.7961991], [116.3790095, 39.7961876], [116.3789852, 39.796169], [116.3789701, 39.7961454], [116.3789658, 39.7961192]]]]}}, {"type": "Feature", "properties": {"building": "silo", "source": "osm"}, "geometry": {"type": "MultiPolygon", "coordinates": [[[[116.3789007, 39.7967197], [116.3789078, 39.7966939], [116.3789254, 39.7966713], [116.3789515, 39.7966545], [116.3789833, 39.796645], [116.3790174, 39.796644], [116.3790501, 39.7966515], [116.3790779, 39.7966667], [116.3790977, 39.796688], [116.3791075, 39.7967131], [116.3791061, 39.7967393], [116.3790938, 39.7967637], [116.3790719, 39.7967838], [116.3790426, 39.7967973], [116.3790093, 39.7968028], [116.3789752, 39.7967997], [116.3789443, 39.7967882], [116.37892, 39.7967696], [116.3789049, 39.7967459], [116.3789007, 39.7967197]]]]}}, {"type": "Feature", "properties": {"building": "silo", "source": "osm"}, "geometry": {"type": "MultiPolygon", "coordinates": [[[[116.37885, 39.7972091], [116.3788571, 39.7971833], [116.3788748, 39.7971607], [116.3789009, 39.7971438], [116.3789327, 39.7971343], [116.3789668, 39.7971333], [116.3789995, 39.7971408], [116.3790272, 39.797156], [116.379047, 39.7971773], [116.3790568, 39.7972024], [116.3790555, 39.7972286], [116.3790432, 39.7972531], [116.3790212, 39.7972731], [116.378992, 39.7972866], [116.3789586, 39.7972921], [116.3789245, 39.797289], [116.3788937, 39.7972775], [116.3788694, 39.7972589], [116.3788543, 39.7972352], [116.37885, 39.7972091]]]]}}, {"type": "Feature", "properties": {"building": "industrial", "source": "osm"}, "geometry": {"type": "MultiPolygon", "coordinates": [[[[116.3812914, 39.7958811], [116.3812973, 39.7954129], [116.3826162, 39.7954227], [116.3826103, 39.7958911], [116.3812914, 39.7958811]]]]}}, {"type": "Feature", "properties": {"building": "industrial", "source": "osm"}, "geometry": {"type": "MultiPolygon", "coordinates": [[[[116.3818519, 39.7973251], [116.3828253, 39.7973236], [116.3828261, 39.7976287], [116.3818527, 39.7976301], [116.3818519, 39.7973251]]]]}}, {"type": "Feature", "properties": {"building": "industrial", "source": "osm"}, "geometry": {"type": "MultiPolygon", "coordinates": [[[[116.3818237, 39.796846], [116.3827972, 39.7968445], [116.382798, 39.7971496], [116.3818245, 39.797151], [116.3818237, 39.796846]]]]}}, {"type": "Feature", "properties": {"building": "industrial", "source": "osm"}, "geometry": {"type": "MultiPolygon", "coordinates": [[[[116.3818666, 39.7963679], [116.3828401, 39.7963664], [116.3828409, 39.7966715], [116.3818674, 39.7966729], [116.3818666, 39.7963679]]]]}}, {"type": "Feature", "properties": {"building": "industrial", "source": "osm"}, "geometry": {"type": "MultiPolygon", "coordinates": [[[[116.3811123, 39.7966903], [116.3811167, 39.7963729], [116.3817226, 39.7963777], [116.3817182, 39.7966953], [116.3811123, 39.7966903]]]]}}, {"type": "Feature", "properties": {"building": "industrial", "source": "osm"}, "geometry": {"type": "MultiPolygon", "coordinates": [[[[116.381083, 39.7971623], [116.3810874, 39.7968448], [116.3816933, 39.7968497], [116.3816889, 39.7971672], [116.381083, 39.7971623]]]]}}, {"type": "Feature", "properties": {"building": "industrial", "source": "osm"}, "geometry": {"type": "MultiPolygon", "coordinates": [[[[116.3810884, 39.7976692], [116.3810927, 39.7973517], [116.3816987, 39.7973566], [116.3816943, 39.7976741], [116.3810884, 39.7976692]]]]}}, {"type": "Feature", "properties": {"building": "yes", "source": "osm"}, "geometry": {"type": "MultiPolygon", "coordinates": [[[[116.380265, 39.8008786], [116.3802754, 39.8007036], [116.3812519, 39.8007381], [116.3812414, 39.8009132], [116.380265, 39.8008786]]]]}}, {"type": "Feature", "properties": {"building": "industrial", "source": "osm"}, "geometry": {"type": "MultiPolygon", "coordinates": [[[[116.3815786, 39.7998483], [116.3816014, 39.7993838], [116.3827766, 39.7994177], [116.3827538, 39.7998823], [116.3815786, 39.7998483]]]]}}, {"type": "Feature", "properties": {"building": "hangar", "source": "osm"}, "geometry": {"type": "MultiPolygon", "coordinates": [[[[116.3883121, 39.7989265], [116.3883384, 39.7986004], [116.3890187, 39.7986326], [116.3889924, 39.7989588], [116.3883121, 39.7989265]]]]}}, {"type": "Feature", "properties": {"building": "hangar", "source": "osm"}, "geometry": {"type": "MultiPolygon", "coordinates": [[[[116.3882369, 39.7999392], [116.3882632, 39.7996131], [116.3889435, 39.7996454], [116.3889173, 39.7999716], [116.3882369, 39.7999392]]]]}}, {"type": "Feature", "properties": {"building": "yes", "name": "大红门站", "source": "osm"}, "geometry": {"type": "MultiPolygon", "coordinates": [[[[116.3725792, 39.8269145], [116.3726329, 39.8267595], [116.3728977, 39.8268135], [116.3728862, 39.8268468], [116.373109, 39.8268923], [116.3730669, 39.8270141], [116.3725792, 39.8269145]]]]}}, {"type": "Feature", "properties": {"building": "yes", "source": "osm"}, "geometry": {"type": "MultiPolygon", "coordinates": [[[[116.3724089, 39.8268834], [116.3724216, 39.826838], [116.372441, 39.8267732], [116.3724648, 39.8266892], [116.372607, 39.8267133], [116.3725512, 39.8269075], [116.3724089, 39.8268834]]]]}}, {"type": "Feature", "properties": {"building": "yes", "source": "osm"}, "geometry": {"type": "MultiPolygon", "coordinates": [[[[116.3720249, 39.826818], [116.3720584, 39.8267058], [116.372441, 39.8267732], [116.3724216, 39.826838], [116.3721731, 39.8267942], [116.372159, 39.8268416], [116.3720249, 39.826818]]]]}}, {"type": "Feature", "properties": {"building": "industrial", "source": "osm"}, "geometry": {"type": "MultiPolygon", "coordinates": [[[[116.3976766, 39.7965924], [116.397793, 39.7956686], [116.3981755, 39.7956971], [116.3980515, 39.7966835], [116.3977536, 39.7966614], [116.3976766, 39.7965924]]]]}}, {"type": "Feature", "properties": {"building": "industrial", "source": "osm"}, "geometry": {"type": "MultiPolygon", "coordinates": [[[[116.3952017, 39.7967551], [116.39521, 39.7965822], [116.3958528, 39.7966005], [116.3958445, 39.7967733], [116.3952017, 39.7967551]]]]}}, {"type": "Feature", "properties": {"building": "industrial", "source": "osm"}, "geometry": {"type": "MultiPolygon", "coordinates": [[[[116.396151, 39.7967789], [116.3961692, 39.796569], [116.3968557, 39.7966042], [116.3968374, 39.7968141], [116.396151, 39.7967789]]]]}}, {"type": "Feature", "properties": {"building": "yes", "source": "osm"}, "geometry": {"type": "MultiPolygon", "coordinates": [[[[116.3935887, 39.796307], [116.3935917, 39.7962009], [116.3944351, 39.796215], [116.3944321, 39.7963211], [116.3935887, 39.796307]]]]}}, {"type": "Feature", "properties": {"building": "yes", "source": "osm"}, "geometry": {"type": "MultiPolygon", "coordinates": [[[[116.3933549, 39.7956212], [116.3935313, 39.7956205], [116.3935347, 39.7961309], [116.3933582, 39.7961316], [116.3933549, 39.7956212]]]]}}, {"type": "Feature", "properties": {"building": "yes", "source": "osm"}, "geometry": {"type": "MultiPolygon", "coordinates": [[[[116.3944996, 39.7956345], [116.3946748, 39.7956336], [116.3946796, 39.7961445], [116.3945019, 39.7961447], [116.3944996, 39.7956345]]]]}}, {"type": "Feature", "properties": {"building": "yes", "source": "osm"}, "geometry": {"type": "MultiPolygon", "coordinates": [[[[116.396109, 39.7958795], [116.3961137, 39.7956295], [116.3968301, 39.7956373], [116.3968254, 39.7958875], [116.396109, 39.7958795]]]]}}, {"type": "Feature", "properties": {"building": "yes", "name": "Beijing State Security Bureau Detention Center", "office": "government", "source": "osm"}, "geometry": {"type": "MultiPolygon", "coordinates": [[[[116.3833757, 39.8095579], [116.3851084, 39.8094384], [116.3854142, 39.8107364], [116.3834562, 39.8109054], [116.3833757, 39.8095579]]]]}}, {"type": "Feature", "properties": {"building": "yes", "name": "瑞荣大厦", "source": "osm"}, "geometry": {"type": "MultiPolygon", "coordinates": [[[[116.3948731, 39.8067212], [116.3948827, 39.8065541], [116.3951384, 39.8065628], [116.3951529, 39.8063107], [116.3948876, 39.8063017], [116.394898, 39.8061205], [116.3953138, 39.8061345], [116.3953737, 39.806193], [116.395342, 39.8066824], [116.3952692, 39.8067347], [116.3948731, 39.8067212]]]]}}, {"type": "Feature", "properties": {"building": "yes", "name": "遖缘舍森林书屋", "source": "osm"}, "geometry": {"type": "MultiPolygon", "coordinates": [[[[116.3789411, 39.817196], [116.379138, 39.8171185], [116.3792332, 39.8172613], [116.3790363, 39.8173388], [116.3789411, 39.817196]]]]}}, {"type": "Feature", "properties": {"building": "yes", "source": "osm"}, "geometry": {"type": "MultiPolygon", "coordinates": [[[[116.3734195, 39.8179469], [116.3734727, 39.8176151], [116.373797, 39.8176457], [116.3737439, 39.8179775], [116.3734195, 39.8179469]]]]}}, {"type": "Feature", "properties": {"building": "yes", "source": "osm"}, "geometry": {"type": "MultiPolygon", "coordinates": [[[[116.3773652, 39.8173513], [116.3774142, 39.8173261], [116.3773843, 39.8172917], [116.3774823, 39.8172414], [116.3774679, 39.8172249], [116.3775462, 39.8171847], [116.3776223, 39.8172722], [116.3773971, 39.8173879], [116.3773652, 39.8173513]]]]}}, {"type": "Feature", "properties": {"building": "yes", "source": "osm"}, "geometry": {"type": "MultiPolygon", "coordinates": [[[[116.3677325, 39.81242], [116.3677415, 39.8122377], [116.3682178, 39.8122445], [116.3682125, 39.8124146], [116.3677325, 39.81242]]]]}}, {"type": "Feature", "properties": {"building": "yes", "source": "osm"}, "geometry": {"type": "MultiPolygon", "coordinates": [[[[116.3693122, 39.8126195], [116.3694892, 39.8126236], [116.3694892, 39.8127019], [116.3693122, 39.8126978], [116.3693122, 39.8126195]]]]}}, {"type": "Feature", "properties": {"building": "yes", "source": "osm"}, "geometry": {"type": "MultiPolygon", "coordinates": [[[[116.3699398, 39.8119396], [116.3701383, 39.8119437], [116.3701383, 39.8120055], [116.3699398, 39.8120055], [116.3699398, 39.8119396]]]]}}, {"type": "Feature", "properties": {"building": "yes", "source": "osm"}, "geometry": {"type": "MultiPolygon", "coordinates": [[[[116.3685391, 39.8122308], [116.3685473, 39.8119915], [116.3688015, 39.8119852], [116.3688015, 39.8122371], [116.3685391, 39.8122308]]]]}}, {"type": "Feature", "properties": {"building": "yes", "source": "osm"}, "geometry": {"type": "MultiPolygon", "coordinates": [[[[116.3680189, 39.8120057], [116.3680297, 39.8119192], [116.368255, 39.811911], [116.3682496, 39.8120099], [116.3680189, 39.8120057]]]]}}, {"type": "Feature", "properties": {"building": "yes", "source": "osm"}, "geometry": {"type": "MultiPolygon", "coordinates": [[[[116.3690167, 39.8130977], [116.3692098, 39.8130977], [116.3692152, 39.8131719], [116.3690221, 39.8131719], [116.3690167, 39.8130977]]]]}}, {"type": "Feature", "properties": {"building": "yes", "source": "osm"}, "geometry": {"type": "MultiPolygon", "coordinates": [[[[116.3660502, 39.8121088], [116.3662648, 39.8121129], [116.3662648, 39.8122077], [116.3660556, 39.8122118], [116.3660502, 39.8121088]]]]}}, {"type": "Feature", "properties": {"building": "yes", "source": "osm"}, "geometry": {"type": "MultiPolygon", "coordinates": [[[[116.3653793, 39.8118905], [116.3655724, 39.8118905], [116.3655778, 39.8119564], [116.3653846, 39.8119564], [116.3653793, 39.8118905]]]]}}, {"type": "Feature", "properties": {"building": "yes", "source": "osm"}, "geometry": {"type": "MultiPolygon", "coordinates": [[[[116.4035997, 39.7971264], [116.4036729, 39.796517], [116.4046433, 39.7965857], [116.4045702, 39.7971952], [116.4035997, 39.7971264]]]]}}, {"type": "Feature", "properties": {"building": "yes", "source": "osm"}, "geometry": {"type": "MultiPolygon", "coordinates": [[[[116.4009569, 39.8026753], [116.4009797, 39.8021643], [116.4022534, 39.8021978], [116.4022306, 39.8027089], [116.4009569, 39.8026753]]]]}}, {"type": "Feature", "properties": {"building": "yes", "source": "osm"}, "geometry": {"type": "MultiPolygon", "coordinates": [[[[116.4036825, 39.8022894], [116.4036838, 39.8022585], [116.4038322, 39.8022622], [116.403831, 39.8022931], [116.4036825, 39.8022894]]]]}}, {"type": "Feature", "properties": {"building": "yes", "source": "osm"}, "geometry": {"type": "MultiPolygon", "coordinates": [[[[116.400923, 39.8033847], [116.4009539, 39.8028396], [116.4022146, 39.8028818], [116.4021836, 39.803427], [116.400923, 39.8033847]]]]}}, {"type": "Feature", "properties": {"building": "yes", "source": "osm"}, "geometry": {"type": "MultiPolygon", "coordinates": [[[[116.3998622, 39.8002564], [116.3998811, 39.7998158], [116.4000244, 39.7998194], [116.4000054, 39.8002601], [116.3998622, 39.8002564]]]]}}, {"type": "Feature", "properties": {"building": "yes", "source": "osm"}, "geometry": {"type": "MultiPolygon", "coordinates": [[[[116.4020855, 39.8003129], [116.4021045, 39.7998722], [116.4024145, 39.7998801], [116.4023956, 39.8003207], [116.4020855, 39.8003129]]]]}}]}