{"type": "FeatureCollection", "features": [{"type": "Feature", "properties": {"highway": "tertiary", "name": "五爱屯东街", "bridge": "", "tunnel": "", "layer": "", "source": "osm"}, "geometry": {"type": "LineString", "coordinates": [[116.3715402, 39.795276], [116.3715632, 39.7954885], [116.3715815, 39.7955537], [116.3716105, 39.7956094], [116.3717345, 39.7957575], [116.3722425, 39.796331], [116.3740921, 39.7984109], [116.3742394, 39.7985734], [116.3771585, 39.8017943]]}}, {"type": "Feature", "properties": {"highway": "tertiary", "name": "", "bridge": "", "tunnel": "", "layer": "", "source": "osm"}, "geometry": {"type": "LineString", "coordinates": [[116.3920871, 39.8253837], [116.3951307, 39.8247053], [116.3955708, 39.82469]]}}, {"type": "Feature", "properties": {"highway": "tertiary", "name": "龙和路", "bridge": "", "tunnel": "", "layer": "", "source": "osm"}, "geometry": {"type": "LineString", "coordinates": [[116.3881571, 39.8068414], [116.3885034, 39.8068362], [116.3888016, 39.806811], [116.3888959, 39.806798], [116.3889872, 39.8067824], [116.3890687, 39.8067628], [116.3891443, 39.8067394], [116.3892726, 39.8066882], [116.3893626, 39.8066459], [116.3895981, 39.8065156], [116.389835, 39.8063685], [116.3901307, 39.8061975], [116.3904189, 39.8060529], [116.3905996, 39.8059845], [116.3908204, 39.8059323], [116.3909951, 39.8059071], [116.3911755, 39.8058939], [116.3914684, 39.8058927], [116.3921185, 39.8059023], [116.392656, 39.8059085], [116.3949954, 39.8059667], [116.3951709, 39.8059702], [116.3960079, 39.8059874]]}}, {"type": "Feature", "properties": {"highway": "footway", "name": "", "bridge": "yes", "tunnel": "", "layer": "1", "source": "osm"}, "geometry": {"type": "LineString", "coordinates": [[116.395877, 39.8063422], [116.3963054, 39.8063546], [116.3967353, 39.8063669]]}}, {"type": "Feature", "properties": {"highway": "trunk_link", "name": "", "bridge": "", "tunnel": "", "layer": "", "source": "osm"}, "geometry": {"type": "LineString", "coordinates": [[116.3955799, 39.8264969], [116.3955741, 39.8267777], [116.3955514, 39.8278768], [116.3956547, 39.8289413], [116.3957128, 39.8297636], [116.395753, 39.8299716], [116.3958084, 39.8300549], [116.3958201, 39.8300725], [116.3958861, 39.8301644]]}}, {"type": "Feature", "properties": {"highway": "trunk_link", "name": "", "bridge": "", "tunnel": "", "layer": "", "source": "osm"}, "geometry": {"type": "LineString", "coordinates": [[116.3943266, 39.8300947], [116.3943931, 39.8299489], [116.3944119, 39.8298238], [116.3946256, 39.8284849], [116.3949896, 39.826462], [116.3950828, 39.8260487]]}}, {"type": "Feature", "properties": {"highway": "unclassified", "name": "", "bridge": "", "tunnel": "", "layer": "", "source": "osm"}, "geometry": {"type": "LineString", "coordinates": [[116.3956547, 39.8289413], [116.4004039, 39.8275266]]}}, {"type": "Feature", "properties": {"highway": "service", "name": "", "bridge": "", "tunnel": "", "layer": "", "source": "osm"}, "geometry": {"type": "LineString", "coordinates": [[116.3966048, 39.7976565], [116.3949373, 39.7976356], [116.3934817, 39.797628], [116.3932344, 39.7975996], [116.3907541, 39.7976045], [116.3906702, 39.7993283], [116.3933173, 39.799411], [116.3965035, 39.7995715], [116.3996777, 39.7996656], [116.4048675, 39.7998194], [116.4067405, 39.7998766], [116.4082225, 39.7999196], [116.4107922, 39.7999942], [116.4108067, 39.797674]]}}, {"type": "Feature", "properties": {"highway": "residential", "name": "", "bridge": "", "tunnel": "", "layer": "", "source": "osm"}, "geometry": {"type": "LineString", "coordinates": [[116.3891246, 39.8009767], [116.3890599, 39.800977], [116.3872929, 39.8009851], [116.3856427, 39.8010457], [116.384661, 39.8010818], [116.3836556, 39.8010744], [116.3799184, 39.8009803], [116.379732, 39.8008742], [116.3801692, 39.7979842], [116.3807706, 39.7980282], [116.3809137, 39.7979279], [116.3809869, 39.7958183], [116.3808469, 39.7956912], [116.3807254, 39.7956812], [116.3784043, 39.7955386], [116.3782576, 39.7954049]]}}, {"type": "Feature", "properties": {"highway": "residential", "name": "", "bridge": "", "tunnel": "", "layer": "", "source": "osm"}, "geometry": {"type": "LineString", "coordinates": [[116.3901094, 39.8232991], [116.3890453, 39.8239814], [116.3889383, 39.8240504], [116.3900737, 39.8258727], [116.3902581, 39.8261782], [116.38839, 39.8272142]]}}, {"type": "Feature", "properties": {"highway": "residential", "name": "", "bridge": "", "tunnel": "", "layer": "", "source": "osm"}, "geometry": {"type": "LineString", "coordinates": [[116.3877583, 39.8226199], [116.3834741, 39.8240186], [116.3828251, 39.824149], [116.3809813, 39.8246102], [116.3791799, 39.8252576], [116.3788221, 39.8249828]]}}, {"type": "Feature", "properties": {"highway": "service", "name": "", "bridge": "", "tunnel": "", "layer": "", "source": "osm"}, "geometry": {"type": "LineString", "coordinates": [[116.3872929, 39.8009851], [116.3872858, 39.8012016]]}}, {"type": "Feature", "properties": {"highway": "service", "name": "", "bridge": "", "tunnel": "", "layer": "", "source": "osm"}, "geometry": {"type": "LineString", "coordinates": [[116.3963928, 39.8016572], [116.3963994, 39.8015396], [116.3964048, 39.8014371], [116.3964673, 39.800255], [116.3965035, 39.7995715], [116.3966048, 39.7976565], [116.3966325, 39.7971323]]}}, {"type": "Feature", "properties": {"highway": "service", "name": "", "bridge": "", "tunnel": "", "layer": "", "source": "osm"}, "geometry": {"type": "LineString", "coordinates": [[116.3709909, 39.8073143], [116.3706415, 39.8073069]]}}, {"type": "Feature", "properties": {"highway": "service", "name": "", "bridge": "", "tunnel": "", "layer": "", "source": "osm"}, "geometry": {"type": "LineString", "coordinates": [[116.3929133, 39.8001526], [116.3931278, 39.8001938], [116.3964673, 39.800255], [116.3996368, 39.8003713], [116.4012764, 39.8004314], [116.4025529, 39.8004782], [116.404818, 39.8005612], [116.406703, 39.8006183], [116.4106249, 39.8007016]]}}, {"type": "Feature", "properties": {"highway": "service", "name": "", "bridge": "", "tunnel": "", "layer": "", "source": "osm"}, "geometry": {"type": "LineString", "coordinates": [[116.4066048, 39.8029299], [116.4066092, 39.8024752], [116.406703, 39.8006183], [116.4067405, 39.7998766], [116.4068664, 39.7975235]]}}, {"type": "Feature", "properties": {"highway": "tertiary", "name": "大红门南路", "bridge": "yes", "tunnel": "", "layer": "1", "source": "osm"}, "geometry": {"type": "LineString", "coordinates": [[116.3882676, 39.8051966], [116.388256, 39.8053719]]}}, {"type": "Feature", "properties": {"highway": "service", "name": "", "bridge": "", "tunnel": "", "layer": "", "source": "osm"}, "geometry": {"type": "LineString", "coordinates": [[116.3893474, 39.7969221], [116.3895732, 39.7969275], [116.3929517, 39.7970088], [116.3935381, 39.7968822], [116.3938527, 39.7967808], [116.3971363, 39.7950338], [116.3975358, 39.7930981], [116.3977961, 39.791638]]}}, {"type": "Feature", "properties": {"highway": "tertiary", "name": "槐房路", "bridge": "", "tunnel": "", "layer": "", "source": "osm"}, "geometry": {"type": "LineString", "coordinates": [[116.3810773, 39.8285848], [116.3810592, 39.8275481], [116.381054, 39.827318], [116.3810422, 39.8272407], [116.3810143, 39.8271578], [116.3809445, 39.8270113], [116.3808672, 39.8268754], [116.3808112, 39.8267852], [116.3806646, 39.8265996], [116.3805751, 39.8265339], [116.3804665, 39.8264683], [116.3783657, 39.8255726], [116.3781283, 39.8254714], [116.3780987, 39.8254588], [116.3775373, 39.8252337], [116.3769661, 39.8250235], [116.3732787, 39.8238071], [116.373057, 39.8236734], [116.3728846, 39.8234757], [116.372759, 39.8232428], [116.3723124, 39.8218499], [116.3722659, 39.8216999], [116.3719176, 39.8202343], [116.3719048, 39.8201788], [116.3718817, 39.820078], [116.3718796, 39.8200689], [116.3718443, 39.8199154], [116.3717926, 39.8196906], [116.3717099, 39.8193312], [116.3713028, 39.817646], [116.3711668, 39.8171965], [116.3708503, 39.8160727], [116.3707617, 39.8157814]]}}, {"type": "Feature", "properties": {"highway": "service", "name": "", "bridge": "", "tunnel": "", "layer": "", "source": "osm"}, "geometry": {"type": "LineString", "coordinates": [[116.393138, 39.7989184], [116.3932344, 39.7975996]]}}, {"type": "Feature", "properties": {"highway": "tertiary", "name": "大红门南路", "bridge": "", "tunnel": "", "layer": "", "source": "osm"}, "geometry": {"type": "LineString", "coordinates": [[116.3881571, 39.8068414], [116.387958, 39.8094641], [116.387902, 39.8102493], [116.3878871, 39.8106886], [116.3879089, 39.8111828], [116.3879707, 39.8117396], [116.3880468, 39.8122783], [116.3880697, 39.8125548], [116.3880584, 39.8127659], [116.3880046, 39.8130876], [116.3878062, 39.8141752], [116.3877528, 39.8146658], [116.3877361, 39.8149358], [116.3877497, 39.815198], [116.3879561, 39.8159413], [116.3880045, 39.8160772], [116.3880358, 39.8161622], [116.3887035, 39.8178336], [116.3887999, 39.8180942], [116.3892707, 39.8194622], [116.3893972, 39.8201181], [116.3896843, 39.8215239], [116.3898405, 39.8216708], [116.3900042, 39.8217501], [116.3910077, 39.8217631], [116.391176, 39.8218236], [116.3912371, 39.8219072], [116.3912404, 39.821996], [116.391227, 39.8221548], [116.3911509, 39.8222242], [116.3910561, 39.8222735], [116.3901052, 39.8222672], [116.3899694, 39.8223223], [116.3898897, 39.8224712], [116.3899396, 39.8227433], [116.3901094, 39.8232991], [116.390468, 39.8237817], [116.3913692, 39.8246139], [116.3916976, 39.8249354], [116.3920871, 39.8253837]]}}, {"type": "Feature", "properties": {"highway": "tertiary", "name": "槐房路", "bridge": "", "tunnel": "", "layer": "", "source": "osm"}, "geometry": {"type": "LineString", "coordinates": [[116.3707617, 39.8157814], [116.3706481, 39.8152884], [116.3706399, 39.8152528], [116.3706113, 39.8151289], [116.3705828, 39.815005], [116.3705357, 39.8147537], [116.3705032, 39.8144929], [116.3704584, 39.8140526], [116.3704214, 39.813358], [116.370428, 39.8131287], [116.3704645, 39.8129025], [116.3705492, 39.81258], [116.3705936, 39.8124082], [116.3707075, 39.8114397], [116.370728, 39.8111096], [116.3708385, 39.8094016], [116.3708521, 39.8091901], [116.3708732, 39.8088642], [116.3709623, 39.8076599], [116.3709909, 39.8073143], [116.3710255, 39.8069187], [116.3710254, 39.806852], [116.371126, 39.805047], [116.3711316, 39.8046312], [116.3711338, 39.804464], [116.3711457, 39.8035733]]}}, {"type": "Feature", "properties": {"highway": "service", "name": "", "bridge": "", "tunnel": "", "layer": "", "source": "osm"}, "geometry": {"type": "LineString", "coordinates": [[116.3949373, 39.7976356], [116.3950994, 39.7970983], [116.3966325, 39.7971323], [116.4050376, 39.7974536], [116.4064235, 39.7975066], [116.4068664, 39.7975235], [116.4083344, 39.7975796], [116.4092998, 39.7976165], [116.4108067, 39.797674], [116.4117007, 39.7977082], [116.411951, 39.7977164], [116.412371, 39.7977301]]}}, {"type": "Feature", "properties": {"highway": "residential", "name": "", "bridge": "", "tunnel": "", "layer": "", "source": "osm"}, "geometry": {"type": "LineString", "coordinates": [[116.3812542, 39.8235341], [116.3788221, 39.8249828], [116.3780987, 39.8254588]]}}, {"type": "Feature", "properties": {"highway": "service", "name": "", "bridge": "", "tunnel": "", "layer": "", "source": "osm"}, "geometry": {"type": "LineString", "coordinates": [[116.4047686, 39.8024623], [116.4066092, 39.8024752]]}}, {"type": "Feature", "properties": {"highway": "residential", "name": "", "bridge": "", "tunnel": "", "layer": "", "source": "osm"}, "geometry": {"type": "LineString", "coordinates": [[116.3759299, 39.7980667], [116.3757099, 39.7952921], [116.3754648, 39.7901637], [116.3754541, 39.7898418], [116.3753873, 39.7878368], [116.375314, 39.7861049], [116.3752366, 39.7850821], [116.3752366, 39.7847576], [116.3752366, 39.7838807], [116.3752773, 39.7821033]]}}, {"type": "Feature", "properties": {"highway": "tertiary_link", "name": "", "bridge": "", "tunnel": "", "layer": "", "source": "osm"}, "geometry": {"type": "LineString", "coordinates": [[116.3966365, 39.803614], [116.3963639, 39.8034427]]}}, {"type": "Feature", "properties": {"highway": "tertiary", "name": "南苑西路", "bridge": "", "tunnel": "", "layer": "", "source": "osm"}, "geometry": {"type": "LineString", "coordinates": [[116.3771585, 39.8017943], [116.3768178, 39.801795], [116.3764891, 39.801802], [116.376164, 39.8018251], [116.375727, 39.8018896], [116.3749576, 39.8020518], [116.3745937, 39.8021378], [116.3742299, 39.8022347], [116.3739555, 39.8023107], [116.373723, 39.8023894], [116.3735019, 39.8024885], [116.3730393, 39.8027444], [116.3727594, 39.8028847], [116.3716381, 39.8033735], [116.3711457, 39.8035733], [116.3706413, 39.8037908], [116.3704512, 39.8038673], [116.3702875, 39.8039341], [116.3701134, 39.8040108], [116.3699416, 39.8040953], [116.369768, 39.8042063], [116.3696422, 39.804293], [116.3663285, 39.8070024], [116.3662857, 39.8070368], [116.366226, 39.8070849], [116.3650051, 39.8080464], [116.3643876, 39.8085226], [116.3625919, 39.809978], [116.3622973, 39.8102168], [116.3618821, 39.8105533], [116.3617217, 39.8106725]]}}, {"type": "Feature", "properties": {"highway": "tertiary", "name": "新华路", "bridge": "", "tunnel": "", "layer": "", "source": "osm"}, "geometry": {"type": "LineString", "coordinates": [[116.3885515, 39.8015036], [116.388261, 39.8051643]]}}, {"type": "Feature", "properties": {"highway": "tertiary", "name": "警备东路", "bridge": "", "tunnel": "", "layer": "", "source": "osm"}, "geometry": {"type": "LineString", "coordinates": [[116.3963639, 39.8034427], [116.3963694, 39.802962], [116.396371, 39.8028258], [116.3963725, 39.8026886], [116.3963774, 39.802261], [116.3963928, 39.8016572], [116.3899599, 39.8015192], [116.3895713, 39.8015153], [116.3891135, 39.8015109]]}}, {"type": "Feature", "properties": {"highway": "tertiary", "name": "警备西路", "bridge": "", "tunnel": "", "layer": "", "source": "osm"}, "geometry": {"type": "LineString", "coordinates": [[116.3890471, 39.8015111], [116.3885515, 39.8015036], [116.388329, 39.8015045], [116.3880995, 39.8015132], [116.3879163, 39.8015228], [116.3874092, 39.801558], [116.3869498, 39.8015892], [116.3865, 39.8016257], [116.386089, 39.8016712], [116.3843395, 39.8019032], [116.3837704, 39.8019811], [116.3831452, 39.8020501], [116.3828756, 39.8020779], [116.382614, 39.802101], [116.3823485, 39.8021178], [116.3820829, 39.8021279], [116.3805619, 39.8021361], [116.3804086, 39.8021334], [116.3802095, 39.8021275], [116.380047, 39.8021198], [116.3798921, 39.8021062], [116.3782817, 39.8019125], [116.3779855, 39.8018799], [116.3771585, 39.8017943]]}}, {"type": "Feature", "properties": {"highway": "primary", "name": "通久路", "bridge": "", "tunnel": "", "layer": "", "source": "osm"}, "geometry": {"type": "LineString", "coordinates": [[116.4099122, 39.8205553], [116.4080502, 39.820546], [116.4047308, 39.8204932], [116.4030309, 39.820445], [116.40242, 39.8205389], [116.402257, 39.8205639], [116.40217, 39.820579], [116.4013752, 39.8207169], [116.4010388, 39.8208114], [116.4004181, 39.8209858], [116.4002044, 39.821075], [116.3983303, 39.8218574], [116.3971596, 39.8222263], [116.3967007, 39.8222909], [116.3960665, 39.8222863], [116.3957894, 39.8222788], [116.3956922, 39.8222761], [116.395325, 39.8222662], [116.395203, 39.8222628], [116.391227, 39.8221548], [116.38985, 39.8221174], [116.3874871, 39.8220312], [116.3760591, 39.8217439]]}}, {"type": "Feature", "properties": {"highway": "living_street", "name": "", "bridge": "", "tunnel": "", "layer": "", "source": "osm"}, "geometry": {"type": "LineString", "coordinates": [[116.4107143, 39.8077944], [116.4099907, 39.8075189], [116.4092016, 39.8073123], [116.4086257, 39.8071144], [116.4075814, 39.8065055], [116.405995, 39.8055806]]}}, {"type": "Feature", "properties": {"highway": "service", "name": "", "bridge": "", "tunnel": "", "layer": "", "source": "osm"}, "geometry": {"type": "LineString", "coordinates": [[116.389047, 39.8012166], [116.3889511, 39.801216], [116.38886, 39.8012163]]}}, {"type": "Feature", "properties": {"highway": "tertiary", "name": "五爱屯西街", "bridge": "", "tunnel": "", "layer": "", "source": "osm"}, "geometry": {"type": "LineString", "coordinates": [[116.3711457, 39.8035733], [116.3711598, 39.8007199], [116.3713084, 39.7981424], [116.3713099, 39.7981002], [116.371326, 39.7977394], [116.3714918, 39.7957789], [116.3715402, 39.795276]]}}, {"type": "Feature", "properties": {"highway": "tertiary", "name": "北马路", "bridge": "", "tunnel": "", "layer": "", "source": "osm"}, "geometry": {"type": "LineString", "coordinates": [[116.3771585, 39.8017943], [116.3772095, 39.8018574], [116.3775255, 39.8023004], [116.3775939, 39.8023917], [116.3777523, 39.8026031], [116.3778364, 39.8026907], [116.3779201, 39.80276], [116.3781425, 39.8029176], [116.3788241, 39.8033642], [116.3810586, 39.8049416], [116.3813263, 39.8051198], [116.3816061, 39.8052545], [116.3818176, 39.8053199], [116.3820346, 39.8053459], [116.3822892, 39.8053586], [116.3823377, 39.8053562], [116.3825569, 39.805345], [116.3829603, 39.8053167], [116.3842539, 39.8052133], [116.3842923, 39.8052106], [116.3843599, 39.805208], [116.3855885, 39.8051567], [116.3864121, 39.8051259], [116.38723, 39.8051021], [116.3876686, 39.8050924], [116.3881118, 39.8050959], [116.3881891, 39.8051144], [116.3882455, 39.805142], [116.388261, 39.8051643], [116.3882676, 39.8051966]]}}, {"type": "Feature", "properties": {"highway": "unclassified", "name": "", "bridge": "", "tunnel": "", "layer": "", "source": "osm"}, "geometry": {"type": "LineString", "coordinates": [[116.3913387, 39.7951215], [116.3912666, 39.795159], [116.3911785, 39.7951881], [116.3910831, 39.7951987], [116.3909781, 39.7951975], [116.389854, 39.7951436], [116.3897703, 39.7951516], [116.3896854, 39.7951671], [116.3895739, 39.7952104], [116.3894826, 39.7952921], [116.3894379, 39.7953964], [116.3893474, 39.7969221], [116.3893427, 39.7970996], [116.3891246, 39.8009767], [116.3891171, 39.8013248], [116.3891135, 39.8015109]]}}, {"type": "Feature", "properties": {"highway": "unclassified", "name": "", "bridge": "", "tunnel": "", "layer": "", "source": "osm"}, "geometry": {"type": "LineString", "coordinates": [[116.3890471, 39.8015111], [116.3890533, 39.8013245], [116.389047, 39.8012166], [116.3890599, 39.800977], [116.3890865, 39.8005182], [116.3892754, 39.7969175], [116.3892817, 39.7968108], [116.3892877, 39.7967108], [116.3893633, 39.7953673], [116.3893987, 39.7952818], [116.3894474, 39.7952274], [116.3895342, 39.7951599], [116.3896606, 39.7951101], [116.3897907, 39.7950899], [116.3899894, 39.795095], [116.39098, 39.7951424], [116.3911345, 39.7951423], [116.3912146, 39.7951226], [116.3913457, 39.7950556]]}}, {"type": "Feature", "properties": {"highway": "service", "name": "", "bridge": "", "tunnel": "", "layer": "", "source": "osm"}, "geometry": {"type": "LineString", "coordinates": [[116.3730525, 39.8290775], [116.3730662, 39.8289461], [116.3731177, 39.8284516], [116.3731185, 39.8282845], [116.3731212, 39.8277655], [116.3731216, 39.8276834]]}}, {"type": "Feature", "properties": {"highway": "tertiary", "name": "槐房北路", "bridge": "", "tunnel": "", "layer": "", "source": "osm"}, "geometry": {"type": "LineString", "coordinates": [[116.3707617, 39.8157814], [116.3678365, 39.8163786], [116.3674042, 39.8164626], [116.3672373, 39.8164926], [116.3670915, 39.8165107], [116.3669538, 39.8165213], [116.3668495, 39.8165211], [116.3639213, 39.8165121], [116.3637729, 39.8165118], [116.3599906, 39.8165107], [116.359859, 39.8165106], [116.3588176, 39.8165103]]}}, {"type": "Feature", "properties": {"highway": "residential", "name": "", "bridge": "", "tunnel": "", "layer": "", "source": "osm"}, "geometry": {"type": "LineString", "coordinates": [[116.3958275, 39.8122515], [116.3961965, 39.8122504]]}}, {"type": "Feature", "properties": {"highway": "residential", "name": "久敬庄路", "bridge": "", "tunnel": "", "layer": "", "source": "osm"}, "geometry": {"type": "LineString", "coordinates": [[116.4038681, 39.8203185], [116.4050065, 39.8202232], [116.4057971, 39.8200758], [116.4078929, 39.8197138], [116.4098237, 39.8195311], [116.4116432, 39.8191739], [116.411807, 39.8191436], [116.4122897, 39.8190542], [116.412911, 39.8189392], [116.4178332, 39.8188558], [116.4181262, 39.8188737]]}}, {"type": "Feature", "properties": {"highway": "residential", "name": "和义东里", "bridge": "", "tunnel": "", "layer": "", "source": "osm"}, "geometry": {"type": "LineString", "coordinates": [[116.3963111, 39.8122542], [116.3977359, 39.8122795], [116.3997118, 39.8123169], [116.4005721, 39.8123454], [116.4013786, 39.812352], [116.4026139, 39.8123781]]}}, {"type": "Feature", "properties": {"highway": "residential", "name": "和义西里", "bridge": "", "tunnel": "", "layer": "", "source": "osm"}, "geometry": {"type": "LineString", "coordinates": [[116.3880468, 39.8122783], [116.3881621, 39.8122728], [116.3891252, 39.8122701], [116.3898584, 39.8122681], [116.390776, 39.8122655], [116.391854, 39.8122625], [116.3926736, 39.8122602], [116.3944685, 39.8122552], [116.3957025, 39.8122518], [116.3958275, 39.8122515]]}}, {"type": "Feature", "properties": {"highway": "steps", "name": "", "bridge": "yes", "tunnel": "", "layer": "1", "source": "osm"}, "geometry": {"type": "LineString", "coordinates": [[116.3952065, 39.820343], [116.3951936, 39.8205107]]}}, {"type": "Feature", "properties": {"highway": "steps", "name": "", "bridge": "yes", "tunnel": "", "layer": "1", "source": "osm"}, "geometry": {"type": "LineString", "coordinates": [[116.3956301, 39.8201629], [116.3956293, 39.8203569]]}}, {"type": "Feature", "properties": {"highway": "steps", "name": "", "bridge": "yes", "tunnel": "", "layer": "1", "source": "osm"}, "geometry": {"type": "LineString", "coordinates": [[116.3960457, 39.8203711], [116.396027, 39.8205332]]}}, {"type": "Feature", "properties": {"highway": "steps", "name": "", "bridge": "yes", "tunnel": "", "layer": "1", "source": "osm"}, "geometry": {"type": "LineString", "coordinates": [[116.3962041, 39.8156284], [116.3961756, 39.8158077]]}}, {"type": "Feature", "properties": {"highway": "steps", "name": "", "bridge": "yes", "tunnel": "", "layer": "1", "source": "osm"}, "geometry": {"type": "LineString", "coordinates": [[116.3963054, 39.8063546], [116.396293, 39.8065598]]}}, {"type": "Feature", "properties": {"highway": "steps", "name": "", "bridge": "yes", "tunnel": "", "layer": "1", "source": "osm"}, "geometry": {"type": "LineString", "coordinates": [[116.3953649, 39.8156004], [116.3953577, 39.8158004]]}}, {"type": "Feature", "properties": {"highway": "footway", "name": "", "bridge": "", "tunnel": "", "layer": "", "source": "osm"}, "geometry": {"type": "LineString", "coordinates": [[116.3959543, 39.812801], [116.3960141, 39.8128022]]}}, {"type": "Feature", "properties": {"highway": "steps", "name": "", "bridge": "yes", "tunnel": "", "layer": "1", "source": "osm"}, "geometry": {"type": "LineString", "coordinates": [[116.3958656, 39.8154404], [116.3958461, 39.815617]]}}, {"type": "Feature", "properties": {"highway": "footway", "name": "", "bridge": "yes", "tunnel": "", "layer": "1", "source": "osm"}, "geometry": {"type": "LineString", "coordinates": [[116.395381, 39.8149637], [116.3953649, 39.8156004], [116.3958461, 39.815617], [116.3962041, 39.8156284], [116.3962216, 39.8149838]]}}, {"type": "Feature", "properties": {"highway": "footway", "name": "", "bridge": "yes", "tunnel": "", "layer": "1", "source": "osm"}, "geometry": {"type": "LineString", "coordinates": [[116.3952196, 39.8199036], [116.3952065, 39.820343], [116.3956293, 39.8203569], [116.3960457, 39.8203711], [116.3960486, 39.8199283]]}}, {"type": "Feature", "properties": {"highway": "footway", "name": "", "bridge": "", "tunnel": "", "layer": "", "source": "osm"}, "geometry": {"type": "LineString", "coordinates": [[116.3956237, 39.8123124], [116.3957008, 39.8123131], [116.3958244, 39.8123142], [116.395974, 39.8123155], [116.3960383, 39.8123161], [116.3961931, 39.8123174], [116.3963096, 39.8123182], [116.3963811, 39.8123191]]}}, {"type": "Feature", "properties": {"highway": "footway", "name": "", "bridge": "", "tunnel": "", "layer": "", "source": "osm"}, "geometry": {"type": "LineString", "coordinates": [[116.3957686, 39.809709], [116.3958171, 39.8097097], [116.3959522, 39.8097117], [116.3961524, 39.8097146], [116.3961568, 39.8096171], [116.3963288, 39.8096188], [116.3964108, 39.8096197], [116.3964925, 39.8096205]]}}, {"type": "Feature", "properties": {"highway": "steps", "name": "", "bridge": "yes", "tunnel": "", "layer": "1", "source": "osm"}, "geometry": {"type": "LineString", "coordinates": [[116.3999825, 39.8034838], [116.4001801, 39.8034884]]}}, {"type": "Feature", "properties": {"highway": "steps", "name": "", "bridge": "yes", "tunnel": "", "layer": "1", "source": "osm"}, "geometry": {"type": "LineString", "coordinates": [[116.3967166, 39.8065783], [116.3967353, 39.8063669]]}}, {"type": "Feature", "properties": {"highway": "steps", "name": "", "bridge": "yes", "tunnel": "", "layer": "1", "source": "osm"}, "geometry": {"type": "LineString", "coordinates": [[116.3999584, 39.8038291], [116.400168, 39.8038337]]}}, {"type": "Feature", "properties": {"highway": "steps", "name": "", "bridge": "yes", "tunnel": "", "layer": "1", "source": "osm"}, "geometry": {"type": "LineString", "coordinates": [[116.3958804, 39.8061735], [116.395877, 39.8063422]]}}, {"type": "Feature", "properties": {"highway": "steps", "name": "", "bridge": "yes", "tunnel": "", "layer": "1", "source": "osm"}, "geometry": {"type": "LineString", "coordinates": [[116.4001741, 39.8036595], [116.4004231, 39.8036653]]}}, {"type": "Feature", "properties": {"highway": "footway", "name": "", "bridge": "yes", "tunnel": "", "layer": "1", "source": "osm"}, "geometry": {"type": "LineString", "coordinates": [[116.4008905, 39.8038534], [116.400168, 39.8038337], [116.4001741, 39.8036595], [116.4001801, 39.8034884]]}}, {"type": "Feature", "properties": {"highway": "tertiary", "name": "南苑路", "bridge": "", "tunnel": "", "layer": "", "source": "osm"}, "geometry": {"type": "LineString", "coordinates": [[116.3951307, 39.8247053], [116.3950916, 39.8245308], [116.395203, 39.8222628], [116.3952102, 39.8221169], [116.3952261, 39.8217934], [116.3952585, 39.821134], [116.3952671, 39.8209592], [116.3952764, 39.8207696], [116.3954589, 39.817056], [116.3955323, 39.8159758], [116.3955438, 39.8152981], [116.3955492, 39.8148654], [116.3957008, 39.8123131], [116.3957025, 39.8122518], [116.3957195, 39.8118747], [116.3957248, 39.8117573], [116.3958056, 39.8099121], [116.3958171, 39.8097097], [116.3958649, 39.8087887], [116.395896, 39.8081902], [116.3959718, 39.806798], [116.3959917, 39.8063787]]}}, {"type": "Feature", "properties": {"highway": "unclassified", "name": "", "bridge": "", "tunnel": "", "layer": "", "source": "osm"}, "geometry": {"type": "LineString", "coordinates": [[116.40217, 39.820579], [116.4022891, 39.8221372], [116.4023154, 39.8225904], [116.4024002, 39.823102], [116.402482, 39.8233129], [116.4029874, 39.8242912], [116.403575, 39.8254697], [116.4041297, 39.8265821], [116.4044131, 39.8274145], [116.4047403, 39.8280562], [116.404939, 39.8282716], [116.4050395, 39.8285046], [116.4052107, 39.8291085], [116.4058339, 39.830575], [116.4058552, 39.8306252]]}}, {"type": "Feature", "properties": {"highway": "tertiary", "name": "", "bridge": "", "tunnel": "", "layer": "", "source": "osm"}, "geometry": {"type": "LineString", "coordinates": [[116.3520935, 39.8068665], [116.3540157, 39.8068951], [116.3574188, 39.8069463], [116.3598783, 39.8069822], [116.3601236, 39.8069928], [116.3652675, 39.8070297], [116.3654367, 39.8070309], [116.3662857, 39.8070368]]}}, {"type": "Feature", "properties": {"highway": "service", "name": "和义东路", "bridge": "", "tunnel": "", "layer": "", "source": "osm"}, "geometry": {"type": "LineString", "coordinates": [[116.4036772, 39.8156729], [116.4037615, 39.8158081], [116.4037622, 39.8158568], [116.4037671, 39.8161738], [116.4037825, 39.8177138], [116.4038077, 39.8194647], [116.4038973, 39.8198346], [116.4038681, 39.8203185]]}}, {"type": "Feature", "properties": {"highway": "service", "name": "", "bridge": "", "tunnel": "", "layer": "", "source": "osm"}, "geometry": {"type": "LineString", "coordinates": [[116.4018883, 39.8162981], [116.4018789, 39.8164362], [116.4018411, 39.8164695], [116.4017333, 39.8165018], [116.4005067, 39.8166502], [116.4005148, 39.8170836], [116.4005221, 39.8174772], [116.4005893, 39.8177977], [116.400721, 39.8182107], [116.4008526, 39.8184688], [116.4010374, 39.8186861], [116.4013146, 39.8189097], [116.4017599, 39.8191571], [116.4019951, 39.8192711], [116.4022444, 39.8193206], [116.4023732, 39.8201207], [116.4024123, 39.8204041]]}}, {"type": "Feature", "properties": {"highway": "residential", "name": "", "bridge": "", "tunnel": "", "layer": "", "source": "osm"}, "geometry": {"type": "LineString", "coordinates": [[116.4013786, 39.812352], [116.4013104, 39.8142519]]}}, {"type": "Feature", "properties": {"highway": "service", "name": "", "bridge": "", "tunnel": "", "layer": "", "source": "osm"}, "geometry": {"type": "LineString", "coordinates": [[116.3998746, 39.8149068], [116.400128, 39.8160157]]}}, {"type": "Feature", "properties": {"highway": "service", "name": "", "bridge": "", "tunnel": "", "layer": "", "source": "osm"}, "geometry": {"type": "LineString", "coordinates": [[116.4010134, 39.82068], [116.4009432, 39.8203777]]}}, {"type": "Feature", "properties": {"highway": "residential", "name": "", "bridge": "", "tunnel": "", "layer": "", "source": "osm"}, "geometry": {"type": "LineString", "coordinates": [[116.4003194, 39.8091958], [116.4001742, 39.8106144]]}}, {"type": "Feature", "properties": {"highway": "service", "name": "", "bridge": "", "tunnel": "", "layer": "", "source": "osm"}, "geometry": {"type": "LineString", "coordinates": [[116.4030857, 39.8150174], [116.4020219, 39.8151787]]}}, {"type": "Feature", "properties": {"highway": "service", "name": "", "bridge": "", "tunnel": "", "layer": "", "source": "osm"}, "geometry": {"type": "LineString", "coordinates": [[116.4002044, 39.821075], [116.4003027, 39.8224651]]}}, {"type": "Feature", "properties": {"highway": "residential", "name": "", "bridge": "", "tunnel": "", "layer": "", "source": "osm"}, "geometry": {"type": "LineString", "coordinates": [[116.3997118, 39.8123169], [116.4000426, 39.8107348], [116.4001742, 39.8106144]]}}, {"type": "Feature", "properties": {"highway": "service", "name": "", "bridge": "", "tunnel": "", "layer": "", "source": "osm"}, "geometry": {"type": "LineString", "coordinates": [[116.4030857, 39.8150174], [116.4031937, 39.8154521], [116.4021295, 39.8156199]]}}, {"type": "Feature", "properties": {"highway": "service", "name": "", "bridge": "", "tunnel": "", "layer": "", "source": "osm"}, "geometry": {"type": "LineString", "coordinates": [[116.3992854, 39.8174729], [116.4004308, 39.8174708], [116.4005221, 39.8174772]]}}, {"type": "Feature", "properties": {"highway": "service", "name": "", "bridge": "", "tunnel": "", "layer": "", "source": "osm"}, "geometry": {"type": "LineString", "coordinates": [[116.4005148, 39.8170836], [116.4026809, 39.8170793], [116.4027288, 39.8170567]]}}, {"type": "Feature", "properties": {"highway": "service", "name": "", "bridge": "", "tunnel": "", "layer": "", "source": "osm"}, "geometry": {"type": "LineString", "coordinates": [[116.3993617, 39.8168546], [116.4001906, 39.8167233], [116.4002088, 39.8166803], [116.4005067, 39.8166502]]}}, {"type": "Feature", "properties": {"highway": "service", "name": "", "bridge": "", "tunnel": "", "layer": "", "source": "osm"}, "geometry": {"type": "LineString", "coordinates": [[116.4027288, 39.8170567], [116.4036515, 39.8170578], [116.4036389, 39.8193399], [116.4037061, 39.8195357], [116.4037342, 39.8198991]]}}, {"type": "Feature", "properties": {"highway": "residential", "name": "", "bridge": "", "tunnel": "", "layer": "", "source": "osm"}, "geometry": {"type": "LineString", "coordinates": [[116.4023966, 39.8105886], [116.4024078, 39.8111188], [116.4024148, 39.8112156], [116.402538, 39.8112909], [116.4026139, 39.8123781]]}}, {"type": "Feature", "properties": {"highway": "service", "name": "", "bridge": "", "tunnel": "", "layer": "", "source": "osm"}, "geometry": {"type": "LineString", "coordinates": [[116.4036515, 39.8170578], [116.403697, 39.8169707], [116.4036914, 39.8165158], [116.4036494, 39.8162523], [116.4021526, 39.8162544], [116.4018883, 39.8162981], [116.4017298, 39.8163243]]}}, {"type": "Feature", "properties": {"highway": "service", "name": "", "bridge": "", "tunnel": "", "layer": "", "source": "osm"}, "geometry": {"type": "LineString", "coordinates": [[116.4020219, 39.8151787], [116.400931, 39.8153338], [116.4007266, 39.8145186], [116.4007294, 39.814439], [116.4018019, 39.8142777], [116.402866, 39.8141335], [116.4030857, 39.8150174]]}}, {"type": "Feature", "properties": {"highway": "service", "name": "", "bridge": "", "tunnel": "", "layer": "", "source": "osm"}, "geometry": {"type": "LineString", "coordinates": [[116.4018019, 39.8142777], [116.4020219, 39.8151787], [116.4021295, 39.8156199], [116.4020203, 39.8159339], [116.399192, 39.816362], [116.3968145, 39.8167061], [116.3967108, 39.8160307], [116.3966948, 39.8159513]]}}, {"type": "Feature", "properties": {"highway": "tertiary", "name": "", "bridge": "", "tunnel": "", "layer": "", "source": "osm"}, "geometry": {"type": "LineString", "coordinates": [[116.4119453, 39.8120163], [116.4110739, 39.8117451], [116.4093818, 39.8111531], [116.4092276, 39.8110991], [116.4077297, 39.8104649], [116.4064967, 39.8101483], [116.40402, 39.8090412], [116.4036119, 39.8090141], [116.4018738, 39.8093108], [116.4003194, 39.8091958], [116.3998675, 39.8091624], [116.3964044, 39.8097873]]}}, {"type": "Feature", "properties": {"highway": "residential", "name": "", "bridge": "", "tunnel": "", "layer": "", "source": "osm"}, "geometry": {"type": "LineString", "coordinates": [[116.3998696, 39.8063524], [116.4010248, 39.8042137]]}}, {"type": "Feature", "properties": {"highway": "residential", "name": "", "bridge": "", "tunnel": "", "layer": "", "source": "osm"}, "geometry": {"type": "LineString", "coordinates": [[116.3997118, 39.8123169], [116.3997033, 39.8123392], [116.3993332, 39.8133099], [116.3993099, 39.8136793]]}}, {"type": "Feature", "properties": {"highway": "residential", "name": "", "bridge": "", "tunnel": "", "layer": "", "source": "osm"}, "geometry": {"type": "LineString", "coordinates": [[116.392656, 39.8059085], [116.3926222, 39.8066141], [116.3925552, 39.8078995], [116.3922423, 39.8080574]]}}, {"type": "Feature", "properties": {"highway": "residential", "name": "", "bridge": "", "tunnel": "", "layer": "", "source": "osm"}, "geometry": {"type": "LineString", "coordinates": [[116.3922423, 39.8080574], [116.3913456, 39.8081614], [116.3914684, 39.8058927]]}}, {"type": "Feature", "properties": {"highway": "residential", "name": "", "bridge": "", "tunnel": "", "layer": "", "source": "osm"}, "geometry": {"type": "LineString", "coordinates": [[116.3913456, 39.8081614], [116.3916025, 39.8096538]]}}, {"type": "Feature", "properties": {"highway": "residential", "name": "", "bridge": "", "tunnel": "", "layer": "", "source": "osm"}, "geometry": {"type": "LineString", "coordinates": [[116.395896, 39.8081902], [116.3953216, 39.8081551], [116.395189, 39.808147], [116.3942725, 39.8081269], [116.3930128, 39.8080932], [116.3925552, 39.8078995]]}}, {"type": "Feature", "properties": {"highway": "residential", "name": "", "bridge": "", "tunnel": "", "layer": "", "source": "osm"}, "geometry": {"type": "LineString", "coordinates": [[116.3942725, 39.8081269], [116.3942896, 39.8078235], [116.3942967, 39.8077183], [116.3943136, 39.8074683], [116.3943204, 39.8073686], [116.3940776, 39.8071677], [116.3940837, 39.8070569], [116.3940883, 39.8069721], [116.3941009, 39.8067408], [116.3933304, 39.8067228], [116.3931529, 39.8066295], [116.3926222, 39.8066141]]}}, {"type": "Feature", "properties": {"highway": "residential", "name": "", "bridge": "", "tunnel": "", "layer": "", "source": "osm"}, "geometry": {"type": "LineString", "coordinates": [[116.3959718, 39.806798], [116.3954179, 39.806791], [116.3942831, 39.8067515]]}}, {"type": "Feature", "properties": {"highway": "residential", "name": "", "bridge": "", "tunnel": "", "layer": "", "source": "osm"}, "geometry": {"type": "LineString", "coordinates": [[116.3953216, 39.8081551], [116.394714, 39.8087034]]}}, {"type": "Feature", "properties": {"highway": "residential", "name": "", "bridge": "", "tunnel": "", "layer": "", "source": "osm"}, "geometry": {"type": "LineString", "coordinates": [[116.3942896, 39.8078235], [116.3950321, 39.8078443], [116.3950388, 39.8077311], [116.3942967, 39.8077183]]}}, {"type": "Feature", "properties": {"highway": "residential", "name": "", "bridge": "", "tunnel": "", "layer": "", "source": "osm"}, "geometry": {"type": "LineString", "coordinates": [[116.3943136, 39.8074683], [116.3947977, 39.8074739], [116.3948044, 39.807371], [116.3943204, 39.8073686]]}}, {"type": "Feature", "properties": {"highway": "residential", "name": "", "bridge": "", "tunnel": "", "layer": "", "source": "osm"}, "geometry": {"type": "LineString", "coordinates": [[116.3940837, 39.8070569], [116.3950991, 39.8070752], [116.3951091, 39.8069878], [116.3940883, 39.8069721]]}}, {"type": "Feature", "properties": {"highway": "service", "name": "", "bridge": "", "tunnel": "", "layer": "", "source": "osm"}, "geometry": {"type": "LineString", "coordinates": [[116.4050376, 39.7974536], [116.4048675, 39.7998194], [116.404818, 39.8005612], [116.4047888, 39.8016852], [116.4047866, 39.8017707], [116.4047686, 39.8024623], [116.4047532, 39.8028719], [116.4047228, 39.803682], [116.4047216, 39.8038595]]}}, {"type": "Feature", "properties": {"highway": "service", "name": "", "bridge": "", "tunnel": "", "layer": "", "source": "osm"}, "geometry": {"type": "LineString", "coordinates": [[116.3686142, 39.8131236], [116.3702774, 39.8131286], [116.3702935, 39.8130544], [116.3703123, 39.8125497], [116.3703159, 39.8122817], [116.3702103, 39.8121273], [116.3701782, 39.8119357], [116.3701057, 39.811878], [116.3692287, 39.8118965], [116.3674772, 39.8118615]]}}, {"type": "Feature", "properties": {"highway": "service", "name": "", "bridge": "", "tunnel": "", "layer": "", "source": "osm"}, "geometry": {"type": "LineString", "coordinates": [[116.3652004, 39.8124816], [116.3674369, 39.8125323], [116.3681021, 39.8125188], [116.3681477, 39.8125868], [116.3682041, 39.8127145], [116.3683811, 39.8127495], [116.3685527, 39.8127248], [116.368593, 39.8127557], [116.3686198, 39.8130647], [116.3686142, 39.8131236], [116.3685903, 39.8133758], [116.3685849, 39.8136272], [116.3676649, 39.8136148], [116.3675845, 39.8135654]]}}, {"type": "Feature", "properties": {"highway": "service", "name": "", "bridge": "", "tunnel": "", "layer": "", "source": "osm"}, "geometry": {"type": "LineString", "coordinates": [[116.3673511, 39.8138456], [116.3666339, 39.8138284], [116.3654923, 39.8138023], [116.3652241, 39.8137694], [116.3652107, 39.813279], [116.3652004, 39.8124816], [116.3651919, 39.8118203], [116.3658303, 39.8118368], [116.3659376, 39.8117915], [116.3663775, 39.81181], [116.3664928, 39.8118574], [116.3674772, 39.8118615], [116.3674369, 39.8125323], [116.3674182, 39.8128443], [116.367453, 39.8131204], [116.3675871, 39.8132502], [116.3675979, 39.8134171], [116.3675845, 39.8135654], [116.3666671, 39.8135633]]}}, {"type": "Feature", "properties": {"highway": "service", "name": "", "bridge": "", "tunnel": "", "layer": "", "source": "osm"}, "geometry": {"type": "LineString", "coordinates": [[116.3668495, 39.8165211], [116.3668522, 39.8157369], [116.3668361, 39.814886], [116.3668415, 39.814577], [116.3666645, 39.8142865], [116.3666108, 39.8141732], [116.3666084, 39.8140326], [116.3666339, 39.8138284], [116.3666671, 39.8135633]]}}, {"type": "Feature", "properties": {"highway": "tertiary", "name": "槐房南路", "bridge": "", "tunnel": "", "layer": "", "source": "osm"}, "geometry": {"type": "LineString", "coordinates": [[116.3590619, 39.8139379], [116.3637477, 39.8139922], [116.3638879, 39.8139978], [116.3666084, 39.8140326], [116.3704584, 39.8140526]]}}, {"type": "Feature", "properties": {"highway": "residential", "name": "槐顺路", "bridge": "", "tunnel": "", "layer": "", "source": "osm"}, "geometry": {"type": "LineString", "coordinates": [[116.3682801, 39.8067671], [116.3682794, 39.8068352], [116.3682788, 39.8069081], [116.36827, 39.8078733], [116.3682684, 39.8080444], [116.3682681, 39.8080815], [116.3682716, 39.8082694], [116.3682825, 39.8087296], [116.3682906, 39.809075], [116.3682986, 39.8096904], [116.3683128, 39.8104379]]}}, {"type": "Feature", "properties": {"highway": "tertiary", "name": "丽槐街", "bridge": "", "tunnel": "", "layer": "", "source": "osm"}, "geometry": {"type": "LineString", "coordinates": [[116.3663285, 39.8070024], [116.3675654, 39.8068178], [116.3681963, 39.806767], [116.3682107, 39.8067658], [116.3682801, 39.8067671], [116.3683973, 39.8067692], [116.3709609, 39.8068526], [116.3710254, 39.806852]]}}, {"type": "Feature", "properties": {"highway": "tertiary", "name": "丽槐街", "bridge": "", "tunnel": "", "layer": "", "source": "osm"}, "geometry": {"type": "LineString", "coordinates": [[116.3710255, 39.8069187], [116.3709567, 39.8069169], [116.3693747, 39.8068595], [116.3683977, 39.8068378], [116.3682794, 39.8068352], [116.3682584, 39.8068347], [116.3681963, 39.8068385], [116.3676437, 39.8068727], [116.366226, 39.8070849]]}}, {"type": "Feature", "properties": {"highway": "footway", "name": "", "bridge": "", "tunnel": "", "layer": "", "source": "osm"}, "geometry": {"type": "LineString", "coordinates": [[116.3681963, 39.8069084], [116.3682788, 39.8069081], [116.3683981, 39.8069076]]}}, {"type": "Feature", "properties": {"highway": "footway", "name": "", "bridge": "", "tunnel": "", "layer": "", "source": "osm"}, "geometry": {"type": "LineString", "coordinates": [[116.3681963, 39.8069084], [116.3681963, 39.8068385], [116.3681963, 39.806767], [116.3681963, 39.806724]]}}, {"type": "Feature", "properties": {"highway": "footway", "name": "", "bridge": "", "tunnel": "", "layer": "", "source": "osm"}, "geometry": {"type": "LineString", "coordinates": [[116.3683981, 39.8069076], [116.3683977, 39.8068378], [116.3683973, 39.8067692], [116.368397, 39.8067289]]}}, {"type": "Feature", "properties": {"highway": "footway", "name": "", "bridge": "", "tunnel": "", "layer": "", "source": "osm"}, "geometry": {"type": "LineString", "coordinates": [[116.3682056, 39.8078731], [116.36827, 39.8078733], [116.3683904, 39.8078739]]}}, {"type": "Feature", "properties": {"highway": "footway", "name": "", "bridge": "", "tunnel": "", "layer": "", "source": "osm"}, "geometry": {"type": "LineString", "coordinates": [[116.3682034, 39.8080708], [116.3682037, 39.8080442], [116.3682056, 39.8078731]]}}, {"type": "Feature", "properties": {"highway": "footway", "name": "", "bridge": "", "tunnel": "", "layer": "", "source": "osm"}, "geometry": {"type": "LineString", "coordinates": [[116.3683775, 39.8083394], [116.3683775, 39.8082686], [116.3683775, 39.808189]]}}, {"type": "Feature", "properties": {"highway": "residential", "name": "", "bridge": "", "tunnel": "", "layer": "", "source": "osm"}, "geometry": {"type": "LineString", "coordinates": [[116.3682716, 39.8082694], [116.3683775, 39.8082686], [116.3690029, 39.8082637], [116.3689924, 39.8081237], [116.369081, 39.8080268], [116.3690705, 39.8077164], [116.3689271, 39.8075921], [116.3687397, 39.8075873], [116.3687435, 39.8072523], [116.3689254, 39.8072503], [116.3689271, 39.8075921]]}}, {"type": "Feature", "properties": {"highway": "footway", "name": "", "bridge": "", "tunnel": "", "layer": "", "source": "osm"}, "geometry": {"type": "LineString", "coordinates": [[116.3683913, 39.809739], [116.3683913, 39.8096897], [116.3683913, 39.809612]]}}, {"type": "Feature", "properties": {"highway": "residential", "name": "", "bridge": "", "tunnel": "", "layer": "", "source": "osm"}, "geometry": {"type": "LineString", "coordinates": [[116.3682986, 39.8096904], [116.3683913, 39.8096897], [116.3688629, 39.8096859]]}}, {"type": "Feature", "properties": {"highway": "residential", "name": "", "bridge": "", "tunnel": "", "layer": "", "source": "osm"}, "geometry": {"type": "LineString", "coordinates": [[116.3690029, 39.8082637], [116.3690705, 39.8083892], [116.3694656, 39.8083909], [116.3694635, 39.8085296], [116.3690684, 39.8085328], [116.3690705, 39.8083892]]}}, {"type": "Feature", "properties": {"highway": "residential", "name": "", "bridge": "", "tunnel": "", "layer": "", "source": "osm"}, "geometry": {"type": "LineString", "coordinates": [[116.3697184, 39.8079355], [116.370037, 39.8079375], [116.3700521, 39.8076839], [116.3700753, 39.8072948], [116.3698642, 39.8072903], [116.3697564, 39.8073246], [116.3697341, 39.8074045], [116.3697184, 39.8079355], [116.3697007, 39.8085355], [116.3695509, 39.8090121], [116.3694645, 39.8090611], [116.3688596, 39.8090683], [116.3682906, 39.809075]]}}, {"type": "Feature", "properties": {"highway": "residential", "name": "", "bridge": "", "tunnel": "", "layer": "", "source": "osm"}, "geometry": {"type": "LineString", "coordinates": [[116.3705305, 39.8076828], [116.3700521, 39.8076839]]}}, {"type": "Feature", "properties": {"highway": "residential", "name": "", "bridge": "", "tunnel": "", "layer": "", "source": "osm"}, "geometry": {"type": "LineString", "coordinates": [[116.3682825, 39.8087296], [116.3674055, 39.8087265], [116.3674017, 39.8090307], [116.3673979, 39.8093311], [116.3668193, 39.8093353], [116.3668131, 39.8096708], [116.3677565, 39.8096833], [116.3682986, 39.8096904]]}}, {"type": "Feature", "properties": {"highway": "residential", "name": "", "bridge": "", "tunnel": "", "layer": "", "source": "osm"}, "geometry": {"type": "LineString", "coordinates": [[116.3674017, 39.8090307], [116.3677668, 39.8090327], [116.3677565, 39.8096833]]}}, {"type": "Feature", "properties": {"highway": "residential", "name": "", "bridge": "", "tunnel": "", "layer": "", "source": "osm"}, "geometry": {"type": "LineString", "coordinates": [[116.3682684, 39.8080444], [116.3682037, 39.8080442], [116.3675312, 39.8080426], [116.367333, 39.8080421], [116.3673354, 39.8077715], [116.3673374, 39.8075477], [116.3675402, 39.8075512], [116.3675312, 39.8080426], [116.3675263, 39.808285], [116.3675969, 39.808394], [116.3675913, 39.8085496], [116.3666487, 39.8085476], [116.3666447, 39.8091267], [116.3666441, 39.8092258], [116.3657293, 39.8092224], [116.3657338, 39.8091163], [116.3666447, 39.8091267]]}}, {"type": "Feature", "properties": {"highway": "residential", "name": "", "bridge": "", "tunnel": "", "layer": "", "source": "osm"}, "geometry": {"type": "LineString", "coordinates": [[116.3657338, 39.8091163], [116.3657362, 39.8089799], [116.3655447, 39.8089776], [116.3653525, 39.8089754], [116.3651674, 39.8089732], [116.3651813, 39.8085905], [116.3653725, 39.8085928], [116.3655701, 39.8085951], [116.3656689, 39.8085963], [116.365759, 39.8085973], [116.3657362, 39.8089799]]}}, {"type": "Feature", "properties": {"highway": "residential", "name": "", "bridge": "", "tunnel": "", "layer": "", "source": "osm"}, "geometry": {"type": "LineString", "coordinates": [[116.3653525, 39.8089754], [116.3653725, 39.8085928]]}}, {"type": "Feature", "properties": {"highway": "residential", "name": "", "bridge": "", "tunnel": "", "layer": "", "source": "osm"}, "geometry": {"type": "LineString", "coordinates": [[116.3655447, 39.8089776], [116.3655701, 39.8085951]]}}, {"type": "Feature", "properties": {"highway": "residential", "name": "", "bridge": "", "tunnel": "", "layer": "", "source": "osm"}, "geometry": {"type": "LineString", "coordinates": [[116.3693747, 39.8068595], [116.3693727, 39.8069372], [116.3693716, 39.8069797], [116.3693655, 39.8072209], [116.3691737, 39.8072229], [116.369175, 39.8069787], [116.3693716, 39.8069797]]}}, {"type": "Feature", "properties": {"highway": "footway", "name": "", "bridge": "", "tunnel": "", "layer": "", "source": "osm"}, "geometry": {"type": "LineString", "coordinates": [[116.369305, 39.8069372], [116.3693727, 39.8069372], [116.3694199, 39.8069372]]}}, {"type": "Feature", "properties": {"highway": "residential", "name": "", "bridge": "", "tunnel": "", "layer": "", "source": "osm"}, "geometry": {"type": "LineString", "coordinates": [[116.3673354, 39.8077715], [116.3666171, 39.8077814], [116.366606, 39.808207], [116.3660569, 39.8082155], [116.3656689, 39.8085963]]}}, {"type": "Feature", "properties": {"highway": "residential", "name": "", "bridge": "", "tunnel": "", "layer": "", "source": "osm"}, "geometry": {"type": "LineString", "coordinates": [[116.3688629, 39.8096859], [116.3688596, 39.8090683]]}}, {"type": "Feature", "properties": {"highway": "residential", "name": "", "bridge": "", "tunnel": "", "layer": "", "source": "osm"}, "geometry": {"type": "LineString", "coordinates": [[116.3688629, 39.8096859], [116.3701652, 39.8096874]]}}, {"type": "Feature", "properties": {"highway": "unclassified", "name": "", "bridge": "", "tunnel": "", "layer": "", "source": "osm"}, "geometry": {"type": "LineString", "coordinates": [[116.3658352, 39.8005568], [116.3655624, 39.8035944], [116.3656868, 39.8037295]]}}, {"type": "Feature", "properties": {"highway": "unclassified", "name": "", "bridge": "", "tunnel": "", "layer": "", "source": "osm"}, "geometry": {"type": "LineString", "coordinates": [[116.3613923, 39.803567], [116.3627823, 39.8035907], [116.3629856, 39.8036164], [116.3632466, 39.8037119], [116.3637473, 39.8037422], [116.3652863, 39.8038398], [116.3655078, 39.8038561], [116.3656049, 39.8038258], [116.3656868, 39.8037295], [116.3658049, 39.8036234], [116.3658654, 39.8035691], [116.3660999, 39.8034855], [116.366327, 39.8034553], [116.3689889, 39.8035385], [116.3690731, 39.8035934], [116.3691114, 39.8037326], [116.3691509, 39.8040453], [116.3692088, 39.804108], [116.3696562, 39.8041319], [116.369768, 39.8042063]]}}, {"type": "Feature", "properties": {"highway": "unclassified", "name": "", "bridge": "", "tunnel": "", "layer": "", "source": "osm"}, "geometry": {"type": "LineString", "coordinates": [[116.3658049, 39.8036234], [116.3658534, 39.8037394], [116.3658381, 39.8038021], [116.365759, 39.8039094]]}}, {"type": "Feature", "properties": {"highway": "unclassified", "name": "", "bridge": "", "tunnel": "", "layer": "", "source": "osm"}, "geometry": {"type": "LineString", "coordinates": [[116.365759, 39.8039094], [116.3654367, 39.8070309]]}}, {"type": "Feature", "properties": {"highway": "unclassified", "name": "", "bridge": "", "tunnel": "", "layer": "", "source": "osm"}, "geometry": {"type": "LineString", "coordinates": [[116.3652675, 39.8070297], [116.3655593, 39.8039783], [116.3656398, 39.8039504], [116.365759, 39.8039094]]}}, {"type": "Feature", "properties": {"highway": "unclassified", "name": "", "bridge": "", "tunnel": "", "layer": "", "source": "osm"}, "geometry": {"type": "LineString", "coordinates": [[116.3618821, 39.8105533], [116.3637107, 39.8105866], [116.363887, 39.8105899], [116.364509, 39.8106012], [116.3651406, 39.8105405], [116.3657944, 39.8105499], [116.3659275, 39.8106076], [116.3660565, 39.8107493], [116.3661161, 39.8108893], [116.3661774, 39.8109614], [116.3671055, 39.8109668], [116.3671484, 39.811092], [116.370728, 39.8111096]]}}, {"type": "Feature", "properties": {"highway": "unclassified", "name": "", "bridge": "", "tunnel": "", "layer": "", "source": "osm"}, "geometry": {"type": "LineString", "coordinates": [[116.3926736, 39.8122602], [116.392624, 39.8125337], [116.3924721, 39.8128556]]}}, {"type": "Feature", "properties": {"highway": "unclassified", "name": "", "bridge": "", "tunnel": "", "layer": "", "source": "osm"}, "geometry": {"type": "LineString", "coordinates": [[116.391854, 39.8122625], [116.3917162, 39.8125507], [116.3914921, 39.8130583]]}}, {"type": "Feature", "properties": {"highway": "unclassified", "name": "", "bridge": "", "tunnel": "", "layer": "", "source": "osm"}, "geometry": {"type": "LineString", "coordinates": [[116.3917162, 39.8125507], [116.3918657, 39.8125812], [116.392624, 39.8125337]]}}, {"type": "Feature", "properties": {"highway": "unclassified", "name": "", "bridge": "", "tunnel": "", "layer": "", "source": "osm"}, "geometry": {"type": "LineString", "coordinates": [[116.3914921, 39.8130583], [116.3922121, 39.813262], [116.3926698, 39.8134002]]}}, {"type": "Feature", "properties": {"highway": "unclassified", "name": "", "bridge": "", "tunnel": "", "layer": "", "source": "osm"}, "geometry": {"type": "LineString", "coordinates": [[116.390776, 39.8122655], [116.3907621, 39.8125215], [116.3907784, 39.8127204], [116.3907714, 39.812837], [116.390769, 39.8128742], [116.3907551, 39.8130899], [116.390741, 39.8133356]]}}, {"type": "Feature", "properties": {"highway": "unclassified", "name": "", "bridge": "", "tunnel": "", "layer": "", "source": "osm"}, "geometry": {"type": "LineString", "coordinates": [[116.3898584, 39.8122681], [116.3898605, 39.8125164], [116.3898607, 39.8125482], [116.3898701, 39.8127311], [116.3898739, 39.8128834]]}}, {"type": "Feature", "properties": {"highway": "unclassified", "name": "", "bridge": "", "tunnel": "", "layer": "", "source": "osm"}, "geometry": {"type": "LineString", "coordinates": [[116.3891252, 39.8122701], [116.3891252, 39.8125482], [116.3891246, 39.8125969], [116.3891229, 39.8127401], [116.3891299, 39.8129105], [116.3891766, 39.81295], [116.3891813, 39.8130988], [116.3891836, 39.8132854]]}}, {"type": "Feature", "properties": {"highway": "unclassified", "name": "", "bridge": "", "tunnel": "", "layer": "", "source": "osm"}, "geometry": {"type": "LineString", "coordinates": [[116.3907621, 39.8125215], [116.3899245, 39.8125124], [116.3898605, 39.8125164]]}}, {"type": "Feature", "properties": {"highway": "unclassified", "name": "", "bridge": "", "tunnel": "", "layer": "", "source": "osm"}, "geometry": {"type": "LineString", "coordinates": [[116.3898605, 39.8125164], [116.3898145, 39.8125495], [116.3892057, 39.8125536], [116.3891252, 39.8125482]]}}, {"type": "Feature", "properties": {"highway": "unclassified", "name": "", "bridge": "", "tunnel": "", "layer": "", "source": "osm"}, "geometry": {"type": "LineString", "coordinates": [[116.3891246, 39.8125969], [116.3885324, 39.8125948], [116.3882937, 39.8125948]]}}, {"type": "Feature", "properties": {"highway": "unclassified", "name": "", "bridge": "", "tunnel": "", "layer": "", "source": "osm"}, "geometry": {"type": "LineString", "coordinates": [[116.390769, 39.8128742], [116.3903357, 39.8128788], [116.3898739, 39.8128834]]}}, {"type": "Feature", "properties": {"highway": "unclassified", "name": "", "bridge": "", "tunnel": "", "layer": "", "source": "osm"}, "geometry": {"type": "LineString", "coordinates": [[116.3891299, 39.8129105], [116.3886997, 39.8129119], [116.388219, 39.8129119]]}}, {"type": "Feature", "properties": {"highway": "unclassified", "name": "", "bridge": "", "tunnel": "", "layer": "", "source": "osm"}, "geometry": {"type": "LineString", "coordinates": [[116.3898739, 39.8128834], [116.3895531, 39.8128859], [116.3892204, 39.8128859], [116.3891299, 39.8129105]]}}, {"type": "Feature", "properties": {"highway": "unclassified", "name": "", "bridge": "", "tunnel": "", "layer": "", "source": "osm"}, "geometry": {"type": "LineString", "coordinates": [[116.3898739, 39.8128834], [116.3898748, 39.8129177], [116.3898818, 39.8130917], [116.3898841, 39.8133302]]}}, {"type": "Feature", "properties": {"highway": "unclassified", "name": "", "bridge": "", "tunnel": "", "layer": "", "source": "osm"}, "geometry": {"type": "LineString", "coordinates": [[116.390741, 39.8133356], [116.3901694, 39.8133379], [116.3898841, 39.8133302]]}}, {"type": "Feature", "properties": {"highway": "unclassified", "name": "", "bridge": "", "tunnel": "", "layer": "", "source": "osm"}, "geometry": {"type": "LineString", "coordinates": [[116.3898841, 39.8133302], [116.38971, 39.8133388], [116.3897158, 39.8132858], [116.3893647, 39.8132864], [116.3891836, 39.8132854]]}}, {"type": "Feature", "properties": {"highway": "unclassified", "name": "", "bridge": "", "tunnel": "", "layer": "", "source": "osm"}, "geometry": {"type": "LineString", "coordinates": [[116.3891836, 39.8132854], [116.3887747, 39.8132864], [116.3881792, 39.8132843]]}}, {"type": "Feature", "properties": {"highway": "unclassified", "name": "", "bridge": "", "tunnel": "", "layer": "", "source": "osm"}, "geometry": {"type": "LineString", "coordinates": [[116.38971, 39.8133388], [116.3897005, 39.8136542]]}}, {"type": "Feature", "properties": {"highway": "unclassified", "name": "", "bridge": "", "tunnel": "", "layer": "", "source": "osm"}, "geometry": {"type": "LineString", "coordinates": [[116.3897005, 39.8136542], [116.389149, 39.8136637], [116.3881662, 39.8136637]]}}, {"type": "Feature", "properties": {"highway": "unclassified", "name": "", "bridge": "", "tunnel": "", "layer": "", "source": "osm"}, "geometry": {"type": "LineString", "coordinates": [[116.3897005, 39.8136542], [116.3901504, 39.8136613], [116.3907265, 39.8136826], [116.3907666, 39.813685], [116.3907558, 39.8140308]]}}, {"type": "Feature", "properties": {"highway": "unclassified", "name": "", "bridge": "", "tunnel": "", "layer": "", "source": "osm"}, "geometry": {"type": "LineString", "coordinates": [[116.3881662, 39.8136637], [116.3881547, 39.8138694], [116.3881547, 39.8140272], [116.3891213, 39.8140308], [116.3898265, 39.8140272], [116.3903116, 39.8140272], [116.3906438, 39.8140272], [116.3907558, 39.8140308]]}}, {"type": "Feature", "properties": {"highway": "unclassified", "name": "", "bridge": "", "tunnel": "", "layer": "", "source": "osm"}, "geometry": {"type": "LineString", "coordinates": [[116.3907558, 39.8140308], [116.3910034, 39.8140954]]}}, {"type": "Feature", "properties": {"highway": "unclassified", "name": "", "bridge": "", "tunnel": "", "layer": "", "source": "osm"}, "geometry": {"type": "LineString", "coordinates": [[116.3910034, 39.8140954], [116.391162, 39.8137112], [116.3913125, 39.813374], [116.3913448, 39.8133172], [116.3914921, 39.8130583]]}}, {"type": "Feature", "properties": {"highway": "unclassified", "name": "", "bridge": "", "tunnel": "", "layer": "", "source": "osm"}, "geometry": {"type": "LineString", "coordinates": [[116.3913448, 39.8133172], [116.3917915, 39.8134526], [116.3925345, 39.8136689]]}}, {"type": "Feature", "properties": {"highway": "unclassified", "name": "", "bridge": "", "tunnel": "", "layer": "", "source": "osm"}, "geometry": {"type": "LineString", "coordinates": [[116.391162, 39.8137112], [116.3917942, 39.8138667], [116.3922958, 39.8140253]]}}, {"type": "Feature", "properties": {"highway": "unclassified", "name": "", "bridge": "", "tunnel": "", "layer": "", "source": "osm"}, "geometry": {"type": "LineString", "coordinates": [[116.3910034, 39.8140954], [116.3913624, 39.814184], [116.3920142, 39.8143591], [116.3921215, 39.8143838]]}}, {"type": "Feature", "properties": {"highway": "unclassified", "name": "", "bridge": "", "tunnel": "", "layer": "", "source": "osm"}, "geometry": {"type": "LineString", "coordinates": [[116.3903116, 39.8140272], [116.3901622, 39.8143306], [116.3900174, 39.814596], [116.3899801, 39.8146714], [116.3899208, 39.8147859], [116.3898353, 39.8149512], [116.3896578, 39.8152883]]}}, {"type": "Feature", "properties": {"highway": "unclassified", "name": "", "bridge": "", "tunnel": "", "layer": "", "source": "osm"}, "geometry": {"type": "LineString", "coordinates": [[116.3891815, 39.8143736], [116.3896485, 39.8145135], [116.3900174, 39.814596]]}}, {"type": "Feature", "properties": {"highway": "unclassified", "name": "", "bridge": "", "tunnel": "", "layer": "", "source": "osm"}, "geometry": {"type": "LineString", "coordinates": [[116.3889713, 39.814718], [116.3895411, 39.8148686], [116.3898353, 39.8149512]]}}, {"type": "Feature", "properties": {"highway": "unclassified", "name": "", "bridge": "", "tunnel": "", "layer": "", "source": "osm"}, "geometry": {"type": "LineString", "coordinates": [[116.3888406, 39.815048], [116.389415, 39.8152094], [116.3896578, 39.8152883]]}}, {"type": "Feature", "properties": {"highway": "unclassified", "name": "", "bridge": "", "tunnel": "", "layer": "", "source": "osm"}, "geometry": {"type": "LineString", "coordinates": [[116.3899208, 39.8147859], [116.3904844, 39.8149332], [116.3907179, 39.814987]]}}, {"type": "Feature", "properties": {"highway": "unclassified", "name": "", "bridge": "", "tunnel": "", "layer": "", "source": "osm"}, "geometry": {"type": "LineString", "coordinates": [[116.3901622, 39.8143306], [116.3904798, 39.8144167], [116.390886, 39.8145315]]}}, {"type": "Feature", "properties": {"highway": "unclassified", "name": "", "bridge": "", "tunnel": "", "layer": "", "source": "osm"}, "geometry": {"type": "LineString", "coordinates": [[116.3910034, 39.8140954], [116.3911009, 39.8143916], [116.390802, 39.8150695]]}}, {"type": "Feature", "properties": {"highway": "unclassified", "name": "", "bridge": "", "tunnel": "", "layer": "", "source": "osm"}, "geometry": {"type": "LineString", "coordinates": [[116.3911009, 39.8143916], [116.391269, 39.8144346], [116.3915865, 39.814535], [116.3920115, 39.814657]]}}, {"type": "Feature", "properties": {"highway": "tertiary", "name": "嘉禾庄路", "bridge": "", "tunnel": "", "layer": "", "source": "osm"}, "geometry": {"type": "LineString", "coordinates": [[116.3959433, 39.8098938], [116.3958056, 39.8099121], [116.394741, 39.810054], [116.394359, 39.8101298]]}}, {"type": "Feature", "properties": {"highway": "tertiary", "name": "嘉禾庄路", "bridge": "", "tunnel": "", "layer": "", "source": "osm"}, "geometry": {"type": "LineString", "coordinates": [[116.394359, 39.8101298], [116.3935641, 39.8102434], [116.3926582, 39.8103807], [116.3921037, 39.8104564]]}}, {"type": "Feature", "properties": {"highway": "tertiary", "name": "嘉禾庄路", "bridge": "", "tunnel": "", "layer": "", "source": "osm"}, "geometry": {"type": "LineString", "coordinates": [[116.3921037, 39.8104564], [116.3916097, 39.8104869], [116.3913506, 39.8104952], [116.3908466, 39.8104895], [116.3899159, 39.8105095], [116.389191, 39.8105735], [116.388418, 39.8106581], [116.3878871, 39.8106886]]}}, {"type": "Feature", "properties": {"highway": "tertiary", "name": "南苑路辅路", "bridge": "", "tunnel": "", "layer": "", "source": "osm"}, "geometry": {"type": "LineString", "coordinates": [[116.3966365, 39.803614], [116.3967049, 39.8037329], [116.3966871, 39.804234], [116.3966564, 39.8047594], [116.3966276, 39.805324], [116.3966086, 39.8057091]]}}, {"type": "Feature", "properties": {"highway": "tertiary", "name": "南苑路辅路", "bridge": "", "tunnel": "", "layer": "", "source": "osm"}, "geometry": {"type": "LineString", "coordinates": [[116.3965901, 39.8059875], [116.3965419, 39.8068205], [116.3965294, 39.8071626], [116.3964994, 39.8079814], [116.3964853, 39.8082343], [116.3964588, 39.8086926], [116.3964529, 39.8087948], [116.3964215, 39.8093381], [116.3964108, 39.8096197], [116.3964044, 39.8097873]]}}, {"type": "Feature", "properties": {"highway": "tertiary", "name": "南苑路辅路", "bridge": "", "tunnel": "", "layer": "", "source": "osm"}, "geometry": {"type": "LineString", "coordinates": [[116.3964044, 39.8097873], [116.3963915, 39.8101611], [116.3963567, 39.811172], [116.396349, 39.8114091]]}}, {"type": "Feature", "properties": {"highway": "residential", "name": "和义东里", "bridge": "", "tunnel": "", "layer": "", "source": "osm"}, "geometry": {"type": "LineString", "coordinates": [[116.3961965, 39.8122504], [116.3963111, 39.8122542]]}}, {"type": "Feature", "properties": {"highway": "tertiary", "name": "南苑路辅路", "bridge": "", "tunnel": "", "layer": "", "source": "osm"}, "geometry": {"type": "LineString", "coordinates": [[116.3963111, 39.8122542], [116.3963096, 39.8123182], [116.3962595, 39.8131365], [116.3962224, 39.8137838], [116.3961151, 39.8138456]]}}, {"type": "Feature", "properties": {"highway": "tertiary", "name": "南苑路辅路", "bridge": "", "tunnel": "", "layer": "", "source": "osm"}, "geometry": {"type": "LineString", "coordinates": [[116.3960961, 39.8159922], [116.3960419, 39.8169793], [116.3959863, 39.8180391], [116.3959273, 39.8191248], [116.3958871, 39.8203011], [116.3958737, 39.8206369], [116.395863, 39.8208172], [116.3958469, 39.82098], [116.3958389, 39.821153], [116.3958113, 39.8217823]]}}, {"type": "Feature", "properties": {"highway": "tertiary", "name": "南苑路辅路", "bridge": "", "tunnel": "", "layer": "", "source": "osm"}, "geometry": {"type": "LineString", "coordinates": [[116.3958113, 39.8217823], [116.3957953, 39.8221468], [116.3957894, 39.8222788], [116.3957811, 39.8224685], [116.3957462, 39.8233433], [116.3957405, 39.8234864], [116.3956673, 39.8245949], [116.3956632, 39.8246885]]}}, {"type": "Feature", "properties": {"highway": "tertiary", "name": "南苑路辅路", "bridge": "", "tunnel": "", "layer": "", "source": "osm"}, "geometry": {"type": "LineString", "coordinates": [[116.3956632, 39.8246885], [116.3956569, 39.824823], [116.3955995, 39.8260556], [116.3955799, 39.8264969]]}}, {"type": "Feature", "properties": {"highway": "footway", "name": "", "bridge": "", "tunnel": "", "layer": "", "source": "osm"}, "geometry": {"type": "LineString", "coordinates": [[116.3958649, 39.8087887], [116.3959976, 39.8087885], [116.396369, 39.8087947], [116.3964529, 39.8087948]]}}, {"type": "Feature", "properties": {"highway": "footway", "name": "", "bridge": "yes", "tunnel": "", "layer": "1", "source": "osm"}, "geometry": {"type": "LineString", "coordinates": [[116.3955896, 39.8108619], [116.3955576, 39.8114819], [116.3960488, 39.8114942], [116.3964246, 39.8115064], [116.3964338, 39.811056]]}}, {"type": "Feature", "properties": {"highway": "steps", "name": "", "bridge": "", "tunnel": "", "layer": "", "source": "osm"}, "geometry": {"type": "LineString", "coordinates": [[116.3955576, 39.8114819], [116.3955465, 39.8116334]]}}, {"type": "Feature", "properties": {"highway": "steps", "name": "", "bridge": "", "tunnel": "", "layer": "", "source": "osm"}, "geometry": {"type": "LineString", "coordinates": [[116.3964246, 39.8115064], [116.396403, 39.8116524]]}}, {"type": "Feature", "properties": {"highway": "steps", "name": "", "bridge": "", "tunnel": "", "layer": "", "source": "osm"}, "geometry": {"type": "LineString", "coordinates": [[116.3960488, 39.8114942], [116.3960562, 39.8113596]]}}, {"type": "Feature", "properties": {"highway": "residential", "name": "", "bridge": "", "tunnel": "", "layer": "", "source": "osm"}, "geometry": {"type": "LineString", "coordinates": [[116.3931013, 39.8158832], [116.393793, 39.8143614]]}}, {"type": "Feature", "properties": {"highway": "residential", "name": "", "bridge": "", "tunnel": "", "layer": "", "source": "osm"}, "geometry": {"type": "LineString", "coordinates": [[116.3983717, 39.8126271], [116.3977551, 39.8134263], [116.3976854, 39.8139207], [116.3976532, 39.814518], [116.3975298, 39.8153172], [116.3975191, 39.8158449]]}}, {"type": "Feature", "properties": {"highway": "residential", "name": "", "bridge": "", "tunnel": "", "layer": "", "source": "osm"}, "geometry": {"type": "LineString", "coordinates": [[116.3976854, 39.8139207], [116.396881, 39.8138712], [116.3961151, 39.8138456]]}}, {"type": "Feature", "properties": {"highway": "residential", "name": "", "bridge": "", "tunnel": "", "layer": "", "source": "osm"}, "geometry": {"type": "LineString", "coordinates": [[116.4005721, 39.8123454], [116.4004998, 39.8140457]]}}, {"type": "Feature", "properties": {"highway": "residential", "name": "", "bridge": "", "tunnel": "", "layer": "", "source": "osm"}, "geometry": {"type": "LineString", "coordinates": [[116.3986745, 39.8113798], [116.3984224, 39.8115981], [116.3977949, 39.8121253], [116.3977359, 39.8122795]]}}, {"type": "Feature", "properties": {"highway": "tertiary", "name": "", "bridge": "", "tunnel": "", "layer": "", "source": "osm"}, "geometry": {"type": "LineString", "coordinates": [[116.3855891, 39.8107855], [116.3860273, 39.8107526], [116.3878871, 39.8106886]]}}, {"type": "Feature", "properties": {"highway": "residential", "name": "", "bridge": "", "tunnel": "", "layer": "", "source": "osm"}, "geometry": {"type": "LineString", "coordinates": [[116.3855891, 39.8107855], [116.3854075, 39.8108055], [116.3832836, 39.8109589], [116.3831301, 39.8109262], [116.3806715, 39.8102398]]}}, {"type": "Feature", "properties": {"highway": "residential", "name": "", "bridge": "", "tunnel": "", "layer": "", "source": "osm"}, "geometry": {"type": "LineString", "coordinates": [[116.3859754, 39.8135829], [116.3859754, 39.8135912], [116.3860612, 39.8143163], [116.3861684, 39.8149342], [116.3862542, 39.8152061], [116.3864098, 39.815544], [116.3865546, 39.8159425]]}}, {"type": "Feature", "properties": {"highway": "residential", "name": "", "bridge": "", "tunnel": "", "layer": "", "source": "osm"}, "geometry": {"type": "LineString", "coordinates": [[116.3887035, 39.8178336], [116.3878443, 39.8179518], [116.3872971, 39.8179976], [116.3871743, 39.8180117], [116.3865875, 39.8180789], [116.3863204, 39.8181162]]}}, {"type": "Feature", "properties": {"highway": "residential", "name": "", "bridge": "", "tunnel": "", "layer": "", "source": "osm"}, "geometry": {"type": "LineString", "coordinates": [[116.3859754, 39.8135829], [116.3857594, 39.8126313], [116.385634, 39.8118848], [116.3854511, 39.8110139], [116.3854075, 39.8108055]]}}, {"type": "Feature", "properties": {"highway": "service", "name": "", "bridge": "", "tunnel": "", "layer": "", "source": "osm"}, "geometry": {"type": "LineString", "coordinates": [[116.3709623, 39.8076599], [116.3721042, 39.8086719], [116.3724692, 39.8090094], [116.3726198, 39.8091297], [116.3727865, 39.8092256], [116.3736223, 39.8096538], [116.3742181, 39.8099645]]}}, {"type": "Feature", "properties": {"highway": "residential", "name": "", "bridge": "", "tunnel": "", "layer": "", "source": "osm"}, "geometry": {"type": "LineString", "coordinates": [[116.3880045, 39.8160772], [116.3887263, 39.8161098], [116.3892303, 39.8161802], [116.389887, 39.8161802], [116.3911215, 39.8160375], [116.39222, 39.8159519], [116.3931013, 39.8158832], [116.3931767, 39.8158773], [116.3955323, 39.8159758], [116.3956443, 39.8159805], [116.396008, 39.8159982], [116.3960961, 39.8159922], [116.3966948, 39.8159513], [116.3967807, 39.8159454], [116.3975191, 39.8158449], [116.3991499, 39.8156231]]}}, {"type": "Feature", "properties": {"highway": "residential", "name": "", "bridge": "", "tunnel": "", "layer": "", "source": "osm"}, "geometry": {"type": "LineString", "coordinates": [[116.3880358, 39.8161622], [116.3878966, 39.8162056], [116.387856, 39.8162038], [116.387242, 39.8162076]]}}, {"type": "Feature", "properties": {"highway": "residential", "name": "", "bridge": "", "tunnel": "", "layer": "", "source": "osm"}, "geometry": {"type": "LineString", "coordinates": [[116.387856, 39.8162038], [116.3879092, 39.8163658], [116.3879289, 39.81646], [116.3880398, 39.8167505], [116.3880418, 39.8167703], [116.3873588, 39.8167915]]}}, {"type": "Feature", "properties": {"highway": "residential", "name": "", "bridge": "", "tunnel": "", "layer": "", "source": "osm"}, "geometry": {"type": "LineString", "coordinates": [[116.3879289, 39.81646], [116.3872697, 39.8164616]]}}, {"type": "Feature", "properties": {"highway": "unclassified", "name": "", "bridge": "", "tunnel": "", "layer": "", "source": "osm"}, "geometry": {"type": "LineString", "coordinates": [[116.39222, 39.8159519], [116.3922788, 39.815836], [116.3923881, 39.8156207], [116.3924146, 39.8155685], [116.3918484, 39.8153972], [116.3919864, 39.8151145], [116.3927933, 39.8153211], [116.392765, 39.8153863], [116.3931012, 39.8154869]]}}, {"type": "Feature", "properties": {"highway": "unclassified", "name": "", "bridge": "", "tunnel": "", "layer": "", "source": "osm"}, "geometry": {"type": "LineString", "coordinates": [[116.3918484, 39.8153972], [116.3912998, 39.8152722], [116.3912982, 39.8155522], [116.3912963, 39.8158784]]}}, {"type": "Feature", "properties": {"highway": "unclassified", "name": "", "bridge": "", "tunnel": "", "layer": "", "source": "osm"}, "geometry": {"type": "LineString", "coordinates": [[116.3923881, 39.8156207], [116.3929668, 39.8157669], [116.3930128, 39.8157098]]}}, {"type": "Feature", "properties": {"highway": "unclassified", "name": "", "bridge": "", "tunnel": "", "layer": "", "source": "osm"}, "geometry": {"type": "LineString", "coordinates": [[116.3912982, 39.8155522], [116.3922788, 39.815836]]}}, {"type": "Feature", "properties": {"highway": "unclassified", "name": "", "bridge": "", "tunnel": "", "layer": "", "source": "osm"}, "geometry": {"type": "LineString", "coordinates": [[116.3919864, 39.8151145], [116.3921173, 39.814829], [116.3928818, 39.8150411], [116.3929561, 39.8150601], [116.3929349, 39.8151009], [116.3932924, 39.8152015]]}}, {"type": "Feature", "properties": {"highway": "residential", "name": "", "bridge": "", "tunnel": "", "layer": "", "source": "osm"}, "geometry": {"type": "LineString", "coordinates": [[116.393793, 39.8143614], [116.3938857, 39.8141514], [116.3940414, 39.8141895], [116.3942856, 39.8140644], [116.3943387, 39.8134419], [116.3944171, 39.8131062], [116.3944685, 39.8122552]]}}, {"type": "Feature", "properties": {"highway": "service", "name": "", "bridge": "", "tunnel": "", "layer": "", "source": "osm"}, "geometry": {"type": "LineString", "coordinates": [[116.3856427, 39.8010457], [116.3856438, 39.8008996]]}}, {"type": "Feature", "properties": {"highway": "service", "name": "公园绿道", "bridge": "", "tunnel": "", "layer": "", "source": "osm"}, "geometry": {"type": "LineString", "coordinates": [[116.3808438, 39.8159927], [116.380973, 39.8159658], [116.381238, 39.8159105], [116.3814961, 39.8158566], [116.3817242, 39.8157699], [116.3818533, 39.8157], [116.3819524, 39.8156463], [116.3823385, 39.8154522], [116.3823525, 39.8153606], [116.3822964, 39.8151988], [116.3820998, 39.8151179], [116.3819383, 39.8150532], [116.3819243, 39.8149076], [116.3821047, 39.8147817], [116.382156, 39.8147459], [116.3823806, 39.8146165], [116.3823876, 39.8144493], [116.3822613, 39.8142606], [116.3821489, 39.8141851], [116.3820085, 39.8141905], [116.3818471, 39.8143199], [116.3816505, 39.8143469], [116.3813347, 39.8143361], [116.3812048, 39.8142779], [116.3811171, 39.8141967], [116.3810478, 39.8141597], [116.3809784, 39.8141734], [116.3809135, 39.8142175], [116.3808798, 39.8143037], [116.3808803, 39.8143203], [116.3808826, 39.8143403], [116.3808909, 39.8144595], [116.3808937, 39.8144966], [116.3808543, 39.8146327], [116.3807729, 39.814753], [116.3807029, 39.8148067], [116.3805835, 39.8148429], [116.3804361, 39.8147782], [116.3801505, 39.8145637], [116.3801202, 39.814541], [116.3800903, 39.814518], [116.3798043, 39.8142983], [116.3795587, 39.8140934], [116.3794814, 39.8138724], [116.3794674, 39.8136621], [116.3793621, 39.8135327], [116.3791796, 39.8134194], [116.3790972, 39.8134134], [116.3790322, 39.8134086], [116.3788216, 39.8134518], [116.378604, 39.8135111], [116.3784565, 39.8135488]]}}, {"type": "Feature", "properties": {"highway": "service", "name": "", "bridge": "", "tunnel": "", "layer": "", "source": "osm"}, "geometry": {"type": "LineString", "coordinates": [[116.3808438, 39.8159927], [116.3805811, 39.8159717], [116.3804937, 39.815956], [116.3802396, 39.8159105], [116.3799447, 39.8156302], [116.3793551, 39.8150047], [116.3791024, 39.8147189], [116.3791024, 39.8145841], [116.3791936, 39.8144385], [116.3791445, 39.8142822], [116.3788988, 39.8140449], [116.3784565, 39.8135488], [116.3778879, 39.8129934], [116.3773755, 39.8124758], [116.3770209, 39.8120866], [116.3769333, 39.8119905], [116.3768117, 39.8118088], [116.3766735, 39.8116023], [116.3766608, 39.8115738], [116.3765893, 39.8114135], [116.3766735, 39.8112625], [116.3769479, 39.8110159], [116.3770035, 39.810966], [116.3777054, 39.8104537], [116.3780564, 39.8104429], [116.3783376, 39.8102535], [116.3784565, 39.8101733], [116.3787303, 39.8097311], [116.3789409, 39.8093429]]}}, {"type": "Feature", "properties": {"highway": "track", "name": "", "bridge": "", "tunnel": "", "layer": "", "source": "osm"}, "geometry": {"type": "LineString", "coordinates": [[116.3789409, 39.8093429], [116.3790462, 39.8091433], [116.3795025, 39.8087982], [116.3797412, 39.8086634], [116.3797692, 39.8088899], [116.3798394, 39.8092242], [116.3798651, 39.8093481], [116.3798886, 39.8094615], [116.3799612, 39.8096547], [116.3800949, 39.809813], [116.3803689, 39.809947], [116.3804572, 39.8099939], [116.3804754, 39.8101192]]}}, {"type": "Feature", "properties": {"highway": "service", "name": "", "bridge": "", "tunnel": "", "layer": "", "source": "osm"}, "geometry": {"type": "LineString", "coordinates": [[116.3804754, 39.8101192], [116.3804182, 39.8102295], [116.3802299, 39.8104129], [116.3800141, 39.8105541], [116.379766, 39.8107199], [116.3796512, 39.8108681], [116.3794583, 39.8111044], [116.3793205, 39.8113126], [116.3790633, 39.811482], [116.3788107, 39.8115702], [116.3785673, 39.8115666], [116.3783299, 39.8114692], [116.3783009, 39.8114573], [116.3782751, 39.8114502], [116.3781547, 39.8114088], [116.3781133, 39.811403], [116.3779794, 39.8113691], [116.3776762, 39.8113338], [116.3773823, 39.8113267], [116.3770883, 39.8113832], [116.3768403, 39.811489], [116.3766608, 39.8115738]]}}, {"type": "Feature", "properties": {"highway": "service", "name": "", "bridge": "", "tunnel": "", "layer": "", "source": "osm"}, "geometry": {"type": "LineString", "coordinates": [[116.3769479, 39.8110159], [116.3767301, 39.8110762], [116.3764821, 39.8111926], [116.3763994, 39.8112809], [116.3762754, 39.811422], [116.3761698, 39.8115878], [116.3760776, 39.8117854], [116.3759118, 39.812023], [116.3757654, 39.8122593], [116.3756665, 39.8125112], [116.3756123, 39.8126955], [116.3755296, 39.8128037], [116.3753345, 39.8129682], [116.3752505, 39.8131004], [116.3752532, 39.8132482], [116.3754727, 39.8134959], [116.3757925, 39.8138551], [116.3758413, 39.8139664], [116.3756855, 39.8144172], [116.3756439, 39.8144252]]}}, {"type": "Feature", "properties": {"highway": "footway", "name": "", "bridge": "", "tunnel": "", "layer": "", "source": "osm"}, "geometry": {"type": "LineString", "coordinates": [[116.3769479, 39.8110159], [116.3771848, 39.8110021], [116.3774604, 39.8110127], [116.3776349, 39.811048], [116.3779335, 39.8109739], [116.3781585, 39.8108857], [116.3783882, 39.8107199]]}}, {"type": "Feature", "properties": {"highway": "pedestrian", "name": "俯空澄", "bridge": "", "tunnel": "", "layer": "", "source": "osm"}, "geometry": {"type": "LineString", "coordinates": [[116.378394, 39.8106802], [116.3783882, 39.8107199], [116.378418, 39.810738], [116.3784999, 39.8107134], [116.3785206, 39.8107542], [116.3786134, 39.8107264], [116.3786404, 39.8107495], [116.3786756, 39.8107405], [116.3787236, 39.8107282], [116.378692, 39.8106555], [116.3786718, 39.810609], [116.3785634, 39.8106368], [116.378394, 39.8106802]]}}, {"type": "Feature", "properties": {"highway": "footway", "name": "", "bridge": "", "tunnel": "", "layer": "", "source": "osm"}, "geometry": {"type": "LineString", "coordinates": [[116.3785634, 39.8106368], [116.3785623, 39.8105325], [116.3785112, 39.8104356], [116.378403, 39.8103594], [116.3783669, 39.8103086], [116.3783376, 39.8102535]]}}, {"type": "Feature", "properties": {"highway": "footway", "name": "", "bridge": "", "tunnel": "", "layer": "", "source": "osm"}, "geometry": {"type": "LineString", "coordinates": [[116.3786756, 39.8107405], [116.3787246, 39.8108141], [116.3788207, 39.8108257], [116.3788778, 39.8108649]]}}, {"type": "Feature", "properties": {"highway": "footway", "name": "", "bridge": "", "tunnel": "", "layer": "", "source": "osm"}, "geometry": {"type": "LineString", "coordinates": [[116.378692, 39.8106555], [116.3788267, 39.8106156], [116.3789409, 39.8105625], [116.3790521, 39.8104609], [116.3791092, 39.8104402], [116.3791453, 39.8104194]]}}, {"type": "Feature", "properties": {"highway": "footway", "name": "", "bridge": "", "tunnel": "", "layer": "", "source": "osm"}, "geometry": {"type": "LineString", "coordinates": [[116.3798651, 39.8093481], [116.3796772, 39.8093598], [116.3795269, 39.8093921], [116.3793406, 39.8094706], [116.3792234, 39.809593], [116.3791363, 39.8097061], [116.3791212, 39.8098192], [116.3791573, 39.8099785], [116.3791483, 39.8101078], [116.3790882, 39.8102532], [116.3790671, 39.8103432], [116.3791092, 39.8104402], [116.3791363, 39.8105625], [116.3791182, 39.810671], [116.3790491, 39.8107726], [116.3789529, 39.810828], [116.3788778, 39.8108649], [116.3788147, 39.8108903], [116.3787005, 39.8109203], [116.3785473, 39.8110288], [116.3784421, 39.8110981], [116.3782978, 39.8111627], [116.3782167, 39.8112089], [116.3781892, 39.8113051]]}}, {"type": "Feature", "properties": {"highway": "pedestrian", "name": "鹭影台", "bridge": "", "tunnel": "", "layer": "", "source": "osm"}, "geometry": {"type": "LineString", "coordinates": [[116.3791122, 39.8103663], [116.3791453, 39.8104194], [116.3791663, 39.8104286], [116.3792294, 39.8103894], [116.3792024, 39.8103709], [116.3792324, 39.8103478], [116.3792535, 39.810364], [116.3792985, 39.8103247], [116.3792384, 39.8102624], [116.3791813, 39.8103017], [116.3791964, 39.8103247], [116.3791122, 39.8103663]]}}, {"type": "Feature", "properties": {"highway": "pedestrian", "name": "", "bridge": "", "tunnel": "", "layer": "", "source": "osm"}, "geometry": {"type": "LineString", "coordinates": [[116.3781133, 39.811403], [116.378138, 39.811298], [116.3781892, 39.8113051], [116.3783628, 39.8113293], [116.3783299, 39.8114692], [116.3782751, 39.8114502], [116.3782963, 39.8113597], [116.3781977, 39.8113461], [116.3781918, 39.8113711], [116.3781644, 39.8113673], [116.3781547, 39.8114088], [116.3781133, 39.811403]]}}, {"type": "Feature", "properties": {"highway": "footway", "name": "", "bridge": "", "tunnel": "", "layer": "", "source": "osm"}, "geometry": {"type": "LineString", "coordinates": [[116.3770209, 39.8120866], [116.3771589, 39.812033], [116.3773242, 39.8120584], [116.3774985, 39.8121507], [116.3776284, 39.8122626], [116.3776728, 39.8123007], [116.3778981, 39.81246], [116.3781085, 39.8126147], [116.3783008, 39.812737], [116.3784811, 39.8127693], [116.3786915, 39.812767], [116.3789187, 39.8126888], [116.3789529, 39.812677], [116.3792985, 39.8125408], [116.3795462, 39.8124506], [116.37959, 39.8124346], [116.3798485, 39.8124369], [116.3799494, 39.8124628], [116.3802902, 39.81255], [116.3805637, 39.8126078], [116.380637, 39.8126385], [116.380762, 39.8126909], [116.3809393, 39.8127416], [116.3811797, 39.8127555], [116.3815494, 39.8127693], [116.3818288, 39.812804], [116.3820632, 39.812864], [116.3823247, 39.8130302], [116.38252, 39.8131479], [116.3827694, 39.8132264], [116.3829588, 39.8133233], [116.3831481, 39.8134965], [116.3832623, 39.8137481], [116.3833344, 39.8140574], [116.3833404, 39.8142605], [116.3833312, 39.8143181], [116.3833302, 39.8143569], [116.3833268, 39.8145308], [116.3833262, 39.8145508], [116.3833212, 39.8146297], [116.3833194, 39.8146645], [116.3833494, 39.8148376], [116.3834576, 39.8149461], [116.3835808, 39.8149922]]}}, {"type": "Feature", "properties": {"highway": "path", "name": "", "bridge": "boardwalk", "tunnel": "", "layer": "", "source": "osm"}, "geometry": {"type": "LineString", "coordinates": [[116.3795462, 39.8124506], [116.3794969, 39.8122846]]}}, {"type": "Feature", "properties": {"highway": "pedestrian", "name": "", "bridge": "", "tunnel": "", "layer": "", "source": "osm"}, "geometry": {"type": "LineString", "coordinates": [[116.3794435, 39.8122969], [116.3794969, 39.8122846], [116.3795423, 39.8122742], [116.3794975, 39.8121593], [116.3793988, 39.812182], [116.3794435, 39.8122969]]}}, {"type": "Feature", "properties": {"highway": "path", "name": "", "bridge": "boardwalk", "tunnel": "", "layer": "", "source": "osm"}, "geometry": {"type": "LineString", "coordinates": [[116.3789187, 39.8126888], [116.3786013, 39.8125362], [116.3782588, 39.8123977], [116.3781256, 39.812227], [116.3780354, 39.8121099], [116.3779462, 39.8121576], [116.377829, 39.8121853], [116.3777058, 39.8122223], [116.3776284, 39.8122626]]}}, {"type": "Feature", "properties": {"highway": "pedestrian", "name": "阅熙和", "bridge": "", "tunnel": "", "layer": "", "source": "osm"}, "geometry": {"type": "LineString", "coordinates": [[116.3781256, 39.812227], [116.378194, 39.8121959], [116.3781038, 39.8120788], [116.3780354, 39.8121099], [116.3781256, 39.812227]]}}, {"type": "Feature", "properties": {"highway": "footway", "name": "", "bridge": "", "tunnel": "", "layer": "", "source": "osm"}, "geometry": {"type": "LineString", "coordinates": [[116.3799494, 39.8124628], [116.3798124, 39.812617], [116.3797253, 39.8126701], [116.379563, 39.8127255], [116.3795209, 39.8128224], [116.3795059, 39.8129817], [116.3794398, 39.8130625], [116.3793015, 39.8131687], [116.3791843, 39.8132726], [116.3791182, 39.8133649], [116.3790972, 39.8134134]]}}, {"type": "Feature", "properties": {"highway": "footway", "name": "", "bridge": "", "tunnel": "", "layer": "", "source": "osm"}, "geometry": {"type": "LineString", "coordinates": [[116.380637, 39.8126385], [116.3805547, 39.8127324], [116.3805186, 39.812864], [116.3805246, 39.8129702], [116.3806298, 39.8130209], [116.3807169, 39.8130971], [116.380732, 39.8131618], [116.3806689, 39.813261], [116.3805997, 39.8133672]]}}, {"type": "Feature", "properties": {"highway": "footway", "name": "", "bridge": "", "tunnel": "", "layer": "", "source": "osm"}, "geometry": {"type": "LineString", "coordinates": [[116.3820632, 39.812864], [116.3820602, 39.8129378], [116.3820933, 39.8130348], [116.3820753, 39.8131248], [116.3819851, 39.8132172], [116.3819671, 39.8133233], [116.3819821, 39.8134018]]}}, {"type": "Feature", "properties": {"highway": "footway", "name": "", "bridge": "", "tunnel": "", "layer": "", "source": "osm"}, "geometry": {"type": "LineString", "coordinates": [[116.3833404, 39.8142605], [116.3831962, 39.8141797], [116.3831, 39.8140458], [116.3830549, 39.8139166], [116.3829918, 39.8138012], [116.3828476, 39.8136973], [116.3826132, 39.813628], [116.3823457, 39.8135472], [116.3820723, 39.8134872], [116.3820399, 39.8134565], [116.3819821, 39.8134018], [116.3818198, 39.8133464], [116.3815253, 39.8132656], [116.3812879, 39.8132541], [116.3810986, 39.8133049], [116.3809003, 39.8133718], [116.380753, 39.8133926], [116.3805997, 39.8133672], [116.3805508, 39.8133793], [116.3805066, 39.8133903], [116.3803563, 39.8134942], [116.3802482, 39.8136142], [116.380182, 39.8137111], [116.380164, 39.8139073], [116.380185, 39.8140574], [116.3802331, 39.8142167], [116.3802632, 39.8143736], [116.3802421, 39.814496], [116.3801505, 39.8145637]]}}, {"type": "Feature", "properties": {"highway": "footway", "name": "", "bridge": "", "tunnel": "", "layer": "", "source": "osm"}, "geometry": {"type": "LineString", "coordinates": [[116.3809784, 39.8141734], [116.3808943, 39.8140112], [116.3808372, 39.8139189], [116.3806689, 39.8138427], [116.3805607, 39.8137435], [116.3805246, 39.8136188], [116.3805336, 39.8134503], [116.3805508, 39.8133793], [116.3805549, 39.8133406]]}}, {"type": "Feature", "properties": {"highway": "pedestrian", "name": "", "bridge": "", "tunnel": "", "layer": "", "source": "osm"}, "geometry": {"type": "LineString", "coordinates": [[116.3805071, 39.8133351], [116.3805549, 39.8133406], [116.3805805, 39.8133436], [116.380598, 39.8132534], [116.3805247, 39.813245], [116.3805071, 39.8133351]]}}, {"type": "Feature", "properties": {"highway": "footway", "name": "", "bridge": "", "tunnel": "", "layer": "", "source": "osm"}, "geometry": {"type": "LineString", "coordinates": [[116.3813347, 39.8143361], [116.3813188, 39.8141263], [116.381339, 39.8139997], [116.3814352, 39.8139258], [116.3815764, 39.8139189], [116.3817116, 39.8139627], [116.3817597, 39.8140574], [116.3817237, 39.8141705], [116.3816786, 39.8142836], [116.3816505, 39.8143469]]}}, {"type": "Feature", "properties": {"highway": "footway", "name": "", "bridge": "", "tunnel": "", "layer": "", "source": "osm"}, "geometry": {"type": "LineString", "coordinates": [[116.3820085, 39.8141905], [116.3820272, 39.8141174], [116.3820963, 39.8140666], [116.3822045, 39.8140574], [116.3823307, 39.8140597], [116.3823638, 39.8140043], [116.3823818, 39.8139004], [116.3823547, 39.8138335], [116.3821594, 39.8136165], [116.3820723, 39.8134872]]}}, {"type": "Feature", "properties": {"highway": "footway", "name": "", "bridge": "", "tunnel": "", "layer": "", "source": "osm"}, "geometry": {"type": "LineString", "coordinates": [[116.3823547, 39.8138335], [116.382493, 39.8139743], [116.3826372, 39.8141382], [116.3827033, 39.8143436], [116.3827184, 39.8145283], [116.3826613, 39.8146806], [116.3825951, 39.8148214], [116.3826222, 39.8149276], [116.3827123, 39.8149876], [116.3828776, 39.8150223], [116.3830189, 39.815043], [116.383124, 39.8151446], [116.3831781, 39.8152485], [116.383121, 39.8153269], [116.383091, 39.8154054], [116.3831271, 39.8155047], [116.383121, 39.8155901], [116.3830489, 39.8156801], [116.3829828, 39.8158001], [116.3829107, 39.8158094], [116.3827664, 39.8158671], [116.3827154, 39.8158902], [116.3826383, 39.8159302]]}}, {"type": "Feature", "properties": {"highway": "track", "name": "", "bridge": "", "tunnel": "", "layer": "", "source": "osm"}, "geometry": {"type": "LineString", "coordinates": [[116.3838272, 39.8141289], [116.3839565, 39.8142467], [116.3838934, 39.8143921], [116.3838633, 39.814496], [116.3838761, 39.8147221], [116.3838783, 39.8147614], [116.3838633, 39.8148861], [116.3838032, 39.81526], [116.3838062, 39.8154793], [116.383665, 39.815657], [116.3835177, 39.815784], [116.3833615, 39.8158255], [116.3831336, 39.8158897]]}}, {"type": "Feature", "properties": {"highway": "path", "name": "", "bridge": "", "tunnel": "", "layer": "", "source": "osm"}, "geometry": {"type": "LineString", "coordinates": [[116.3835808, 39.8149922], [116.3836409, 39.8150569], [116.3837732, 39.8149415], [116.3838761, 39.8147221]]}}, {"type": "Feature", "properties": {"highway": "path", "name": "", "bridge": "", "tunnel": "", "layer": "", "source": "osm"}, "geometry": {"type": "LineString", "coordinates": [[116.3838032, 39.81526], [116.3836409, 39.8150569], [116.3835898, 39.8151815], [116.3835388, 39.8154285], [116.3834756, 39.8155878], [116.3834125, 39.8157609], [116.3833615, 39.8158255]]}}, {"type": "Feature", "properties": {"highway": "footway", "name": "", "bridge": "", "tunnel": "", "layer": "", "source": "osm"}, "geometry": {"type": "LineString", "coordinates": [[116.3830189, 39.815043], [116.3830279, 39.8148907], [116.3830399, 39.814826], [116.383121, 39.814796], [116.3831872, 39.8147845], [116.3832412, 39.8147222], [116.3833212, 39.8146297]]}}, {"type": "Feature", "properties": {"highway": "footway", "name": "", "bridge": "", "tunnel": "", "layer": "", "source": "osm"}, "geometry": {"type": "LineString", "coordinates": [[116.3821047, 39.8147817], [116.382187, 39.8148052]]}}, {"type": "Feature", "properties": {"highway": "footway", "name": "", "bridge": "", "tunnel": "", "layer": "", "source": "osm"}, "geometry": {"type": "LineString", "coordinates": [[116.3825951, 39.8148214], [116.382526, 39.8147983], [116.3824207, 39.8148006]]}}, {"type": "Feature", "properties": {"highway": "pedestrian", "name": "淀波春光", "bridge": "", "tunnel": "", "layer": "", "source": "osm"}, "geometry": {"type": "LineString", "coordinates": [[116.3824223, 39.8148569], [116.3824207, 39.8148006], [116.3824199, 39.8147712], [116.3821862, 39.814775], [116.382187, 39.8148052], [116.3821875, 39.8148229], [116.3822885, 39.8148212], [116.3822895, 39.8148591], [116.3824223, 39.8148569]]}}, {"type": "Feature", "properties": {"highway": "pedestrian", "name": "拾羽台", "bridge": "", "tunnel": "", "layer": "", "source": "osm"}, "geometry": {"type": "LineString", "coordinates": [[116.3833262, 39.8145508], [116.3834412, 39.8145526], [116.3834435, 39.8144687], [116.3835601, 39.8144705], [116.3835641, 39.8143218], [116.3833312, 39.8143181], [116.3833302, 39.8143569], [116.383447, 39.8143587], [116.3834449, 39.8144353], [116.3833804, 39.8144343], [116.3833777, 39.8145316], [116.3833268, 39.8145308], [116.3833262, 39.8145508]]}}, {"type": "Feature", "properties": {"highway": "footway", "name": "", "bridge": "", "tunnel": "", "layer": "", "source": "osm"}, "geometry": {"type": "LineString", "coordinates": [[116.3818985, 39.8159908], [116.381892, 39.8158671], [116.3818533, 39.8157], [116.3818168, 39.815567], [116.3818318, 39.8154377], [116.381895, 39.8153131], [116.381925, 39.8152508], [116.3818739, 39.8151815], [116.3817327, 39.8151446], [116.3815633, 39.8151261]]}}, {"type": "Feature", "properties": {"highway": "footway", "name": "", "bridge": "", "tunnel": "", "layer": "", "source": "osm"}, "geometry": {"type": "LineString", "coordinates": [[116.3814354, 39.8150279], [116.3814201, 39.8149645], [116.381348, 39.8148976], [116.3812519, 39.8148861], [116.3811076, 39.8148768], [116.3809994, 39.8148399], [116.3809273, 39.814773], [116.3808432, 39.8147545], [116.3807729, 39.814753]]}}, {"type": "Feature", "properties": {"highway": "footway", "name": "", "bridge": "", "tunnel": "", "layer": "", "source": "osm"}, "geometry": {"type": "LineString", "coordinates": [[116.3813134, 39.8151215], [116.3812068, 39.8151331], [116.3810836, 39.8151746], [116.3810115, 39.8152692], [116.3810054, 39.8153939], [116.3810716, 39.8154908], [116.3811677, 39.8155832], [116.3812609, 39.8156917], [116.3812549, 39.8157863], [116.381238, 39.8159105]]}}, {"type": "Feature", "properties": {"highway": "footway", "name": "", "bridge": "", "tunnel": "", "layer": "", "source": "osm"}, "geometry": {"type": "LineString", "coordinates": [[116.380973, 39.8159658], [116.380756, 39.8158971], [116.3806028, 39.8158463], [116.3804916, 39.815724], [116.3804525, 39.8156062], [116.3804675, 39.8154677], [116.3805066, 39.81535], [116.3804916, 39.81529], [116.3803623, 39.8151977], [116.3802271, 39.8151007], [116.3801009, 39.8149669], [116.3800438, 39.8148537], [116.3800318, 39.8147014], [116.3800438, 39.8145952], [116.3800903, 39.814518]]}}, {"type": "Feature", "properties": {"highway": "pedestrian", "name": "牡丹松荫", "bridge": "", "tunnel": "", "layer": "", "source": "osm"}, "geometry": {"type": "LineString", "coordinates": [[116.3813118, 39.8151751], [116.3813134, 39.8151215], [116.3813143, 39.8150912], [116.3813796, 39.8150923], [116.3813815, 39.8150269], [116.3814354, 39.8150279], [116.381487, 39.8150288], [116.3814852, 39.8150902], [116.3815643, 39.8150916], [116.3815633, 39.8151261], [116.3815617, 39.8151795], [116.3813118, 39.8151751]]}}, {"type": "Feature", "properties": {"highway": "pedestrian", "name": "林海秋风", "bridge": "", "tunnel": "", "layer": "", "source": "osm"}, "geometry": {"type": "LineString", "coordinates": [[116.3808798, 39.8143037], [116.3807155, 39.8143111], [116.380711, 39.814251], [116.3805795, 39.8142569], [116.3805908, 39.8144055], [116.3806708, 39.8144019], [116.380675, 39.8144566], [116.3807611, 39.8144528], [116.3807648, 39.8145023], [116.3808937, 39.8144966], [116.3808909, 39.8144595], [116.3808134, 39.8144629], [116.3808044, 39.8143438], [116.3808826, 39.8143403], [116.3808798, 39.8143037]]}}, {"type": "Feature", "properties": {"highway": "service", "name": "", "bridge": "", "tunnel": "", "layer": "", "source": "osm"}, "geometry": {"type": "LineString", "coordinates": [[116.3707617, 39.8157814], [116.3711478, 39.8155421], [116.3718027, 39.8152796], [116.372486, 39.8146564], [116.3729984, 39.8141534], [116.3734255, 39.8137269], [116.3746355, 39.8130818], [116.3749202, 39.8127865], [116.3752904, 39.8120976], [116.3755039, 39.8116165], [116.3757141, 39.8115156]]}}, {"type": "Feature", "properties": {"highway": "service", "name": "", "bridge": "", "tunnel": "", "layer": "", "source": "osm"}, "geometry": {"type": "LineString", "coordinates": [[116.3768117, 39.8118088], [116.3766285, 39.8119883], [116.3765618, 39.8121601]]}}, {"type": "Feature", "properties": {"highway": "pedestrian", "name": "", "bridge": "", "tunnel": "", "layer": "", "source": "osm"}, "geometry": {"type": "LineString", "coordinates": [[116.3819821, 39.8134018], [116.3820399, 39.8134565], [116.3820723, 39.8134872], [116.3821634, 39.8134187], [116.3820712, 39.8133373], [116.3819821, 39.8134018]]}}, {"type": "Feature", "properties": {"highway": "service", "name": "", "bridge": "", "tunnel": "", "layer": "", "source": "osm"}, "geometry": {"type": "LineString", "coordinates": [[116.3780847, 39.8099593], [116.3784565, 39.8101733]]}}, {"type": "Feature", "properties": {"highway": "residential", "name": "", "bridge": "", "tunnel": "", "layer": "", "source": "osm"}, "geometry": {"type": "LineString", "coordinates": [[116.3920871, 39.8253837], [116.3921796, 39.8256945], [116.3926302, 39.8267524]]}}, {"type": "Feature", "properties": {"highway": "residential", "name": "", "bridge": "", "tunnel": "", "layer": "", "source": "osm"}, "geometry": {"type": "LineString", "coordinates": [[116.3956569, 39.824823], [116.3957683, 39.8248728], [116.3966665, 39.8267554]]}}, {"type": "Feature", "properties": {"highway": "residential", "name": "", "bridge": "", "tunnel": "", "layer": "", "source": "osm"}, "geometry": {"type": "LineString", "coordinates": [[116.400188, 39.8263183], [116.403575, 39.8254697]]}}, {"type": "Feature", "properties": {"highway": "residential", "name": "", "bridge": "", "tunnel": "", "layer": "", "source": "osm"}, "geometry": {"type": "LineString", "coordinates": [[116.3614953, 39.7966364], [116.3618338, 39.7966773], [116.3637001, 39.7971063], [116.3643131, 39.7972544], [116.3643798, 39.7973325], [116.3670903, 39.7979402]]}}, {"type": "Feature", "properties": {"highway": "residential", "name": "", "bridge": "", "tunnel": "", "layer": "", "source": "osm"}, "geometry": {"type": "LineString", "coordinates": [[116.371326, 39.7977394], [116.3697387, 39.7976572], [116.3696484, 39.7978984], [116.3695799, 39.7982311], [116.3695348, 39.7982561], [116.3690963, 39.7981673]]}}, {"type": "Feature", "properties": {"highway": "residential", "name": "", "bridge": "", "tunnel": "", "layer": "", "source": "osm"}, "geometry": {"type": "LineString", "coordinates": [[116.3697387, 39.7976572], [116.3697531, 39.7976133], [116.3699119, 39.7971318], [116.3698858, 39.7970331], [116.3700134, 39.7966192], [116.3700707, 39.7964774]]}}, {"type": "Feature", "properties": {"highway": "residential", "name": "", "bridge": "", "tunnel": "", "layer": "", "source": "osm"}, "geometry": {"type": "LineString", "coordinates": [[116.3691894, 39.7966041], [116.3700134, 39.7966192]]}}, {"type": "Feature", "properties": {"highway": "residential", "name": "", "bridge": "", "tunnel": "", "layer": "", "source": "osm"}, "geometry": {"type": "LineString", "coordinates": [[116.3697531, 39.7976133], [116.3691375, 39.797591], [116.3690363, 39.7975729], [116.3689448, 39.7975158], [116.3685731, 39.7973795]]}}, {"type": "Feature", "properties": {"highway": "residential", "name": "", "bridge": "", "tunnel": "", "layer": "", "source": "osm"}, "geometry": {"type": "LineString", "coordinates": [[116.368059, 39.7977928], [116.3683894, 39.7978422], [116.3685731, 39.7973795], [116.3686228, 39.7972392], [116.3681079, 39.7971117], [116.3681967, 39.7968379]]}}, {"type": "Feature", "properties": {"highway": "residential", "name": "", "bridge": "", "tunnel": "", "layer": "", "source": "osm"}, "geometry": {"type": "LineString", "coordinates": [[116.3691375, 39.797591], [116.3691869, 39.7966582]]}}, {"type": "Feature", "properties": {"highway": "footway", "name": "", "bridge": "", "tunnel": "", "layer": "", "source": "osm"}, "geometry": {"type": "LineString", "coordinates": [[116.3610132, 39.817935], [116.3610921, 39.8179094], [116.3618022, 39.817963], [116.3619357, 39.8179164], [116.3621967, 39.8177136], [116.3623363, 39.8176157], [116.363189, 39.8174968], [116.3633012, 39.8175108], [116.3634681, 39.8175551], [116.3637291, 39.8177672], [116.363879, 39.8178445], [116.364242, 39.8179607], [116.3644119, 39.81797], [116.3670672, 39.817935], [116.3680018, 39.8179397], [116.3706449, 39.8176204], [116.3708027, 39.8175551], [116.3709393, 39.8174735], [116.3710242, 39.8172917], [116.3711668, 39.8171965]]}}, {"type": "Feature", "properties": {"highway": "residential", "name": "", "bridge": "", "tunnel": "", "layer": "", "source": "osm"}, "geometry": {"type": "LineString", "coordinates": [[116.4010373, 39.8039088], [116.401043, 39.8037895]]}}, {"type": "Feature", "properties": {"highway": "residential", "name": "", "bridge": "yes", "tunnel": "", "layer": "1", "source": "osm"}, "geometry": {"type": "LineString", "coordinates": [[116.4010248, 39.8042137], [116.4010373, 39.8039088]]}}, {"type": "Feature", "properties": {"highway": "living_street", "name": "", "bridge": "", "tunnel": "", "layer": "", "source": "osm"}, "geometry": {"type": "LineString", "coordinates": [[116.4062339, 39.8053404], [116.4062801, 39.8052911], [116.4063778, 39.8039243]]}}, {"type": "Feature", "properties": {"highway": "living_street", "name": "", "bridge": "yes", "tunnel": "", "layer": "1", "source": "osm"}, "geometry": {"type": "LineString", "coordinates": [[116.405995, 39.8055806], [116.4062339, 39.8053404]]}}, {"type": "Feature", "properties": {"highway": "residential", "name": "", "bridge": "", "tunnel": "", "layer": "", "source": "osm"}, "geometry": {"type": "LineString", "coordinates": [[116.3654984, 39.7939637], [116.3654764, 39.7940297], [116.3646716, 39.7960827]]}}, {"type": "Feature", "properties": {"highway": "residential", "name": "", "bridge": "", "tunnel": "", "layer": "", "source": "osm"}, "geometry": {"type": "LineString", "coordinates": [[116.3672303, 39.796743], [116.3648009, 39.7962227], [116.3653841, 39.7947372], [116.366414, 39.7949723], [116.3669126, 39.7950814], [116.3679205, 39.7953019], [116.3680328, 39.7949137]]}}, {"type": "Feature", "properties": {"highway": "primary", "name": "通久路", "bridge": "", "tunnel": "", "layer": "", "source": "osm"}, "geometry": {"type": "LineString", "coordinates": [[116.3760152, 39.8216051], [116.3764886, 39.8216178], [116.3778888, 39.8216178], [116.3861095, 39.8218118], [116.3902018, 39.821967], [116.3912404, 39.821996], [116.3947705, 39.8220945], [116.3952102, 39.8221169], [116.3953353, 39.8221233], [116.395699, 39.8221419], [116.3957953, 39.8221468], [116.3963926, 39.8221413], [116.397035, 39.822086], [116.3980173, 39.8217959], [116.3988772, 39.821446], [116.3996639, 39.82113], [116.4000633, 39.8209781], [116.4004362, 39.8208362], [116.4010134, 39.82068], [116.4017064, 39.8204925], [116.4024123, 39.8204041], [116.4030345, 39.8203262], [116.4038681, 39.8203185], [116.4039801, 39.8203174], [116.4060153, 39.8202985], [116.4098882, 39.8203673], [116.4099122, 39.8205553]]}}, {"type": "Feature", "properties": {"highway": "unclassified", "name": "", "bridge": "", "tunnel": "", "layer": "", "source": "osm"}, "geometry": {"type": "LineString", "coordinates": [[116.3772095, 39.8018574], [116.3776752, 39.8019814], [116.3783396, 39.8021158], [116.37897, 39.8022527], [116.378996, 39.8022584], [116.3797203, 39.8023676], [116.3803024, 39.8024085], [116.3805634, 39.8024102], [116.3807461, 39.8024113], [116.3820701, 39.8023895], [116.3827764, 39.8023786], [116.3834828, 39.8023213], [116.3839251, 39.802251], [116.3840617, 39.8022169], [116.3844496, 39.8021449], [116.3848875, 39.8020747], [116.3852927, 39.8020315], [116.385665, 39.801974], [116.3861427, 39.8019254]]}}, {"type": "Feature", "properties": {"highway": "unclassified", "name": "", "bridge": "", "tunnel": "", "layer": "", "source": "osm"}, "geometry": {"type": "LineString", "coordinates": [[116.3805619, 39.8021361], [116.3805634, 39.8024102], [116.3805705, 39.8030868]]}}, {"type": "Feature", "properties": {"highway": "unclassified", "name": "", "bridge": "", "tunnel": "", "layer": "", "source": "osm"}, "geometry": {"type": "LineString", "coordinates": [[116.3788241, 39.8033642], [116.3790264, 39.8031331], [116.3790655, 39.802945], [116.3790619, 39.8027377], [116.3790477, 39.8025332], [116.3789767, 39.8023314], [116.37897, 39.8022527]]}}, {"type": "Feature", "properties": {"highway": "footway", "name": "", "bridge": "", "tunnel": "", "layer": "", "source": "osm"}, "geometry": {"type": "LineString", "coordinates": [[116.3670709, 39.821672], [116.3670863, 39.8215349], [116.367091, 39.8214054], [116.3670938, 39.8213154]]}}, {"type": "Feature", "properties": {"highway": "primary", "name": "通久路", "bridge": "", "tunnel": "", "layer": "", "source": "osm"}, "geometry": {"type": "LineString", "coordinates": [[116.3604843, 39.821261], [116.363689, 39.8213232], [116.3644138, 39.8213462], [116.367091, 39.8214054], [116.3675974, 39.8214319], [116.3690546, 39.8215513], [116.3704259, 39.8216732], [116.3711372, 39.8217196], [116.3722659, 39.8216999], [116.3756033, 39.8216016], [116.3760152, 39.8216051]]}}, {"type": "Feature", "properties": {"highway": "primary", "name": "通久路", "bridge": "", "tunnel": "", "layer": "", "source": "osm"}, "geometry": {"type": "LineString", "coordinates": [[116.3760591, 39.8217439], [116.3757658, 39.8217432], [116.3723124, 39.8218499], [116.3710329, 39.8218539], [116.3703979, 39.8218117], [116.3679818, 39.8215925], [116.3670863, 39.8215349], [116.3636485, 39.8214551], [116.360763, 39.8214014], [116.3605321, 39.8213885]]}}, {"type": "Feature", "properties": {"highway": "unclassified", "name": "和义北路", "bridge": "", "tunnel": "", "layer": "", "source": "osm"}, "geometry": {"type": "LineString", "coordinates": [[116.4075407, 39.8151052], [116.40866, 39.8150703], [116.410424, 39.8150581], [116.4118025, 39.8150581], [116.4128527, 39.8150554], [116.4132152, 39.8151169], [116.4138299, 39.8151895], [116.4140364, 39.8152239]]}}, {"type": "Feature", "properties": {"highway": "footway", "name": "", "bridge": "", "tunnel": "", "layer": "", "source": "osm"}, "geometry": {"type": "LineString", "coordinates": [[116.3709556, 39.8069349], [116.3709567, 39.8069169], [116.3709609, 39.8068526], [116.3709631, 39.8068193]]}}, {"type": "Feature", "properties": {"highway": "residential", "name": "", "bridge": "", "tunnel": "", "layer": "", "source": "osm"}, "geometry": {"type": "LineString", "coordinates": [[116.3690363, 39.7975729], [116.3689531, 39.7980532], [116.368363, 39.7979251], [116.3683894, 39.7978422]]}}, {"type": "Feature", "properties": {"highway": "residential", "name": "", "bridge": "", "tunnel": "", "layer": "", "source": "osm"}, "geometry": {"type": "LineString", "coordinates": [[116.368363, 39.7979251], [116.3683304, 39.7980091]]}}, {"type": "Feature", "properties": {"highway": "residential", "name": "", "bridge": "", "tunnel": "", "layer": "", "source": "osm"}, "geometry": {"type": "LineString", "coordinates": [[116.3691894, 39.7966041], [116.3691995, 39.7964896], [116.3684424, 39.7964569], [116.368296, 39.7968525]]}}, {"type": "Feature", "properties": {"highway": "residential", "name": "", "bridge": "", "tunnel": "", "layer": "", "source": "osm"}, "geometry": {"type": "LineString", "coordinates": [[116.3681967, 39.7968379], [116.368296, 39.7968525]]}}, {"type": "Feature", "properties": {"highway": "service", "name": "", "bridge": "", "tunnel": "", "layer": "", "source": "osm"}, "geometry": {"type": "LineString", "coordinates": [[116.3940264, 39.7942828], [116.3933047, 39.7942766], [116.3932865, 39.7955209], [116.393704, 39.7955245], [116.3943374, 39.7955298], [116.3948031, 39.7955338], [116.3948211, 39.7942896], [116.3940264, 39.7942828]]}}, {"type": "Feature", "properties": {"highway": "path", "name": "", "bridge": "", "tunnel": "", "layer": "", "source": "osm"}, "geometry": {"type": "LineString", "coordinates": [[116.3807254, 39.7956812], [116.380731, 39.7942591]]}}, {"type": "Feature", "properties": {"highway": "service", "name": "", "bridge": "", "tunnel": "", "layer": "", "source": "osm"}, "geometry": {"type": "LineString", "coordinates": [[116.3801692, 39.7979842], [116.3800801, 39.7978424], [116.3798859, 39.7978232], [116.3783399, 39.7976701]]}}, {"type": "Feature", "properties": {"highway": "tertiary", "name": "", "bridge": "", "tunnel": "", "layer": "", "source": "osm"}, "geometry": {"type": "LineString", "coordinates": [[116.3955708, 39.82469], [116.3956632, 39.8246885]]}}, {"type": "Feature", "properties": {"highway": "tertiary", "name": "南苑路", "bridge": "", "tunnel": "", "layer": "", "source": "osm"}, "geometry": {"type": "LineString", "coordinates": [[116.3960079, 39.8059874], [116.3961191, 39.8035981], [116.3962278, 39.803496], [116.3963639, 39.8034427]]}}, {"type": "Feature", "properties": {"highway": "tertiary", "name": "南苑路辅路", "bridge": "", "tunnel": "", "layer": "", "source": "osm"}, "geometry": {"type": "LineString", "coordinates": [[116.3966086, 39.8057091], [116.3965901, 39.8059875]]}}, {"type": "Feature", "properties": {"highway": "tertiary", "name": "南苑路辅路", "bridge": "", "tunnel": "", "layer": "", "source": "osm"}, "geometry": {"type": "LineString", "coordinates": [[116.3960734, 39.8146842], [116.39615, 39.8147995], [116.3961553, 39.814923], [116.3961186, 39.8155804], [116.3960961, 39.8159922]]}}, {"type": "Feature", "properties": {"highway": "unclassified", "name": "", "bridge": "", "tunnel": "", "layer": "", "source": "osm"}, "geometry": {"type": "LineString", "coordinates": [[116.3607911, 39.8002417], [116.3610478, 39.8002533], [116.3629549, 39.8003638], [116.36586, 39.8004941], [116.3678845, 39.8005884], [116.3709486, 39.8007268], [116.3711598, 39.8007199]]}}, {"type": "Feature", "properties": {"highway": "service", "name": "", "bridge": "", "tunnel": "", "layer": "", "source": "osm"}, "geometry": {"type": "LineString", "coordinates": [[116.373057, 39.8236734], [116.3732493, 39.8239135], [116.3733405, 39.8241483], [116.3731317, 39.8267765], [116.3731273, 39.8268324], [116.3732466, 39.8268901], [116.3734424, 39.8269797], [116.3735497, 39.82706], [116.3736221, 39.8271156], [116.3749123, 39.8273752], [116.375045, 39.8273937], [116.3751563, 39.8273875], [116.3752408, 39.8274071], [116.3753776, 39.8274596], [116.3754983, 39.8275018], [116.3772565, 39.8278417], [116.3788712, 39.8281682], [116.3789611, 39.8281425], [116.379063, 39.8281466], [116.3791448, 39.8281682], [116.3791998, 39.8282207], [116.3793044, 39.8282599], [116.3806978, 39.8285112], [116.3808791, 39.8285237]]}}, {"type": "Feature", "properties": {"highway": "service", "name": "", "bridge": "", "tunnel": "", "layer": "", "source": "osm"}, "geometry": {"type": "LineString", "coordinates": [[116.367453, 39.825823], [116.3668656, 39.8258972], [116.363529, 39.8252504], [116.363419, 39.825168], [116.3633707, 39.8250794], [116.3633627, 39.8249064], [116.3633627, 39.8248569], [116.3632983, 39.8247292], [116.3632661, 39.8243481], [116.3632929, 39.8226939], [116.3634244, 39.8220759], [116.3635933, 39.821633], [116.3636202, 39.8215012], [116.3636485, 39.8214551]]}}, {"type": "Feature", "properties": {"highway": "service", "name": "", "bridge": "", "tunnel": "", "layer": "", "source": "osm"}, "geometry": {"type": "LineString", "coordinates": [[116.3717795, 39.8288345], [116.371994, 39.8287975], [116.3721523, 39.8286718], [116.3722542, 39.8285544], [116.372222, 39.8284473], [116.3711384, 39.8276296], [116.3708608, 39.8274534], [116.3706905, 39.8273968], [116.370395, 39.8276639]]}}, {"type": "Feature", "properties": {"highway": "service", "name": "", "bridge": "", "tunnel": "", "layer": "", "source": "osm"}, "geometry": {"type": "LineString", "coordinates": [[116.3688717, 39.8271291], [116.3691831, 39.8269436], [116.3692635, 39.8269313], [116.3695371, 39.8269951], [116.370395, 39.8276639], [116.3716802, 39.8286657], [116.3717795, 39.8288345], [116.3718172, 39.8288986]]}}, {"type": "Feature", "properties": {"highway": "service", "name": "", "bridge": "", "tunnel": "", "layer": "", "source": "osm"}, "geometry": {"type": "LineString", "coordinates": [[116.3666832, 39.8267047], [116.3665438, 39.8265965], [116.3665491, 39.8265275], [116.3665853, 39.8264884], [116.3666079, 39.8263943], [116.366647, 39.8263535], [116.3667409, 39.8263555], [116.3670534, 39.8264966]]}}, {"type": "Feature", "properties": {"highway": "service", "name": "", "bridge": "", "tunnel": "", "layer": "", "source": "osm"}, "geometry": {"type": "LineString", "coordinates": [[116.3689765, 39.8289334], [116.3689068, 39.8288305], [116.3686949, 39.8287687], [116.3684562, 39.8286698], [116.3653582, 39.8262433], [116.3652697, 39.8261629]]}}, {"type": "Feature", "properties": {"highway": "service", "name": "", "bridge": "", "tunnel": "", "layer": "", "source": "osm"}, "geometry": {"type": "LineString", "coordinates": [[116.3670534, 39.8264966], [116.3700328, 39.8288308]]}}, {"type": "Feature", "properties": {"highway": "service", "name": "", "bridge": "", "tunnel": "", "layer": "", "source": "osm"}, "geometry": {"type": "LineString", "coordinates": [[116.3711279, 39.8288724], [116.3688717, 39.8271291], [116.368373, 39.8267438], [116.3681504, 39.826682], [116.367909, 39.8266635], [116.3676868, 39.8266848], [116.3675375, 39.8266491], [116.3674078, 39.8266174], [116.3670534, 39.8264966]]}}, {"type": "Feature", "properties": {"highway": "service", "name": "", "bridge": "", "tunnel": "", "layer": "", "source": "osm"}, "geometry": {"type": "LineString", "coordinates": [[116.3735712, 39.8289417], [116.3730662, 39.8289461], [116.3718172, 39.8288986], [116.3711279, 39.8288724], [116.3700328, 39.8288308], [116.3691026, 39.8287954], [116.366643, 39.8268592], [116.3666323, 39.8267809], [116.3666832, 39.8267047], [116.3668603, 39.8266872], [116.3668806, 39.8265762], [116.3669327, 39.82651], [116.3669823, 39.8264894], [116.3670534, 39.8264966]]}}, {"type": "Feature", "properties": {"highway": "service", "name": "", "bridge": "", "tunnel": "", "layer": "", "source": "osm"}, "geometry": {"type": "LineString", "coordinates": [[116.3731317, 39.8267765], [116.371872, 39.8265471], [116.3716078, 39.8267315], [116.3689095, 39.8262556]]}}, {"type": "Feature", "properties": {"highway": "footway", "name": "", "bridge": "", "tunnel": "", "layer": "", "source": "osm"}, "geometry": {"type": "LineString", "coordinates": [[116.4119958, 39.8122446], [116.4119156, 39.812332], [116.4118367, 39.8123459], [116.4118063, 39.8124858], [116.4118024, 39.8125526], [116.4118003, 39.8125884], [116.4117396, 39.8127142], [116.4115636, 39.8127142], [116.4112764, 39.8126407], [116.4112358, 39.8126303], [116.4110294, 39.8124269], [116.4109142, 39.8123133], [116.4108336, 39.8122495], [116.4105076, 39.8119916], [116.4101131, 39.8119124], [116.4096821, 39.8119916], [116.4093848, 39.8121828], [116.4093392, 39.8122569], [116.4092816, 39.8123506], [116.4093007, 39.8127096], [116.4093059, 39.8128075], [116.409233, 39.8133483], [116.4091643, 39.8134792], [116.4090813, 39.8136373], [116.4087778, 39.8138191], [116.4086443, 39.8138564], [116.4085897, 39.8139869], [116.4084076, 39.8140755], [116.4081467, 39.8142433], [116.4079464, 39.8143086], [116.407649, 39.8142806], [116.4073819, 39.8141501], [116.4072727, 39.8139077], [116.4072059, 39.8137119], [116.4071817, 39.813628], [116.4069268, 39.8136839], [116.4066719, 39.8138051], [116.4064898, 39.8139217], [116.4062045, 39.8139496], [116.406124, 39.8139695], [116.4060346, 39.8139916], [116.405885, 39.8141412], [116.4058519, 39.8141632], [116.4057947, 39.8142011], [116.4057142, 39.8143199], [116.4056886, 39.8144298], [116.4056098, 39.8146536], [116.4054459, 39.8147934], [116.4052857, 39.8148249], [116.4051849, 39.8148447], [116.4048026, 39.8147608], [116.4045294, 39.8145743], [116.4042685, 39.8144485], [116.4042328, 39.8143416], [116.4042346, 39.8142605], [116.4042862, 39.8140682], [116.4043298, 39.8138471], [116.4043612, 39.8137769], [116.4044505, 39.8135534], [116.4045099, 39.8134984], [116.4047479, 39.8132783], [116.4048936, 39.8131571], [116.404911, 39.813117], [116.404985, 39.8129465], [116.405015, 39.8128774], [116.4049581, 39.8126311], [116.4049482, 39.8125884], [116.4047843, 39.8123366], [116.4047783, 39.8121268], [116.4049604, 39.8118891], [116.4049907, 39.8117352], [116.4048572, 39.8114741], [116.4047911, 39.81129], [116.4047601, 39.8112037], [116.4047904, 39.8109986], [116.4049421, 39.8106816], [116.4052153, 39.8105277], [116.4055248, 39.8104112], [116.4057251, 39.8104252], [116.4058085, 39.810447], [116.4060103, 39.8104998], [116.4060777, 39.810548], [116.4061863, 39.8106256], [116.4063684, 39.8108681], [116.4063987, 39.8111058], [116.4062409, 39.8114322], [116.4061074, 39.811642], [116.4061086, 39.8116842], [116.4061135, 39.8118611], [116.406247, 39.8120569], [116.4064594, 39.812262], [116.406508, 39.8124998], [116.4065141, 39.8127096], [116.4064109, 39.8128121], [116.4061775, 39.8129485], [116.4061317, 39.8129753], [116.406071, 39.8131245], [116.4061014, 39.8133716], [116.4062045, 39.8135114], [116.4061499, 39.8137212], [116.406124, 39.8139695]]}}, {"type": "Feature", "properties": {"highway": "footway", "name": "", "bridge": "", "tunnel": "", "layer": "", "source": "osm"}, "geometry": {"type": "LineString", "coordinates": [[116.4058625, 39.8143469], [116.4060979, 39.8144942], [116.4062017, 39.8146372], [116.4064748, 39.8145393], [116.4067661, 39.81453], [116.4070635, 39.8147258], [116.407191, 39.8148517], [116.4073427, 39.8149309], [116.4075915, 39.8149169], [116.4079496, 39.8148097], [116.4079855, 39.8147758], [116.4080285, 39.8147351], [116.4081438, 39.8146139], [116.4084352, 39.8146372], [116.4085262, 39.8145487], [116.408775, 39.8143902], [116.4089753, 39.8143156], [116.4091999, 39.8143622], [116.4091635, 39.81453], [116.4090967, 39.8147072], [116.4090967, 39.8148144], [116.4089632, 39.814889], [116.408775, 39.8149076], [116.4086658, 39.8149309], [116.40866, 39.8150703]]}}, {"type": "Feature", "properties": {"highway": "footway", "name": "", "bridge": "", "tunnel": "", "layer": "", "source": "osm"}, "geometry": {"type": "LineString", "coordinates": [[116.4086658, 39.8149309], [116.4085141, 39.814903], [116.4082713, 39.814903], [116.4081074, 39.8148936], [116.4079855, 39.8147758]]}}, {"type": "Feature", "properties": {"highway": "footway", "name": "", "bridge": "", "tunnel": "", "layer": "", "source": "osm"}, "geometry": {"type": "LineString", "coordinates": [[116.4043612, 39.8137769], [116.4041909, 39.8137335], [116.4040635, 39.8136489], [116.4039971, 39.8135602], [116.4039683, 39.8134345], [116.4040593, 39.8132014], [116.4043567, 39.8129729], [116.4044599, 39.8126699], [116.4045005, 39.8124165], [116.4045084, 39.8123669], [116.4044417, 39.8120359], [116.4042456, 39.8118141], [116.4042232, 39.8117888], [116.4041382, 39.8116023], [116.4041382, 39.8114438], [116.404211, 39.8111827], [116.4043324, 39.8110196], [116.404472, 39.8109962], [116.4047904, 39.8109986]]}}, {"type": "Feature", "properties": {"highway": "footway", "name": "", "bridge": "", "tunnel": "", "layer": "", "source": "osm"}, "geometry": {"type": "LineString", "coordinates": [[116.4049907, 39.8117352], [116.4053035, 39.8118214], [116.4054188, 39.8118914], [116.4055579, 39.8119568], [116.4056069, 39.8119799], [116.4057951, 39.8119659], [116.4059772, 39.8119193], [116.4061135, 39.8118611]]}}, {"type": "Feature", "properties": {"highway": "footway", "name": "", "bridge": "", "tunnel": "", "layer": "", "source": "osm"}, "geometry": {"type": "LineString", "coordinates": [[116.4045099, 39.8134984], [116.404648, 39.8136443], [116.404733, 39.8138401], [116.4049151, 39.8139473], [116.4050719, 39.8139709], [116.4051651, 39.8139722], [116.4052486, 39.8140119], [116.4052792, 39.8140452], [116.4054491, 39.8141198], [116.4055565, 39.8140959], [116.4056313, 39.8140766], [116.4056996, 39.8140849], [116.405812, 39.8141284], [116.4058519, 39.8141632]]}}, {"type": "Feature", "properties": {"highway": "footway", "name": "", "bridge": "", "tunnel": "", "layer": "", "source": "osm"}, "geometry": {"type": "LineString", "coordinates": [[116.4052857, 39.8148249], [116.4053338, 39.814586], [116.4055098, 39.8143995], [116.4055402, 39.8142037], [116.4055565, 39.8140959], [116.4055508, 39.8140105], [116.40558, 39.8139292], [116.4056309, 39.8138683], [116.4056683, 39.8138239], [116.4057432, 39.8137845], [116.4058347, 39.8137429], [116.4059407, 39.8137095], [116.4061499, 39.8137212]]}}, {"type": "Feature", "properties": {"highway": "footway", "name": "", "bridge": "", "tunnel": "", "layer": "", "source": "osm"}, "geometry": {"type": "LineString", "coordinates": [[116.4086443, 39.8138564], [116.4084109, 39.8138307], [116.4082045, 39.8137794], [116.4079982, 39.8136489], [116.4078932, 39.8134469], [116.4078993, 39.8133234], [116.4079266, 39.8131812], [116.4079266, 39.8131019], [116.4080844, 39.8129831], [116.4082938, 39.8128525], [116.4084121, 39.8127896], [116.4084758, 39.8128642], [116.4085274, 39.8129807], [116.408579, 39.8131136], [116.408667, 39.8131695], [116.408755, 39.8130926], [116.4088764, 39.813018], [116.4089583, 39.8131159], [116.4090221, 39.8132465], [116.409019, 39.813384], [116.4089341, 39.8135472], [116.4087672, 39.8136194], [116.4086549, 39.813687], [116.4086094, 39.8137686], [116.4086443, 39.8138564]]}}, {"type": "Feature", "properties": {"highway": "footway", "name": "", "bridge": "", "tunnel": "", "layer": "", "source": "osm"}, "geometry": {"type": "LineString", "coordinates": [[116.4079266, 39.8131019], [116.4071817, 39.813628]]}}, {"type": "Feature", "properties": {"highway": "path", "name": "", "bridge": "", "tunnel": "", "layer": "", "source": "osm"}, "geometry": {"type": "LineString", "coordinates": [[116.406508, 39.8124998], [116.4062625, 39.8124372], [116.4060328, 39.8123627], [116.4057674, 39.8123392], [116.4056041, 39.812253], [116.4055173, 39.8121236], [116.4055579, 39.8119568]]}}, {"type": "Feature", "properties": {"highway": "path", "name": "", "bridge": "", "tunnel": "", "layer": "", "source": "osm"}, "geometry": {"type": "LineString", "coordinates": [[116.404985, 39.8129465], [116.4048079, 39.8129665], [116.404711, 39.8129155], [116.4047416, 39.8128136], [116.4045732, 39.8127587], [116.4045681, 39.8125862], [116.4045005, 39.8124165], [116.4043486, 39.812496], [116.4042364, 39.8124843], [116.4041088, 39.8123392], [116.4041445, 39.8121001], [116.4041751, 39.8119158], [116.4042456, 39.8118141]]}}, {"type": "Feature", "properties": {"highway": "path", "name": "", "bridge": "", "tunnel": "", "layer": "", "source": "osm"}, "geometry": {"type": "LineString", "coordinates": [[116.4052486, 39.8140119], [116.4052876, 39.8139296], [116.4052622, 39.813872], [116.4051194, 39.8138648], [116.4050529, 39.8138289], [116.4050279, 39.813775], [116.4050377, 39.8137359], [116.4050835, 39.8137231], [116.405153, 39.8137558], [116.4052334, 39.8137475], [116.405303, 39.8137309], [116.4053931, 39.8136973], [116.4054456, 39.8136636], [116.4053861, 39.8135562], [116.4053722, 39.8134344]]}}, {"type": "Feature", "properties": {"highway": "path", "name": "", "bridge": "", "tunnel": "", "layer": "", "source": "osm"}, "geometry": {"type": "LineString", "coordinates": [[116.4053722, 39.8134344], [116.405155, 39.8134134], [116.4050529, 39.8132997], [116.4050631, 39.8131703], [116.4051805, 39.8130488], [116.4053693, 39.8130488], [116.4054764, 39.8130821], [116.4055582, 39.8131076], [116.4056143, 39.8132644], [116.4055531, 39.8133859], [116.4053722, 39.8134344]]}}, {"type": "Feature", "properties": {"highway": "path", "name": "", "bridge": "", "tunnel": "", "layer": "", "source": "osm"}, "geometry": {"type": "LineString", "coordinates": [[116.4049581, 39.8126311], [116.4051346, 39.8126489], [116.4052877, 39.8127665], [116.4055429, 39.8128332], [116.4057113, 39.8128449], [116.4056704, 39.812939], [116.4061775, 39.8129485]]}}, {"type": "Feature", "properties": {"highway": "path", "name": "", "bridge": "", "tunnel": "", "layer": "", "source": "osm"}, "geometry": {"type": "LineString", "coordinates": [[116.4054764, 39.8130821], [116.4054816, 39.8130017], [116.405696, 39.8130253], [116.4056704, 39.812939]]}}, {"type": "Feature", "properties": {"highway": "path", "name": "", "bridge": "", "tunnel": "", "layer": "", "source": "osm"}, "geometry": {"type": "LineString", "coordinates": [[116.4047911, 39.81129], [116.4049611, 39.8112102], [116.405155, 39.8112651], [116.4053489, 39.8111239], [116.4053795, 39.8110769], [116.4056143, 39.8112925], [116.4057725, 39.8114924], [116.4058644, 39.8116375], [116.4061086, 39.8116842]]}}, {"type": "Feature", "properties": {"highway": "path", "name": "", "bridge": "", "tunnel": "", "layer": "", "source": "osm"}, "geometry": {"type": "LineString", "coordinates": [[116.4053035, 39.8118214], [116.4053897, 39.8116336], [116.4054255, 39.811465], [116.4056143, 39.8112925]]}}, {"type": "Feature", "properties": {"highway": "footway", "name": "", "bridge": "", "tunnel": "", "layer": "", "source": "osm"}, "geometry": {"type": "LineString", "coordinates": [[116.4060199, 39.8101113], [116.4059835, 39.810164], [116.4059084, 39.8102728], [116.4058871, 39.810305], [116.4058204, 39.8104063], [116.4058085, 39.810447], [116.4058461, 39.8105695], [116.405962, 39.8106008], [116.4060478, 39.8105877], [116.4060777, 39.810548], [116.4061637, 39.8104096], [116.4062345, 39.8103008], [116.4062512, 39.8102751], [116.4062882, 39.8102184]]}}, {"type": "Feature", "properties": {"highway": "footway", "name": "", "bridge": "", "tunnel": "", "layer": "", "source": "osm"}, "geometry": {"type": "LineString", "coordinates": [[116.4061637, 39.8104096], [116.4058871, 39.810305]]}}, {"type": "Feature", "properties": {"highway": "footway", "name": "", "bridge": "", "tunnel": "", "layer": "", "source": "osm"}, "geometry": {"type": "LineString", "coordinates": [[116.4062512, 39.8102751], [116.4059835, 39.810164]]}}, {"type": "Feature", "properties": {"highway": "footway", "name": "", "bridge": "", "tunnel": "", "layer": "", "source": "osm"}, "geometry": {"type": "LineString", "coordinates": [[116.4052978, 39.8090764], [116.4053235, 39.8092855], [116.4055295, 39.80948], [116.40589, 39.8095558], [116.4061131, 39.809569], [116.4062977, 39.8093415], [116.4063439, 39.8093218], [116.4064908, 39.8092591], [116.4070745, 39.8092466], [116.4078727, 39.8092295], [116.4082031, 39.8090646], [116.4085464, 39.8089855], [116.4089112, 39.8090218], [116.4092288, 39.8090811], [116.409533, 39.8091881], [116.409585, 39.8092064], [116.4100399, 39.8091569], [116.4104261, 39.8090679], [116.4107952, 39.809091], [116.4109411, 39.8092624], [116.4109269, 39.8094879], [116.4108109, 39.8096446], [116.4105677, 39.8097108], [116.4101257, 39.8097174], [116.4098081, 39.8096778], [116.4095163, 39.809658], [116.4092417, 39.809724], [116.4090829, 39.8098657], [116.4090776, 39.8098885], [116.4090185, 39.8101426], [116.4089745, 39.8103002], [116.4089413, 39.8104195], [116.4087353, 39.8105283], [116.4083447, 39.8105053], [116.4080443, 39.8104162], [116.4076581, 39.8102382], [116.4075801, 39.8101977], [116.4073791, 39.8100932], [116.4069242, 39.8100075], [116.4065423, 39.8099547], [116.4062676, 39.8098294], [116.4061131, 39.809569]]}}, {"type": "Feature", "properties": {"highway": "footway", "name": "", "bridge": "", "tunnel": "", "layer": "", "source": "osm"}, "geometry": {"type": "LineString", "coordinates": [[116.4055253, 39.809074], [116.4056754, 39.8091932], [116.4058642, 39.8092558], [116.4061003, 39.8092525], [116.4063439, 39.8093218]]}}, {"type": "Feature", "properties": {"highway": "footway", "name": "", "bridge": "", "tunnel": "", "layer": "", "source": "osm"}, "geometry": {"type": "LineString", "coordinates": [[116.4070745, 39.8092466], [116.4072804, 39.8093712], [116.4073317, 39.8093867], [116.4075637, 39.8094569], [116.4078126, 39.8094701], [116.4080186, 39.809424], [116.4081945, 39.8093053], [116.4087267, 39.8093251], [116.4088769, 39.8094503], [116.4088812, 39.8097207], [116.4088112, 39.8098224], [116.408761, 39.8098954], [116.4085121, 39.8099481], [116.4081387, 39.8099415], [116.4079199, 39.8098426], [116.4077868, 39.8097569], [116.4076924, 39.8098558], [116.4076624, 39.8100141], [116.4076502, 39.8100912], [116.4076452, 39.8101228], [116.4075801, 39.8101977]]}}, {"type": "Feature", "properties": {"highway": "footway", "name": "", "bridge": "", "tunnel": "", "layer": "", "source": "osm"}, "geometry": {"type": "LineString", "coordinates": [[116.4076502, 39.8100912], [116.4078812, 39.8101987], [116.4081387, 39.8102184], [116.4084177, 39.8102184], [116.4084563, 39.8102745], [116.4086623, 39.8103141], [116.4087224, 39.8103404], [116.408761, 39.8102943], [116.4088297, 39.8103437], [116.4088941, 39.8102745], [116.4089745, 39.8103002]]}}, {"type": "Feature", "properties": {"highway": "footway", "name": "", "bridge": "", "tunnel": "", "layer": "", "source": "osm"}, "geometry": {"type": "LineString", "coordinates": [[116.4064908, 39.8092591], [116.4065895, 39.8094042], [116.4068556, 39.8095756]]}}, {"type": "Feature", "properties": {"highway": "footway", "name": "", "bridge": "", "tunnel": "", "layer": "", "source": "osm"}, "geometry": {"type": "LineString", "coordinates": [[116.4073317, 39.8093867], [116.4073991, 39.8095429], [116.40735, 39.8096588], [116.4074938, 39.8097445], [116.4075582, 39.8097429], [116.4076247, 39.8097148], [116.4076633, 39.8097297], [116.4077449, 39.8096819], [116.4078157, 39.8096951], [116.4077868, 39.8097569]]}}, {"type": "Feature", "properties": {"highway": "residential", "name": "", "bridge": "", "tunnel": "", "layer": "", "source": "osm"}, "geometry": {"type": "LineString", "coordinates": [[116.4075814, 39.8065055], [116.4075895, 39.8087631]]}}, {"type": "Feature", "properties": {"highway": "residential", "name": "", "bridge": "", "tunnel": "", "layer": "", "source": "osm"}, "geometry": {"type": "LineString", "coordinates": [[116.4075895, 39.8087631], [116.407584, 39.8089862], [116.4048675, 39.8090588]]}}, {"type": "Feature", "properties": {"highway": "steps", "name": "", "bridge": "", "tunnel": "yes", "layer": "-1", "source": "osm"}, "geometry": {"type": "LineString", "coordinates": [[116.364543, 39.8111639], [116.3648017, 39.8111651]]}}, {"type": "Feature", "properties": {"highway": "footway", "name": "", "bridge": "", "tunnel": "yes", "layer": "-1", "source": "osm"}, "geometry": {"type": "LineString", "coordinates": [[116.3622592, 39.8111533], [116.364543, 39.8111639]]}}, {"type": "Feature", "properties": {"highway": "trunk_link", "name": "", "bridge": "", "tunnel": "", "layer": "", "source": "osm"}, "geometry": {"type": "LineString", "coordinates": [[116.3955009, 39.8260791], [116.3955799, 39.8264969]]}}, {"type": "Feature", "properties": {"highway": "tertiary", "name": "南苑路", "bridge": "", "tunnel": "", "layer": "", "source": "osm"}, "geometry": {"type": "LineString", "coordinates": [[116.3959917, 39.8063787], [116.3960079, 39.8059874]]}}, {"type": "Feature", "properties": {"highway": "tertiary", "name": "龙和路", "bridge": "", "tunnel": "", "layer": "", "source": "osm"}, "geometry": {"type": "LineString", "coordinates": [[116.3961309, 39.8059887], [116.3965078, 39.8059881]]}}, {"type": "Feature", "properties": {"highway": "tertiary", "name": "龙和路", "bridge": "", "tunnel": "", "layer": "", "source": "osm"}, "geometry": {"type": "LineString", "coordinates": [[116.3960079, 39.8059874], [116.3961309, 39.8059887]]}}, {"type": "Feature", "properties": {"highway": "trunk_link", "name": "", "bridge": "", "tunnel": "", "layer": "", "source": "osm"}, "geometry": {"type": "LineString", "coordinates": [[116.3963915, 39.8101611], [116.3962906, 39.810379]]}}, {"type": "Feature", "properties": {"highway": "trunk_link", "name": "", "bridge": "", "tunnel": "", "layer": "", "source": "osm"}, "geometry": {"type": "LineString", "coordinates": [[116.396384, 39.8084887], [116.3964588, 39.8086926]]}}, {"type": "Feature", "properties": {"highway": "trunk_link", "name": "", "bridge": "", "tunnel": "", "layer": "", "source": "osm"}, "geometry": {"type": "LineString", "coordinates": [[116.3965294, 39.8071626], [116.3964398, 39.807345]]}}, {"type": "Feature", "properties": {"highway": "path", "name": "", "bridge": "", "tunnel": "", "layer": "", "source": "osm"}, "geometry": {"type": "LineString", "coordinates": [[116.4050631, 39.8131703], [116.404911, 39.813117]]}}, {"type": "Feature", "properties": {"highway": "path", "name": "", "bridge": "", "tunnel": "", "layer": "", "source": "osm"}, "geometry": {"type": "LineString", "coordinates": [[116.4054456, 39.8136636], [116.4055015, 39.8136716], [116.4055659, 39.8136736], [116.4056303, 39.8136551], [116.4056813, 39.8136468], [116.4057376, 39.813651], [116.4057778, 39.8136716], [116.4058046, 39.8137025], [116.4058347, 39.8137429]]}}, {"type": "Feature", "properties": {"highway": "footway", "name": "", "bridge": "", "tunnel": "", "layer": "", "source": "osm"}, "geometry": {"type": "LineString", "coordinates": [[116.405885, 39.8141412], [116.4058768, 39.8142806], [116.4058625, 39.8143469], [116.4058095, 39.8143948], [116.4057516, 39.8144221], [116.4056886, 39.8144298]]}}, {"type": "Feature", "properties": {"highway": "tertiary", "name": "警备西路", "bridge": "", "tunnel": "", "layer": "", "source": "osm"}, "geometry": {"type": "LineString", "coordinates": [[116.3891135, 39.8015109], [116.3890471, 39.8015111]]}}, {"type": "Feature", "properties": {"highway": "tertiary", "name": "大红门南路", "bridge": "", "tunnel": "", "layer": "", "source": "osm"}, "geometry": {"type": "LineString", "coordinates": [[116.388256, 39.8053719], [116.3881571, 39.8068414]]}}, {"type": "Feature", "properties": {"highway": "trunk_link", "name": "", "bridge": "", "tunnel": "", "layer": "", "source": "osm"}, "geometry": {"type": "LineString", "coordinates": [[116.3962498, 39.8111903], [116.396349, 39.8114091]]}}, {"type": "Feature", "properties": {"highway": "tertiary", "name": "南苑路辅路", "bridge": "", "tunnel": "", "layer": "", "source": "osm"}, "geometry": {"type": "LineString", "coordinates": [[116.396349, 39.8114091], [116.3963331, 39.811838], [116.3963229, 39.811985], [116.3963111, 39.8122542]]}}, {"type": "Feature", "properties": {"highway": "tertiary", "name": "龙和路", "bridge": "", "tunnel": "", "layer": "", "source": "osm"}, "geometry": {"type": "LineString", "coordinates": [[116.3965078, 39.8059881], [116.3965901, 39.8059875]]}}, {"type": "Feature", "properties": {"highway": "trunk_link", "name": "", "bridge": "", "tunnel": "", "layer": "", "source": "osm"}, "geometry": {"type": "LineString", "coordinates": [[116.3956484, 39.8231469], [116.3957462, 39.8233433]]}}, {"type": "Feature", "properties": {"highway": "residential", "name": "久敬庄路", "bridge": "", "tunnel": "", "layer": "", "source": "osm"}, "geometry": {"type": "LineString", "coordinates": [[116.3952261, 39.8217934], [116.3953586, 39.8217989], [116.3957162, 39.8218001]]}}, {"type": "Feature", "properties": {"highway": "residential", "name": "久敬庄路", "bridge": "", "tunnel": "", "layer": "", "source": "osm"}, "geometry": {"type": "LineString", "coordinates": [[116.3957162, 39.8218001], [116.3958113, 39.8217823]]}}, {"type": "Feature", "properties": {"highway": "service", "name": "", "bridge": "", "tunnel": "", "layer": "", "source": "osm"}, "geometry": {"type": "LineString", "coordinates": [[116.3963725, 39.8026886], [116.3968517, 39.802699], [116.3968463, 39.8029148], [116.3963694, 39.802962]]}}, {"type": "Feature", "properties": {"highway": "residential", "name": "久敬庄路", "bridge": "", "tunnel": "", "layer": "", "source": "osm"}, "geometry": {"type": "LineString", "coordinates": [[116.3958113, 39.8217823], [116.4000633, 39.8209781]]}}, {"type": "Feature", "properties": {"highway": "service", "name": "", "bridge": "", "tunnel": "", "layer": "", "source": "osm"}, "geometry": {"type": "LineString", "coordinates": [[116.3922722, 39.7955765], [116.3921578, 39.7952416], [116.3917351, 39.7950133], [116.3914962, 39.7949167], [116.3911714, 39.7948029], [116.3895477, 39.7946689]]}}, {"type": "Feature", "properties": {"highway": "service", "name": "", "bridge": "", "tunnel": "", "layer": "", "source": "osm"}, "geometry": {"type": "LineString", "coordinates": [[116.3943374, 39.7955298], [116.3943285, 39.7961193], [116.3937166, 39.7961226], [116.393704, 39.7955245]]}}, {"type": "Feature", "properties": {"highway": "service", "name": "", "bridge": "", "tunnel": "", "layer": "", "source": "osm"}, "geometry": {"type": "LineString", "coordinates": [[116.4083927, 39.7961891], [116.406471, 39.796162], [116.4056145, 39.7961492]]}}, {"type": "Feature", "properties": {"highway": "service", "name": "", "bridge": "", "tunnel": "", "layer": "", "source": "osm"}, "geometry": {"type": "LineString", "coordinates": [[116.406494, 39.7955125], [116.406471, 39.796162], [116.4064235, 39.7975066]]}}, {"type": "Feature", "properties": {"highway": "pedestrian", "name": "", "bridge": "", "tunnel": "", "layer": "", "source": "osm"}, "geometry": {"type": "LineString", "coordinates": [[116.3769164, 39.8214497], [116.3763803, 39.821202], [116.3763942, 39.8211863], [116.3764748, 39.8210963], [116.3767695, 39.8211499], [116.3768065, 39.8211255], [116.3767808, 39.8210805], [116.3768332, 39.8210592], [116.3770858, 39.8210574], [116.3771742, 39.8210568], [116.3771742, 39.8214583], [116.3769164, 39.8214497]]}}, {"type": "Feature", "properties": {"highway": "service", "name": "", "bridge": "", "tunnel": "", "layer": "", "source": "osm"}, "geometry": {"type": "LineString", "coordinates": [[116.3770858, 39.8210574], [116.3770999, 39.8209285], [116.3771403, 39.8207982], [116.3772368, 39.8207241], [116.3774221, 39.8206954], [116.3776104, 39.820693], [116.3778617, 39.8207028], [116.3781335, 39.8207133], [116.3783514, 39.8206858], [116.378683, 39.8205555], [116.3789243, 39.8204778], [116.3796045, 39.8204013], [116.3803128, 39.8202231], [116.380461, 39.8201686], [116.3810009, 39.8199697], [116.381471, 39.819721], [116.3818524, 39.8195931], [116.3822898, 39.8195153], [116.3828673, 39.8195273], [116.3829648, 39.8195265], [116.383423, 39.8195225], [116.3840021, 39.8194699], [116.3841484, 39.8194591]]}}, {"type": "Feature", "properties": {"highway": "footway", "name": "", "bridge": "", "tunnel": "", "layer": "", "source": "osm"}, "geometry": {"type": "LineString", "coordinates": [[116.3763942, 39.8211863], [116.3743827, 39.8202478], [116.3731345, 39.8196654]]}}, {"type": "Feature", "properties": {"highway": "pedestrian", "name": "", "bridge": "", "tunnel": "", "layer": "", "source": "osm"}, "geometry": {"type": "LineString", "coordinates": [[116.3719048, 39.8201788], [116.3729646, 39.8200168], [116.3729443, 39.8199335], [116.3729056, 39.8197737], [116.3731345, 39.8196654], [116.37329, 39.8195897], [116.3732561, 39.8195506], [116.3731362, 39.8194125], [116.372834, 39.8195567], [116.3717926, 39.8196906], [116.3719048, 39.8201788]]}}, {"type": "Feature", "properties": {"highway": "service", "name": "", "bridge": "", "tunnel": "", "layer": "", "source": "osm"}, "geometry": {"type": "LineString", "coordinates": [[116.3729443, 39.8199335], [116.3731487, 39.8199564], [116.3736137, 39.8201528], [116.3737871, 39.8202736], [116.3743236, 39.8208477], [116.3746937, 39.8211155], [116.374987, 39.8212089], [116.3752784, 39.8212474], [116.3756772, 39.821213], [116.3763942, 39.8211863]]}}, {"type": "Feature", "properties": {"highway": "service", "name": "", "bridge": "", "tunnel": "", "layer": "", "source": "osm"}, "geometry": {"type": "LineString", "coordinates": [[116.3743245, 39.8190227], [116.3745706, 39.8189011], [116.3747386, 39.8185534], [116.3747684, 39.8182224], [116.3746085, 39.8178269], [116.3742752, 39.8173419], [116.3741532, 39.8169359], [116.3741532, 39.816428], [116.3742101, 39.8156889], [116.3741017, 39.8154079], [116.3738605, 39.8151893], [116.373582, 39.8150325], [116.3735352, 39.8150061], [116.3731883, 39.8145855], [116.3733591, 39.8144377], [116.3735976, 39.8143919], [116.3740339, 39.8144398], [116.3744703, 39.8144794], [116.3749338, 39.8143961], [116.3752861, 39.8143045], [116.3756439, 39.8144252], [116.3758444, 39.8146792], [116.3760571, 39.8150325], [116.3766304, 39.8152955], [116.3771318, 39.815666], [116.3774029, 39.8160636], [116.3774508, 39.8162319], [116.3775275, 39.8165008], [116.3778745, 39.816963], [116.3780711, 39.8171329], [116.378178, 39.8172253], [116.3786577, 39.8174917], [116.3787303, 39.8175573], [116.3790724, 39.8178665], [116.3794519, 39.8184285], [116.3795547, 39.8186561], [116.3796578, 39.8188844], [116.3800102, 39.8193507], [116.3803436, 39.8197109], [116.3803737, 39.8198282]]}}, {"type": "Feature", "properties": {"highway": "service", "name": "", "bridge": "", "tunnel": "", "layer": "", "source": "osm"}, "geometry": {"type": "LineString", "coordinates": [[116.3732561, 39.8195506], [116.3740389, 39.8191638]]}}, {"type": "Feature", "properties": {"highway": "service", "name": "", "bridge": "yes", "tunnel": "", "layer": "1", "source": "osm"}, "geometry": {"type": "LineString", "coordinates": [[116.3740389, 39.8191638], [116.3743245, 39.8190227]]}}, {"type": "Feature", "properties": {"highway": "service", "name": "", "bridge": "", "tunnel": "", "layer": "", "source": "osm"}, "geometry": {"type": "LineString", "coordinates": [[116.3804396, 39.820085], [116.380461, 39.8201686]]}}, {"type": "Feature", "properties": {"highway": "service", "name": "", "bridge": "yes", "tunnel": "", "layer": "1", "source": "osm"}, "geometry": {"type": "LineString", "coordinates": [[116.3803737, 39.8198282], [116.3803869, 39.8198797], [116.3804396, 39.820085]]}}, {"type": "Feature", "properties": {"highway": "footway", "name": "", "bridge": "", "tunnel": "", "layer": "", "source": "osm"}, "geometry": {"type": "LineString", "coordinates": [[116.3778617, 39.8207028], [116.3776697, 39.8204339], [116.377442, 39.8202382], [116.3771602, 39.8200363], [116.3768891, 39.8199551], [116.3765558, 39.8199072], [116.376301, 39.8198011], [116.3761031, 39.8196221], [116.3758592, 39.8195534], [116.3754039, 39.8196054], [116.3746125, 39.8198719], [116.3745014, 39.8199988], [116.374477, 39.8201258], [116.3743827, 39.8202478]]}}, {"type": "Feature", "properties": {"highway": "footway", "name": "", "bridge": "", "tunnel": "", "layer": "", "source": "osm"}, "geometry": {"type": "LineString", "coordinates": [[116.3763558, 39.8193357], [116.3763993, 39.8192864], [116.3766942, 39.8190852], [116.3769561, 39.8189656], [116.3772723, 39.8189149], [116.3775224, 39.8189175], [116.3776168, 39.8189185], [116.3779259, 39.8190037], [116.3781547, 39.8190707], [116.3783812, 39.8190925], [116.378721, 39.8190472], [116.3789381, 39.8189566], [116.379115, 39.8188116], [116.3794454, 39.8186902], [116.3795547, 39.8186561], [116.379837, 39.8186195], [116.3801178, 39.8186249], [116.3803679, 39.8185579], [116.3805378, 39.8184111], [116.3806251, 39.8181936], [116.3805968, 39.8179852], [116.3804906, 39.8178112], [116.380375, 39.8176626], [116.3801815, 39.8175484], [116.379929, 39.8174995], [116.3796577, 39.8174977], [116.3793297, 39.8174669], [116.3790985, 39.8174016], [116.379023, 39.8173871], [116.3787303, 39.8175573]]}}, {"type": "Feature", "properties": {"highway": "footway", "name": "", "bridge": "yes", "tunnel": "", "layer": "1", "source": "osm"}, "geometry": {"type": "LineString", "coordinates": [[116.3761625, 39.8195548], [116.3763558, 39.8193357]]}}, {"type": "Feature", "properties": {"highway": "footway", "name": "", "bridge": "", "tunnel": "", "layer": "", "source": "osm"}, "geometry": {"type": "LineString", "coordinates": [[116.3761031, 39.8196221], [116.3761625, 39.8195548]]}}, {"type": "Feature", "properties": {"highway": "footway", "name": "", "bridge": "", "tunnel": "", "layer": "", "source": "osm"}, "geometry": {"type": "LineString", "coordinates": [[116.3763993, 39.8192864], [116.375649, 39.8183748], [116.3745706, 39.8189011]]}}, {"type": "Feature", "properties": {"highway": "footway", "name": "", "bridge": "", "tunnel": "", "layer": "", "source": "osm"}, "geometry": {"type": "LineString", "coordinates": [[116.375649, 39.8183748], [116.3780711, 39.8171329], [116.3785604, 39.8168686], [116.3788861, 39.8167157], [116.3792802, 39.8167996], [116.3799101, 39.8170018], [116.3803763, 39.8172745], [116.3807449, 39.8175097], [116.3809157, 39.8176763], [116.3811271, 39.8178532], [116.3813547, 39.8181093], [116.3815173, 39.8183133], [116.3816474, 39.8185714], [116.3817315, 39.81879], [116.3822491, 39.8189566], [116.3827018, 39.8192022], [116.3827919, 39.8192552], [116.3829565, 39.8193521], [116.3829648, 39.8195265]]}}, {"type": "Feature", "properties": {"highway": "footway", "name": "", "bridge": "", "tunnel": "", "layer": "", "source": "osm"}, "geometry": {"type": "LineString", "coordinates": [[116.3742101, 39.8156889], [116.3744669, 39.8156165], [116.374323, 39.815361], [116.3742593, 39.8151616], [116.3742616, 39.8149568], [116.3742781, 39.8149288], [116.3743631, 39.8147847], [116.3744787, 39.8146216], [116.3744703, 39.8144794]]}}, {"type": "Feature", "properties": {"highway": "footway", "name": "", "bridge": "", "tunnel": "", "layer": "", "source": "osm"}, "geometry": {"type": "LineString", "coordinates": [[116.3744669, 39.8156165], [116.3746108, 39.8158666], [116.3746627, 39.8160769], [116.3746533, 39.8162653], [116.3745589, 39.8164792], [116.3745164, 39.8167075], [116.3746438, 39.8169739], [116.3748892, 39.8172331], [116.3751582, 39.8174451], [116.3755829, 39.8176046], [116.3758637, 39.817659], [116.376194, 39.8176246], [116.3764772, 39.8174759], [116.3767013, 39.8172712], [116.3768948, 39.8170319], [116.3770269, 39.8167547], [116.3772015, 39.8163487], [116.3774508, 39.8162319]]}}, {"type": "Feature", "properties": {"highway": "footway", "name": "", "bridge": "", "tunnel": "", "layer": "", "source": "osm"}, "geometry": {"type": "LineString", "coordinates": [[116.3744669, 39.8156165], [116.3746719, 39.8155231], [116.3748159, 39.8154941], [116.3750329, 39.8155086], [116.3752241, 39.8155014], [116.3754034, 39.8154669], [116.3755615, 39.8153981], [116.3757101, 39.815302], [116.3758375, 39.8151806], [116.3758918, 39.8151208], [116.3760571, 39.8150325]]}}, {"type": "Feature", "properties": {"highway": "footway", "name": "", "bridge": "", "tunnel": "", "layer": "", "source": "osm"}, "geometry": {"type": "LineString", "coordinates": [[116.373582, 39.8150325], [116.3737753, 39.8149269], [116.3739641, 39.8148816], [116.3742071, 39.8148997], [116.3742781, 39.8149288], [116.3744124, 39.8150175], [116.3745563, 39.8150773], [116.3747498, 39.815119], [116.3749291, 39.815119], [116.3750636, 39.8151099], [116.3751533, 39.8150918], [116.3753208, 39.8150284], [116.3754671, 39.8149939], [116.3756016, 39.8149939], [116.3757479, 39.815041], [116.3758611, 39.81509], [116.3758918, 39.8151208]]}}, {"type": "Feature", "properties": {"highway": "footway", "name": "", "bridge": "", "tunnel": "", "layer": "", "source": "osm"}, "geometry": {"type": "LineString", "coordinates": [[116.3751533, 39.8150918], [116.3751839, 39.8151842], [116.3752241, 39.8152748], [116.3753043, 39.8153655], [116.3754034, 39.8154669], [116.3755426, 39.8155558], [116.3756959, 39.8156572], [116.3757596, 39.8157479], [116.3757856, 39.8158657], [116.3757832, 39.8160034], [116.3758021, 39.816094], [116.3758635, 39.8161429], [116.3760333, 39.8161919], [116.3761206, 39.8162752], [116.3762221, 39.8164837], [116.3763023, 39.8166033], [116.3763896, 39.8166903], [116.3765052, 39.8167537], [116.3766775, 39.8168008], [116.3768497, 39.8167917], [116.3770269, 39.8167547]]}}, {"type": "Feature", "properties": {"highway": "footway", "name": "", "bridge": "", "tunnel": "", "layer": "", "source": "osm"}, "geometry": {"type": "LineString", "coordinates": [[116.3775224, 39.8189175], [116.3775224, 39.8190295], [116.3774871, 39.8191377], [116.3774004, 39.819273], [116.3773381, 39.8193979], [116.3773706, 39.8195062], [116.3774844, 39.8195832], [116.3778585, 39.819656], [116.3779452, 39.8197039], [116.3779669, 39.8197872], [116.3780726, 39.8198954], [116.3782298, 39.8199725], [116.378433, 39.8200079], [116.3786553, 39.8200016], [116.3788694, 39.8199621], [116.3790645, 39.8198663], [116.3792516, 39.8198226], [116.3795117, 39.8197851], [116.3797231, 39.8198059], [116.379921, 39.8198538], [116.3801026, 39.8198809], [116.3802652, 39.8198996], [116.3803869, 39.8198797]]}}, {"type": "Feature", "properties": {"highway": "service", "name": "", "bridge": "", "tunnel": "", "layer": "", "source": "osm"}, "geometry": {"type": "LineString", "coordinates": [[116.4047532, 39.8028719], [116.4023295, 39.8027749], [116.4007875, 39.8027254], [116.4008009, 39.8020948], [116.4007661, 39.8019815], [116.4006051, 39.8019547], [116.4001009, 39.8019464]]}}, {"type": "Feature", "properties": {"highway": "service", "name": "", "bridge": "", "tunnel": "", "layer": "", "source": "osm"}, "geometry": {"type": "LineString", "coordinates": [[116.4047465, 39.8022205], [116.4023716, 39.8021315], [116.4008009, 39.8020948]]}}, {"type": "Feature", "properties": {"highway": "service", "name": "", "bridge": "", "tunnel": "", "layer": "", "source": "osm"}, "geometry": {"type": "LineString", "coordinates": [[116.3996368, 39.8003713], [116.3996777, 39.7996656]]}}, {"type": "Feature", "properties": {"highway": "service", "name": "", "bridge": "", "tunnel": "", "layer": "", "source": "osm"}, "geometry": {"type": "LineString", "coordinates": [[116.4012207, 39.80132], [116.3991997, 39.8012747]]}}, {"type": "Feature", "properties": {"highway": "service", "name": "", "bridge": "", "tunnel": "", "layer": "", "source": "osm"}, "geometry": {"type": "LineString", "coordinates": [[116.3990857, 39.8015951], [116.3996637, 39.8016075], [116.3999668, 39.8016301], [116.4004402, 39.8017115], [116.4007312, 39.8017857], [116.4008586, 39.8018094], [116.4009243, 39.8018084], [116.4009699, 39.8017878], [116.4009895, 39.8017422], [116.401005, 39.8016737], [116.4010112, 39.8016533], [116.4010249, 39.8015812], [116.4010987, 39.8014086], [116.4011657, 39.8013499], [116.4012207, 39.80132], [116.4012764, 39.8004314]]}}, {"type": "Feature", "properties": {"highway": "service", "name": "", "bridge": "", "tunnel": "", "layer": "", "source": "osm"}, "geometry": {"type": "LineString", "coordinates": [[116.4025529, 39.8004782], [116.4024961, 39.8014653], [116.4024559, 39.8015147], [116.4024277, 39.801559], [116.4024228, 39.8016249], [116.4024177, 39.8016945], [116.4024083, 39.801822], [116.4024073, 39.8018891], [116.4024021, 39.8019328], [116.4023716, 39.8021315], [116.4023647, 39.8021731], [116.4023295, 39.8027749], [116.4022922, 39.8034115]]}}, {"type": "Feature", "properties": {"highway": "footway", "name": "", "bridge": "", "tunnel": "", "layer": "", "source": "osm"}, "geometry": {"type": "LineString", "coordinates": [[116.3956301, 39.8201629], [116.3956347, 39.8200297]]}}, {"type": "Feature", "properties": {"highway": "footway", "name": "", "bridge": "", "tunnel": "", "layer": "", "source": "osm"}, "geometry": {"type": "LineString", "coordinates": [[116.3958656, 39.8154404], [116.3958694, 39.8153129]]}}, {"type": "Feature", "properties": {"highway": "footway", "name": "", "bridge": "", "tunnel": "", "layer": "", "source": "osm"}, "geometry": {"type": "LineString", "coordinates": [[116.3960562, 39.8113596], [116.3960674, 39.8111735]]}}, {"type": "Feature", "properties": {"highway": "footway", "name": "", "bridge": "", "tunnel": "", "layer": "", "source": "osm"}, "geometry": {"type": "LineString", "coordinates": [[116.396293, 39.8065598], [116.3962891, 39.8066209], [116.3962855, 39.806691]]}}, {"type": "Feature", "properties": {"highway": "footway", "name": "", "bridge": "", "tunnel": "", "layer": "", "source": "osm"}, "geometry": {"type": "LineString", "coordinates": [[116.4005564, 39.8036694], [116.4004231, 39.8036653]]}}, {"type": "Feature", "properties": {"highway": "footway", "name": "", "bridge": "", "tunnel": "", "layer": "", "source": "osm"}, "geometry": {"type": "LineString", "coordinates": [[116.3788861, 39.8167157], [116.3802746, 39.8160497], [116.3804937, 39.815956]]}}]}