{"type": "FeatureCollection", "features": [{"type": "Feature", "properties": {"building": "yes", "source": "osm"}, "geometry": {"type": "MultiPolygon", "coordinates": [[[[116.4477234, 39.8746577], [116.4477242, 39.8745178], [116.4484023, 39.8745201], [116.4484015, 39.87466], [116.4477234, 39.8746577]]]]}}, {"type": "Feature", "properties": {"building": "retail", "name": "outlets c", "source": "osm"}, "geometry": {"type": "MultiPolygon", "coordinates": [[[[116.4796904, 39.8774948], [116.4796953, 39.8769723], [116.4797077, 39.875667], [116.4808706, 39.8756735], [116.4808533, 39.8775013], [116.4796904, 39.8774948]]]]}}, {"type": "Feature", "properties": {"building": "yes", "name": "首都图书馆", "amenity": "library", "source": "osm"}, "geometry": {"type": "MultiPolygon", "coordinates": [[[[116.4558444, 39.8685379], [116.4563593, 39.8685873], [116.4565739, 39.8687191], [116.4568314, 39.8688755], [116.4569923, 39.8690896], [116.4570353, 39.8693367], [116.4570138, 39.8695508], [116.4564988, 39.869559], [116.4564881, 39.8692955], [116.4563808, 39.8691637], [116.456252, 39.8690649], [116.4561555, 39.8690485], [116.4558444, 39.8690237], [116.4558444, 39.8685379]]]]}}, {"type": "Feature", "properties": {"building": "yes", "source": "osm"}, "geometry": {"type": "MultiPolygon", "coordinates": [[[[116.4621005, 39.9000716], [116.4621051, 39.9000241], [116.4621118, 39.8999556], [116.4621291, 39.8997778], [116.4639176, 39.8998802], [116.4638889, 39.900175], [116.4621005, 39.9000716]]]]}}, {"type": "Feature", "properties": {"building": "yes", "source": "osm"}, "geometry": {"type": "MultiPolygon", "coordinates": [[[[116.4611126, 39.900674], [116.4611167, 39.9006328], [116.461122, 39.9005791], [116.4611273, 39.9005253], [116.4611326, 39.9004716], [116.4611365, 39.9004298], [116.465132, 39.9006609], [116.4660728, 39.9007158], [116.4660488, 39.9009599], [116.4611126, 39.900674]]]]}}, {"type": "Feature", "properties": {"building": "yes", "source": "osm"}, "geometry": {"type": "MultiPolygon", "coordinates": [[[[116.4611365, 39.9004298], [116.4611395, 39.9003987], [116.4611471, 39.9003215], [116.4611522, 39.9002694], [116.4611577, 39.9002143], [116.4611625, 39.900165], [116.4611678, 39.900111], [116.4611722, 39.9000663], [116.4611769, 39.9000181], [116.4621005, 39.9000716], [116.4638889, 39.900175], [116.4651724, 39.9002492], [116.4651334, 39.9006463], [116.465132, 39.9006609], [116.4611365, 39.9004298]]]]}}, {"type": "Feature", "properties": {"building": "yes", "name": "北京行车公寓段机务行车公寓", "source": "osm"}, "geometry": {"type": "MultiPolygon", "coordinates": [[[[116.4428912, 39.9007192], [116.443603, 39.9006373], [116.4436311, 39.9007808], [116.4429193, 39.9008628], [116.4428912, 39.9007192]]]]}}, {"type": "Feature", "properties": {"building": "yes", "source": "osm"}, "geometry": {"type": "MultiPolygon", "coordinates": [[[[116.4439875, 39.8996521], [116.4456896, 39.8994276], [116.4456513, 39.8992568], [116.4451054, 39.8993288], [116.4450873, 39.899248], [116.4457626, 39.8991589], [116.4457765, 39.8992211], [116.44638, 39.8991415], [116.4464255, 39.8993447], [116.4465294, 39.899331], [116.4465514, 39.8994294], [116.445941, 39.8995099], [116.4459891, 39.8997246], [116.4457515, 39.8997559], [116.4457675, 39.8998274], [116.4456355, 39.8998448], [116.445651, 39.8999142], [116.4442805, 39.9000949], [116.4442042, 39.8997542], [116.4440159, 39.8997791], [116.4439875, 39.8996521]]]]}}, {"type": "Feature", "properties": {"building": "yes", "source": "osm"}, "geometry": {"type": "MultiPolygon", "coordinates": [[[[116.4367351, 39.9003057], [116.4367359, 39.9001891], [116.4369159, 39.9001899], [116.4369151, 39.9003065], [116.4367351, 39.9003057]]]]}}, {"type": "Feature", "properties": {"building": "yes", "source": "osm"}, "geometry": {"type": "MultiPolygon", "coordinates": [[[[116.4359771, 39.9005999], [116.4359801, 39.9004662], [116.4365066, 39.900473], [116.4365037, 39.9006067], [116.4359771, 39.9005999]]]]}}, {"type": "Feature", "properties": {"building": "yes", "source": "osm"}, "geometry": {"type": "MultiPolygon", "coordinates": [[[[116.4415047, 39.9004745], [116.4415088, 39.9003596], [116.4419691, 39.9003692], [116.441965, 39.9004841], [116.4415047, 39.9004745]]]]}}, {"type": "Feature", "properties": {"building": "yes", "source": "osm"}, "geometry": {"type": "MultiPolygon", "coordinates": [[[[116.4383365, 39.9003345], [116.4383405, 39.9001897], [116.4387792, 39.9001968], [116.4387753, 39.9003416], [116.4383365, 39.9003345]]]]}}, {"type": "Feature", "properties": {"building": "yes", "source": "osm"}, "geometry": {"type": "MultiPolygon", "coordinates": [[[[116.4405541, 39.9003701], [116.4405791, 39.9002782], [116.4406935, 39.9002965], [116.4406685, 39.9003885], [116.4405541, 39.9003701]]]]}}, {"type": "Feature", "properties": {"building": "yes", "source": "osm"}, "geometry": {"type": "MultiPolygon", "coordinates": [[[[116.4441732, 39.9001533], [116.4444383, 39.9001301], [116.4444458, 39.9001804], [116.4441807, 39.9002036], [116.4441732, 39.9001533]]]]}}, {"type": "Feature", "properties": {"building": "yes", "source": "osm"}, "geometry": {"type": "MultiPolygon", "coordinates": [[[[116.4369544, 39.9002974], [116.4369566, 39.9001731], [116.4379395, 39.9001834], [116.4379357, 39.9003077], [116.4369544, 39.9002974]]]]}}, {"type": "Feature", "properties": {"building": "yes", "source": "osm"}, "geometry": {"type": "MultiPolygon", "coordinates": [[[[116.442169, 39.9005232], [116.442174, 39.9004018], [116.4426223, 39.9004127], [116.4426173, 39.9005341], [116.442169, 39.9005232]]]]}}, {"type": "Feature", "properties": {"building": "yes", "source": "osm"}, "geometry": {"type": "MultiPolygon", "coordinates": [[[[116.4404929, 39.9006638], [116.4404949, 39.9005365], [116.4414546, 39.9005452], [116.4414527, 39.9006725], [116.4404929, 39.9006638]]]]}}, {"type": "Feature", "properties": {"building": "yes", "source": "osm"}, "geometry": {"type": "MultiPolygon", "coordinates": [[[[116.4438232, 39.9001954], [116.444154, 39.9001613], [116.4441652, 39.9002253], [116.4438344, 39.9002594], [116.4438232, 39.9001954]]]]}}, {"type": "Feature", "properties": {"building": "yes", "source": "osm"}, "geometry": {"type": "MultiPolygon", "coordinates": [[[[116.4360926, 39.9002059], [116.4363832, 39.9001982], [116.4363878, 39.9003016], [116.4360973, 39.9003093], [116.4360926, 39.9002059]]]]}}, {"type": "Feature", "properties": {"building": "yes", "source": "osm"}, "geometry": {"type": "MultiPolygon", "coordinates": [[[[116.4444597, 39.8993754], [116.4449098, 39.8992771], [116.4449389, 39.8993555], [116.4444888, 39.8994538], [116.4444755, 39.8994181], [116.4444597, 39.8993754]]]]}}, {"type": "Feature", "properties": {"building": "yes", "source": "osm"}, "geometry": {"type": "MultiPolygon", "coordinates": [[[[116.4401002, 39.900717], [116.4401016, 39.9006673], [116.4402462, 39.9006681], [116.4402462, 39.9007193], [116.4401002, 39.900717]]]]}}, {"type": "Feature", "properties": {"building": "yes", "source": "osm"}, "geometry": {"type": "MultiPolygon", "coordinates": [[[[116.4380856, 39.9006408], [116.4380895, 39.9004972], [116.4385631, 39.9005047], [116.4385592, 39.9006483], [116.4380856, 39.9006408]]]]}}, {"type": "Feature", "properties": {"building": "yes", "source": "osm"}, "geometry": {"type": "MultiPolygon", "coordinates": [[[[116.4428962, 39.9002622], [116.4428994, 39.9002143], [116.4429051, 39.9001278], [116.4429066, 39.9001048], [116.4429097, 39.9000586], [116.4437748, 39.9000925], [116.4437613, 39.900296], [116.4428962, 39.9002622]]]]}}, {"type": "Feature", "properties": {"building": "yes", "source": "osm"}, "geometry": {"type": "MultiPolygon", "coordinates": [[[[116.4407216, 39.9004379], [116.4407232, 39.9003607], [116.4414678, 39.9003694], [116.4414663, 39.9004466], [116.4407216, 39.9004379]]]]}}, {"type": "Feature", "properties": {"building": "yes", "source": "osm"}, "geometry": {"type": "MultiPolygon", "coordinates": [[[[116.4432791, 39.8997033], [116.4439592, 39.8995132], [116.443984, 39.8995669], [116.4433104, 39.8997609], [116.4432791, 39.8997033]]]]}}, {"type": "Feature", "properties": {"building": "yes", "source": "osm"}, "geometry": {"type": "MultiPolygon", "coordinates": [[[[116.4437652, 39.9000171], [116.4442046, 39.8999544], [116.4442331, 39.9000717], [116.4437937, 39.9001345], [116.4437652, 39.9000171]]]]}}, {"type": "Feature", "properties": {"building": "yes", "source": "osm"}, "geometry": {"type": "MultiPolygon", "coordinates": [[[[116.4376004, 39.9005876], [116.4376027, 39.9004947], [116.4376035, 39.9004636], [116.4380684, 39.9004707], [116.4380652, 39.9005946], [116.4376004, 39.9005876]]]]}}, {"type": "Feature", "properties": {"building": "yes", "source": "osm"}, "geometry": {"type": "MultiPolygon", "coordinates": [[[[116.4395668, 39.9007097], [116.4395692, 39.9006254], [116.4401025, 39.9006341], [116.4401016, 39.9006673], [116.4401002, 39.900717], [116.4395668, 39.9007097]]]]}}, {"type": "Feature", "properties": {"building": "yes", "source": "osm"}, "geometry": {"type": "MultiPolygon", "coordinates": [[[[116.4369306, 39.9006076], [116.4369326, 39.9004879], [116.4376027, 39.9004947], [116.4376004, 39.9005876], [116.4376003, 39.9006143], [116.4369306, 39.9006076]]]]}}, {"type": "Feature", "properties": {"building": "yes", "source": "osm"}, "geometry": {"type": "MultiPolygon", "coordinates": [[[[116.4387977, 39.9006902], [116.4387979, 39.9006339], [116.4387982, 39.9005609], [116.4392348, 39.9005619], [116.4392343, 39.9006912], [116.4387977, 39.9006902]]]]}}, {"type": "Feature", "properties": {"building": "yes", "source": "osm"}, "geometry": {"type": "MultiPolygon", "coordinates": [[[[116.4385869, 39.9006316], [116.4385891, 39.900511], [116.4387996, 39.9005133], [116.4387982, 39.9005609], [116.4387979, 39.9006339], [116.4385869, 39.9006316]]]]}}, {"type": "Feature", "properties": {"building": "yes", "source": "osm"}, "geometry": {"type": "MultiPolygon", "coordinates": [[[[116.4500584, 39.9004387], [116.4507266, 39.9004255], [116.4507284, 39.9004792], [116.4507302, 39.9005335], [116.4500619, 39.9005466], [116.4500601, 39.9004926], [116.4500584, 39.9004387]]]]}}, {"type": "Feature", "properties": {"building": "yes", "source": "osm"}, "geometry": {"type": "MultiPolygon", "coordinates": [[[[116.4456682, 39.9002992], [116.4464848, 39.9002786], [116.4464906, 39.9004143], [116.445674, 39.9004349], [116.4456724, 39.9003977], [116.44567, 39.9003415], [116.4456682, 39.9002992]]]]}}, {"type": "Feature", "properties": {"building": "yes", "source": "osm"}, "geometry": {"type": "MultiPolygon", "coordinates": [[[[116.4507881, 39.9004139], [116.4531848, 39.9003747], [116.4531884, 39.9005071], [116.4507918, 39.9005463], [116.4507899, 39.900478], [116.4507881, 39.9004139]]]]}}, {"type": "Feature", "properties": {"building": "yes", "source": "osm"}, "geometry": {"type": "MultiPolygon", "coordinates": [[[[116.4529384, 39.8998565], [116.4530545, 39.899874], [116.4530555, 39.8998972], [116.4533913, 39.8999324], [116.4533917, 39.8999388], [116.4534217, 39.89994], [116.4534276, 39.8999416], [116.4534279, 39.89995], [116.4534277, 39.8999544], [116.4534256, 39.9000937], [116.4533469, 39.9000949], [116.4533409, 39.8999649], [116.4530711, 39.8999523], [116.4530696, 39.8999696], [116.4529414, 39.8999715], [116.4529384, 39.8998565]]]]}}, {"type": "Feature", "properties": {"building": "yes", "source": "osm"}, "geometry": {"type": "MultiPolygon", "coordinates": [[[[116.4506866, 39.9002248], [116.4516741, 39.9002022], [116.451679, 39.9003289], [116.4506915, 39.9003514], [116.4506866, 39.9002248]]]]}}, {"type": "Feature", "properties": {"building": "yes", "source": "osm"}, "geometry": {"type": "MultiPolygon", "coordinates": [[[[116.4496589, 39.9001899], [116.45003, 39.9001838], [116.4500351, 39.9003661], [116.4496641, 39.9003722], [116.4496589, 39.9001899]]]]}}, {"type": "Feature", "properties": {"building": "yes", "source": "osm"}, "geometry": {"type": "MultiPolygon", "coordinates": [[[[116.451797, 39.9001652], [116.4527018, 39.9001468], [116.4527065, 39.9002834], [116.4518017, 39.9003019], [116.451797, 39.9001652]]]]}}, {"type": "Feature", "properties": {"building": "yes", "source": "osm"}, "geometry": {"type": "MultiPolygon", "coordinates": [[[[116.4541771, 39.9001857], [116.4542658, 39.9001828], [116.4542702, 39.9002629], [116.4541815, 39.9002658], [116.4541771, 39.9001857]]]]}}, {"type": "Feature", "properties": {"building": "yes", "source": "osm"}, "geometry": {"type": "MultiPolygon", "coordinates": [[[[116.4524247, 39.899857], [116.4529384, 39.8998565], [116.4529414, 39.8999715], [116.4524277, 39.8999788], [116.4524247, 39.899857]]]]}}, {"type": "Feature", "properties": {"building": "yes", "source": "osm"}, "geometry": {"type": "MultiPolygon", "coordinates": [[[[116.4540845, 39.9000603], [116.4541639, 39.9000586], [116.4541678, 39.900163], [116.4540883, 39.9001646], [116.4540845, 39.9000603]]]]}}, {"type": "Feature", "properties": {"building": "yes", "source": "osm"}, "geometry": {"type": "MultiPolygon", "coordinates": [[[[116.4525237, 39.9000148], [116.4531956, 39.8999974], [116.4531995, 39.9000873], [116.4525276, 39.9001047], [116.4525237, 39.9000148]]]]}}, {"type": "Feature", "properties": {"building": "yes", "source": "osm"}, "geometry": {"type": "MultiPolygon", "coordinates": [[[[116.4497094, 39.8999813], [116.4498444, 39.8999775], [116.4498517, 39.9001306], [116.4497167, 39.9001344], [116.4497094, 39.8999813]]]]}}, {"type": "Feature", "properties": {"building": "yes", "source": "osm"}, "geometry": {"type": "MultiPolygon", "coordinates": [[[[116.4541218, 39.9003548], [116.4548938, 39.9003468], [116.4548958, 39.900464], [116.4541238, 39.900472], [116.4541218, 39.9003548]]]]}}, {"type": "Feature", "properties": {"building": "yes", "source": "osm"}, "geometry": {"type": "MultiPolygon", "coordinates": [[[[116.4503979, 39.8999569], [116.4504954, 39.8999564], [116.4504967, 39.9001028], [116.4503992, 39.9001033], [116.4503979, 39.8999569]]]]}}, {"type": "Feature", "properties": {"building": "yes", "source": "osm"}, "geometry": {"type": "MultiPolygon", "coordinates": [[[[116.4533216, 39.9003798], [116.4540316, 39.9003737], [116.4540334, 39.9004946], [116.4533234, 39.9005008], [116.4533216, 39.9003798]]]]}}, {"type": "Feature", "properties": {"building": "yes", "source": "osm"}, "geometry": {"type": "MultiPolygon", "coordinates": [[[[116.4498589, 39.8999783], [116.4500712, 39.8999735], [116.4500772, 39.9001317], [116.4498649, 39.9001364], [116.4498589, 39.8999783]]]]}}, {"type": "Feature", "properties": {"building": "yes", "source": "osm"}, "geometry": {"type": "MultiPolygon", "coordinates": [[[[116.4546527, 39.9001625], [116.4549509, 39.9001466], [116.4549581, 39.9002257], [116.4546598, 39.9002416], [116.4546527, 39.9001625]]]]}}, {"type": "Feature", "properties": {"building": "yes", "source": "osm"}, "geometry": {"type": "MultiPolygon", "coordinates": [[[[116.4537804, 39.9001942], [116.4539389, 39.9001906], [116.4539422, 39.9002757], [116.4537838, 39.9002794], [116.4537804, 39.9001942]]]]}}, {"type": "Feature", "properties": {"building": "yes", "source": "osm"}, "geometry": {"type": "MultiPolygon", "coordinates": [[[[116.4513423, 39.8999046], [116.4523577, 39.8998785], [116.4523685, 39.9001247], [116.4513531, 39.9001507], [116.4513423, 39.8999046]]]]}}, {"type": "Feature", "properties": {"building": "yes", "source": "osm"}, "geometry": {"type": "MultiPolygon", "coordinates": [[[[116.4543394, 39.9001944], [116.45463, 39.9001799], [116.4546357, 39.9002465], [116.454345, 39.900261], [116.4543394, 39.9001944]]]]}}, {"type": "Feature", "properties": {"building": "yes", "source": "osm"}, "geometry": {"type": "MultiPolygon", "coordinates": [[[[116.4501367, 39.9001899], [116.4506305, 39.9001777], [116.450638, 39.9003551], [116.4501442, 39.9003674], [116.4501367, 39.9001899]]]]}}, {"type": "Feature", "properties": {"building": "yes", "source": "osm"}, "geometry": {"type": "MultiPolygon", "coordinates": [[[[116.4527233, 39.900153], [116.4531799, 39.9001426], [116.4531821, 39.9001983], [116.4531846, 39.9002621], [116.452728, 39.9002725], [116.4527233, 39.900153]]]]}}, {"type": "Feature", "properties": {"building": "yes", "source": "osm"}, "geometry": {"type": "MultiPolygon", "coordinates": [[[[116.4541873, 39.9000779], [116.4542463, 39.9000765], [116.4542472, 39.9001001], [116.4544001, 39.9000965], [116.4544029, 39.9001658], [116.454191, 39.9001708], [116.4541873, 39.9000779]]]]}}, {"type": "Feature", "properties": {"building": "yes", "source": "osm"}, "geometry": {"type": "MultiPolygon", "coordinates": [[[[116.450105, 39.8999864], [116.4503677, 39.8999804], [116.4503737, 39.9001342], [116.4502682, 39.9001366], [116.4502649, 39.9000543], [116.4501078, 39.9000579], [116.450105, 39.8999864]]]]}}, {"type": "Feature", "properties": {"building": "yes", "source": "osm"}, "geometry": {"type": "MultiPolygon", "coordinates": [[[[116.4531958, 39.9001409], [116.4534517, 39.9001361], [116.4534554, 39.900254], [116.4532749, 39.9002574], [116.4531996, 39.9002588], [116.4531975, 39.9001943], [116.4531958, 39.9001409]]]]}}, {"type": "Feature", "properties": {"building": "yes", "source": "osm"}, "geometry": {"type": "MultiPolygon", "coordinates": [[[[116.44684, 39.900037], [116.4493787, 39.8999871], [116.4493872, 39.9002415], [116.4490802, 39.9002475], [116.4490263, 39.9002486], [116.4490312, 39.9003972], [116.4468535, 39.90044], [116.4468462, 39.9002233], [116.446844, 39.9001559], [116.446842, 39.9000969], [116.44684, 39.900037]]]]}}, {"type": "Feature", "properties": {"building": "yes", "source": "osm"}, "geometry": {"type": "MultiPolygon", "coordinates": [[[[116.4490802, 39.9002475], [116.4493872, 39.9002415], [116.4493787, 39.8999871], [116.4496964, 39.8999809], [116.4497014, 39.9001319], [116.4496149, 39.9001336], [116.4496229, 39.900374], [116.4490848, 39.9003846], [116.4490802, 39.9002475]]]]}}, {"type": "Feature", "properties": {"building": "yes", "amenity": "fuel", "source": "osm"}, "geometry": {"type": "MultiPolygon", "coordinates": [[[[116.4707705, 39.8974398], [116.471062, 39.8974368], [116.4710654, 39.8976299], [116.4707738, 39.8976328], [116.4707705, 39.8974398]]]]}}, {"type": "Feature", "properties": {"building": "apartments", "name": "百环大厦", "office": "yes", "source": "osm"}, "geometry": {"type": "MultiPolygon", "coordinates": [[[[116.4611508, 39.8899321], [116.4611588, 39.8896182], [116.4617267, 39.8896193], [116.4617328, 39.8899352], [116.4611508, 39.8899321]]]]}}, {"type": "Feature", "properties": {"building": "yes", "name": "Shoucheng International Unit A Bld 2", "amenity": "public_building", "source": "osm"}, "geometry": {"type": "MultiPolygon", "coordinates": [[[[116.4622747, 39.8905778], [116.4622748, 39.8903871], [116.4625502, 39.8903871], [116.4625501, 39.8905779], [116.4622747, 39.8905778]]]]}}, {"type": "Feature", "properties": {"building": "yes", "name": "Shoucheng International Unit A Bld 3", "source": "osm"}, "geometry": {"type": "MultiPolygon", "coordinates": [[[[116.4613257, 39.8904548], [116.4620761, 39.8904444], [116.4620788, 39.8905568], [116.4613283, 39.8905672], [116.4613257, 39.8904548]]]]}}, {"type": "Feature", "properties": {"building": "yes", "name": "Shoucheng International Unit A Bld 1", "source": "osm"}, "geometry": {"type": "MultiPolygon", "coordinates": [[[[116.4623089, 39.8910646], [116.4623144, 39.890882], [116.462597, 39.8908871], [116.4625915, 39.8910696], [116.4623089, 39.8910646]]]]}}, {"type": "Feature", "properties": {"building": "yes", "name": "中化", "amenity": "fuel", "source": "osm"}, "geometry": {"type": "MultiPolygon", "coordinates": [[[[116.4500099, 39.8706173], [116.4502111, 39.8706127], [116.4502171, 39.8707678], [116.4500159, 39.8707724], [116.4500099, 39.8706173]]]]}}, {"type": "Feature", "properties": {"building": "retail", "name": "京东Mall", "source": "osm"}, "geometry": {"type": "MultiPolygon", "coordinates": [[[[116.4673731, 39.8923864], [116.4692828, 39.8923452], [116.4692748, 39.8930704], [116.4673731, 39.8931108], [116.4673731, 39.8923864]]]]}}, {"type": "Feature", "properties": {"building": "yes", "name": "Shoucheng International Unit A Bld 3", "source": "osm"}, "geometry": {"type": "MultiPolygon", "coordinates": [[[[116.461067, 39.8905708], [116.4613283, 39.8905672], [116.4613394, 39.8910385], [116.4610781, 39.8910421], [116.461067, 39.8905708]]]]}}, {"type": "Feature", "properties": {"building": "yes", "amenity": "parking", "source": "osm"}, "geometry": {"type": "MultiPolygon", "coordinates": [[[[116.4501207, 39.8742069], [116.4501248, 39.8735945], [116.4506129, 39.8735965], [116.4506088, 39.8742089], [116.4501207, 39.8742069]]]]}}, {"type": "Feature", "properties": {"building": "roof", "name": "潘淘荟精品专区", "source": "osm"}, "geometry": {"type": "MultiPolygon", "coordinates": [[[[116.4531305, 39.8740655], [116.4531331, 39.8737732], [116.4538788, 39.8737711], [116.4538761, 39.8741149], [116.4532109, 39.8741252], [116.4531305, 39.8740655]]]]}}, {"type": "Feature", "properties": {"building": "retail", "name": "乙排A座", "source": "osm"}, "geometry": {"type": "MultiPolygon", "coordinates": [[[[116.4514209, 39.8736267], [116.4515296, 39.8736267], [116.4515296, 39.87434], [116.4514209, 39.87434], [116.4514209, 39.8736267]]]]}}, {"type": "Feature", "properties": {"building": "retail", "name": "现代收藏品厅", "source": "osm"}, "geometry": {"type": "MultiPolygon", "coordinates": [[[[116.4515794, 39.8743497], [116.4515829, 39.8736355], [116.4519695, 39.8736366], [116.4519654, 39.874489], [116.4516393, 39.8744881], [116.4516399, 39.8743499], [116.4515794, 39.8743497]]]]}}, {"type": "Feature", "properties": {"building": "retail", "name": "乙排E座", "source": "osm"}, "geometry": {"type": "MultiPolygon", "coordinates": [[[[116.4511865, 39.8744946], [116.451194, 39.8735274], [116.4513717, 39.8735282], [116.4513643, 39.8744954], [116.4511865, 39.8744946]]]]}}, {"type": "Feature", "properties": {"building": "roof", "name": "大棚二区", "source": "osm"}, "geometry": {"type": "MultiPolygon", "coordinates": [[[[116.4523492, 39.8745018], [116.4523521, 39.8741581], [116.4530117, 39.8741601], [116.4530948, 39.8742177], [116.4530922, 39.8745079], [116.4523492, 39.8745018]]]]}}, {"type": "Feature", "properties": {"building": "roof", "name": "大棚二区", "source": "osm"}, "geometry": {"type": "MultiPolygon", "coordinates": [[[[116.4531217, 39.8745089], [116.4531243, 39.8742248], [116.4532021, 39.8741631], [116.45387, 39.8741548], [116.4538673, 39.8745006], [116.4531217, 39.8745089]]]]}}, {"type": "Feature", "properties": {"building": "roof", "name": "大棚三区", "source": "osm"}, "geometry": {"type": "MultiPolygon", "coordinates": [[[[116.4523521, 39.8741279], [116.4523548, 39.87378], [116.4530965, 39.8737826], [116.4530924, 39.8740682], [116.4530173, 39.8741299], [116.4523521, 39.8741279]]]]}}, {"type": "Feature", "properties": {"building": "yes", "source": "osm"}, "geometry": {"type": "MultiPolygon", "coordinates": [[[[116.4485765, 39.8744839], [116.4488755, 39.8744828], [116.4488767, 39.8746587], [116.4485776, 39.8746599], [116.4485765, 39.8744839]]]]}}, {"type": "Feature", "properties": {"building": "yes", "source": "osm"}, "geometry": {"type": "MultiPolygon", "coordinates": [[[[116.4448764, 39.8738556], [116.4455524, 39.8738577], [116.4455512, 39.8739909], [116.4448764, 39.8739869], [116.4448764, 39.8738556]]]]}}, {"type": "Feature", "properties": {"building": "yes", "source": "osm"}, "geometry": {"type": "MultiPolygon", "coordinates": [[[[116.4477157, 39.8733519], [116.4483862, 39.8733494], [116.448387, 39.8734843], [116.4477165, 39.8734867], [116.4477157, 39.8733519]]]]}}, {"type": "Feature", "properties": {"building": "retail", "name": "二层平台", "source": "osm"}, "geometry": {"type": "MultiPolygon", "coordinates": [[[[116.4501734, 39.8742658], [116.4509078, 39.8742627], [116.450909, 39.8744313], [116.4501746, 39.8744343], [116.4501734, 39.8742658]]]]}}, {"type": "Feature", "properties": {"building": "yes", "source": "osm"}, "geometry": {"type": "MultiPolygon", "coordinates": [[[[116.4501563, 39.8746604], [116.4501575, 39.8744597], [116.4504967, 39.8744608], [116.4504956, 39.8746616], [116.4501563, 39.8746604]]]]}}, {"type": "Feature", "properties": {"building": "yes", "source": "osm"}, "geometry": {"type": "MultiPolygon", "coordinates": [[[[116.4492759, 39.8731581], [116.4496306, 39.8731563], [116.4496326, 39.8733841], [116.4492779, 39.8733859], [116.4492759, 39.8731581]]]]}}, {"type": "Feature", "properties": {"building": "yes", "source": "osm"}, "geometry": {"type": "MultiPolygon", "coordinates": [[[[116.4469168, 39.87407], [116.4475949, 39.8740616], [116.4475971, 39.8741664], [116.446919, 39.8741748], [116.4469168, 39.87407]]]]}}, {"type": "Feature", "properties": {"building": "yes", "source": "osm"}, "geometry": {"type": "MultiPolygon", "coordinates": [[[[116.4518658, 39.8746597], [116.4518665, 39.874598], [116.4520837, 39.8745995], [116.452083, 39.8746612], [116.4518658, 39.8746597]]]]}}, {"type": "Feature", "properties": {"building": "yes", "source": "osm"}, "geometry": {"type": "MultiPolygon", "coordinates": [[[[116.4477092, 39.8742791], [116.4477108, 39.8741448], [116.4483947, 39.8741497], [116.4483931, 39.874284], [116.4477092, 39.8742791]]]]}}, {"type": "Feature", "properties": {"building": "yes", "source": "osm"}, "geometry": {"type": "MultiPolygon", "coordinates": [[[[116.4469093, 39.8736942], [116.4476112, 39.8736889], [116.4476127, 39.8738014], [116.4469107, 39.8738067], [116.4469093, 39.8736942]]]]}}, {"type": "Feature", "properties": {"building": "yes", "source": "osm"}, "geometry": {"type": "MultiPolygon", "coordinates": [[[[116.4494966, 39.8737817], [116.4495028, 39.8734039], [116.4496543, 39.8734054], [116.4496481, 39.8737831], [116.4494966, 39.8737817]]]]}}, {"type": "Feature", "properties": {"building": "yes", "source": "osm"}, "geometry": {"type": "MultiPolygon", "coordinates": [[[[116.4485781, 39.8739993], [116.4490266, 39.8739987], [116.4490269, 39.8741302], [116.4485784, 39.8741307], [116.4485781, 39.8739993]]]]}}, {"type": "Feature", "properties": {"building": "yes", "source": "osm"}, "geometry": {"type": "MultiPolygon", "coordinates": [[[[116.4490536, 39.8742741], [116.449368, 39.874274], [116.4493682, 39.8744534], [116.4490537, 39.8744535], [116.4490536, 39.8742741]]]]}}, {"type": "Feature", "properties": {"building": "yes", "source": "osm"}, "geometry": {"type": "MultiPolygon", "coordinates": [[[[116.4485821, 39.8737405], [116.4485828, 39.8736057], [116.4490428, 39.8736072], [116.4490421, 39.873742], [116.4485821, 39.8737405]]]]}}, {"type": "Feature", "properties": {"building": "yes", "source": "osm"}, "geometry": {"type": "MultiPolygon", "coordinates": [[[[116.4477235, 39.8730363], [116.4484074, 39.8730363], [116.4484074, 39.8731602], [116.4477235, 39.8731602], [116.4477235, 39.8730363]]]]}}, {"type": "Feature", "properties": {"building": "yes", "source": "osm"}, "geometry": {"type": "MultiPolygon", "coordinates": [[[[116.447734, 39.8738912], [116.4477357, 39.8737543], [116.4484128, 39.8737592], [116.4484111, 39.8738961], [116.447734, 39.8738912]]]]}}, {"type": "Feature", "properties": {"building": "residential", "name": "北京河南大厦", "source": "osm"}, "geometry": {"type": "MultiPolygon", "coordinates": [[[[116.4511406, 39.8718893], [116.4513406, 39.871693], [116.4519771, 39.8716974], [116.4519771, 39.8720988], [116.451256, 39.8721033], [116.4512483, 39.8719424], [116.4511406, 39.8718893]]]]}}, {"type": "Feature", "properties": {"building": "residential", "source": "osm"}, "geometry": {"type": "MultiPolygon", "coordinates": [[[[116.452281, 39.872169], [116.4524728, 39.872166], [116.452472, 39.8721334], [116.4525123, 39.8721328], [116.4525118, 39.8721131], [116.4526898, 39.8721104], [116.4526882, 39.8720498], [116.4526843, 39.8719234], [116.4527756, 39.8719217], [116.4527825, 39.8721483], [116.4530102, 39.8721442], [116.4530053, 39.8719841], [116.4532318, 39.87198], [116.453239, 39.8722143], [116.4527744, 39.8722197], [116.4527731, 39.872177], [116.4527032, 39.8721782], [116.452704, 39.8722049], [116.4525413, 39.8722078], [116.4525417, 39.8722201], [116.4522827, 39.8722254], [116.452281, 39.872169]]]]}}, {"type": "Feature", "properties": {"building": "residential", "source": "osm"}, "geometry": {"type": "MultiPolygon", "coordinates": [[[[116.4529512, 39.8712898], [116.4533384, 39.8712842], [116.4533469, 39.8716366], [116.4529598, 39.8716421], [116.4529512, 39.8712898]]]]}}, {"type": "Feature", "properties": {"building": "residential", "source": "osm"}, "geometry": {"type": "MultiPolygon", "coordinates": [[[[116.4534345, 39.8717689], [116.4538267, 39.8717623], [116.4538288, 39.8718366], [116.4538311, 39.8719204], [116.4538368, 39.87212], [116.4534447, 39.8721266], [116.4534345, 39.8717689]]]]}}, {"type": "Feature", "properties": {"building": "residential", "source": "osm"}, "geometry": {"type": "MultiPolygon", "coordinates": [[[[116.452275, 39.8712949], [116.4526529, 39.8712891], [116.452662, 39.8716448], [116.4522842, 39.8716505], [116.452275, 39.8712949]]]]}}, {"type": "Feature", "properties": {"building": "yes", "name": "恒源祥大厦", "source": "osm"}, "geometry": {"type": "MultiPolygon", "coordinates": [[[[116.4538477, 39.8732021], [116.4541583, 39.8731961], [116.4541577, 39.8734145], [116.4538577, 39.8734164], [116.4538477, 39.8732021]]]]}}, {"type": "Feature", "properties": {"building": "yes", "source": "osm"}, "geometry": {"type": "MultiPolygon", "coordinates": [[[[116.4364636, 39.882827], [116.4364698, 39.8827033], [116.4370465, 39.8827202], [116.4370403, 39.8828439], [116.4364636, 39.882827]]]]}}, {"type": "Feature", "properties": {"building": "yes", "source": "osm"}, "geometry": {"type": "MultiPolygon", "coordinates": [[[[116.4513519, 39.8694258], [116.4517256, 39.8694249], [116.4517254, 39.8693646], [116.452457, 39.8693627], [116.4524576, 39.8694994], [116.4517299, 39.8695012], [116.4517302, 39.869565], [116.4513525, 39.869566], [116.4513519, 39.8694258]]]]}}, {"type": "Feature", "properties": {"building": "yes", "source": "osm"}, "geometry": {"type": "MultiPolygon", "coordinates": [[[[116.4724536, 39.8985669], [116.4732107, 39.8985543], [116.4732075, 39.8984387], [116.4732792, 39.8984375], [116.47328, 39.8984654], [116.4734251, 39.898463], [116.4734342, 39.8987856], [116.4732687, 39.8987883], [116.4732665, 39.898709], [116.472458, 39.8987224], [116.4724536, 39.8985669]]]]}}, {"type": "Feature", "properties": {"building": "yes", "source": "osm"}, "geometry": {"type": "MultiPolygon", "coordinates": [[[[116.4419241, 39.8987587], [116.4419257, 39.8986851], [116.4422924, 39.8986898], [116.4422909, 39.8987555], [116.4422683, 39.8987552], [116.4422673, 39.8987977], [116.4421349, 39.898796], [116.4421358, 39.8987538], [116.4420831, 39.8987531], [116.4420821, 39.8987996], [116.4419402, 39.8987978], [116.4419411, 39.8987589], [116.4419241, 39.8987587]]]]}}, {"type": "Feature", "properties": {"building": "yes", "source": "osm"}, "geometry": {"type": "MultiPolygon", "coordinates": [[[[116.4423324, 39.898724], [116.442334, 39.8986504], [116.4427006, 39.8986551], [116.4426992, 39.8987208], [116.4426765, 39.8987205], [116.4426756, 39.898763], [116.4425432, 39.8987613], [116.4425441, 39.8987191], [116.4424913, 39.8987184], [116.4424903, 39.8987649], [116.4423485, 39.8987631], [116.4423493, 39.8987242], [116.4423324, 39.898724]]]]}}, {"type": "Feature", "properties": {"building": "yes", "source": "osm"}, "geometry": {"type": "MultiPolygon", "coordinates": [[[[116.4400333, 39.89808], [116.4400498, 39.8980799], [116.4400492, 39.8980109], [116.4401696, 39.8980103], [116.4401693, 39.8979652], [116.4401354, 39.8979654], [116.4401344, 39.8978397], [116.4403871, 39.8978385], [116.4403877, 39.8979222], [116.4404694, 39.8979218], [116.4404711, 39.8981418], [116.4400338, 39.8981438], [116.4400333, 39.89808]]]]}}, {"type": "Feature", "properties": {"building": "yes", "source": "osm"}, "geometry": {"type": "MultiPolygon", "coordinates": [[[[116.443608, 39.8981922], [116.4436082, 39.8980972], [116.4438123, 39.8980974], [116.4438117, 39.8984023], [116.4438115, 39.8985069], [116.4437783, 39.8985068], [116.4437783, 39.8985238], [116.4436665, 39.8985236], [116.4436666, 39.8984866], [116.4436263, 39.8984866], [116.4436264, 39.8984196], [116.4436508, 39.8984196], [116.4436509, 39.8983541], [116.4436231, 39.8983541], [116.4436233, 39.89825], [116.4436734, 39.8982501], [116.4436735, 39.8981923], [116.443608, 39.8981922]]]]}}, {"type": "Feature", "properties": {"building": "yes", "source": "osm"}, "geometry": {"type": "MultiPolygon", "coordinates": [[[[116.4419321, 39.8981382], [116.4419558, 39.898138], [116.4419552, 39.8980952], [116.4421763, 39.8980933], [116.4421778, 39.8981971], [116.4421234, 39.8981976], [116.4421241, 39.8982473], [116.4420925, 39.8982476], [116.4420933, 39.8983016], [116.4421363, 39.8983012], [116.4421375, 39.898387], [116.4420871, 39.8983874], [116.4420875, 39.8984172], [116.4421288, 39.8984169], [116.4421299, 39.8984949], [116.4420891, 39.8984953], [116.4420893, 39.8985095], [116.4419374, 39.8985107], [116.4419321, 39.8981382]]]]}}, {"type": "Feature", "properties": {"building": "yes", "source": "osm"}, "geometry": {"type": "MultiPolygon", "coordinates": [[[[116.4448815, 39.8985108], [116.4449879, 39.8984211], [116.4450736, 39.8984809], [116.4451412, 39.8984238], [116.4452615, 39.8985077], [116.4451865, 39.898571], [116.4452302, 39.8986014], [116.4452154, 39.8986139], [116.44527, 39.898652], [116.44524, 39.8986773], [116.4452507, 39.8986848], [116.4452145, 39.8987153], [116.4451756, 39.8986881], [116.4451449, 39.898714], [116.4450637, 39.8986573], [116.4449919, 39.8987179], [116.4449656, 39.8986995], [116.4449424, 39.8987191], [116.444916, 39.8987007], [116.4449307, 39.8986883], [116.4448895, 39.8986595], [116.4449373, 39.8986193], [116.4449163, 39.8986046], [116.4449614, 39.8985666], [116.4448815, 39.8985108]]]]}}, {"type": "Feature", "properties": {"building": "yes", "source": "osm"}, "geometry": {"type": "MultiPolygon", "coordinates": [[[[116.4420058, 39.8977391], [116.4420481, 39.8977389], [116.4420484, 39.8977705], [116.4421087, 39.8977701], [116.4421085, 39.8977461], [116.4422009, 39.8977455], [116.4422011, 39.8977705], [116.4422544, 39.8977702], [116.4422541, 39.897738], [116.442366, 39.8977372], [116.4423663, 39.8977692], [116.4424294, 39.8977688], [116.4424291, 39.8977426], [116.442485, 39.8977422], [116.4424853, 39.8977665], [116.4425804, 39.8977659], [116.4425801, 39.8977406], [116.4426555, 39.8977401], [116.4426559, 39.8977692], [116.4427233, 39.8977688], [116.4427231, 39.8977466], [116.4427688, 39.8977463], [116.44277, 39.8978585], [116.4420072, 39.8978633], [116.4420058, 39.8977391]]]]}}, {"type": "Feature", "properties": {"building": "yes", "source": "osm"}, "geometry": {"type": "MultiPolygon", "coordinates": [[[[116.4464008, 39.8983954], [116.4465071, 39.8983056], [116.4465928, 39.8983654], [116.4466605, 39.8983083], [116.4467807, 39.8983922], [116.4467057, 39.8984555], [116.4467494, 39.898486], [116.4467346, 39.8984984], [116.4467892, 39.8985365], [116.4467592, 39.8985618], [116.4467699, 39.8985693], [116.4467337, 39.8985999], [116.4466948, 39.8985727], [116.4466642, 39.8985985], [116.4465829, 39.8985419], [116.4465111, 39.8986024], [116.4464848, 39.898584], [116.4464616, 39.8986036], [116.4464352, 39.8985852], [116.44645, 39.8985728], [116.4464088, 39.8985441], [116.4464565, 39.8985038], [116.4464355, 39.8984892], [116.4464806, 39.8984511], [116.4464008, 39.8983954]]]]}}, {"type": "Feature", "properties": {"building": "yes", "source": "osm"}, "geometry": {"type": "MultiPolygon", "coordinates": [[[[116.4456371, 39.8984031], [116.4457435, 39.8983134], [116.4458292, 39.8983731], [116.4458968, 39.898316], [116.4460171, 39.8983999], [116.4459421, 39.8984632], [116.4459857, 39.8984937], [116.445971, 39.8985061], [116.4460256, 39.8985442], [116.4459956, 39.8985696], [116.4460063, 39.898577], [116.4459701, 39.8986076], [116.4459312, 39.8985804], [116.4459005, 39.8986063], [116.4458193, 39.8985496], [116.4457475, 39.8986101], [116.4457212, 39.8985917], [116.445698, 39.8986113], [116.4456716, 39.898593], [116.4456863, 39.8985805], [116.4456451, 39.8985518], [116.4456929, 39.8985115], [116.4456719, 39.8984969], [116.445717, 39.8984588], [116.4456371, 39.8984031]]]]}}, {"type": "Feature", "properties": {"building": "yes", "source": "osm"}, "geometry": {"type": "MultiPolygon", "coordinates": [[[[116.442886, 39.897736], [116.4429471, 39.8977355], [116.4429474, 39.8977523], [116.443002, 39.8977519], [116.4430017, 39.8977317], [116.4430884, 39.897731], [116.4430886, 39.8977504], [116.4431445, 39.89775], [116.4431442, 39.8977322], [116.4432283, 39.8977315], [116.4432287, 39.8977634], [116.4432972, 39.8977629], [116.4432968, 39.8977366], [116.4433897, 39.8977358], [116.4433901, 39.8977606], [116.4434755, 39.8977599], [116.4434751, 39.8977327], [116.4435511, 39.897732], [116.4435515, 39.8977587], [116.4436325, 39.897758], [116.4436321, 39.8977351], [116.4437038, 39.8977345], [116.4437041, 39.8977529], [116.4437819, 39.8977522], [116.4437816, 39.8977311], [116.4438198, 39.8977308], [116.4438217, 39.8978598], [116.442888, 39.8978678], [116.442886, 39.897736]]]]}}, {"type": "Feature", "properties": {"building": "yes", "source": "osm"}, "geometry": {"type": "MultiPolygon", "coordinates": [[[[116.4391636, 39.8974734], [116.4392912, 39.8974696], [116.4392902, 39.897451], [116.43923, 39.8974527], [116.4392221, 39.8972942], [116.4394908, 39.8972864], [116.4394987, 39.8974453], [116.4394284, 39.8974473], [116.43943, 39.8974787], [116.4396884, 39.8974712], [116.4396868, 39.8974395], [116.4396452, 39.8974407], [116.4396381, 39.8972977], [116.4399081, 39.8972898], [116.4399147, 39.8974208], [116.4398479, 39.8974228], [116.4398505, 39.8974754], [116.4399761, 39.8974718], [116.4399805, 39.8975611], [116.4398366, 39.8975653], [116.4398034, 39.8975663], [116.4398008, 39.8975124], [116.4397062, 39.8975151], [116.439708, 39.8975511], [116.4394188, 39.8975596], [116.4394166, 39.8975159], [116.4393379, 39.8975182], [116.4393411, 39.8975816], [116.4391692, 39.8975866], [116.4391636, 39.8974734]]]]}}, {"type": "Feature", "properties": {"building": "yes", "source": "osm"}, "geometry": {"type": "MultiPolygon", "coordinates": [[[[116.4422048, 39.8981349], [116.4422254, 39.8981347], [116.4422247, 39.8980882], [116.4423742, 39.898087], [116.4423748, 39.8981338], [116.44242, 39.8981334], [116.4424194, 39.8980899], [116.4425683, 39.8980887], [116.4425689, 39.898136], [116.4426195, 39.8981356], [116.4426188, 39.8980902], [116.4427737, 39.8980889], [116.4427741, 39.8981152], [116.4427893, 39.898115], [116.4427906, 39.8982036], [116.4427728, 39.8982038], [116.4427732, 39.8982278], [116.4426093, 39.8982292], [116.4426089, 39.8982009], [116.4425718, 39.8982012], [116.4425722, 39.8982304], [116.4424347, 39.8982315], [116.4424343, 39.8982022], [116.442369, 39.8982028], [116.4423693, 39.898227], [116.4422227, 39.8982282], [116.4422224, 39.8982036], [116.4422058, 39.8982038], [116.4422048, 39.8981349]]]]}}, {"type": "Feature", "properties": {"building": "yes", "source": "osm"}, "geometry": {"type": "MultiPolygon", "coordinates": [[[[116.4428873, 39.8981221], [116.4429171, 39.8981217], [116.4429164, 39.8980954], [116.4430377, 39.8980935], [116.4430382, 39.8981098], [116.443089, 39.898109], [116.4430887, 39.8980969], [116.4432198, 39.8980949], [116.4432203, 39.8981126], [116.4432648, 39.8981119], [116.4432645, 39.8981013], [116.4434076, 39.8980991], [116.4434079, 39.8981112], [116.4434576, 39.8981104], [116.4434573, 39.8980995], [116.4435561, 39.898098], [116.4435596, 39.8982349], [116.4434589, 39.8982364], [116.4434585, 39.8982201], [116.4433856, 39.8982212], [116.443386, 39.8982372], [116.4432837, 39.8982388], [116.4432832, 39.8982201], [116.4432091, 39.8982212], [116.4432096, 39.8982383], [116.4431205, 39.8982396], [116.4431199, 39.8982166], [116.4430314, 39.898218], [116.4430318, 39.8982339], [116.442924, 39.8982355], [116.4429234, 39.8982121], [116.4428896, 39.8982127], [116.4428873, 39.8981221]]]]}}, {"type": "Feature", "properties": {"building": "yes", "source": "osm"}, "geometry": {"type": "MultiPolygon", "coordinates": [[[[116.4377023, 39.898878], [116.43783, 39.8988775], [116.4378298, 39.8988512], [116.4378068, 39.8988513], [116.4378065, 39.8988156], [116.4377888, 39.8988156], [116.437788, 39.8987021], [116.4378756, 39.8987017], [116.4378759, 39.8987386], [116.437902, 39.8987384], [116.4379022, 39.8987752], [116.4379286, 39.8987751], [116.4379283, 39.8987313], [116.4379419, 39.8987313], [116.4379415, 39.8986833], [116.4380642, 39.8986828], [116.4380654, 39.8988531], [116.4380307, 39.8988532], [116.438031, 39.8988883], [116.4382658, 39.8988874], [116.4382656, 39.8988536], [116.4382192, 39.8988538], [116.4382181, 39.8986934], [116.4383076, 39.898693], [116.438308, 39.898744], [116.4383878, 39.8987436], [116.4383873, 39.8986775], [116.4384978, 39.8986771], [116.4384983, 39.8987464], [116.4385731, 39.8987461], [116.438575, 39.899007], [116.438416, 39.8990076], [116.4384156, 39.8989388], [116.4383498, 39.8989391], [116.43835, 39.8989728], [116.4379581, 39.8989744], [116.4379579, 39.898944], [116.4378655, 39.8989444], [116.4378659, 39.8989965], [116.4377234, 39.8989971], [116.4377229, 39.898923], [116.4377026, 39.8989231], [116.4377023, 39.898878]]]]}}, {"type": "Feature", "properties": {"building": "yes", "source": "osm"}, "geometry": {"type": "MultiPolygon", "coordinates": [[[[116.4696795, 39.8988849], [116.4702195, 39.8988699], [116.4702272, 39.8990327], [116.4696872, 39.8990477], [116.4696795, 39.8988849]]]]}}, {"type": "Feature", "properties": {"building": "yes", "source": "osm"}, "geometry": {"type": "MultiPolygon", "coordinates": [[[[116.4703285, 39.899354], [116.4709013, 39.8993308], [116.4709152, 39.8995341], [116.4703425, 39.8995573], [116.4703285, 39.899354]]]]}}, {"type": "Feature", "properties": {"building": "yes", "source": "osm"}, "geometry": {"type": "MultiPolygon", "coordinates": [[[[116.4419202, 39.8989983], [116.4423237, 39.8989888], [116.4423502, 39.8993173], [116.4419432, 39.8993241], [116.4419202, 39.8989983]]]]}}, {"type": "Feature", "properties": {"building": "yes", "source": "osm"}, "geometry": {"type": "MultiPolygon", "coordinates": [[[[116.4703931, 39.8979526], [116.4710813, 39.8979371], [116.4710955, 39.8983087], [116.4704072, 39.8983242], [116.4703931, 39.8979526]]]]}}, {"type": "Feature", "properties": {"building": "yes", "source": "osm"}, "geometry": {"type": "MultiPolygon", "coordinates": [[[[116.4449201, 39.8971996], [116.4459681, 39.897186], [116.4459741, 39.897459], [116.4449262, 39.8974726], [116.4449201, 39.8971996]]]]}}, {"type": "Feature", "properties": {"building": "yes", "source": "osm"}, "geometry": {"type": "MultiPolygon", "coordinates": [[[[116.4606285, 39.8999015], [116.4610374, 39.8998155], [116.4610701, 39.8999069], [116.4606612, 39.8999929], [116.4606285, 39.8999015]]]]}}, {"type": "Feature", "properties": {"building": "yes", "source": "osm"}, "geometry": {"type": "MultiPolygon", "coordinates": [[[[116.471152, 39.8996967], [116.471242, 39.8996939], [116.4712686, 39.9002165], [116.4711786, 39.9002192], [116.471152, 39.8996967]]]]}}, {"type": "Feature", "properties": {"building": "yes", "source": "osm"}, "geometry": {"type": "MultiPolygon", "coordinates": [[[[116.4518478, 39.89818], [116.4520234, 39.8981779], [116.4520323, 39.8986044], [116.4518567, 39.8986065], [116.4518478, 39.89818]]]]}}, {"type": "Feature", "properties": {"building": "yes", "source": "osm"}, "geometry": {"type": "MultiPolygon", "coordinates": [[[[116.4567389, 39.8995611], [116.4577069, 39.8995522], [116.4577088, 39.8996724], [116.4567407, 39.8996812], [116.4567389, 39.8995611]]]]}}, {"type": "Feature", "properties": {"building": "yes", "source": "osm"}, "geometry": {"type": "MultiPolygon", "coordinates": [[[[116.4703697, 39.899614], [116.471053, 39.8995947], [116.4710735, 39.9000217], [116.4703902, 39.900041], [116.4703697, 39.899614]]]]}}, {"type": "Feature", "properties": {"building": "yes", "source": "osm"}, "geometry": {"type": "MultiPolygon", "coordinates": [[[[116.4690426, 39.8983932], [116.469552, 39.8984088], [116.4695529, 39.8985415], [116.4690435, 39.8985301], [116.4690426, 39.8983932]]]]}}, {"type": "Feature", "properties": {"building": "yes", "name": "北京啤酒厂", "source": "osm"}, "geometry": {"type": "MultiPolygon", "coordinates": [[[[116.4670034, 39.8972369], [116.467556, 39.8972271], [116.4676029, 39.898793], [116.4670504, 39.8988027], [116.4670034, 39.8972369]]]]}}, {"type": "Feature", "properties": {"building": "yes", "source": "osm"}, "geometry": {"type": "MultiPolygon", "coordinates": [[[[116.4459531, 39.8978538], [116.4467921, 39.8978403], [116.446796, 39.8979823], [116.445957, 39.8979958], [116.4459531, 39.8978538]]]]}}, {"type": "Feature", "properties": {"building": "yes", "source": "osm"}, "geometry": {"type": "MultiPolygon", "coordinates": [[[[116.4701268, 39.8987229], [116.4702259, 39.8987204], [116.4702309, 39.8988341], [116.4701318, 39.8988366], [116.4701268, 39.8987229]]]]}}, {"type": "Feature", "properties": {"building": "yes", "source": "osm"}, "geometry": {"type": "MultiPolygon", "coordinates": [[[[116.4541134, 39.8989404], [116.4546392, 39.8989336], [116.4546421, 39.8990658], [116.4541163, 39.8990726], [116.4541134, 39.8989404]]]]}}, {"type": "Feature", "properties": {"building": "yes", "source": "osm"}, "geometry": {"type": "MultiPolygon", "coordinates": [[[[116.4398019, 39.8994047], [116.4398068, 39.899269], [116.4406181, 39.8992863], [116.4406132, 39.8994221], [116.4398019, 39.8994047]]]]}}, {"type": "Feature", "properties": {"building": "yes", "source": "osm"}, "geometry": {"type": "MultiPolygon", "coordinates": [[[[116.4574172, 39.8998307], [116.4583392, 39.8998163], [116.4583406, 39.8998674], [116.4574186, 39.8998818], [116.4574172, 39.8998307]]]]}}, {"type": "Feature", "properties": {"building": "yes", "source": "osm"}, "geometry": {"type": "MultiPolygon", "coordinates": [[[[116.4407863, 39.8984383], [116.4407905, 39.8983262], [116.4415294, 39.8983425], [116.4415252, 39.8984547], [116.4407863, 39.8984383]]]]}}, {"type": "Feature", "properties": {"building": "yes", "source": "osm"}, "geometry": {"type": "MultiPolygon", "coordinates": [[[[116.4562825, 39.8995637], [116.4566359, 39.8995569], [116.4566377, 39.8996117], [116.4562842, 39.8996185], [116.4562825, 39.8995637]]]]}}, {"type": "Feature", "properties": {"building": "yes", "source": "osm"}, "geometry": {"type": "MultiPolygon", "coordinates": [[[[116.4687765, 39.8994032], [116.4694959, 39.8993991], [116.469497, 39.8995138], [116.4687776, 39.8995179], [116.4687765, 39.8994032]]]]}}, {"type": "Feature", "properties": {"building": "yes", "source": "osm"}, "geometry": {"type": "MultiPolygon", "coordinates": [[[[116.469645, 39.8982359], [116.4702805, 39.8982282], [116.4702558, 39.8986484], [116.4696632, 39.8986643], [116.469645, 39.8982359]]]]}}, {"type": "Feature", "properties": {"building": "yes", "source": "osm"}, "geometry": {"type": "MultiPolygon", "coordinates": [[[[116.4613672, 39.8984538], [116.4618369, 39.8984422], [116.4618489, 39.8987304], [116.4613792, 39.898742], [116.4613672, 39.8984538]]]]}}, {"type": "Feature", "properties": {"building": "yes", "source": "osm"}, "geometry": {"type": "MultiPolygon", "coordinates": [[[[116.4414856, 39.8996208], [116.4414906, 39.8994827], [116.4416201, 39.8994855], [116.4416151, 39.8996235], [116.4414856, 39.8996208]]]]}}, {"type": "Feature", "properties": {"building": "yes", "source": "osm"}, "geometry": {"type": "MultiPolygon", "coordinates": [[[[116.4688243, 39.8974836], [116.4701155, 39.8974682], [116.4701221, 39.8977936], [116.4688309, 39.897809], [116.4688243, 39.8974836]]]]}}, {"type": "Feature", "properties": {"building": "yes", "source": "osm"}, "geometry": {"type": "MultiPolygon", "coordinates": [[[[116.4541531, 39.8992902], [116.4546824, 39.8992793], [116.4546865, 39.8993942], [116.4541572, 39.8994051], [116.4541531, 39.8992902]]]]}}, {"type": "Feature", "properties": {"building": "yes", "source": "osm"}, "geometry": {"type": "MultiPolygon", "coordinates": [[[[116.4492082, 39.8981081], [116.4494181, 39.8981047], [116.4495487, 39.8981026], [116.4495594, 39.8984937], [116.4492188, 39.8984992], [116.4492082, 39.8981081]]]]}}, {"type": "Feature", "properties": {"building": "yes", "source": "osm"}, "geometry": {"type": "MultiPolygon", "coordinates": [[[[116.4704048, 39.900112], [116.4708, 39.9001086], [116.4708012, 39.9001879], [116.470406, 39.9001913], [116.4704048, 39.900112]]]]}}, {"type": "Feature", "properties": {"building": "yes", "source": "osm"}, "geometry": {"type": "MultiPolygon", "coordinates": [[[[116.4398192, 39.8992151], [116.4398285, 39.8988622], [116.4399974, 39.8988648], [116.4399881, 39.8992177], [116.4398192, 39.8992151]]]]}}, {"type": "Feature", "properties": {"building": "yes", "source": "osm"}, "geometry": {"type": "MultiPolygon", "coordinates": [[[[116.443523, 39.8949997], [116.4438893, 39.8949928], [116.4439094, 39.8956211], [116.4435431, 39.895628], [116.443523, 39.8949997]]]]}}, {"type": "Feature", "properties": {"building": "yes", "source": "osm"}, "geometry": {"type": "MultiPolygon", "coordinates": [[[[116.4493971, 39.8985118], [116.4496684, 39.8985099], [116.4496693, 39.8985892], [116.449398, 39.8985911], [116.4493971, 39.8985118]]]]}}, {"type": "Feature", "properties": {"building": "yes", "source": "osm"}, "geometry": {"type": "MultiPolygon", "coordinates": [[[[116.4562119, 39.8997214], [116.4565902, 39.899716], [116.4565949, 39.899907], [116.4562166, 39.8999125], [116.4562119, 39.8997214]]]]}}, {"type": "Feature", "properties": {"building": "yes", "source": "osm"}, "geometry": {"type": "MultiPolygon", "coordinates": [[[[116.4709577, 39.8993448], [116.4712359, 39.8993325], [116.4712501, 39.8995219], [116.4709719, 39.8995342], [116.4709577, 39.8993448]]]]}}, {"type": "Feature", "properties": {"building": "yes", "source": "osm"}, "geometry": {"type": "MultiPolygon", "coordinates": [[[[116.440765, 39.8988144], [116.4407692, 39.8987023], [116.4415081, 39.8987186], [116.4415039, 39.8988308], [116.440765, 39.8988144]]]]}}, {"type": "Feature", "properties": {"building": "yes", "source": "osm"}, "geometry": {"type": "MultiPolygon", "coordinates": [[[[116.4407323, 39.8991865], [116.4407365, 39.8990743], [116.4414754, 39.8990907], [116.4414712, 39.8992029], [116.4407323, 39.8991865]]]]}}, {"type": "Feature", "properties": {"building": "yes", "source": "osm"}, "geometry": {"type": "MultiPolygon", "coordinates": [[[[116.45647, 39.8992072], [116.4567719, 39.8989456], [116.4570348, 39.8989527], [116.4570277, 39.8992116], [116.45647, 39.8992072]]]]}}, {"type": "Feature", "properties": {"building": "yes", "source": "osm"}, "geometry": {"type": "MultiPolygon", "coordinates": [[[[116.459628, 39.9000068], [116.4602578, 39.8998908], [116.4602842, 39.8999751], [116.4596543, 39.9000911], [116.459628, 39.9000068]]]]}}, {"type": "Feature", "properties": {"building": "yes", "source": "osm"}, "geometry": {"type": "MultiPolygon", "coordinates": [[[[116.4566645, 39.8998411], [116.4573921, 39.8998299], [116.4573935, 39.8998791], [116.4566658, 39.8998903], [116.4566645, 39.8998411]]]]}}, {"type": "Feature", "properties": {"building": "yes", "source": "osm"}, "geometry": {"type": "MultiPolygon", "coordinates": [[[[116.4427323, 39.8989418], [116.44309, 39.898935], [116.4431001, 39.8992491], [116.4427424, 39.8992559], [116.4427323, 39.8989418]]]]}}, {"type": "Feature", "properties": {"building": "yes", "source": "osm"}, "geometry": {"type": "MultiPolygon", "coordinates": [[[[116.469573, 39.8994728], [116.470211, 39.8994583], [116.4702182, 39.8996459], [116.4695802, 39.8996604], [116.469573, 39.8994728]]]]}}, {"type": "Feature", "properties": {"building": "yes", "source": "osm"}, "geometry": {"type": "MultiPolygon", "coordinates": [[[[116.4696934, 39.8987274], [116.470109, 39.8987233], [116.4701103, 39.8987972], [116.4696946, 39.8988013], [116.4696934, 39.8987274]]]]}}, {"type": "Feature", "properties": {"building": "yes", "source": "osm"}, "geometry": {"type": "MultiPolygon", "coordinates": [[[[116.454825, 39.8988668], [116.454979, 39.8988636], [116.4550004, 39.8994728], [116.4548463, 39.8994759], [116.454825, 39.8988668]]]]}}, {"type": "Feature", "properties": {"building": "yes", "source": "osm"}, "geometry": {"type": "MultiPolygon", "coordinates": [[[[116.4680127, 39.8985519], [116.468721, 39.8985403], [116.4687291, 39.8988325], [116.4680208, 39.8988441], [116.4680127, 39.8985519]]]]}}, {"type": "Feature", "properties": {"building": "yes", "source": "osm"}, "geometry": {"type": "MultiPolygon", "coordinates": [[[[116.4697909, 39.8963764], [116.4710414, 39.8963381], [116.4710417, 39.8970472], [116.4698074, 39.8970774], [116.4697909, 39.8963764]]]]}}, {"type": "Feature", "properties": {"building": "yes", "source": "osm"}, "geometry": {"type": "MultiPolygon", "coordinates": [[[[116.4711454, 39.8995403], [116.4712769, 39.8995355], [116.4712851, 39.8996669], [116.4711535, 39.8996717], [116.4711454, 39.8995403]]]]}}, {"type": "Feature", "properties": {"building": "yes", "source": "osm"}, "geometry": {"type": "MultiPolygon", "coordinates": [[[[116.4434569, 39.8987856], [116.4438112, 39.8987824], [116.4438156, 39.8990715], [116.4434613, 39.8990747], [116.4434569, 39.8987856]]]]}}, {"type": "Feature", "properties": {"building": "yes", "source": "osm"}, "geometry": {"type": "MultiPolygon", "coordinates": [[[[116.4400204, 39.8991099], [116.4400231, 39.8990119], [116.4406109, 39.8990215], [116.4406082, 39.8991195], [116.4400204, 39.8991099]]]]}}, {"type": "Feature", "properties": {"building": "yes", "source": "osm"}, "geometry": {"type": "MultiPolygon", "coordinates": [[[[116.4599607, 39.8995553], [116.4602395, 39.8995539], [116.4602405, 39.8996645], [116.4599616, 39.8996659], [116.4599607, 39.8995553]]]]}}, {"type": "Feature", "properties": {"building": "yes", "source": "osm"}, "geometry": {"type": "MultiPolygon", "coordinates": [[[[116.4561574, 39.8989949], [116.4564593, 39.8987333], [116.4567719, 39.8989456], [116.45647, 39.8992072], [116.4561574, 39.8989949]]]]}}, {"type": "Feature", "properties": {"building": "yes", "source": "osm"}, "geometry": {"type": "MultiPolygon", "coordinates": [[[[116.4398514, 39.8987966], [116.4398564, 39.8986987], [116.4406344, 39.8987219], [116.4406294, 39.8988198], [116.4398514, 39.8987966]]]]}}, {"type": "Feature", "properties": {"building": "yes", "source": "osm"}, "geometry": {"type": "MultiPolygon", "coordinates": [[[[116.4697001, 39.8980439], [116.4701585, 39.8980382], [116.4701609, 39.8981472], [116.4697024, 39.898153], [116.4697001, 39.8980439]]]]}}, {"type": "Feature", "properties": {"building": "yes", "source": "osm"}, "geometry": {"type": "MultiPolygon", "coordinates": [[[[116.4562777, 39.8996545], [116.4566392, 39.8996497], [116.4566404, 39.8997023], [116.4562789, 39.8997071], [116.4562777, 39.8996545]]]]}}, {"type": "Feature", "properties": {"building": "yes", "source": "osm"}, "geometry": {"type": "MultiPolygon", "coordinates": [[[[116.4543401, 39.8996354], [116.4550453, 39.8996285], [116.4550473, 39.8997509], [116.4543421, 39.8997577], [116.4543401, 39.8996354]]]]}}, {"type": "Feature", "properties": {"building": "yes", "source": "osm"}, "geometry": {"type": "MultiPolygon", "coordinates": [[[[116.4448783, 39.8978624], [116.4457574, 39.8978537], [116.4457598, 39.8979948], [116.4448806, 39.8980035], [116.4448783, 39.8978624]]]]}}, {"type": "Feature", "properties": {"building": "yes", "source": "osm"}, "geometry": {"type": "MultiPolygon", "coordinates": [[[[116.470497, 39.8989198], [116.4711027, 39.8989178], [116.4711034, 39.899045], [116.4704977, 39.8990471], [116.470497, 39.8989198]]]]}}, {"type": "Feature", "properties": {"building": "yes", "source": "osm"}, "geometry": {"type": "MultiPolygon", "coordinates": [[[[116.4703919, 39.9002054], [116.4708076, 39.9001996], [116.4708103, 39.9003146], [116.4703946, 39.9003204], [116.4703919, 39.9002054]]]]}}, {"type": "Feature", "properties": {"building": "yes", "source": "osm"}, "geometry": {"type": "MultiPolygon", "coordinates": [[[[116.440754, 39.8981032], [116.4407646, 39.8977816], [116.4414471, 39.897795], [116.4414365, 39.8981166], [116.440754, 39.8981032]]]]}}, {"type": "Feature", "properties": {"building": "yes", "source": "osm"}, "geometry": {"type": "MultiPolygon", "coordinates": [[[[116.4407342, 39.8995481], [116.4407392, 39.8994258], [116.4414602, 39.8994431], [116.4414552, 39.8995655], [116.4407342, 39.8995481]]]]}}, {"type": "Feature", "properties": {"building": "yes", "source": "osm"}, "geometry": {"type": "MultiPolygon", "coordinates": [[[[116.4415234, 39.8989616], [116.4415341, 39.8987082], [116.4416103, 39.89871], [116.4416658, 39.898753], [116.4416569, 39.8989649], [116.4415234, 39.8989616]]]]}}, {"type": "Feature", "properties": {"building": "yes", "source": "osm"}, "geometry": {"type": "MultiPolygon", "coordinates": [[[[116.4415447, 39.8985855], [116.4415554, 39.8983321], [116.4416317, 39.8983339], [116.4416872, 39.8983769], [116.4416782, 39.8985888], [116.4415447, 39.8985855]]]]}}, {"type": "Feature", "properties": {"building": "yes", "source": "osm"}, "geometry": {"type": "MultiPolygon", "coordinates": [[[[116.4414907, 39.8993337], [116.4415014, 39.8990802], [116.4415777, 39.8990821], [116.4416332, 39.8991251], [116.4416242, 39.899337], [116.4414907, 39.8993337]]]]}}, {"type": "Feature", "properties": {"building": "yes", "source": "osm"}, "geometry": {"type": "MultiPolygon", "coordinates": [[[[116.4695671, 39.9001844], [116.469578, 39.8999043], [116.4696813, 39.8999067], [116.4696876, 39.8997444], [116.470036, 39.8997524], [116.4700188, 39.9001948], [116.4695671, 39.9001844]]]]}}, {"type": "Feature", "properties": {"building": "yes", "source": "osm"}, "geometry": {"type": "MultiPolygon", "coordinates": [[[[116.4561236, 39.898582], [116.4563066, 39.8985766], [116.4563101, 39.8986542], [116.4564487, 39.8986488], [116.4564593, 39.8987333], [116.4561574, 39.8989949], [116.4561236, 39.898582]]]]}}, {"type": "Feature", "properties": {"building": "yes", "source": "osm"}, "geometry": {"type": "MultiPolygon", "coordinates": [[[[116.4619776, 39.8985945], [116.4626407, 39.8985945], [116.4632486, 39.8984769], [116.4633014, 39.8986446], [116.4626483, 39.8987505], [116.4619876, 39.898764], [116.4619776, 39.8985945]]]]}}, {"type": "Feature", "properties": {"building": "yes", "source": "osm"}, "geometry": {"type": "MultiPolygon", "coordinates": [[[[116.4691194, 39.898733], [116.469572, 39.8987185], [116.4695803, 39.8988705], [116.4695014, 39.8988731], [116.4695101, 39.8990331], [116.4691364, 39.8990451], [116.4691194, 39.898733]]]]}}, {"type": "Feature", "properties": {"building": "yes", "source": "osm"}, "geometry": {"type": "MultiPolygon", "coordinates": [[[[116.470819, 39.9001075], [116.4711564, 39.9001082], [116.4711706, 39.9002656], [116.4712728, 39.9002621], [116.471271, 39.9003746], [116.4708243, 39.9003575], [116.470819, 39.9001075]]]]}}, {"type": "Feature", "properties": {"building": "yes", "source": "osm"}, "geometry": {"type": "MultiPolygon", "coordinates": [[[[116.4735515, 39.8988131], [116.4735537, 39.8986457], [116.4739884, 39.898649], [116.4740826, 39.8985905], [116.4740905, 39.8979826], [116.4743005, 39.8979842], [116.4742897, 39.8988188], [116.4735515, 39.8988131]]]]}}, {"type": "Feature", "properties": {"building": "yes", "source": "osm"}, "geometry": {"type": "MultiPolygon", "coordinates": [[[[116.4703441, 39.8988416], [116.4703583, 39.898681], [116.4703498, 39.8985574], [116.4703532, 39.8983835], [116.4707207, 39.8983787], [116.4707159, 39.8984529], [116.4710212, 39.8984467], [116.4710123, 39.8988418], [116.4703441, 39.8988416]]]]}}, {"type": "Feature", "properties": {"building": "yes", "source": "osm"}, "geometry": {"type": "MultiPolygon", "coordinates": [[[[116.4426214, 39.8985231], [116.442623, 39.8983597], [116.4426629, 39.8983599], [116.4426631, 39.8983394], [116.4427558, 39.89834], [116.4427541, 39.8985112], [116.4427182, 39.898511], [116.442718, 39.8985236], [116.4426214, 39.8985231]]]]}}, {"type": "Feature", "properties": {"building": "university", "name": "科学楼", "source": "osm"}, "geometry": {"type": "MultiPolygon", "coordinates": [[[[116.4730571, 39.8715614], [116.4734074, 39.8715605], [116.4741225, 39.8715585], [116.474124, 39.8718862], [116.473914, 39.8718867], [116.4739158, 39.8722615], [116.4732588, 39.8722633], [116.473257, 39.87187], [116.4730585, 39.8718705], [116.4730571, 39.8715614]]]]}}, {"type": "Feature", "properties": {"building": "residential", "name": "51 号楼", "source": "osm"}, "geometry": {"type": "MultiPolygon", "coordinates": [[[[116.4570896, 39.8727257], [116.4576868, 39.8727116], [116.4577013, 39.873076], [116.45753, 39.87308], [116.4575215, 39.8728677], [116.4570957, 39.8728778], [116.4570896, 39.8727257]]]]}}, {"type": "Feature", "properties": {"building": "residential", "name": "48 号楼", "source": "osm"}, "geometry": {"type": "MultiPolygon", "coordinates": [[[[116.457071, 39.873255], [116.4570727, 39.8731157], [116.4575175, 39.873119], [116.4575158, 39.8732583], [116.457071, 39.873255]]]]}}, {"type": "Feature", "properties": {"building": "yes", "source": "osm"}, "geometry": {"type": "MultiPolygon", "coordinates": [[[[116.4516064, 39.8703865], [116.4517773, 39.8702561], [116.4522774, 39.8706422], [116.4521066, 39.8707725], [116.4516064, 39.8703865]]]]}}, {"type": "Feature", "properties": {"building": "yes", "name": "北京富力广场", "shop": "mall", "source": "osm"}, "geometry": {"type": "MultiPolygon", "coordinates": [[[[116.4541278, 39.8956229], [116.4542869, 39.8950489], [116.4541903, 39.894127], [116.4541844, 39.8924812], [116.4544451, 39.8924749], [116.4546321, 39.8926103], [116.454598, 39.893487], [116.4546597, 39.8938101], [116.454708, 39.8951065], [116.4545611, 39.8956724], [116.4541278, 39.8956229]]]]}}, {"type": "Feature", "properties": {"building": "yes", "source": "osm"}, "geometry": {"type": "MultiPolygon", "coordinates": [[[[116.4445124, 39.8963618], [116.44468, 39.8962524], [116.4448476, 39.8962485], [116.444852, 39.8969318], [116.4445241, 39.8969371], [116.4445124, 39.8963618]]]]}}, {"type": "Feature", "properties": {"building": "residential", "source": "osm"}, "geometry": {"type": "MultiPolygon", "coordinates": [[[[116.4614087, 39.8974119], [116.4614098, 39.8972348], [116.4623107, 39.8972381], [116.4623096, 39.8974151], [116.4614087, 39.8974119]]]]}}, {"type": "Feature", "properties": {"building": "residential", "source": "osm"}, "geometry": {"type": "MultiPolygon", "coordinates": [[[[116.4624777, 39.8974378], [116.4624792, 39.8972739], [116.463477, 39.897279], [116.4634756, 39.8974429], [116.4624777, 39.8974378]]]]}}, {"type": "Feature", "properties": {"building": "residential", "source": "osm"}, "geometry": {"type": "MultiPolygon", "coordinates": [[[[116.4627197, 39.8962725], [116.4627204, 39.8961243], [116.4635597, 39.8961268], [116.4635589, 39.896275], [116.4627197, 39.8962725]]]]}}, {"type": "Feature", "properties": {"building": "residential", "source": "osm"}, "geometry": {"type": "MultiPolygon", "coordinates": [[[[116.4613494, 39.8961205], [116.4622154, 39.8961167], [116.4622166, 39.8962773], [116.4613506, 39.8962811], [116.4613494, 39.8961205]]]]}}, {"type": "Feature", "properties": {"building": "residential", "name": "苹果社区7号楼", "source": "osm"}, "geometry": {"type": "MultiPolygon", "coordinates": [[[[116.4638061, 39.8961153], [116.4647106, 39.8960989], [116.4647158, 39.8962672], [116.4638113, 39.8962835], [116.4638061, 39.8961153]]]]}}, {"type": "Feature", "properties": {"building": "residential", "name": "苹果社区5号楼", "source": "osm"}, "geometry": {"type": "MultiPolygon", "coordinates": [[[[116.4650304, 39.8962338], [116.4650341, 39.8960652], [116.465922, 39.8960764], [116.4659184, 39.8962451], [116.4650304, 39.8962338]]]]}}, {"type": "Feature", "properties": {"building": "residential", "source": "osm"}, "geometry": {"type": "MultiPolygon", "coordinates": [[[[116.4642814, 39.897465], [116.4642826, 39.8972974], [116.4652399, 39.8973016], [116.4652387, 39.8974692], [116.4642814, 39.897465]]]]}}, {"type": "Feature", "properties": {"building": "residential", "source": "osm"}, "geometry": {"type": "MultiPolygon", "coordinates": [[[[116.4654068, 39.8973123], [116.4663079, 39.8973015], [116.4663113, 39.8974711], [116.4654103, 39.8974818], [116.4654068, 39.8973123]]]]}}, {"type": "Feature", "properties": {"building": "yes", "source": "osm"}, "geometry": {"type": "MultiPolygon", "coordinates": [[[[116.4659188, 39.8965679], [116.4659224, 39.8964783], [116.4662409, 39.8964756], [116.4662427, 39.8965624], [116.4659188, 39.8965679]]]]}}, {"type": "Feature", "properties": {"building": "yes", "source": "osm"}, "geometry": {"type": "MultiPolygon", "coordinates": [[[[116.4659779, 39.8965914], [116.4663273, 39.8965898], [116.4663279, 39.8966577], [116.4659784, 39.8966593], [116.4659779, 39.8965914]]]]}}, {"type": "Feature", "properties": {"building": "residential", "source": "osm"}, "geometry": {"type": "MultiPolygon", "coordinates": [[[[116.4640691, 39.8953941], [116.4650722, 39.8953906], [116.4650731, 39.8955512], [116.46407, 39.8955546], [116.4640691, 39.8953941]]]]}}, {"type": "Feature", "properties": {"building": "residential", "source": "osm"}, "geometry": {"type": "MultiPolygon", "coordinates": [[[[116.4652149, 39.8953927], [116.4663277, 39.8953761], [116.4663293, 39.8954387], [116.4662891, 39.8954881], [116.4661049, 39.8954908], [116.4661059, 39.8955286], [116.4652187, 39.8955418], [116.4652149, 39.8953927]]]]}}, {"type": "Feature", "properties": {"building": "residential", "source": "osm"}, "geometry": {"type": "MultiPolygon", "coordinates": [[[[116.4669531, 39.8954478], [116.4677386, 39.8954478], [116.4677386, 39.8956127], [116.4669531, 39.8956127], [116.4669531, 39.8954478]]]]}}, {"type": "Feature", "properties": {"building": "residential", "source": "osm"}, "geometry": {"type": "MultiPolygon", "coordinates": [[[[116.4679015, 39.895445], [116.4687775, 39.8954433], [116.468778, 39.8955908], [116.467902, 39.8955925], [116.4679015, 39.895445]]]]}}, {"type": "Feature", "properties": {"building": "residential", "source": "osm"}, "geometry": {"type": "MultiPolygon", "coordinates": [[[[116.4689237, 39.8954351], [116.4697215, 39.8954351], [116.4697215, 39.8955822], [116.4689237, 39.8955822], [116.4689237, 39.8954351]]]]}}, {"type": "Feature", "properties": {"building": "apartments", "name": "Fulicheng A5", "source": "osm"}, "geometry": {"type": "MultiPolygon", "coordinates": [[[[116.4534541, 39.8935994], [116.4539426, 39.8935982], [116.4539433, 39.8937614], [116.4534547, 39.8937626], [116.4534541, 39.8935994]]]]}}, {"type": "Feature", "properties": {"building": "apartments", "source": "osm"}, "geometry": {"type": "MultiPolygon", "coordinates": [[[[116.4534776, 39.8925306], [116.4539229, 39.8925285], [116.4539248, 39.8927726], [116.4534796, 39.8927747], [116.4534776, 39.8925306]]]]}}, {"type": "Feature", "properties": {"building": "apartments", "source": "osm"}, "geometry": {"type": "MultiPolygon", "coordinates": [[[[116.4521871, 39.8925371], [116.4526191, 39.8925298], [116.4526261, 39.8927725], [116.4521941, 39.8927798], [116.4521871, 39.8925371]]]]}}, {"type": "Feature", "properties": {"building": "apartments", "source": "osm"}, "geometry": {"type": "MultiPolygon", "coordinates": [[[[116.4521981, 39.8936012], [116.452683, 39.8935992], [116.4526841, 39.8937594], [116.4521992, 39.8937613], [116.4521981, 39.8936012]]]]}}, {"type": "Feature", "properties": {"building": "commercial", "name": "Landgent center", "source": "osm"}, "geometry": {"type": "MultiPolygon", "coordinates": [[[[116.4559484, 39.8933068], [116.4559914, 39.8933062], [116.4564015, 39.8933009], [116.4564086, 39.8936233], [116.4559556, 39.8936292], [116.4559518, 39.8934584], [116.4559484, 39.8933068]]]]}}, {"type": "Feature", "properties": {"building": "commercial", "name": "Landgent center", "source": "osm"}, "geometry": {"type": "MultiPolygon", "coordinates": [[[[116.4565347, 39.892618], [116.4569699, 39.8926134], [116.4569757, 39.892938], [116.4565406, 39.8929426], [116.4565347, 39.892618]]]]}}, {"type": "Feature", "properties": {"building": "apartments", "source": "osm"}, "geometry": {"type": "MultiPolygon", "coordinates": [[[[116.4576467, 39.8918141], [116.4576472, 39.8917178], [116.4587165, 39.8917211], [116.458716, 39.8918174], [116.4576467, 39.8918141]]]]}}, {"type": "Feature", "properties": {"building": "yes", "source": "osm"}, "geometry": {"type": "MultiPolygon", "coordinates": [[[[116.4610192, 39.8916325], [116.4610747, 39.8915973], [116.4611182, 39.8916251], [116.4612896, 39.8916418], [116.4613596, 39.8916714], [116.461362, 39.8917399], [116.4611013, 39.8917288], [116.461024, 39.8916862], [116.4610192, 39.8916325]]]]}}, {"type": "Feature", "properties": {"building": "hospital", "source": "osm"}, "geometry": {"type": "MultiPolygon", "coordinates": [[[[116.4656389, 39.8917386], [116.4656402, 39.8915498], [116.4662779, 39.8915495], [116.4662805, 39.891731], [116.4656389, 39.8917386]]]]}}, {"type": "Feature", "properties": {"building": "yes", "source": "osm"}, "geometry": {"type": "MultiPolygon", "coordinates": [[[[116.464434, 39.8917337], [116.4644353, 39.8915448], [116.4656402, 39.8915498], [116.4656389, 39.8917386], [116.464434, 39.8917337]]]]}}, {"type": "Feature", "properties": {"building": "apartments", "source": "osm"}, "geometry": {"type": "MultiPolygon", "coordinates": [[[[116.4626937, 39.8891431], [116.4635788, 39.8891263], [116.4635839, 39.8892858], [116.4626989, 39.8893026], [116.4626937, 39.8891431]]]]}}, {"type": "Feature", "properties": {"building": "yes", "name": "北京工业大学体育馆", "leisure": "sports_centre", "source": "osm"}, "geometry": {"type": "MultiPolygon", "coordinates": [[[[116.4767316, 39.8710338], [116.4767635, 39.8709249], [116.4768816, 39.8707862], [116.4770615, 39.870692], [116.4772553, 39.8706384], [116.4775235, 39.8706232], [116.4777401, 39.8706467], [116.4779456, 39.8706973], [116.478185, 39.8708645], [116.4782739, 39.8709535], [116.478356, 39.8710774], [116.4783972, 39.8712108], [116.4783439, 39.8713521], [116.4781683, 39.871476], [116.4780351, 39.8715381], [116.4779029, 39.871584], [116.4776546, 39.8716265], [116.4773611, 39.8716153], [116.4770642, 39.8715025], [116.4768634, 39.8713269], [116.476756, 39.8711351], [116.4767316, 39.8710338]]]]}}, {"type": "Feature", "properties": {"building": "yes", "leisure": "sports_centre", "source": "osm"}, "geometry": {"type": "MultiPolygon", "coordinates": [[[[116.4783396, 39.8715937], [116.478346, 39.8715291], [116.4783865, 39.8714465], [116.4784459, 39.8713766], [116.4785973, 39.8713071], [116.4787394, 39.8712737], [116.4788895, 39.8712927], [116.4789484, 39.8713189], [116.479013, 39.8713586], [116.4790276, 39.8714125], [116.4790423, 39.8714908], [116.4789984, 39.8715991], [116.478927, 39.8716637], [116.4788329, 39.8717097], [116.4787387, 39.8717413], [116.4786178, 39.871741], [116.4784926, 39.871715], [116.4784254, 39.8716945], [116.4783678, 39.8716509], [116.4783396, 39.8715937]]]]}}, {"type": "Feature", "properties": {"building": "apartments", "source": "osm"}, "geometry": {"type": "MultiPolygon", "coordinates": [[[[116.4657405, 39.8988902], [116.4658517, 39.8985556], [116.4662361, 39.8986308], [116.4661249, 39.8989654], [116.4657405, 39.8988902]]]]}}, {"type": "Feature", "properties": {"building": "yes", "source": "osm"}, "geometry": {"type": "MultiPolygon", "coordinates": [[[[116.4640923, 39.8983948], [116.4644866, 39.8983927], [116.4646948, 39.8984263], [116.4646243, 39.8986359], [116.4644491, 39.8986026], [116.4640923, 39.8986026], [116.4640923, 39.8983948]]]]}}, {"type": "Feature", "properties": {"building": "yes", "source": "osm"}, "geometry": {"type": "MultiPolygon", "coordinates": [[[[116.4633908, 39.8986184], [116.4633983, 39.8984124], [116.4640667, 39.8984267], [116.4640592, 39.8986327], [116.4633908, 39.8986184]]]]}}, {"type": "Feature", "properties": {"building": "yes", "source": "osm"}, "geometry": {"type": "MultiPolygon", "coordinates": [[[[116.4646243, 39.8986359], [116.4646948, 39.8984263], [116.4653889, 39.8985781], [116.4653184, 39.898763], [116.4646243, 39.8986359]]]]}}, {"type": "Feature", "properties": {"building": "yes", "source": "osm"}, "geometry": {"type": "MultiPolygon", "coordinates": [[[[116.4778374, 39.8950596], [116.4778385, 39.8949006], [116.4782583, 39.8949023], [116.4782572, 39.8950613], [116.4778374, 39.8950596]]]]}}, {"type": "Feature", "properties": {"building": "yes", "source": "osm"}, "geometry": {"type": "MultiPolygon", "coordinates": [[[[116.4778516, 39.8940095], [116.4778525, 39.8938587], [116.4782541, 39.8938601], [116.4782533, 39.8940108], [116.4778516, 39.8940095]]]]}}, {"type": "Feature", "properties": {"building": "yes", "source": "osm"}, "geometry": {"type": "MultiPolygon", "coordinates": [[[[116.4782973, 39.893559], [116.478986, 39.8935574], [116.4789866, 39.8937256], [116.4782979, 39.8937272], [116.4782973, 39.893559]]]]}}, {"type": "Feature", "properties": {"building": "yes", "source": "osm"}, "geometry": {"type": "MultiPolygon", "coordinates": [[[[116.4770551, 39.8953701], [116.4777438, 39.8953686], [116.4777444, 39.8955368], [116.4770557, 39.8955384], [116.4770551, 39.8953701]]]]}}, {"type": "Feature", "properties": {"building": "yes", "source": "osm"}, "geometry": {"type": "MultiPolygon", "coordinates": [[[[116.4769428, 39.89452], [116.4776314, 39.8945184], [116.4776321, 39.8946867], [116.4769434, 39.8946882], [116.4769428, 39.89452]]]]}}, {"type": "Feature", "properties": {"building": "yes", "source": "osm"}, "geometry": {"type": "MultiPolygon", "coordinates": [[[[116.4785549, 39.8945513], [116.478556, 39.8943923], [116.4789758, 39.894394], [116.4789747, 39.894553], [116.4785549, 39.8945513]]]]}}, {"type": "Feature", "properties": {"building": "yes", "source": "osm"}, "geometry": {"type": "MultiPolygon", "coordinates": [[[[116.4785408, 39.895403], [116.4785419, 39.895244], [116.4789617, 39.8952457], [116.4789606, 39.8954047], [116.4785408, 39.895403]]]]}}, {"type": "Feature", "properties": {"building": "yes", "source": "osm"}, "geometry": {"type": "MultiPolygon", "coordinates": [[[[116.4769481, 39.8936722], [116.4776368, 39.8936706], [116.4776375, 39.8938388], [116.4769488, 39.8938404], [116.4769481, 39.8936722]]]]}}, {"type": "Feature", "properties": {"building": "apartments", "source": "osm"}, "geometry": {"type": "MultiPolygon", "coordinates": [[[[116.478711, 39.8963295], [116.478715, 39.8960443], [116.4790758, 39.8960515], [116.4790785, 39.8963345], [116.478711, 39.8963295]]]]}}, {"type": "Feature", "properties": {"building": "apartments", "source": "osm"}, "geometry": {"type": "MultiPolygon", "coordinates": [[[[116.4786634, 39.8976223], [116.4786674, 39.8973371], [116.4790282, 39.8973443], [116.4790309, 39.8976273], [116.4786634, 39.8976223]]]]}}, {"type": "Feature", "properties": {"building": "apartments", "source": "osm"}, "geometry": {"type": "MultiPolygon", "coordinates": [[[[116.4795063, 39.8965054], [116.4795103, 39.8962203], [116.4798711, 39.8962275], [116.4798738, 39.8965104], [116.4795063, 39.8965054]]]]}}, {"type": "Feature", "properties": {"building": "yes", "source": "osm"}, "geometry": {"type": "MultiPolygon", "coordinates": [[[[116.4770219, 39.8989134], [116.4770594, 39.8987241], [116.4775342, 39.898794], [116.4779714, 39.8988352], [116.4783281, 39.8988496], [116.4783254, 39.8990451], [116.4778614, 39.8990142], [116.4774591, 39.8989731], [116.4770219, 39.8989134]]]]}}, {"type": "Feature", "properties": {"building": "yes", "source": "osm"}, "geometry": {"type": "MultiPolygon", "coordinates": [[[[116.4785427, 39.8990471], [116.4785454, 39.8988558], [116.4789933, 39.8988558], [116.4794412, 39.898827], [116.4798141, 39.8987981], [116.4798489, 39.8989813], [116.4794627, 39.8990101], [116.4790148, 39.8990348], [116.4785427, 39.8990471]]]]}}, {"type": "Feature", "properties": {"building": "yes", "source": "osm"}, "geometry": {"type": "MultiPolygon", "coordinates": [[[[116.4768985, 39.8982446], [116.4772955, 39.8980718], [116.4778158, 39.8979812], [116.4786366, 39.8979792], [116.4786339, 39.8981788], [116.4778561, 39.8981973], [116.4775261, 39.8982179], [116.4770004, 39.8984092], [116.4768985, 39.8982446]]]]}}, {"type": "Feature", "properties": {"building": "apartments", "source": "osm"}, "geometry": {"type": "MultiPolygon", "coordinates": [[[[116.4792461, 39.8975403], [116.479399, 39.8974303], [116.4795331, 39.8973685], [116.4797115, 39.8973263], [116.4798724, 39.897314], [116.4798791, 39.8974879], [116.4796739, 39.8974951], [116.4795425, 39.8975414], [116.4793641, 39.8976525], [116.4792461, 39.8975403]]]]}}, {"type": "Feature", "properties": {"building": "university", "name": "知新园", "source": "osm"}, "geometry": {"type": "MultiPolygon", "coordinates": [[[[116.47432, 39.8734748], [116.4743687, 39.873435], [116.4745305, 39.873435], [116.4745807, 39.87347], [116.4745838, 39.8735893], [116.4745399, 39.8736375], [116.47508, 39.8736459], [116.4750973, 39.873799], [116.4745493, 39.8737965], [116.47443, 39.8738797], [116.4743232, 39.8737917], [116.47432, 39.8734748]]]]}}, {"type": "Feature", "properties": {"building": "university", "name": "经管楼", "source": "osm"}, "geometry": {"type": "MultiPolygon", "coordinates": [[[[116.4716168, 39.8720147], [116.4716171, 39.8718525], [116.4719884, 39.8718529], [116.4719882, 39.8719532], [116.4722104, 39.8719535], [116.4722106, 39.8718707], [116.4724579, 39.871871], [116.4724576, 39.8720083], [116.4722821, 39.8720081], [116.4722817, 39.8721961], [116.4724571, 39.8721963], [116.4724569, 39.872344], [116.4722159, 39.8723437], [116.472216, 39.8722602], [116.4719891, 39.8722599], [116.471989, 39.8723368], [116.4716199, 39.8723364], [116.4716202, 39.8721876], [116.4718994, 39.8721879], [116.4718997, 39.872015], [116.4716168, 39.8720147]]]]}}, {"type": "Feature", "properties": {"building": "university", "name": "人文楼", "source": "osm"}, "geometry": {"type": "MultiPolygon", "coordinates": [[[[116.4746558, 39.8706384], [116.4758523, 39.8706328], [116.475856, 39.8710943], [116.4746594, 39.8710999], [116.4746558, 39.8706384]]]]}}, {"type": "Feature", "properties": {"building": "apartments", "name": "学生宿舍7号楼", "source": "osm"}, "geometry": {"type": "MultiPolygon", "coordinates": [[[[116.4752664, 39.8738108], [116.4752674, 39.8736607], [116.4760156, 39.8736636], [116.4760146, 39.8738136], [116.4752664, 39.8738108]]]]}}, {"type": "Feature", "properties": {"building": "yes", "name": "奥运餐厅", "amenity": "restaurant", "source": "osm"}, "geometry": {"type": "MultiPolygon", "coordinates": [[[[116.4751128, 39.872425], [116.4759631, 39.8724217], [116.475965, 39.87272], [116.4751148, 39.8727233], [116.4751128, 39.872425]]]]}}, {"type": "Feature", "properties": {"building": "apartments", "name": "学生宿舍6号楼", "source": "osm"}, "geometry": {"type": "MultiPolygon", "coordinates": [[[[116.4747243, 39.8716792], [116.4747248, 39.8715566], [116.4754384, 39.8715585], [116.4754378, 39.8716811], [116.4747243, 39.8716792]]]]}}, {"type": "Feature", "properties": {"building": "apartments", "name": "学生宿舍8号楼", "source": "osm"}, "geometry": {"type": "MultiPolygon", "coordinates": [[[[116.4752635, 39.8732604], [116.476007, 39.873259], [116.4760075, 39.8734108], [116.475264, 39.8734122], [116.4752635, 39.8732604]]]]}}, {"type": "Feature", "properties": {"building": "university", "name": "北京工业大学第三教学楼", "source": "osm"}, "geometry": {"type": "MultiPolygon", "coordinates": [[[[116.4743489, 39.8738874], [116.4751393, 39.8738855], [116.4760441, 39.8738834], [116.476046, 39.8743708], [116.4743509, 39.8743749], [116.4743489, 39.8738874]]]]}}, {"type": "Feature", "properties": {"building": "university", "name": "信息楼东", "source": "osm"}, "geometry": {"type": "MultiPolygon", "coordinates": [[[[116.4726252, 39.8736389], [116.472628, 39.8733008], [116.4728007, 39.8733017], [116.4727979, 39.8736397], [116.4726252, 39.8736389]]]]}}, {"type": "Feature", "properties": {"building": "university", "source": "osm"}, "geometry": {"type": "MultiPolygon", "coordinates": [[[[116.474893, 39.8736294], [116.4748952, 39.8734974], [116.4748964, 39.8734282], [116.4750496, 39.8734298], [116.4750461, 39.873631], [116.474893, 39.8736294]]]]}}, {"type": "Feature", "properties": {"building": "apartments", "name": "学生宿舍5号楼", "source": "osm"}, "geometry": {"type": "MultiPolygon", "coordinates": [[[[116.4747283, 39.8720693], [116.4747284, 39.8719497], [116.4754329, 39.8719501], [116.4754327, 39.8720698], [116.4747283, 39.8720693]]]]}}, {"type": "Feature", "properties": {"building": "apartments", "name": "学生宿舍9号楼", "source": "osm"}, "geometry": {"type": "MultiPolygon", "coordinates": [[[[116.474237, 39.8732306], [116.4742398, 39.8727659], [116.4744106, 39.8727665], [116.4744085, 39.873108], [116.475005, 39.8731101], [116.4750043, 39.8732333], [116.474237, 39.8732306]]]]}}, {"type": "Feature", "properties": {"building": "apartments", "name": "学生宿舍12号楼", "source": "osm"}, "geometry": {"type": "MultiPolygon", "coordinates": [[[[116.4752857, 39.8730157], [116.4752889, 39.8729253], [116.4752936, 39.8729036], [116.4753171, 39.8728879], [116.4753564, 39.8728747], [116.475986, 39.8728807], [116.4759955, 39.873012], [116.4752857, 39.8730157]]]]}}, {"type": "Feature", "properties": {"building": "yes", "name": "工大建国饭店", "source": "osm"}, "geometry": {"type": "MultiPolygon", "coordinates": [[[[116.4717004, 39.8711338], [116.4717078, 39.870621], [116.4725691, 39.8706283], [116.4725599, 39.8712678], [116.4725218, 39.8712675], [116.4725209, 39.8713331], [116.4721581, 39.87133], [116.4721608, 39.8711377], [116.4717004, 39.8711338]]]]}}, {"type": "Feature", "properties": {"building": "university", "name": "信息楼", "source": "osm"}, "geometry": {"type": "MultiPolygon", "coordinates": [[[[116.4719818, 39.8730589], [116.4727956, 39.8730568], [116.4727963, 39.8732214], [116.4721002, 39.8732232], [116.4721025, 39.8737486], [116.4728023, 39.8737468], [116.4728029, 39.8738901], [116.4719854, 39.8738922], [116.4719818, 39.8730589]]]]}}, {"type": "Feature", "properties": {"building": "yes", "name": "美食园", "amenity": "restaurant", "source": "osm"}, "geometry": {"type": "MultiPolygon", "coordinates": [[[[116.474323, 39.8724955], [116.4749915, 39.8724946], [116.4749927, 39.8729601], [116.4748448, 39.8729603], [116.4748442, 39.8727366], [116.4747747, 39.8727367], [116.4747746, 39.8726833], [116.4743234, 39.872684], [116.4743232, 39.872606], [116.474323, 39.8724955]]]]}}, {"type": "Feature", "properties": {"building": "university", "name": "实训楼", "source": "osm"}, "geometry": {"type": "MultiPolygon", "coordinates": [[[[116.4794425, 39.8714912], [116.4794538, 39.8712947], [116.4798606, 39.8712947], [116.4800469, 39.8712487], [116.4802544, 39.8711629], [116.4805461, 39.8711554], [116.4805461, 39.8713631], [116.4803192, 39.8713557], [116.4801101, 39.8714477], [116.47988, 39.871495], [116.4794425, 39.8714912]]]]}}, {"type": "Feature", "properties": {"building": "university", "name": "理科楼", "source": "osm"}, "geometry": {"type": "MultiPolygon", "coordinates": [[[[116.4794956, 39.8742861], [116.4794963, 39.874056], [116.4807263, 39.874058], [116.4807256, 39.8742881], [116.4794956, 39.8742861]]]]}}, {"type": "Feature", "properties": {"building": "university", "name": "艺术楼", "source": "osm"}, "geometry": {"type": "MultiPolygon", "coordinates": [[[[116.4786245, 39.8732041], [116.4792565, 39.8732011], [116.479259, 39.8735145], [116.478627, 39.8735175], [116.4786245, 39.8732041]]]]}}, {"type": "Feature", "properties": {"building": "university", "name": "环能楼", "source": "osm"}, "geometry": {"type": "MultiPolygon", "coordinates": [[[[116.4794951, 39.8730163], [116.480717, 39.8730108], [116.4807187, 39.8732428], [116.4794968, 39.8732483], [116.4794951, 39.8730163]]]]}}, {"type": "Feature", "properties": {"building": "university", "name": "生命楼", "source": "osm"}, "geometry": {"type": "MultiPolygon", "coordinates": [[[[116.4797278, 39.8737759], [116.4797308, 39.8735396], [116.4807259, 39.8735472], [116.4807228, 39.8737835], [116.4797278, 39.8737759]]]]}}, {"type": "Feature", "properties": {"building": "university", "name": "北工大第四教学楼", "source": "osm"}, "geometry": {"type": "MultiPolygon", "coordinates": [[[[116.4779678, 39.8742834], [116.478065, 39.8740819], [116.4793161, 39.8740819], [116.4793161, 39.8742784], [116.4779678, 39.8742834]]]]}}, {"type": "Feature", "properties": {"building": "yes", "name": "北工大北图书馆", "amenity": "library", "source": "osm"}, "geometry": {"type": "MultiPolygon", "coordinates": [[[[116.4738525, 39.8766833], [116.4738543, 39.8765006], [116.4747122, 39.8765039], [116.4747115, 39.8765765], [116.475041, 39.8765784], [116.4750399, 39.8766901], [116.4738525, 39.8766833]]]]}}, {"type": "Feature", "properties": {"building": "yes", "name": "北工大礼堂", "amenity": "theatre", "source": "osm"}, "geometry": {"type": "MultiPolygon", "coordinates": [[[[116.4746134, 39.8762697], [116.4746146, 39.8759033], [116.4751406, 39.8759043], [116.4751394, 39.8762707], [116.4746134, 39.8762697]]]]}}, {"type": "Feature", "properties": {"building": "yes", "name": "工大团委楼 工大人武部", "source": "osm"}, "geometry": {"type": "MultiPolygon", "coordinates": [[[[116.4751865, 39.8762866], [116.4751919, 39.8758848], [116.4753861, 39.8758863], [116.4753807, 39.8762881], [116.4751865, 39.8762866]]]]}}, {"type": "Feature", "properties": {"building": "university", "name": "北工大第一教学楼", "source": "osm"}, "geometry": {"type": "MultiPolygon", "coordinates": [[[[116.4719873, 39.8765066], [116.4734259, 39.876506], [116.4734263, 39.8770128], [116.4731975, 39.8770129], [116.4731972, 39.876703], [116.472207, 39.8767034], [116.4722072, 39.8770264], [116.4719877, 39.8770265], [116.4719873, 39.8765066]]]]}}, {"type": "Feature", "properties": {"building": "university", "name": "北工大第二教学楼", "source": "osm"}, "geometry": {"type": "MultiPolygon", "coordinates": [[[[116.4720226, 39.8756532], [116.472226, 39.8756526], [116.4722296, 39.8764152], [116.4720263, 39.8764158], [116.4720226, 39.8756532]]]]}}, {"type": "Feature", "properties": {"building": "university", "name": "材料楼", "source": "osm"}, "geometry": {"type": "MultiPolygon", "coordinates": [[[[116.4719667, 39.8750599], [116.472188, 39.8750584], [116.4721919, 39.8753992], [116.4732251, 39.8753922], [116.4732214, 39.8750742], [116.4734164, 39.8750728], [116.4734219, 39.875549], [116.4719725, 39.8755589], [116.4719667, 39.8750599]]]]}}, {"type": "Feature", "properties": {"building": "university", "name": "数理楼", "source": "osm"}, "geometry": {"type": "MultiPolygon", "coordinates": [[[[116.4737354, 39.8749945], [116.4740381, 39.8749913], [116.4740437, 39.8753053], [116.4750174, 39.8752949], [116.4750217, 39.8755299], [116.4737453, 39.8755434], [116.4737354, 39.8749945]]]]}}, {"type": "Feature", "properties": {"building": "apartments", "name": "学生宿舍10 11号楼", "source": "osm"}, "geometry": {"type": "MultiPolygon", "coordinates": [[[[116.4755782, 39.8767307], [116.4773124, 39.876717], [116.4773161, 39.8769915], [116.4755819, 39.8770053], [116.4755782, 39.8767307]]]]}}, {"type": "Feature", "properties": {"building": "apartments", "name": "学生宿舍3号楼", "source": "osm"}, "geometry": {"type": "MultiPolygon", "coordinates": [[[[116.4748596, 39.8777301], [116.4756327, 39.8777229], [116.4756355, 39.8779049], [116.4748625, 39.8779121], [116.4748596, 39.8777301]]]]}}, {"type": "Feature", "properties": {"building": "apartments", "name": "学生宿舍4号楼", "source": "osm"}, "geometry": {"type": "MultiPolygon", "coordinates": [[[[116.4748398, 39.8773606], [116.4756131, 39.877355], [116.4756151, 39.8775205], [116.4748418, 39.877526], [116.4748398, 39.8773606]]]]}}, {"type": "Feature", "properties": {"building": "university", "name": "金工楼", "source": "osm"}, "geometry": {"type": "MultiPolygon", "coordinates": [[[[116.4763789, 39.8772053], [116.4769081, 39.8771955], [116.4769163, 39.8774532], [116.476387, 39.8774631], [116.4763789, 39.8772053]]]]}}, {"type": "Feature", "properties": {"building": "hospital", "name": "北工大校医院", "source": "osm"}, "geometry": {"type": "MultiPolygon", "coordinates": [[[[116.4757411, 39.8777543], [116.4762853, 39.877752], [116.4762908, 39.8779465], [116.4757418, 39.8779487], [116.4757411, 39.8777543]]]]}}, {"type": "Feature", "properties": {"building": "yes", "source": "osm"}, "geometry": {"type": "MultiPolygon", "coordinates": [[[[116.4732174, 39.8784704], [116.473218, 39.8782614], [116.4749904, 39.8782641], [116.4749899, 39.8784731], [116.4732174, 39.8784704]]]]}}, {"type": "Feature", "properties": {"building": "yes", "source": "osm"}, "geometry": {"type": "MultiPolygon", "coordinates": [[[[116.4732195, 39.8788776], [116.47322, 39.8786685], [116.4749925, 39.8786712], [116.4749919, 39.8788803], [116.4732195, 39.8788776]]]]}}, {"type": "Feature", "properties": {"building": "apartments", "source": "osm"}, "geometry": {"type": "MultiPolygon", "coordinates": [[[[116.4733794, 39.8809475], [116.4733849, 39.8808184], [116.4738391, 39.8808299], [116.4741318, 39.880937], [116.4740552, 39.8810601], [116.4737748, 39.8809575], [116.4733794, 39.8809475]]]]}}, {"type": "Feature", "properties": {"building": "apartments", "source": "osm"}, "geometry": {"type": "MultiPolygon", "coordinates": [[[[116.4733811, 39.8805028], [116.473823, 39.8804923], [116.4741853, 39.8806456], [116.4741002, 39.880764], [116.4737694, 39.880624], [116.4733864, 39.8806331], [116.4733811, 39.8805028]]]]}}, {"type": "Feature", "properties": {"building": "apartments", "source": "osm"}, "geometry": {"type": "MultiPolygon", "coordinates": [[[[116.4733981, 39.8802792], [116.4733999, 39.8801513], [116.4738123, 39.8801547], [116.4740491, 39.8802508], [116.4739722, 39.8803624], [116.4737748, 39.8802824], [116.4733981, 39.8802792]]]]}}, {"type": "Feature", "properties": {"building": "apartments", "source": "osm"}, "geometry": {"type": "MultiPolygon", "coordinates": [[[[116.4734101, 39.8799287], [116.4734145, 39.8798009], [116.4738123, 39.8798089], [116.4741769, 39.8799677], [116.4741029, 39.8800678], [116.4738016, 39.8799366], [116.4734101, 39.8799287]]]]}}, {"type": "Feature", "properties": {"building": "apartments", "source": "osm"}, "geometry": {"type": "MultiPolygon", "coordinates": [[[[116.4733887, 39.8795823], [116.4733933, 39.8794504], [116.4738123, 39.879459], [116.4742863, 39.8796901], [116.4742055, 39.8797877], [116.4738016, 39.8795908], [116.4733887, 39.8795823]]]]}}, {"type": "Feature", "properties": {"building": "apartments", "source": "osm"}, "geometry": {"type": "MultiPolygon", "coordinates": [[[[116.4741556, 39.8808954], [116.474256, 39.8807725], [116.4747418, 39.8810062], [116.4750494, 39.8809925], [116.4750589, 39.8811187], [116.4746569, 39.8811366], [116.4741556, 39.8808954]]]]}}, {"type": "Feature", "properties": {"building": "apartments", "source": "osm"}, "geometry": {"type": "MultiPolygon", "coordinates": [[[[116.474262, 39.8806383], [116.4743416, 39.8805198], [116.4747064, 39.880664], [116.475025, 39.880664], [116.475025, 39.8807943], [116.4746569, 39.8807944], [116.474262, 39.8806383]]]]}}, {"type": "Feature", "properties": {"building": "apartments", "source": "osm"}, "geometry": {"type": "MultiPolygon", "coordinates": [[[[116.4743926, 39.8803066], [116.4744746, 39.8801906], [116.4746852, 39.8802783], [116.4750089, 39.8802743], [116.4750118, 39.8804153], [116.4746639, 39.8804196], [116.4743926, 39.8803066]]]]}}, {"type": "Feature", "properties": {"building": "apartments", "source": "osm"}, "geometry": {"type": "MultiPolygon", "coordinates": [[[[116.4742963, 39.8799169], [116.4743774, 39.8798117], [116.4746993, 39.8799578], [116.4749955, 39.8799542], [116.474998, 39.8800731], [116.4746498, 39.8800773], [116.4742963, 39.8799169]]]]}}, {"type": "Feature", "properties": {"building": "apartments", "source": "osm"}, "geometry": {"type": "MultiPolygon", "coordinates": [[[[116.4744187, 39.879633], [116.4745035, 39.8795218], [116.4747064, 39.8796129], [116.4750325, 39.8796099], [116.4750344, 39.8797316], [116.4746462, 39.8797351], [116.4744187, 39.879633]]]]}}, {"type": "Feature", "properties": {"building": "apartments", "source": "osm"}, "geometry": {"type": "MultiPolygon", "coordinates": [[[[116.4752383, 39.8806063], [116.4752402, 39.880483], [116.4756775, 39.8804869], [116.4758782, 39.8805876], [116.4757918, 39.8806889], [116.4756344, 39.8806098], [116.4752383, 39.8806063]]]]}}, {"type": "Feature", "properties": {"building": "apartments", "source": "osm"}, "geometry": {"type": "MultiPolygon", "coordinates": [[[[116.4752532, 39.8801561], [116.4756775, 39.8801464], [116.4759966, 39.8803057], [116.475903, 39.880416], [116.4756282, 39.8802788], [116.4752583, 39.8802873], [116.4752532, 39.8801561]]]]}}, {"type": "Feature", "properties": {"building": "apartments", "source": "osm"}, "geometry": {"type": "MultiPolygon", "coordinates": [[[[116.4752473, 39.8799329], [116.4752504, 39.8798096], [116.4756529, 39.8798154], [116.4761364, 39.8800268], [116.4760599, 39.8801298], [116.475622, 39.8799383], [116.4752473, 39.8799329]]]]}}, {"type": "Feature", "properties": {"building": "apartments", "source": "osm"}, "geometry": {"type": "MultiPolygon", "coordinates": [[[[116.4752373, 39.8796091], [116.475242, 39.8794575], [116.4756837, 39.8794654], [116.476151, 39.8796841], [116.4760567, 39.8798028], [116.475659, 39.8796168], [116.4752373, 39.8796091]]]]}}, {"type": "Feature", "properties": {"building": "apartments", "source": "osm"}, "geometry": {"type": "MultiPolygon", "coordinates": [[[[116.4763292, 39.8796212], [116.4764074, 39.8794946], [116.4767435, 39.8796168], [116.4770867, 39.8795989], [116.4770986, 39.8797328], [116.4766942, 39.8797539], [116.4763292, 39.8796212]]]]}}, {"type": "Feature", "properties": {"building": "apartments", "source": "osm"}, "geometry": {"type": "MultiPolygon", "coordinates": [[[[116.4764617, 39.8800102], [116.4765351, 39.8798881], [116.4767435, 39.879962], [116.4770676, 39.8799444], [116.4770799, 39.8800792], [116.4767127, 39.8800991], [116.4764617, 39.8800102]]]]}}, {"type": "Feature", "properties": {"building": "apartments", "source": "osm"}, "geometry": {"type": "MultiPolygon", "coordinates": [[[[116.4761886, 39.8802363], [116.4762643, 39.8801213], [116.4767435, 39.8803072], [116.4770589, 39.880288], [116.4770717, 39.8804123], [116.4767004, 39.8804348], [116.4761886, 39.8802363]]]]}}, {"type": "Feature", "properties": {"building": "apartments", "source": "osm"}, "geometry": {"type": "MultiPolygon", "coordinates": [[[[116.4763438, 39.880638], [116.4764241, 39.8805117], [116.476762, 39.8806382], [116.4770607, 39.8806314], [116.4770659, 39.8807673], [116.4767127, 39.8807753], [116.4763438, 39.880638]]]]}}, {"type": "Feature", "properties": {"building": "apartments", "source": "osm"}, "geometry": {"type": "MultiPolygon", "coordinates": [[[[116.4761083, 39.8808623], [116.4761893, 39.880743], [116.4767435, 39.8809644], [116.477101, 39.8809645], [116.4771009, 39.8811064], [116.4767189, 39.8811063], [116.4761083, 39.8808623]]]]}}, {"type": "Feature", "properties": {"building": "yes", "source": "osm"}, "geometry": {"type": "MultiPolygon", "coordinates": [[[[116.4752617, 39.8810986], [116.4752645, 39.8807927], [116.4754679, 39.8807938], [116.4754664, 39.8809581], [116.4759865, 39.8809608], [116.4759852, 39.8811024], [116.4752617, 39.8810986]]]]}}, {"type": "Feature", "properties": {"building": "yes", "source": "osm"}, "geometry": {"type": "MultiPolygon", "coordinates": [[[[116.4760433, 39.8810147], [116.4762556, 39.8810147], [116.4762556, 39.8811655], [116.4760433, 39.8811655], [116.4760433, 39.8810147]]]]}}, {"type": "Feature", "properties": {"building": "apartments", "source": "osm"}, "geometry": {"type": "MultiPolygon", "coordinates": [[[[116.4724398, 39.8795435], [116.4724433, 39.8794052], [116.4732031, 39.8794165], [116.4731996, 39.8795548], [116.4724398, 39.8795435]]]]}}, {"type": "Feature", "properties": {"building": "apartments", "source": "osm"}, "geometry": {"type": "MultiPolygon", "coordinates": [[[[116.4724266, 39.8798669], [116.4724301, 39.8797286], [116.4731899, 39.8797399], [116.4731864, 39.8798782], [116.4724266, 39.8798669]]]]}}, {"type": "Feature", "properties": {"building": "apartments", "source": "osm"}, "geometry": {"type": "MultiPolygon", "coordinates": [[[[116.4724266, 39.8801851], [116.4724301, 39.8800468], [116.4731899, 39.8800582], [116.4731864, 39.8801965], [116.4724266, 39.8801851]]]]}}, {"type": "Feature", "properties": {"building": "apartments", "source": "osm"}, "geometry": {"type": "MultiPolygon", "coordinates": [[[[116.4724429, 39.8808528], [116.4724464, 39.8807145], [116.4732061, 39.8807258], [116.4732026, 39.8808641], [116.4724429, 39.8808528]]]]}}, {"type": "Feature", "properties": {"building": "apartments", "source": "osm"}, "geometry": {"type": "MultiPolygon", "coordinates": [[[[116.4726494, 39.88049], [116.4726499, 39.8803652], [116.4732008, 39.8803664], [116.4732003, 39.8804912], [116.4726494, 39.88049]]]]}}, {"type": "Feature", "properties": {"building": "apartments", "source": "osm"}, "geometry": {"type": "MultiPolygon", "coordinates": [[[[116.4716479, 39.8804725], [116.4716534, 39.880309], [116.4723947, 39.8803235], [116.4723893, 39.880487], [116.4716479, 39.8804725]]]]}}, {"type": "Feature", "properties": {"building": "apartments", "source": "osm"}, "geometry": {"type": "MultiPolygon", "coordinates": [[[[116.4716039, 39.8806856], [116.4722035, 39.8806856], [116.4722035, 39.8808368], [116.4716039, 39.8808368], [116.4716039, 39.8806856]]]]}}, {"type": "Feature", "properties": {"building": "apartments", "source": "osm"}, "geometry": {"type": "MultiPolygon", "coordinates": [[[[116.471601, 39.8798192], [116.4721698, 39.8798192], [116.4721698, 39.8799811], [116.471601, 39.8799811], [116.471601, 39.8798192]]]]}}, {"type": "Feature", "properties": {"building": "apartments", "source": "osm"}, "geometry": {"type": "MultiPolygon", "coordinates": [[[[116.4715466, 39.8796017], [116.4715525, 39.8794201], [116.4717309, 39.8794236], [116.471733, 39.8793618], [116.4723673, 39.879374], [116.4723624, 39.8795234], [116.4718106, 39.8795128], [116.4718075, 39.8796067], [116.4715466, 39.8796017]]]]}}, {"type": "Feature", "properties": {"building": "yes", "source": "osm"}, "geometry": {"type": "MultiPolygon", "coordinates": [[[[116.4714624, 39.882802], [116.4714652, 39.8824432], [116.4716761, 39.8824442], [116.4716746, 39.8826392], [116.4724866, 39.882643], [116.4724853, 39.8828068], [116.4714624, 39.882802]]]]}}, {"type": "Feature", "properties": {"building": "yes", "name": "南磨房乡政府", "office": "government", "source": "osm"}, "geometry": {"type": "MultiPolygon", "coordinates": [[[[116.4714782, 39.8823704], [116.4714786, 39.8821597], [116.4716358, 39.8821598], [116.4716357, 39.8822174], [116.4723017, 39.8822181], [116.4723024, 39.8818172], [116.4724654, 39.8818174], [116.4724644, 39.8823714], [116.4714782, 39.8823704]]]]}}, {"type": "Feature", "properties": {"building": "yes", "source": "osm"}, "geometry": {"type": "MultiPolygon", "coordinates": [[[[116.4723448, 39.8824087], [116.4725643, 39.8824078], [116.4725655, 39.8825744], [116.472346, 39.8825753], [116.4723448, 39.8824087]]]]}}, {"type": "Feature", "properties": {"building": "yes", "source": "osm"}, "geometry": {"type": "MultiPolygon", "coordinates": [[[[116.472666, 39.88244], [116.4732588, 39.8824335], [116.4732619, 39.8826003], [116.4726691, 39.8826068], [116.472666, 39.88244]]]]}}, {"type": "Feature", "properties": {"building": "yes", "source": "osm"}, "geometry": {"type": "MultiPolygon", "coordinates": [[[[116.4725181, 39.8819165], [116.4725187, 39.8817645], [116.4730974, 39.8817658], [116.4730968, 39.8819178], [116.4725181, 39.8819165]]]]}}, {"type": "Feature", "properties": {"building": "apartments", "source": "osm"}, "geometry": {"type": "MultiPolygon", "coordinates": [[[[116.4734571, 39.882173], [116.4742303, 39.8821687], [116.4742318, 39.8823193], [116.4737032, 39.8823222], [116.4737056, 39.8825785], [116.4734609, 39.8825799], [116.4734571, 39.882173]]]]}}, {"type": "Feature", "properties": {"building": "apartments", "source": "osm"}, "geometry": {"type": "MultiPolygon", "coordinates": [[[[116.4737447, 39.8826266], [116.4748348, 39.8826115], [116.4748385, 39.8827708], [116.4737484, 39.8827858], [116.4737447, 39.8826266]]]]}}, {"type": "Feature", "properties": {"building": "apartments", "source": "osm"}, "geometry": {"type": "MultiPolygon", "coordinates": [[[[116.4743785, 39.8823128], [116.4743819, 39.8821657], [116.4750675, 39.8821751], [116.4750584, 39.8825665], [116.4748825, 39.8825641], [116.4748882, 39.8823198], [116.4743785, 39.8823128]]]]}}, {"type": "Feature", "properties": {"building": "yes", "source": "osm"}, "geometry": {"type": "MultiPolygon", "coordinates": [[[[116.4735585, 39.8819639], [116.4735678, 39.8818349], [116.474301, 39.8817525], [116.4743103, 39.8818922], [116.4735585, 39.8819639]]]]}}, {"type": "Feature", "properties": {"building": "yes", "source": "osm"}, "geometry": {"type": "MultiPolygon", "coordinates": [[[[116.4743617, 39.8817632], [116.4750482, 39.8818277], [116.4750529, 39.8819746], [116.4743617, 39.8818994], [116.4743617, 39.8817632]]]]}}, {"type": "Feature", "properties": {"building": "yes", "source": "osm"}, "geometry": {"type": "MultiPolygon", "coordinates": [[[[116.474357, 39.8815374], [116.4743617, 39.8813834], [116.4750575, 39.8814622], [116.4750669, 39.8816163], [116.474357, 39.8815374]]]]}}, {"type": "Feature", "properties": {"building": "yes", "source": "osm"}, "geometry": {"type": "MultiPolygon", "coordinates": [[[[116.4740565, 39.8816735], [116.4740603, 39.8812906], [116.4742602, 39.8812917], [116.4742564, 39.8816746], [116.4740565, 39.8816735]]]]}}, {"type": "Feature", "properties": {"building": "yes", "source": "osm"}, "geometry": {"type": "MultiPolygon", "coordinates": [[[[116.4734479, 39.8816217], [116.4734518, 39.8813561], [116.4737097, 39.8813584], [116.4737345, 39.8813964], [116.4737132, 39.8814235], [116.4736601, 39.8814237], [116.4736606, 39.8815435], [116.4738632, 39.881543], [116.473863, 39.8814811], [116.4739003, 39.881481], [116.4739005, 39.8815435], [116.4740173, 39.8815432], [116.4740175, 39.8816189], [116.4739081, 39.8816191], [116.4739082, 39.8816546], [116.4736311, 39.881655], [116.4736311, 39.8816224], [116.4734479, 39.8816217]]]]}}, {"type": "Feature", "properties": {"building": "apartments", "source": "osm"}, "geometry": {"type": "MultiPolygon", "coordinates": [[[[116.4752791, 39.8826508], [116.4761355, 39.882643], [116.4761377, 39.8827896], [116.4752814, 39.8827973], [116.4752791, 39.8826508]]]]}}, {"type": "Feature", "properties": {"building": "apartments", "source": "osm"}, "geometry": {"type": "MultiPolygon", "coordinates": [[[[116.4761791, 39.8827894], [116.4761806, 39.8825152], [116.4765534, 39.8825164], [116.4765519, 39.8827906], [116.4761791, 39.8827894]]]]}}, {"type": "Feature", "properties": {"building": "apartments", "source": "osm"}, "geometry": {"type": "MultiPolygon", "coordinates": [[[[116.4764303, 39.8822893], [116.4764348, 39.8820062], [116.4768197, 39.8820098], [116.4768152, 39.8822929], [116.4764303, 39.8822893]]]]}}, {"type": "Feature", "properties": {"building": "apartments", "source": "osm"}, "geometry": {"type": "MultiPolygon", "coordinates": [[[[116.4767167, 39.8813424], [116.4770586, 39.8813389], [116.4770632, 39.8816037], [116.4767213, 39.8816073], [116.4767167, 39.8813424]]]]}}, {"type": "Feature", "properties": {"building": "yes", "source": "osm"}, "geometry": {"type": "MultiPolygon", "coordinates": [[[[116.4529792, 39.8912827], [116.4533706, 39.8912624], [116.4534005, 39.8916021], [116.4530091, 39.8916224], [116.4529792, 39.8912827]]]]}}, {"type": "Feature", "properties": {"building": "yes", "source": "osm"}, "geometry": {"type": "MultiPolygon", "coordinates": [[[[116.4542591, 39.8899775], [116.4544281, 39.8899748], [116.4544354, 39.8902444], [116.4542663, 39.890247], [116.4542591, 39.8899775]]]]}}, {"type": "Feature", "properties": {"building": "yes", "source": "osm"}, "geometry": {"type": "MultiPolygon", "coordinates": [[[[116.4545732, 39.8899881], [116.4548014, 39.8899807], [116.4548186, 39.8902955], [116.4545904, 39.8903029], [116.4545732, 39.8899881]]]]}}, {"type": "Feature", "properties": {"building": "yes", "source": "osm"}, "geometry": {"type": "MultiPolygon", "coordinates": [[[[116.4541983, 39.8905825], [116.4545958, 39.8905679], [116.4546222, 39.8909894], [116.4542247, 39.891004], [116.4541983, 39.8905825]]]]}}, {"type": "Feature", "properties": {"building": "yes", "source": "osm"}, "geometry": {"type": "MultiPolygon", "coordinates": [[[[116.4536149, 39.8913633], [116.4541644, 39.8913526], [116.4541672, 39.8913928], [116.454713, 39.891388], [116.4547092, 39.8915517], [116.4541903, 39.8915551], [116.4541868, 39.8915957], [116.4536211, 39.8915936], [116.4536149, 39.8913633]]]]}}, {"type": "Feature", "properties": {"building": "yes", "source": "osm"}, "geometry": {"type": "MultiPolygon", "coordinates": [[[[116.4558124, 39.8901484], [116.4558727, 39.8901475], [116.4558714, 39.8900966], [116.4561449, 39.8900923], [116.4561464, 39.8901443], [116.4562026, 39.8901434], [116.4562066, 39.89029], [116.4558164, 39.8902962], [116.4558124, 39.8901484]]]]}}, {"type": "Feature", "properties": {"building": "yes", "source": "osm"}, "geometry": {"type": "MultiPolygon", "coordinates": [[[[116.4556816, 39.8896076], [116.4561786, 39.8896038], [116.4561797, 39.8896936], [116.4565474, 39.8896908], [116.456554, 39.8901963], [116.456289, 39.8901984], [116.4562839, 39.8898111], [116.45619, 39.8898119], [116.4561925, 39.8900102], [116.4556869, 39.890014], [116.4556816, 39.8896076]]]]}}, {"type": "Feature", "properties": {"building": "yes", "source": "osm"}, "geometry": {"type": "MultiPolygon", "coordinates": [[[[116.456252, 39.8904845], [116.4571052, 39.8904679], [116.4571281, 39.8911588], [116.4569473, 39.8911624], [116.4569316, 39.8906918], [116.4562593, 39.890705], [116.4562554, 39.8905854], [116.456252, 39.8904845]]]]}}, {"type": "Feature", "properties": {"building": "yes", "source": "osm"}, "geometry": {"type": "MultiPolygon", "coordinates": [[[[116.4564949, 39.8909856], [116.456499, 39.8908437], [116.4567312, 39.8908477], [116.456727, 39.8909896], [116.4564949, 39.8909856]]]]}}, {"type": "Feature", "properties": {"building": "yes", "source": "osm"}, "geometry": {"type": "MultiPolygon", "coordinates": [[[[116.4564774, 39.8912296], [116.4564818, 39.8910721], [116.4567178, 39.891076], [116.4567134, 39.8912335], [116.4564774, 39.8912296]]]]}}, {"type": "Feature", "properties": {"building": "yes", "source": "osm"}, "geometry": {"type": "MultiPolygon", "coordinates": [[[[116.456495, 39.8917035], [116.456765, 39.891702], [116.4567629, 39.891475], [116.4569916, 39.8914737], [116.4569948, 39.89183], [116.4564962, 39.8918327], [116.456495, 39.8917035]]]]}}, {"type": "Feature", "properties": {"building": "apartments", "source": "osm"}, "geometry": {"type": "MultiPolygon", "coordinates": [[[[116.4642159, 39.8878936], [116.465101, 39.8878768], [116.4651061, 39.8880363], [116.4642211, 39.8880531], [116.4642159, 39.8878936]]]]}}, {"type": "Feature", "properties": {"building": "apartments", "source": "osm"}, "geometry": {"type": "MultiPolygon", "coordinates": [[[[116.4651338, 39.8886634], [116.4659477, 39.8886552], [116.4659505, 39.8888136], [116.4651366, 39.888822], [116.4651338, 39.8886634]]]]}}, {"type": "Feature", "properties": {"building": "apartments", "source": "osm"}, "geometry": {"type": "MultiPolygon", "coordinates": [[[[116.4627185, 39.8881318], [116.4636036, 39.888115], [116.4636087, 39.8882745], [116.4627237, 39.8882913], [116.4627185, 39.8881318]]]]}}, {"type": "Feature", "properties": {"building": "apartments", "source": "osm"}, "geometry": {"type": "MultiPolygon", "coordinates": [[[[116.4618267, 39.8876865], [116.4627118, 39.8876697], [116.4627169, 39.8878292], [116.4618319, 39.887846], [116.4618267, 39.8876865]]]]}}, {"type": "Feature", "properties": {"building": "apartments", "source": "osm"}, "geometry": {"type": "MultiPolygon", "coordinates": [[[[116.4622248, 39.8887061], [116.4627063, 39.888703], [116.4627081, 39.8888625], [116.4622265, 39.8888657], [116.4622248, 39.8887061]]]]}}, {"type": "Feature", "properties": {"building": "apartments", "source": "osm"}, "geometry": {"type": "MultiPolygon", "coordinates": [[[[116.4635579, 39.8886726], [116.4641756, 39.8886672], [116.464178, 39.8888281], [116.4635603, 39.8888335], [116.4635579, 39.8886726]]]]}}, {"type": "Feature", "properties": {"building": "yes", "source": "osm"}, "geometry": {"type": "MultiPolygon", "coordinates": [[[[116.4655356, 39.8881661], [116.4657542, 39.8881656], [116.4657549, 39.8883158], [116.4655363, 39.8883163], [116.4655356, 39.8881661]]]]}}, {"type": "Feature", "properties": {"building": "apartments", "source": "osm"}, "geometry": {"type": "MultiPolygon", "coordinates": [[[[116.4652455, 39.8876198], [116.4658632, 39.8876145], [116.4658656, 39.8877754], [116.4652478, 39.8877807], [116.4652455, 39.8876198]]]]}}, {"type": "Feature", "properties": {"building": "apartments", "source": "osm"}, "geometry": {"type": "MultiPolygon", "coordinates": [[[[116.4620473, 39.8894733], [116.4626651, 39.8894679], [116.4626675, 39.8896288], [116.4620497, 39.8896342], [116.4620473, 39.8894733]]]]}}, {"type": "Feature", "properties": {"building": "yes", "name": "首城国际18号楼", "source": "osm"}, "geometry": {"type": "MultiPolygon", "coordinates": [[[[116.4652516, 39.8896576], [116.4658694, 39.8896523], [116.4658718, 39.8898132], [116.465254, 39.8898186], [116.4652516, 39.8896576]]]]}}, {"type": "Feature", "properties": {"building": "yes", "source": "osm"}, "geometry": {"type": "MultiPolygon", "coordinates": [[[[116.4646354, 39.8899224], [116.4652532, 39.8899171], [116.4652556, 39.890078], [116.4646378, 39.8900833], [116.4646354, 39.8899224]]]]}}, {"type": "Feature", "properties": {"building": "apartments", "source": "osm"}, "geometry": {"type": "MultiPolygon", "coordinates": [[[[116.4642627, 39.8894369], [116.4642656, 39.8893066], [116.464593, 39.8893109], [116.4645901, 39.8894413], [116.4642627, 39.8894369]]]]}}, {"type": "Feature", "properties": {"building": "apartments", "source": "osm"}, "geometry": {"type": "MultiPolygon", "coordinates": [[[[116.4639751, 39.8898219], [116.4639781, 39.8896915], [116.4643055, 39.8896959], [116.4643025, 39.8898262], [116.4639751, 39.8898219]]]]}}, {"type": "Feature", "properties": {"building": "apartments", "source": "osm"}, "geometry": {"type": "MultiPolygon", "coordinates": [[[[116.4646122, 39.8890344], [116.4646151, 39.888904], [116.4649425, 39.8889084], [116.4649396, 39.8890387], [116.4646122, 39.8890344]]]]}}, {"type": "Feature", "properties": {"building": "apartments", "source": "osm"}, "geometry": {"type": "MultiPolygon", "coordinates": [[[[116.4636336, 39.887631], [116.4642514, 39.8876256], [116.4642537, 39.8877865], [116.463636, 39.8877919], [116.4636336, 39.887631]]]]}}, {"type": "Feature", "properties": {"building": "yes", "name": "中信银行", "amenity": "bank", "source": "osm"}, "geometry": {"type": "MultiPolygon", "coordinates": [[[[116.4644846, 39.8876178], [116.4650282, 39.8876154], [116.4650292, 39.8877502], [116.4644856, 39.8877526], [116.4644846, 39.8876178]]]]}}, {"type": "Feature", "properties": {"building": "yes", "source": "osm"}, "geometry": {"type": "MultiPolygon", "coordinates": [[[[116.4361659, 39.8718448], [116.4363751, 39.8718139], [116.4364003, 39.8719146], [116.4361911, 39.8719455], [116.4361659, 39.8718448]]]]}}, {"type": "Feature", "properties": {"building": "yes", "source": "osm"}, "geometry": {"type": "MultiPolygon", "coordinates": [[[[116.4356965, 39.8719272], [116.4360076, 39.8719086], [116.4360191, 39.8720222], [116.435708, 39.8720407], [116.4356965, 39.8719272]]]]}}, {"type": "Feature", "properties": {"building": "yes", "source": "osm"}, "geometry": {"type": "MultiPolygon", "coordinates": [[[[116.4360295, 39.8712606], [116.4365472, 39.8711823], [116.4365709, 39.8712746], [116.4360532, 39.8713528], [116.4360295, 39.8712606]]]]}}, {"type": "Feature", "properties": {"building": "yes", "source": "osm"}, "geometry": {"type": "MultiPolygon", "coordinates": [[[[116.4355896, 39.8715772], [116.4360134, 39.8715484], [116.4360291, 39.8716843], [116.4356053, 39.8717131], [116.4355896, 39.8715772]]]]}}, {"type": "Feature", "properties": {"building": "yes", "source": "osm"}, "geometry": {"type": "MultiPolygon", "coordinates": [[[[116.4392316, 39.8717337], [116.4392397, 39.8712725], [116.4395264, 39.8712755], [116.4395183, 39.8717366], [116.4392316, 39.8717337]]]]}}, {"type": "Feature", "properties": {"building": "yes", "source": "osm"}, "geometry": {"type": "MultiPolygon", "coordinates": [[[[116.4389929, 39.8711511], [116.4389983, 39.8708917], [116.4392903, 39.8708953], [116.4392849, 39.8711546], [116.4389929, 39.8711511]]]]}}, {"type": "Feature", "properties": {"building": "yes", "source": "osm"}, "geometry": {"type": "MultiPolygon", "coordinates": [[[[116.4386603, 39.8712478], [116.4386898, 39.8708073], [116.4389511, 39.8708176], [116.4389216, 39.8712582], [116.4386603, 39.8712478]]]]}}, {"type": "Feature", "properties": {"building": "yes", "source": "osm"}, "geometry": {"type": "MultiPolygon", "coordinates": [[[[116.4400873, 39.8707785], [116.4407364, 39.8707785], [116.4407364, 39.8708855], [116.4400873, 39.8708855], [116.4400873, 39.8707785]]]]}}, {"type": "Feature", "properties": {"building": "yes", "source": "osm"}, "geometry": {"type": "MultiPolygon", "coordinates": [[[[116.4393926, 39.8710091], [116.4393937, 39.8708856], [116.4401715, 39.8708897], [116.4401704, 39.8710132], [116.4393926, 39.8710091]]]]}}, {"type": "Feature", "properties": {"building": "yes", "source": "osm"}, "geometry": {"type": "MultiPolygon", "coordinates": [[[[116.4425801, 39.8718387], [116.4429288, 39.8718325], [116.4429331, 39.8719745], [116.4425844, 39.8719807], [116.4425801, 39.8718387]]]]}}, {"type": "Feature", "properties": {"building": "yes", "source": "osm"}, "geometry": {"type": "MultiPolygon", "coordinates": [[[[116.4424208, 39.8717542], [116.4425844, 39.8717542], [116.4425844, 39.8719807], [116.4424208, 39.8719807], [116.4424208, 39.8717542]]]]}}, {"type": "Feature", "properties": {"building": "yes", "source": "osm"}, "geometry": {"type": "MultiPolygon", "coordinates": [[[[116.441592, 39.8720219], [116.4415971, 39.8718951], [116.4421121, 39.8719074], [116.442107, 39.8720342], [116.441592, 39.8720219]]]]}}, {"type": "Feature", "properties": {"building": "yes", "source": "osm"}, "geometry": {"type": "MultiPolygon", "coordinates": [[[[116.4416, 39.8716596], [116.4416085, 39.8715022], [116.4421959, 39.8715207], [116.4421874, 39.8716781], [116.4416, 39.8716596]]]]}}, {"type": "Feature", "properties": {"building": "yes", "source": "osm"}, "geometry": {"type": "MultiPolygon", "coordinates": [[[[116.4410368, 39.871079], [116.4411601, 39.8710811], [116.4411414, 39.8709535], [116.441246, 39.8709555], [116.4412473, 39.8709133], [116.4414136, 39.8709164], [116.4414123, 39.8708166], [116.4417274, 39.8708022], [116.4417328, 39.8709154], [116.4418468, 39.8709133], [116.4416885, 39.871041], [116.4415584, 39.8710513], [116.4415558, 39.8712283], [116.4416738, 39.8712417], [116.4417073, 39.8712592], [116.4418186, 39.8713261], [116.4411414, 39.8713261], [116.4411467, 39.8711881], [116.4410368, 39.8711861], [116.4410368, 39.871079]]]]}}, {"type": "Feature", "properties": {"building": "yes", "source": "osm"}, "geometry": {"type": "MultiPolygon", "coordinates": [[[[116.4415652, 39.8710626], [116.441706, 39.8710451], [116.4418763, 39.8708958], [116.4421365, 39.8711017], [116.4421391, 39.8711593], [116.4418843, 39.8713549], [116.4416966, 39.8712314], [116.4415665, 39.8712231], [116.4415652, 39.8710626]]]]}}, {"type": "Feature", "properties": {"building": "apartments", "source": "osm"}, "geometry": {"type": "MultiPolygon", "coordinates": [[[[116.4470422, 39.8697348], [116.4470503, 39.8695577], [116.447283, 39.869564], [116.447275, 39.869741], [116.4470422, 39.8697348]]]]}}, {"type": "Feature", "properties": {"building": "apartments", "source": "osm"}, "geometry": {"type": "MultiPolygon", "coordinates": [[[[116.4473829, 39.8697183], [116.4473855, 39.8693704], [116.4477713, 39.8693722], [116.4477686, 39.8697201], [116.4473829, 39.8697183]]]]}}, {"type": "Feature", "properties": {"building": "apartments", "source": "osm"}, "geometry": {"type": "MultiPolygon", "coordinates": [[[[116.4465809, 39.8693828], [116.4469575, 39.8693733], [116.4469709, 39.8696862], [116.4465943, 39.8696957], [116.4465809, 39.8693828]]]]}}, {"type": "Feature", "properties": {"building": "apartments", "source": "osm"}, "geometry": {"type": "MultiPolygon", "coordinates": [[[[116.4487052, 39.869743], [116.448724, 39.8695248], [116.4490171, 39.8695397], [116.4489983, 39.8697579], [116.4487052, 39.869743]]]]}}, {"type": "Feature", "properties": {"building": "apartments", "source": "osm"}, "geometry": {"type": "MultiPolygon", "coordinates": [[[[116.4491075, 39.8696895], [116.449129, 39.8693354], [116.4494937, 39.8693484], [116.4494723, 39.8697025], [116.4491075, 39.8696895]]]]}}, {"type": "Feature", "properties": {"building": "apartments", "source": "osm"}, "geometry": {"type": "MultiPolygon", "coordinates": [[[[116.4481446, 39.8696977], [116.4481741, 39.8693478], [116.4485992, 39.8693689], [116.4485697, 39.8697188], [116.4481446, 39.8696977]]]]}}, {"type": "Feature", "properties": {"building": "yes", "source": "osm"}, "geometry": {"type": "MultiPolygon", "coordinates": [[[[116.4507169, 39.8696236], [116.4507276, 39.8692984], [116.4510496, 39.8693046], [116.4510389, 39.8696299], [116.4507169, 39.8696236]]]]}}, {"type": "Feature", "properties": {"building": "yes", "source": "osm"}, "geometry": {"type": "MultiPolygon", "coordinates": [[[[116.450403, 39.8694651], [116.4506498, 39.8694591], [116.4506578, 39.8696526], [116.4504111, 39.8696586], [116.450403, 39.8694651]]]]}}, {"type": "Feature", "properties": {"building": "yes", "source": "osm"}, "geometry": {"type": "MultiPolygon", "coordinates": [[[[116.4500034, 39.8692942], [116.4503655, 39.8692942], [116.4503655, 39.8696216], [116.4500034, 39.8696216], [116.4500034, 39.8692942]]]]}}, {"type": "Feature", "properties": {"building": "yes", "source": "osm"}, "geometry": {"type": "MultiPolygon", "coordinates": [[[[116.4503118, 39.8702844], [116.4510682, 39.8702762], [116.4510698, 39.8703606], [116.4503134, 39.8703688], [116.4503118, 39.8702844]]]]}}, {"type": "Feature", "properties": {"building": "yes", "source": "osm"}, "geometry": {"type": "MultiPolygon", "coordinates": [[[[116.4573848, 39.8697163], [116.457392, 39.8695195], [116.457679, 39.8695257], [116.4576718, 39.8697224], [116.4573848, 39.8697163]]]]}}, {"type": "Feature", "properties": {"building": "yes", "source": "osm"}, "geometry": {"type": "MultiPolygon", "coordinates": [[[[116.4559472, 39.8720239], [116.45595, 39.8719025], [116.4561002, 39.8719046], [116.4560974, 39.872026], [116.4559472, 39.8720239]]]]}}, {"type": "Feature", "properties": {"building": "yes", "source": "osm"}, "geometry": {"type": "MultiPolygon", "coordinates": [[[[116.4555797, 39.8720013], [116.455591, 39.8718943], [116.4557895, 39.8719067], [116.4557782, 39.8720136], [116.4555797, 39.8720013]]]]}}, {"type": "Feature", "properties": {"building": "yes", "source": "osm"}, "geometry": {"type": "MultiPolygon", "coordinates": [[[[116.4554563, 39.871324], [116.455583, 39.8713212], [116.4555938, 39.8716074], [116.455467, 39.8716102], [116.4554563, 39.871324]]]]}}, {"type": "Feature", "properties": {"building": "yes", "source": "osm"}, "geometry": {"type": "MultiPolygon", "coordinates": [[[[116.4561322, 39.8706385], [116.4562395, 39.8705665], [116.4562409, 39.8704172], [116.4564005, 39.8704162], [116.4564058, 39.8705582], [116.4565158, 39.8706179], [116.4564621, 39.8707188], [116.4563978, 39.87069], [116.4563723, 39.8707239], [116.4563495, 39.8707209], [116.4563495, 39.8706529], [116.45632, 39.8706539], [116.4563173, 39.8707136], [116.4562838, 39.8707332], [116.4562596, 39.8706992], [116.4562127, 39.870727], [116.4561322, 39.8706385]]]]}}, {"type": "Feature", "properties": {"building": "yes", "source": "osm"}, "geometry": {"type": "MultiPolygon", "coordinates": [[[[116.4564179, 39.871254], [116.4565252, 39.871182], [116.4565265, 39.8710327], [116.4566861, 39.8710317], [116.4566915, 39.8711737], [116.4568014, 39.8712334], [116.4567478, 39.8713343], [116.4566834, 39.8713055], [116.4566579, 39.8713394], [116.4566351, 39.8713364], [116.4566351, 39.8712684], [116.4566056, 39.8712695], [116.456603, 39.8713292], [116.4565694, 39.8713487], [116.4565453, 39.8713147], [116.4564984, 39.8713425], [116.4564179, 39.871254]]]]}}, {"type": "Feature", "properties": {"building": "yes", "source": "osm"}, "geometry": {"type": "MultiPolygon", "coordinates": [[[[116.4557514, 39.8715772], [116.4558586, 39.8715052], [116.45586, 39.8713559], [116.4560196, 39.8713549], [116.4560249, 39.8714969], [116.4561349, 39.8715566], [116.4560813, 39.8716575], [116.4560169, 39.8716287], [116.4559914, 39.8716626], [116.4559686, 39.8716596], [116.4559686, 39.8715916], [116.4559391, 39.8715927], [116.4559364, 39.8716523], [116.4559029, 39.8716719], [116.4558788, 39.8716379], [116.4558318, 39.8716657], [116.4557514, 39.8715772]]]]}}, {"type": "Feature", "properties": {"building": "yes", "source": "osm"}, "geometry": {"type": "MultiPolygon", "coordinates": [[[[116.4569397, 39.8709948], [116.4576263, 39.8709866], [116.4576289, 39.871114], [116.4569423, 39.8711223], [116.4569397, 39.8709948]]]]}}, {"type": "Feature", "properties": {"building": "yes", "source": "osm"}, "geometry": {"type": "MultiPolygon", "coordinates": [[[[116.4576396, 39.8713034], [116.457653, 39.8710235], [116.4577688, 39.8710267], [116.4577554, 39.8713067], [116.4576396, 39.8713034]]]]}}, {"type": "Feature", "properties": {"building": "yes", "source": "osm"}, "geometry": {"type": "MultiPolygon", "coordinates": [[[[116.4572796, 39.8713531], [116.4575558, 39.871349], [116.4575592, 39.8714805], [116.4572829, 39.8714846], [116.4572796, 39.8713531]]]]}}, {"type": "Feature", "properties": {"building": "yes", "source": "osm"}, "geometry": {"type": "MultiPolygon", "coordinates": [[[[116.4569755, 39.87139], [116.4572652, 39.871388], [116.4572668, 39.8715237], [116.4569771, 39.8715257], [116.4569755, 39.87139]]]]}}, {"type": "Feature", "properties": {"building": "yes", "source": "osm"}, "geometry": {"type": "MultiPolygon", "coordinates": [[[[116.4556494, 39.8704532], [116.455997, 39.8704458], [116.4560238, 39.8711869], [116.4556763, 39.8711943], [116.4556494, 39.8704532]]]]}}, {"type": "Feature", "properties": {"building": "yes", "source": "osm"}, "geometry": {"type": "MultiPolygon", "coordinates": [[[[116.4576343, 39.870552], [116.457645, 39.8703503], [116.4577681, 39.8703542], [116.4577574, 39.8705559], [116.4576343, 39.870552]]]]}}, {"type": "Feature", "properties": {"building": "yes", "source": "osm"}, "geometry": {"type": "MultiPolygon", "coordinates": [[[[116.4572695, 39.8702371], [116.457645, 39.8702371], [116.457645, 39.8703503], [116.4572695, 39.8703503], [116.4572695, 39.8702371]]]]}}, {"type": "Feature", "properties": {"building": "yes", "source": "osm"}, "geometry": {"type": "MultiPolygon", "coordinates": [[[[116.4569557, 39.8703709], [116.4569581, 39.8702579], [116.4572826, 39.870262], [116.4572802, 39.870375], [116.4569557, 39.8703709]]]]}}, {"type": "Feature", "properties": {"building": "yes", "source": "osm"}, "geometry": {"type": "MultiPolygon", "coordinates": [[[[116.4573097, 39.8705809], [116.4576343, 39.8705809], [116.4576343, 39.8707126], [116.4573097, 39.8707126], [116.4573097, 39.8705809]]]]}}, {"type": "Feature", "properties": {"building": "yes", "source": "osm"}, "geometry": {"type": "MultiPolygon", "coordinates": [[[[116.4569543, 39.8706262], [116.457295, 39.8706242], [116.4572963, 39.8707558], [116.4569557, 39.8707579], [116.4569543, 39.8706262]]]]}}, {"type": "Feature", "properties": {"building": "yes", "source": "osm"}, "geometry": {"type": "MultiPolygon", "coordinates": [[[[116.4585977, 39.870621], [116.4589866, 39.8706128], [116.4589915, 39.8707476], [116.4586025, 39.8707558], [116.4585977, 39.870621]]]]}}, {"type": "Feature", "properties": {"building": "yes", "source": "osm"}, "geometry": {"type": "MultiPolygon", "coordinates": [[[[116.4581607, 39.8706346], [116.4586006, 39.8706305], [116.4586025, 39.8707558], [116.4581627, 39.87076], [116.4581607, 39.8706346]]]]}}, {"type": "Feature", "properties": {"building": "yes", "source": "osm"}, "geometry": {"type": "MultiPolygon", "coordinates": [[[[116.4581466, 39.8703832], [116.4581495, 39.8702186], [116.458922, 39.8702268], [116.458919, 39.8703915], [116.4581466, 39.8703832]]]]}}, {"type": "Feature", "properties": {"building": "yes", "source": "osm"}, "geometry": {"type": "MultiPolygon", "coordinates": [[[[116.4590746, 39.8685758], [116.4590938, 39.8683431], [116.4595605, 39.8683657], [116.4595413, 39.8685984], [116.4590746, 39.8685758]]]]}}, {"type": "Feature", "properties": {"building": "yes", "source": "osm"}, "geometry": {"type": "MultiPolygon", "coordinates": [[[[116.4593643, 39.8690349], [116.4596405, 39.869031], [116.4596459, 39.8692554], [116.4593697, 39.8692592], [116.4593643, 39.8690349]]]]}}, {"type": "Feature", "properties": {"building": "yes", "source": "osm"}, "geometry": {"type": "MultiPolygon", "coordinates": [[[[116.4589378, 39.8691995], [116.459147, 39.8691995], [116.459147, 39.8693004], [116.4589378, 39.8693004], [116.4589378, 39.8691995]]]]}}, {"type": "Feature", "properties": {"building": "yes", "source": "osm"}, "geometry": {"type": "MultiPolygon", "coordinates": [[[[116.4593509, 39.8689257], [116.4593543, 39.8688066], [116.4597164, 39.8688128], [116.459713, 39.8689319], [116.4593509, 39.8689257]]]]}}, {"type": "Feature", "properties": {"building": "yes", "source": "osm"}, "geometry": {"type": "MultiPolygon", "coordinates": [[[[116.4589924, 39.8696543], [116.4596174, 39.8696502], [116.4596191, 39.8698027], [116.4589941, 39.8698068], [116.4589924, 39.8696543]]]]}}, {"type": "Feature", "properties": {"building": "yes", "source": "osm"}, "geometry": {"type": "MultiPolygon", "coordinates": [[[[116.458506, 39.8696751], [116.4585087, 39.86943], [116.4588225, 39.8694321], [116.4588198, 39.8696771], [116.458506, 39.8696751]]]]}}, {"type": "Feature", "properties": {"building": "yes", "source": "osm"}, "geometry": {"type": "MultiPolygon", "coordinates": [[[[116.4580044, 39.8691378], [116.4583346, 39.8691311], [116.4583426, 39.8693637], [116.4580125, 39.8693704], [116.4580044, 39.8691378]]]]}}, {"type": "Feature", "properties": {"building": "yes", "source": "osm"}, "geometry": {"type": "MultiPolygon", "coordinates": [[[[116.4558667, 39.8684234], [116.4558721, 39.8681373], [116.4576852, 39.8681476], [116.4576584, 39.8693004], [116.4572561, 39.8692942], [116.4572641, 39.8688599], [116.4567009, 39.8684481], [116.4558667, 39.8684234]]]]}}, {"type": "Feature", "properties": {"building": "yes", "source": "osm"}, "geometry": {"type": "MultiPolygon", "coordinates": [[[[116.45805, 39.8686128], [116.4580539, 39.8682855], [116.4586493, 39.8682896], [116.4586455, 39.868617], [116.45805, 39.8686128]]]]}}, {"type": "Feature", "properties": {"building": "yes", "source": "osm"}, "geometry": {"type": "MultiPolygon", "coordinates": [[[[116.4590317, 39.8683411], [116.4590328, 39.8681478], [116.459631, 39.8681499], [116.4596298, 39.8683432], [116.4590317, 39.8683411]]]]}}, {"type": "Feature", "properties": {"building": "yes", "source": "osm"}, "geometry": {"type": "MultiPolygon", "coordinates": [[[[116.4517441, 39.8696936], [116.4534608, 39.8696936], [116.4534608, 39.8699015], [116.4517441, 39.8699015], [116.4517441, 39.8696936]]]]}}, {"type": "Feature", "properties": {"building": "yes", "source": "osm"}, "geometry": {"type": "MultiPolygon", "coordinates": [[[[116.4526293, 39.8685305], [116.4529672, 39.8685305], [116.4529672, 39.8688537], [116.4526293, 39.8688537], [116.4526293, 39.8685305]]]]}}, {"type": "Feature", "properties": {"building": "yes", "source": "osm"}, "geometry": {"type": "MultiPolygon", "coordinates": [[[[116.4535094, 39.8690263], [116.4540861, 39.8690099], [116.4540817, 39.8693704], [116.4538282, 39.8693714], [116.4538242, 39.8692963], [116.4535117, 39.8692963], [116.4535094, 39.8690263]]]]}}, {"type": "Feature", "properties": {"building": "yes", "source": "osm"}, "geometry": {"type": "MultiPolygon", "coordinates": [[[[116.4531498, 39.8690574], [116.4535092, 39.8690554], [116.4535117, 39.8692963], [116.453151, 39.8692973], [116.4531498, 39.8690574]]]]}}, {"type": "Feature", "properties": {"building": "yes", "source": "osm"}, "geometry": {"type": "MultiPolygon", "coordinates": [[[[116.4538014, 39.8697986], [116.4538068, 39.8693725], [116.454134, 39.8693749], [116.4541286, 39.869801], [116.4538014, 39.8697986]]]]}}, {"type": "Feature", "properties": {"building": "yes", "source": "osm"}, "geometry": {"type": "MultiPolygon", "coordinates": [[[[116.4534044, 39.86795], [116.4535275, 39.8678724], [116.45356, 39.8678429], [116.4536431, 39.8678161], [116.4537987, 39.8678182], [116.4539137, 39.8678724], [116.4539784, 39.8679561], [116.4539731, 39.8680982], [116.4534071, 39.868092], [116.4534044, 39.86795]]]]}}, {"type": "Feature", "properties": {"building": "yes", "source": "osm"}, "geometry": {"type": "MultiPolygon", "coordinates": [[[[116.4534339, 39.8687775], [116.4534366, 39.8681599], [116.4536834, 39.8681606], [116.4536807, 39.8687782], [116.4534339, 39.8687775]]]]}}, {"type": "Feature", "properties": {"building": "yes", "source": "osm"}, "geometry": {"type": "MultiPolygon", "coordinates": [[[[116.4530319, 39.87041], [116.4539975, 39.870408], [116.4539999, 39.8710667], [116.4530343, 39.8710687], [116.4530319, 39.87041]]]]}}, {"type": "Feature", "properties": {"building": "yes", "source": "osm"}, "geometry": {"type": "MultiPolygon", "coordinates": [[[[116.4486542, 39.8702927], [116.4493275, 39.8702906], [116.4494482, 39.8703524], [116.4494482, 39.8707023], [116.449239, 39.8707167], [116.4492363, 39.8705212], [116.4490297, 39.8705171], [116.4490405, 39.8704059], [116.448665, 39.8704059], [116.4486542, 39.8702927]]]]}}, {"type": "Feature", "properties": {"building": "apartments", "source": "osm"}, "geometry": {"type": "MultiPolygon", "coordinates": [[[[116.4477999, 39.8706708], [116.4487011, 39.8706585], [116.4487052, 39.8708341], [116.447804, 39.8708464], [116.4477999, 39.8706708]]]]}}, {"type": "Feature", "properties": {"building": "apartments", "source": "osm"}, "geometry": {"type": "MultiPolygon", "coordinates": [[[[116.4476234, 39.8702757], [116.4482162, 39.8702675], [116.4482197, 39.8704162], [116.4476269, 39.8704244], [116.4476234, 39.8702757]]]]}}, {"type": "Feature", "properties": {"building": "yes", "source": "osm"}, "geometry": {"type": "MultiPolygon", "coordinates": [[[[116.447021, 39.8710118], [116.4475038, 39.8710036], [116.4475089, 39.8711799], [116.4470261, 39.8711881], [116.447021, 39.8710118]]]]}}, {"type": "Feature", "properties": {"building": "yes", "source": "osm"}, "geometry": {"type": "MultiPolygon", "coordinates": [[[[116.4462749, 39.8710586], [116.4470178, 39.8710442], [116.4470234, 39.8712149], [116.4462805, 39.8712293], [116.4462749, 39.8710586]]]]}}, {"type": "Feature", "properties": {"building": "yes", "source": "osm"}, "geometry": {"type": "MultiPolygon", "coordinates": [[[[116.4466771, 39.870659], [116.4469776, 39.8706507], [116.4469859, 39.87083], [116.4466855, 39.8708382], [116.4466771, 39.870659]]]]}}, {"type": "Feature", "properties": {"building": "yes", "source": "osm"}, "geometry": {"type": "MultiPolygon", "coordinates": [[[[116.4461831, 39.8706535], [116.4464835, 39.8706453], [116.4464924, 39.8708361], [116.446192, 39.8708444], [116.4461831, 39.8706535]]]]}}, {"type": "Feature", "properties": {"building": "yes", "source": "osm"}, "geometry": {"type": "MultiPolygon", "coordinates": [[[[116.446115, 39.8702637], [116.4472951, 39.8702555], [116.447297, 39.8704162], [116.4461169, 39.8704244], [116.446115, 39.8702637]]]]}}, {"type": "Feature", "properties": {"building": "apartments", "source": "osm"}, "geometry": {"type": "MultiPolygon", "coordinates": [[[[116.4454973, 39.8702844], [116.4457819, 39.8702808], [116.4457872, 39.8705257], [116.4455026, 39.8705294], [116.4454973, 39.8702844]]]]}}, {"type": "Feature", "properties": {"building": "apartments", "source": "osm"}, "geometry": {"type": "MultiPolygon", "coordinates": [[[[116.445795, 39.8711593], [116.4458084, 39.8709123], [116.4461203, 39.8709223], [116.4461069, 39.8711693], [116.445795, 39.8711593]]]]}}, {"type": "Feature", "properties": {"building": "yes", "source": "osm"}, "geometry": {"type": "MultiPolygon", "coordinates": [[[[116.4448938, 39.8707517], [116.4449126, 39.870305], [116.445326, 39.8703153], [116.4453073, 39.870762], [116.4448938, 39.8707517]]]]}}, {"type": "Feature", "properties": {"building": "apartments", "source": "osm"}, "geometry": {"type": "MultiPolygon", "coordinates": [[[[116.4449662, 39.8711449], [116.4449769, 39.8709267], [116.4453001, 39.8709361], [116.4452894, 39.8711543], [116.4449662, 39.8711449]]]]}}, {"type": "Feature", "properties": {"building": "apartments", "source": "osm"}, "geometry": {"type": "MultiPolygon", "coordinates": [[[[116.4454624, 39.8714331], [116.4457714, 39.871429], [116.4457767, 39.8716657], [116.4454678, 39.8716698], [116.4454624, 39.8714331]]]]}}, {"type": "Feature", "properties": {"building": "yes", "source": "osm"}, "geometry": {"type": "MultiPolygon", "coordinates": [[[[116.4449152, 39.8712952], [116.4451812, 39.8712941], [116.4451839, 39.8716935], [116.4449179, 39.8716946], [116.4449152, 39.8712952]]]]}}, {"type": "Feature", "properties": {"building": "yes", "source": "osm"}, "geometry": {"type": "MultiPolygon", "coordinates": [[[[116.44355, 39.8716678], [116.4435539, 39.871491], [116.4440313, 39.8714972], [116.4440274, 39.871674], [116.44355, 39.8716678]]]]}}, {"type": "Feature", "properties": {"building": "yes", "source": "osm"}, "geometry": {"type": "MultiPolygon", "coordinates": [[[[116.4441481, 39.8713117], [116.4444902, 39.8712935], [116.4445224, 39.8716496], [116.4441803, 39.8716678], [116.4441481, 39.8713117]]]]}}, {"type": "Feature", "properties": {"building": "yes", "source": "osm"}, "geometry": {"type": "MultiPolygon", "coordinates": [[[[116.4435795, 39.8710667], [116.4439255, 39.8710667], [116.4439255, 39.8711943], [116.4435795, 39.8711943], [116.4435795, 39.8710667]]]]}}, {"type": "Feature", "properties": {"building": "yes", "source": "osm"}, "geometry": {"type": "MultiPolygon", "coordinates": [[[[116.4432175, 39.871026], [116.4435608, 39.8710177], [116.4435661, 39.871147], [116.4432228, 39.8711552], [116.4432175, 39.871026]]]]}}, {"type": "Feature", "properties": {"building": "yes", "source": "osm"}, "geometry": {"type": "MultiPolygon", "coordinates": [[[[116.4439448, 39.8703475], [116.44439, 39.8703166], [116.4444083, 39.8704718], [116.443963, 39.8705026], [116.4439448, 39.8703475]]]]}}, {"type": "Feature", "properties": {"building": "yes", "source": "osm"}, "geometry": {"type": "MultiPolygon", "coordinates": [[[[116.4441884, 39.8709329], [116.4442044, 39.8705479], [116.4444049, 39.8705529], [116.4443888, 39.8709378], [116.4441884, 39.8709329]]]]}}, {"type": "Feature", "properties": {"building": "yes", "source": "osm"}, "geometry": {"type": "MultiPolygon", "coordinates": [[[[116.4442259, 39.8711923], [116.4442313, 39.8709494], [116.4444579, 39.8709523], [116.4444526, 39.8711952], [116.4442259, 39.8711923]]]]}}, {"type": "Feature", "properties": {"building": "yes", "source": "osm"}, "geometry": {"type": "MultiPolygon", "coordinates": [[[[116.4435525, 39.8707337], [116.4438475, 39.8707152], [116.4438584, 39.8708176], [116.4435634, 39.8708361], [116.4435525, 39.8707337]]]]}}, {"type": "Feature", "properties": {"building": "yes", "source": "osm"}, "geometry": {"type": "MultiPolygon", "coordinates": [[[[116.4431914, 39.8707136], [116.4435321, 39.8706868], [116.4435473, 39.8708011], [116.4432067, 39.8708279], [116.4431914, 39.8707136]]]]}}, {"type": "Feature", "properties": {"building": "yes", "source": "osm"}, "geometry": {"type": "MultiPolygon", "coordinates": [[[[116.4431606, 39.8703925], [116.4437024, 39.8703431], [116.4437216, 39.8704676], [116.4431798, 39.8705171], [116.4431606, 39.8703925]]]]}}, {"type": "Feature", "properties": {"building": "apartments", "source": "osm"}, "geometry": {"type": "MultiPolygon", "coordinates": [[[[116.4415026, 39.8698311], [116.4422295, 39.8697528], [116.4422706, 39.8699777], [116.4415437, 39.8700559], [116.4415026, 39.8698311]]]]}}, {"type": "Feature", "properties": {"building": "apartments", "source": "osm"}, "geometry": {"type": "MultiPolygon", "coordinates": [[[[116.4409402, 39.8694898], [116.4412891, 39.8694748], [116.441332, 39.8700615], [116.4409831, 39.8700765], [116.4409402, 39.8694898]]]]}}, {"type": "Feature", "properties": {"building": "apartments", "source": "osm"}, "geometry": {"type": "MultiPolygon", "coordinates": [[[[116.4415812, 39.8689278], [116.4419596, 39.868859], [116.4420562, 39.8691719], [116.4416778, 39.8692407], [116.4415812, 39.8689278]]]]}}, {"type": "Feature", "properties": {"building": "apartments", "source": "osm"}, "geometry": {"type": "MultiPolygon", "coordinates": [[[[116.4422947, 39.8686211], [116.442712, 39.8685443], [116.4428058, 39.8688449], [116.4423886, 39.8689216], [116.4422947, 39.8686211]]]]}}, {"type": "Feature", "properties": {"building": "apartments", "source": "osm"}, "geometry": {"type": "MultiPolygon", "coordinates": [[[[116.4424396, 39.8692572], [116.4427444, 39.8692151], [116.4428678, 39.8697421], [116.4425629, 39.8697842], [116.4424396, 39.8692572]]]]}}, {"type": "Feature", "properties": {"building": "apartments", "source": "osm"}, "geometry": {"type": "MultiPolygon", "coordinates": [[[[116.4437968, 39.8695598], [116.4439557, 39.8695508], [116.4439718, 39.8697175], [116.4438128, 39.8697266], [116.4437968, 39.8695598]]]]}}, {"type": "Feature", "properties": {"building": "apartments", "source": "osm"}, "geometry": {"type": "MultiPolygon", "coordinates": [[[[116.4433113, 39.8694239], [116.443677, 39.8693631], [116.4437735, 39.8697048], [116.4434078, 39.8697657], [116.4433113, 39.8694239]]]]}}, {"type": "Feature", "properties": {"building": "apartments", "source": "osm"}, "geometry": {"type": "MultiPolygon", "coordinates": [[[[116.4442527, 39.8692037], [116.4442608, 39.868934], [116.4443536, 39.8689356], [116.4443455, 39.8692053], [116.4442527, 39.8692037]]]]}}, {"type": "Feature", "properties": {"building": "apartments", "source": "osm"}, "geometry": {"type": "MultiPolygon", "coordinates": [[[[116.4440167, 39.8696771], [116.4440221, 39.8693601], [116.4443969, 39.8693639], [116.4443916, 39.8696809], [116.4440167, 39.8696771]]]]}}, {"type": "Feature", "properties": {"building": "apartments", "source": "osm"}, "geometry": {"type": "MultiPolygon", "coordinates": [[[[116.444065, 39.8687693], [116.4440677, 39.8684255], [116.4444776, 39.8684274], [116.4444749, 39.8687712], [116.444065, 39.8687693]]]]}}, {"type": "Feature", "properties": {"building": "apartments", "source": "osm"}, "geometry": {"type": "MultiPolygon", "coordinates": [[[[116.4436787, 39.8686128], [116.4439903, 39.8685904], [116.4440145, 39.868788], [116.4437029, 39.8688105], [116.4436787, 39.8686128]]]]}}, {"type": "Feature", "properties": {"building": "apartments", "source": "osm"}, "geometry": {"type": "MultiPolygon", "coordinates": [[[[116.4431047, 39.8685017], [116.4435321, 39.8684225], [116.443626, 39.868721], [116.4431986, 39.8688002], [116.4431047, 39.8685017]]]]}}, {"type": "Feature", "properties": {"building": "apartments", "source": "osm"}, "geometry": {"type": "MultiPolygon", "coordinates": [[[[116.4492685, 39.8685264], [116.4494912, 39.8685236], [116.4494966, 39.8687768], [116.4492738, 39.8687796], [116.4492685, 39.8685264]]]]}}, {"type": "Feature", "properties": {"building": "apartments", "source": "osm"}, "geometry": {"type": "MultiPolygon", "coordinates": [[[[116.4486488, 39.8682965], [116.4489841, 39.8682863], [116.4489949, 39.8684934], [116.4486596, 39.8685037], [116.4486488, 39.8682965]]]]}}, {"type": "Feature", "properties": {"building": "apartments", "source": "osm"}, "geometry": {"type": "MultiPolygon", "coordinates": [[[[116.4490966, 39.8681576], [116.4494936, 39.8681535], [116.4494991, 39.8684687], [116.4491022, 39.8684728], [116.4490966, 39.8681576]]]]}}, {"type": "Feature", "properties": {"building": "apartments", "source": "osm"}, "geometry": {"type": "MultiPolygon", "coordinates": [[[[116.448209, 39.8681785], [116.4485979, 39.8681785], [116.4485979, 39.868477], [116.448209, 39.868477], [116.448209, 39.8681785]]]]}}, {"type": "Feature", "properties": {"building": "apartments", "source": "osm"}, "geometry": {"type": "MultiPolygon", "coordinates": [[[[116.4470076, 39.8683511], [116.4472866, 39.8683408], [116.447297, 39.8685078], [116.4470181, 39.8685181], [116.4470076, 39.8683511]]]]}}, {"type": "Feature", "properties": {"building": "apartments", "source": "osm"}, "geometry": {"type": "MultiPolygon", "coordinates": [[[[116.4473748, 39.8681373], [116.4477638, 39.8681316], [116.4477718, 39.8684548], [116.4473829, 39.8684605], [116.4473748, 39.8681373]]]]}}, {"type": "Feature", "properties": {"building": "apartments", "source": "osm"}, "geometry": {"type": "MultiPolygon", "coordinates": [[[[116.4465494, 39.8681495], [116.4469893, 39.8681413], [116.4469993, 39.8684564], [116.4465594, 39.8684646], [116.4465494, 39.8681495]]]]}}, {"type": "Feature", "properties": {"building": "apartments", "source": "osm"}, "geometry": {"type": "MultiPolygon", "coordinates": [[[[116.4457816, 39.8684811], [116.4457845, 39.8681703], [116.44616, 39.8681724], [116.4461571, 39.8684831], [116.4457816, 39.8684811]]]]}}, {"type": "Feature", "properties": {"building": "apartments", "source": "osm"}, "geometry": {"type": "MultiPolygon", "coordinates": [[[[116.4454007, 39.8685099], [116.4454054, 39.8683245], [116.4456843, 39.8683286], [116.4456797, 39.868514], [116.4454007, 39.8685099]]]]}}, {"type": "Feature", "properties": {"building": "apartments", "source": "osm"}, "geometry": {"type": "MultiPolygon", "coordinates": [[[[116.4449771, 39.8681638], [116.4454009, 39.8681597], [116.4454061, 39.8684728], [116.4449823, 39.868477], [116.4449771, 39.8681638]]]]}}, {"type": "Feature", "properties": {"building": "apartments", "source": "osm"}, "geometry": {"type": "MultiPolygon", "coordinates": [[[[116.4449501, 39.8688002], [116.4449528, 39.8686149], [116.4451536, 39.8686166], [116.4451509, 39.8688019], [116.4449501, 39.8688002]]]]}}, {"type": "Feature", "properties": {"building": "apartments", "source": "osm"}, "geometry": {"type": "MultiPolygon", "coordinates": [[[[116.4454052, 39.8695278], [116.445711, 39.8695175], [116.4457226, 39.8697204], [116.4454168, 39.8697307], [116.4454052, 39.8695278]]]]}}, {"type": "Feature", "properties": {"building": "apartments", "source": "osm"}, "geometry": {"type": "MultiPolygon", "coordinates": [[[[116.4457574, 39.8697657], [116.4457816, 39.8693601], [116.4461766, 39.869374], [116.4461525, 39.8697795], [116.4457574, 39.8697657]]]]}}, {"type": "Feature", "properties": {"building": "apartments", "source": "osm"}, "geometry": {"type": "MultiPolygon", "coordinates": [[[[116.4449769, 39.8692901], [116.4453421, 39.8692885], [116.4453447, 39.8696488], [116.4449796, 39.8696504], [116.4449769, 39.8692901]]]]}}, {"type": "Feature", "properties": {"building": "apartments", "source": "osm"}, "geometry": {"type": "MultiPolygon", "coordinates": [[[[116.4431879, 39.8681826], [116.4431959, 39.8680055], [116.4440784, 39.8679994], [116.4440891, 39.867777], [116.4443171, 39.867775], [116.4443144, 39.8681888], [116.4431879, 39.8681826]]]]}}, {"type": "Feature", "properties": {"building": "yes", "source": "osm"}, "geometry": {"type": "MultiPolygon", "coordinates": [[[[116.4368863, 39.8681354], [116.4373289, 39.8680572], [116.4373782, 39.8682217], [116.4369357, 39.8682999], [116.4368863, 39.8681354]]]]}}, {"type": "Feature", "properties": {"building": "yes", "source": "osm"}, "geometry": {"type": "MultiPolygon", "coordinates": [[[[116.4389876, 39.8687714], [116.4392052, 39.8687645], [116.4392239, 39.8691165], [116.4390063, 39.8691234], [116.4389876, 39.8687714]]]]}}, {"type": "Feature", "properties": {"building": "yes", "source": "osm"}, "geometry": {"type": "MultiPolygon", "coordinates": [[[[116.4392638, 39.8687137], [116.4394587, 39.8687044], [116.4394909, 39.8691017], [116.439296, 39.869111], [116.4392638, 39.8687137]]]]}}, {"type": "Feature", "properties": {"building": "yes", "source": "osm"}, "geometry": {"type": "MultiPolygon", "coordinates": [[[[116.4397144, 39.8685305], [116.4399007, 39.8685279], [116.4399141, 39.8690899], [116.4397278, 39.8690925], [116.4397144, 39.8685305]]]]}}, {"type": "Feature", "properties": {"building": "yes", "source": "osm"}, "geometry": {"type": "MultiPolygon", "coordinates": [[[[116.4376627, 39.8691254], [116.4380241, 39.8690384], [116.4380696, 39.8691496], [116.4380434, 39.8692675], [116.4378718, 39.8692881], [116.4377081, 39.8692366], [116.4376627, 39.8691254]]]]}}, {"type": "Feature", "properties": {"building": "yes", "source": "osm"}, "geometry": {"type": "MultiPolygon", "coordinates": [[[[116.438054, 39.8693129], [116.438585, 39.8692848], [116.4386281, 39.8697643], [116.4380971, 39.8697924], [116.438054, 39.8693129]]]]}}, {"type": "Feature", "properties": {"building": "yes", "source": "osm"}, "geometry": {"type": "MultiPolygon", "coordinates": [[[[116.4488447, 39.870795], [116.4488512, 39.8706603], [116.4491382, 39.8706685], [116.4491317, 39.8708032], [116.4488447, 39.870795]]]]}}, {"type": "Feature", "properties": {"building": "apartments", "source": "osm"}, "geometry": {"type": "MultiPolygon", "coordinates": [[[[116.4478821, 39.8710769], [116.4488047, 39.8710605], [116.4488098, 39.8712273], [116.4478871, 39.8712437], [116.4478821, 39.8710769]]]]}}, {"type": "Feature", "properties": {"building": "apartments", "source": "osm"}, "geometry": {"type": "MultiPolygon", "coordinates": [[[[116.4480051, 39.8716472], [116.4480085, 39.8714638], [116.4485771, 39.87147], [116.4485738, 39.8716534], [116.4480051, 39.8716472]]]]}}, {"type": "Feature", "properties": {"building": "apartments", "source": "osm"}, "geometry": {"type": "MultiPolygon", "coordinates": [[[[116.4490099, 39.8713239], [116.4495865, 39.8713218], [116.4495876, 39.8715052], [116.449011, 39.8715072], [116.4490099, 39.8713239]]]]}}, {"type": "Feature", "properties": {"building": "apartments", "source": "osm"}, "geometry": {"type": "MultiPolygon", "coordinates": [[[[116.4489815, 39.8710955], [116.4489843, 39.8709411], [116.4495609, 39.8709473], [116.4495581, 39.8711017], [116.4489815, 39.8710955]]]]}}, {"type": "Feature", "properties": {"building": "apartments", "source": "osm"}, "geometry": {"type": "MultiPolygon", "coordinates": [[[[116.4481201, 39.8719906], [116.4481232, 39.8718736], [116.4487964, 39.8718839], [116.4487934, 39.8720009], [116.4481201, 39.8719906]]]]}}, {"type": "Feature", "properties": {"building": "apartments", "source": "osm"}, "geometry": {"type": "MultiPolygon", "coordinates": [[[[116.4490002, 39.8717501], [116.4496198, 39.871746], [116.4496213, 39.8718797], [116.4490017, 39.8718838], [116.4490002, 39.8717501]]]]}}, {"type": "Feature", "properties": {"building": "yes", "source": "osm"}, "geometry": {"type": "MultiPolygon", "coordinates": [[[[116.4506632, 39.8680323], [116.4506662, 39.8678348], [116.4508995, 39.8678368], [116.4508966, 39.8680344], [116.4506632, 39.8680323]]]]}}, {"type": "Feature", "properties": {"building": "yes", "source": "osm"}, "geometry": {"type": "MultiPolygon", "coordinates": [[[[116.4503806, 39.8682459], [116.4509534, 39.8682368], [116.4509685, 39.8688027], [116.4503915, 39.8688118], [116.4503877, 39.8686679], [116.4508371, 39.8686608], [116.4508302, 39.8684024], [116.450385, 39.8684094], [116.4503806, 39.8682459]]]]}}, {"type": "Feature", "properties": {"building": "yes", "source": "osm"}, "geometry": {"type": "MultiPolygon", "coordinates": [[[[116.4520687, 39.8677873], [116.4528358, 39.8677688], [116.4530236, 39.8679026], [116.4530262, 39.868057], [116.452876, 39.8680508], [116.4528707, 39.8679602], [116.4528009, 39.8678964], [116.4520794, 39.8679191], [116.4520687, 39.8677873]]]]}}, {"type": "Feature", "properties": {"building": "yes", "source": "osm"}, "geometry": {"type": "MultiPolygon", "coordinates": [[[[116.451323, 39.8679026], [116.4514706, 39.8678017], [116.4519212, 39.8677853], [116.4519265, 39.867915], [116.4515403, 39.8679108], [116.4515215, 39.8680323], [116.4513257, 39.8680405], [116.451323, 39.8679026]]]]}}, {"type": "Feature", "properties": {"building": "yes", "source": "osm"}, "geometry": {"type": "MultiPolygon", "coordinates": [[[[116.451382, 39.8684502], [116.4517446, 39.8684485], [116.4517473, 39.8687799], [116.4513847, 39.8687816], [116.451382, 39.8684502]]]]}}, {"type": "Feature", "properties": {"building": "yes", "source": "osm"}, "geometry": {"type": "MultiPolygon", "coordinates": [[[[116.4519641, 39.868864], [116.451965, 39.868726], [116.45248, 39.8687281], [116.4524791, 39.868866], [116.4519641, 39.868864]]]]}}, {"type": "Feature", "properties": {"building": "yes", "source": "osm"}, "geometry": {"type": "MultiPolygon", "coordinates": [[[[116.4525605, 39.8931903], [116.4525622, 39.892954], [116.4535359, 39.8929581], [116.4535342, 39.8931945], [116.4525605, 39.8931903]]]]}}, {"type": "Feature", "properties": {"building": "yes", "source": "osm"}, "geometry": {"type": "MultiPolygon", "coordinates": [[[[116.4534826, 39.8944979], [116.4539761, 39.8944876], [116.4539838, 39.8947032], [116.4534903, 39.8947135], [116.4534826, 39.8944979]]]]}}, {"type": "Feature", "properties": {"building": "yes", "source": "osm"}, "geometry": {"type": "MultiPolygon", "coordinates": [[[[116.4514726, 39.8940695], [116.4517335, 39.8940659], [116.4517367, 39.8942078], [116.4514759, 39.8942114], [116.4514726, 39.8940695]]]]}}, {"type": "Feature", "properties": {"building": "yes", "source": "osm"}, "geometry": {"type": "MultiPolygon", "coordinates": [[[[116.4517099, 39.8938436], [116.4519131, 39.8938348], [116.4519399, 39.894199], [116.4517367, 39.8942078], [116.4517099, 39.8938436]]]]}}, {"type": "Feature", "properties": {"building": "yes", "source": "osm"}, "geometry": {"type": "MultiPolygon", "coordinates": [[[[116.4513338, 39.8930014], [116.4517308, 39.8929993], [116.4517334, 39.8932935], [116.4513364, 39.8932956], [116.4513338, 39.8930014]]]]}}, {"type": "Feature", "properties": {"building": "yes", "source": "osm"}, "geometry": {"type": "MultiPolygon", "coordinates": [[[[116.452278, 39.8945028], [116.4527501, 39.8944843], [116.4527661, 39.8947238], [116.452294, 39.8947423], [116.452278, 39.8945028]]]]}}, {"type": "Feature", "properties": {"building": "yes", "source": "osm"}, "geometry": {"type": "MultiPolygon", "coordinates": [[[[116.4511365, 39.894568], [116.451461, 39.8945597], [116.4514706, 39.8947814], [116.451146, 39.8947896], [116.4511365, 39.894568]]]]}}, {"type": "Feature", "properties": {"building": "yes", "source": "osm"}, "geometry": {"type": "MultiPolygon", "coordinates": [[[[116.4515485, 39.8944201], [116.4519374, 39.8944118], [116.4519453, 39.8946312], [116.4515564, 39.8946394], [116.4515485, 39.8944201]]]]}}, {"type": "Feature", "properties": {"building": "yes", "source": "osm"}, "geometry": {"type": "MultiPolygon", "coordinates": [[[[116.4501112, 39.8944671], [116.4503923, 39.8944542], [116.4504003, 39.8945571], [116.4501192, 39.89457], [116.4501112, 39.8944671]]]]}}, {"type": "Feature", "properties": {"building": "yes", "source": "osm"}, "geometry": {"type": "MultiPolygon", "coordinates": [[[[116.4503548, 39.8945715], [116.4506552, 39.8945715], [116.4506552, 39.8947917], [116.4503548, 39.8947917], [116.4503548, 39.8945715]]]]}}, {"type": "Feature", "properties": {"building": "yes", "source": "osm"}, "geometry": {"type": "MultiPolygon", "coordinates": [[[[116.450916, 39.8934953], [116.4513236, 39.8934932], [116.4513257, 39.8937339], [116.450918, 39.893736], [116.450916, 39.8934953]]]]}}, {"type": "Feature", "properties": {"building": "yes", "source": "osm"}, "geometry": {"type": "MultiPolygon", "coordinates": [[[[116.450623, 39.8942258], [116.450625, 39.8939953], [116.45103, 39.8939973], [116.451028, 39.8942278], [116.450623, 39.8942258]]]]}}, {"type": "Feature", "properties": {"building": "yes", "source": "osm"}, "geometry": {"type": "MultiPolygon", "coordinates": [[[[116.4502785, 39.8935067], [116.4506165, 39.8935119], [116.4506149, 39.8937154], [116.4502823, 39.8937154], [116.4502785, 39.8935067]]]]}}, {"type": "Feature", "properties": {"building": "yes", "source": "osm"}, "geometry": {"type": "MultiPolygon", "coordinates": [[[[116.4498453, 39.8930074], [116.4502718, 39.8930054], [116.4502743, 39.8933121], [116.4498478, 39.8933141], [116.4498453, 39.8930074]]]]}}, {"type": "Feature", "properties": {"building": "yes", "source": "osm"}, "geometry": {"type": "MultiPolygon", "coordinates": [[[[116.4486344, 39.8925747], [116.4492754, 39.8925706], [116.4492765, 39.8926679], [116.4486355, 39.8926721], [116.4486344, 39.8925747]]]]}}, {"type": "Feature", "properties": {"building": "yes", "source": "osm"}, "geometry": {"type": "MultiPolygon", "coordinates": [[[[116.449129, 39.8926803], [116.4493409, 39.8926803], [116.4493409, 39.893061], [116.449129, 39.893061], [116.449129, 39.8926803]]]]}}, {"type": "Feature", "properties": {"building": "yes", "source": "osm"}, "geometry": {"type": "MultiPolygon", "coordinates": [[[[116.4491349, 39.8932314], [116.4494112, 39.8932211], [116.4494213, 39.893382], [116.4491451, 39.8933923], [116.4491349, 39.8932314]]]]}}, {"type": "Feature", "properties": {"building": "yes", "source": "osm"}, "geometry": {"type": "MultiPolygon", "coordinates": [[[[116.4486665, 39.8928338], [116.4490339, 39.8928214], [116.4490432, 39.8929828], [116.4486757, 39.8929951], [116.4486665, 39.8928338]]]]}}, {"type": "Feature", "properties": {"building": "yes", "source": "osm"}, "geometry": {"type": "MultiPolygon", "coordinates": [[[[116.4482529, 39.8925832], [116.4485265, 39.892577], [116.4485309, 39.8926906], [116.4482573, 39.8926967], [116.4482529, 39.8925832]]]]}}, {"type": "Feature", "properties": {"building": "yes", "source": "osm"}, "geometry": {"type": "MultiPolygon", "coordinates": [[[[116.4477477, 39.8928563], [116.4477504, 39.8926299], [116.4478952, 39.8926309], [116.4478925, 39.8928573], [116.4477477, 39.8928563]]]]}}, {"type": "Feature", "properties": {"building": "yes", "source": "osm"}, "geometry": {"type": "MultiPolygon", "coordinates": [[[[116.4467981, 39.8929849], [116.4467986, 39.8929046], [116.4474852, 39.8929067], [116.4474848, 39.8929869], [116.4467981, 39.8929849]]]]}}, {"type": "Feature", "properties": {"building": "yes", "source": "osm"}, "geometry": {"type": "MultiPolygon", "coordinates": [[[[116.4475042, 39.8929526], [116.4478985, 39.8929361], [116.4479059, 39.8930404], [116.4475116, 39.8930569], [116.4475042, 39.8929526]]]]}}, {"type": "Feature", "properties": {"building": "yes", "source": "osm"}, "geometry": {"type": "MultiPolygon", "coordinates": [[[[116.4483783, 39.893141], [116.4485013, 39.8931371], [116.4485094, 39.8932894], [116.4484125, 39.8932925], [116.4483863, 39.8932933], [116.4483783, 39.893141]]]]}}, {"type": "Feature", "properties": {"building": "yes", "source": "osm"}, "geometry": {"type": "MultiPolygon", "coordinates": [[[[116.4484125, 39.8932925], [116.4485094, 39.8932894], [116.4485148, 39.8934191], [116.4484185, 39.8934214], [116.4484125, 39.8932925]]]]}}, {"type": "Feature", "properties": {"building": "yes", "source": "osm"}, "geometry": {"type": "MultiPolygon", "coordinates": [[[[116.4481071, 39.8928614], [116.4484209, 39.8928614], [116.4484209, 39.8930589], [116.4481071, 39.8930589], [116.4481071, 39.8928614]]]]}}, {"type": "Feature", "properties": {"building": "yes", "source": "osm"}, "geometry": {"type": "MultiPolygon", "coordinates": [[[[116.4459634, 39.8931584], [116.4459693, 39.8930404], [116.446318, 39.8930507], [116.4463138, 39.8931344], [116.4463121, 39.8931687], [116.4462575, 39.8931673], [116.4459634, 39.8931584]]]]}}, {"type": "Feature", "properties": {"building": "yes", "source": "osm"}, "geometry": {"type": "MultiPolygon", "coordinates": [[[[116.4462564, 39.8931356], [116.4463138, 39.8931344], [116.4466694, 39.8931273], [116.4466748, 39.8932853], [116.4462617, 39.8932935], [116.4462575, 39.8931673], [116.4462564, 39.8931356]]]]}}, {"type": "Feature", "properties": {"building": "yes", "source": "osm"}, "geometry": {"type": "MultiPolygon", "coordinates": [[[[116.4475331, 39.8934582], [116.4479113, 39.8934582], [116.4479113, 39.8935549], [116.4475331, 39.8935549], [116.4475331, 39.8934582]]]]}}, {"type": "Feature", "properties": {"building": "yes", "source": "osm"}, "geometry": {"type": "MultiPolygon", "coordinates": [[[[116.4470912, 39.8932664], [116.4474828, 39.8932479], [116.4475009, 39.8934726], [116.4471093, 39.8934911], [116.4470912, 39.8932664]]]]}}, {"type": "Feature", "properties": {"building": "yes", "source": "osm"}, "geometry": {"type": "MultiPolygon", "coordinates": [[[[116.4474055, 39.8939909], [116.4481083, 39.8939868], [116.4481097, 39.8941332], [116.447407, 39.8941373], [116.4474055, 39.8939909]]]]}}, {"type": "Feature", "properties": {"building": "yes", "source": "osm"}, "geometry": {"type": "MultiPolygon", "coordinates": [[[[116.4480082, 39.8935302], [116.448424, 39.8935137], [116.448437, 39.8937072], [116.4480212, 39.8937236], [116.4480082, 39.8935302]]]]}}, {"type": "Feature", "properties": {"building": "yes", "source": "osm"}, "geometry": {"type": "MultiPolygon", "coordinates": [[[[116.4486767, 39.8935488], [116.4490736, 39.8935426], [116.449078, 39.8937092], [116.4486811, 39.8937154], [116.4486767, 39.8935488]]]]}}, {"type": "Feature", "properties": {"building": "yes", "source": "osm"}, "geometry": {"type": "MultiPolygon", "coordinates": [[[[116.4481754, 39.8942812], [116.448559, 39.8942792], [116.4485604, 39.8944274], [116.4481768, 39.8944295], [116.4481754, 39.8942812]]]]}}, {"type": "Feature", "properties": {"building": "yes", "source": "osm"}, "geometry": {"type": "MultiPolygon", "coordinates": [[[[116.4485612, 39.894223], [116.44939, 39.8942086], [116.4493945, 39.8943616], [116.4485657, 39.894376], [116.4485612, 39.894223]]]]}}, {"type": "Feature", "properties": {"building": "yes", "source": "osm"}, "geometry": {"type": "MultiPolygon", "coordinates": [[[[116.4476084, 39.8951023], [116.4482387, 39.8950962], [116.4482412, 39.8952444], [116.4476109, 39.8952506], [116.4476084, 39.8951023]]]]}}, {"type": "Feature", "properties": {"building": "yes", "source": "osm"}, "geometry": {"type": "MultiPolygon", "coordinates": [[[[116.4465085, 39.8956107], [116.4476699, 39.8956066], [116.4476706, 39.8957261], [116.4465092, 39.8957302], [116.4465085, 39.8956107]]]]}}, {"type": "Feature", "properties": {"building": "yes", "source": "osm"}, "geometry": {"type": "MultiPolygon", "coordinates": [[[[116.44517, 39.8956169], [116.446318, 39.8955922], [116.4463231, 39.8957321], [116.4451752, 39.8957568], [116.44517, 39.8956169]]]]}}, {"type": "Feature", "properties": {"building": "yes", "source": "osm"}, "geometry": {"type": "MultiPolygon", "coordinates": [[[[116.4444029, 39.894448], [116.4450359, 39.894448], [116.4450359, 39.8946373], [116.4444029, 39.8946373], [116.4444029, 39.894448]]]]}}, {"type": "Feature", "properties": {"building": "yes", "source": "osm"}, "geometry": {"type": "MultiPolygon", "coordinates": [[[[116.4464706, 39.8948401], [116.4474254, 39.8948113], [116.4474338, 39.8949748], [116.446479, 39.8950036], [116.4464706, 39.8948401]]]]}}, {"type": "Feature", "properties": {"building": "yes", "source": "osm"}, "geometry": {"type": "MultiPolygon", "coordinates": [[[[116.4452333, 39.8947031], [116.4462418, 39.894699], [116.4462429, 39.8948555], [116.4452344, 39.8948596], [116.4452333, 39.8947031]]]]}}, {"type": "Feature", "properties": {"building": "yes", "source": "osm"}, "geometry": {"type": "MultiPolygon", "coordinates": [[[[116.4461955, 39.8939835], [116.4471504, 39.8939505], [116.4471602, 39.8941188], [116.4462054, 39.8941517], [116.4461955, 39.8939835]]]]}}, {"type": "Feature", "properties": {"building": "yes", "source": "osm"}, "geometry": {"type": "MultiPolygon", "coordinates": [[[[116.4435626, 39.8941295], [116.4435786, 39.893899], [116.4438182, 39.8939089], [116.4438021, 39.8941393], [116.4435626, 39.8941295]]]]}}, {"type": "Feature", "properties": {"building": "yes", "source": "osm"}, "geometry": {"type": "MultiPolygon", "coordinates": [[[[116.4432388, 39.8943451], [116.4438182, 39.8943451], [116.4438182, 39.8946291], [116.4432388, 39.8946291], [116.4432388, 39.8943451]]]]}}, {"type": "Feature", "properties": {"building": "yes", "source": "osm"}, "geometry": {"type": "MultiPolygon", "coordinates": [[[[116.4444047, 39.8954915], [116.4449733, 39.895473], [116.4449823, 39.8956354], [116.4444137, 39.8956539], [116.4444047, 39.8954915]]]]}}, {"type": "Feature", "properties": {"building": "yes", "source": "osm"}, "geometry": {"type": "MultiPolygon", "coordinates": [[[[116.4483085, 39.8953822], [116.4494216, 39.895372], [116.449424, 39.8955284], [116.4483109, 39.8955387], [116.4483085, 39.8953822]]]]}}, {"type": "Feature", "properties": {"building": "yes", "source": "osm"}, "geometry": {"type": "MultiPolygon", "coordinates": [[[[116.4486343, 39.8963536], [116.4493022, 39.8963516], [116.4493033, 39.8965635], [116.4486355, 39.8965655], [116.4486343, 39.8963536]]]]}}, {"type": "Feature", "properties": {"building": "yes", "source": "osm"}, "geometry": {"type": "MultiPolygon", "coordinates": [[[[116.4481962, 39.8967855], [116.4486924, 39.896769], [116.4487025, 39.8969483], [116.4482063, 39.8969647], [116.4481962, 39.8967855]]]]}}, {"type": "Feature", "properties": {"building": "yes", "source": "osm"}, "geometry": {"type": "MultiPolygon", "coordinates": [[[[116.4476127, 39.8970739], [116.4482752, 39.8970718], [116.448276, 39.8972343], [116.4476135, 39.8972364], [116.4476127, 39.8970739]]]]}}, {"type": "Feature", "properties": {"building": "yes", "source": "osm"}, "geometry": {"type": "MultiPolygon", "coordinates": [[[[116.4477047, 39.89743], [116.448284, 39.8974197], [116.4482868, 39.89751], [116.4477074, 39.8975203], [116.4477047, 39.89743]]]]}}, {"type": "Feature", "properties": {"building": "yes", "source": "osm"}, "geometry": {"type": "MultiPolygon", "coordinates": [[[[116.4479354, 39.897828], [116.4482948, 39.8978259], [116.4482963, 39.897972], [116.4479368, 39.8979741], [116.4479354, 39.897828]]]]}}, {"type": "Feature", "properties": {"building": "yes", "source": "osm"}, "geometry": {"type": "MultiPolygon", "coordinates": [[[[116.4472227, 39.8978728], [116.4475527, 39.8978666], [116.4475565, 39.8979882], [116.4472266, 39.8979944], [116.4472227, 39.8978728]]]]}}, {"type": "Feature", "properties": {"building": "yes", "source": "osm"}, "geometry": {"type": "MultiPolygon", "coordinates": [[[[116.4485764, 39.8987838], [116.4485866, 39.8986283], [116.4488548, 39.8986386], [116.4488447, 39.8987941], [116.4485764, 39.8987838]]]]}}, {"type": "Feature", "properties": {"building": "yes", "source": "osm"}, "geometry": {"type": "MultiPolygon", "coordinates": [[[[116.4476001, 39.8986583], [116.4476147, 39.8984973], [116.4478856, 39.8985117], [116.447871, 39.8986727], [116.4476001, 39.8986583]]]]}}, {"type": "Feature", "properties": {"building": "yes", "source": "osm"}, "geometry": {"type": "MultiPolygon", "coordinates": [[[[116.4479542, 39.8986994], [116.4479658, 39.8985468], [116.4483333, 39.8985633], [116.4483216, 39.8987159], [116.4479542, 39.8986994]]]]}}, {"type": "Feature", "properties": {"building": "yes", "source": "osm"}, "geometry": {"type": "MultiPolygon", "coordinates": [[[[116.4472435, 39.8981266], [116.4474848, 39.8981253], [116.4474875, 39.898434], [116.4472461, 39.8984352], [116.4472435, 39.8981266]]]]}}, {"type": "Feature", "properties": {"building": "yes", "source": "osm"}, "geometry": {"type": "MultiPolygon", "coordinates": [[[[116.4486251, 39.8972685], [116.449301, 39.8972561], [116.4493074, 39.8974607], [116.4486314, 39.897473], [116.4486251, 39.8972685]]]]}}, {"type": "Feature", "properties": {"building": "yes", "source": "osm"}, "geometry": {"type": "MultiPolygon", "coordinates": [[[[116.4485013, 39.8979432], [116.4485028, 39.8978229], [116.4487965, 39.897825], [116.448795, 39.8979453], [116.4485013, 39.8979432]]]]}}, {"type": "Feature", "properties": {"building": "yes", "source": "osm"}, "geometry": {"type": "MultiPolygon", "coordinates": [[[[116.4488827, 39.8978255], [116.4491951, 39.8978224], [116.4491974, 39.8979566], [116.4488849, 39.8979597], [116.4488827, 39.8978255]]]]}}, {"type": "Feature", "properties": {"building": "yes", "source": "osm"}, "geometry": {"type": "MultiPolygon", "coordinates": [[[[116.4492658, 39.8979411], [116.4492666, 39.8978147], [116.4495295, 39.8978157], [116.4495286, 39.8979422], [116.4492658, 39.8979411]]]]}}, {"type": "Feature", "properties": {"building": "yes", "source": "osm"}, "geometry": {"type": "MultiPolygon", "coordinates": [[[[116.4491612, 39.8988414], [116.4491696, 39.8986895], [116.4495478, 39.8987018], [116.4495394, 39.8988538], [116.4491612, 39.8988414]]]]}}, {"type": "Feature", "properties": {"building": "yes", "source": "osm"}, "geometry": {"type": "MultiPolygon", "coordinates": [[[[116.4499363, 39.8977714], [116.4502448, 39.8977714], [116.4502448, 39.897899], [116.4499363, 39.897899], [116.4499363, 39.8977714]]]]}}, {"type": "Feature", "properties": {"building": "yes", "source": "osm"}, "geometry": {"type": "MultiPolygon", "coordinates": [[[[116.4499606, 39.8979239], [116.4501455, 39.8979216], [116.4501509, 39.8981726], [116.449966, 39.898175], [116.4499606, 39.8979239]]]]}}, {"type": "Feature", "properties": {"building": "yes", "source": "osm"}, "geometry": {"type": "MultiPolygon", "coordinates": [[[[116.4502448, 39.8977673], [116.4506873, 39.8977673], [116.4506873, 39.897899], [116.4502448, 39.897899], [116.4502448, 39.8977673]]]]}}, {"type": "Feature", "properties": {"building": "yes", "source": "osm"}, "geometry": {"type": "MultiPolygon", "coordinates": [[[[116.4516851, 39.8977663], [116.4519507, 39.8977652], [116.4519533, 39.8981459], [116.4516878, 39.898147], [116.4516851, 39.8977663]]]]}}, {"type": "Feature", "properties": {"building": "yes", "source": "osm"}, "geometry": {"type": "MultiPolygon", "coordinates": [[[[116.4508536, 39.8978866], [116.4508541, 39.8977899], [116.4516185, 39.897792], [116.4516181, 39.8978887], [116.4508536, 39.8978866]]]]}}, {"type": "Feature", "properties": {"building": "yes", "source": "osm"}, "geometry": {"type": "MultiPolygon", "coordinates": [[[[116.4499975, 39.8987323], [116.4518643, 39.8987282], [116.4518648, 39.8988764], [116.449998, 39.8988805], [116.4499975, 39.8987323]]]]}}, {"type": "Feature", "properties": {"building": "yes", "source": "osm"}, "geometry": {"type": "MultiPolygon", "coordinates": [[[[116.4535336, 39.8967234], [116.4535443, 39.8962666], [116.4538819, 39.8962713], [116.4538711, 39.8967281], [116.4535336, 39.8967234]]]]}}, {"type": "Feature", "properties": {"building": "yes", "source": "osm"}, "geometry": {"type": "MultiPolygon", "coordinates": [[[[116.4522943, 39.8973001], [116.452297, 39.8971211], [116.4527661, 39.8971252], [116.4527634, 39.8973043], [116.4522943, 39.8973001]]]]}}, {"type": "Feature", "properties": {"building": "yes", "source": "osm"}, "geometry": {"type": "MultiPolygon", "coordinates": [[[[116.4527765, 39.8972355], [116.4535785, 39.8972191], [116.4535841, 39.8973804], [116.4527822, 39.8973969], [116.4527765, 39.8972355]]]]}}, {"type": "Feature", "properties": {"building": "yes", "source": "osm"}, "geometry": {"type": "MultiPolygon", "coordinates": [[[[116.4532006, 39.8977014], [116.4539248, 39.8977014], [116.4539248, 39.8978578], [116.4532006, 39.8978578], [116.4532006, 39.8977014]]]]}}, {"type": "Feature", "properties": {"building": "yes", "source": "osm"}, "geometry": {"type": "MultiPolygon", "coordinates": [[[[116.452243, 39.8978887], [116.4522443, 39.8977473], [116.4530088, 39.8977514], [116.4530075, 39.8978928], [116.452243, 39.8978887]]]]}}, {"type": "Feature", "properties": {"building": "yes", "source": "osm"}, "geometry": {"type": "MultiPolygon", "coordinates": [[[[116.4522137, 39.8984456], [116.4522164, 39.8979414], [116.4524522, 39.8979422], [116.4524496, 39.8984463], [116.4522137, 39.8984456]]]]}}, {"type": "Feature", "properties": {"building": "yes", "source": "osm"}, "geometry": {"type": "MultiPolygon", "coordinates": [[[[116.4522538, 39.8985163], [116.4524603, 39.8985163], [116.4524603, 39.8988558], [116.4522538, 39.8988558], [116.4522538, 39.8985163]]]]}}, {"type": "Feature", "properties": {"building": "yes", "source": "osm"}, "geometry": {"type": "MultiPolygon", "coordinates": [[[[116.4523315, 39.8987529], [116.4539596, 39.8987509], [116.4539599, 39.8988744], [116.4523318, 39.8988764], [116.4523315, 39.8987529]]]]}}, {"type": "Feature", "properties": {"building": "yes", "source": "osm"}, "geometry": {"type": "MultiPolygon", "coordinates": [[[[116.4540432, 39.898615], [116.4542364, 39.8986089], [116.4542413, 39.8986994], [116.4540482, 39.8987056], [116.4540432, 39.898615]]]]}}, {"type": "Feature", "properties": {"building": "yes", "source": "osm"}, "geometry": {"type": "MultiPolygon", "coordinates": [[[[116.4540642, 39.8983928], [116.4541393, 39.8983928], [116.4541393, 39.8985904], [116.4540642, 39.8985904], [116.4540642, 39.8983928]]]]}}, {"type": "Feature", "properties": {"building": "yes", "source": "osm"}, "geometry": {"type": "MultiPolygon", "coordinates": [[[[116.4541801, 39.8980286], [116.4542976, 39.8980265], [116.454303, 39.8982097], [116.4541855, 39.8982117], [116.4541801, 39.8980286]]]]}}, {"type": "Feature", "properties": {"building": "yes", "source": "osm"}, "geometry": {"type": "MultiPolygon", "coordinates": [[[[116.4540414, 39.898297], [116.4544196, 39.8982846], [116.4544237, 39.8983578], [116.4540455, 39.8983702], [116.4540414, 39.898297]]]]}}, {"type": "Feature", "properties": {"building": "yes", "source": "osm"}, "geometry": {"type": "MultiPolygon", "coordinates": [[[[116.4548075, 39.8978372], [116.4549521, 39.8978331], [116.4549708, 39.898222], [116.4548263, 39.8982261], [116.4548075, 39.8978372]]]]}}, {"type": "Feature", "properties": {"building": "yes", "source": "osm"}, "geometry": {"type": "MultiPolygon", "coordinates": [[[[116.4542651, 39.8986027], [116.4547693, 39.8985945], [116.4547724, 39.8987035], [116.4542681, 39.8987118], [116.4542651, 39.8986027]]]]}}, {"type": "Feature", "properties": {"building": "yes", "source": "osm"}, "geometry": {"type": "MultiPolygon", "coordinates": [[[[116.4548207, 39.898671], [116.4548287, 39.8983068], [116.4549574, 39.8983085], [116.4549494, 39.8986727], [116.4548207, 39.898671]]]]}}, {"type": "Feature", "properties": {"building": "yes", "source": "osm"}, "geometry": {"type": "MultiPolygon", "coordinates": [[[[116.4558525, 39.8980241], [116.4563889, 39.8980138], [116.4563924, 39.8981212], [116.455856, 39.8981315], [116.4558525, 39.8980241]]]]}}, {"type": "Feature", "properties": {"building": "yes", "source": "osm"}, "geometry": {"type": "MultiPolygon", "coordinates": [[[[116.4568565, 39.8981183], [116.4568592, 39.8977665], [116.4570361, 39.8977673], [116.4570335, 39.8981191], [116.4568565, 39.8981183]]]]}}, {"type": "Feature", "properties": {"building": "yes", "source": "osm"}, "geometry": {"type": "MultiPolygon", "coordinates": [[[[116.4560618, 39.8974421], [116.4566492, 39.89744], [116.4566499, 39.8975635], [116.4560625, 39.8975656], [116.4560618, 39.8974421]]]]}}, {"type": "Feature", "properties": {"building": "yes", "source": "osm"}, "geometry": {"type": "MultiPolygon", "coordinates": [[[[116.45599, 39.8966081], [116.4561564, 39.8966067], [116.4561671, 39.8973516], [116.4560007, 39.897353], [116.45599, 39.8966081]]]]}}, {"type": "Feature", "properties": {"building": "yes", "source": "osm"}, "geometry": {"type": "MultiPolygon", "coordinates": [[[[116.4558023, 39.8961213], [116.4558613, 39.896121], [116.455864, 39.8965264], [116.455805, 39.8965267], [116.4558023, 39.8961213]]]]}}, {"type": "Feature", "properties": {"building": "yes", "source": "osm"}, "geometry": {"type": "MultiPolygon", "coordinates": [[[[116.4558935, 39.8961293], [116.4566472, 39.8961293], [116.4566472, 39.8961992], [116.4558935, 39.8961992], [116.4558935, 39.8961293]]]]}}, {"type": "Feature", "properties": {"building": "yes", "source": "osm"}, "geometry": {"type": "MultiPolygon", "coordinates": [[[[116.4567625, 39.896123], [116.4572319, 39.8961127], [116.4572346, 39.8961848], [116.4567652, 39.8961951], [116.4567625, 39.896123]]]]}}, {"type": "Feature", "properties": {"building": "yes", "source": "osm"}, "geometry": {"type": "MultiPolygon", "coordinates": [[[[116.4567587, 39.8963022], [116.4572388, 39.8962899], [116.4572427, 39.8963783], [116.4567625, 39.8963906], [116.4567587, 39.8963022]]]]}}, {"type": "Feature", "properties": {"building": "yes", "source": "osm"}, "geometry": {"type": "MultiPolygon", "coordinates": [[[[116.4565855, 39.8962857], [116.4566767, 39.8962857], [116.4566767, 39.8964215], [116.4565855, 39.8964215], [116.4565855, 39.8962857]]]]}}, {"type": "Feature", "properties": {"building": "yes", "source": "osm"}, "geometry": {"type": "MultiPolygon", "coordinates": [[[[116.4559941, 39.8964338], [116.4565574, 39.8964276], [116.4565587, 39.8964997], [116.4559954, 39.8965058], [116.4559941, 39.8964338]]]]}}, {"type": "Feature", "properties": {"building": "yes", "source": "osm"}, "geometry": {"type": "MultiPolygon", "coordinates": [[[[116.4559606, 39.8947073], [116.4559613, 39.8945015], [116.4569886, 39.8945036], [116.4569879, 39.8947094], [116.4559606, 39.8947073]]]]}}, {"type": "Feature", "properties": {"building": "yes", "source": "osm"}, "geometry": {"type": "MultiPolygon", "coordinates": [[[[116.457163, 39.8950277], [116.4575224, 39.8950153], [116.4575297, 39.8951395], [116.4571702, 39.8951518], [116.457163, 39.8950277]]]]}}, {"type": "Feature", "properties": {"building": "yes", "source": "osm"}, "geometry": {"type": "MultiPolygon", "coordinates": [[[[116.4566434, 39.8949888], [116.4571342, 39.8949785], [116.4571407, 39.8951621], [116.4566499, 39.8951724], [116.4566434, 39.8949888]]]]}}, {"type": "Feature", "properties": {"building": "yes", "source": "osm"}, "geometry": {"type": "MultiPolygon", "coordinates": [[[[116.4559498, 39.894981], [116.456328, 39.894981], [116.456328, 39.8954152], [116.4559498, 39.8954152], [116.4559498, 39.894981]]]]}}, {"type": "Feature", "properties": {"building": "yes", "source": "osm"}, "geometry": {"type": "MultiPolygon", "coordinates": [[[[116.4572787, 39.8955512], [116.4580753, 39.895547], [116.4580768, 39.8957218], [116.4572802, 39.8957259], [116.4572787, 39.8955512]]]]}}, {"type": "Feature", "properties": {"building": "yes", "source": "osm"}, "geometry": {"type": "MultiPolygon", "coordinates": [[[[116.4583076, 39.8952547], [116.4585248, 39.8952526], [116.4585301, 39.895586], [116.458313, 39.8955881], [116.4583076, 39.8952547]]]]}}, {"type": "Feature", "properties": {"building": "yes", "source": "osm"}, "geometry": {"type": "MultiPolygon", "coordinates": [[[[116.4583061, 39.8950529], [116.4585931, 39.8950509], [116.4585945, 39.8951662], [116.4583075, 39.8951683], [116.4583061, 39.8950529]]]]}}, {"type": "Feature", "properties": {"building": "yes", "source": "osm"}, "geometry": {"type": "MultiPolygon", "coordinates": [[[[116.4575553, 39.8949947], [116.4580756, 39.8949824], [116.4580822, 39.8951456], [116.4575618, 39.895158], [116.4575553, 39.8949947]]]]}}, {"type": "Feature", "properties": {"building": "yes", "source": "osm"}, "geometry": {"type": "MultiPolygon", "coordinates": [[[[116.4603297, 39.8943181], [116.460523, 39.8943019], [116.4606035, 39.8948678], [116.4604102, 39.894884], [116.4603297, 39.8943181]]]]}}, {"type": "Feature", "properties": {"building": "yes", "source": "osm"}, "geometry": {"type": "MultiPolygon", "coordinates": [[[[116.4592116, 39.8949202], [116.4593537, 39.8949161], [116.4593589, 39.8950222], [116.4592168, 39.8950263], [116.4592116, 39.8949202]]]]}}, {"type": "Feature", "properties": {"building": "yes", "source": "osm"}, "geometry": {"type": "MultiPolygon", "coordinates": [[[[116.4593794, 39.8949297], [116.4602404, 39.8949256], [116.4602414, 39.895051], [116.4593804, 39.8950551], [116.4593794, 39.8949297]]]]}}, {"type": "Feature", "properties": {"building": "yes", "source": "osm"}, "geometry": {"type": "MultiPolygon", "coordinates": [[[[116.4586907, 39.8953355], [116.4596536, 39.8953128], [116.4596593, 39.8954564], [116.4586964, 39.895479], [116.4586907, 39.8953355]]]]}}, {"type": "Feature", "properties": {"building": "yes", "source": "osm"}, "geometry": {"type": "MultiPolygon", "coordinates": [[[[116.4597008, 39.8955798], [116.460197, 39.8955778], [116.4601985, 39.8957897], [116.4597023, 39.8957918], [116.4597008, 39.8955798]]]]}}, {"type": "Feature", "properties": {"building": "yes", "source": "osm"}, "geometry": {"type": "MultiPolygon", "coordinates": [[[[116.4597223, 39.8953228], [116.4601327, 39.8953208], [116.4601341, 39.8954831], [116.4597237, 39.8954852], [116.4597223, 39.8953228]]]]}}, {"type": "Feature", "properties": {"building": "yes", "source": "osm"}, "geometry": {"type": "MultiPolygon", "coordinates": [[[[116.460287, 39.8956765], [116.4602923, 39.8951724], [116.4605868, 39.8951742], [116.4605815, 39.8956784], [116.460287, 39.8956765]]]]}}, {"type": "Feature", "properties": {"building": "yes", "source": "osm"}, "geometry": {"type": "MultiPolygon", "coordinates": [[[[116.4586318, 39.8955732], [116.4595438, 39.8955629], [116.4595467, 39.8957156], [116.4586347, 39.8957259], [116.4586318, 39.8955732]]]]}}, {"type": "Feature", "properties": {"building": "yes", "source": "osm"}, "geometry": {"type": "MultiPolygon", "coordinates": [[[[116.4598685, 39.8961903], [116.4598712, 39.8961046], [116.4601488, 39.8961097], [116.4601461, 39.8961955], [116.4598685, 39.8961903]]]]}}, {"type": "Feature", "properties": {"building": "yes", "source": "osm"}, "geometry": {"type": "MultiPolygon", "coordinates": [[[[116.4601881, 39.8962227], [116.4601904, 39.896155], [116.4604479, 39.8961601], [116.4604456, 39.8962278], [116.4601881, 39.8962227]]]]}}, {"type": "Feature", "properties": {"building": "yes", "source": "osm"}, "geometry": {"type": "MultiPolygon", "coordinates": [[[[116.4604379, 39.8962301], [116.4607276, 39.8962291], [116.4607282, 39.8963361], [116.4604385, 39.8963371], [116.4604379, 39.8962301]]]]}}, {"type": "Feature", "properties": {"building": "yes", "source": "osm"}, "geometry": {"type": "MultiPolygon", "coordinates": [[[[116.4599651, 39.8965902], [116.4600255, 39.8965892], [116.4600268, 39.8966345], [116.4599664, 39.8966355], [116.4599651, 39.8965902]]]]}}, {"type": "Feature", "properties": {"building": "yes", "source": "osm"}, "geometry": {"type": "MultiPolygon", "coordinates": [[[[116.4604251, 39.8967271], [116.4604255, 39.8966733], [116.4607691, 39.8966747], [116.4607687, 39.8967285], [116.4604251, 39.8967271]]]]}}, {"type": "Feature", "properties": {"building": "yes", "source": "osm"}, "geometry": {"type": "MultiPolygon", "coordinates": [[[[116.4605632, 39.8968917], [116.4605676, 39.8967254], [116.4607687, 39.8967285], [116.4607644, 39.8968948], [116.4605632, 39.8968917]]]]}}, {"type": "Feature", "properties": {"building": "yes", "source": "osm"}, "geometry": {"type": "MultiPolygon", "coordinates": [[[[116.4592248, 39.897115], [116.4592273, 39.8969791], [116.4607454, 39.8969956], [116.4607429, 39.8971314], [116.4592248, 39.897115]]]]}}, {"type": "Feature", "properties": {"building": "yes", "source": "osm"}, "geometry": {"type": "MultiPolygon", "coordinates": [[[[116.4579921, 39.8965366], [116.4583488, 39.8965345], [116.4583504, 39.8966972], [116.4579937, 39.8966993], [116.4579921, 39.8965366]]]]}}, {"type": "Feature", "properties": {"building": "yes", "source": "osm"}, "geometry": {"type": "MultiPolygon", "coordinates": [[[[116.4583486, 39.8968572], [116.4587133, 39.8968531], [116.4587179, 39.8970903], [116.4583531, 39.8970944], [116.4583486, 39.8968572]]]]}}, {"type": "Feature", "properties": {"building": "yes", "source": "osm"}, "geometry": {"type": "MultiPolygon", "coordinates": [[[[116.4570791, 39.8970326], [116.4576906, 39.8970326], [116.4576906, 39.897331], [116.4570791, 39.897331], [116.4570791, 39.8970326]]]]}}, {"type": "Feature", "properties": {"building": "yes", "source": "osm"}, "geometry": {"type": "MultiPolygon", "coordinates": [[[[116.4570597, 39.8966866], [116.4576873, 39.8966784], [116.4576933, 39.8969462], [116.4570656, 39.8969544], [116.4570597, 39.8966866]]]]}}, {"type": "Feature", "properties": {"building": "yes", "source": "osm"}, "geometry": {"type": "MultiPolygon", "coordinates": [[[[116.4567196, 39.89765], [116.456721, 39.8974894], [116.4571421, 39.8974915], [116.4571407, 39.897652], [116.4567196, 39.89765]]]]}}, {"type": "Feature", "properties": {"building": "yes", "source": "osm"}, "geometry": {"type": "MultiPolygon", "coordinates": [[[[116.4572936, 39.8976047], [116.4572945, 39.8974833], [116.45778, 39.8974854], [116.4577791, 39.8976068], [116.4572936, 39.8976047]]]]}}, {"type": "Feature", "properties": {"building": "yes", "source": "osm"}, "geometry": {"type": "MultiPolygon", "coordinates": [[[[116.4569476, 39.8988105], [116.4569557, 39.8987241], [116.4570361, 39.8986521], [116.4570361, 39.8985904], [116.4571702, 39.8985945], [116.4571702, 39.8986891], [116.4571971, 39.8987426], [116.4571837, 39.8988126], [116.4571676, 39.8988394], [116.4571622, 39.898899], [116.4571112, 39.8988785], [116.4570093, 39.8988826], [116.4569476, 39.8988105]]]]}}, {"type": "Feature", "properties": {"building": "yes", "source": "osm"}, "geometry": {"type": "MultiPolygon", "coordinates": [[[[116.4560679, 39.8982467], [116.4562502, 39.8982467], [116.4562502, 39.8983043], [116.456556, 39.8982941], [116.4568242, 39.8984813], [116.4568162, 39.8986212], [116.4566687, 39.8986233], [116.4566687, 39.8985698], [116.4565265, 39.8984669], [116.4562422, 39.8984607], [116.4562556, 39.8985101], [116.4560759, 39.8985163], [116.4560679, 39.8982467]]]]}}, {"type": "Feature", "properties": {"building": "yes", "source": "osm"}, "geometry": {"type": "MultiPolygon", "coordinates": [[[[116.4572829, 39.8983476], [116.4572936, 39.8981377], [116.4577281, 39.8981377], [116.4577442, 39.8983476], [116.4572829, 39.8983476]]]]}}, {"type": "Feature", "properties": {"building": "yes", "source": "osm"}, "geometry": {"type": "MultiPolygon", "coordinates": [[[[116.45713, 39.8991583], [116.4571381, 39.8990698], [116.4572668, 39.8990698], [116.4572668, 39.8989999], [116.4573848, 39.8989999], [116.4573821, 39.8990739], [116.4574867, 39.8990801], [116.4574975, 39.8991583], [116.45713, 39.8991583]]]]}}, {"type": "Feature", "properties": {"building": "yes", "source": "osm"}, "geometry": {"type": "MultiPolygon", "coordinates": [[[[116.4580849, 39.8979463], [116.4580902, 39.8978475], [116.4589807, 39.8978455], [116.4589754, 39.8979401], [116.4580849, 39.8979463]]]]}}, {"type": "Feature", "properties": {"building": "yes", "source": "osm"}, "geometry": {"type": "MultiPolygon", "coordinates": [[[[116.4596915, 39.8983928], [116.4596996, 39.8983023], [116.4608046, 39.8982899], [116.460802, 39.8983784], [116.4596915, 39.8983928]]]]}}, {"type": "Feature", "properties": {"building": "yes", "source": "osm"}, "geometry": {"type": "MultiPolygon", "coordinates": [[[[116.4580956, 39.899004], [116.4581037, 39.8989114], [116.4595869, 39.8989052], [116.4595869, 39.8990019], [116.4580956, 39.899004]]]]}}, {"type": "Feature", "properties": {"building": "yes", "source": "osm"}, "geometry": {"type": "MultiPolygon", "coordinates": [[[[116.4603057, 39.898934], [116.4605123, 39.8987817], [116.4607725, 39.8987859], [116.4607698, 39.8989217], [116.4605874, 39.8990657], [116.4603192, 39.8990636], [116.4603057, 39.898934]]]]}}, {"type": "Feature", "properties": {"building": "yes", "source": "osm"}, "geometry": {"type": "MultiPolygon", "coordinates": [[[[116.4566472, 39.9004547], [116.4566489, 39.9003044], [116.45696, 39.9003065], [116.4569584, 39.9004567], [116.4566472, 39.9004547]]]]}}, {"type": "Feature", "properties": {"building": "yes", "source": "osm"}, "geometry": {"type": "MultiPolygon", "coordinates": [[[[116.4566559, 39.900629], [116.4566575, 39.9005149], [116.456945, 39.9005173], [116.4569434, 39.9006313], [116.4566559, 39.900629]]]]}}, {"type": "Feature", "properties": {"building": "yes", "source": "osm"}, "geometry": {"type": "MultiPolygon", "coordinates": [[[[116.4578837, 39.9005699], [116.4581037, 39.9005699], [116.4581037, 39.9006357], [116.4578837, 39.9006357], [116.4578837, 39.9005699]]]]}}, {"type": "Feature", "properties": {"building": "yes", "source": "osm"}, "geometry": {"type": "MultiPolygon", "coordinates": [[[[116.4581746, 39.9005758], [116.4584053, 39.9005737], [116.4584067, 39.9006707], [116.4581761, 39.9006728], [116.4581746, 39.9005758]]]]}}, {"type": "Feature", "properties": {"building": "yes", "source": "osm"}, "geometry": {"type": "MultiPolygon", "coordinates": [[[[116.4578909, 39.9003661], [116.4583523, 39.9003641], [116.4583531, 39.9004711], [116.4578918, 39.9004732], [116.4578909, 39.9003661]]]]}}, {"type": "Feature", "properties": {"building": "yes", "source": "osm"}, "geometry": {"type": "MultiPolygon", "coordinates": [[[[116.4578998, 39.9008744], [116.4579007, 39.900749], [116.4583889, 39.9007511], [116.458388, 39.9008765], [116.4578998, 39.9008744]]]]}}, {"type": "Feature", "properties": {"building": "yes", "source": "osm"}, "geometry": {"type": "MultiPolygon", "coordinates": [[[[116.4591066, 39.9008025], [116.459112, 39.9005988], [116.4592409, 39.9006007], [116.4592355, 39.9008045], [116.4591066, 39.9008025]]]]}}, {"type": "Feature", "properties": {"building": "yes", "source": "osm"}, "geometry": {"type": "MultiPolygon", "coordinates": [[[[116.4586776, 39.9007551], [116.4589968, 39.9007551], [116.4589968, 39.9008765], [116.4586776, 39.9008765], [116.4586776, 39.9007551]]]]}}, {"type": "Feature", "properties": {"building": "yes", "source": "osm"}, "geometry": {"type": "MultiPolygon", "coordinates": [[[[116.45844, 39.9003998], [116.4590113, 39.9003772], [116.459021, 39.9005205], [116.4584497, 39.9005431], [116.45844, 39.9003998]]]]}}, {"type": "Feature", "properties": {"building": "yes", "source": "osm"}, "geometry": {"type": "MultiPolygon", "coordinates": [[[[116.4592811, 39.9010164], [116.4592842, 39.9008873], [116.4600245, 39.9008975], [116.4600214, 39.9010267], [116.4592811, 39.9010164]]]]}}, {"type": "Feature", "properties": {"building": "yes", "source": "osm"}, "geometry": {"type": "MultiPolygon", "coordinates": [[[[116.4638463, 39.9010884], [116.4638512, 39.9009489], [116.4649402, 39.9009715], [116.4649352, 39.9011111], [116.4638463, 39.9010884]]]]}}, {"type": "Feature", "properties": {"building": "yes", "source": "osm"}, "geometry": {"type": "MultiPolygon", "coordinates": [[[[116.4680976, 39.9010658], [116.4681244, 39.9009115], [116.4682111, 39.9008864], [116.4683988, 39.9014214], [116.4682612, 39.9014526], [116.4680976, 39.9010658]]]]}}, {"type": "Feature", "properties": {"building": "yes", "source": "osm"}, "geometry": {"type": "MultiPolygon", "coordinates": [[[[116.4672098, 39.9013333], [116.4673023, 39.9008648], [116.4680546, 39.9009423], [116.4680359, 39.9010576], [116.4674029, 39.9009958], [116.4673707, 39.901181], [116.468005, 39.9012496], [116.4679795, 39.9014074], [116.4672098, 39.9013333]]]]}}, {"type": "Feature", "properties": {"building": "yes", "source": "osm"}, "geometry": {"type": "MultiPolygon", "coordinates": [[[[116.4691112, 39.9006943], [116.4696852, 39.9006655], [116.4696962, 39.9007942], [116.4691222, 39.900823], [116.4691112, 39.9006943]]]]}}, {"type": "Feature", "properties": {"building": "yes", "name": "尚8文化集团", "source": "osm"}, "geometry": {"type": "MultiPolygon", "coordinates": [[[[116.4667963, 39.9005534], [116.4683519, 39.9005514], [116.4683524, 39.9007448], [116.4667967, 39.9007468], [116.4667963, 39.9005534]]]]}}, {"type": "Feature", "properties": {"building": "yes", "source": "osm"}, "geometry": {"type": "MultiPolygon", "coordinates": [[[[116.4681432, 39.8999443], [116.4682445, 39.8998555], [116.4684162, 39.8999707], [116.4683148, 39.9000596], [116.4681432, 39.8999443]]]]}}, {"type": "Feature", "properties": {"building": "yes", "source": "osm"}, "geometry": {"type": "MultiPolygon", "coordinates": [[[[116.4676121, 39.8998662], [116.4676161, 39.8997883], [116.467887, 39.8997966], [116.467883, 39.8998744], [116.4676121, 39.8998662]]]]}}, {"type": "Feature", "properties": {"building": "yes", "source": "osm"}, "geometry": {"type": "MultiPolygon", "coordinates": [[[[116.4673361, 39.899418], [116.4677492, 39.8994077], [116.4677569, 39.8995904], [116.4673439, 39.8996007], [116.4673361, 39.899418]]]]}}, {"type": "Feature", "properties": {"building": "yes", "name": "Swallow", "amenity": "restaurant", "source": "osm"}, "geometry": {"type": "MultiPolygon", "coordinates": [[[[116.466853, 39.899541], [116.4668547, 39.8994073], [116.467139, 39.8994094], [116.4671373, 39.8995431], [116.466853, 39.899541]]]]}}, {"type": "Feature", "properties": {"building": "yes", "source": "osm"}, "geometry": {"type": "MultiPolygon", "coordinates": [[[[116.4669107, 39.8989511], [116.4675169, 39.8989398], [116.4675209, 39.8990667], [116.4669147, 39.899078], [116.4669107, 39.8989511]]]]}}, {"type": "Feature", "properties": {"building": "yes", "source": "osm"}, "geometry": {"type": "MultiPolygon", "coordinates": [[[[116.4692514, 39.8980472], [116.4695437, 39.898043], [116.469546, 39.8981356], [116.4692536, 39.8981397], [116.4692514, 39.8980472]]]]}}, {"type": "Feature", "properties": {"building": "yes", "source": "osm"}, "geometry": {"type": "MultiPolygon", "coordinates": [[[[116.4690088, 39.8980592], [116.4692368, 39.898053], [116.4692429, 39.898185], [116.4690149, 39.8981912], [116.4690088, 39.8980592]]]]}}, {"type": "Feature", "properties": {"building": "yes", "source": "osm"}, "geometry": {"type": "MultiPolygon", "coordinates": [[[[116.4403817, 39.8943197], [116.4404139, 39.893583], [116.4406827, 39.8935899], [116.4406505, 39.8943266], [116.4403817, 39.8943197]]]]}}, {"type": "Feature", "properties": {"building": "yes", "source": "osm"}, "geometry": {"type": "MultiPolygon", "coordinates": [[[[116.439575, 39.8944151], [116.4395853, 39.8942947], [116.4404785, 39.89434], [116.4404681, 39.8944604], [116.439575, 39.8944151]]]]}}, {"type": "Feature", "properties": {"building": "yes", "source": "osm"}, "geometry": {"type": "MultiPolygon", "coordinates": [[[[116.4394491, 39.8942473], [116.4394786, 39.8937102], [116.4397037, 39.8937175], [116.4396742, 39.8942546], [116.4394491, 39.8942473]]]]}}, {"type": "Feature", "properties": {"building": "yes", "source": "osm"}, "geometry": {"type": "MultiPolygon", "coordinates": [[[[116.4394817, 39.8935066], [116.4394882, 39.8933967], [116.4396679, 39.8934028], [116.4396614, 39.8935127], [116.4394817, 39.8935066]]]]}}, {"type": "Feature", "properties": {"building": "yes", "source": "osm"}, "geometry": {"type": "MultiPolygon", "coordinates": [[[[116.4396661, 39.8934623], [116.4396735, 39.8933346], [116.4398559, 39.8933408], [116.4398485, 39.8934685], [116.4396661, 39.8934623]]]]}}, {"type": "Feature", "properties": {"building": "yes", "source": "osm"}, "geometry": {"type": "MultiPolygon", "coordinates": [[[[116.4417529, 39.8934314], [116.441829, 39.8932779], [116.4420972, 39.8933561], [116.4420211, 39.8935096], [116.4417529, 39.8934314]]]]}}, {"type": "Feature", "properties": {"building": "yes", "source": "osm"}, "geometry": {"type": "MultiPolygon", "coordinates": [[[[116.4410577, 39.8932688], [116.4417068, 39.8932605], [116.44171, 39.8934088], [116.4410609, 39.893417], [116.4410577, 39.8932688]]]]}}, {"type": "Feature", "properties": {"building": "yes", "source": "osm"}, "geometry": {"type": "MultiPolygon", "coordinates": [[[[116.4421847, 39.8935878], [116.4424235, 39.8935878], [116.4424235, 39.8937195], [116.4421847, 39.8937195], [116.4421847, 39.8935878]]]]}}, {"type": "Feature", "properties": {"building": "yes", "source": "osm"}, "geometry": {"type": "MultiPolygon", "coordinates": [[[[116.4410621, 39.8928838], [116.4414752, 39.8928818], [116.4414766, 39.8930528], [116.4410636, 39.8930548], [116.4410621, 39.8928838]]]]}}, {"type": "Feature", "properties": {"building": "yes", "source": "osm"}, "geometry": {"type": "MultiPolygon", "coordinates": [[[[116.4429127, 39.8926496], [116.443299, 39.8926434], [116.4433032, 39.8927996], [116.442917, 39.8928058], [116.4429127, 39.8926496]]]]}}, {"type": "Feature", "properties": {"building": "yes", "source": "osm"}, "geometry": {"type": "MultiPolygon", "coordinates": [[[[116.44252, 39.892814], [116.4425217, 39.8926682], [116.4428168, 39.8926703], [116.4428151, 39.8928161], [116.44252, 39.892814]]]]}}, {"type": "Feature", "properties": {"building": "yes", "source": "osm"}, "geometry": {"type": "MultiPolygon", "coordinates": [[[[116.4421251, 39.8926772], [116.442439, 39.8926731], [116.4424422, 39.8928202], [116.4421284, 39.8928243], [116.4421251, 39.8926772]]]]}}, {"type": "Feature", "properties": {"building": "yes", "source": "osm"}, "geometry": {"type": "MultiPolygon", "coordinates": [[[[116.4417234, 39.8926391], [116.4420184, 39.8926391], [116.4420184, 39.892777], [116.4417234, 39.892777], [116.4417234, 39.8926391]]]]}}, {"type": "Feature", "properties": {"building": "yes", "source": "osm"}, "geometry": {"type": "MultiPolygon", "coordinates": [[[[116.4416436, 39.8929047], [116.4420245, 39.8928924], [116.4420319, 39.893026], [116.441651, 39.8930384], [116.4416436, 39.8929047]]]]}}, {"type": "Feature", "properties": {"building": "yes", "source": "osm"}, "geometry": {"type": "MultiPolygon", "coordinates": [[[[116.4424298, 39.8933016], [116.442749, 39.8932996], [116.4427507, 39.8934541], [116.4424315, 39.8934561], [116.4424298, 39.8933016]]]]}}, {"type": "Feature", "properties": {"building": "yes", "source": "osm"}, "geometry": {"type": "MultiPolygon", "coordinates": [[[[116.4421704, 39.8929706], [116.4424762, 39.8929542], [116.4424878, 39.8930816], [116.4421821, 39.893098], [116.4421704, 39.8929706]]]]}}, {"type": "Feature", "properties": {"building": "yes", "source": "osm"}, "geometry": {"type": "MultiPolygon", "coordinates": [[[[116.4426445, 39.8929585], [116.4429341, 39.8929483], [116.4429438, 39.8931083], [116.4426541, 39.8931186], [116.4426445, 39.8929585]]]]}}, {"type": "Feature", "properties": {"building": "yes", "source": "osm"}, "geometry": {"type": "MultiPolygon", "coordinates": [[[[116.4430824, 39.8929477], [116.443356, 39.8929435], [116.4433596, 39.8930836], [116.443086, 39.8930878], [116.4430824, 39.8929477]]]]}}, {"type": "Feature", "properties": {"building": "yes", "source": "osm"}, "geometry": {"type": "MultiPolygon", "coordinates": [[[[116.4435959, 39.8937264], [116.4436013, 39.8935371], [116.4438048, 39.8935405], [116.4437994, 39.8937298], [116.4435959, 39.8937264]]]]}}, {"type": "Feature", "properties": {"building": "yes", "source": "osm"}, "geometry": {"type": "MultiPolygon", "coordinates": [[[[116.4435641, 39.8933248], [116.4435694, 39.8931149], [116.4438155, 39.8931186], [116.4438102, 39.8933285], [116.4435641, 39.8933248]]]]}}, {"type": "Feature", "properties": {"building": "yes", "source": "osm"}, "geometry": {"type": "MultiPolygon", "coordinates": [[[[116.4433863, 39.8928132], [116.4435446, 39.8926762], [116.4437807, 39.8928367], [116.4436223, 39.8929738], [116.4433863, 39.8928132]]]]}}, {"type": "Feature", "properties": {"building": "yes", "source": "osm"}, "geometry": {"type": "MultiPolygon", "coordinates": [[[[116.4453839, 39.8936769], [116.4459954, 39.8936687], [116.4459988, 39.8938183], [116.4453873, 39.8938265], [116.4453839, 39.8936769]]]]}}, {"type": "Feature", "properties": {"building": "yes", "source": "osm"}, "geometry": {"type": "MultiPolygon", "coordinates": [[[[116.4444914, 39.8935137], [116.4444927, 39.8933656], [116.445292, 39.8933697], [116.4452907, 39.8935179], [116.4444914, 39.8935137]]]]}}, {"type": "Feature", "properties": {"building": "yes", "source": "osm"}, "geometry": {"type": "MultiPolygon", "coordinates": [[[[116.4445147, 39.8927564], [116.4448231, 39.8927481], [116.4448294, 39.8928861], [116.4445209, 39.8928943], [116.4445147, 39.8927564]]]]}}, {"type": "Feature", "properties": {"building": "yes", "source": "osm"}, "geometry": {"type": "MultiPolygon", "coordinates": [[[[116.4447999, 39.892742], [116.4448007, 39.8926206], [116.4453184, 39.8926227], [116.4453176, 39.8927441], [116.4447999, 39.892742]]]]}}, {"type": "Feature", "properties": {"building": "yes", "source": "osm"}, "geometry": {"type": "MultiPolygon", "coordinates": [[[[116.4453176, 39.8927441], [116.4453199, 39.8926106], [116.4457142, 39.8926148], [116.4457118, 39.8927482], [116.4453176, 39.8927441]]]]}}, {"type": "Feature", "properties": {"building": "yes", "source": "osm"}, "geometry": {"type": "MultiPolygon", "coordinates": [[[[116.4459077, 39.8925609], [116.446664, 39.8925609], [116.446664, 39.8926422], [116.4459077, 39.8926422], [116.4459077, 39.8925609]]]]}}, {"type": "Feature", "properties": {"building": "yes", "source": "osm"}, "geometry": {"type": "MultiPolygon", "coordinates": [[[[116.4467418, 39.8925784], [116.4470825, 39.8925784], [116.4470825, 39.8926391], [116.4467418, 39.8926391], [116.4467418, 39.8925784]]]]}}, {"type": "Feature", "properties": {"building": "yes", "source": "osm"}, "geometry": {"type": "MultiPolygon", "coordinates": [[[[116.4471052, 39.89255], [116.4477865, 39.8925345], [116.4477892, 39.8926062], [116.4471079, 39.8926216], [116.4471052, 39.89255]]]]}}, {"type": "Feature", "properties": {"building": "yes", "source": "osm"}, "geometry": {"type": "MultiPolygon", "coordinates": [[[[116.4499041, 39.8935261], [116.450137, 39.893524], [116.450141, 39.8937864], [116.4499082, 39.8937885], [116.4499041, 39.8935261]]]]}}, {"type": "Feature", "properties": {"building": "yes", "source": "osm"}, "geometry": {"type": "MultiPolygon", "coordinates": [[[[116.4498844, 39.8938877], [116.4503914, 39.8938846], [116.450395, 39.894235], [116.449888, 39.8942381], [116.4498844, 39.8938877]]]]}}, {"type": "Feature", "properties": {"building": "yes", "source": "osm"}, "geometry": {"type": "MultiPolygon", "coordinates": [[[[116.4504969, 39.8929746], [116.4505006, 39.8927239], [116.45097, 39.892728], [116.4509663, 39.8929787], [116.4504969, 39.8929746]]]]}}, {"type": "Feature", "properties": {"building": "yes", "source": "osm"}, "geometry": {"type": "MultiPolygon", "coordinates": [[[[116.4511956, 39.8926001], [116.4516783, 39.8925981], [116.4516798, 39.8927935], [116.451197, 39.8927955], [116.4511956, 39.8926001]]]]}}, {"type": "Feature", "properties": {"building": "yes", "source": "osm"}, "geometry": {"type": "MultiPolygon", "coordinates": [[[[116.4523099, 39.895427], [116.4532326, 39.8954105], [116.4532381, 39.8955922], [116.4523154, 39.8956086], [116.4523099, 39.895427]]]]}}, {"type": "Feature", "properties": {"building": "yes", "source": "osm"}, "geometry": {"type": "MultiPolygon", "coordinates": [[[[116.4535655, 39.8951683], [116.4538565, 39.8951693], [116.4538456, 39.8955767], [116.4535667, 39.8955809], [116.4535655, 39.8951683]]]]}}, {"type": "Feature", "properties": {"building": "yes", "source": "osm"}, "geometry": {"type": "MultiPolygon", "coordinates": [[[[116.4789498, 39.892316], [116.4792048, 39.8923143], [116.4792102, 39.8927711], [116.4789551, 39.8927729], [116.4789498, 39.892316]]]]}}, {"type": "Feature", "properties": {"building": "yes", "source": "osm"}, "geometry": {"type": "MultiPolygon", "coordinates": [[[[116.4792395, 39.8931577], [116.4792447, 39.8930107], [116.4798348, 39.893023], [116.4798295, 39.8931701], [116.4792395, 39.8931577]]]]}}, {"type": "Feature", "properties": {"building": "yes", "source": "osm"}, "geometry": {"type": "MultiPolygon", "coordinates": [[[[116.4792314, 39.894625], [116.4792319, 39.8945447], [116.4798407, 39.8945468], [116.4798403, 39.894627], [116.4792314, 39.894625]]]]}}, {"type": "Feature", "properties": {"building": "yes", "source": "osm"}, "geometry": {"type": "MultiPolygon", "coordinates": [[[[116.4795372, 39.8948349], [116.4795399, 39.8946353], [116.4796844, 39.8946364], [116.4796817, 39.894836], [116.4795372, 39.8948349]]]]}}, {"type": "Feature", "properties": {"building": "yes", "source": "osm"}, "geometry": {"type": "MultiPolygon", "coordinates": [[[[116.4792651, 39.8948492], [116.4798552, 39.8948451], [116.4798564, 39.8949419], [116.4792663, 39.894946], [116.4792651, 39.8948492]]]]}}, {"type": "Feature", "properties": {"building": "yes", "source": "osm"}, "geometry": {"type": "MultiPolygon", "coordinates": [[[[116.4794069, 39.8980802], [116.4797207, 39.8980771], [116.4797052, 39.8982575], [116.4794111, 39.8982796], [116.47941, 39.8982257], [116.4794069, 39.8980802]]]]}}, {"type": "Feature", "properties": {"building": "yes", "source": "osm"}, "geometry": {"type": "MultiPolygon", "coordinates": [[[[116.4797223, 39.8982673], [116.4798646, 39.8982666], [116.4798673, 39.8985773], [116.4797249, 39.898578], [116.4797223, 39.8982673]]]]}}, {"type": "Feature", "properties": {"building": "yes", "source": "osm"}, "geometry": {"type": "MultiPolygon", "coordinates": [[[[116.4791375, 39.898222], [116.479143, 39.8980164], [116.4794085, 39.8980205], [116.4794069, 39.8980802], [116.47941, 39.8982257], [116.4791375, 39.898222]]]]}}, {"type": "Feature", "properties": {"building": "yes", "source": "osm"}, "geometry": {"type": "MultiPolygon", "coordinates": [[[[116.4794111, 39.8982796], [116.4796748, 39.8982768], [116.4796802, 39.8985711], [116.4794165, 39.8985739], [116.4794111, 39.8982796]]]]}}, {"type": "Feature", "properties": {"building": "yes", "source": "osm"}, "geometry": {"type": "MultiPolygon", "coordinates": [[[[116.4774182, 39.8961745], [116.4775634, 39.8961726], [116.4775688, 39.8964051], [116.4774236, 39.8964071], [116.4774182, 39.8961745]]]]}}, {"type": "Feature", "properties": {"building": "yes", "source": "osm"}, "geometry": {"type": "MultiPolygon", "coordinates": [[[[116.4770132, 39.8968177], [116.4770838, 39.896818], [116.4770839, 39.8970807], [116.4770148, 39.89708], [116.4770132, 39.8968177]]]]}}, {"type": "Feature", "properties": {"building": "yes", "source": "osm"}, "geometry": {"type": "MultiPolygon", "coordinates": [[[[116.4772366, 39.8965026], [116.4772368, 39.8964155], [116.4775774, 39.8964175], [116.4775765, 39.8965079], [116.4772366, 39.8965026]]]]}}, {"type": "Feature", "properties": {"building": "yes", "source": "osm"}, "geometry": {"type": "MultiPolygon", "coordinates": [[[[116.4770132, 39.8968177], [116.4770159, 39.8964206], [116.4772368, 39.8964155], [116.4772366, 39.8965026], [116.4772361, 39.8967413], [116.4772359, 39.8968186], [116.4770838, 39.896818], [116.4770132, 39.8968177]]]]}}, {"type": "Feature", "properties": {"building": "yes", "source": "osm"}, "geometry": {"type": "MultiPolygon", "coordinates": [[[[116.4772359, 39.8968186], [116.4772361, 39.8967413], [116.4776596, 39.8967473], [116.477657, 39.8968269], [116.4772359, 39.8968186]]]]}}, {"type": "Feature", "properties": {"building": "yes", "source": "osm"}, "geometry": {"type": "MultiPolygon", "coordinates": [[[[116.4770132, 39.8971767], [116.4770148, 39.89708], [116.4770839, 39.8970807], [116.4776666, 39.8970862], [116.477665, 39.8971829], [116.4770132, 39.8971767]]]]}}, {"type": "Feature", "properties": {"building": "yes", "source": "osm"}, "geometry": {"type": "MultiPolygon", "coordinates": [[[[116.4725822, 39.8976191], [116.4725845, 39.897494], [116.4733623, 39.8975022], [116.4733601, 39.8976273], [116.4725822, 39.8976191]]]]}}, {"type": "Feature", "properties": {"building": "yes", "source": "osm"}, "geometry": {"type": "MultiPolygon", "coordinates": [[[[116.4722174, 39.8961848], [116.4722185, 39.8960635], [116.4726155, 39.8960656], [116.4726144, 39.8961869], [116.4722174, 39.8961848]]]]}}, {"type": "Feature", "properties": {"building": "yes", "source": "osm"}, "geometry": {"type": "MultiPolygon", "coordinates": [[[[116.4718607, 39.8963206], [116.4720411, 39.8963192], [116.4720465, 39.8967226], [116.4718661, 39.896724], [116.4718607, 39.8963206]]]]}}, {"type": "Feature", "properties": {"building": "yes", "source": "osm"}, "geometry": {"type": "MultiPolygon", "coordinates": [[[[116.4726374, 39.8960407], [116.4733643, 39.8960366], [116.4733654, 39.8961581], [116.4726385, 39.8961622], [116.4726374, 39.8960407]]]]}}, {"type": "Feature", "properties": {"building": "yes", "source": "osm"}, "geometry": {"type": "MultiPolygon", "coordinates": [[[[116.472306, 39.8966005], [116.4723072, 39.8964627], [116.4735034, 39.8964688], [116.4735022, 39.8966067], [116.472306, 39.8966005]]]]}}, {"type": "Feature", "properties": {"building": "yes", "source": "osm"}, "geometry": {"type": "MultiPolygon", "coordinates": [[[[116.4723167, 39.8969442], [116.4732018, 39.8969442], [116.4732018, 39.8971026], [116.4723167, 39.8971026], [116.4723167, 39.8969442]]]]}}, {"type": "Feature", "properties": {"building": "yes", "source": "osm"}, "geometry": {"type": "MultiPolygon", "coordinates": [[[[116.4750338, 39.8971273], [116.4750373, 39.8969858], [116.4758795, 39.8969981], [116.475876, 39.8971396], [116.4750338, 39.8971273]]]]}}, {"type": "Feature", "properties": {"building": "yes", "source": "osm"}, "geometry": {"type": "MultiPolygon", "coordinates": [[[[116.4747065, 39.8966252], [116.4747073, 39.8965018], [116.4758633, 39.8965059], [116.4758626, 39.8966293], [116.4747065, 39.8966252]]]]}}, {"type": "Feature", "properties": {"building": "yes", "source": "osm"}, "geometry": {"type": "MultiPolygon", "coordinates": [[[[116.4735666, 39.8976068], [116.4735687, 39.8974812], [116.4746147, 39.8974915], [116.4746127, 39.897617], [116.4735666, 39.8976068]]]]}}, {"type": "Feature", "properties": {"building": "yes", "source": "osm"}, "geometry": {"type": "MultiPolygon", "coordinates": [[[[116.4756694, 39.8976006], [116.4756705, 39.8974564], [116.4761693, 39.8974584], [116.4761683, 39.8976026], [116.4756694, 39.8976006]]]]}}, {"type": "Feature", "properties": {"building": "yes", "source": "osm"}, "geometry": {"type": "MultiPolygon", "coordinates": [[[[116.4748272, 39.8976294], [116.4748311, 39.8974975], [116.4756679, 39.8975119], [116.4756641, 39.8976438], [116.4748272, 39.8976294]]]]}}, {"type": "Feature", "properties": {"building": "yes", "source": "osm"}, "geometry": {"type": "MultiPolygon", "coordinates": [[[[116.4761254, 39.8966149], [116.4763267, 39.8966124], [116.4763375, 39.8971165], [116.4761361, 39.8971191], [116.4761254, 39.8966149]]]]}}, {"type": "Feature", "properties": {"building": "yes", "source": "osm"}, "geometry": {"type": "MultiPolygon", "coordinates": [[[[116.4761871, 39.8984134], [116.4762059, 39.8980677], [116.4764553, 39.8980757], [116.4764366, 39.8984214], [116.4761871, 39.8984134]]]]}}, {"type": "Feature", "properties": {"building": "yes", "source": "osm"}, "geometry": {"type": "MultiPolygon", "coordinates": [[[[116.4756238, 39.8981397], [116.4756277, 39.8979839], [116.4761963, 39.8979921], [116.4761925, 39.898148], [116.4756238, 39.8981397]]]]}}, {"type": "Feature", "properties": {"building": "yes", "source": "osm"}, "geometry": {"type": "MultiPolygon", "coordinates": [[[[116.4747092, 39.8980924], [116.4747111, 39.8979588], [116.4754514, 39.897965], [116.4754495, 39.8980986], [116.4747092, 39.8980924]]]]}}, {"type": "Feature", "properties": {"building": "yes", "source": "osm"}, "geometry": {"type": "MultiPolygon", "coordinates": [[[[116.4757553, 39.8988929], [116.4757608, 39.8985669], [116.4761738, 39.898571], [116.4761683, 39.898897], [116.4757553, 39.8988929]]]]}}, {"type": "Feature", "properties": {"building": "yes", "source": "osm"}, "geometry": {"type": "MultiPolygon", "coordinates": [[[[116.4749184, 39.8986048], [116.4753478, 39.8985975], [116.4753558, 39.8988774], [116.4749265, 39.8988846], [116.4749184, 39.8986048]]]]}}, {"type": "Feature", "properties": {"building": "yes", "source": "osm"}, "geometry": {"type": "MultiPolygon", "coordinates": [[[[116.4734942, 39.8985163], [116.4735424, 39.8983867], [116.4736766, 39.8982694], [116.4738509, 39.8982447], [116.4739206, 39.8983105], [116.4738885, 39.898399], [116.4738321, 39.8984772], [116.4737356, 39.898543], [116.4736015, 39.898576], [116.4734942, 39.8985163]]]]}}, {"type": "Feature", "properties": {"building": "yes", "source": "osm"}, "geometry": {"type": "MultiPolygon", "coordinates": [[[[116.4719197, 39.8982179], [116.4719203, 39.8979938], [116.4732185, 39.8979958], [116.4732179, 39.89822], [116.4719197, 39.8982179]]]]}}, {"type": "Feature", "properties": {"building": "yes", "source": "osm"}, "geometry": {"type": "MultiPolygon", "coordinates": [[[[116.4718773, 39.8983244], [116.4721531, 39.8983208], [116.4721638, 39.8988085], [116.4718881, 39.8988121], [116.4718773, 39.8983244]]]]}}, {"type": "Feature", "properties": {"building": "yes", "source": "osm"}, "geometry": {"type": "MultiPolygon", "coordinates": [[[[116.4693645, 39.9009876], [116.4697132, 39.9009793], [116.4697176, 39.9010905], [116.4693689, 39.9010987], [116.4693645, 39.9009876]]]]}}, {"type": "Feature", "properties": {"building": "yes", "source": "osm"}, "geometry": {"type": "MultiPolygon", "coordinates": [[[[116.4654024, 39.8999251], [116.4654049, 39.8998056], [116.4655548, 39.8998075], [116.4655522, 39.899927], [116.4654024, 39.8999251]]]]}}, {"type": "Feature", "properties": {"building": "yes", "source": "osm"}, "geometry": {"type": "MultiPolygon", "coordinates": [[[[116.4651732, 39.900562], [116.4652041, 39.9002256], [116.465853, 39.9002606], [116.465822, 39.9005971], [116.4651732, 39.900562]]]]}}, {"type": "Feature", "properties": {"building": "yes", "source": "osm"}, "geometry": {"type": "MultiPolygon", "coordinates": [[[[116.4618159, 39.8996555], [116.461832, 39.8995424], [116.462186, 39.899572], [116.4621699, 39.8996851], [116.4618159, 39.8996555]]]]}}, {"type": "Feature", "properties": {"building": "yes", "source": "osm"}, "geometry": {"type": "MultiPolygon", "coordinates": [[[[116.462261, 39.8996485], [116.4622745, 39.8995043], [116.4629799, 39.8995429], [116.4629665, 39.8996871], [116.462261, 39.8996485]]]]}}, {"type": "Feature", "properties": {"building": "yes", "source": "osm"}, "geometry": {"type": "MultiPolygon", "coordinates": [[[[116.4651436, 39.9001536], [116.465147, 39.9001191], [116.4651511, 39.900077], [116.4652516, 39.9000828], [116.4652443, 39.9001594], [116.4651603, 39.9001546], [116.4651436, 39.9001536]]]]}}, {"type": "Feature", "properties": {"building": "yes", "source": "osm"}, "geometry": {"type": "MultiPolygon", "coordinates": [[[[116.4644109, 39.9001752], [116.4644168, 39.9001163], [116.4644208, 39.9000762], [116.4644912, 39.9000804], [116.465147, 39.9001191], [116.4651436, 39.9001536], [116.4651603, 39.9001546], [116.4651538, 39.9002191], [116.4644109, 39.9001752]]]]}}, {"type": "Feature", "properties": {"building": "yes", "source": "osm"}, "geometry": {"type": "MultiPolygon", "coordinates": [[[[116.4630657, 39.8996666], [116.463078, 39.8995441], [116.4638933, 39.8995922], [116.4638811, 39.8997147], [116.4630657, 39.8996666]]]]}}, {"type": "Feature", "properties": {"building": "yes", "source": "osm"}, "geometry": {"type": "MultiPolygon", "coordinates": [[[[116.464203, 39.8994217], [116.4642106, 39.8993506], [116.4646049, 39.8993753], [116.4645973, 39.8994465], [116.464203, 39.8994217]]]]}}, {"type": "Feature", "properties": {"building": "yes", "source": "osm"}, "geometry": {"type": "MultiPolygon", "coordinates": [[[[116.4634549, 39.8993726], [116.4634656, 39.8992973], [116.4639294, 39.8993362], [116.4639187, 39.8994114], [116.4634549, 39.8993726]]]]}}, {"type": "Feature", "properties": {"building": "yes", "source": "osm"}, "geometry": {"type": "MultiPolygon", "coordinates": [[[[116.4645696, 39.8996916], [116.4645746, 39.8995661], [116.4647337, 39.8995698], [116.4647287, 39.8996954], [116.4645696, 39.8996916]]]]}}, {"type": "Feature", "properties": {"building": "yes", "source": "osm"}, "geometry": {"type": "MultiPolygon", "coordinates": [[[[116.4640527, 39.8997394], [116.4640601, 39.8996657], [116.4646047, 39.8996979], [116.4645973, 39.8997715], [116.4640527, 39.8997394]]]]}}, {"type": "Feature", "properties": {"building": "yes", "source": "osm"}, "geometry": {"type": "MultiPolygon", "coordinates": [[[[116.4648971, 39.8997832], [116.4649023, 39.8996501], [116.465395, 39.8996616], [116.4653897, 39.8997948], [116.4648971, 39.8997832]]]]}}, {"type": "Feature", "properties": {"building": "yes", "source": "osm"}, "geometry": {"type": "MultiPolygon", "coordinates": [[[[116.4660622, 39.8980212], [116.466328, 39.8980183], [116.4663354, 39.8984134], [116.4660696, 39.8984163], [116.4660622, 39.8980212]]]]}}, {"type": "Feature", "properties": {"building": "yes", "source": "osm"}, "geometry": {"type": "MultiPolygon", "coordinates": [[[[116.4613438, 39.8983455], [116.4613545, 39.8980759], [116.4613947, 39.8980656], [116.4614886, 39.8980574], [116.4615798, 39.8980677], [116.461671, 39.898043], [116.461722, 39.8980821], [116.4617917, 39.8980739], [116.4619794, 39.8980533], [116.4619929, 39.8980883], [116.4620545, 39.8981603], [116.4621618, 39.8981788], [116.4622343, 39.89815], [116.4623818, 39.8981624], [116.4624408, 39.8981315], [116.4625749, 39.8981315], [116.4627466, 39.8981315], [116.4629236, 39.8980821], [116.4631408, 39.8980821], [116.463173, 39.8980574], [116.4633796, 39.8980039], [116.4635244, 39.8980265], [116.4636102, 39.8980533], [116.4637604, 39.8980368], [116.4639294, 39.8980533], [116.4640233, 39.8981212], [116.4641038, 39.8981521], [116.4641654, 39.8980883], [116.4642486, 39.8980718], [116.4643478, 39.8980471], [116.4645141, 39.8980265], [116.4645544, 39.8980533], [116.4646187, 39.8980739], [116.4646724, 39.8980286], [116.4647743, 39.8980224], [116.4649218, 39.8980451], [116.4650452, 39.8980492], [116.4650801, 39.89815], [116.4653054, 39.8981624], [116.4653295, 39.8981274], [116.4654288, 39.8981294], [116.4654422, 39.8981809], [116.4655253, 39.8981973], [116.4657345, 39.898187], [116.4657587, 39.8982261], [116.4660457, 39.8982159], [116.466043, 39.8983661], [116.4656675, 39.8983702], [116.4655387, 39.898469], [116.4654422, 39.8984546], [116.4653188, 39.8984648], [116.4652437, 39.8984257], [116.4651123, 39.8984484], [116.4650747, 39.8983969], [116.4649379, 39.898399], [116.4648628, 39.898364], [116.4647529, 39.8983702], [116.4646402, 39.8982941], [116.4644283, 39.8983373], [116.464372, 39.8982796], [116.4642405, 39.8983146], [116.464203, 39.8982941], [116.4640689, 39.8983208], [116.4639938, 39.8982982], [116.4638516, 39.8983311], [116.4637068, 39.8983023], [116.4634815, 39.8983085], [116.4633366, 39.8983085], [116.4632615, 39.8983373], [116.4631221, 39.898329], [116.463055, 39.8983537], [116.462996, 39.8983764], [116.4627761, 39.8984216], [116.4626124, 39.8984504], [116.4623845, 39.8984834], [116.4621216, 39.8984875], [116.4619231, 39.8984607], [116.4618883, 39.8983517], [116.4618346, 39.8983187], [116.4617541, 39.8983517], [116.4615905, 39.8983414], [116.4614993, 39.8983311], [116.4613438, 39.8983455]]]]}}, {"type": "Feature", "properties": {"building": "yes", "source": "osm"}, "geometry": {"type": "MultiPolygon", "coordinates": [[[[116.4613506, 39.8967067], [116.4613593, 39.8964257], [116.4616274, 39.8964306], [116.4616187, 39.8967116], [116.4613506, 39.8967067]]]]}}, {"type": "Feature", "properties": {"building": "yes", "source": "osm"}, "geometry": {"type": "MultiPolygon", "coordinates": [[[[116.461325, 39.8971489], [116.4613357, 39.8968032], [116.4616241, 39.8968011], [116.4616133, 39.8968577], [116.4616173, 39.897047], [116.4614806, 39.8970923], [116.4614068, 39.8970913], [116.4614055, 39.8971458], [116.461325, 39.8971489]]]]}}, {"type": "Feature", "properties": {"building": "yes", "source": "osm"}, "geometry": {"type": "MultiPolygon", "coordinates": [[[[116.4588942, 39.8964009], [116.4595084, 39.8963989], [116.4595091, 39.8965223], [116.4588949, 39.8965244], [116.4588942, 39.8964009]]]]}}, {"type": "Feature", "properties": {"building": "yes", "source": "osm"}, "geometry": {"type": "MultiPolygon", "coordinates": [[[[116.4589675, 39.8960708], [116.4597614, 39.8960584], [116.4597639, 39.896154], [116.45897, 39.8961663], [116.4589675, 39.8960708]]]]}}, {"type": "Feature", "properties": {"building": "yes", "source": "osm"}, "geometry": {"type": "MultiPolygon", "coordinates": [[[[116.4582403, 39.896121], [116.4586667, 39.8961128], [116.4586723, 39.8962815], [116.4582458, 39.8962898], [116.4582403, 39.896121]]]]}}, {"type": "Feature", "properties": {"building": "yes", "source": "osm"}, "geometry": {"type": "MultiPolygon", "coordinates": [[[[116.4559472, 39.8957547], [116.4559537, 39.8956498], [116.4560663, 39.895654], [116.4560598, 39.8957589], [116.4559472, 39.8957547]]]]}}, {"type": "Feature", "properties": {"building": "yes", "source": "osm"}, "geometry": {"type": "MultiPolygon", "coordinates": [[[[116.4560652, 39.8956765], [116.4562127, 39.8956765], [116.4562127, 39.8958041], [116.4560652, 39.8958041], [116.4560652, 39.8956765]]]]}}, {"type": "Feature", "properties": {"building": "yes", "source": "osm"}, "geometry": {"type": "MultiPolygon", "coordinates": [[[[116.4563132, 39.8956898], [116.4566028, 39.8956795], [116.4566123, 39.8958371], [116.4563227, 39.8958473], [116.4563132, 39.8956898]]]]}}, {"type": "Feature", "properties": {"building": "yes", "source": "osm"}, "geometry": {"type": "MultiPolygon", "coordinates": [[[[116.4567279, 39.8956266], [116.4569049, 39.8956246], [116.4569074, 39.8957486], [116.4567304, 39.8957506], [116.4567279, 39.8956266]]]]}}, {"type": "Feature", "properties": {"building": "yes", "source": "osm"}, "geometry": {"type": "MultiPolygon", "coordinates": [[[[116.4569127, 39.8956558], [116.4570924, 39.8956537], [116.4570951, 39.8957959], [116.4569154, 39.895798], [116.4569127, 39.8956558]]]]}}, {"type": "Feature", "properties": {"building": "yes", "source": "osm"}, "geometry": {"type": "MultiPolygon", "coordinates": [[[[116.4572655, 39.8946605], [116.4572668, 39.8943282], [116.4574747, 39.8943287], [116.4574733, 39.894661], [116.4572655, 39.8946605]]]]}}, {"type": "Feature", "properties": {"building": "yes", "source": "osm"}, "geometry": {"type": "MultiPolygon", "coordinates": [[[[116.4577107, 39.8946538], [116.457712, 39.8945511], [116.4579829, 39.8945531], [116.4579816, 39.8946559], [116.4577107, 39.8946538]]]]}}, {"type": "Feature", "properties": {"building": "yes", "source": "osm"}, "geometry": {"type": "MultiPolygon", "coordinates": [[[[116.4577847, 39.8940757], [116.458289, 39.8940706], [116.4582914, 39.8942093], [116.4577872, 39.8942144], [116.4577847, 39.8940757]]]]}}, {"type": "Feature", "properties": {"building": "yes", "source": "osm"}, "geometry": {"type": "MultiPolygon", "coordinates": [[[[116.4572283, 39.8940784], [116.457421, 39.8940725], [116.4574318, 39.8942782], [116.4572391, 39.8942842], [116.4572283, 39.8940784]]]]}}, {"type": "Feature", "properties": {"building": "yes", "source": "osm"}, "geometry": {"type": "MultiPolygon", "coordinates": [[[[116.4574469, 39.8940775], [116.4577365, 39.8940744], [116.4577389, 39.8942031], [116.4574492, 39.8942062], [116.4574469, 39.8940775]]]]}}, {"type": "Feature", "properties": {"building": "yes", "source": "osm"}, "geometry": {"type": "MultiPolygon", "coordinates": [[[[116.4600348, 39.8941064], [116.4601931, 39.8941188], [116.4603031, 39.8941558], [116.4603808, 39.8941928], [116.4604452, 39.8942319], [116.4604908, 39.8942813], [116.4602897, 39.894306], [116.4602467, 39.8942793], [116.4601555, 39.8942607], [116.4600456, 39.8942505], [116.4600348, 39.8941064]]]]}}, {"type": "Feature", "properties": {"building": "yes", "source": "osm"}, "geometry": {"type": "MultiPolygon", "coordinates": [[[[116.4591565, 39.8941013], [116.4596218, 39.894095], [116.4596244, 39.8942114], [116.4591591, 39.8942176], [116.4591565, 39.8941013]]]]}}, {"type": "Feature", "properties": {"building": "yes", "source": "osm"}, "geometry": {"type": "MultiPolygon", "coordinates": [[[[116.4596597, 39.8942497], [116.4596617, 39.8941211], [116.4600345, 39.8941246], [116.4600324, 39.8942533], [116.4596597, 39.8942497]]]]}}, {"type": "Feature", "properties": {"building": "yes", "source": "osm"}, "geometry": {"type": "MultiPolygon", "coordinates": [[[[116.4584454, 39.8940659], [116.4590862, 39.8940541], [116.4590896, 39.8941633], [116.4588252, 39.8941682], [116.4584488, 39.8941751], [116.4584454, 39.8940659]]]]}}, {"type": "Feature", "properties": {"building": "yes", "source": "osm"}, "geometry": {"type": "MultiPolygon", "coordinates": [[[[116.457991, 39.8945633], [116.4580956, 39.894553], [116.458101, 39.8944953], [116.4582834, 39.8945056], [116.458286, 39.8945633], [116.4584067, 39.8945756], [116.4585945, 39.8946209], [116.458624, 39.8945633], [116.4587554, 39.8946168], [116.4587018, 39.8946867], [116.458919, 39.894769], [116.4589646, 39.8947217], [116.4590666, 39.8947876], [116.4590022, 39.8948472], [116.4591041, 39.8949275], [116.4589834, 39.8949872], [116.4588413, 39.894876], [116.458573, 39.8947238], [116.4584577, 39.8947011], [116.4583544, 39.8946579], [116.4582753, 39.8946847], [116.4581653, 39.8946538], [116.4580795, 39.8946404], [116.4579923, 39.8946466], [116.457991, 39.8945633]]]]}}, {"type": "Feature", "properties": {"building": "yes", "source": "osm"}, "geometry": {"type": "MultiPolygon", "coordinates": [[[[116.4498592, 39.892649], [116.4503071, 39.8926408], [116.4503118, 39.8927914], [116.4498639, 39.8927996], [116.4498592, 39.892649]]]]}}, {"type": "Feature", "properties": {"building": "yes", "source": "osm"}, "geometry": {"type": "MultiPolygon", "coordinates": [[[[116.4526963, 39.8925465], [116.453391, 39.8925465], [116.453391, 39.8927605], [116.4526963, 39.8927605], [116.4526963, 39.8925465]]]]}}, {"type": "Feature", "properties": {"building": "yes", "source": "osm"}, "geometry": {"type": "MultiPolygon", "coordinates": [[[[116.452878, 39.890662], [116.4529625, 39.8906064], [116.4529612, 39.8905796], [116.4530054, 39.8905735], [116.4530282, 39.890594], [116.4530873, 39.8905982], [116.4531074, 39.8905745], [116.453161, 39.8905765], [116.4531583, 39.8906095], [116.4532308, 39.8906609], [116.4531852, 39.8907124], [116.4532308, 39.8907474], [116.4531878, 39.8907947], [116.4532442, 39.8908317], [116.4531637, 39.8908883], [116.4531637, 39.890912], [116.4531261, 39.8909151], [116.4531033, 39.8908894], [116.4530215, 39.8908883], [116.4529894, 39.8909223], [116.4529572, 39.8909161], [116.4529598, 39.8908883], [116.4528901, 39.8908359], [116.4529236, 39.890807], [116.4529317, 39.8907659], [116.4529089, 39.8907422], [116.452929, 39.8907319], [116.452929, 39.8906959], [116.452878, 39.890662]]]]}}, {"type": "Feature", "properties": {"building": "yes", "source": "osm"}, "geometry": {"type": "MultiPolygon", "coordinates": [[[[116.4536257, 39.8906861], [116.4537102, 39.8906306], [116.4537089, 39.8906038], [116.4537531, 39.8905976], [116.4537759, 39.8906182], [116.4538349, 39.8906223], [116.453855, 39.8905987], [116.4539087, 39.8906007], [116.453906, 39.8906337], [116.4539784, 39.8906851], [116.4539328, 39.8907366], [116.4539784, 39.8907715], [116.4539355, 39.8908189], [116.4539918, 39.8908559], [116.4539114, 39.8909125], [116.4539114, 39.8909362], [116.4538738, 39.8909393], [116.453851, 39.8909135], [116.4537692, 39.8909125], [116.453737, 39.8909465], [116.4537048, 39.8909403], [116.4537075, 39.8909125], [116.4536378, 39.89086], [116.4536713, 39.8908312], [116.4536794, 39.8907901], [116.4536566, 39.8907664], [116.4536767, 39.8907561], [116.4536767, 39.8907201], [116.4536257, 39.8906861]]]]}}, {"type": "Feature", "properties": {"building": "yes", "source": "osm"}, "geometry": {"type": "MultiPolygon", "coordinates": [[[[116.4520789, 39.8912624], [116.4524946, 39.8912562], [116.4525032, 39.8915958], [116.4520875, 39.8916019], [116.4520789, 39.8912624]]]]}}, {"type": "Feature", "properties": {"building": "yes", "source": "osm"}, "geometry": {"type": "MultiPolygon", "coordinates": [[[[116.4520021, 39.8908858], [116.4526888, 39.8908693], [116.4526936, 39.8909887], [116.452007, 39.8910051], [116.4520021, 39.8908858]]]]}}, {"type": "Feature", "properties": {"building": "yes", "source": "osm"}, "geometry": {"type": "MultiPolygon", "coordinates": [[[[116.4506268, 39.890289], [116.45119, 39.8902829], [116.4511916, 39.8903671], [116.4506283, 39.8903733], [116.4506268, 39.890289]]]]}}, {"type": "Feature", "properties": {"building": "yes", "source": "osm"}, "geometry": {"type": "MultiPolygon", "coordinates": [[[[116.4513165, 39.8902219], [116.4519469, 39.8902095], [116.4519507, 39.8903239], [116.4513203, 39.8903363], [116.4513165, 39.8902219]]]]}}, {"type": "Feature", "properties": {"building": "yes", "source": "osm"}, "geometry": {"type": "MultiPolygon", "coordinates": [[[[116.4513641, 39.8906296], [116.4519122, 39.8906261], [116.4519132, 39.8907195], [116.4513651, 39.890723], [116.4513641, 39.8906296]]]]}}, {"type": "Feature", "properties": {"building": "yes", "source": "osm"}, "geometry": {"type": "MultiPolygon", "coordinates": [[[[116.4506517, 39.890687], [116.4513598, 39.8906706], [116.4513633, 39.8907582], [116.4506552, 39.8907746], [116.4506517, 39.890687]]]]}}, {"type": "Feature", "properties": {"building": "yes", "source": "osm"}, "geometry": {"type": "MultiPolygon", "coordinates": [[[[116.4508107, 39.8909825], [116.4508115, 39.8909], [116.4512057, 39.8909021], [116.451205, 39.8909845], [116.4508107, 39.8909825]]]]}}, {"type": "Feature", "properties": {"building": "yes", "source": "osm"}, "geometry": {"type": "MultiPolygon", "coordinates": [[[[116.4516047, 39.8910175], [116.4516061, 39.8908982], [116.4518931, 39.8909003], [116.4518917, 39.8910195], [116.4516047, 39.8910175]]]]}}, {"type": "Feature", "properties": {"building": "yes", "source": "osm"}, "geometry": {"type": "MultiPolygon", "coordinates": [[[[116.4502099, 39.8909948], [116.4502114, 39.890892], [116.4507102, 39.8908961], [116.4507088, 39.8909989], [116.4502099, 39.8909948]]]]}}, {"type": "Feature", "properties": {"building": "yes", "source": "osm"}, "geometry": {"type": "MultiPolygon", "coordinates": [[[[116.4502573, 39.8912312], [116.4509225, 39.8912106], [116.4509287, 39.8913303], [116.4502636, 39.8913509], [116.4502573, 39.8912312]]]]}}, {"type": "Feature", "properties": {"building": "yes", "source": "osm"}, "geometry": {"type": "MultiPolygon", "coordinates": [[[[116.450393, 39.8916078], [116.4506076, 39.8916037], [116.4506122, 39.891746], [116.4503977, 39.8917501], [116.450393, 39.8916078]]]]}}, {"type": "Feature", "properties": {"building": "yes", "source": "osm"}, "geometry": {"type": "MultiPolygon", "coordinates": [[[[116.4506234, 39.891523], [116.4508299, 39.8915189], [116.4508349, 39.8916657], [116.4506283, 39.8916698], [116.4506234, 39.891523]]]]}}, {"type": "Feature", "properties": {"building": "yes", "source": "osm"}, "geometry": {"type": "MultiPolygon", "coordinates": [[[[116.4510482, 39.8914344], [116.4514103, 39.8914302], [116.4514169, 39.8917727], [116.4510548, 39.8917769], [116.4510482, 39.8914344]]]]}}, {"type": "Feature", "properties": {"building": "yes", "source": "osm"}, "geometry": {"type": "MultiPolygon", "coordinates": [[[[116.4515538, 39.8914122], [116.4519104, 39.8914105], [116.4519131, 39.8917542], [116.4515564, 39.8917559], [116.4515538, 39.8914122]]]]}}, {"type": "Feature", "properties": {"building": "yes", "source": "osm"}, "geometry": {"type": "MultiPolygon", "coordinates": [[[[116.442921, 39.8933336], [116.4432536, 39.8933315], [116.4432549, 39.8934643], [116.4429224, 39.8934664], [116.442921, 39.8933336]]]]}}, {"type": "Feature", "properties": {"building": "yes", "source": "osm"}, "geometry": {"type": "MultiPolygon", "coordinates": [[[[116.4430559, 39.8937193], [116.4432356, 39.8937162], [116.4432389, 39.8938265], [116.4430591, 39.8938296], [116.4430559, 39.8937193]]]]}}, {"type": "Feature", "properties": {"building": "yes", "source": "osm"}, "geometry": {"type": "MultiPolygon", "coordinates": [[[[116.4430728, 39.8940702], [116.443204, 39.8940632], [116.4432161, 39.894197], [116.4430848, 39.8942039], [116.4430728, 39.8940702]]]]}}, {"type": "Feature", "properties": {"building": "yes", "source": "osm"}, "geometry": {"type": "MultiPolygon", "coordinates": [[[[116.4432082, 39.8939725], [116.4433837, 39.8939706], [116.4433864, 39.8941177], [116.4432109, 39.8941196], [116.4432082, 39.8939725]]]]}}, {"type": "Feature", "properties": {"building": "yes", "source": "osm"}, "geometry": {"type": "MultiPolygon", "coordinates": [[[[116.4429336, 39.8943249], [116.4430498, 39.8943225], [116.4430551, 39.8944748], [116.442939, 39.8944772], [116.4429336, 39.8943249]]]]}}, {"type": "Feature", "properties": {"building": "yes", "source": "osm"}, "geometry": {"type": "MultiPolygon", "coordinates": [[[[116.4427923, 39.8942042], [116.4429089, 39.8942042], [116.4429089, 39.8943461], [116.4427923, 39.8943461], [116.4427923, 39.8942042]]]]}}, {"type": "Feature", "properties": {"building": "yes", "source": "osm"}, "geometry": {"type": "MultiPolygon", "coordinates": [[[[116.4426219, 39.8942359], [116.4426246, 39.894094], [116.4427266, 39.8940951], [116.4427239, 39.8942371], [116.4426219, 39.8942359]]]]}}, {"type": "Feature", "properties": {"building": "yes", "source": "osm"}, "geometry": {"type": "MultiPolygon", "coordinates": [[[[116.4423979, 39.8941602], [116.4423992, 39.8939524], [116.4425817, 39.8939531], [116.4425804, 39.8941609], [116.4423979, 39.8941602]]]]}}, {"type": "Feature", "properties": {"building": "yes", "source": "osm"}, "geometry": {"type": "MultiPolygon", "coordinates": [[[[116.4388508, 39.8935979], [116.4388561, 39.8934456], [116.4390653, 39.8934499], [116.43906, 39.8936022], [116.4388508, 39.8935979]]]]}}, {"type": "Feature", "properties": {"building": "yes", "source": "osm"}, "geometry": {"type": "MultiPolygon", "coordinates": [[[[116.4386938, 39.8945509], [116.4389379, 39.8945448], [116.4389446, 39.8947011], [116.4387006, 39.8947073], [116.4386938, 39.8945509]]]]}}, {"type": "Feature", "properties": {"building": "yes", "source": "osm"}, "geometry": {"type": "MultiPolygon", "coordinates": [[[[116.4760181, 39.8941332], [116.4762086, 39.8941305], [116.4762086, 39.8942319], [116.4760181, 39.8942319], [116.4760181, 39.8941332]]]]}}, {"type": "Feature", "properties": {"building": "yes", "source": "osm"}, "geometry": {"type": "MultiPolygon", "coordinates": [[[[116.4762086, 39.8939397], [116.4763507, 39.8939397], [116.4763507, 39.8942319], [116.4762086, 39.8942319], [116.4762086, 39.8941305], [116.4762086, 39.8939397]]]]}}, {"type": "Feature", "properties": {"building": "yes", "source": "osm"}, "geometry": {"type": "MultiPolygon", "coordinates": [[[[116.4761576, 39.8943678], [116.4763323, 39.894364], [116.4763457, 39.8947282], [116.476171, 39.894732], [116.4761576, 39.8943678]]]]}}, {"type": "Feature", "properties": {"building": "yes", "source": "osm"}, "geometry": {"type": "MultiPolygon", "coordinates": [[[[116.4761522, 39.8947937], [116.4763882, 39.8947931], [116.4763909, 39.8953693], [116.4761549, 39.8953699], [116.4761522, 39.8947937]]]]}}, {"type": "Feature", "properties": {"building": "yes", "source": "osm"}, "geometry": {"type": "MultiPolygon", "coordinates": [[[[116.4605874, 39.8835034], [116.4610782, 39.8835117], [116.4613223, 39.8836681], [116.4613196, 39.8839933], [116.4610943, 39.8839912], [116.4610916, 39.8837381], [116.4610246, 39.883701], [116.4605954, 39.8837031], [116.4605874, 39.8835034]]]]}}, {"type": "Feature", "properties": {"building": "yes", "source": "osm"}, "geometry": {"type": "MultiPolygon", "coordinates": [[[[116.4604699, 39.8840552], [116.4605884, 39.8840123], [116.460738, 39.8842302], [116.4605847, 39.8842341], [116.4604699, 39.8840552]]]]}}, {"type": "Feature", "properties": {"building": "yes", "source": "osm"}, "geometry": {"type": "MultiPolygon", "coordinates": [[[[116.4598996, 39.884242], [116.4609215, 39.8842382], [116.4609227, 39.8844134], [116.4599007, 39.8844172], [116.4598996, 39.884242]]]]}}, {"type": "Feature", "properties": {"building": "yes", "source": "osm"}, "geometry": {"type": "MultiPolygon", "coordinates": [[[[116.4585489, 39.8844605], [116.4585619, 39.8841206], [116.4588488, 39.8841271], [116.4588358, 39.884467], [116.4585489, 39.8844605]]]]}}, {"type": "Feature", "properties": {"building": "yes", "source": "osm"}, "geometry": {"type": "MultiPolygon", "coordinates": [[[[116.4581455, 39.8834646], [116.4587624, 39.8834623], [116.4587635, 39.8836287], [116.4581466, 39.883631], [116.4581455, 39.8834646]]]]}}, {"type": "Feature", "properties": {"building": "yes", "source": "osm"}, "geometry": {"type": "MultiPolygon", "coordinates": [[[[116.4572588, 39.8836125], [116.4572604, 39.8834524], [116.4579068, 39.8834562], [116.4579052, 39.8836163], [116.4572588, 39.8836125]]]]}}, {"type": "Feature", "properties": {"building": "yes", "source": "osm"}, "geometry": {"type": "MultiPolygon", "coordinates": [[[[116.4576906, 39.8844605], [116.4576922, 39.884294], [116.4583815, 39.8842979], [116.4583799, 39.8844643], [116.4576906, 39.8844605]]]]}}, {"type": "Feature", "properties": {"building": "yes", "source": "osm"}, "geometry": {"type": "MultiPolygon", "coordinates": [[[[116.4572641, 39.8844481], [116.4572765, 39.884125], [116.4575561, 39.8841313], [116.4575437, 39.8844544], [116.4572641, 39.8844481]]]]}}, {"type": "Feature", "properties": {"building": "yes", "source": "osm"}, "geometry": {"type": "MultiPolygon", "coordinates": [[[[116.4566901, 39.8844378], [116.4566936, 39.8840941], [116.4569899, 39.8840959], [116.4569864, 39.8844396], [116.4566901, 39.8844378]]]]}}, {"type": "Feature", "properties": {"building": "yes", "source": "osm"}, "geometry": {"type": "MultiPolygon", "coordinates": [[[[116.4559727, 39.8839005], [116.4559766, 39.8835136], [116.4563441, 39.8835158], [116.4563402, 39.8839026], [116.4559727, 39.8839005]]]]}}, {"type": "Feature", "properties": {"building": "yes", "source": "osm"}, "geometry": {"type": "MultiPolygon", "coordinates": [[[[116.4563699, 39.8836747], [116.4563764, 39.8835049], [116.4569503, 39.8835178], [116.4569438, 39.8836877], [116.4563699, 39.8836747]]]]}}, {"type": "Feature", "properties": {"building": "yes", "source": "osm"}, "geometry": {"type": "MultiPolygon", "coordinates": [[[[116.4559089, 39.8841208], [116.4561611, 39.8841145], [116.4561725, 39.8843821], [116.4559203, 39.8843884], [116.4559089, 39.8841208]]]]}}, {"type": "Feature", "properties": {"building": "apartments", "source": "osm"}, "geometry": {"type": "MultiPolygon", "coordinates": [[[[116.4558293, 39.8862508], [116.4562933, 39.886249], [116.4562958, 39.88664], [116.4558318, 39.8866418], [116.4558293, 39.8862508]]]]}}, {"type": "Feature", "properties": {"building": "yes", "source": "osm"}, "geometry": {"type": "MultiPolygon", "coordinates": [[[[116.4559088, 39.8860343], [116.4559409, 39.885199], [116.4563333, 39.8852078], [116.4563012, 39.8860432], [116.4559088, 39.8860343]]]]}}, {"type": "Feature", "properties": {"building": "apartments", "source": "osm"}, "geometry": {"type": "MultiPolygon", "coordinates": [[[[116.4577494, 39.8850265], [116.458094, 39.885023], [116.4580996, 39.8853523], [116.457755, 39.8853558], [116.4577494, 39.8850265]]]]}}, {"type": "Feature", "properties": {"building": "apartments", "source": "osm"}, "geometry": {"type": "MultiPolygon", "coordinates": [[[[116.4568698, 39.8854587], [116.4568733, 39.885117], [116.4572874, 39.8851195], [116.457284, 39.8854611], [116.4568698, 39.8854587]]]]}}, {"type": "Feature", "properties": {"building": "apartments", "source": "osm"}, "geometry": {"type": "MultiPolygon", "coordinates": [[[[116.4568637, 39.8861296], [116.4572036, 39.8861262], [116.4572098, 39.8864885], [116.4568698, 39.8864919], [116.4568637, 39.8861296]]]]}}, {"type": "Feature", "properties": {"building": "yes", "source": "osm"}, "geometry": {"type": "MultiPolygon", "coordinates": [[[[116.456843, 39.8871052], [116.4568599, 39.8866641], [116.4572017, 39.8866719], [116.4571847, 39.8871129], [116.456843, 39.8871052]]]]}}, {"type": "Feature", "properties": {"building": "apartments", "source": "osm"}, "geometry": {"type": "MultiPolygon", "coordinates": [[[[116.4574867, 39.8869817], [116.4574902, 39.8866359], [116.4579421, 39.8866386], [116.4579386, 39.8869844], [116.4574867, 39.8869817]]]]}}, {"type": "Feature", "properties": {"building": "apartments", "source": "osm"}, "geometry": {"type": "MultiPolygon", "coordinates": [[[[116.458363, 39.8866482], [116.4587276, 39.886639], [116.4587419, 39.8869725], [116.4583772, 39.8869817], [116.458363, 39.8866482]]]]}}, {"type": "Feature", "properties": {"building": "apartments", "source": "osm"}, "geometry": {"type": "MultiPolygon", "coordinates": [[[[116.4593125, 39.8869343], [116.4593159, 39.8865968], [116.4596627, 39.8865989], [116.4596593, 39.8869364], [116.4593125, 39.8869343]]]]}}, {"type": "Feature", "properties": {"building": "yes", "source": "osm"}, "geometry": {"type": "MultiPolygon", "coordinates": [[[[116.4592466, 39.8849087], [116.4596381, 39.8848989], [116.4596432, 39.8850166], [116.4592516, 39.8850265], [116.4592466, 39.8849087]]]]}}, {"type": "Feature", "properties": {"building": "yes", "source": "osm"}, "geometry": {"type": "MultiPolygon", "coordinates": [[[[116.4583912, 39.88479], [116.4590026, 39.8847746], [116.4590101, 39.8849493], [116.4583987, 39.8849647], [116.4583912, 39.88479]]]]}}, {"type": "Feature", "properties": {"building": "apartments", "source": "osm"}, "geometry": {"type": "MultiPolygon", "coordinates": [[[[116.4583451, 39.8854875], [116.4583579, 39.8851536], [116.4587652, 39.8851628], [116.4587524, 39.8854967], [116.4583451, 39.8854875]]]]}}, {"type": "Feature", "properties": {"building": "apartments", "source": "osm"}, "geometry": {"type": "MultiPolygon", "coordinates": [[[[116.4591551, 39.8854875], [116.4591687, 39.8851336], [116.4595402, 39.885142], [116.4595266, 39.8854959], [116.4591551, 39.8854875]]]]}}, {"type": "Feature", "properties": {"building": "apartments", "source": "osm"}, "geometry": {"type": "MultiPolygon", "coordinates": [[[[116.4597773, 39.8853064], [116.45979, 39.8849765], [116.4602041, 39.8849859], [116.4601914, 39.8853157], [116.4597773, 39.8853064]]]]}}, {"type": "Feature", "properties": {"building": "apartments", "source": "osm"}, "geometry": {"type": "MultiPolygon", "coordinates": [[[[116.4610058, 39.8853228], [116.4610191, 39.8849768], [116.461309, 39.8849833], [116.4612957, 39.8853294], [116.4610058, 39.8853228]]]]}}, {"type": "Feature", "properties": {"building": "apartments", "source": "osm"}, "geometry": {"type": "MultiPolygon", "coordinates": [[[[116.4609786, 39.8858972], [116.4609918, 39.8855534], [116.4612577, 39.8855594], [116.4612445, 39.8859032], [116.4609786, 39.8858972]]]]}}, {"type": "Feature", "properties": {"building": "apartments", "source": "osm"}, "geometry": {"type": "MultiPolygon", "coordinates": [[[[116.4603406, 39.885858], [116.4603533, 39.8855286], [116.4606787, 39.885536], [116.460666, 39.8858653], [116.4603406, 39.885858]]]]}}, {"type": "Feature", "properties": {"building": "apartments", "source": "osm"}, "geometry": {"type": "MultiPolygon", "coordinates": [[[[116.4608172, 39.8865968], [116.4608206, 39.886251], [116.4611675, 39.8862531], [116.4611641, 39.8865989], [116.4608172, 39.8865968]]]]}}, {"type": "Feature", "properties": {"building": "apartments", "source": "osm"}, "geometry": {"type": "MultiPolygon", "coordinates": [[[[116.46085, 39.8867159], [116.4610811, 39.8867101], [116.461097, 39.8870825], [116.4608659, 39.8870883], [116.46085, 39.8867159]]]]}}, {"type": "Feature", "properties": {"building": "apartments", "source": "osm"}, "geometry": {"type": "MultiPolygon", "coordinates": [[[[116.4600976, 39.886647], [116.4605408, 39.8866358], [116.4605552, 39.8869734], [116.460112, 39.8869846], [116.4600976, 39.886647]]]]}}, {"type": "Feature", "properties": {"building": "kindergarten", "name": "瑞德祺国际幼儿园", "source": "osm"}, "geometry": {"type": "MultiPolygon", "coordinates": [[[[116.4595863, 39.8891511], [116.4601898, 39.8891451], [116.4601958, 39.8894947], [116.4595923, 39.8895007], [116.4595863, 39.8891511]]]]}}, {"type": "Feature", "properties": {"building": "yes", "source": "osm"}, "geometry": {"type": "MultiPolygon", "coordinates": [[[[116.4557771, 39.8893157], [116.4561714, 39.8893137], [116.4561725, 39.889439], [116.4557782, 39.889441], [116.4557771, 39.8893157]]]]}}, {"type": "Feature", "properties": {"building": "apartments", "name": "7号楼", "source": "osm"}, "geometry": {"type": "MultiPolygon", "coordinates": [[[[116.4568714, 39.8891276], [116.4572909, 39.8891179], [116.4573044, 39.8894596], [116.4568848, 39.8894693], [116.4568714, 39.8891276]]]]}}, {"type": "Feature", "properties": {"building": "yes", "source": "osm"}, "geometry": {"type": "MultiPolygon", "coordinates": [[[[116.4559504, 39.8886319], [116.4564841, 39.8886258], [116.4564863, 39.8887351], [116.4559525, 39.8887413], [116.4559504, 39.8886319]]]]}}, {"type": "Feature", "properties": {"building": "yes", "source": "osm"}, "geometry": {"type": "MultiPolygon", "coordinates": [[[[116.4563046, 39.8876981], [116.4564273, 39.8876938], [116.456438, 39.8878728], [116.4563154, 39.8878771], [116.4563046, 39.8876981]]]]}}, {"type": "Feature", "properties": {"building": "yes", "source": "osm"}, "geometry": {"type": "MultiPolygon", "coordinates": [[[[116.4558577, 39.8876435], [116.4562224, 39.8876332], [116.4562288, 39.8877658], [116.455864, 39.8877761], [116.4558577, 39.8876435]]]]}}, {"type": "Feature", "properties": {"building": "yes", "source": "osm"}, "geometry": {"type": "MultiPolygon", "coordinates": [[[[116.455813, 39.888605], [116.4558157, 39.8880864], [116.4559659, 39.8880869], [116.4559633, 39.8886055], [116.455813, 39.888605]]]]}}, {"type": "Feature", "properties": {"building": "yes", "name": "8号楼", "source": "osm"}, "geometry": {"type": "MultiPolygon", "coordinates": [[[[116.4569715, 39.888848], [116.4569769, 39.8884241], [116.4572963, 39.8884264], [116.4572909, 39.8888504], [116.4569715, 39.888848]]]]}}, {"type": "Feature", "properties": {"building": "apartments", "name": "9号楼", "source": "osm"}, "geometry": {"type": "MultiPolygon", "coordinates": [[[[116.4568618, 39.887879], [116.4572561, 39.887879], [116.4572561, 39.8882042], [116.4568618, 39.8882042], [116.4568618, 39.887879]]]]}}, {"type": "Feature", "properties": {"building": "apartments", "name": "10号楼", "source": "osm"}, "geometry": {"type": "MultiPolygon", "coordinates": [[[[116.4575321, 39.8876692], [116.4579344, 39.8876671], [116.4579374, 39.8880025], [116.457535, 39.8880045], [116.4575321, 39.8876692]]]]}}, {"type": "Feature", "properties": {"building": "apartments", "name": "11号楼", "source": "osm"}, "geometry": {"type": "MultiPolygon", "coordinates": [[[[116.4582589, 39.8876816], [116.4586479, 39.8876795], [116.4586508, 39.8880087], [116.4582619, 39.8880107], [116.4582589, 39.8876816]]]]}}, {"type": "Feature", "properties": {"building": "apartments", "name": "12号楼", "source": "osm"}, "geometry": {"type": "MultiPolygon", "coordinates": [[[[116.4590612, 39.8876608], [116.4594233, 39.8876608], [116.4594233, 39.8880066], [116.4590612, 39.8880066], [116.4590612, 39.8876608]]]]}}, {"type": "Feature", "properties": {"building": "apartments", "name": "13号楼", "source": "osm"}, "geometry": {"type": "MultiPolygon", "coordinates": [[[[116.4598411, 39.8879995], [116.4598572, 39.8876558], [116.4601904, 39.887665], [116.4601743, 39.8880087], [116.4598411, 39.8879995]]]]}}, {"type": "Feature", "properties": {"building": "apartments", "name": "14号楼", "source": "osm"}, "geometry": {"type": "MultiPolygon", "coordinates": [[[[116.46056, 39.8881757], [116.4605654, 39.8878547], [116.4609468, 39.8878584], [116.4609414, 39.8881795], [116.46056, 39.8881757]]]]}}, {"type": "Feature", "properties": {"building": "yes", "source": "osm"}, "geometry": {"type": "MultiPolygon", "coordinates": [[[[116.4604399, 39.8892949], [116.4605418, 39.8892229], [116.4604747, 39.889157], [116.4605552, 39.8891221], [116.4605015, 39.88905], [116.4606035, 39.889015], [116.4605203, 39.8889307], [116.4606383, 39.8888854], [116.4605659, 39.8888257], [116.4606652, 39.8887722], [116.4605901, 39.8887063], [116.4606705, 39.8886569], [116.4608476, 39.888696], [116.4608958, 39.8887393], [116.4607966, 39.8888031], [116.4608556, 39.8888607], [116.4607564, 39.8889183], [116.4608315, 39.8889862], [116.4607349, 39.8890377], [116.4607859, 39.8891076], [116.4607054, 39.889157], [116.4607537, 39.8892188], [116.4606705, 39.8892743], [116.4607295, 39.8893237], [116.4605927, 39.8893834], [116.4605767, 39.8893443], [116.4605096, 39.8893711], [116.4604399, 39.8892949]]]]}}, {"type": "Feature", "properties": {"building": "apartments", "name": "17号楼", "source": "osm"}, "geometry": {"type": "MultiPolygon", "coordinates": [[[[116.4590498, 39.889202], [116.4594146, 39.8891958], [116.4594233, 39.8894987], [116.4590585, 39.8895048], [116.4590498, 39.889202]]]]}}, {"type": "Feature", "properties": {"building": "apartments", "name": "5号楼", "source": "osm"}, "geometry": {"type": "MultiPolygon", "coordinates": [[[[116.4582351, 39.8894884], [116.4582374, 39.8891963], [116.4586826, 39.8891983], [116.4586803, 39.8894904], [116.4582351, 39.8894884]]]]}}, {"type": "Feature", "properties": {"building": "apartments", "name": "6号楼", "source": "osm"}, "geometry": {"type": "MultiPolygon", "coordinates": [[[[116.4574304, 39.8899905], [116.4574576, 39.8897264], [116.4579672, 39.8897572], [116.45794, 39.8900214], [116.4574304, 39.8899905]]]]}}, {"type": "Feature", "properties": {"building": "apartments", "name": "18号楼", "source": "osm"}, "geometry": {"type": "MultiPolygon", "coordinates": [[[[116.4596632, 39.8897296], [116.4600939, 39.8897004], [116.4601314, 39.8900255], [116.4597007, 39.8900548], [116.4596968, 39.8900209], [116.4596632, 39.8897296]]]]}}, {"type": "Feature", "properties": {"building": "yes", "source": "osm"}, "geometry": {"type": "MultiPolygon", "coordinates": [[[[116.4595887, 39.8905152], [116.4598122, 39.8905112], [116.460008, 39.890505], [116.4601126, 39.8905668], [116.4604255, 39.8905687], [116.4604291, 39.8907376], [116.4596084, 39.8907479], [116.4595887, 39.8905152]]]]}}, {"type": "Feature", "properties": {"building": "yes", "source": "osm"}, "geometry": {"type": "MultiPolygon", "coordinates": [[[[116.4590746, 39.8907931], [116.4590813, 39.890539], [116.4594809, 39.8905452], [116.4594743, 39.8907993], [116.4590746, 39.8907931]]]]}}, {"type": "Feature", "properties": {"building": "yes", "source": "osm"}, "geometry": {"type": "MultiPolygon", "coordinates": [[[[116.4602215, 39.8908709], [116.4607633, 39.8908586], [116.4607698, 39.8910257], [116.460228, 39.891038], [116.4602215, 39.8908709]]]]}}, {"type": "Feature", "properties": {"building": "yes", "source": "osm"}, "geometry": {"type": "MultiPolygon", "coordinates": [[[[116.4602083, 39.8916613], [116.4604739, 39.891651], [116.4604774, 39.8917048], [116.4602119, 39.8917151], [116.4602083, 39.8916613]]]]}}, {"type": "Feature", "properties": {"building": "yes", "source": "osm"}, "geometry": {"type": "MultiPolygon", "coordinates": [[[[116.4601797, 39.891143], [116.4602923, 39.891143], [116.4602923, 39.8913241], [116.4601797, 39.8913241], [116.4601797, 39.891143]]]]}}, {"type": "Feature", "properties": {"building": "yes", "source": "osm"}, "geometry": {"type": "MultiPolygon", "coordinates": [[[[116.4589601, 39.8916489], [116.4593409, 39.8916448], [116.4593428, 39.891748], [116.458962, 39.8917522], [116.4589601, 39.8916489]]]]}}, {"type": "Feature", "properties": {"building": "yes", "source": "osm"}, "geometry": {"type": "MultiPolygon", "coordinates": [[[[116.4594643, 39.8915958], [116.460108, 39.8915917], [116.4601099, 39.8917686], [116.4594662, 39.8917727], [116.4594643, 39.8915958]]]]}}, {"type": "Feature", "properties": {"building": "yes", "source": "osm"}, "geometry": {"type": "MultiPolygon", "coordinates": [[[[116.4592819, 39.8910855], [116.4599873, 39.8910814], [116.4599892, 39.8912747], [116.4592838, 39.8912788], [116.4592819, 39.8910855]]]]}}, {"type": "Feature", "properties": {"building": "yes", "source": "osm"}, "geometry": {"type": "MultiPolygon", "coordinates": [[[[116.4608455, 39.8912829], [116.4612263, 39.8912685], [116.4612392, 39.8914682], [116.4608583, 39.8914826], [116.4608455, 39.8912829]]]]}}, {"type": "Feature", "properties": {"building": "yes", "source": "osm"}, "geometry": {"type": "MultiPolygon", "coordinates": [[[[116.4617407, 39.8912891], [116.4622182, 39.8912891], [116.4622182, 39.8915155], [116.4617407, 39.8915155], [116.4617407, 39.8912891]]]]}}, {"type": "Feature", "properties": {"building": "apartments", "source": "osm"}, "geometry": {"type": "MultiPolygon", "coordinates": [[[[116.4615075, 39.8925665], [116.4615129, 39.8923277], [116.4618722, 39.8923325], [116.4618668, 39.8925712], [116.4615075, 39.8925665]]]]}}, {"type": "Feature", "properties": {"building": "apartments", "source": "osm"}, "geometry": {"type": "MultiPolygon", "coordinates": [[[[116.461901, 39.8925873], [116.4626145, 39.8925688], [116.4626205, 39.892705], [116.461907, 39.8927235], [116.461901, 39.8925873]]]]}}, {"type": "Feature", "properties": {"building": "yes", "source": "osm"}, "geometry": {"type": "MultiPolygon", "coordinates": [[[[116.4593643, 39.8935549], [116.4602601, 39.8935755], [116.4602494, 39.8932668], [116.4604452, 39.8932668], [116.4604747, 39.8937648], [116.4593723, 39.8937525], [116.4593643, 39.8935549]]]]}}, {"type": "Feature", "properties": {"building": "yes", "source": "osm"}, "geometry": {"type": "MultiPolygon", "coordinates": [[[[116.4610217, 39.8929246], [116.4610297, 39.8924451], [116.4612955, 39.8924477], [116.4612874, 39.8929272], [116.4610217, 39.8929246]]]]}}, {"type": "Feature", "properties": {"building": "yes", "source": "osm"}, "geometry": {"type": "MultiPolygon", "coordinates": [[[[116.4609142, 39.8936514], [116.4609196, 39.8932172], [116.4612257, 39.8932195], [116.4612204, 39.8936537], [116.4609142, 39.8936514]]]]}}, {"type": "Feature", "properties": {"building": "yes", "source": "osm"}, "geometry": {"type": "MultiPolygon", "coordinates": [[[[116.4615348, 39.8933186], [116.4619043, 39.8933079], [116.4619178, 39.8935816], [116.4615482, 39.8935923], [116.4615348, 39.8933186]]]]}}, {"type": "Feature", "properties": {"building": "yes", "source": "osm"}, "geometry": {"type": "MultiPolygon", "coordinates": [[[[116.46187, 39.8935947], [116.4627471, 39.8935721], [116.4627546, 39.8937442], [116.4618775, 39.8937669], [116.46187, 39.8935947]]]]}}, {"type": "Feature", "properties": {"building": "yes", "source": "osm"}, "geometry": {"type": "MultiPolygon", "coordinates": [[[[116.4621431, 39.8938574], [116.4626929, 39.8938574], [116.4626929, 39.8940364], [116.4621431, 39.8940364], [116.4621431, 39.8938574]]]]}}, {"type": "Feature", "properties": {"building": "yes", "source": "osm"}, "geometry": {"type": "MultiPolygon", "coordinates": [[[[116.4621218, 39.8941785], [116.4628165, 39.8941683], [116.4628217, 39.8943739], [116.462127, 39.8943842], [116.4621218, 39.8941785]]]]}}, {"type": "Feature", "properties": {"building": "apartments", "source": "osm"}, "geometry": {"type": "MultiPolygon", "coordinates": [[[[116.4610375, 39.8945327], [116.4617483, 39.8945224], [116.4617515, 39.8946517], [116.4610407, 39.894662], [116.4610375, 39.8945327]]]]}}, {"type": "Feature", "properties": {"building": "apartments", "source": "osm"}, "geometry": {"type": "MultiPolygon", "coordinates": [[[[116.4619577, 39.8947352], [116.462824, 39.8947187], [116.4628297, 39.8948946], [116.4619634, 39.894911], [116.4619577, 39.8947352]]]]}}, {"type": "Feature", "properties": {"building": "apartments", "source": "osm"}, "geometry": {"type": "MultiPolygon", "coordinates": [[[[116.4610734, 39.8950633], [116.461862, 39.895055], [116.4618641, 39.8951765], [116.4610755, 39.8951847], [116.4610734, 39.8950633]]]]}}, {"type": "Feature", "properties": {"building": "yes", "source": "osm"}, "geometry": {"type": "MultiPolygon", "coordinates": [[[[116.4611828, 39.8952526], [116.4613652, 39.8952526], [116.4613652, 39.8955778], [116.4611828, 39.8955778], [116.4611828, 39.8952526]]]]}}, {"type": "Feature", "properties": {"building": "apartments", "source": "osm"}, "geometry": {"type": "MultiPolygon", "coordinates": [[[[116.4613832, 39.8955097], [116.4619894, 39.8955077], [116.4619902, 39.8956498], [116.461384, 39.8956519], [116.4613832, 39.8955097]]]]}}, {"type": "Feature", "properties": {"building": "apartments", "source": "osm"}, "geometry": {"type": "MultiPolygon", "coordinates": [[[[116.4621055, 39.8956395], [116.4621062, 39.8954955], [116.4628626, 39.8954975], [116.4628619, 39.8956416], [116.4621055, 39.8956395]]]]}}, {"type": "Feature", "properties": {"building": "apartments", "source": "osm"}, "geometry": {"type": "MultiPolygon", "coordinates": [[[[116.4631366, 39.895409], [116.4639225, 39.8953946], [116.4639267, 39.8955304], [116.4631408, 39.8955448], [116.4631366, 39.895409]]]]}}, {"type": "Feature", "properties": {"building": "apartments", "source": "osm"}, "geometry": {"type": "MultiPolygon", "coordinates": [[[[116.4640665, 39.8943657], [116.4647559, 39.8943513], [116.4647609, 39.8944933], [116.4640716, 39.8945077], [116.4640665, 39.8943657]]]]}}, {"type": "Feature", "properties": {"building": "apartments", "source": "osm"}, "geometry": {"type": "MultiPolygon", "coordinates": [[[[116.465005, 39.8945859], [116.4650069, 39.8944422], [116.4656801, 39.8944504], [116.4656809, 39.89459], [116.465005, 39.8945859]]]]}}, {"type": "Feature", "properties": {"building": "apartments", "source": "osm"}, "geometry": {"type": "MultiPolygon", "coordinates": [[[[116.4631145, 39.8947053], [116.4639916, 39.8946868], [116.4639965, 39.8948225], [116.4631194, 39.8948411], [116.4631145, 39.8947053]]]]}}, {"type": "Feature", "properties": {"building": "yes", "source": "osm"}, "geometry": {"type": "MultiPolygon", "coordinates": [[[[116.4628886, 39.8936796], [116.4628913, 39.8933174], [116.4630738, 39.8933182], [116.4630711, 39.8936804], [116.4628886, 39.8936796]]]]}}, {"type": "Feature", "properties": {"building": "yes", "source": "osm"}, "geometry": {"type": "MultiPolygon", "coordinates": [[[[116.4629394, 39.8931168], [116.4629448, 39.8929213], [116.4630577, 39.8929231], [116.4630523, 39.8931186], [116.4629394, 39.8931168]]]]}}, {"type": "Feature", "properties": {"building": "apartments", "source": "osm"}, "geometry": {"type": "MultiPolygon", "coordinates": [[[[116.4627549, 39.8923377], [116.4630336, 39.8923387], [116.4630443, 39.8926988], [116.4627603, 39.8927019], [116.4627549, 39.8923377]]]]}}, {"type": "Feature", "properties": {"building": "yes", "source": "osm"}, "geometry": {"type": "MultiPolygon", "coordinates": [[[[116.4632406, 39.8926581], [116.4633206, 39.8926556], [116.4633447, 39.8931022], [116.4632647, 39.8931047], [116.4632406, 39.8926581]]]]}}, {"type": "Feature", "properties": {"building": "apartments", "source": "osm"}, "geometry": {"type": "MultiPolygon", "coordinates": [[[[116.4634096, 39.892326], [116.4643806, 39.8922972], [116.4643881, 39.8924457], [116.4634171, 39.8924745], [116.4634096, 39.892326]]]]}}, {"type": "Feature", "properties": {"building": "apartments", "source": "osm"}, "geometry": {"type": "MultiPolygon", "coordinates": [[[[116.4646, 39.8923551], [116.4650962, 39.8923551], [116.4650962, 39.8926453], [116.4646, 39.8926453], [116.4646, 39.8923551]]]]}}, {"type": "Feature", "properties": {"building": "apartments", "source": "osm"}, "geometry": {"type": "MultiPolygon", "coordinates": [[[[116.4652576, 39.8923558], [116.4657324, 39.8923414], [116.4657479, 39.8926432], [116.4652732, 39.8926576], [116.4652576, 39.8923558]]]]}}, {"type": "Feature", "properties": {"building": "apartments", "source": "osm"}, "geometry": {"type": "MultiPolygon", "coordinates": [[[[116.4635893, 39.8933782], [116.4641069, 39.8933659], [116.4641198, 39.8936845], [116.4636022, 39.8936969], [116.4635893, 39.8933782]]]]}}, {"type": "Feature", "properties": {"building": "apartments", "source": "osm"}, "geometry": {"type": "MultiPolygon", "coordinates": [[[[116.4647046, 39.8933944], [116.4651123, 39.8933944], [116.4651123, 39.8936743], [116.4647046, 39.8936743], [116.4647046, 39.8933944]]]]}}, {"type": "Feature", "properties": {"building": "apartments", "source": "osm"}, "geometry": {"type": "MultiPolygon", "coordinates": [[[[116.4653456, 39.8936763], [116.4653477, 39.8934231], [116.4657795, 39.8934251], [116.4657775, 39.8936784], [116.4653456, 39.8936763]]]]}}, {"type": "Feature", "properties": {"building": "yes", "source": "osm"}, "geometry": {"type": "MultiPolygon", "coordinates": [[[[116.4662492, 39.893569], [116.4662626, 39.8933344], [116.4663944, 39.8933388], [116.466381, 39.8935734], [116.4662492, 39.893569]]]]}}, {"type": "Feature", "properties": {"building": "apartments", "source": "osm"}, "geometry": {"type": "MultiPolygon", "coordinates": [[[[116.4659943, 39.8947476], [116.465997, 39.8946117], [116.4662522, 39.8946147], [116.4662495, 39.8947505], [116.4659943, 39.8947476]]]]}}, {"type": "Feature", "properties": {"building": "apartments", "source": "osm"}, "geometry": {"type": "MultiPolygon", "coordinates": [[[[116.4661026, 39.8947671], [116.4663226, 39.894765], [116.4663246, 39.8948946], [116.4661047, 39.8948966], [116.4661026, 39.8947671]]]]}}, {"type": "Feature", "properties": {"building": "yes", "source": "osm"}, "geometry": {"type": "MultiPolygon", "coordinates": [[[[116.4661346, 39.8953743], [116.4661369, 39.8952323], [116.46633, 39.8952341], [116.4663277, 39.8953761], [116.4661346, 39.8953743]]]]}}, {"type": "Feature", "properties": {"building": "yes", "source": "osm"}, "geometry": {"type": "MultiPolygon", "coordinates": [[[[116.4699912, 39.8959708], [116.4709783, 39.8959708], [116.4709783, 39.8960778], [116.4699912, 39.8960778], [116.4699912, 39.8959708]]]]}}, {"type": "Feature", "properties": {"building": "yes", "source": "osm"}, "geometry": {"type": "MultiPolygon", "coordinates": [[[[116.4687842, 39.8960161], [116.4693964, 39.8960121], [116.4694071, 39.8969793], [116.4687949, 39.8969833], [116.4687842, 39.8960161]]]]}}, {"type": "Feature", "properties": {"building": "yes", "source": "osm"}, "geometry": {"type": "MultiPolygon", "coordinates": [[[[116.4707851, 39.894802], [116.4709848, 39.8947972], [116.4710116, 39.8954598], [116.470812, 39.8954646], [116.4707851, 39.894802]]]]}}, {"type": "Feature", "properties": {"building": "apartments", "source": "osm"}, "geometry": {"type": "MultiPolygon", "coordinates": [[[[116.4670067, 39.8941437], [116.4675592, 39.8941272], [116.4675665, 39.894271], [116.4670139, 39.8942875], [116.4670067, 39.8941437]]]]}}, {"type": "Feature", "properties": {"building": "apartments", "source": "osm"}, "geometry": {"type": "MultiPolygon", "coordinates": [[[[116.4668358, 39.893411], [116.4678228, 39.8934069], [116.467824, 39.8935672], [116.4668369, 39.8935714], [116.4668358, 39.893411]]]]}}, {"type": "Feature", "properties": {"building": "apartments", "source": "osm"}, "geometry": {"type": "MultiPolygon", "coordinates": [[[[116.4682746, 39.8934232], [116.4694172, 39.8934232], [116.4694172, 39.8935714], [116.4682746, 39.8935714], [116.4682746, 39.8934232]]]]}}, {"type": "Feature", "properties": {"building": "apartments", "source": "osm"}, "geometry": {"type": "MultiPolygon", "coordinates": [[[[116.4688076, 39.894098], [116.4694888, 39.8940897], [116.4694923, 39.8942587], [116.468811, 39.8942669], [116.4688076, 39.894098]]]]}}, {"type": "Feature", "properties": {"building": "apartments", "source": "osm"}, "geometry": {"type": "MultiPolygon", "coordinates": [[[[116.4676835, 39.8941435], [116.4686438, 39.8941394], [116.4686447, 39.894271], [116.4676845, 39.8942752], [116.4676835, 39.8941435]]]]}}, {"type": "Feature", "properties": {"building": "yes", "source": "osm"}, "geometry": {"type": "MultiPolygon", "coordinates": [[[[116.4700609, 39.8947937], [116.4705229, 39.8947853], [116.4705444, 39.8954767], [116.4700824, 39.8954852], [116.4700609, 39.8947937]]]]}}, {"type": "Feature", "properties": {"building": "apartments", "source": "osm"}, "geometry": {"type": "MultiPolygon", "coordinates": [[[[116.4685766, 39.8948353], [116.4693813, 39.8948229], [116.469385, 39.8949666], [116.4685804, 39.8949789], [116.4685766, 39.8948353]]]]}}, {"type": "Feature", "properties": {"building": "apartments", "source": "osm"}, "geometry": {"type": "MultiPolygon", "coordinates": [[[[116.4669112, 39.8948514], [116.4680162, 39.8948473], [116.4680171, 39.8949831], [116.466912, 39.8949872], [116.4669112, 39.8948514]]]]}}, {"type": "Feature", "properties": {"building": "yes", "source": "osm"}, "geometry": {"type": "MultiPolygon", "coordinates": [[[[116.4706484, 39.893964], [116.4708844, 39.8939599], [116.4708897, 39.8941393], [116.4706537, 39.8941434], [116.4706484, 39.893964]]]]}}, {"type": "Feature", "properties": {"building": "yes", "source": "osm"}, "geometry": {"type": "MultiPolygon", "coordinates": [[[[116.4704763, 39.8940496], [116.4706372, 39.8940476], [116.4706403, 39.8941887], [116.4704794, 39.8941908], [116.4704763, 39.8940496]]]]}}, {"type": "Feature", "properties": {"building": "yes", "source": "osm"}, "geometry": {"type": "MultiPolygon", "coordinates": [[[[116.4698973, 39.8941188], [116.4704686, 39.8941188], [116.4704686, 39.894234], [116.4698973, 39.894234], [116.4698973, 39.8941188]]]]}}, {"type": "Feature", "properties": {"building": "yes", "source": "osm"}, "geometry": {"type": "MultiPolygon", "coordinates": [[[[116.4698618, 39.8934229], [116.4704814, 39.8934147], [116.4704853, 39.8935873], [116.4698657, 39.8935956], [116.4698618, 39.8934229]]]]}}, {"type": "Feature", "properties": {"building": "yes", "source": "osm"}, "geometry": {"type": "MultiPolygon", "coordinates": [[[[116.4706472, 39.892619], [116.4710228, 39.8926144], [116.4710458, 39.8936023], [116.4706591, 39.8936043], [116.4706472, 39.892619]]]]}}, {"type": "Feature", "properties": {"building": "yes", "name": "外企大厦", "source": "osm"}, "geometry": {"type": "MultiPolygon", "coordinates": [[[[116.4698527, 39.8923672], [116.4705157, 39.8923593], [116.4705169, 39.892421], [116.4709456, 39.892416], [116.47102, 39.8924817], [116.4710228, 39.8926144], [116.4706472, 39.892619], [116.4705445, 39.8926202], [116.4705428, 39.8925358], [116.4698563, 39.8925441], [116.4698527, 39.8923672]]]]}}, {"type": "Feature", "properties": {"building": "yes", "source": "osm"}, "geometry": {"type": "MultiPolygon", "coordinates": [[[[116.4718392, 39.8938903], [116.4718403, 39.8937916], [116.4721542, 39.8937937], [116.4721531, 39.8938924], [116.4718392, 39.8938903]]]]}}, {"type": "Feature", "properties": {"building": "yes", "source": "osm"}, "geometry": {"type": "MultiPolygon", "coordinates": [[[[116.4726359, 39.8936722], [116.4726378, 39.8935877], [116.4737107, 39.8936021], [116.4737087, 39.8936866], [116.4726359, 39.8936722]]]]}}, {"type": "Feature", "properties": {"building": "yes", "source": "osm"}, "geometry": {"type": "MultiPolygon", "coordinates": [[[[116.4722845, 39.8936166], [116.4726198, 39.8936166], [116.4726198, 39.8937134], [116.4722845, 39.8937134], [116.4722845, 39.8936166]]]]}}, {"type": "Feature", "properties": {"building": "apartments", "source": "osm"}, "geometry": {"type": "MultiPolygon", "coordinates": [[[[116.4723274, 39.8940673], [116.4723298, 39.8939559], [116.4731345, 39.8939662], [116.4731321, 39.8940776], [116.4723274, 39.8940673]]]]}}, {"type": "Feature", "properties": {"building": "apartments", "source": "osm"}, "geometry": {"type": "MultiPolygon", "coordinates": [[[[116.4723542, 39.8944192], [116.4723564, 39.894302], [116.472933, 39.8943082], [116.4729309, 39.8944254], [116.4723542, 39.8944192]]]]}}, {"type": "Feature", "properties": {"building": "apartments", "source": "osm"}, "geometry": {"type": "MultiPolygon", "coordinates": [[[[116.4718339, 39.8942319], [116.4718365, 39.8941271], [116.4721181, 39.8941312], [116.4721155, 39.8942361], [116.4718339, 39.8942319]]]]}}, {"type": "Feature", "properties": {"building": "apartments", "source": "osm"}, "geometry": {"type": "MultiPolygon", "coordinates": [[[[116.4723301, 39.894769], [116.4723319, 39.8946661], [116.4729354, 39.8946723], [116.4729336, 39.8947752], [116.4723301, 39.894769]]]]}}, {"type": "Feature", "properties": {"building": "apartments", "source": "osm"}, "geometry": {"type": "MultiPolygon", "coordinates": [[[[116.4723381, 39.8950057], [116.4731455, 39.8950057], [116.4731455, 39.8951065], [116.4723381, 39.8951065], [116.4723381, 39.8950057]]]]}}, {"type": "Feature", "properties": {"building": "apartments", "source": "osm"}, "geometry": {"type": "MultiPolygon", "coordinates": [[[[116.4734754, 39.894944], [116.4734763, 39.8948246], [116.4748067, 39.8948308], [116.4748058, 39.8949501], [116.4734754, 39.894944]]]]}}, {"type": "Feature", "properties": {"building": "apartments", "source": "osm"}, "geometry": {"type": "MultiPolygon", "coordinates": [[[[116.4742668, 39.8944832], [116.47483, 39.894475], [116.4748326, 39.8945777], [116.4742693, 39.8945859], [116.4742668, 39.8944832]]]]}}, {"type": "Feature", "properties": {"building": "apartments", "source": "osm"}, "geometry": {"type": "MultiPolygon", "coordinates": [[[[116.4735666, 39.8945879], [116.4735674, 39.8944644], [116.4741253, 39.8944665], [116.4741245, 39.89459], [116.4735666, 39.8945879]]]]}}, {"type": "Feature", "properties": {"building": "apartments", "source": "osm"}, "geometry": {"type": "MultiPolygon", "coordinates": [[[[116.4742716, 39.8941379], [116.4747946, 39.8941214], [116.4748004, 39.8942299], [116.4742774, 39.8942463], [116.4742716, 39.8941379]]]]}}, {"type": "Feature", "properties": {"building": "apartments", "source": "osm"}, "geometry": {"type": "MultiPolygon", "coordinates": [[[[116.473588, 39.8942505], [116.4735888, 39.8941393], [116.4741306, 39.8941414], [116.4741299, 39.8942525], [116.473588, 39.8942505]]]]}}, {"type": "Feature", "properties": {"building": "yes", "source": "osm"}, "geometry": {"type": "MultiPolygon", "coordinates": [[[[116.4753127, 39.8937278], [116.4753139, 39.8936395], [116.4758235, 39.8936436], [116.4758223, 39.8937319], [116.4753127, 39.8937278]]]]}}, {"type": "Feature", "properties": {"building": "yes", "source": "osm"}, "geometry": {"type": "MultiPolygon", "coordinates": [[[[116.4747816, 39.8936784], [116.4747837, 39.8935737], [116.4753068, 39.8935799], [116.4753047, 39.8936845], [116.4747816, 39.8936784]]]]}}, {"type": "Feature", "properties": {"building": "apartments", "source": "osm"}, "geometry": {"type": "MultiPolygon", "coordinates": [[[[116.4750203, 39.8940467], [116.4750224, 39.8939501], [116.4752972, 39.8939535], [116.4758432, 39.8939604], [116.4758411, 39.894057], [116.4750203, 39.8940467]]]]}}, {"type": "Feature", "properties": {"building": "apartments", "source": "osm"}, "geometry": {"type": "MultiPolygon", "coordinates": [[[[116.4752081, 39.894411], [116.4752108, 39.8942883], [116.4758492, 39.8942966], [116.4758465, 39.8944192], [116.4752081, 39.894411]]]]}}, {"type": "Feature", "properties": {"building": "apartments", "source": "osm"}, "geometry": {"type": "MultiPolygon", "coordinates": [[[[116.4752209, 39.8946641], [116.4758002, 39.8946621], [116.4758009, 39.894767], [116.4752215, 39.894769], [116.4752209, 39.8946641]]]]}}, {"type": "Feature", "properties": {"building": "apartments", "source": "osm"}, "geometry": {"type": "MultiPolygon", "coordinates": [[[[116.4749609, 39.8949975], [116.4758326, 39.8949954], [116.4758331, 39.8951106], [116.4749613, 39.8951127], [116.4749609, 39.8949975]]]]}}, {"type": "Feature", "properties": {"building": "apartments", "source": "osm"}, "geometry": {"type": "MultiPolygon", "coordinates": [[[[116.4752457, 39.8953823], [116.475246, 39.8953226], [116.4759433, 39.8953246], [116.475943, 39.8953843], [116.4752457, 39.8953823]]]]}}, {"type": "Feature", "properties": {"building": "apartments", "source": "osm"}, "geometry": {"type": "MultiPolygon", "coordinates": [[[[116.4751679, 39.8954522], [116.4751685, 39.8953865], [116.4758471, 39.8953906], [116.4758465, 39.8954564], [116.4751679, 39.8954522]]]]}}, {"type": "Feature", "properties": {"building": "apartments", "source": "osm"}, "geometry": {"type": "MultiPolygon", "coordinates": [[[[116.474272, 39.8953761], [116.4742723, 39.8953205], [116.4749616, 39.8953226], [116.4749613, 39.8953782], [116.474272, 39.8953761]]]]}}, {"type": "Feature", "properties": {"building": "apartments", "source": "osm"}, "geometry": {"type": "MultiPolygon", "coordinates": [[[[116.4741808, 39.8953823], [116.4748648, 39.8953823], [116.4748648, 39.8954543], [116.4741808, 39.8954543], [116.4741808, 39.8953823]]]]}}, {"type": "Feature", "properties": {"building": "apartments", "source": "osm"}, "geometry": {"type": "MultiPolygon", "coordinates": [[[[116.4722842, 39.8953205], [116.4730057, 39.8953185], [116.473006, 39.8953802], [116.4722845, 39.8953823], [116.4722842, 39.8953205]]]]}}, {"type": "Feature", "properties": {"building": "apartments", "source": "osm"}, "geometry": {"type": "MultiPolygon", "coordinates": [[[[116.473298, 39.895306], [116.4739659, 39.895304], [116.4739662, 39.895372], [116.4732984, 39.895374], [116.473298, 39.895306]]]]}}, {"type": "Feature", "properties": {"building": "apartments", "source": "osm"}, "geometry": {"type": "MultiPolygon", "coordinates": [[[[116.4732018, 39.8953802], [116.4738992, 39.8953802], [116.4738992, 39.8954625], [116.4732018, 39.8954625], [116.4732018, 39.8953802]]]]}}, {"type": "Feature", "properties": {"building": "apartments", "source": "osm"}, "geometry": {"type": "MultiPolygon", "coordinates": [[[[116.4722064, 39.8953864], [116.4729386, 39.8953843], [116.472939, 39.8954584], [116.4722067, 39.8954605], [116.4722064, 39.8953864]]]]}}, {"type": "Feature", "properties": {"building": "apartments", "source": "osm"}, "geometry": {"type": "MultiPolygon", "coordinates": [[[[116.4718433, 39.8944582], [116.472141, 39.8944562], [116.4721423, 39.8945674], [116.4718446, 39.8945694], [116.4718433, 39.8944582]]]]}}, {"type": "Feature", "properties": {"building": "apartments", "source": "osm"}, "geometry": {"type": "MultiPolygon", "coordinates": [[[[116.4718457, 39.8947977], [116.47213, 39.8947956], [116.4721316, 39.8949254], [116.4718473, 39.8949275], [116.4718457, 39.8947977]]]]}}, {"type": "Feature", "properties": {"building": "apartments", "source": "osm"}, "geometry": {"type": "MultiPolygon", "coordinates": [[[[116.4718688, 39.8951395], [116.4721531, 39.8951395], [116.4721531, 39.8952794], [116.4718688, 39.8952794], [116.4718688, 39.8951395]]]]}}, {"type": "Feature", "properties": {"building": "yes", "source": "osm"}, "geometry": {"type": "MultiPolygon", "coordinates": [[[[116.4796445, 39.8955119], [116.4796469, 39.8953072], [116.4797501, 39.8953079], [116.4797477, 39.8955126], [116.4796445, 39.8955119]]]]}}, {"type": "Feature", "properties": {"building": "yes", "source": "osm"}, "geometry": {"type": "MultiPolygon", "coordinates": [[[[116.4791724, 39.8956076], [116.4791845, 39.895515], [116.4792408, 39.895514], [116.479269, 39.8954605], [116.4791751, 39.8954646], [116.4791764, 39.8953494], [116.4796431, 39.8953514], [116.4796391, 39.8954625], [116.4795627, 39.8954625], [116.4795855, 39.8955232], [116.4797679, 39.8955202], [116.4797638, 39.8956097], [116.4791724, 39.8956076]]]]}}, {"type": "Feature", "properties": {"building": "yes", "source": "osm"}, "geometry": {"type": "MultiPolygon", "coordinates": [[[[116.4527875, 39.8950942], [116.4528599, 39.8950016], [116.4530048, 39.8949687], [116.453155, 39.8949831], [116.4533508, 39.895053], [116.4534447, 39.8951559], [116.4534822, 39.8952434], [116.4534862, 39.895303], [116.4534259, 39.8953586], [116.4533186, 39.8953905], [116.4531577, 39.8953802], [116.4529082, 39.8953205], [116.4528117, 39.8952218], [116.4527875, 39.8950942]]]]}}, {"type": "Feature", "properties": {"building": "yes", "source": "osm"}, "geometry": {"type": "MultiPolygon", "coordinates": [[[[116.4499927, 39.8953954], [116.4502583, 39.8953872], [116.4502662, 39.8955387], [116.4500007, 39.8955469], [116.4499927, 39.8953954]]]]}}, {"type": "Feature", "properties": {"building": "yes", "source": "osm"}, "geometry": {"type": "MultiPolygon", "coordinates": [[[[116.4502732, 39.8954377], [116.4509947, 39.8954274], [116.4509985, 39.8955839], [116.450277, 39.8955942], [116.4502732, 39.8954377]]]]}}, {"type": "Feature", "properties": {"building": "yes", "source": "osm"}, "geometry": {"type": "MultiPolygon", "coordinates": [[[[116.4500397, 39.8971869], [116.4509007, 39.8971827], [116.4509019, 39.897331], [116.4500409, 39.8973351], [116.4500397, 39.8971869]]]]}}, {"type": "Feature", "properties": {"building": "yes", "source": "osm"}, "geometry": {"type": "MultiPolygon", "coordinates": [[[[116.4510827, 39.8971895], [116.4519598, 39.8971731], [116.4519641, 39.8973084], [116.451087, 39.8973248], [116.4510827, 39.8971895]]]]}}, {"type": "Feature", "properties": {"building": "yes", "source": "osm"}, "geometry": {"type": "MultiPolygon", "coordinates": [[[[116.4499497, 39.8964359], [116.4508831, 39.8964359], [116.4508831, 39.8965902], [116.4499497, 39.8965902], [116.4499497, 39.8964359]]]]}}, {"type": "Feature", "properties": {"building": "yes", "source": "osm"}, "geometry": {"type": "MultiPolygon", "coordinates": [[[[116.4511701, 39.8963924], [116.4519667, 39.8963677], [116.4519748, 39.8965223], [116.4511782, 39.896547], [116.4511701, 39.8963924]]]]}}, {"type": "Feature", "properties": {"building": "yes", "source": "osm"}, "geometry": {"type": "MultiPolygon", "coordinates": [[[[116.451298, 39.895422], [116.4519578, 39.8954076], [116.4519641, 39.8955757], [116.4513043, 39.8955901], [116.451298, 39.895422]]]]}}, {"type": "Feature", "properties": {"building": "yes", "source": "osm"}, "geometry": {"type": "MultiPolygon", "coordinates": [[[[116.4523515, 39.8961559], [116.4532903, 39.8961415], [116.4532971, 39.896403], [116.4523584, 39.8964174], [116.4523515, 39.8961559]]]]}}, {"type": "Feature", "properties": {"building": "yes", "source": "osm"}, "geometry": {"type": "MultiPolygon", "coordinates": [[[[116.4538068, 39.8974627], [116.4538282, 39.8970285], [116.4544934, 39.8970018], [116.4545578, 39.8969153], [116.4542949, 39.8962301], [116.4545765, 39.8962013], [116.4547965, 39.8968186], [116.4548019, 39.8973393], [116.4546463, 39.897438], [116.4538068, 39.8974627]]]]}}, {"type": "Feature", "properties": {"building": "apartments", "source": "osm"}, "geometry": {"type": "MultiPolygon", "coordinates": [[[[116.4704311, 39.8682588], [116.4707064, 39.8682552], [116.4707117, 39.8685023], [116.4704364, 39.8685058], [116.4704311, 39.8682588]]]]}}, {"type": "Feature", "properties": {"building": "apartments", "source": "osm"}, "geometry": {"type": "MultiPolygon", "coordinates": [[[[116.4698517, 39.8682423], [116.4701529, 39.8682384], [116.4701582, 39.8684813], [116.4700076, 39.8684833], [116.4698571, 39.8684852], [116.4698517, 39.8682423]]]]}}, {"type": "Feature", "properties": {"building": "yes", "source": "osm"}, "geometry": {"type": "MultiPolygon", "coordinates": [[[[116.4699966, 39.8688558], [116.4702567, 39.8688527], [116.4702674, 39.8693879], [116.4700073, 39.869391], [116.4699966, 39.8688558]]]]}}, {"type": "Feature", "properties": {"building": "apartments", "source": "osm"}, "geometry": {"type": "MultiPolygon", "coordinates": [[[[116.4718731, 39.8682697], [116.4724283, 39.8682594], [116.472432, 39.8683782], [116.4718768, 39.8683884], [116.4718731, 39.8682697]]]]}}, {"type": "Feature", "properties": {"building": "apartments", "source": "osm"}, "geometry": {"type": "MultiPolygon", "coordinates": [[[[116.4715013, 39.8684358], [116.4716387, 39.8684334], [116.4716467, 39.8687072], [116.4715093, 39.8687096], [116.4715013, 39.8684358]]]]}}, {"type": "Feature", "properties": {"building": "apartments", "source": "osm"}, "geometry": {"type": "MultiPolygon", "coordinates": [[[[116.4716517, 39.8686762], [116.4724429, 39.8686659], [116.4724454, 39.8687796], [116.4716542, 39.8687899], [116.4716517, 39.8686762]]]]}}, {"type": "Feature", "properties": {"building": "yes", "source": "osm"}, "geometry": {"type": "MultiPolygon", "coordinates": [[[[116.4715791, 39.8689505], [116.4719359, 39.8689497], [116.4719385, 39.869697], [116.4715818, 39.8696977], [116.4715791, 39.8689505]]]]}}, {"type": "Feature", "properties": {"building": "apartments", "source": "osm"}, "geometry": {"type": "MultiPolygon", "coordinates": [[[[116.4719469, 39.8696485], [116.4735294, 39.8696279], [116.4735317, 39.8697327], [116.4719492, 39.8697533], [116.4719469, 39.8696485]]]]}}, {"type": "Feature", "properties": {"building": "apartments", "source": "osm"}, "geometry": {"type": "MultiPolygon", "coordinates": [[[[116.4720672, 39.8695619], [116.4720726, 39.8693601], [116.4723043, 39.8693637], [116.4722989, 39.8695655], [116.4720672, 39.8695619]]]]}}, {"type": "Feature", "properties": {"building": "apartments", "source": "osm"}, "geometry": {"type": "MultiPolygon", "coordinates": [[[[116.4726627, 39.869566], [116.4726707, 39.8693478], [116.4728922, 39.8693526], [116.4728841, 39.8695708], [116.4726627, 39.869566]]]]}}, {"type": "Feature", "properties": {"building": "apartments", "source": "osm"}, "geometry": {"type": "MultiPolygon", "coordinates": [[[[116.473242, 39.8695701], [116.4732447, 39.8693436], [116.4734853, 39.8693453], [116.4734826, 39.8695718], [116.473242, 39.8695701]]]]}}, {"type": "Feature", "properties": {"building": "apartments", "source": "osm"}, "geometry": {"type": "MultiPolygon", "coordinates": [[[[116.4738697, 39.8691584], [116.4738831, 39.8687137], [116.4740337, 39.8687164], [116.4740203, 39.8691611], [116.4738697, 39.8691584]]]]}}, {"type": "Feature", "properties": {"building": "apartments", "source": "osm"}, "geometry": {"type": "MultiPolygon", "coordinates": [[[[116.4745027, 39.8687405], [116.4746046, 39.8687405], [116.4746046, 39.8688825], [116.4745027, 39.8688825], [116.4745027, 39.8687405]]]]}}, {"type": "Feature", "properties": {"building": "apartments", "source": "osm"}, "geometry": {"type": "MultiPolygon", "coordinates": [[[[116.4740497, 39.8687154], [116.4744493, 39.8687051], [116.4744544, 39.8688208], [116.4740548, 39.8688311], [116.4740497, 39.8687154]]]]}}, {"type": "Feature", "properties": {"building": "apartments", "source": "osm"}, "geometry": {"type": "MultiPolygon", "coordinates": [[[[116.4740536, 39.8691007], [116.4744399, 39.8690987], [116.474441, 39.8692222], [116.4740548, 39.8692242], [116.4740536, 39.8691007]]]]}}, {"type": "Feature", "properties": {"building": "apartments", "source": "osm"}, "geometry": {"type": "MultiPolygon", "coordinates": [[[[116.4738643, 39.8696195], [116.4738697, 39.8694322], [116.4740213, 39.8694347], [116.4740159, 39.8696221], [116.4738643, 39.8696195]]]]}}, {"type": "Feature", "properties": {"building": "apartments", "source": "osm"}, "geometry": {"type": "MultiPolygon", "coordinates": [[[[116.4741191, 39.8696957], [116.4741227, 39.8695664], [116.4745062, 39.8695726], [116.4745027, 39.8697018], [116.4741191, 39.8696957]]]]}}, {"type": "Feature", "properties": {"building": "apartments", "source": "osm"}, "geometry": {"type": "MultiPolygon", "coordinates": [[[[116.4747843, 39.8688805], [116.474787, 39.8687466], [116.4749284, 39.8687483], [116.4749257, 39.8688821], [116.4747843, 39.8688805]]]]}}, {"type": "Feature", "properties": {"building": "apartments", "source": "osm"}, "geometry": {"type": "MultiPolygon", "coordinates": [[[[116.4749292, 39.8687117], [116.4754522, 39.8687034], [116.4754554, 39.8688232], [116.4749324, 39.8688315], [116.4749292, 39.8687117]]]]}}, {"type": "Feature", "properties": {"building": "yes", "source": "osm"}, "geometry": {"type": "MultiPolygon", "coordinates": [[[[116.4754307, 39.869006], [116.4754388, 39.8688516], [116.475576, 39.8688559], [116.4755679, 39.8690102], [116.4754307, 39.869006]]]]}}, {"type": "Feature", "properties": {"building": "yes", "source": "osm"}, "geometry": {"type": "MultiPolygon", "coordinates": [[[[116.4760743, 39.8688644], [116.4760771, 39.8687219], [116.4762293, 39.8687237], [116.4762265, 39.8688661], [116.4762116, 39.8688659], [116.4760743, 39.8688644]]]]}}, {"type": "Feature", "properties": {"building": "yes", "source": "osm"}, "geometry": {"type": "MultiPolygon", "coordinates": [[[[116.4759967, 39.8691872], [116.4759994, 39.868864], [116.4760743, 39.8688644], [116.4762116, 39.8688659], [116.476211, 39.8691882], [116.4759967, 39.8691872]]]]}}, {"type": "Feature", "properties": {"building": "yes", "source": "osm"}, "geometry": {"type": "MultiPolygon", "coordinates": [[[[116.4759994, 39.8692201], [116.4761662, 39.8692177], [116.4761743, 39.869545], [116.4760074, 39.8695475], [116.4759994, 39.8692201]]]]}}, {"type": "Feature", "properties": {"building": "apartments", "source": "osm"}, "geometry": {"type": "MultiPolygon", "coordinates": [[[[116.4762863, 39.8687158], [116.4770615, 39.8686993], [116.4770669, 39.8688479], [116.4762917, 39.8688643], [116.4762863, 39.8687158]]]]}}, {"type": "Feature", "properties": {"building": "apartments", "source": "osm"}, "geometry": {"type": "MultiPolygon", "coordinates": [[[[116.4763654, 39.8692633], [116.4763668, 39.8691254], [116.4770454, 39.8691296], [116.477044, 39.8692674], [116.4763654, 39.8692633]]]]}}, {"type": "Feature", "properties": {"building": "apartments", "source": "osm"}, "geometry": {"type": "MultiPolygon", "coordinates": [[[[116.4763454, 39.8695227], [116.4770937, 39.8695125], [116.4770969, 39.8696504], [116.4763486, 39.8696607], [116.4763454, 39.8695227]]]]}}, {"type": "Feature", "properties": {"building": "yes", "source": "osm"}, "geometry": {"type": "MultiPolygon", "coordinates": [[[[116.4760074, 39.8680941], [116.4760101, 39.8679088], [116.4761571, 39.86791], [116.4761545, 39.8680953], [116.4760074, 39.8680941]]]]}}, {"type": "Feature", "properties": {"building": "yes", "source": "osm"}, "geometry": {"type": "MultiPolygon", "coordinates": [[[[116.4759833, 39.8685284], [116.4759886, 39.8682073], [116.4761412, 39.8682088], [116.4761359, 39.8685299], [116.4759833, 39.8685284]]]]}}, {"type": "Feature", "properties": {"building": "yes", "source": "osm"}, "geometry": {"type": "MultiPolygon", "coordinates": [[[[116.4775014, 39.8684173], [116.4775094, 39.867672], [116.4776405, 39.8676729], [116.4776325, 39.8684181], [116.4775014, 39.8684173]]]]}}, {"type": "Feature", "properties": {"building": "yes", "source": "osm"}, "geometry": {"type": "MultiPolygon", "coordinates": [[[[116.4778801, 39.8681374], [116.4783898, 39.8681312], [116.4783919, 39.868234], [116.4778823, 39.8682402], [116.4778801, 39.8681374]]]]}}, {"type": "Feature", "properties": {"building": "yes", "source": "osm"}, "geometry": {"type": "MultiPolygon", "coordinates": [[[[116.477925, 39.8678551], [116.4786707, 39.8678468], [116.4786735, 39.8679973], [116.4779279, 39.8680055], [116.477925, 39.8678551]]]]}}, {"type": "Feature", "properties": {"building": "yes", "source": "osm"}, "geometry": {"type": "MultiPolygon", "coordinates": [[[[116.4783248, 39.8687219], [116.4784724, 39.8687212], [116.4784751, 39.8690176], [116.4783275, 39.8690184], [116.4783248, 39.8687219]]]]}}, {"type": "Feature", "properties": {"building": "apartments", "source": "osm"}, "geometry": {"type": "MultiPolygon", "coordinates": [[[[116.4775416, 39.8687075], [116.4782175, 39.8686993], [116.4782197, 39.8688059], [116.4775438, 39.8688141], [116.4775416, 39.8687075]]]]}}, {"type": "Feature", "properties": {"building": "apartments", "source": "osm"}, "geometry": {"type": "MultiPolygon", "coordinates": [[[[116.4772788, 39.8687508], [116.4775121, 39.8687466], [116.4775155, 39.8688599], [116.4772822, 39.868864], [116.4772788, 39.8687508]]]]}}, {"type": "Feature", "properties": {"building": "yes", "source": "osm"}, "geometry": {"type": "MultiPolygon", "coordinates": [[[[116.4783731, 39.8692325], [116.4783838, 39.8690966], [116.4784771, 39.869101], [116.4784664, 39.8692368], [116.4783731, 39.8692325]]]]}}, {"type": "Feature", "properties": {"building": "yes", "source": "osm"}, "geometry": {"type": "MultiPolygon", "coordinates": [[[[116.4783651, 39.8695989], [116.4783758, 39.869356], [116.4784839, 39.8693588], [116.4784732, 39.8696017], [116.4783651, 39.8695989]]]]}}, {"type": "Feature", "properties": {"building": "apartments", "source": "osm"}, "geometry": {"type": "MultiPolygon", "coordinates": [[[[116.4775272, 39.8694958], [116.4783184, 39.8694917], [116.4783195, 39.8696092], [116.4775282, 39.8696133], [116.4775272, 39.8694958]]]]}}, {"type": "Feature", "properties": {"building": "apartments", "source": "osm"}, "geometry": {"type": "MultiPolygon", "coordinates": [[[[116.4773328, 39.8694487], [116.4775071, 39.8694466], [116.4775094, 39.8695619], [116.4773351, 39.8695639], [116.4773328, 39.8694487]]]]}}, {"type": "Feature", "properties": {"building": "apartments", "source": "osm"}, "geometry": {"type": "MultiPolygon", "coordinates": [[[[116.4775754, 39.8691128], [116.4783211, 39.8691087], [116.4783221, 39.8692201], [116.4775765, 39.8692242], [116.4775754, 39.8691128]]]]}}, {"type": "Feature", "properties": {"building": "yes", "source": "osm"}, "geometry": {"type": "MultiPolygon", "coordinates": [[[[116.4786896, 39.8691028], [116.4786922, 39.8689626], [116.4790651, 39.8689667], [116.4790624, 39.8691069], [116.4786896, 39.8691028]]]]}}, {"type": "Feature", "properties": {"building": "yes", "source": "osm"}, "geometry": {"type": "MultiPolygon", "coordinates": [[[[116.4787996, 39.8692387], [116.4790866, 39.8692387], [116.4790866, 39.8694692], [116.4787996, 39.8694692], [116.4787996, 39.8692387]]]]}}, {"type": "Feature", "properties": {"building": "yes", "source": "osm"}, "geometry": {"type": "MultiPolygon", "coordinates": [[[[116.4795667, 39.8689937], [116.4798456, 39.8689937], [116.4798456, 39.8692181], [116.4795667, 39.8692181], [116.4795667, 39.8689937]]]]}}, {"type": "Feature", "properties": {"building": "yes", "source": "osm"}, "geometry": {"type": "MultiPolygon", "coordinates": [[[[116.4796123, 39.8679767], [116.4797092, 39.8679011], [116.4802215, 39.8682882], [116.4801246, 39.8683637], [116.4796123, 39.8679767]]]]}}, {"type": "Feature", "properties": {"building": "yes", "source": "osm"}, "geometry": {"type": "MultiPolygon", "coordinates": [[[[116.4792636, 39.8682752], [116.4793607, 39.8681995], [116.4798596, 39.8685762], [116.4797625, 39.868652], [116.4792636, 39.8682752]]]]}}, {"type": "Feature", "properties": {"building": "yes", "source": "osm"}, "geometry": {"type": "MultiPolygon", "coordinates": [[[[116.4788103, 39.8687549], [116.478821, 39.8685614], [116.479149, 39.8685721], [116.4791383, 39.8687656], [116.4788103, 39.8687549]]]]}}, {"type": "Feature", "properties": {"building": "yes", "source": "osm"}, "geometry": {"type": "MultiPolygon", "coordinates": [[[[116.4790021, 39.8679552], [116.479147, 39.8679529], [116.4791497, 39.8680517], [116.4790048, 39.8680541], [116.4790021, 39.8679552]]]]}}, {"type": "Feature", "properties": {"building": "yes", "source": "osm"}, "geometry": {"type": "MultiPolygon", "coordinates": [[[[116.4788344, 39.8680633], [116.4789793, 39.868061], [116.478982, 39.8681598], [116.4788371, 39.8681621], [116.4788344, 39.8680633]]]]}}, {"type": "Feature", "properties": {"building": "yes", "source": "osm"}, "geometry": {"type": "MultiPolygon", "coordinates": [[[[116.4786842, 39.8681704], [116.4788291, 39.868168], [116.4788318, 39.8682669], [116.4786869, 39.8682692], [116.4786842, 39.8681704]]]]}}, {"type": "Feature", "properties": {"building": "yes", "source": "osm"}, "geometry": {"type": "MultiPolygon", "coordinates": [[[[116.4785367, 39.8682814], [116.4786816, 39.8682791], [116.4786843, 39.8683779], [116.4785394, 39.8683802], [116.4785367, 39.8682814]]]]}}, {"type": "Feature", "properties": {"building": "yes", "source": "osm"}, "geometry": {"type": "MultiPolygon", "coordinates": [[[[116.4777803, 39.8683699], [116.478467, 39.8683596], [116.4784694, 39.8684547], [116.4777828, 39.868465], [116.4777803, 39.8683699]]]]}}, {"type": "Feature", "properties": {"building": "apartments", "source": "osm"}, "geometry": {"type": "MultiPolygon", "coordinates": [[[[116.474551, 39.8695289], [116.4748326, 39.8695248], [116.4748272, 39.8695783], [116.4752269, 39.8695701], [116.4752296, 39.8695372], [116.4753047, 39.8695372], [116.4753073, 39.8693045], [116.474838, 39.8693004], [116.4748326, 39.8691687], [116.4754146, 39.8691625], [116.4754119, 39.8692839], [116.4754549, 39.8692839], [116.4754468, 39.8695927], [116.4753959, 39.8695948], [116.4753905, 39.8696833], [116.4748755, 39.8696833], [116.4748862, 39.8696442], [116.4745644, 39.8696483], [116.474551, 39.8695289]]]]}}, {"type": "Feature", "properties": {"building": "residential", "name": "111", "source": "osm"}, "geometry": {"type": "MultiPolygon", "coordinates": [[[[116.4663001, 39.870469], [116.4663083, 39.8701632], [116.4677475, 39.8702006], [116.4677556, 39.8707186], [116.4675442, 39.8706999], [116.4675442, 39.870313], [116.4664465, 39.8702818], [116.4664465, 39.8704877], [116.4663001, 39.870469]]]]}}, {"type": "Feature", "properties": {"building": "yes", "source": "osm"}, "geometry": {"type": "MultiPolygon", "coordinates": [[[[116.4726318, 39.8856808], [116.4726327, 39.8855573], [116.4731879, 39.8855596], [116.473187, 39.8856831], [116.4726318, 39.8856808]]]]}}, {"type": "Feature", "properties": {"building": "yes", "source": "osm"}, "geometry": {"type": "MultiPolygon", "coordinates": [[[[116.4725215, 39.8861017], [116.4731814, 39.8860907], [116.4731852, 39.8862248], [116.4725253, 39.8862358], [116.4725215, 39.8861017]]]]}}, {"type": "Feature", "properties": {"building": "yes", "name": "中国能建大厦", "source": "osm"}, "geometry": {"type": "MultiPolygon", "coordinates": [[[[116.4716957, 39.8858858], [116.4722656, 39.8858836], [116.4722681, 39.8862623], [116.4716982, 39.8862645], [116.4716957, 39.8858858]]]]}}, {"type": "Feature", "properties": {"building": "apartments", "source": "osm"}, "geometry": {"type": "MultiPolygon", "coordinates": [[[[116.4693214, 39.8682446], [116.4696226, 39.8682407], [116.4696279, 39.8684836], [116.4694773, 39.8684855], [116.4693268, 39.8684875], [116.4693214, 39.8682446]]]]}}, {"type": "Feature", "properties": {"building": "apartments", "source": "osm"}, "geometry": {"type": "MultiPolygon", "coordinates": [[[[116.4687127, 39.8682446], [116.4690138, 39.8682407], [116.4690192, 39.8684836], [116.4688686, 39.8684855], [116.468718, 39.8684875], [116.4687127, 39.8682446]]]]}}, {"type": "Feature", "properties": {"building": "apartments", "name": "劲松八区824楼", "source": "osm"}, "geometry": {"type": "MultiPolygon", "coordinates": [[[[116.4410221, 39.8808097], [116.4417823, 39.8807948], [116.4417864, 39.8809201], [116.4410263, 39.8809351], [116.4410221, 39.8808097]]]]}}, {"type": "Feature", "properties": {"building": "apartments", "name": "劲松八区823楼", "source": "osm"}, "geometry": {"type": "MultiPolygon", "coordinates": [[[[116.4410273, 39.8811895], [116.4417875, 39.8811746], [116.4417917, 39.8813], [116.4410315, 39.881315], [116.4410273, 39.8811895]]]]}}, {"type": "Feature", "properties": {"building": "apartments", "name": "劲松八区822楼", "source": "osm"}, "geometry": {"type": "MultiPolygon", "coordinates": [[[[116.4410433, 39.8815578], [116.4418034, 39.8815429], [116.4418076, 39.8816683], [116.4410475, 39.8816833], [116.4410433, 39.8815578]]]]}}, {"type": "Feature", "properties": {"building": "apartments", "name": "劲松八区821楼", "source": "osm"}, "geometry": {"type": "MultiPolygon", "coordinates": [[[[116.4410437, 39.8818953], [116.4418039, 39.8818804], [116.4418081, 39.8820058], [116.4410479, 39.8820208], [116.4410437, 39.8818953]]]]}}, {"type": "Feature", "properties": {"building": "yes", "source": "osm"}, "geometry": {"type": "MultiPolygon", "coordinates": [[[[116.4630086, 39.8906869], [116.4630096, 39.8904638], [116.4637155, 39.8904656], [116.463715, 39.8905729], [116.4637954, 39.8905731], [116.4637918, 39.8914345], [116.4637166, 39.8914343], [116.4637161, 39.8915492], [116.4630988, 39.8915476], [116.4630998, 39.891315], [116.463471, 39.891316], [116.4634737, 39.8906881], [116.4630086, 39.8906869]]]]}}, {"type": "Feature", "properties": {"building": "apartments", "source": "osm"}, "geometry": {"type": "MultiPolygon", "coordinates": [[[[116.47151, 39.8682832], [116.4715109, 39.8680303], [116.4715531, 39.8680303], [116.4715535, 39.8679034], [116.4727418, 39.8679058], [116.4727414, 39.8680249], [116.4716809, 39.8680227], [116.4716799, 39.8682836], [116.47151, 39.8682832]]]]}}, {"type": "Feature", "properties": {"building": "apartments", "source": "osm"}, "geometry": {"type": "MultiPolygon", "coordinates": [[[[116.472624, 39.8690075], [116.4726257, 39.868908], [116.4727717, 39.8689094], [116.4727709, 39.8689571], [116.4734093, 39.8689635], [116.4734143, 39.8686707], [116.4727762, 39.8686643], [116.4727781, 39.8685508], [116.4734381, 39.8685574], [116.4734373, 39.8686064], [116.4735878, 39.8686078], [116.4735807, 39.8690326], [116.4734262, 39.869031], [116.4734253, 39.8690834], [116.4727673, 39.8690769], [116.4727684, 39.8690089], [116.472624, 39.8690075]]]]}}, {"type": "Feature", "properties": {"building": "retail", "name": "京客隆", "source": "osm"}, "geometry": {"type": "MultiPolygon", "coordinates": [[[[116.4492579, 39.8825314], [116.4497815, 39.8825248], [116.449789, 39.8828737], [116.4492654, 39.8828803], [116.4492579, 39.8825314]]]]}}, {"type": "Feature", "properties": {"building": "yes", "source": "osm"}, "geometry": {"type": "MultiPolygon", "coordinates": [[[[116.4473839, 39.890372], [116.4480871, 39.8903694], [116.448088, 39.8905034], [116.4473847, 39.8905061], [116.4473839, 39.890372]]]]}}, {"type": "Feature", "properties": {"building": "yes", "source": "osm"}, "geometry": {"type": "MultiPolygon", "coordinates": [[[[116.4474386, 39.8908195], [116.4481418, 39.8908169], [116.4481427, 39.8909509], [116.4474395, 39.8909536], [116.4474386, 39.8908195]]]]}}, {"type": "Feature", "properties": {"building": "yes", "source": "osm"}, "geometry": {"type": "MultiPolygon", "coordinates": [[[[116.4468289, 39.891752], [116.4483459, 39.8917504], [116.4483461, 39.8918719], [116.4468291, 39.8918735], [116.4468289, 39.891752]]]]}}, {"type": "Feature", "properties": {"building": "yes", "source": "osm"}, "geometry": {"type": "MultiPolygon", "coordinates": [[[[116.4468871, 39.8914284], [116.4468872, 39.8912866], [116.4483397, 39.8912871], [116.4483396, 39.8914289], [116.4468871, 39.8914284]]]]}}, {"type": "Feature", "properties": {"building": "yes", "source": "osm"}, "geometry": {"type": "MultiPolygon", "coordinates": [[[[116.4485097, 39.891715], [116.4489003, 39.8917089], [116.448904, 39.8918502], [116.4485135, 39.8918564], [116.4485097, 39.891715]]]]}}, {"type": "Feature", "properties": {"building": "yes", "source": "osm"}, "geometry": {"type": "MultiPolygon", "coordinates": [[[[116.4484029, 39.8912866], [116.4494276, 39.8912852], [116.4494279, 39.8914154], [116.4484032, 39.8914168], [116.4484029, 39.8912866]]]]}}, {"type": "Feature", "properties": {"building": "yes", "source": "osm"}, "geometry": {"type": "MultiPolygon", "coordinates": [[[[116.4490959, 39.8917065], [116.4494614, 39.8917016], [116.4494644, 39.8918358], [116.449099, 39.8918407], [116.4490959, 39.8917065]]]]}}, {"type": "Feature", "properties": {"building": "yes", "source": "osm"}, "geometry": {"type": "MultiPolygon", "coordinates": [[[[116.4482357, 39.890809], [116.4492605, 39.8908075], [116.4492608, 39.8909378], [116.448236, 39.8909392], [116.4482357, 39.890809]]]]}}, {"type": "Feature", "properties": {"building": "yes", "source": "osm"}, "geometry": {"type": "MultiPolygon", "coordinates": [[[[116.4482183, 39.8903465], [116.449243, 39.8903451], [116.4492433, 39.8904753], [116.4482186, 39.8904767], [116.4482183, 39.8903465]]]]}}, {"type": "Feature", "properties": {"building": "yes", "source": "osm"}, "geometry": {"type": "MultiPolygon", "coordinates": [[[[116.4798642, 39.8892267], [116.4798661, 39.8890969], [116.4808578, 39.8891057], [116.4808559, 39.8892355], [116.4798642, 39.8892267]]]]}}, {"type": "Feature", "properties": {"building": "yes", "source": "osm"}, "geometry": {"type": "MultiPolygon", "coordinates": [[[[116.4794084, 39.8896558], [116.4794131, 39.8895135], [116.4798686, 39.8895223], [116.4798639, 39.8896647], [116.4794084, 39.8896558]]]]}}, {"type": "Feature", "properties": {"building": "yes", "source": "osm"}, "geometry": {"type": "MultiPolygon", "coordinates": [[[[116.4798948, 39.890001], [116.4798979, 39.8898398], [116.4807865, 39.8898498], [116.4807834, 39.8900111], [116.4798948, 39.890001]]]]}}, {"type": "Feature", "properties": {"building": "yes", "source": "osm"}, "geometry": {"type": "MultiPolygon", "coordinates": [[[[116.4798946, 39.8886184], [116.4798962, 39.8884899], [116.4808392, 39.8884968], [116.4808376, 39.8886254], [116.4798946, 39.8886184]]]]}}, {"type": "Feature", "properties": {"building": "apartments", "source": "osm"}, "geometry": {"type": "MultiPolygon", "coordinates": [[[[116.43597, 39.8887898], [116.4359773, 39.8885278], [116.4363376, 39.8885337], [116.4363303, 39.8887957], [116.43597, 39.8887898]]]]}}, {"type": "Feature", "properties": {"building": "apartments", "source": "osm"}, "geometry": {"type": "MultiPolygon", "coordinates": [[[[116.4363815, 39.8892525], [116.4363888, 39.8889906], [116.4367491, 39.8889965], [116.4367418, 39.8892585], [116.4363815, 39.8892525]]]]}}, {"type": "Feature", "properties": {"building": "apartments", "source": "osm"}, "geometry": {"type": "MultiPolygon", "coordinates": [[[[116.435825, 39.8896217], [116.4358324, 39.8893597], [116.4361927, 39.8893657], [116.4361853, 39.8896276], [116.435825, 39.8896217]]]]}}, {"type": "Feature", "properties": {"building": "apartments", "source": "osm"}, "geometry": {"type": "MultiPolygon", "coordinates": [[[[116.4362848, 39.8900274], [116.4362921, 39.8897655], [116.4366524, 39.8897714], [116.4366451, 39.8900334], [116.4362848, 39.8900274]]]]}}, {"type": "Feature", "properties": {"building": "apartments", "source": "osm"}, "geometry": {"type": "MultiPolygon", "coordinates": [[[[116.4364925, 39.8883924], [116.4364998, 39.8881304], [116.4368601, 39.8881364], [116.4368528, 39.8883984], [116.4364925, 39.8883924]]]]}}, {"type": "Feature", "properties": {"building": "yes", "name": "逸夫图书馆", "amenity": "library", "source": "osm"}, "geometry": {"type": "MultiPolygon", "coordinates": [[[[116.473111, 39.8730106], [116.4741212, 39.8730063], [116.4741277, 39.8742927], [116.4736855, 39.8742914], [116.4731162, 39.8742905], [116.473111, 39.8730106]]]]}}, {"type": "Feature", "properties": {"building": "apartments", "name": "学生宿舍2号楼", "source": "osm"}, "geometry": {"type": "MultiPolygon", "coordinates": [[[[116.4721403, 39.8773889], [116.4729166, 39.8773869], [116.4729141, 39.8775026], [116.4734619, 39.8774949], [116.4734619, 39.8776241], [116.4728111, 39.8776299], [116.4728136, 39.8775528], [116.4721453, 39.8775528], [116.4721403, 39.8773889]]]]}}, {"type": "Feature", "properties": {"building": "university", "name": "学生综合服务楼", "source": "osm"}, "geometry": {"type": "MultiPolygon", "coordinates": [[[[116.473729, 39.8773243], [116.4746278, 39.8773223], [116.4746302, 39.8779654], [116.4737314, 39.8779674], [116.473729, 39.8773243]]]]}}, {"type": "Feature", "properties": {"building": "university", "name": "基础楼", "source": "osm"}, "geometry": {"type": "MultiPolygon", "coordinates": [[[[116.4703344, 39.8758873], [116.4705902, 39.8758873], [116.4705902, 39.8762613], [116.4703404, 39.8762567], [116.4703344, 39.8758873]]]]}}, {"type": "Feature", "properties": {"building": "apartments", "name": "学生宿舍13号楼", "source": "osm"}, "geometry": {"type": "MultiPolygon", "coordinates": [[[[116.4776365, 39.8761885], [116.4781676, 39.8761967], [116.4781596, 39.8763675], [116.4776365, 39.8763717], [116.4776365, 39.8761885]]]]}}, {"type": "Feature", "properties": {"building": "apartments", "name": "学生宿舍14号楼", "source": "osm"}, "geometry": {"type": "MultiPolygon", "coordinates": [[[[116.4776097, 39.8758818], [116.4784063, 39.8758818], [116.478409, 39.8760361], [116.4776097, 39.8760361], [116.4776097, 39.8758818]]]]}}, {"type": "Feature", "properties": {"building": "yes", "source": "osm"}, "geometry": {"type": "MultiPolygon", "coordinates": [[[[116.4357202, 39.8722777], [116.4359182, 39.8722657], [116.4359049, 39.8721371], [116.4360558, 39.8721279], [116.4360818, 39.8723794], [116.4357329, 39.8724006], [116.4357202, 39.8722777]]]]}}, {"type": "Feature", "properties": {"building": "yes", "source": "osm"}, "geometry": {"type": "MultiPolygon", "coordinates": [[[[116.4390643, 39.8719194], [116.4396923, 39.871915], [116.439703, 39.8728111], [116.4390748, 39.8728154], [116.4390643, 39.8719194]]]]}}, {"type": "Feature", "properties": {"building": "yes", "name": "市场和底商", "shop": "wholesale", "source": "osm"}, "geometry": {"type": "MultiPolygon", "coordinates": [[[[116.4591057, 39.8897587], [116.4596632, 39.8897296], [116.4596968, 39.8900209], [116.4591427, 39.8900566], [116.4591057, 39.8897587]]]]}}, {"type": "Feature", "properties": {"building": "yes", "name": "图书馆", "amenity": "library", "source": "osm"}, "geometry": {"type": "MultiPolygon", "coordinates": [[[[116.4575022, 39.8893372], [116.4581958, 39.8893333], [116.458197, 39.8895292], [116.4575064, 39.8895325], [116.4575022, 39.8893372]]]]}}, {"type": "Feature", "properties": {"building": "yes", "source": "osm"}, "geometry": {"type": "MultiPolygon", "coordinates": [[[[116.4724025, 39.9010365], [116.4724098, 39.9009297], [116.4731204, 39.900963], [116.4731117, 39.9010699], [116.4724025, 39.9010365]]]]}}, {"type": "Feature", "properties": {"building": "yes", "source": "osm"}, "geometry": {"type": "MultiPolygon", "coordinates": [[[[116.4732199, 39.901051], [116.4732253, 39.9009605], [116.4737463, 39.9009856], [116.473739, 39.9010481], [116.4737354, 39.9010789], [116.4732199, 39.901051]]]]}}, {"type": "Feature", "properties": {"building": "yes", "source": "osm"}, "geometry": {"type": "MultiPolygon", "coordinates": [[[[116.4384138, 39.8978703], [116.4384181, 39.8978557], [116.4384286, 39.897843], [116.4384439, 39.8978337], [116.4384623, 39.8978288], [116.4384819, 39.8978289], [116.4384995, 39.8978337], [116.4385143, 39.8978425], [116.4385246, 39.8978545], [116.4385294, 39.8978683], [116.4385283, 39.8978827], [116.4385212, 39.897896], [116.438509, 39.8979068], [116.4384929, 39.8979142], [116.4384746, 39.8979172], [116.4384561, 39.8979156], [116.4384384, 39.8979092], [116.4384245, 39.8978987], [116.438416, 39.8978852], [116.4384138, 39.8978703]]]]}}, {"type": "Feature", "properties": {"building": "yes", "source": "osm"}, "geometry": {"type": "MultiPolygon", "coordinates": [[[[116.4383976, 39.8980963], [116.4384019, 39.8980817], [116.4384123, 39.898069], [116.4384276, 39.8980597], [116.4384461, 39.8980549], [116.4384656, 39.898055], [116.4384833, 39.8980597], [116.438498, 39.8980685], [116.4385084, 39.8980805], [116.4385132, 39.8980943], [116.438512, 39.8981087], [116.438505, 39.898122], [116.4384928, 39.8981328], [116.4384767, 39.8981402], [116.4384584, 39.8981432], [116.4384398, 39.8981416], [116.4384222, 39.8981352], [116.4384083, 39.8981247], [116.4383998, 39.8981112], [116.4383976, 39.8980963]]]]}}, {"type": "Feature", "properties": {"building": "yes", "source": "osm"}, "geometry": {"type": "MultiPolygon", "coordinates": [[[[116.4380821, 39.8980749], [116.4380864, 39.8980603], [116.4380968, 39.8980477], [116.4381122, 39.8980384], [116.4381306, 39.8980335], [116.4381501, 39.8980336], [116.4381678, 39.8980384], [116.4381825, 39.8980472], [116.4381929, 39.8980591], [116.4381977, 39.898073], [116.4381965, 39.8980873], [116.4381895, 39.8981006], [116.4381773, 39.8981115], [116.4381612, 39.8981188], [116.4381429, 39.8981219], [116.4381243, 39.8981203], [116.4381067, 39.8981138], [116.4380928, 39.8981033], [116.4380843, 39.8980898], [116.4380821, 39.8980749]]]]}}, {"type": "Feature", "properties": {"building": "yes", "source": "osm"}, "geometry": {"type": "MultiPolygon", "coordinates": [[[[116.4380914, 39.8978525], [116.4380957, 39.8978379], [116.4381061, 39.8978252], [116.4381214, 39.8978159], [116.4381399, 39.897811], [116.4381594, 39.8978111], [116.4381771, 39.8978159], [116.4381918, 39.8978247], [116.4382022, 39.8978367], [116.438207, 39.8978505], [116.4382058, 39.8978649], [116.4381988, 39.8978782], [116.4381866, 39.897889], [116.4381705, 39.8978964], [116.4381522, 39.8978994], [116.4381336, 39.8978978], [116.438116, 39.8978914], [116.4381021, 39.8978809], [116.4380936, 39.8978674], [116.4380914, 39.8978525]]]]}}, {"type": "Feature", "properties": {"building": "yes", "source": "osm"}, "geometry": {"type": "MultiPolygon", "coordinates": [[[[116.43782, 39.8978489], [116.4378243, 39.8978343], [116.4378347, 39.8978217], [116.43785, 39.8978124], [116.4378685, 39.8978075], [116.437888, 39.8978076], [116.4379057, 39.8978123], [116.4379204, 39.8978212], [116.4379308, 39.8978331], [116.4379356, 39.897847], [116.4379344, 39.8978613], [116.4379274, 39.8978746], [116.4379152, 39.8978855], [116.4378991, 39.8978928], [116.4378808, 39.8978958], [116.4378622, 39.8978942], [116.4378446, 39.8978878], [116.4378307, 39.8978773], [116.4378222, 39.8978638], [116.43782, 39.8978489]]]]}}, {"type": "Feature", "properties": {"building": "yes", "source": "osm"}, "geometry": {"type": "MultiPolygon", "coordinates": [[[[116.4378123, 39.8980643], [116.4378167, 39.8980497], [116.4378271, 39.898037], [116.4378424, 39.8980277], [116.4378609, 39.8980229], [116.4378804, 39.898023], [116.4378981, 39.8980277], [116.4379128, 39.8980365], [116.4379231, 39.8980485], [116.437928, 39.8980624], [116.4379268, 39.8980767], [116.4379198, 39.89809], [116.4379076, 39.8981009], [116.4378915, 39.8981082], [116.4378732, 39.8981112], [116.4378546, 39.8981096], [116.437837, 39.8981032], [116.4378231, 39.8980927], [116.4378146, 39.8980792], [116.4378123, 39.8980643]]]]}}, {"type": "Feature", "properties": {"building": "yes", "name": "机车整备棚", "source": "osm"}, "geometry": {"type": "MultiPolygon", "coordinates": [[[[116.4362261, 39.8997984], [116.4362274, 39.8997636], [116.436229, 39.8997184], [116.4362311, 39.8996593], [116.436233, 39.8996117], [116.4362348, 39.8995547], [116.4372455, 39.8995758], [116.4372436, 39.8996309], [116.4372422, 39.8996817], [116.4372402, 39.8997431], [116.4372377, 39.8997942], [116.4372369, 39.8998195], [116.4362261, 39.8997984]]]]}}, {"type": "Feature", "properties": {"building": "yes", "name": "北区浴室", "amenity": "public_bath", "source": "osm"}, "geometry": {"type": "MultiPolygon", "coordinates": [[[[116.4757809, 39.8774158], [116.4757822, 39.8771812], [116.4762319, 39.8771755], [116.4762403, 39.8774083], [116.4757809, 39.8774158]]]]}}, {"type": "Feature", "properties": {"building": "yes", "name": "南区浴室", "amenity": "public_bath", "source": "osm"}, "geometry": {"type": "MultiPolygon", "coordinates": [[[[116.4763545, 39.8731105], [116.476358, 39.8727429], [116.4765124, 39.8727429], [116.4765101, 39.8731173], [116.4763545, 39.8731105]]]]}}, {"type": "Feature", "properties": {"building": "university", "name": "能源楼", "source": "osm"}, "geometry": {"type": "MultiPolygon", "coordinates": [[[[116.4776588, 39.8749736], [116.4783847, 39.8749678], [116.478387, 39.8751437], [116.4776595, 39.8751574], [116.4776588, 39.8749736]]]]}}, {"type": "Feature", "properties": {"building": "university", "source": "osm"}, "geometry": {"type": "MultiPolygon", "coordinates": [[[[116.4776164, 39.8755158], [116.478413, 39.8754961], [116.4784236, 39.8757633], [116.4776258, 39.8757481], [116.4776164, 39.8755158]]]]}}, {"type": "Feature", "properties": {"building": "university", "source": "osm"}, "geometry": {"type": "MultiPolygon", "coordinates": [[[[116.4776532, 39.8752416], [116.4788352, 39.8752194], [116.4788435, 39.8753876], [116.4776587, 39.8753914], [116.4776532, 39.8752416]]]]}}, {"type": "Feature", "properties": {"building": "university", "name": "保卫处", "source": "osm"}, "geometry": {"type": "MultiPolygon", "coordinates": [[[[116.4776291, 39.8765265], [116.4778396, 39.8765194], [116.4778431, 39.8766035], [116.4776326, 39.876606], [116.4776291, 39.8765265]]]]}}, {"type": "Feature", "properties": {"building": "university", "name": "水环境楼", "source": "osm"}, "geometry": {"type": "MultiPolygon", "coordinates": [[[[116.4693852, 39.8761112], [116.4693861, 39.8759541], [116.4697851, 39.8759448], [116.4697897, 39.8758539], [116.4697607, 39.8758559], [116.4697559, 39.8756942], [116.4697866, 39.8756962], [116.4697809, 39.8755646], [116.4693962, 39.8755668], [116.4693883, 39.8753974], [116.4699023, 39.8753913], [116.4699009, 39.876107], [116.4693852, 39.8761112]]]]}}, {"type": "Feature", "properties": {"building": "university", "name": "机电楼", "source": "osm"}, "geometry": {"type": "MultiPolygon", "coordinates": [[[[116.4701396, 39.8763792], [116.4707732, 39.8763739], [116.47077, 39.8768491], [116.4707317, 39.8768508], [116.4707319, 39.8771755], [116.4705798, 39.8771733], [116.4705821, 39.8768324], [116.470637, 39.8768329], [116.4706374, 39.8767302], [116.4706397, 39.8765214], [116.4701503, 39.8765235], [116.4701396, 39.8763792]]]]}}, {"type": "Feature", "properties": {"building": "university", "name": "建工西楼", "source": "osm"}, "geometry": {"type": "MultiPolygon", "coordinates": [[[[116.4698359, 39.8753274], [116.4698384, 39.8750625], [116.4708132, 39.8750531], [116.4708125, 39.8753757], [116.4708543, 39.8753773], [116.4708537, 39.8756327], [116.4707919, 39.8756352], [116.4707926, 39.8757844], [116.4701774, 39.8757782], [116.4701778, 39.8756173], [116.4706791, 39.8756173], [116.4706753, 39.8754166], [116.4704276, 39.8754179], [116.4704281, 39.8755021], [116.4700934, 39.875506], [116.4700923, 39.8753945], [116.4700149, 39.8753923], [116.4700151, 39.8753259], [116.4698359, 39.8753274]]]]}}, {"type": "Feature", "properties": {"building": "apartments", "name": "学生宿舍1号楼", "source": "osm"}, "geometry": {"type": "MultiPolygon", "coordinates": [[[[116.4722206, 39.8777424], [116.4729969, 39.8777404], [116.4729944, 39.8778561], [116.4735422, 39.8778484], [116.4735422, 39.8779776], [116.4728914, 39.8779834], [116.4728939, 39.8779063], [116.4722256, 39.8779063], [116.4722206, 39.8777424]]]]}}, {"type": "Feature", "properties": {"building": "university", "name": "绿色建筑技术中心", "source": "osm"}, "geometry": {"type": "MultiPolygon", "coordinates": [[[[116.4746494, 39.876924], [116.4751231, 39.8769223], [116.4751281, 39.8768002], [116.4754229, 39.8767923], [116.4754176, 39.87708], [116.4746519, 39.8770804], [116.4746494, 39.876924]]]]}}, {"type": "Feature", "properties": {"building": "university", "name": "智研楼", "source": "osm"}, "geometry": {"type": "MultiPolygon", "coordinates": [[[[116.4715193, 39.8773555], [116.4719573, 39.8773554], [116.4719576, 39.8780018], [116.4715195, 39.8780019], [116.4715193, 39.8773555]]]]}}, {"type": "Feature", "properties": {"building": "university", "name": "地震研究所", "source": "osm"}, "geometry": {"type": "MultiPolygon", "coordinates": [[[[116.4737398, 39.8768136], [116.4741863, 39.8768118], [116.4741888, 39.8769441], [116.4743168, 39.8769461], [116.4743051, 39.8770672], [116.4737443, 39.8770677], [116.4737398, 39.8768136]]]]}}, {"type": "Feature", "properties": {"building": "yes", "name": "检测库", "source": "osm"}, "geometry": {"type": "MultiPolygon", "coordinates": [[[[116.4414159, 39.9008931], [116.4416263, 39.9008615], [116.4416352, 39.9008963], [116.4416407, 39.9009178], [116.4414303, 39.9009494], [116.4414245, 39.9009266], [116.4414159, 39.9008931]]]]}}, {"type": "Feature", "properties": {"building": "yes", "source": "osm"}, "geometry": {"type": "MultiPolygon", "coordinates": [[[[116.4559622, 39.8913748], [116.4563082, 39.8913748], [116.4563142, 39.8915866], [116.4559653, 39.891589], [116.4559622, 39.8913748]]]]}}, {"type": "Feature", "properties": {"building": "residential", "name": "47 号楼", "source": "osm"}, "geometry": {"type": "MultiPolygon", "coordinates": [[[[116.4564258, 39.8731023], [116.4569674, 39.8730864], [116.4569726, 39.8732014], [116.456427, 39.873212], [116.4564258, 39.8731023]]]]}}, {"type": "Feature", "properties": {"building": "residential", "source": "osm"}, "geometry": {"type": "MultiPolygon", "coordinates": [[[[116.4562671, 39.8728786], [116.4564361, 39.8728819], [116.4564373, 39.8730938], [116.4562723, 39.8730951], [116.4562671, 39.8728786]]]]}}, {"type": "Feature", "properties": {"building": "residential", "name": "52 号楼", "source": "osm"}, "geometry": {"type": "MultiPolygon", "coordinates": [[[[116.4564254, 39.872671], [116.4569845, 39.8726715], [116.4569819, 39.8728073], [116.4564264, 39.8728161], [116.4564254, 39.872671]]]]}}, {"type": "Feature", "properties": {"building": "residential", "name": "54 号楼", "source": "osm"}, "geometry": {"type": "MultiPolygon", "coordinates": [[[[116.4571089, 39.8723245], [116.4575626, 39.8723211], [116.4575712, 39.8724515], [116.4571136, 39.8724604], [116.4571089, 39.8723245]]]]}}, {"type": "Feature", "properties": {"building": "residential", "name": "58 号楼", "source": "osm"}, "geometry": {"type": "MultiPolygon", "coordinates": [[[[116.4571292, 39.8721345], [116.4571297, 39.8719973], [116.457566, 39.8719917], [116.457567, 39.872026], [116.4577278, 39.8720219], [116.4577316, 39.8723277], [116.4575739, 39.8723298], [116.45757, 39.8721336], [116.4571292, 39.8721345]]]]}}, {"type": "Feature", "properties": {"building": "residential", "name": "53 号楼", "source": "osm"}, "geometry": {"type": "MultiPolygon", "coordinates": [[[[116.4564486, 39.8723389], [116.4569869, 39.8723176], [116.4569916, 39.8724757], [116.4564505, 39.8724849], [116.4564486, 39.8723389]]]]}}, {"type": "Feature", "properties": {"building": "residential", "name": "57 号楼", "source": "osm"}, "geometry": {"type": "MultiPolygon", "coordinates": [[[[116.4564404, 39.871949], [116.4570054, 39.8719426], [116.4570052, 39.8721069], [116.4564552, 39.8721172], [116.4564404, 39.871949]]]]}}, {"type": "Feature", "properties": {"building": "residential", "source": "osm"}, "geometry": {"type": "MultiPolygon", "coordinates": [[[[116.4562877, 39.8721574], [116.4564463, 39.8721605], [116.4564365, 39.8723802], [116.4562893, 39.8723835], [116.4562877, 39.8721574]]]]}}, {"type": "Feature", "properties": {"building": "yes", "source": "osm"}, "geometry": {"type": "MultiPolygon", "coordinates": [[[[116.463791, 39.8842376], [116.4638082, 39.883579], [116.4657479, 39.8835626], [116.4657436, 39.8842278], [116.463791, 39.8842376]]]]}}, {"type": "Feature", "properties": {"building": "yes", "source": "osm"}, "geometry": {"type": "MultiPolygon", "coordinates": [[[[116.4643003, 39.9001094], [116.4643101, 39.9000115], [116.464497, 39.9000226], [116.4644912, 39.9000804], [116.4644208, 39.9000762], [116.4644168, 39.9001163], [116.4643003, 39.9001094]]]]}}, {"type": "Feature", "properties": {"building": "yes", "name": "朝阳区图书馆", "amenity": "library", "source": "osm"}, "geometry": {"type": "MultiPolygon", "coordinates": [[[[116.4572608, 39.8908263], [116.4572634, 39.8904701], [116.4581782, 39.8904739], [116.4581756, 39.8908302], [116.4572608, 39.8908263]]]]}}, {"type": "Feature", "properties": {"building": "yes", "source": "osm"}, "geometry": {"type": "MultiPolygon", "coordinates": [[[[116.4582546, 39.8908253], [116.4582589, 39.8904306], [116.4586563, 39.8904331], [116.4586521, 39.8908278], [116.4582546, 39.8908253]]]]}}, {"type": "Feature", "properties": {"building": "retail", "name": "乐成中心SPACE3", "source": "osm"}, "geometry": {"type": "MultiPolygon", "coordinates": [[[[116.4557997, 39.8934585], [116.4559518, 39.8934584], [116.4559484, 39.8933068], [116.4559914, 39.8933062], [116.4559742, 39.8925992], [116.4560901, 39.8924543], [116.4570557, 39.8924379], [116.4570171, 39.8936397], [116.4569913, 39.8937121], [116.4568926, 39.8937747], [116.4558111, 39.8937846], [116.4557997, 39.8934585]]]]}}, {"type": "Feature", "properties": {"building": "yes", "source": "osm"}, "geometry": {"type": "MultiPolygon", "coordinates": [[[[116.4572338, 39.8914821], [116.4574653, 39.8914792], [116.4574701, 39.8917013], [116.4572385, 39.8917042], [116.4572338, 39.8914821]]]]}}, {"type": "Feature", "properties": {"building": "yes", "source": "osm"}, "geometry": {"type": "MultiPolygon", "coordinates": [[[[116.4639871, 39.8725532], [116.4643457, 39.8722775], [116.4643763, 39.872301], [116.4645604, 39.8721594], [116.4646704, 39.8722436], [116.4644838, 39.8723871], [116.464454, 39.8723642], [116.4640978, 39.872638], [116.4639871, 39.8725532]]]]}}, {"type": "Feature", "properties": {"building": "yes", "source": "osm"}, "geometry": {"type": "MultiPolygon", "coordinates": [[[[116.4643155, 39.8727584], [116.4643159, 39.8726492], [116.464418, 39.8726495], [116.4644179, 39.8726781], [116.4645285, 39.8726783], [116.4645283, 39.8727128], [116.4646365, 39.872713], [116.4646363, 39.8727693], [116.4652703, 39.8727707], [116.4652698, 39.8728932], [116.4646276, 39.8728918], [116.4646279, 39.8728283], [116.4645267, 39.8728281], [116.4645269, 39.8727907], [116.4644188, 39.8727904], [116.4644189, 39.8727586], [116.4643155, 39.8727584]]]]}}, {"type": "Feature", "properties": {"building": "yes", "source": "osm"}, "geometry": {"type": "MultiPolygon", "coordinates": [[[[116.465385, 39.8727698], [116.4657111, 39.8727691], [116.4657104, 39.872574], [116.4658738, 39.8725737], [116.4658748, 39.8728432], [116.4657229, 39.8728435], [116.4657231, 39.8728935], [116.4653855, 39.8728942], [116.465385, 39.8727698]]]]}}, {"type": "Feature", "properties": {"building": "yes", "source": "osm"}, "geometry": {"type": "MultiPolygon", "coordinates": [[[[116.4648101, 39.8723584], [116.4653623, 39.8723585], [116.4653623, 39.8723141], [116.4658912, 39.8723141], [116.4658912, 39.8724357], [116.4653639, 39.8724358], [116.4653639, 39.8724802], [116.4648101, 39.8724801], [116.4648101, 39.8723584]]]]}}, {"type": "Feature", "properties": {"building": "yes", "source": "osm"}, "geometry": {"type": "MultiPolygon", "coordinates": [[[[116.4653766, 39.8719448], [116.4659051, 39.8719426], [116.4659059, 39.8720586], [116.4653774, 39.8720606], [116.4653766, 39.8719448]]]]}}, {"type": "Feature", "properties": {"building": "yes", "source": "osm"}, "geometry": {"type": "MultiPolygon", "coordinates": [[[[116.4653621, 39.8715726], [116.4658588, 39.8715672], [116.4658642, 39.8718665], [116.4657323, 39.8718679], [116.465729, 39.8716848], [116.4653642, 39.8716887], [116.4653621, 39.8715726]]]]}}, {"type": "Feature", "properties": {"building": "yes", "source": "osm"}, "geometry": {"type": "MultiPolygon", "coordinates": [[[[116.4646189, 39.8720748], [116.4649786, 39.8717942], [116.4650085, 39.8718167], [116.4651968, 39.8716699], [116.4653051, 39.8717516], [116.4651168, 39.8718985], [116.4650932, 39.8718807], [116.4647334, 39.8721613], [116.4646189, 39.8720748]]]]}}, {"type": "Feature", "properties": {"building": "yes", "source": "osm"}, "geometry": {"type": "MultiPolygon", "coordinates": [[[[116.4617573, 39.8734331], [116.4623755, 39.8734316], [116.4623759, 39.8735439], [116.4617578, 39.8735454], [116.4617573, 39.8734331]]]]}}, {"type": "Feature", "properties": {"building": "yes", "source": "osm"}, "geometry": {"type": "MultiPolygon", "coordinates": [[[[116.4617708, 39.8732863], [116.4617731, 39.8727444], [116.4619783, 39.8727449], [116.4619759, 39.8732868], [116.4617708, 39.8732863]]]]}}, {"type": "Feature", "properties": {"building": "yes", "source": "osm"}, "geometry": {"type": "MultiPolygon", "coordinates": [[[[116.4617642, 39.872616], [116.4617647, 39.8725073], [116.462384, 39.8725088], [116.4623835, 39.8726175], [116.4617642, 39.872616]]]]}}, {"type": "Feature", "properties": {"building": "yes", "source": "osm"}, "geometry": {"type": "MultiPolygon", "coordinates": [[[[116.461761, 39.8721315], [116.4623612, 39.8721251], [116.4623604, 39.872082], [116.4628335, 39.8720769], [116.4628355, 39.8721857], [116.4623654, 39.8721908], [116.4623662, 39.8722339], [116.4617629, 39.8722403], [116.461761, 39.8721315]]]]}}, {"type": "Feature", "properties": {"building": "yes", "source": "osm"}, "geometry": {"type": "MultiPolygon", "coordinates": [[[[116.4622391, 39.873033], [116.4623476, 39.8729485], [116.4627825, 39.8732772], [116.4626741, 39.8733617], [116.4622391, 39.873033]]]]}}, {"type": "Feature", "properties": {"building": "yes", "source": "osm"}, "geometry": {"type": "MultiPolygon", "coordinates": [[[[116.4625499, 39.8727921], [116.4626584, 39.8727076], [116.4630932, 39.8730363], [116.4629848, 39.8731208], [116.4625499, 39.8727921]]]]}}, {"type": "Feature", "properties": {"building": "yes", "source": "osm"}, "geometry": {"type": "MultiPolygon", "coordinates": [[[[116.4628684, 39.8725368], [116.4629769, 39.8724522], [116.4634118, 39.872781], [116.4633033, 39.8728655], [116.4628684, 39.8725368]]]]}}, {"type": "Feature", "properties": {"building": "yes", "source": "osm"}, "geometry": {"type": "MultiPolygon", "coordinates": [[[[116.4631869, 39.8722905], [116.4632954, 39.872206], [116.4637303, 39.8725347], [116.4636219, 39.8726192], [116.4631869, 39.8722905]]]]}}, {"type": "Feature", "properties": {"building": "yes", "source": "osm"}, "geometry": {"type": "MultiPolygon", "coordinates": [[[[116.4363328, 39.8984016], [116.4364177, 39.8983638], [116.4364462, 39.8984014], [116.4363613, 39.8984392], [116.4363328, 39.8984016]]]]}}, {"type": "Feature", "properties": {"building": "yes", "source": "osm"}, "geometry": {"type": "MultiPolygon", "coordinates": [[[[116.4363576, 39.8985749], [116.4363602, 39.8984421], [116.4364527, 39.8984432], [116.4364502, 39.898576], [116.4363576, 39.8985749]]]]}}, {"type": "Feature", "properties": {"building": "yes", "source": "osm"}, "geometry": {"type": "MultiPolygon", "coordinates": [[[[116.4359392, 39.8986099], [116.4361424, 39.8984345], [116.4362036, 39.8984762], [116.4360004, 39.8986516], [116.4359392, 39.8986099]]]]}}, {"type": "Feature", "properties": {"building": "yes", "source": "osm"}, "geometry": {"type": "MultiPolygon", "coordinates": [[[[116.4361285, 39.8990974], [116.4361949, 39.8990719], [116.4362242, 39.8991169], [116.4361578, 39.8991424], [116.4361285, 39.8990974]]]]}}, {"type": "Feature", "properties": {"building": "yes", "source": "osm"}, "geometry": {"type": "MultiPolygon", "coordinates": [[[[116.43621, 39.8990683], [116.4363073, 39.8990297], [116.4363898, 39.8991521], [116.4362926, 39.8991907], [116.43621, 39.8990683]]]]}}, {"type": "Feature", "properties": {"building": "yes", "source": "osm"}, "geometry": {"type": "MultiPolygon", "coordinates": [[[[116.4359288, 39.8991313], [116.4359743, 39.8991144], [116.4359459, 39.8990694], [116.4360685, 39.8990239], [116.4361516, 39.8991556], [116.4359835, 39.899218], [116.4359288, 39.8991313]]]]}}, {"type": "Feature", "properties": {"building": "yes", "source": "osm"}, "geometry": {"type": "MultiPolygon", "coordinates": [[[[116.4358885, 39.8989546], [116.4359924, 39.8989165], [116.4360465, 39.8990035], [116.4359426, 39.8990415], [116.4358885, 39.8989546]]]]}}, {"type": "Feature", "properties": {"building": "yes", "source": "osm"}, "geometry": {"type": "MultiPolygon", "coordinates": [[[[116.4360492, 39.8992672], [116.4365702, 39.8992152], [116.436589, 39.899326], [116.436068, 39.899378], [116.4360492, 39.8992672]]]]}}, {"type": "Feature", "properties": {"building": "yes", "source": "osm"}, "geometry": {"type": "MultiPolygon", "coordinates": [[[[116.4357642, 39.899313], [116.436015, 39.8992883], [116.4360271, 39.8993605], [116.4357763, 39.8993852], [116.4357642, 39.899313]]]]}}, {"type": "Feature", "properties": {"building": "yes", "source": "osm"}, "geometry": {"type": "MultiPolygon", "coordinates": [[[[116.4360418, 39.900074], [116.4360426, 39.9000695], [116.4360628, 39.8999582], [116.4363395, 39.8999877], [116.4363249, 39.9000683], [116.4362071, 39.9000557], [116.4362007, 39.900091], [116.4360418, 39.900074]]]]}}, {"type": "Feature", "properties": {"building": "yes", "source": "osm"}, "geometry": {"type": "MultiPolygon", "coordinates": [[[[116.4401313, 39.9002944], [116.4401317, 39.9002486], [116.4402478, 39.9002493], [116.4402473, 39.900295], [116.4401313, 39.9002944]]]]}}, {"type": "Feature", "properties": {"building": "yes", "source": "osm"}, "geometry": {"type": "MultiPolygon", "coordinates": [[[[116.4397459, 39.9002751], [116.4397466, 39.9002391], [116.4401174, 39.9002432], [116.4401168, 39.9002792], [116.4397459, 39.9002751]]]]}}, {"type": "Feature", "properties": {"building": "yes", "source": "osm"}, "geometry": {"type": "MultiPolygon", "coordinates": [[[[116.4445209, 39.9006697], [116.444524, 39.900582], [116.4448701, 39.9005892], [116.444867, 39.9006769], [116.4445209, 39.9006697]]]]}}, {"type": "Feature", "properties": {"building": "yes", "source": "osm"}, "geometry": {"type": "MultiPolygon", "coordinates": [[[[116.4444029, 39.9008991], [116.444407, 39.9007849], [116.444753, 39.9007921], [116.4447489, 39.9009063], [116.4444029, 39.9008991]]]]}}, {"type": "Feature", "properties": {"building": "yes", "source": "osm"}, "geometry": {"type": "MultiPolygon", "coordinates": [[[[116.4430311, 39.900932], [116.4433288, 39.9009094], [116.4433421, 39.9010123], [116.4430444, 39.9010349], [116.4430311, 39.900932]]]]}}, {"type": "Feature", "properties": {"building": "yes", "source": "osm"}, "geometry": {"type": "MultiPolygon", "coordinates": [[[[116.4426806, 39.9009384], [116.4430052, 39.9009158], [116.4430203, 39.9010431], [116.4426957, 39.9010658], [116.4426806, 39.9009384]]]]}}, {"type": "Feature", "properties": {"building": "yes", "source": "osm"}, "geometry": {"type": "MultiPolygon", "coordinates": [[[[116.4549038, 39.9003135], [116.4550205, 39.9003127], [116.4550272, 39.9008847], [116.4549105, 39.9008855], [116.4549038, 39.9003135]]]]}}, {"type": "Feature", "properties": {"building": "yes", "source": "osm"}, "geometry": {"type": "MultiPolygon", "coordinates": [[[[116.4567323, 39.8738599], [116.4569306, 39.8738576], [116.4569316, 39.8739099], [116.4570753, 39.8739082], [116.4570785, 39.8740645], [116.4568701, 39.874067], [116.456869, 39.8740146], [116.4567354, 39.8740161], [116.4567323, 39.8738599]]]]}}, {"type": "Feature", "properties": {"building": "yes", "source": "osm"}, "geometry": {"type": "MultiPolygon", "coordinates": [[[[116.4562046, 39.8741931], [116.4564029, 39.8741907], [116.4564039, 39.874243], [116.4565477, 39.8742413], [116.4565508, 39.8743977], [116.4563424, 39.8744002], [116.4563414, 39.8743478], [116.4562077, 39.8743493], [116.4562046, 39.8741931]]]]}}, {"type": "Feature", "properties": {"building": "yes", "source": "osm"}, "geometry": {"type": "MultiPolygon", "coordinates": [[[[116.4572081, 39.873555], [116.4574064, 39.8735527], [116.4574074, 39.873605], [116.4575511, 39.8736033], [116.4575543, 39.8737596], [116.4573459, 39.8737621], [116.4573448, 39.8737097], [116.4572112, 39.8737112], [116.4572081, 39.873555]]]]}}, {"type": "Feature", "properties": {"building": "yes", "source": "osm"}, "geometry": {"type": "MultiPolygon", "coordinates": [[[[116.4568582, 39.8746199], [116.4568603, 39.8744617], [116.4569777, 39.8744626], [116.4569769, 39.8745228], [116.4571672, 39.8745243], [116.4571652, 39.8746714], [116.4570462, 39.8746704], [116.4570469, 39.8746214], [116.4568582, 39.8746199]]]]}}, {"type": "Feature", "properties": {"building": "yes", "source": "osm"}, "geometry": {"type": "MultiPolygon", "coordinates": [[[[116.4574378, 39.8746184], [116.4574399, 39.8744601], [116.4575573, 39.874461], [116.4575565, 39.8745212], [116.4577468, 39.8745227], [116.4577448, 39.8746698], [116.4576258, 39.8746689], [116.4576265, 39.8746198], [116.4574378, 39.8746184]]]]}}, {"type": "Feature", "properties": {"building": "yes", "source": "osm"}, "geometry": {"type": "MultiPolygon", "coordinates": [[[[116.4579767, 39.8746278], [116.4579788, 39.8744696], [116.4580962, 39.8744705], [116.4580954, 39.8745307], [116.4582857, 39.8745322], [116.4582837, 39.8746793], [116.4581648, 39.8746783], [116.4581654, 39.8746293], [116.4579767, 39.8746278]]]]}}, {"type": "Feature", "properties": {"building": "yes", "source": "osm"}, "geometry": {"type": "MultiPolygon", "coordinates": [[[[116.455513, 39.8738807], [116.4556628, 39.8738177], [116.4556639, 39.8736999], [116.4558329, 39.8737008], [116.4558319, 39.8738057], [116.4559805, 39.8738802], [116.4558984, 39.8739766], [116.4557546, 39.8739045], [116.4555819, 39.8739772], [116.455513, 39.8738807]]]]}}, {"type": "Feature", "properties": {"building": "yes", "source": "osm"}, "geometry": {"type": "MultiPolygon", "coordinates": [[[[116.4555339, 39.8730923], [116.4556837, 39.8730292], [116.4556848, 39.8729114], [116.4558539, 39.8729124], [116.4558528, 39.8730172], [116.4560014, 39.8730917], [116.4559193, 39.8731881], [116.4557755, 39.873116], [116.4556029, 39.8731887], [116.4555339, 39.8730923]]]]}}, {"type": "Feature", "properties": {"building": "yes", "source": "osm"}, "geometry": {"type": "MultiPolygon", "coordinates": [[[[116.4555115, 39.8723194], [116.4556613, 39.8722563], [116.4556624, 39.8721385], [116.4558315, 39.8721394], [116.4558305, 39.8722443], [116.455979, 39.8723188], [116.4558969, 39.8724152], [116.4557531, 39.8723431], [116.4555805, 39.8724158], [116.4555115, 39.8723194]]]]}}, {"type": "Feature", "properties": {"building": "commercial", "source": "osm"}, "geometry": {"type": "MultiPolygon", "coordinates": [[[[116.453827, 39.871299], [116.4540973, 39.8712972], [116.4541033, 39.8718348], [116.4538288, 39.8718366], [116.453827, 39.871299]]]]}}, {"type": "Feature", "properties": {"building": "yes", "amenity": "police", "source": "osm"}, "geometry": {"type": "MultiPolygon", "coordinates": [[[[116.4534069, 39.8712815], [116.453673, 39.8712773], [116.4536758, 39.8713776], [116.4534096, 39.8713818], [116.4534069, 39.8712815]]]]}}, {"type": "Feature", "properties": {"building": "hospital", "source": "osm"}, "geometry": {"type": "MultiPolygon", "coordinates": [[[[116.4500816, 39.8725731], [116.4509222, 39.8725691], [116.4509237, 39.8727586], [116.450589, 39.8727602], [116.4505902, 39.8729185], [116.4508868, 39.8729172], [116.4508879, 39.8730613], [116.4510471, 39.8731746], [116.4501026, 39.8731822], [116.4501703, 39.8731349], [116.4501685, 39.8729593], [116.4503233, 39.8729238], [116.4503215, 39.8727653], [116.4502577, 39.8727657], [116.4502567, 39.8726819], [116.4502007, 39.8726822], [116.4502001, 39.8726328], [116.4500816, 39.8725731]]]]}}, {"type": "Feature", "properties": {"building": "yes", "source": "osm"}, "geometry": {"type": "MultiPolygon", "coordinates": [[[[116.4512533, 39.8726447], [116.4513329, 39.8725768], [116.4514527, 39.8725779], [116.4514544, 39.8727634], [116.4514927, 39.8728017], [116.4515028, 39.8731219], [116.4514027, 39.8731238], [116.451325, 39.8730532], [116.4513126, 39.8728157], [116.451257, 39.8727664], [116.4512533, 39.8726447]]]]}}, {"type": "Feature", "properties": {"building": "residential", "source": "osm"}, "geometry": {"type": "MultiPolygon", "coordinates": [[[[116.4518612, 39.8728275], [116.4519544, 39.8727615], [116.4519477, 39.8725522], [116.452252, 39.8725465], [116.4522591, 39.8727725], [116.4523257, 39.8728309], [116.4522324, 39.8728936], [116.4521891, 39.8728556], [116.4520176, 39.87286], [116.4519543, 39.8729049], [116.4518612, 39.8728275]]]]}}, {"type": "Feature", "properties": {"building": "residential", "source": "osm"}, "geometry": {"type": "MultiPolygon", "coordinates": [[[[116.4527049, 39.8728241], [116.4527923, 39.8727587], [116.4527895, 39.8725439], [116.4530818, 39.8725416], [116.4530846, 39.8727521], [116.453169, 39.8728253], [116.4530711, 39.8728918], [116.4530271, 39.8728535], [116.4528622, 39.8728535], [116.4528008, 39.8728995], [116.4527049, 39.8728241]]]]}}, {"type": "Feature", "properties": {"building": "residential", "source": "osm"}, "geometry": {"type": "MultiPolygon", "coordinates": [[[[116.4523088, 39.8733658], [116.452402, 39.8732997], [116.4523953, 39.8730904], [116.4526995, 39.8730847], [116.4527067, 39.8733108], [116.4527733, 39.8733692], [116.45268, 39.8734318], [116.4526367, 39.8733939], [116.4524652, 39.8733983], [116.4524019, 39.8734431], [116.4523088, 39.8733658]]]]}}, {"type": "Feature", "properties": {"building": "residential", "source": "osm"}, "geometry": {"type": "MultiPolygon", "coordinates": [[[[116.4531265, 39.8733629], [116.4532139, 39.8732975], [116.4532111, 39.8730827], [116.4535034, 39.8730805], [116.4535062, 39.8732909], [116.4535906, 39.8733641], [116.4534928, 39.8734306], [116.4534487, 39.8733924], [116.4532839, 39.8733924], [116.4532224, 39.8734383], [116.4531265, 39.8733629]]]]}}, {"type": "Feature", "properties": {"building": "commercial", "name": "鹏龙大厦", "source": "osm"}, "geometry": {"type": "MultiPolygon", "coordinates": [[[[116.4536118, 39.8727611], [116.4536165, 39.8725846], [116.454033, 39.8725764], [116.4540955, 39.8725909], [116.4541545, 39.8726226], [116.4541934, 39.8726815], [116.4541958, 39.8728327], [116.4541467, 39.8728376], [116.453836, 39.8728436], [116.453738, 39.8728408], [116.4536496, 39.8728182], [116.4536118, 39.8727611]]]]}}, {"type": "Feature", "properties": {"building": "yes", "source": "osm"}, "geometry": {"type": "MultiPolygon", "coordinates": [[[[116.4492253, 39.8722031], [116.4495914, 39.8721991], [116.4496058, 39.8729855], [116.4492398, 39.8729895], [116.4492253, 39.8722031]]]]}}, {"type": "Feature", "properties": {"building": "yes", "source": "osm"}, "geometry": {"type": "MultiPolygon", "coordinates": [[[[116.453836, 39.8728436], [116.4541467, 39.8728376], [116.4541583, 39.8731961], [116.4538477, 39.8732021], [116.453836, 39.8728436]]]]}}, {"type": "Feature", "properties": {"building": "yes", "name": "广西大厦", "source": "osm"}, "geometry": {"type": "MultiPolygon", "coordinates": [[[[116.4500552, 39.8714401], [116.4509788, 39.8714337], [116.4509877, 39.8721888], [116.4502061, 39.8721941], [116.450063, 39.8720926], [116.4500552, 39.8714401]]]]}}, {"type": "Feature", "properties": {"building": "residential", "source": "osm"}, "geometry": {"type": "MultiPolygon", "coordinates": [[[[116.4465406, 39.8725362], [116.446544, 39.8722754], [116.4468434, 39.8722777], [116.4468401, 39.8725384], [116.4465406, 39.8725362]]]]}}, {"type": "Feature", "properties": {"building": "residential", "source": "osm"}, "geometry": {"type": "MultiPolygon", "coordinates": [[[[116.4470633, 39.8725393], [116.4470666, 39.8722785], [116.447366, 39.8722808], [116.4473627, 39.8725415], [116.4470633, 39.8725393]]]]}}, {"type": "Feature", "properties": {"building": "residential", "source": "osm"}, "geometry": {"type": "MultiPolygon", "coordinates": [[[[116.4476265, 39.8725311], [116.4476298, 39.8722703], [116.4479293, 39.8722725], [116.447926, 39.8725333], [116.4476265, 39.8725311]]]]}}, {"type": "Feature", "properties": {"building": "residential", "source": "osm"}, "geometry": {"type": "MultiPolygon", "coordinates": [[[[116.446012, 39.8717314], [116.4460149, 39.8715063], [116.4462364, 39.871508], [116.4462335, 39.8717331], [116.446012, 39.8717314]]]]}}, {"type": "Feature", "properties": {"building": "residential", "source": "osm"}, "geometry": {"type": "MultiPolygon", "coordinates": [[[[116.4485208, 39.8727543], [116.448878, 39.8727537], [116.4488787, 39.8729911], [116.4485214, 39.8729917], [116.4485208, 39.8727543]]]]}}, {"type": "Feature", "properties": {"building": "yes", "source": "osm"}, "geometry": {"type": "MultiPolygon", "coordinates": [[[[116.4448775, 39.8737616], [116.4448786, 39.8735983], [116.4453303, 39.8736002], [116.4453291, 39.8737635], [116.4448775, 39.8737616]]]]}}, {"type": "Feature", "properties": {"building": "residential", "source": "osm"}, "geometry": {"type": "MultiPolygon", "coordinates": [[[[116.4461558, 39.8735396], [116.4462822, 39.8735396], [116.4462822, 39.8739164], [116.4461558, 39.8739164], [116.4461558, 39.8735396]]]]}}, {"type": "Feature", "properties": {"building": "residential", "source": "osm"}, "geometry": {"type": "MultiPolygon", "coordinates": [[[[116.4456395, 39.8733563], [116.4461724, 39.8733563], [116.4461724, 39.8734643], [116.4456395, 39.8734643], [116.4456395, 39.8733563]]]]}}, {"type": "Feature", "properties": {"building": "residential", "source": "osm"}, "geometry": {"type": "MultiPolygon", "coordinates": [[[[116.4448634, 39.8734954], [116.4448645, 39.8733538], [116.4454881, 39.8733565], [116.4454873, 39.8734658], [116.4449516, 39.8734635], [116.4449514, 39.8734958], [116.4448634, 39.8734954]]]]}}, {"type": "Feature", "properties": {"building": "university", "name": "信北阶", "source": "osm"}, "geometry": {"type": "MultiPolygon", "coordinates": [[[[116.4728099, 39.87389], [116.4728101, 39.8737457], [116.4729208, 39.8737458], [116.4729206, 39.8738901], [116.4728099, 39.87389]]]]}}, {"type": "Feature", "properties": {"building": "yes", "source": "osm"}, "geometry": {"type": "MultiPolygon", "coordinates": [[[[116.4396361, 39.8928028], [116.4396392, 39.892666], [116.4398099, 39.8926683], [116.4398105, 39.8926429], [116.439989, 39.8926453], [116.4399859, 39.8927772], [116.4398325, 39.8927751], [116.4398318, 39.8928055], [116.4396361, 39.8928028]]]]}}, {"type": "Feature", "properties": {"building": "yes", "name": "物美", "shop": "supermarket", "source": "osm"}, "geometry": {"type": "MultiPolygon", "coordinates": [[[[116.4400878, 39.8926204], [116.4409112, 39.8926169], [116.4409126, 39.8928024], [116.4407117, 39.8928033], [116.4407162, 39.8934445], [116.4400938, 39.893447], [116.4400878, 39.8926204]]]]}}, {"type": "Feature", "properties": {"building": "yes", "source": "osm"}, "geometry": {"type": "MultiPolygon", "coordinates": [[[[116.4402729, 39.8928064], [116.4406524, 39.8927984], [116.4406643, 39.8931345], [116.440285, 39.8931425], [116.4402729, 39.8928064]]]]}}, {"type": "Feature", "properties": {"building": "mall", "name": "合生汇", "shop": "mall", "source": "osm"}, "geometry": {"type": "MultiPolygon", "coordinates": [[[[116.4718407, 39.8926152], [116.4718668, 39.892578], [116.4720865, 39.8924094], [116.4721796, 39.8923808], [116.472675, 39.892298], [116.473066, 39.892278], [116.4735278, 39.8922665], [116.4737885, 39.8922923], [116.4759301, 39.8922894], [116.4759785, 39.8923208], [116.4759785, 39.8926952], [116.4742206, 39.8927095], [116.4742168, 39.893201], [116.4738705, 39.8931952], [116.4738593, 39.8931581], [116.4726601, 39.8931638], [116.4726601, 39.8931981], [116.472444, 39.8932038], [116.4724478, 39.8931067], [116.4718966, 39.8931124], [116.4718593, 39.8930952], [116.4718407, 39.8926152]]]]}}, {"type": "Feature", "properties": {"building": "yes", "name": "左安门角楼", "source": "osm"}, "geometry": {"type": "MultiPolygon", "coordinates": [[[[116.4364057, 39.8708589], [116.436809, 39.8708467], [116.436807, 39.8708078], [116.4368827, 39.8708055], [116.4368857, 39.8708639], [116.4368582, 39.8708647], [116.4368658, 39.8710125], [116.4367068, 39.8710172], [116.4367042, 39.8709654], [116.4364931, 39.8709717], [116.4364057, 39.8708589]]]]}}, {"type": "Feature", "properties": {"building": "apartments", "name": "1号楼", "source": "osm"}, "geometry": {"type": "MultiPolygon", "coordinates": [[[[116.4406068, 39.885883], [116.440697, 39.8858821], [116.4406946, 39.885732], [116.4408359, 39.8857307], [116.4408384, 39.8858852], [116.4409335, 39.8858843], [116.4409365, 39.8860679], [116.4406099, 39.886071], [116.4406068, 39.885883]]]]}}, {"type": "Feature", "properties": {"building": "apartments", "name": "3号楼", "source": "osm"}, "geometry": {"type": "MultiPolygon", "coordinates": [[[[116.4400267, 39.8852094], [116.4400937, 39.8852052], [116.4400964, 39.8850406], [116.4403593, 39.8850303], [116.4403566, 39.8852135], [116.4404263, 39.8852114], [116.440429, 39.8853864], [116.4400294, 39.8853864], [116.4400267, 39.8852094]]]]}}, {"type": "Feature", "properties": {"building": "apartments", "name": "4号楼", "source": "osm"}, "geometry": {"type": "MultiPolygon", "coordinates": [[[[116.4406253, 39.8844876], [116.4414556, 39.8844693], [116.4414626, 39.8846585], [116.4406323, 39.8846767], [116.4406253, 39.8844876]]]]}}, {"type": "Feature", "properties": {"building": "apartments", "name": "5号楼", "source": "osm"}, "geometry": {"type": "MultiPolygon", "coordinates": [[[[116.4410153, 39.8849178], [116.44118, 39.8848435], [116.4414207, 39.8851576], [116.4412728, 39.8852243], [116.4414074, 39.8854001], [116.4411732, 39.8855058], [116.4410773, 39.8853805], [116.4411547, 39.8853456], [116.4410215, 39.8851718], [116.4411615, 39.8851086], [116.4410153, 39.8849178]]]]}}, {"type": "Feature", "properties": {"building": "yes", "source": "osm"}, "geometry": {"type": "MultiPolygon", "coordinates": [[[[116.4675242, 39.888429], [116.4676985, 39.888427], [116.4676985, 39.8885011], [116.4675269, 39.888499], [116.4675242, 39.888429]]]]}}, {"type": "Feature", "properties": {"building": "transportation", "source": "osm"}, "geometry": {"type": "MultiPolygon", "coordinates": [[[[116.4715293, 39.8848403], [116.4716205, 39.884839], [116.4716248, 39.8850196], [116.4715788, 39.8850203], [116.4715336, 39.8850209], [116.4715293, 39.8848403]]]]}}, {"type": "Feature", "properties": {"building": "commercial", "name": "阳光财富大厦", "source": "osm"}, "geometry": {"type": "MultiPolygon", "coordinates": [[[[116.4698727, 39.8856108], [116.4705471, 39.8856094], [116.4706031, 39.8855706], [116.4708283, 39.8855677], [116.4708469, 39.8855966], [116.4708458, 39.8856313], [116.4706876, 39.8858167], [116.4707473, 39.8860096], [116.4708156, 39.8859997], [116.4708097, 39.8863391], [116.4700323, 39.8863383], [116.4699571, 39.8861024], [116.4704942, 39.8860116], [116.4704187, 39.8858111], [116.4699053, 39.8858148], [116.4698727, 39.8856108]]]]}}, {"type": "Feature", "properties": {"building": "residential", "source": "osm"}, "geometry": {"type": "MultiPolygon", "coordinates": [[[[116.4700186, 39.8865343], [116.4708058, 39.8865256], [116.4708058, 39.8866547], [116.4700222, 39.8866673], [116.4700186, 39.8865343]]]]}}, {"type": "Feature", "properties": {"building": "residential", "source": "osm"}, "geometry": {"type": "MultiPolygon", "coordinates": [[[[116.4697691, 39.8874482], [116.4697801, 39.8865542], [116.469959, 39.8865555], [116.4699477, 39.8874495], [116.4697691, 39.8874482]]]]}}, {"type": "Feature", "properties": {"building": "residential", "source": "osm"}, "geometry": {"type": "MultiPolygon", "coordinates": [[[[116.4700524, 39.8869139], [116.470758, 39.8869136], [116.4707578, 39.8867268], [116.4708059, 39.8867268], [116.4708058, 39.8866547], [116.4708058, 39.8865256], [116.470933, 39.8865256], [116.4709333, 39.8871746], [116.4707192, 39.8871747], [116.4707192, 39.8871458], [116.4700526, 39.8871461], [116.4700524, 39.8869139]]]]}}, {"type": "Feature", "properties": {"building": "residential", "source": "osm"}, "geometry": {"type": "MultiPolygon", "coordinates": [[[[116.4700222, 39.8873074], [116.4705071, 39.8873006], [116.4705103, 39.8874356], [116.4700254, 39.8874424], [116.4700222, 39.8873074]]]]}}, {"type": "Feature", "properties": {"building": "residential", "source": "osm"}, "geometry": {"type": "MultiPolygon", "coordinates": [[[[116.4705909, 39.8873], [116.4709212, 39.887295], [116.4709246, 39.88743], [116.4705943, 39.8874349], [116.4705909, 39.8873]]]]}}, {"type": "Feature", "properties": {"building": "residential", "name": "3号楼", "source": "osm"}, "geometry": {"type": "MultiPolygon", "coordinates": [[[[116.4682003, 39.8863656], [116.4682338, 39.8862359], [116.468809, 39.8863233], [116.4687755, 39.8864531], [116.4682003, 39.8863656]]]]}}, {"type": "Feature", "properties": {"building": "residential", "name": "1号楼", "source": "osm"}, "geometry": {"type": "MultiPolygon", "coordinates": [[[[116.4682113, 39.8869657], [116.4688318, 39.8869588], [116.4688345, 39.8870965], [116.468214, 39.8871036], [116.4682113, 39.8869657]]]]}}, {"type": "Feature", "properties": {"building": "residential", "name": "4号楼", "source": "osm"}, "geometry": {"type": "MultiPolygon", "coordinates": [[[[116.4690583, 39.8863472], [116.4696288, 39.8862292], [116.4696857, 39.8863669], [116.4690922, 39.8864847], [116.4690583, 39.8863472]]]]}}, {"type": "Feature", "properties": {"building": "residential", "name": "2号楼", "source": "osm"}, "geometry": {"type": "MultiPolygon", "coordinates": [[[[116.4690633, 39.8871097], [116.4690648, 39.8869718], [116.4696731, 39.8869755], [116.4696717, 39.8871134], [116.4690633, 39.8871097]]]]}}, {"type": "Feature", "properties": {"building": "residential", "name": "5号楼", "source": "osm"}, "geometry": {"type": "MultiPolygon", "coordinates": [[[[116.4682084, 39.8855783], [116.4682086, 39.8854338], [116.4688291, 39.8854344], [116.4688289, 39.885579], [116.4682084, 39.8855783]]]]}}, {"type": "Feature", "properties": {"building": "residential", "name": "6号楼", "source": "osm"}, "geometry": {"type": "MultiPolygon", "coordinates": [[[[116.4690692, 39.8855509], [116.4696922, 39.8855456], [116.4696942, 39.8856797], [116.4690711, 39.8856851], [116.4690692, 39.8855509]]]]}}, {"type": "Feature", "properties": {"building": "residential", "name": "9号楼", "source": "osm"}, "geometry": {"type": "MultiPolygon", "coordinates": [[[[116.4673465, 39.8845392], [116.4679847, 39.8845377], [116.4679852, 39.8846612], [116.467347, 39.8846627], [116.4673465, 39.8845392]]]]}}, {"type": "Feature", "properties": {"building": "residential", "name": "10号楼", "source": "osm"}, "geometry": {"type": "MultiPolygon", "coordinates": [[[[116.4681836, 39.8846489], [116.4681848, 39.8845158], [116.4688329, 39.8845192], [116.4688326, 39.8845502], [116.4691661, 39.8845521], [116.4691648, 39.8846917], [116.4688274, 39.8846898], [116.4688277, 39.8846523], [116.4681836, 39.8846489]]]]}}, {"type": "Feature", "properties": {"building": "residential", "name": "1号楼", "source": "osm"}, "geometry": {"type": "MultiPolygon", "coordinates": [[[[116.4705394, 39.8880976], [116.4705736, 39.8880685], [116.4706843, 39.8880672], [116.4708574, 39.8880659], [116.4708873, 39.8894372], [116.4705605, 39.8894416], [116.4705541, 39.8891598], [116.4706055, 39.8891036], [116.4707096, 39.8891028], [116.4707006, 39.8884154], [116.4705437, 39.8884167], [116.4705394, 39.8880976]]]]}}, {"type": "Feature", "properties": {"building": "residential", "name": "2号楼", "source": "osm"}, "geometry": {"type": "MultiPolygon", "coordinates": [[[[116.4704517, 39.8876354], [116.4706996, 39.8876278], [116.4708537, 39.8877747], [116.4708574, 39.8880659], [116.4706843, 39.8880672], [116.4706823, 39.8879117], [116.4704568, 39.8877327], [116.4704517, 39.8876354]]]]}}, {"type": "Feature", "properties": {"building": "residential", "name": "3号楼", "source": "osm"}, "geometry": {"type": "MultiPolygon", "coordinates": [[[[116.470039, 39.8886672], [116.4700821, 39.8886184], [116.4703487, 39.8886127], [116.4703972, 39.8886679], [116.4704031, 39.8888896], [116.4700452, 39.8888952], [116.470039, 39.8886672]]]]}}, {"type": "Feature", "properties": {"building": "residential", "name": "5号楼", "source": "osm"}, "geometry": {"type": "MultiPolygon", "coordinates": [[[[116.4688381, 39.888847], [116.4688385, 39.8887112], [116.4688517, 39.8886719], [116.4698531, 39.888662], [116.469856, 39.888837], [116.4688381, 39.888847]]]]}}, {"type": "Feature", "properties": {"building": "residential", "name": "7号楼", "source": "osm"}, "geometry": {"type": "MultiPolygon", "coordinates": [[[[116.4682124, 39.888857], [116.4682147, 39.8881752], [116.4683885, 39.8881756], [116.4683868, 39.8887103], [116.4688385, 39.8887112], [116.4688381, 39.888847], [116.4688381, 39.8888583], [116.4682124, 39.888857]]]]}}, {"type": "Feature", "properties": {"building": "residential", "name": "8号楼", "source": "osm"}, "geometry": {"type": "MultiPolygon", "coordinates": [[[[116.4684365, 39.8877994], [116.4685072, 39.887799], [116.4685065, 39.8877348], [116.4686725, 39.8877337], [116.4686731, 39.8877896], [116.4688807, 39.8877883], [116.4688803, 39.887747], [116.4690582, 39.8877459], [116.4690589, 39.887814], [116.4691698, 39.8878133], [116.469159, 39.8878297], [116.4691606, 39.8879219], [116.4684378, 39.8879234], [116.4684365, 39.8877994]]]]}}, {"type": "Feature", "properties": {"building": "residential", "name": "6号楼", "source": "osm"}, "geometry": {"type": "MultiPolygon", "coordinates": [[[[116.469159, 39.8878297], [116.4699047, 39.887822], [116.469907, 39.8879518], [116.4691612, 39.8879593], [116.4691606, 39.8879219], [116.469159, 39.8878297]]]]}}, {"type": "Feature", "properties": {"building": "residential", "name": "4号楼", "source": "osm"}, "geometry": {"type": "MultiPolygon", "coordinates": [[[[116.4701167, 39.8875908], [116.4704467, 39.8875873], [116.4704513, 39.8878359], [116.4701211, 39.8878395], [116.4701167, 39.8875908]]]]}}, {"type": "Feature", "properties": {"building": "commercial", "source": "osm"}, "geometry": {"type": "MultiPolygon", "coordinates": [[[[116.4707193, 39.8898895], [116.4708458, 39.8898884], [116.4708492, 39.8901163], [116.4707226, 39.8901174], [116.4707193, 39.8898895]]]]}}, {"type": "Feature", "properties": {"building": "apartments", "source": "osm"}, "geometry": {"type": "MultiPolygon", "coordinates": [[[[116.4618273, 39.8858024], [116.4619492, 39.8849289], [116.463051, 39.8849133], [116.4630347, 39.8851005], [116.4621322, 39.8851129], [116.4620305, 39.8858024], [116.4618273, 39.8858024]]]]}}, {"type": "Feature", "properties": {"building": "apartments", "source": "osm"}, "geometry": {"type": "MultiPolygon", "coordinates": [[[[116.4618394, 39.8870029], [116.4620058, 39.8861825], [116.4631365, 39.8861872], [116.4631242, 39.8863645], [116.4621937, 39.8863716], [116.4619934, 39.8870147], [116.4618394, 39.8870029]]]]}}, {"type": "Feature", "properties": {"building": "apartments", "source": "osm"}, "geometry": {"type": "MultiPolygon", "coordinates": [[[[116.4635494, 39.8865229], [116.4635525, 39.8863598], [116.4646555, 39.8863598], [116.4646616, 39.8865206], [116.4635494, 39.8865229]]]]}}, {"type": "Feature", "properties": {"building": "apartments", "source": "osm"}, "geometry": {"type": "MultiPolygon", "coordinates": [[[[116.4634354, 39.8851446], [116.4634877, 39.8849484], [116.4645507, 39.8850903], [116.4645076, 39.8852818], [116.4634354, 39.8851446]]]]}}, {"type": "Feature", "properties": {"building": "apartments", "source": "osm"}, "geometry": {"type": "MultiPolygon", "coordinates": [[[[116.465019, 39.8854591], [116.4650283, 39.8852628], [116.4657492, 39.8852818], [116.4657893, 39.8860619], [116.4656352, 39.8860619], [116.4656198, 39.8854733], [116.465019, 39.8854591]]]]}}, {"type": "Feature", "properties": {"building": "apartments", "source": "osm"}, "geometry": {"type": "MultiPolygon", "coordinates": [[[[116.4651317, 39.8866087], [116.4651348, 39.8864195], [116.465865, 39.8864124], [116.4658804, 39.8871453], [116.4657171, 39.88715], [116.4657171, 39.8865945], [116.4651317, 39.8866087]]]]}}, {"type": "Feature", "properties": {"building": "apartments", "source": "osm"}, "geometry": {"type": "MultiPolygon", "coordinates": [[[[116.4629812, 39.8854124], [116.4629904, 39.8852634], [116.4630798, 39.8852682], [116.463089, 39.8851925], [116.4633232, 39.8851973], [116.4633263, 39.88528], [116.463394, 39.88528], [116.4634064, 39.8854148], [116.4629812, 39.8854124]]]]}}, {"type": "Feature", "properties": {"building": "apartments", "source": "osm"}, "geometry": {"type": "MultiPolygon", "coordinates": [[[[116.4645926, 39.8857457], [116.4645987, 39.8855968], [116.4647066, 39.8855968], [116.4647127, 39.885533], [116.4649068, 39.8855211], [116.4649099, 39.8856157], [116.4650023, 39.8856157], [116.4650054, 39.8857528], [116.4645926, 39.8857457]]]]}}, {"type": "Feature", "properties": {"building": "apartments", "source": "osm"}, "geometry": {"type": "MultiPolygon", "coordinates": [[[[116.463126, 39.8866914], [116.4632092, 39.8866961], [116.4631999, 39.8866323], [116.4634279, 39.8866347], [116.4634372, 39.8867032], [116.4635265, 39.8866985], [116.4635327, 39.886786], [116.463126, 39.8868001], [116.463126, 39.8866914]]]]}}, {"type": "Feature", "properties": {"building": "apartments", "source": "osm"}, "geometry": {"type": "MultiPolygon", "coordinates": [[[[116.464685, 39.8867458], [116.4648021, 39.8867434], [116.4647959, 39.8866819], [116.4650208, 39.8866772], [116.4650301, 39.8867671], [116.4651348, 39.88676], [116.4651256, 39.8868616], [116.4646912, 39.886864], [116.464685, 39.8867458]]]]}}, {"type": "Feature", "properties": {"building": "yes", "source": "osm"}, "geometry": {"type": "MultiPolygon", "coordinates": [[[[116.4637668, 39.8867505], [116.4645926, 39.8867434], [116.4645895, 39.8870106], [116.463773, 39.8869893], [116.4637668, 39.8867505]]]]}}, {"type": "Feature", "properties": {"building": "commercial", "source": "osm"}, "geometry": {"type": "MultiPolygon", "coordinates": [[[[116.4622294, 39.8868805], [116.4631075, 39.8868687], [116.4630983, 39.8870768], [116.4622325, 39.8870815], [116.4622294, 39.8868805]]]]}}, {"type": "Feature", "properties": {"building": "apartments", "source": "osm"}, "geometry": {"type": "MultiPolygon", "coordinates": [[[[116.4416549, 39.8763974], [116.4419911, 39.8763974], [116.4420145, 39.8765264], [116.4426169, 39.87653], [116.4426356, 39.8763902], [116.4429905, 39.8763902], [116.4429765, 39.876745], [116.4416689, 39.8767486], [116.4416549, 39.8763974]]]]}}, {"type": "Feature", "properties": {"building": "apartments", "source": "osm"}, "geometry": {"type": "MultiPolygon", "coordinates": [[[[116.4426543, 39.8780173], [116.4426683, 39.8776661], [116.4429718, 39.8776625], [116.4429812, 39.8780137], [116.4426543, 39.8780173]]]]}}, {"type": "Feature", "properties": {"building": "apartments", "source": "osm"}, "geometry": {"type": "MultiPolygon", "coordinates": [[[[116.443154, 39.8776159], [116.4431633, 39.8771894], [116.4435182, 39.877193], [116.4435135, 39.8776159], [116.443154, 39.8776159]]]]}}, {"type": "Feature", "properties": {"building": "apartments", "source": "osm"}, "geometry": {"type": "MultiPolygon", "coordinates": [[[[116.458246, 39.892537], [116.458254, 39.8923518], [116.4593779, 39.8923497], [116.4593806, 39.8925205], [116.458246, 39.892537]]]]}}, {"type": "Feature", "properties": {"building": "apartments", "source": "osm"}, "geometry": {"type": "MultiPolygon", "coordinates": [[[[116.4573636, 39.8923641], [116.4580931, 39.8923539], [116.4580904, 39.8924917], [116.4573716, 39.8925041], [116.4573636, 39.8923641]]]]}}, {"type": "Feature", "properties": {"building": "apartments", "source": "osm"}, "geometry": {"type": "MultiPolygon", "coordinates": [[[[116.457377, 39.8926914], [116.4580878, 39.892679], [116.4580958, 39.8928251], [116.457385, 39.8928457], [116.457377, 39.8926914]]]]}}, {"type": "Feature", "properties": {"building": "apartments", "source": "osm"}, "geometry": {"type": "MultiPolygon", "coordinates": [[[[116.4571812, 39.893035], [116.4578785, 39.8930289], [116.4578839, 39.8931955], [116.4571812, 39.8932099], [116.4571812, 39.893035]]]]}}, {"type": "Feature", "properties": {"building": "apartments", "source": "osm"}, "geometry": {"type": "MultiPolygon", "coordinates": [[[[116.4594852, 39.8929465], [116.4604561, 39.8929465], [116.4604427, 39.8931235], [116.4594932, 39.8931338], [116.4594852, 39.8929465]]]]}}, {"type": "Feature", "properties": {"building": "apartments", "source": "osm"}, "geometry": {"type": "MultiPolygon", "coordinates": [[[[116.458364, 39.8930968], [116.4593243, 39.8930885], [116.4593323, 39.8932923], [116.4583667, 39.8932923], [116.458364, 39.8930968]]]]}}, {"type": "Feature", "properties": {"building": "apartments", "source": "osm"}, "geometry": {"type": "MultiPolygon", "coordinates": [[[[116.4572053, 39.8934734], [116.4577686, 39.8934734], [116.4577713, 39.8936195], [116.4572053, 39.8936277], [116.4572053, 39.8934734]]]]}}, {"type": "Feature", "properties": {"building": "apartments", "source": "osm"}, "geometry": {"type": "MultiPolygon", "coordinates": [[[[116.4577847, 39.8936956], [116.45779, 39.8935351], [116.4583747, 39.8935289], [116.4583694, 39.8936977], [116.4577847, 39.8936956]]]]}}, {"type": "Feature", "properties": {"building": "commercial", "source": "osm"}, "geometry": {"type": "MultiPolygon", "coordinates": [[[[116.4595978, 39.8927469], [116.4596005, 39.8924465], [116.4597185, 39.8923539], [116.4602094, 39.8923477], [116.4603113, 39.8924341], [116.4603059, 39.892749], [116.4595978, 39.8927469]]]]}}, {"type": "Feature", "properties": {"building": "retail", "source": "osm"}, "geometry": {"type": "MultiPolygon", "coordinates": [[[[116.4584823, 39.8935791], [116.4592063, 39.8935814], [116.4591971, 39.8937871], [116.4584854, 39.8937942], [116.4584823, 39.8935791]]]]}}, {"type": "Feature", "properties": {"building": "apartments", "source": "osm"}, "geometry": {"type": "MultiPolygon", "coordinates": [[[[116.4498036, 39.8902189], [116.4505114, 39.8902162], [116.4505079, 39.8903737], [116.4498107, 39.8903737], [116.4498036, 39.8902189]]]]}}, {"type": "Feature", "properties": {"building": "apartments", "source": "osm"}, "geometry": {"type": "MultiPolygon", "coordinates": [[[[116.4497973, 39.889587], [116.4512216, 39.8895906], [116.4512123, 39.8897268], [116.4498019, 39.8897411], [116.4497973, 39.889587]]]]}}, {"type": "Feature", "properties": {"building": "apartments", "source": "osm"}, "geometry": {"type": "MultiPolygon", "coordinates": [[[[116.4512636, 39.8896193], [116.4519455, 39.8896157], [116.4519361, 39.8897375], [116.451273, 39.8897375], [116.4512636, 39.8896193]]]]}}, {"type": "Feature", "properties": {"building": "apartments", "source": "osm"}, "geometry": {"type": "MultiPolygon", "coordinates": [[[[116.4504417, 39.8899202], [116.4513244, 39.8899202], [116.4513103, 39.8900815], [116.4504417, 39.8900743], [116.4504417, 39.8900206], [116.4504417, 39.8899202]]]]}}, {"type": "Feature", "properties": {"building": "apartments", "source": "osm"}, "geometry": {"type": "MultiPolygon", "coordinates": [[[[116.4498159, 39.8889814], [116.4504978, 39.8889814], [116.4505071, 39.889114], [116.4498159, 39.889114], [116.4498159, 39.8889814]]]]}}, {"type": "Feature", "properties": {"building": "apartments", "source": "osm"}, "geometry": {"type": "MultiPolygon", "coordinates": [[[[116.4506379, 39.8891391], [116.4506472, 39.8889886], [116.4511189, 39.8889779], [116.4511189, 39.8891248], [116.4506379, 39.8891391]]]]}}, {"type": "Feature", "properties": {"building": "apartments", "source": "osm"}, "geometry": {"type": "MultiPolygon", "coordinates": [[[[116.451259, 39.8889994], [116.4519408, 39.8889922], [116.4519501, 39.8891176], [116.4512636, 39.8891284], [116.451259, 39.8889994]]]]}}, {"type": "Feature", "properties": {"building": "apartments", "source": "osm"}, "geometry": {"type": "MultiPolygon", "coordinates": [[[[116.4518941, 39.8895655], [116.4518988, 39.8891929], [116.4520669, 39.8891893], [116.4520669, 39.8895655], [116.4518941, 39.8895655]]]]}}, {"type": "Feature", "properties": {"building": "apartments", "source": "osm"}, "geometry": {"type": "MultiPolygon", "coordinates": [[[[116.4519081, 39.8897913], [116.4520529, 39.8897984], [116.4520622, 39.8901102], [116.4519081, 39.8901137], [116.4519081, 39.8897913]]]]}}, {"type": "Feature", "properties": {"building": "apartments", "source": "osm"}, "geometry": {"type": "MultiPolygon", "coordinates": [[[[116.4513337, 39.8898916], [116.4517213, 39.8898987], [116.4517213, 39.8900098], [116.4513477, 39.8900098], [116.4513337, 39.8898916]]]]}}, {"type": "Feature", "properties": {"building": "apartments", "source": "osm"}, "geometry": {"type": "MultiPolygon", "coordinates": [[[[116.4500354, 39.8900242], [116.4500401, 39.8898916], [116.4504416, 39.8898901], [116.4504417, 39.8899202], [116.4504417, 39.8900206], [116.4500354, 39.8900242]]]]}}, {"type": "Feature", "properties": {"building": "apartments", "source": "osm"}, "geometry": {"type": "MultiPolygon", "coordinates": [[[[116.4496899, 39.8891857], [116.449844, 39.8891785], [116.4498533, 39.8895583], [116.4496945, 39.8895512], [116.4496899, 39.8891857]]]]}}, {"type": "Feature", "properties": {"building": "apartments", "source": "osm"}, "geometry": {"type": "MultiPolygon", "coordinates": [[[[116.4496805, 39.8898092], [116.449858, 39.8898128], [116.449844, 39.8901496], [116.4496805, 39.8901496], [116.4496805, 39.8898092]]]]}}, {"type": "Feature", "properties": {"building": "apartments", "source": "osm"}, "geometry": {"type": "MultiPolygon", "coordinates": [[[[116.4500775, 39.8893004], [116.4516746, 39.8893004], [116.4516699, 39.889415], [116.4500821, 39.8894186], [116.4500775, 39.8893004]]]]}}, {"type": "Feature", "properties": {"building": "apartments", "source": "osm"}, "geometry": {"type": "MultiPolygon", "coordinates": [[[[116.4511824, 39.8884009], [116.4511827, 39.8882825], [116.4519082, 39.8882837], [116.4519078, 39.8884022], [116.4511824, 39.8884009]]]]}}, {"type": "Feature", "properties": {"building": "apartments", "source": "osm"}, "geometry": {"type": "MultiPolygon", "coordinates": [[[[116.4519063, 39.8887001], [116.4519078, 39.8884022], [116.4520257, 39.8884026], [116.4520241, 39.8887004], [116.4519063, 39.8887001]]]]}}, {"type": "Feature", "properties": {"building": "apartments", "source": "osm"}, "geometry": {"type": "MultiPolygon", "coordinates": [[[[116.4496924, 39.8887892], [116.4497087, 39.8882339], [116.449912, 39.8882308], [116.449912, 39.888783], [116.4496924, 39.8887892]]]]}}, {"type": "Feature", "properties": {"building": "apartments", "source": "osm"}, "geometry": {"type": "MultiPolygon", "coordinates": [[[[116.451125, 39.888732], [116.451126, 39.8886228], [116.4515243, 39.8886251], [116.4515233, 39.8887342], [116.451125, 39.888732]]]]}}, {"type": "Feature", "properties": {"building": "apartments", "source": "osm"}, "geometry": {"type": "MultiPolygon", "coordinates": [[[[116.4515055, 39.8888518], [116.451506, 39.888755], [116.4519348, 39.8887563], [116.4519343, 39.888853], [116.4515055, 39.8888518]]]]}}, {"type": "Feature", "properties": {"building": "apartments", "source": "osm"}, "geometry": {"type": "MultiPolygon", "coordinates": [[[[116.450679, 39.8888433], [116.4506799, 39.8887516], [116.4510921, 39.888754], [116.4510912, 39.8888457], [116.450679, 39.8888433]]]]}}, {"type": "Feature", "properties": {"building": "apartments", "source": "osm"}, "geometry": {"type": "MultiPolygon", "coordinates": [[[[116.4507051, 39.8885119], [116.4510767, 39.8885096], [116.4510777, 39.8886048], [116.4507061, 39.8886072], [116.4507051, 39.8885119]]]]}}, {"type": "Feature", "properties": {"building": "apartments", "source": "osm"}, "geometry": {"type": "MultiPolygon", "coordinates": [[[[116.4506883, 39.8882775], [116.4510763, 39.8882763], [116.4510768, 39.888379], [116.4506888, 39.8883803], [116.4506883, 39.8882775]]]]}}, {"type": "Feature", "properties": {"building": "commercial", "source": "osm"}, "geometry": {"type": "MultiPolygon", "coordinates": [[[[116.4500566, 39.8887815], [116.4500614, 39.8886482], [116.4504249, 39.888656], [116.4504341, 39.8884003], [116.4506093, 39.888404], [116.4505953, 39.8887929], [116.4500566, 39.8887815]]]]}}, {"type": "Feature", "properties": {"building": "apartments", "source": "osm"}, "geometry": {"type": "MultiPolygon", "coordinates": [[[[116.452276, 39.890117], [116.4528954, 39.8901088], [116.4528954, 39.8901822], [116.4528954, 39.89025], [116.452276, 39.89025], [116.452276, 39.890117]]]]}}, {"type": "Feature", "properties": {"building": "apartments", "source": "osm"}, "geometry": {"type": "MultiPolygon", "coordinates": [[[[116.4522629, 39.8897404], [116.4528589, 39.8897293], [116.4528622, 39.889834], [116.4522662, 39.889845], [116.4522629, 39.8897404]]]]}}, {"type": "Feature", "properties": {"building": "apartments", "source": "osm"}, "geometry": {"type": "MultiPolygon", "coordinates": [[[[116.4528629, 39.8898104], [116.4535086, 39.8898039], [116.4535107, 39.8899274], [116.452865, 39.8899339], [116.4528629, 39.8898104]]]]}}, {"type": "Feature", "properties": {"building": "apartments", "source": "osm"}, "geometry": {"type": "MultiPolygon", "coordinates": [[[[116.4528954, 39.8901822], [116.4535608, 39.8901849], [116.4535537, 39.8903125], [116.452896, 39.8903037], [116.4528954, 39.89025], [116.4528954, 39.8901822]]]]}}, {"type": "Feature", "properties": {"building": "apartments", "source": "osm"}, "geometry": {"type": "MultiPolygon", "coordinates": [[[[116.4529066, 39.8895952], [116.4529072, 39.8895059], [116.4529074, 39.8894745], [116.4534363, 39.8894766], [116.4534355, 39.8895972], [116.4529066, 39.8895952]]]]}}, {"type": "Feature", "properties": {"building": "apartments", "source": "osm"}, "geometry": {"type": "MultiPolygon", "coordinates": [[[[116.45232, 39.8895048], [116.4523204, 39.889396], [116.4529024, 39.8893972], [116.4529072, 39.8895059], [116.45232, 39.8895048]]]]}}, {"type": "Feature", "properties": {"building": "apartments", "source": "osm"}, "geometry": {"type": "MultiPolygon", "coordinates": [[[[116.4528971, 39.8892823], [116.45291, 39.8891665], [116.4534215, 39.8891594], [116.4534206, 39.8892844], [116.4528971, 39.8892823]]]]}}, {"type": "Feature", "properties": {"building": "apartments", "source": "osm"}, "geometry": {"type": "MultiPolygon", "coordinates": [[[[116.4523323, 39.889071], [116.4529066, 39.88906], [116.45291, 39.8891665], [116.4523358, 39.8891776], [116.4523323, 39.889071]]]]}}, {"type": "Feature", "properties": {"building": "apartments", "source": "osm"}, "geometry": {"type": "MultiPolygon", "coordinates": [[[[116.4528917, 39.8889413], [116.4528922, 39.8888], [116.4534388, 39.8888011], [116.4534384, 39.8889423], [116.4528917, 39.8889413]]]]}}, {"type": "Feature", "properties": {"building": "commercial", "source": "osm"}, "geometry": {"type": "MultiPolygon", "coordinates": [[[[116.453002, 39.888588], [116.4530036, 39.8884836], [116.4531468, 39.8884849], [116.4531484, 39.8883776], [116.4530469, 39.8883767], [116.4530505, 39.8881395], [116.4535308, 39.8881438], [116.453524, 39.8885926], [116.453002, 39.888588]]]]}}, {"type": "Feature", "properties": {"building": "apartments", "source": "osm"}, "geometry": {"type": "MultiPolygon", "coordinates": [[[[116.4521474, 39.8883667], [116.4521557, 39.8882432], [116.4529733, 39.8882324], [116.4529774, 39.888364], [116.4521474, 39.8883667]]]]}}, {"type": "Feature", "properties": {"building": "apartments", "source": "osm"}, "geometry": {"type": "MultiPolygon", "coordinates": [[[[116.4536585, 39.8902017], [116.4541896, 39.8901996], [116.454195, 39.8903149], [116.4536612, 39.8903149], [116.4536585, 39.8902017]]]]}}, {"type": "Feature", "properties": {"building": "apartments", "source": "osm"}, "geometry": {"type": "MultiPolygon", "coordinates": [[[[116.4536692, 39.8900905], [116.4536746, 39.8899876], [116.4541735, 39.8899876], [116.4541842, 39.8900905], [116.4536692, 39.8900905]]]]}}, {"type": "Feature", "properties": {"building": "apartments", "source": "osm"}, "geometry": {"type": "MultiPolygon", "coordinates": [[[[116.4534922, 39.8896151], [116.4536746, 39.8896151], [116.4536737, 39.8896809], [116.4536719, 39.8898127], [116.4535083, 39.8898127], [116.4535001, 39.8897116], [116.4534922, 39.8896151]]]]}}, {"type": "Feature", "properties": {"building": "apartments", "source": "osm"}, "geometry": {"type": "MultiPolygon", "coordinates": [[[[116.4536692, 39.8898847], [116.4536737, 39.8896809], [116.4541815, 39.8896769], [116.4541842, 39.889895], [116.4536692, 39.8898847]]]]}}, {"type": "Feature", "properties": {"building": "apartments", "source": "osm"}, "geometry": {"type": "MultiPolygon", "coordinates": [[[[116.4536558, 39.8896007], [116.4536585, 39.8894814], [116.4541923, 39.8894773], [116.454195, 39.889611], [116.4536558, 39.8896007]]]]}}, {"type": "Feature", "properties": {"building": "apartments", "source": "osm"}, "geometry": {"type": "MultiPolygon", "coordinates": [[[[116.4536558, 39.8891521], [116.4542057, 39.889148], [116.4542057, 39.8892859], [116.4536558, 39.8892879], [116.4536558, 39.8891521]]]]}}, {"type": "Feature", "properties": {"building": "apartments", "source": "osm"}, "geometry": {"type": "MultiPolygon", "coordinates": [[[[116.4536088, 39.8889063], [116.4536092, 39.8887952], [116.4543977, 39.8887969], [116.4543973, 39.888908], [116.4536088, 39.8889063]]]]}}, {"type": "Feature", "properties": {"building": "apartments", "source": "osm"}, "geometry": {"type": "MultiPolygon", "coordinates": [[[[116.4536095, 39.8885887], [116.4536108, 39.8884755], [116.4543806, 39.8884808], [116.4543793, 39.8885938], [116.4536095, 39.8885887]]]]}}, {"type": "Feature", "properties": {"building": "apartments", "source": "osm"}, "geometry": {"type": "MultiPolygon", "coordinates": [[[[116.4536101, 39.8882796], [116.4536103, 39.8881561], [116.4543761, 39.8881569], [116.4543759, 39.8882804], [116.4536101, 39.8882796]]]]}}, {"type": "Feature", "properties": {"building": "retail", "source": "osm"}, "geometry": {"type": "MultiPolygon", "coordinates": [[[[116.4544203, 39.8881272], [116.4547716, 39.8881231], [116.4547716, 39.8888187], [116.4544739, 39.888829], [116.4544203, 39.8881272]]]]}}, {"type": "Feature", "properties": {"building": "retail", "source": "osm"}, "geometry": {"type": "MultiPolygon", "coordinates": [[[[116.4544659, 39.8888557], [116.4547958, 39.8888475], [116.454785, 39.8893229], [116.4544685, 39.8893291], [116.4544659, 39.8888557]]]]}}, {"type": "Feature", "properties": {"building": "retail", "source": "osm"}, "geometry": {"type": "MultiPolygon", "coordinates": [[[[116.4544149, 39.8894011], [116.454726, 39.8894011], [116.454726, 39.8898209], [116.4544176, 39.8898312], [116.4544149, 39.8894011]]]]}}, {"type": "Feature", "properties": {"building": "apartments", "source": "osm"}, "geometry": {"type": "MultiPolygon", "coordinates": [[[[116.4478808, 39.8867014], [116.4478812, 39.8866009], [116.4486622, 39.886603], [116.4486621, 39.8866252], [116.4486618, 39.8867034], [116.4478808, 39.8867014]]]]}}, {"type": "Feature", "properties": {"building": "apartments", "source": "osm"}, "geometry": {"type": "MultiPolygon", "coordinates": [[[[116.4486604, 39.8867486], [116.4486621, 39.8866252], [116.4493707, 39.8866291], [116.4493665, 39.8870786], [116.4492205, 39.8870778], [116.4492235, 39.8867516], [116.4486604, 39.8867486]]]]}}, {"type": "Feature", "properties": {"building": "apartments", "source": "osm"}, "geometry": {"type": "MultiPolygon", "coordinates": [[[[116.448506, 39.8870114], [116.4485069, 39.8869084], [116.4491045, 39.8869113], [116.4491036, 39.8870143], [116.448506, 39.8870114]]]]}}, {"type": "Feature", "properties": {"building": "apartments", "source": "osm"}, "geometry": {"type": "MultiPolygon", "coordinates": [[[[116.4478591, 39.886981], [116.4484444, 39.8869734], [116.4484468, 39.8870822], [116.4478615, 39.8870898], [116.4478591, 39.886981]]]]}}, {"type": "Feature", "properties": {"building": "apartments", "source": "osm"}, "geometry": {"type": "MultiPolygon", "coordinates": [[[[116.4478035, 39.887286], [116.4484844, 39.8872832], [116.4484854, 39.8874143], [116.4478045, 39.8874173], [116.4478035, 39.887286]]]]}}, {"type": "Feature", "properties": {"building": "apartments", "source": "osm"}, "geometry": {"type": "MultiPolygon", "coordinates": [[[[116.4478109, 39.8876227], [116.4484333, 39.887625], [116.4484241, 39.8877669], [116.447814, 39.8877598], [116.4478109, 39.8876227]]]]}}, {"type": "Feature", "properties": {"building": "apartments", "source": "osm"}, "geometry": {"type": "MultiPolygon", "coordinates": [[[[116.4470914, 39.887619], [116.4476381, 39.8876181], [116.4476385, 39.8877434], [116.4470917, 39.8877443], [116.4470914, 39.887619]]]]}}, {"type": "Feature", "properties": {"building": "apartments", "source": "osm"}, "geometry": {"type": "MultiPolygon", "coordinates": [[[[116.4477127, 39.8878936], [116.4478883, 39.8878936], [116.4478729, 39.8882907], [116.4477188, 39.8882907], [116.4477127, 39.8878936]]]]}}, {"type": "Feature", "properties": {"building": "apartments", "source": "osm"}, "geometry": {"type": "MultiPolygon", "coordinates": [[[[116.4470519, 39.8879112], [116.4476249, 39.8879041], [116.4476279, 39.8880483], [116.447055, 39.8880555], [116.4470519, 39.8879112]]]]}}, {"type": "Feature", "properties": {"building": "apartments", "source": "osm"}, "geometry": {"type": "MultiPolygon", "coordinates": [[[[116.4469654, 39.8882114], [116.4476447, 39.8882105], [116.447645, 39.88835], [116.4469657, 39.8883509], [116.4469654, 39.8882114]]]]}}, {"type": "Feature", "properties": {"building": "apartments", "source": "osm"}, "geometry": {"type": "MultiPolygon", "coordinates": [[[[116.4469847, 39.8884933], [116.4476855, 39.8884888], [116.4476873, 39.8886424], [116.4469864, 39.888647], [116.4469847, 39.8884933]]]]}}, {"type": "Feature", "properties": {"building": "apartments", "source": "osm"}, "geometry": {"type": "MultiPolygon", "coordinates": [[[[116.4467007, 39.8886497], [116.4467035, 39.8882234], [116.446845, 39.8882239], [116.4468422, 39.8886502], [116.4467007, 39.8886497]]]]}}, {"type": "Feature", "properties": {"building": "apartments", "source": "osm"}, "geometry": {"type": "MultiPolygon", "coordinates": [[[[116.4487373, 39.8880622], [116.4493619, 39.888058], [116.4493635, 39.8881977], [116.4487389, 39.8882019], [116.4487373, 39.8880622]]]]}}, {"type": "Feature", "properties": {"building": "apartments", "source": "osm"}, "geometry": {"type": "MultiPolygon", "coordinates": [[[[116.4480682, 39.8880458], [116.4485248, 39.8880539], [116.4485212, 39.8881897], [116.4480682, 39.8881815], [116.4480682, 39.8880458]]]]}}, {"type": "Feature", "properties": {"building": "apartments", "source": "osm"}, "geometry": {"type": "MultiPolygon", "coordinates": [[[[116.4485354, 39.8883227], [116.4491264, 39.8883282], [116.4491264, 39.8884395], [116.4485425, 39.888445], [116.4485354, 39.8883227]]]]}}, {"type": "Feature", "properties": {"building": "apartments", "source": "osm"}, "geometry": {"type": "MultiPolygon", "coordinates": [[[[116.4492832, 39.8886461], [116.4492834, 39.8886029], [116.4492841, 39.8883264], [116.4494114, 39.8883266], [116.4494105, 39.8886463], [116.4492832, 39.8886461]]]]}}, {"type": "Feature", "properties": {"building": "apartments", "source": "osm"}, "geometry": {"type": "MultiPolygon", "coordinates": [[[[116.4484367, 39.8886055], [116.4492834, 39.8886029], [116.4492841, 39.8887401], [116.4484375, 39.8887428], [116.4484367, 39.8886055]]]]}}, {"type": "Feature", "properties": {"building": "apartments", "source": "osm"}, "geometry": {"type": "MultiPolygon", "coordinates": [[[[116.4478161, 39.8883928], [116.4484868, 39.8883872], [116.4484884, 39.8885013], [116.4478177, 39.8885068], [116.4478161, 39.8883928]]]]}}, {"type": "Feature", "properties": {"building": "apartments", "source": "osm"}, "geometry": {"type": "MultiPolygon", "coordinates": [[[[116.4478069, 39.8887377], [116.4478074, 39.8886033], [116.4483312, 39.8886044], [116.4483307, 39.8887387], [116.4478069, 39.8887377]]]]}}, {"type": "Feature", "properties": {"building": "apartments", "source": "osm"}, "geometry": {"type": "MultiPolygon", "coordinates": [[[[116.4486672, 39.8875005], [116.4490953, 39.8874995], [116.449097, 39.8879173], [116.4486767, 39.8879183], [116.4486762, 39.8877821], [116.4489627, 39.8877814], [116.4489622, 39.8876287], [116.4486677, 39.8876293], [116.4486672, 39.8875005]]]]}}, {"type": "Feature", "properties": {"building": "apartments", "source": "osm"}, "geometry": {"type": "MultiPolygon", "coordinates": [[[[116.4484421, 39.8872595], [116.4484446, 39.8871346], [116.4494, 39.8871457], [116.4493845, 39.8879237], [116.4492239, 39.8879219], [116.4492368, 39.8872686], [116.4484421, 39.8872595]]]]}}, {"type": "Feature", "properties": {"building": "apartments", "source": "osm"}, "geometry": {"type": "MultiPolygon", "coordinates": [[[[116.449744, 39.8867315], [116.4498003, 39.8867253], [116.4497949, 39.8866059], [116.4504091, 39.886608], [116.4504091, 39.8867397], [116.4498861, 39.8867335], [116.4498807, 39.8870464], [116.449744, 39.8870484], [116.449744, 39.8867315]]]]}}, {"type": "Feature", "properties": {"building": "apartments", "source": "osm"}, "geometry": {"type": "MultiPolygon", "coordinates": [[[[116.4497547, 39.8871452], [116.4503984, 39.8871452], [116.4503904, 39.8872748], [116.4497547, 39.8872748], [116.4497547, 39.8871452]]]]}}, {"type": "Feature", "properties": {"building": "apartments", "source": "osm"}, "geometry": {"type": "MultiPolygon", "coordinates": [[[[116.4497493, 39.8875177], [116.4504011, 39.8875197], [116.4503984, 39.8876535], [116.4497493, 39.8876556], [116.4497493, 39.8875177]]]]}}, {"type": "Feature", "properties": {"building": "apartments", "source": "osm"}, "geometry": {"type": "MultiPolygon", "coordinates": [[[[116.4497091, 39.8879313], [116.4504065, 39.8879313], [116.4504011, 39.8880631], [116.4497091, 39.888061], [116.4497091, 39.8879313]]]]}}, {"type": "Feature", "properties": {"building": "apartments", "source": "osm"}, "geometry": {"type": "MultiPolygon", "coordinates": [[[[116.4504842, 39.8873345], [116.4511655, 39.8873407], [116.4511655, 39.8874642], [116.4504869, 39.887458], [116.4504842, 39.8873345]]]]}}, {"type": "Feature", "properties": {"building": "apartments", "source": "osm"}, "geometry": {"type": "MultiPolygon", "coordinates": [[[[116.4504859, 39.8877613], [116.450488, 39.8876522], [116.4509909, 39.8876578], [116.4509889, 39.8877669], [116.4504859, 39.8877613]]]]}}, {"type": "Feature", "properties": {"building": "apartments", "source": "osm"}, "geometry": {"type": "MultiPolygon", "coordinates": [[[[116.4504842, 39.8869887], [116.4511494, 39.886999], [116.4511468, 39.8871266], [116.4504842, 39.8871225], [116.4504842, 39.8869887]]]]}}, {"type": "Feature", "properties": {"building": "apartments", "source": "osm"}, "geometry": {"type": "MultiPolygon", "coordinates": [[[[116.4511441, 39.8874991], [116.4513104, 39.8875033], [116.4513023, 39.887919], [116.4511575, 39.8879211], [116.4511441, 39.8874991]]]]}}, {"type": "Feature", "properties": {"building": "apartments", "source": "osm"}, "geometry": {"type": "MultiPolygon", "coordinates": [[[[116.4504628, 39.8880775], [116.4504655, 39.8879334], [116.4511736, 39.8879396], [116.4511682, 39.8880713], [116.4504628, 39.8880775]]]]}}, {"type": "Feature", "properties": {"building": "apartments", "source": "osm"}, "geometry": {"type": "MultiPolygon", "coordinates": [[[[116.4504842, 39.8867912], [116.4504869, 39.8866224], [116.4513613, 39.8866162], [116.4513479, 39.8869805], [116.4511414, 39.8869764], [116.4511468, 39.8867973], [116.4504842, 39.8867912]]]]}}, {"type": "Feature", "properties": {"building": "apartments", "source": "osm"}, "geometry": {"type": "MultiPolygon", "coordinates": [[[[116.451136, 39.8871657], [116.4513291, 39.8871657], [116.4513345, 39.887318], [116.451136, 39.8873139], [116.451136, 39.8871657]]]]}}, {"type": "Feature", "properties": {"building": "apartments", "source": "osm"}, "geometry": {"type": "MultiPolygon", "coordinates": [[[[116.4514623, 39.8872025], [116.4514685, 39.8870606], [116.4524205, 39.8870725], [116.4524205, 39.8872096], [116.4514623, 39.8872025]]]]}}, {"type": "Feature", "properties": {"building": "apartments", "source": "osm"}, "geometry": {"type": "MultiPolygon", "coordinates": [[[[116.4514069, 39.8865949], [116.4523435, 39.8865996], [116.4523374, 39.8866989], [116.45141, 39.8867013], [116.4514069, 39.8865949]]]]}}, {"type": "Feature", "properties": {"building": "apartments", "source": "osm"}, "geometry": {"type": "MultiPolygon", "coordinates": [[[[116.4524734, 39.8877374], [116.4526076, 39.8877374], [116.4526102, 39.8878712], [116.453034, 39.8878733], [116.4530394, 39.8879865], [116.4524734, 39.8879885], [116.4524734, 39.8877374]]]]}}, {"type": "Feature", "properties": {"building": "apartments", "source": "osm"}, "geometry": {"type": "MultiPolygon", "coordinates": [[[[116.4524708, 39.8872744], [116.4525995, 39.8872764], [116.4526049, 39.8876181], [116.4524734, 39.8876181], [116.4524708, 39.8872744]]]]}}, {"type": "Feature", "properties": {"building": "apartments", "source": "osm"}, "geometry": {"type": "MultiPolygon", "coordinates": [[[[116.4527283, 39.8873052], [116.4532835, 39.8873094], [116.4532888, 39.8874267], [116.4527336, 39.8874287], [116.4527283, 39.8873052]]]]}}, {"type": "Feature", "properties": {"building": "apartments", "source": "osm"}, "geometry": {"type": "MultiPolygon", "coordinates": [[[[116.4526692, 39.8876139], [116.4532754, 39.8876181], [116.4532701, 39.8877313], [116.4526746, 39.8877313], [116.4526692, 39.8876139]]]]}}, {"type": "Feature", "properties": {"building": "apartments", "source": "osm"}, "geometry": {"type": "MultiPolygon", "coordinates": [[[[116.4533988, 39.8876181], [116.4540023, 39.887616], [116.4540077, 39.8877313], [116.4534015, 39.8877333], [116.4533988, 39.8876181]]]]}}, {"type": "Feature", "properties": {"building": "apartments", "source": "osm"}, "geometry": {"type": "MultiPolygon", "coordinates": [[[[116.4542464, 39.8872209], [116.4543993, 39.8872229], [116.4543993, 39.8876592], [116.4542491, 39.8876592], [116.4542464, 39.8872209]]]]}}, {"type": "Feature", "properties": {"building": "apartments", "source": "osm"}, "geometry": {"type": "MultiPolygon", "coordinates": [[[[116.4532057, 39.8879741], [116.4532111, 39.887863], [116.4536697, 39.8878691], [116.4536724, 39.8879803], [116.4532057, 39.8879741]]]]}}, {"type": "Feature", "properties": {"building": "apartments", "source": "osm"}, "geometry": {"type": "MultiPolygon", "coordinates": [[[[116.4538414, 39.8879865], [116.4538494, 39.8878753], [116.4542759, 39.8878774], [116.4542813, 39.8877395], [116.454402, 39.8877395], [116.45441, 39.8879885], [116.4538414, 39.8879865]]]]}}, {"type": "Feature", "properties": {"building": "apartments", "source": "osm"}, "geometry": {"type": "MultiPolygon", "coordinates": [[[[116.4534015, 39.8872661], [116.4535276, 39.8872702], [116.4535276, 39.8875357], [116.4534069, 39.8875337], [116.4534015, 39.8872661]]]]}}, {"type": "Feature", "properties": {"building": "apartments", "source": "osm"}, "geometry": {"type": "MultiPolygon", "coordinates": [[[[116.4538843, 39.8872661], [116.4540077, 39.8872702], [116.4540184, 39.8875316], [116.4538843, 39.8875296], [116.4538843, 39.8872661]]]]}}, {"type": "Feature", "properties": {"building": "apartments", "source": "osm"}, "geometry": {"type": "MultiPolygon", "coordinates": [[[[116.4524734, 39.8866796], [116.4524761, 39.8865746], [116.4533639, 39.8865746], [116.4533639, 39.8866796], [116.4524734, 39.8866796]]]]}}, {"type": "Feature", "properties": {"building": "apartments", "source": "osm"}, "geometry": {"type": "MultiPolygon", "coordinates": [[[[116.4527685, 39.8868442], [116.4534095, 39.8868463], [116.4534069, 39.8869348], [116.4527712, 39.8869327], [116.4527685, 39.8868442]]]]}}, {"type": "Feature", "properties": {"building": "apartments", "source": "osm"}, "geometry": {"type": "MultiPolygon", "coordinates": [[[[116.4527685, 39.8871817], [116.4527712, 39.8870788], [116.4534095, 39.8870809], [116.4534069, 39.8871838], [116.4527685, 39.8871817]]]]}}, {"type": "Feature", "properties": {"building": "apartments", "source": "osm"}, "geometry": {"type": "MultiPolygon", "coordinates": [[[[116.4524681, 39.8871817], [116.4524708, 39.8868319], [116.4526102, 39.886836], [116.4526076, 39.8871879], [116.4524681, 39.8871817]]]]}}, {"type": "Feature", "properties": {"building": "apartments", "source": "osm"}, "geometry": {"type": "MultiPolygon", "coordinates": [[[[116.4539835, 39.8865931], [116.4543859, 39.886587], [116.4543966, 39.8871488], [116.4542088, 39.8871509], [116.4542008, 39.8867475], [116.4539889, 39.8867516], [116.4539835, 39.8865931]]]]}}, {"type": "Feature", "properties": {"building": "apartments", "source": "osm"}, "geometry": {"type": "MultiPolygon", "coordinates": [[[[116.4536724, 39.8865849], [116.4539004, 39.8865849], [116.453887, 39.8867372], [116.4536778, 39.8867331], [116.4536724, 39.8865849]]]]}}, {"type": "Feature", "properties": {"building": "apartments", "source": "osm"}, "geometry": {"type": "MultiPolygon", "coordinates": [[[[116.4534873, 39.8871282], [116.4538897, 39.8871282], [116.453895, 39.8872373], [116.4534927, 39.8872373], [116.4534873, 39.8871282]]]]}}, {"type": "Feature", "properties": {"building": "apartments", "source": "osm"}, "geometry": {"type": "MultiPolygon", "coordinates": [[[[116.4534659, 39.887015], [116.4534712, 39.886587], [116.4536268, 39.8865849], [116.4536027, 39.887015], [116.4534659, 39.887015]]]]}}, {"type": "Feature", "properties": {"building": "apartments", "source": "osm"}, "geometry": {"type": "MultiPolygon", "coordinates": [[[[116.453659, 39.8868319], [116.4539433, 39.8868339], [116.4539406, 39.8870521], [116.4536643, 39.887048], [116.453659, 39.8868319]]]]}}, {"type": "Feature", "properties": {"building": "retail", "source": "osm"}, "geometry": {"type": "MultiPolygon", "coordinates": [[[[116.454434, 39.8865783], [116.4547022, 39.8865783], [116.4547183, 39.8871793], [116.4544474, 39.8871751], [116.454434, 39.8865783]]]]}}, {"type": "Feature", "properties": {"building": "apartments", "source": "osm"}, "geometry": {"type": "MultiPolygon", "coordinates": [[[[116.4544689, 39.8872451], [116.45467, 39.8872513], [116.4546727, 39.8873542], [116.4546163, 39.8873548], [116.4544716, 39.8873563], [116.4544689, 39.8872451]]]]}}, {"type": "Feature", "properties": {"building": "apartments", "source": "osm"}, "geometry": {"type": "MultiPolygon", "coordinates": [[[[116.4544689, 39.8878852], [116.4546137, 39.8878868], [116.4546566, 39.8878872], [116.4546641, 39.8879412], [116.45467, 39.887984], [116.4544742, 39.887984], [116.4544689, 39.8878852]]]]}}, {"type": "Feature", "properties": {"building": "retail", "source": "osm"}, "geometry": {"type": "MultiPolygon", "coordinates": [[[[116.4546137, 39.8878868], [116.4546163, 39.8873548], [116.4547505, 39.8873542], [116.4547505, 39.8879305], [116.4546641, 39.8879412], [116.4546566, 39.8878872], [116.4546137, 39.8878868]]]]}}, {"type": "Feature", "properties": {"building": "apartments", "source": "osm"}, "geometry": {"type": "MultiPolygon", "coordinates": [[[[116.4478584, 39.8834274], [116.4489954, 39.883409], [116.4489977, 39.8834921], [116.4491207, 39.8834901], [116.4491292, 39.883794], [116.4489902, 39.8837963], [116.4489842, 39.8835808], [116.4478631, 39.8835992], [116.4478584, 39.8834274]]]]}}, {"type": "Feature", "properties": {"building": "retail", "source": "osm"}, "geometry": {"type": "MultiPolygon", "coordinates": [[[[116.4492858, 39.8839117], [116.4492893, 39.8834935], [116.4498096, 39.8834935], [116.4498025, 39.8839117], [116.4492858, 39.8839117]]]]}}, {"type": "Feature", "properties": {"building": "apartments", "source": "osm"}, "geometry": {"type": "MultiPolygon", "coordinates": [[[[116.4490828, 39.883973], [116.4498134, 39.883963], [116.4498163, 39.8840879], [116.4490857, 39.884098], [116.4490828, 39.883973]]]]}}, {"type": "Feature", "properties": {"building": "apartments", "source": "osm"}, "geometry": {"type": "MultiPolygon", "coordinates": [[[[116.4495654, 39.8841181], [116.4499264, 39.8841127], [116.4499193, 39.8843028], [116.4495689, 39.8843055], [116.4495654, 39.8841181]]]]}}, {"type": "Feature", "properties": {"building": "apartments", "source": "osm"}, "geometry": {"type": "MultiPolygon", "coordinates": [[[[116.4490896, 39.8843423], [116.4498257, 39.8843311], [116.4498287, 39.884445], [116.4490926, 39.8844564], [116.4490896, 39.8843423]]]]}}, {"type": "Feature", "properties": {"building": "apartments", "source": "osm"}, "geometry": {"type": "MultiPolygon", "coordinates": [[[[116.4490888, 39.8846949], [116.4498283, 39.8846849], [116.4498313, 39.8848194], [116.4490918, 39.8848293], [116.4490888, 39.8846949]]]]}}, {"type": "Feature", "properties": {"building": "apartments", "source": "osm"}, "geometry": {"type": "MultiPolygon", "coordinates": [[[[116.4491103, 39.8850643], [116.4498358, 39.8850621], [116.4498365, 39.8851816], [116.4491109, 39.8851838], [116.4491103, 39.8850643]]]]}}, {"type": "Feature", "properties": {"building": "apartments", "source": "osm"}, "geometry": {"type": "MultiPolygon", "coordinates": [[[[116.4491138, 39.8854174], [116.4498428, 39.8854152], [116.4498434, 39.8855319], [116.4491145, 39.8855342], [116.4491138, 39.8854174]]]]}}, {"type": "Feature", "properties": {"building": "apartments", "source": "osm"}, "geometry": {"type": "MultiPolygon", "coordinates": [[[[116.4491263, 39.8857663], [116.4499402, 39.8857641], [116.4499408, 39.8859054], [116.4491269, 39.8859076], [116.4491263, 39.8857663]]]]}}, {"type": "Feature", "properties": {"building": "apartments", "source": "osm"}, "geometry": {"type": "MultiPolygon", "coordinates": [[[[116.4491395, 39.8862618], [116.4491402, 39.8861192], [116.4499452, 39.8861215], [116.4499446, 39.886264], [116.4491395, 39.8862618]]]]}}, {"type": "Feature", "properties": {"building": "apartments", "source": "osm"}, "geometry": {"type": "MultiPolygon", "coordinates": [[[[116.4479047, 39.8862862], [116.4479055, 39.8861604], [116.4486239, 39.8861633], [116.4486244, 39.88609], [116.4490253, 39.8860916], [116.4490243, 39.8862448], [116.448647, 39.8862433], [116.4486467, 39.8862892], [116.4479047, 39.8862862]]]]}}, {"type": "Feature", "properties": {"building": "apartments", "source": "osm"}, "geometry": {"type": "MultiPolygon", "coordinates": [[[[116.4478618, 39.8857903], [116.4486201, 39.88578], [116.4486187, 39.8857219], [116.4490146, 39.8857164], [116.449018, 39.8858628], [116.4486357, 39.885868], [116.4486367, 39.8859124], [116.4478649, 39.8859229], [116.4478618, 39.8857903]]]]}}, {"type": "Feature", "properties": {"building": "apartments", "source": "osm"}, "geometry": {"type": "MultiPolygon", "coordinates": [[[[116.4478696, 39.8854485], [116.4486317, 39.8854439], [116.4486312, 39.8854001], [116.449009, 39.8853979], [116.4490103, 39.8855334], [116.4486343, 39.8855356], [116.4486348, 39.8855876], [116.447871, 39.8855921], [116.4478696, 39.8854485]]]]}}, {"type": "Feature", "properties": {"building": "apartments", "source": "osm"}, "geometry": {"type": "MultiPolygon", "coordinates": [[[[116.447863, 39.8850958], [116.4486239, 39.8850849], [116.4486239, 39.8850469], [116.4489991, 39.8850388], [116.4490026, 39.8851963], [116.4486381, 39.8851963], [116.4486346, 39.8852343], [116.4478736, 39.8852425], [116.447863, 39.8850958]]]]}}, {"type": "Feature", "properties": {"building": "apartments", "source": "osm"}, "geometry": {"type": "MultiPolygon", "coordinates": [[[[116.4478584, 39.8847501], [116.4486104, 39.8847404], [116.4486094, 39.8846959], [116.4489922, 39.884691], [116.4489955, 39.8848432], [116.4486405, 39.8848477], [116.4486412, 39.8848808], [116.4478615, 39.8848908], [116.4478584, 39.8847501]]]]}}, {"type": "Feature", "properties": {"building": "apartments", "source": "osm"}, "geometry": {"type": "MultiPolygon", "coordinates": [[[[116.4478568, 39.8843849], [116.4486083, 39.8843804], [116.448608, 39.8843502], [116.4489863, 39.884348], [116.4489876, 39.8844842], [116.448619, 39.8844864], [116.4486194, 39.8845193], [116.4478582, 39.884524], [116.4478568, 39.8843849]]]]}}, {"type": "Feature", "properties": {"building": "apartments", "source": "osm"}, "geometry": {"type": "MultiPolygon", "coordinates": [[[[116.4478685, 39.8840328], [116.4485905, 39.88403], [116.4485903, 39.8839918], [116.4489852, 39.8839903], [116.4489861, 39.8841245], [116.4486166, 39.884126], [116.4486169, 39.884167], [116.4478694, 39.88417], [116.4478685, 39.8840328]]]]}}, {"type": "Feature", "properties": {"building": "apartments", "source": "osm"}, "geometry": {"type": "MultiPolygon", "coordinates": [[[[116.4684599, 39.8904095], [116.4689396, 39.8904095], [116.4689396, 39.8907682], [116.468464, 39.8907651], [116.4684599, 39.8904095]]]]}}, {"type": "Feature", "properties": {"building": "apartments", "source": "osm"}, "geometry": {"type": "MultiPolygon", "coordinates": [[[[116.4690941, 39.8903908], [116.4700942, 39.8903846], [116.4700942, 39.8905343], [116.4691022, 39.8905468], [116.4690941, 39.8903908]]]]}}, {"type": "Feature", "properties": {"building": "apartments", "source": "osm"}, "geometry": {"type": "MultiPolygon", "coordinates": [[[[116.4696795, 39.8910147], [116.4696877, 39.8907246], [116.4700942, 39.8907152], [116.470082, 39.8910209], [116.4696795, 39.8910147]]]]}}, {"type": "Feature", "properties": {"building": "apartments", "source": "osm"}, "geometry": {"type": "MultiPolygon", "coordinates": [[[[116.4673978, 39.8897109], [116.4673991, 39.8895407], [116.4679804, 39.8895432], [116.4679791, 39.8897135], [116.4673978, 39.8897109]]]]}}, {"type": "Feature", "properties": {"building": "apartments", "source": "osm"}, "geometry": {"type": "MultiPolygon", "coordinates": [[[[116.4673076, 39.8890798], [116.4679075, 39.8890798], [116.4679075, 39.8892643], [116.4673076, 39.8892642], [116.4673076, 39.8890798]]]]}}, {"type": "Feature", "properties": {"building": "apartments", "source": "osm"}, "geometry": {"type": "MultiPolygon", "coordinates": [[[[116.4672991, 39.8885888], [116.4678773, 39.8885722], [116.4678859, 39.8887493], [116.4673078, 39.888766], [116.4672991, 39.8885888]]]]}}, {"type": "Feature", "properties": {"building": "apartments", "source": "osm"}, "geometry": {"type": "MultiPolygon", "coordinates": [[[[116.467305, 39.8881281], [116.4678465, 39.8881268], [116.4678471, 39.8882972], [116.4673057, 39.8882985], [116.467305, 39.8881281]]]]}}, {"type": "Feature", "properties": {"building": "apartments", "source": "osm"}, "geometry": {"type": "MultiPolygon", "coordinates": [[[[116.4668917, 39.8876417], [116.4677383, 39.8876149], [116.4677477, 39.8877913], [116.4669012, 39.887818], [116.4668917, 39.8876417]]]]}}, {"type": "Feature", "properties": {"building": "apartments", "source": "osm"}, "geometry": {"type": "MultiPolygon", "coordinates": [[[[116.4678526, 39.8876133], [116.4682683, 39.8876133], [116.4682589, 39.8877387], [116.4680114, 39.8877352], [116.4680068, 39.8878749], [116.4682683, 39.8878821], [116.4682589, 39.8880362], [116.4680394, 39.888029], [116.4680441, 39.8881472], [116.4679414, 39.8881544], [116.4678526, 39.8876133]]]]}}, {"type": "Feature", "properties": {"building": "apartments", "source": "osm"}, "geometry": {"type": "MultiPolygon", "coordinates": [[[[116.4667351, 39.8883203], [116.4667358, 39.8881439], [116.4670949, 39.8881448], [116.4670942, 39.8883212], [116.4667351, 39.8883203]]]]}}, {"type": "Feature", "properties": {"building": "apartments", "source": "osm"}, "geometry": {"type": "MultiPolygon", "coordinates": [[[[116.466746, 39.8888877], [116.4670964, 39.888885], [116.4671106, 39.8890669], [116.466746, 39.8890778], [116.466746, 39.8888877]]]]}}, {"type": "Feature", "properties": {"building": "apartments", "source": "osm"}, "geometry": {"type": "MultiPolygon", "coordinates": [[[[116.4667986, 39.8897516], [116.4668012, 39.8895168], [116.4670389, 39.8895184], [116.4670342, 39.8899296], [116.4678935, 39.8899354], [116.4678913, 39.8901305], [116.46695, 39.8901242], [116.4669507, 39.8900667], [116.4668418, 39.890066], [116.4668453, 39.8897519], [116.4667986, 39.8897516]]]]}}, {"type": "Feature", "properties": {"building": "apartments", "source": "osm"}, "geometry": {"type": "MultiPolygon", "coordinates": [[[[116.4692662, 39.8844942], [116.4699501, 39.8844895], [116.4699594, 39.8846857], [116.469525, 39.8846881], [116.4695157, 39.8854636], [116.4693062, 39.8854659], [116.4692662, 39.8844942]]]]}}, {"type": "Feature", "properties": {"building": "apartments", "source": "osm"}, "geometry": {"type": "MultiPolygon", "coordinates": [[[[116.4698177, 39.8854636], [116.4698207, 39.8852768], [116.4706033, 39.8852673], [116.4706064, 39.8854683], [116.4698177, 39.8854636]]]]}}, {"type": "Feature", "properties": {"building": "commercial", "source": "osm"}, "geometry": {"type": "MultiPolygon", "coordinates": [[[[116.4702613, 39.8849931], [116.4707173, 39.8849955], [116.4709053, 39.8851397], [116.4708899, 39.8854541], [116.4706988, 39.8854612], [116.4706896, 39.8852484], [116.470591, 39.8852011], [116.4702613, 39.8851917], [116.4702613, 39.8849931]]]]}}, {"type": "Feature", "properties": {"building": "retail", "source": "osm"}, "geometry": {"type": "MultiPolygon", "coordinates": [[[[116.4701997, 39.8849434], [116.4702059, 39.8847519], [116.4707019, 39.884759], [116.4706958, 39.8844872], [116.4709145, 39.8844895], [116.4709084, 39.8849505], [116.4701997, 39.8849434]]]]}}, {"type": "Feature", "properties": {"building": "retail", "source": "osm"}, "geometry": {"type": "MultiPolygon", "coordinates": [[[[116.4706693, 39.8839061], [116.4708597, 39.883902], [116.4708597, 39.8844206], [116.4706827, 39.8844227], [116.4706693, 39.8839061]]]]}}, {"type": "Feature", "properties": {"building": "commercial", "source": "osm"}, "geometry": {"type": "MultiPolygon", "coordinates": [[[[116.4665955, 39.8834272], [116.4671885, 39.8834129], [116.4671932, 39.8836924], [116.4666095, 39.8836924], [116.4665955, 39.8834272]]]]}}, {"type": "Feature", "properties": {"building": "commercial", "source": "osm"}, "geometry": {"type": "MultiPolygon", "coordinates": [[[[116.4682777, 39.8840331], [116.4682869, 39.8834326], [116.4690572, 39.8834374], [116.4690572, 39.884045], [116.4682777, 39.8840331]]]]}}, {"type": "Feature", "properties": {"building": "commercial", "source": "osm"}, "geometry": {"type": "MultiPolygon", "coordinates": [[[[116.4686012, 39.8841797], [116.4686043, 39.884071], [116.4690634, 39.8840686], [116.4690603, 39.8843239], [116.4686813, 39.8843098], [116.4686721, 39.8841821], [116.4686012, 39.8841797]]]]}}, {"type": "Feature", "properties": {"building": "apartments", "source": "osm"}, "geometry": {"type": "MultiPolygon", "coordinates": [[[[116.4690268, 39.8893767], [116.4700407, 39.8893742], [116.4700414, 39.8895523], [116.4690275, 39.8895547], [116.4690268, 39.8893767]]]]}}, {"type": "Feature", "properties": {"building": "apartments", "source": "osm"}, "geometry": {"type": "MultiPolygon", "coordinates": [[[[116.4690394, 39.8898021], [116.4700412, 39.8897998], [116.4700419, 39.8899891], [116.4690402, 39.8899916], [116.4690394, 39.8898021]]]]}}, {"type": "Feature", "properties": {"building": "apartments", "source": "osm"}, "geometry": {"type": "MultiPolygon", "coordinates": [[[[116.4685172, 39.8893707], [116.46878, 39.8893702], [116.4687821, 39.8900493], [116.4685191, 39.8900498], [116.4685172, 39.8893707]]]]}}, {"type": "Feature", "properties": {"building": "apartments", "source": "osm"}, "geometry": {"type": "MultiPolygon", "coordinates": [[[[116.4717662, 39.8894195], [116.4722919, 39.8894126], [116.4722975, 39.8896644], [116.4717717, 39.8896712], [116.4717662, 39.8894195]]]]}}, {"type": "Feature", "properties": {"building": "apartments", "source": "osm"}, "geometry": {"type": "MultiPolygon", "coordinates": [[[[116.4729138, 39.8893779], [116.4729151, 39.8891833], [116.473713, 39.8891865], [116.4737117, 39.889381], [116.4729138, 39.8893779]]]]}}, {"type": "Feature", "properties": {"building": "apartments", "source": "osm"}, "geometry": {"type": "MultiPolygon", "coordinates": [[[[116.4742881, 39.8893751], [116.47429, 39.8891866], [116.4751009, 39.8891914], [116.4750991, 39.8893798], [116.4742881, 39.8893751]]]]}}, {"type": "Feature", "properties": {"building": "apartments", "source": "osm"}, "geometry": {"type": "MultiPolygon", "coordinates": [[[[116.4742878, 39.8884235], [116.4750843, 39.8884163], [116.4750871, 39.8885944], [116.4742905, 39.8886015], [116.4742878, 39.8884235]]]]}}, {"type": "Feature", "properties": {"building": "apartments", "source": "osm"}, "geometry": {"type": "MultiPolygon", "coordinates": [[[[116.4729245, 39.8884332], [116.473717, 39.888426], [116.4737197, 39.8886009], [116.4729272, 39.8886082], [116.4729245, 39.8884332]]]]}}, {"type": "Feature", "properties": {"building": "apartments", "source": "osm"}, "geometry": {"type": "MultiPolygon", "coordinates": [[[[116.4717558, 39.8881374], [116.4722962, 39.8881374], [116.4722962, 39.8883936], [116.4717558, 39.8883936], [116.4717558, 39.8881374]]]]}}, {"type": "Feature", "properties": {"building": "apartments", "source": "osm"}, "geometry": {"type": "MultiPolygon", "coordinates": [[[[116.4721894, 39.8889747], [116.4721895, 39.8888038], [116.4723752, 39.8888039], [116.4723755, 39.8885039], [116.4726954, 39.8885041], [116.4726947, 39.8893127], [116.4723767, 39.8893126], [116.4723769, 39.8889748], [116.4721894, 39.8889747]]]]}}, {"type": "Feature", "properties": {"building": "apartments", "source": "osm"}, "geometry": {"type": "MultiPolygon", "coordinates": [[[[116.4757139, 39.8893899], [116.4760223, 39.8893898], [116.4760215, 39.8884086], [116.4757272, 39.8884087], [116.475727, 39.8881348], [116.4762827, 39.8881347], [116.4762834, 39.8896709], [116.4757141, 39.889671], [116.4757139, 39.8893899]]]]}}, {"type": "Feature", "properties": {"building": "apartments", "source": "osm"}, "geometry": {"type": "MultiPolygon", "coordinates": [[[[116.4723006, 39.8878675], [116.4724689, 39.8877517], [116.472464, 39.8875958], [116.472761, 39.8875903], [116.4727654, 39.887732], [116.4729218, 39.8878269], [116.4737298, 39.8878162], [116.4738488, 39.8877302], [116.4738518, 39.8876037], [116.4741603, 39.8876079], [116.4741571, 39.8877445], [116.4743042, 39.8878341], [116.4750864, 39.8878305], [116.4752148, 39.8877409], [116.4752184, 39.8875784], [116.4755448, 39.8875827], [116.4755417, 39.8877212], [116.4757311, 39.887809], [116.4756076, 39.8879658], [116.4753969, 39.8878682], [116.4751961, 39.887981], [116.4742038, 39.8879524], [116.4740287, 39.8878163], [116.4738255, 39.8879703], [116.4728425, 39.8879595], [116.4726515, 39.8877963], [116.472411, 39.887962], [116.4723006, 39.8878675]]]]}}, {"type": "Feature", "properties": {"building": "apartments", "source": "osm"}, "geometry": {"type": "MultiPolygon", "coordinates": [[[[116.4722915, 39.8899261], [116.4724861, 39.8898235], [116.4724804, 39.8896941], [116.4727873, 39.8896862], [116.472793, 39.8898172], [116.4729475, 39.8899139], [116.4737199, 39.8899155], [116.4738582, 39.8898235], [116.4738547, 39.8896852], [116.4741619, 39.8896806], [116.4741651, 39.8898094], [116.4743135, 39.8899092], [116.4751144, 39.8899015], [116.4752364, 39.8898297], [116.4752363, 39.889694], [116.4755433, 39.889694], [116.4755433, 39.8898188], [116.4757419, 39.8899326], [116.4756132, 39.8900648], [116.475399, 39.889942], [116.4751327, 39.8900621], [116.4742911, 39.890059], [116.474035, 39.8899139], [116.4737504, 39.8900699], [116.472854, 39.8900527], [116.4726405, 39.8899326], [116.4724076, 39.8900556], [116.4722915, 39.8899261]]]]}}, {"type": "Feature", "properties": {"building": "apartments", "source": "osm"}, "geometry": {"type": "MultiPolygon", "coordinates": [[[[116.4749862, 39.8868877], [116.4759906, 39.8868877], [116.4759906, 39.8870225], [116.4749862, 39.8870224], [116.4749862, 39.8868877]]]]}}, {"type": "Feature", "properties": {"building": "apartments", "source": "osm"}, "geometry": {"type": "MultiPolygon", "coordinates": [[[[116.4760653, 39.8865099], [116.4763009, 39.8865078], [116.4763058, 39.8868293], [116.4760703, 39.8868314], [116.4760653, 39.8865099]]]]}}, {"type": "Feature", "properties": {"building": "apartments", "source": "osm"}, "geometry": {"type": "MultiPolygon", "coordinates": [[[[116.4749816, 39.8862978], [116.4749818, 39.886116], [116.4764714, 39.8861169], [116.4764712, 39.886299], [116.4749816, 39.8862978]]]]}}, {"type": "Feature", "properties": {"building": "apartments", "source": "osm"}, "geometry": {"type": "MultiPolygon", "coordinates": [[[[116.4771095, 39.8861434], [116.4789809, 39.8861253], [116.4789836, 39.886293], [116.4771122, 39.8863109], [116.4771095, 39.8861434]]]]}}, {"type": "Feature", "properties": {"building": "apartments", "source": "osm"}, "geometry": {"type": "MultiPolygon", "coordinates": [[[[116.4771241, 39.8865111], [116.4773648, 39.8865106], [116.4773661, 39.8868403], [116.4771254, 39.8868409], [116.4771241, 39.8865111]]]]}}, {"type": "Feature", "properties": {"building": "apartments", "source": "osm"}, "geometry": {"type": "MultiPolygon", "coordinates": [[[[116.4773414, 39.8870573], [116.4773416, 39.8868652], [116.4790161, 39.8868664], [116.4790159, 39.8870582], [116.4773414, 39.8870573]]]]}}, {"type": "Feature", "properties": {"building": "apartments", "source": "osm"}, "geometry": {"type": "MultiPolygon", "coordinates": [[[[116.4779596, 39.889862], [116.4785152, 39.8898537], [116.4785213, 39.8900953], [116.4779658, 39.8901036], [116.4779596, 39.889862]]]]}}, {"type": "Feature", "properties": {"building": "apartments", "source": "osm"}, "geometry": {"type": "MultiPolygon", "coordinates": [[[[116.4769283, 39.8897144], [116.4776506, 39.8897062], [116.4776537, 39.8898622], [116.4769314, 39.8898706], [116.4769283, 39.8897144]]]]}}, {"type": "Feature", "properties": {"building": "apartments", "source": "osm"}, "geometry": {"type": "MultiPolygon", "coordinates": [[[[116.4769443, 39.8890461], [116.4773802, 39.8890437], [116.4773817, 39.8892021], [116.4769458, 39.8892045], [116.4769443, 39.8890461]]]]}}, {"type": "Feature", "properties": {"building": "apartments", "source": "osm"}, "geometry": {"type": "MultiPolygon", "coordinates": [[[[116.4778601, 39.8890702], [116.4790292, 39.8890525], [116.4790337, 39.8892239], [116.4778646, 39.8892419], [116.4778601, 39.8890702]]]]}}, {"type": "Feature", "properties": {"building": "apartments", "source": "osm"}, "geometry": {"type": "MultiPolygon", "coordinates": [[[[116.476918, 39.8884584], [116.4789895, 39.8884395], [116.4789916, 39.8885784], [116.4769201, 39.8885976], [116.476918, 39.8884584]]]]}}, {"type": "Feature", "properties": {"building": "apartments", "source": "osm"}, "geometry": {"type": "MultiPolygon", "coordinates": [[[[116.4769853, 39.8877625], [116.4770991, 39.8877624], [116.4770991, 39.8876229], [116.4789928, 39.8876226], [116.4789928, 39.8877913], [116.4771672, 39.8877914], [116.4771672, 39.8882176], [116.4769854, 39.8882176], [116.4769853, 39.8877625]]]]}}, {"type": "Feature", "properties": {"building": "apartments", "source": "osm"}, "geometry": {"type": "MultiPolygon", "coordinates": [[[[116.4402446, 39.8869185], [116.4402493, 39.8864697], [116.4414099, 39.8864771], [116.441405, 39.8869373], [116.441015, 39.8869348], [116.4410171, 39.8867321], [116.4405679, 39.8867294], [116.4405659, 39.8869205], [116.4402446, 39.8869185]]]]}}, {"type": "Feature", "properties": {"building": "apartments", "source": "osm"}, "geometry": {"type": "MultiPolygon", "coordinates": [[[[116.4404425, 39.8879503], [116.4404956, 39.88795], [116.4404938, 39.8877839], [116.4407338, 39.8877823], [116.4407354, 39.8879292], [116.4408138, 39.8879287], [116.4408156, 39.8880865], [116.4404441, 39.8880891], [116.4404425, 39.8879503]]]]}}, {"type": "Feature", "properties": {"building": "apartments", "source": "osm"}, "geometry": {"type": "MultiPolygon", "coordinates": [[[[116.4418127, 39.8852238], [116.441861, 39.8852236], [116.4418595, 39.8849611], [116.4422169, 39.8849599], [116.4422184, 39.8852242], [116.4422749, 39.885224], [116.4422755, 39.8853319], [116.4418133, 39.8853333], [116.4418127, 39.8852238]]]]}}, {"type": "Feature", "properties": {"building": "apartments", "source": "osm"}, "geometry": {"type": "MultiPolygon", "coordinates": [[[[116.4423852, 39.8849179], [116.4437369, 39.8849171], [116.4437371, 39.8850972], [116.4423854, 39.8850981], [116.4423852, 39.8849179]]]]}}, {"type": "Feature", "properties": {"building": "apartments", "source": "osm"}, "geometry": {"type": "MultiPolygon", "coordinates": [[[[116.4423025, 39.8855522], [116.4438325, 39.8855393], [116.4438357, 39.8857655], [116.4423058, 39.8857785], [116.4423025, 39.8855522]]]]}}, {"type": "Feature", "properties": {"building": "apartments", "source": "osm"}, "geometry": {"type": "MultiPolygon", "coordinates": [[[[116.4419836, 39.8846071], [116.4428894, 39.8845984], [116.442892, 39.8847633], [116.4419863, 39.8847719], [116.4419836, 39.8846071]]]]}}, {"type": "Feature", "properties": {"building": "apartments", "source": "osm"}, "geometry": {"type": "MultiPolygon", "coordinates": [[[[116.4438843, 39.885091], [116.4439584, 39.8850905], [116.4439568, 39.8849316], [116.4441963, 39.8849302], [116.444198, 39.8850956], [116.444245, 39.8850954], [116.4442477, 39.8853644], [116.443887, 39.8853664], [116.4438843, 39.885091]]]]}}, {"type": "Feature", "properties": {"building": "apartments", "source": "osm"}, "geometry": {"type": "MultiPolygon", "coordinates": [[[[116.4417359, 39.8855682], [116.4418624, 39.8854229], [116.4420776, 39.8855332], [116.4420011, 39.8856211], [116.4420854, 39.8856644], [116.4419525, 39.8858169], [116.4420889, 39.8858869], [116.4419276, 39.886072], [116.4418199, 39.8860168], [116.4419672, 39.8858477], [116.4418496, 39.8857874], [116.4419465, 39.8856761], [116.4417359, 39.8855682]]]]}}, {"type": "Feature", "properties": {"building": "apartments", "source": "osm"}, "geometry": {"type": "MultiPolygon", "coordinates": [[[[116.4440847, 39.8857265], [116.4442293, 39.8856657], [116.4441263, 39.8855214], [116.4442591, 39.8854656], [116.4443281, 39.8855622], [116.4442517, 39.8855943], [116.4443151, 39.8856831], [116.4442036, 39.88573], [116.4442684, 39.8858207], [116.4441866, 39.8858551], [116.4442559, 39.885952], [116.4441874, 39.8859808], [116.4441019, 39.8858611], [116.4441626, 39.8858356], [116.4440847, 39.8857265]]]]}}, {"type": "Feature", "properties": {"building": "apartments", "source": "osm"}, "geometry": {"type": "MultiPolygon", "coordinates": [[[[116.4417262, 39.8840203], [116.4419381, 39.8840187], [116.4419426, 39.8843717], [116.4417308, 39.8843733], [116.4417262, 39.8840203]]]]}}, {"type": "Feature", "properties": {"building": "apartments", "source": "osm"}, "geometry": {"type": "MultiPolygon", "coordinates": [[[[116.4420056, 39.8842431], [116.4428291, 39.8842243], [116.4428341, 39.8843539], [116.4420106, 39.8843726], [116.4420056, 39.8842431]]]]}}, {"type": "Feature", "properties": {"building": "apartments", "source": "osm"}, "geometry": {"type": "MultiPolygon", "coordinates": [[[[116.4419892, 39.8838867], [116.4428246, 39.8838755], [116.4428275, 39.8840009], [116.441992, 39.8840122], [116.4419892, 39.8838867]]]]}}, {"type": "Feature", "properties": {"building": "apartments", "source": "osm"}, "geometry": {"type": "MultiPolygon", "coordinates": [[[[116.4430638, 39.8845302], [116.4437651, 39.8845267], [116.4437661, 39.884643], [116.4430647, 39.8846464], [116.4430638, 39.8845302]]]]}}, {"type": "Feature", "properties": {"building": "apartments", "source": "osm"}, "geometry": {"type": "MultiPolygon", "coordinates": [[[[116.4430904, 39.8835314], [116.443868, 39.8835154], [116.4438738, 39.8836801], [116.4430962, 39.8836963], [116.4430904, 39.8835314]]]]}}, {"type": "Feature", "properties": {"building": "apartments", "source": "osm"}, "geometry": {"type": "MultiPolygon", "coordinates": [[[[116.4420709, 39.8835317], [116.4428031, 39.8835197], [116.4428063, 39.8836328], [116.4420741, 39.8836448], [116.4420709, 39.8835317]]]]}}, {"type": "Feature", "properties": {"building": "apartments", "source": "osm"}, "geometry": {"type": "MultiPolygon", "coordinates": [[[[116.4439668, 39.8835684], [116.4442956, 39.8835655], [116.4443107, 39.8845525], [116.4439816, 39.8845554], [116.4439668, 39.8835684]]]]}}, {"type": "Feature", "properties": {"building": "apartments", "source": "osm"}, "geometry": {"type": "MultiPolygon", "coordinates": [[[[116.443068, 39.8837902], [116.4433685, 39.8837893], [116.443369, 39.8838837], [116.4432544, 39.883884], [116.4432553, 39.8840781], [116.4430695, 39.8840787], [116.443068, 39.8837902]]]]}}, {"type": "Feature", "properties": {"building": "apartments", "source": "osm"}, "geometry": {"type": "MultiPolygon", "coordinates": [[[[116.4430804, 39.8841663], [116.4434888, 39.8841644], [116.4434899, 39.8843037], [116.4432822, 39.8843046], [116.4432826, 39.8843544], [116.4430818, 39.8843554], [116.4430804, 39.8841663]]]]}}, {"type": "Feature", "properties": {"building": "apartments", "source": "osm"}, "geometry": {"type": "MultiPolygon", "coordinates": [[[[116.4469869, 39.8854624], [116.4477281, 39.8854524], [116.4477309, 39.8855718], [116.4469897, 39.8855819], [116.4469869, 39.8854624]]]]}}, {"type": "Feature", "properties": {"building": "apartments", "source": "osm"}, "geometry": {"type": "MultiPolygon", "coordinates": [[[[116.4464769, 39.8855848], [116.4464779, 39.8854734], [116.4468915, 39.8854755], [116.4468906, 39.8855868], [116.4464769, 39.8855848]]]]}}, {"type": "Feature", "properties": {"building": "apartments", "source": "osm"}, "geometry": {"type": "MultiPolygon", "coordinates": [[[[116.4471291, 39.8845609], [116.4477217, 39.8845506], [116.447726, 39.8846989], [116.4471334, 39.8847091], [116.4471291, 39.8845609]]]]}}, {"type": "Feature", "properties": {"building": "apartments", "source": "osm"}, "geometry": {"type": "MultiPolygon", "coordinates": [[[[116.4471114, 39.8839743], [116.447704, 39.883964], [116.4477083, 39.8841123], [116.4471157, 39.8841225], [116.4471114, 39.8839743]]]]}}, {"type": "Feature", "properties": {"building": "apartments", "source": "osm"}, "geometry": {"type": "MultiPolygon", "coordinates": [[[[116.447122, 39.8843518], [116.4477146, 39.8843415], [116.4477189, 39.8844898], [116.4471264, 39.8844999], [116.447122, 39.8843518]]]]}}, {"type": "Feature", "properties": {"building": "apartments", "source": "osm"}, "geometry": {"type": "MultiPolygon", "coordinates": [[[[116.4471255, 39.8836185], [116.4477181, 39.8836083], [116.4477225, 39.8837565], [116.4471299, 39.8837667], [116.4471255, 39.8836185]]]]}}, {"type": "Feature", "properties": {"building": "apartments", "source": "osm"}, "geometry": {"type": "MultiPolygon", "coordinates": [[[[116.4463965, 39.8837951], [116.446989, 39.8837848], [116.4469934, 39.883933], [116.4464008, 39.8839432], [116.4463965, 39.8837951]]]]}}, {"type": "Feature", "properties": {"building": "apartments", "source": "osm"}, "geometry": {"type": "MultiPolygon", "coordinates": [[[[116.4462538, 39.8834758], [116.4469734, 39.8834521], [116.4469796, 39.8835639], [116.4462601, 39.8835876], [116.4462538, 39.8834758]]]]}}, {"type": "Feature", "properties": {"building": "apartments", "source": "osm"}, "geometry": {"type": "MultiPolygon", "coordinates": [[[[116.444922, 39.8840991], [116.4451917, 39.8840912], [116.445196, 39.8841778], [116.4455814, 39.8841665], [116.4455898, 39.8843355], [116.4449347, 39.8843548], [116.444922, 39.8840991]]]]}}, {"type": "Feature", "properties": {"building": "apartments", "source": "osm"}, "geometry": {"type": "MultiPolygon", "coordinates": [[[[116.4449259, 39.8845163], [116.4451829, 39.884516], [116.4451842, 39.8852145], [116.4449274, 39.8852148], [116.4449259, 39.8845163]]]]}}, {"type": "Feature", "properties": {"building": "apartments", "source": "osm"}, "geometry": {"type": "MultiPolygon", "coordinates": [[[[116.4459321, 39.8847779], [116.4462952, 39.884763], [116.4463076, 39.8849406], [116.4459445, 39.8849555], [116.4459321, 39.8847779]]]]}}, {"type": "Feature", "properties": {"building": "apartments", "source": "osm"}, "geometry": {"type": "MultiPolygon", "coordinates": [[[[116.44593, 39.8842579], [116.4462931, 39.884243], [116.4463054, 39.8844206], [116.4459424, 39.8844355], [116.44593, 39.8842579]]]]}}, {"type": "Feature", "properties": {"building": "apartments", "source": "osm"}, "geometry": {"type": "MultiPolygon", "coordinates": [[[[116.4459087, 39.8836794], [116.4462718, 39.8836645], [116.4462842, 39.8838421], [116.4459211, 39.8838571], [116.4459087, 39.8836794]]]]}}, {"type": "Feature", "properties": {"building": "commercial", "source": "osm"}, "geometry": {"type": "MultiPolygon", "coordinates": [[[[116.4448195, 39.8834731], [116.4461942, 39.8834669], [116.4461954, 39.8836193], [116.4457798, 39.8836213], [116.4457823, 39.8839363], [116.4448231, 39.8839407], [116.4448195, 39.8834731]]]]}}, {"type": "Feature", "properties": {"building": "hospital", "name": "清华大学附属垂杨柳医院", "source": "osm"}, "geometry": {"type": "MultiPolygon", "coordinates": [[[[116.4528315, 39.8847673], [116.4543232, 39.8847602], [116.4543327, 39.8859442], [116.4536779, 39.8859474], [116.4536749, 39.88558], [116.4531253, 39.8855827], [116.4531204, 39.8849989], [116.4528334, 39.8850003], [116.4528315, 39.8847673]]]]}}, {"type": "Feature", "properties": {"building": "apartments", "source": "osm"}, "geometry": {"type": "MultiPolygon", "coordinates": [[[[116.4528078, 39.8836863], [116.4535842, 39.8836647], [116.45359, 39.8837877], [116.4528136, 39.8838092], [116.4528078, 39.8836863]]]]}}, {"type": "Feature", "properties": {"building": "apartments", "source": "osm"}, "geometry": {"type": "MultiPolygon", "coordinates": [[[[116.4527922, 39.8833754], [116.4535686, 39.8833538], [116.4535744, 39.8834768], [116.452798, 39.8834983], [116.4527922, 39.8833754]]]]}}, {"type": "Feature", "properties": {"building": "apartments", "source": "osm"}, "geometry": {"type": "MultiPolygon", "coordinates": [[[[116.4528354, 39.8840066], [116.4536117, 39.883985], [116.4536175, 39.884108], [116.4528412, 39.8841295], [116.4528354, 39.8840066]]]]}}, {"type": "Feature", "properties": {"building": "apartments", "source": "osm"}, "geometry": {"type": "MultiPolygon", "coordinates": [[[[116.4528384, 39.884314], [116.4536148, 39.8842924], [116.4536206, 39.8844154], [116.4528442, 39.8844369], [116.4528384, 39.884314]]]]}}, {"type": "Feature", "properties": {"building": "apartments", "source": "osm"}, "geometry": {"type": "MultiPolygon", "coordinates": [[[[116.4536963, 39.8842854], [116.4544033, 39.8842844], [116.4544036, 39.884412], [116.4536966, 39.8844129], [116.4536963, 39.8842854]]]]}}, {"type": "Feature", "properties": {"building": "apartments", "source": "osm"}, "geometry": {"type": "MultiPolygon", "coordinates": [[[[116.4536972, 39.8839841], [116.4544041, 39.8839831], [116.4544044, 39.8841107], [116.4536975, 39.8841117], [116.4536972, 39.8839841]]]]}}, {"type": "Feature", "properties": {"building": "apartments", "source": "osm"}, "geometry": {"type": "MultiPolygon", "coordinates": [[[[116.4518978, 39.8834167], [116.4526048, 39.8834157], [116.4526051, 39.8835433], [116.4518981, 39.8835442], [116.4518978, 39.8834167]]]]}}, {"type": "Feature", "properties": {"building": "apartments", "source": "osm"}, "geometry": {"type": "MultiPolygon", "coordinates": [[[[116.4512865, 39.8837182], [116.4518254, 39.883711], [116.4518282, 39.8838337], [116.4512893, 39.8838411], [116.4512865, 39.8837182]]]]}}, {"type": "Feature", "properties": {"building": "apartments", "source": "osm"}, "geometry": {"type": "MultiPolygon", "coordinates": [[[[116.4512812, 39.8840369], [116.4518201, 39.8840296], [116.4518229, 39.8841524], [116.451284, 39.8841597], [116.4512812, 39.8840369]]]]}}, {"type": "Feature", "properties": {"building": "apartments", "source": "osm"}, "geometry": {"type": "MultiPolygon", "coordinates": [[[[116.450959, 39.8833996], [116.4518242, 39.8833926], [116.451826, 39.883519], [116.4509607, 39.8835259], [116.450959, 39.8833996]]]]}}, {"type": "Feature", "properties": {"building": "apartments", "source": "osm"}, "geometry": {"type": "MultiPolygon", "coordinates": [[[[116.4509755, 39.8836451], [116.451205, 39.8836446], [116.4512058, 39.8838597], [116.4509764, 39.8838602], [116.4509755, 39.8836451]]]]}}, {"type": "Feature", "properties": {"building": "apartments", "source": "osm"}, "geometry": {"type": "MultiPolygon", "coordinates": [[[[116.4501811, 39.8841042], [116.4505153, 39.8841029], [116.4505147, 39.884015], [116.451194, 39.8840124], [116.4511948, 39.8841373], [116.4505326, 39.8841399], [116.4505329, 39.884185], [116.4501816, 39.8841864], [116.4501811, 39.8841042]]]]}}, {"type": "Feature", "properties": {"building": "apartments", "source": "osm"}, "geometry": {"type": "MultiPolygon", "coordinates": [[[[116.4501948, 39.8844186], [116.4505291, 39.8844174], [116.4505285, 39.8843295], [116.4512077, 39.8843268], [116.4512085, 39.8844517], [116.4505464, 39.8844543], [116.4505467, 39.8844995], [116.4501954, 39.8845008], [116.4501948, 39.8844186]]]]}}, {"type": "Feature", "properties": {"building": "apartments", "source": "osm"}, "geometry": {"type": "MultiPolygon", "coordinates": [[[[116.4502311, 39.8835255], [116.4502947, 39.8835247], [116.4502922, 39.883409], [116.4508745, 39.8834017], [116.4508774, 39.8835367], [116.4503743, 39.883543], [116.4503791, 39.8837691], [116.4502364, 39.8837709], [116.4502311, 39.8835255]]]]}}, {"type": "Feature", "properties": {"building": "apartments", "source": "osm"}, "geometry": {"type": "MultiPolygon", "coordinates": [[[[116.4512757, 39.8842418], [116.4514078, 39.8842408], [116.4514095, 39.8843743], [116.4517856, 39.8843716], [116.451787, 39.884483], [116.4512787, 39.8844866], [116.4512757, 39.8842418]]]]}}, {"type": "Feature", "properties": {"building": "apartments", "source": "osm"}, "geometry": {"type": "MultiPolygon", "coordinates": [[[[116.4507134, 39.8836756], [116.4508827, 39.8836722], [116.450889, 39.8838577], [116.4507197, 39.8838611], [116.4507134, 39.8836756]]]]}}, {"type": "Feature", "properties": {"building": "apartments", "source": "osm"}, "geometry": {"type": "MultiPolygon", "coordinates": [[[[116.4520326, 39.8850372], [116.4520345, 39.8849099], [116.4523789, 39.884913], [116.452377, 39.8850402], [116.4520326, 39.8850372]]]]}}, {"type": "Feature", "properties": {"building": "apartments", "source": "osm"}, "geometry": {"type": "MultiPolygon", "coordinates": [[[[116.4519644, 39.8854238], [116.4519663, 39.8852965], [116.4523106, 39.8852995], [116.4523087, 39.8854268], [116.4519644, 39.8854238]]]]}}, {"type": "Feature", "properties": {"building": "apartments", "source": "osm"}, "geometry": {"type": "MultiPolygon", "coordinates": [[[[116.4519107, 39.8858], [116.4519126, 39.8856728], [116.4522569, 39.8856758], [116.452255, 39.885803], [116.4519107, 39.8858]]]]}}, {"type": "Feature", "properties": {"building": "apartments", "source": "osm"}, "geometry": {"type": "MultiPolygon", "coordinates": [[[[116.4502206, 39.8862736], [116.4502213, 39.886131], [116.4510263, 39.8861333], [116.4510257, 39.8862758], [116.4502206, 39.8862736]]]]}}, {"type": "Feature", "properties": {"building": "apartments", "source": "osm"}, "geometry": {"type": "MultiPolygon", "coordinates": [[[[116.4502083, 39.8858906], [116.450209, 39.885748], [116.451014, 39.8857503], [116.4510134, 39.8858928], [116.4502083, 39.8858906]]]]}}, {"type": "Feature", "properties": {"building": "apartments", "source": "osm"}, "geometry": {"type": "MultiPolygon", "coordinates": [[[[116.4502206, 39.8855502], [116.4502213, 39.8854076], [116.4510263, 39.8854099], [116.4510257, 39.8855524], [116.4502206, 39.8855502]]]]}}, {"type": "Feature", "properties": {"building": "apartments", "source": "osm"}, "geometry": {"type": "MultiPolygon", "coordinates": [[[[116.4511425, 39.8862803], [116.451149, 39.8861434], [116.4520437, 39.8861685], [116.4520566, 39.8858995], [116.4522737, 39.8859056], [116.4522611, 39.8861713], [116.4520663, 39.8861658], [116.4520596, 39.886306], [116.4511425, 39.8862803]]]]}}, {"type": "Feature", "properties": {"building": "apartments", "source": "osm"}, "geometry": {"type": "MultiPolygon", "coordinates": [[[[116.4545411, 39.8843407], [116.4545492, 39.8838589], [116.4545481, 39.8835612], [116.4545465, 39.8834485], [116.4546735, 39.883449], [116.4546684, 39.8843411], [116.4545411, 39.8843407]]]]}}, {"type": "Feature", "properties": {"building": "commercial", "source": "osm"}, "geometry": {"type": "MultiPolygon", "coordinates": [[[[116.4537019, 39.883456], [116.4544704, 39.8834542], [116.4544708, 39.8835613], [116.4545481, 39.8835612], [116.4545492, 39.8838589], [116.4544074, 39.8838593], [116.4544063, 39.8835869], [116.4537025, 39.8835886], [116.4537019, 39.883456]]]]}}, {"type": "Feature", "properties": {"building": "apartments", "source": "osm"}, "geometry": {"type": "MultiPolygon", "coordinates": [[[[116.4634174, 39.8740266], [116.463508, 39.8739552], [116.4635608, 39.8739947], [116.4636833, 39.8738982], [116.4637991, 39.8739848], [116.4637117, 39.8740537], [116.4638098, 39.8741271], [116.4637327, 39.8741877], [116.4636785, 39.8741472], [116.4635799, 39.8742248], [116.4635038, 39.8741679], [116.4635538, 39.8741286], [116.4634174, 39.8740266]]]]}}, {"type": "Feature", "properties": {"building": "apartments", "source": "osm"}, "geometry": {"type": "MultiPolygon", "coordinates": [[[[116.463904, 39.8744436], [116.4639946, 39.8743723], [116.4640474, 39.8744118], [116.4641699, 39.8743153], [116.4642858, 39.8744019], [116.4641983, 39.8744708], [116.4642964, 39.8745441], [116.4642193, 39.8746048], [116.4641651, 39.8745643], [116.4640665, 39.8746419], [116.4639905, 39.874585], [116.4640404, 39.8745457], [116.463904, 39.8744436]]]]}}, {"type": "Feature", "properties": {"building": "apartments", "source": "osm"}, "geometry": {"type": "MultiPolygon", "coordinates": [[[[116.4629089, 39.8744272], [116.4629995, 39.8743558], [116.4630523, 39.8743953], [116.4631748, 39.8742988], [116.4632907, 39.8743854], [116.4632032, 39.8744543], [116.4633013, 39.8745276], [116.4632242, 39.8745883], [116.46317, 39.8745478], [116.4630714, 39.8746254], [116.4629954, 39.8745685], [116.4630453, 39.8745292], [116.4629089, 39.8744272]]]]}}, {"type": "Feature", "properties": {"building": "apartments", "source": "osm"}, "geometry": {"type": "MultiPolygon", "coordinates": [[[[116.4624073, 39.8740628], [116.462498, 39.8739915], [116.4625508, 39.874031], [116.4626733, 39.8739345], [116.4627891, 39.8740211], [116.4627016, 39.87409], [116.4627997, 39.8741633], [116.4627227, 39.874224], [116.4626685, 39.8741835], [116.4625699, 39.8742611], [116.4624938, 39.8742042], [116.4625437, 39.8741649], [116.4624073, 39.8740628]]]]}}, {"type": "Feature", "properties": {"building": "apartments", "source": "osm"}, "geometry": {"type": "MultiPolygon", "coordinates": [[[[116.4619326, 39.8744292], [116.4620232, 39.8743579], [116.462076, 39.8743974], [116.4621985, 39.8743009], [116.4623143, 39.8743875], [116.4622269, 39.8744564], [116.462325, 39.8745297], [116.4622479, 39.8745904], [116.4621937, 39.8745499], [116.4620951, 39.8746275], [116.4620191, 39.8745706], [116.462069, 39.8745313], [116.4619326, 39.8744292]]]]}}, {"type": "Feature", "properties": {"building": "apartments", "source": "osm"}, "geometry": {"type": "MultiPolygon", "coordinates": [[[[116.4648911, 39.8744498], [116.4649817, 39.8743785], [116.4650345, 39.874418], [116.465157, 39.8743215], [116.4652728, 39.8744081], [116.4651854, 39.874477], [116.4652834, 39.8745503], [116.4652064, 39.874611], [116.4651522, 39.8745704], [116.4650536, 39.8746481], [116.4649775, 39.8745912], [116.4650275, 39.8745519], [116.4648911, 39.8744498]]]]}}, {"type": "Feature", "properties": {"building": "apartments", "source": "osm"}, "geometry": {"type": "MultiPolygon", "coordinates": [[[[116.4653873, 39.8740443], [116.4654779, 39.8739729], [116.4655307, 39.8740124], [116.4656532, 39.873916], [116.465769, 39.8740026], [116.4656816, 39.8740714], [116.4657797, 39.8741448], [116.4657026, 39.8742055], [116.4656484, 39.8741649], [116.4655498, 39.8742426], [116.4654737, 39.8741857], [116.4655237, 39.8741463], [116.4653873, 39.8740443]]]]}}, {"type": "Feature", "properties": {"building": "apartments", "source": "osm"}, "geometry": {"type": "MultiPolygon", "coordinates": [[[[116.4648803, 39.8736696], [116.4649709, 39.8735983], [116.4650238, 39.8736378], [116.4651463, 39.8735413], [116.4652621, 39.8736279], [116.4651746, 39.8736968], [116.4652727, 39.8737701], [116.4651957, 39.8738308], [116.4651415, 39.8737903], [116.4650429, 39.8738679], [116.4649668, 39.873811], [116.4650167, 39.8737717], [116.4648803, 39.8736696]]]]}}, {"type": "Feature", "properties": {"building": "apartments", "source": "osm"}, "geometry": {"type": "MultiPolygon", "coordinates": [[[[116.4653953, 39.8732847], [116.4654859, 39.8732134], [116.4655387, 39.8732529], [116.4656612, 39.8731564], [116.4657771, 39.873243], [116.4656896, 39.8733119], [116.4657877, 39.8733852], [116.4657106, 39.8734459], [116.4656565, 39.8734053], [116.4655578, 39.873483], [116.4654818, 39.8734261], [116.4655317, 39.8733868], [116.4653953, 39.8732847]]]]}}, {"type": "Feature", "properties": {"building": "apartments", "source": "osm"}, "geometry": {"type": "MultiPolygon", "coordinates": [[[[116.4647769, 39.8731604], [116.4652138, 39.8731582], [116.4652151, 39.8733049], [116.4649485, 39.8733063], [116.4649499, 39.8734672], [116.4647796, 39.8734681], [116.4647769, 39.8731604]]]]}}, {"type": "Feature", "properties": {"building": "apartments", "source": "osm"}, "geometry": {"type": "MultiPolygon", "coordinates": [[[[116.469246, 39.873175], [116.4697329, 39.8731728], [116.4697331, 39.8732035], [116.4701729, 39.8732015], [116.4701739, 39.8733315], [116.4697273, 39.8733335], [116.4697271, 39.8732966], [116.4692469, 39.8732988], [116.469246, 39.873175]]]]}}, {"type": "Feature", "properties": {"building": "apartments", "source": "osm"}, "geometry": {"type": "MultiPolygon", "coordinates": [[[[116.4692453, 39.8728081], [116.4697322, 39.872806], [116.4697325, 39.8728366], [116.4701722, 39.8728346], [116.4701732, 39.8729646], [116.4697267, 39.8729667], [116.4697264, 39.8729298], [116.4692463, 39.8729319], [116.4692453, 39.8728081]]]]}}, {"type": "Feature", "properties": {"building": "apartments", "source": "osm"}, "geometry": {"type": "MultiPolygon", "coordinates": [[[[116.4685257, 39.8733286], [116.4686878, 39.8733278], [116.4686897, 39.873561], [116.4691479, 39.8735588], [116.4691489, 39.873676], [116.4686863, 39.8736783], [116.4686855, 39.8735787], [116.4685277, 39.8735795], [116.4685257, 39.8733286]]]]}}, {"type": "Feature", "properties": {"building": "apartments", "source": "osm"}, "geometry": {"type": "MultiPolygon", "coordinates": [[[[116.4692725, 39.8736566], [116.4692728, 39.8735524], [116.4696177, 39.873553], [116.4696176, 39.8735926], [116.4702001, 39.8735936], [116.4701997, 39.8737121], [116.4696128, 39.873711], [116.469613, 39.8736571], [116.4692725, 39.8736566]]]]}}, {"type": "Feature", "properties": {"building": "apartments", "source": "osm"}, "geometry": {"type": "MultiPolygon", "coordinates": [[[[116.4705355, 39.8728962], [116.4707699, 39.8728947], [116.4707784, 39.8737044], [116.4705442, 39.8737059], [116.4705355, 39.8728962]]]]}}, {"type": "Feature", "properties": {"building": "apartments", "source": "osm"}, "geometry": {"type": "MultiPolygon", "coordinates": [[[[116.4684602, 39.8731225], [116.4684608, 39.8729704], [116.4690583, 39.8729717], [116.4690577, 39.8731239], [116.4684602, 39.8731225]]]]}}, {"type": "Feature", "properties": {"building": "apartments", "source": "osm"}, "geometry": {"type": "MultiPolygon", "coordinates": [[[[116.4673705, 39.8717555], [116.4676368, 39.8717534], [116.4676403, 39.87201], [116.4673739, 39.8720121], [116.4673705, 39.8717555]]]]}}, {"type": "Feature", "properties": {"building": "apartments", "source": "osm"}, "geometry": {"type": "MultiPolygon", "coordinates": [[[[116.4680284, 39.8716739], [116.4682947, 39.8716718], [116.4682982, 39.8719284], [116.4680318, 39.8719305], [116.4680284, 39.8716739]]]]}}, {"type": "Feature", "properties": {"building": "apartments", "source": "osm"}, "geometry": {"type": "MultiPolygon", "coordinates": [[[[116.4686601, 39.8715652], [116.4689263, 39.8715631], [116.4689298, 39.8718196], [116.4686635, 39.8718217], [116.4686601, 39.8715652]]]]}}, {"type": "Feature", "properties": {"building": "apartments", "source": "osm"}, "geometry": {"type": "MultiPolygon", "coordinates": [[[[116.4686693, 39.8724306], [116.4689356, 39.8724285], [116.468939, 39.8726851], [116.4686727, 39.8726872], [116.4686693, 39.8724306]]]]}}, {"type": "Feature", "properties": {"building": "apartments", "source": "osm"}, "geometry": {"type": "MultiPolygon", "coordinates": [[[[116.468013, 39.8724968], [116.4682793, 39.8724947], [116.4682828, 39.8727513], [116.4680164, 39.8727534], [116.468013, 39.8724968]]]]}}, {"type": "Feature", "properties": {"building": "apartments", "source": "osm"}, "geometry": {"type": "MultiPolygon", "coordinates": [[[[116.4673783, 39.8725347], [116.4676446, 39.8725326], [116.4676481, 39.8727891], [116.4673817, 39.8727912], [116.4673783, 39.8725347]]]]}}, {"type": "Feature", "properties": {"building": "apartments", "source": "osm"}, "geometry": {"type": "MultiPolygon", "coordinates": [[[[116.4662779, 39.872404], [116.4662788, 39.8722749], [116.4669387, 39.8722776], [116.4669381, 39.8723583], [116.4670456, 39.8723587], [116.4670439, 39.8726232], [116.4668926, 39.8726227], [116.466894, 39.8724064], [116.4662779, 39.872404]]]]}}, {"type": "Feature", "properties": {"building": "apartments", "source": "osm"}, "geometry": {"type": "MultiPolygon", "coordinates": [[[[116.4662852, 39.8715906], [116.466286, 39.8714615], [116.4669459, 39.8714641], [116.4669454, 39.8715449], [116.4670528, 39.8715453], [116.4670511, 39.8718098], [116.4668998, 39.8718092], [116.4669012, 39.871593], [116.4662852, 39.8715906]]]]}}, {"type": "Feature", "properties": {"building": "apartments", "source": "osm"}, "geometry": {"type": "MultiPolygon", "coordinates": [[[[116.4662675, 39.8719569], [116.4662727, 39.8716925], [116.466424, 39.8716942], [116.4664197, 39.8719104], [116.4670357, 39.8719176], [116.4670332, 39.8720467], [116.4663734, 39.8720389], [116.466375, 39.8719582], [116.4662675, 39.8719569]]]]}}, {"type": "Feature", "properties": {"building": "apartments", "source": "osm"}, "geometry": {"type": "MultiPolygon", "coordinates": [[[[116.4662818, 39.8728013], [116.466287, 39.8725368], [116.4664383, 39.8725386], [116.466434, 39.8727548], [116.46705, 39.8727619], [116.4670475, 39.872891], [116.4663876, 39.8728833], [116.4663892, 39.8728025], [116.4662818, 39.8728013]]]]}}, {"type": "Feature", "properties": {"building": "apartments", "source": "osm"}, "geometry": {"type": "MultiPolygon", "coordinates": [[[[116.4689086, 39.8710837], [116.468912, 39.8709154], [116.469167, 39.8709185], [116.4691635, 39.8710922], [116.4690841, 39.8710913], [116.4690849, 39.8710494], [116.4690047, 39.8710485], [116.469004, 39.8710848], [116.4689086, 39.8710837]]]]}}, {"type": "Feature", "properties": {"building": "apartments", "source": "osm"}, "geometry": {"type": "MultiPolygon", "coordinates": [[[[116.4689162, 39.8707664], [116.4689196, 39.8705981], [116.4691747, 39.8706012], [116.4691712, 39.8707749], [116.4690918, 39.8707739], [116.4690926, 39.8707321], [116.4690124, 39.8707312], [116.4690116, 39.8707675], [116.4689162, 39.8707664]]]]}}, {"type": "Feature", "properties": {"building": "apartments", "source": "osm"}, "geometry": {"type": "MultiPolygon", "coordinates": [[[[116.4689162, 39.8704349], [116.4689196, 39.8702667], [116.4691747, 39.8702697], [116.4691712, 39.8704435], [116.4690918, 39.8704425], [116.4690926, 39.8704007], [116.4690124, 39.8703997], [116.4690116, 39.8704361], [116.4689162, 39.8704349]]]]}}, {"type": "Feature", "properties": {"building": "apartments", "source": "osm"}, "geometry": {"type": "MultiPolygon", "coordinates": [[[[116.4705309, 39.8705358], [116.4705343, 39.8703676], [116.4707893, 39.8703706], [116.4707858, 39.8705443], [116.4707064, 39.8705434], [116.4707073, 39.8705015], [116.4706271, 39.8705006], [116.4706263, 39.8705369], [116.4705309, 39.8705358]]]]}}, {"type": "Feature", "properties": {"building": "apartments", "source": "osm"}, "geometry": {"type": "MultiPolygon", "coordinates": [[[[116.4705229, 39.8708796], [116.4705263, 39.8707114], [116.4707813, 39.8707144], [116.4707778, 39.8708881], [116.4706984, 39.8708872], [116.4706992, 39.8708453], [116.470619, 39.8708444], [116.4706183, 39.8708807], [116.4705229, 39.8708796]]]]}}, {"type": "Feature", "properties": {"building": "apartments", "source": "osm"}, "geometry": {"type": "MultiPolygon", "coordinates": [[[[116.4705282, 39.8712089], [116.4705316, 39.8710407], [116.4707867, 39.8710438], [116.4707832, 39.8712175], [116.4707038, 39.8712165], [116.4707046, 39.8711747], [116.4706244, 39.8711738], [116.4706236, 39.8712101], [116.4705282, 39.8712089]]]]}}, {"type": "Feature", "properties": {"building": "apartments", "source": "osm"}, "geometry": {"type": "MultiPolygon", "coordinates": [[[[116.4681166, 39.8709588], [116.468117, 39.8708179], [116.4686855, 39.8708187], [116.4686851, 39.8709596], [116.4681166, 39.8709588]]]]}}, {"type": "Feature", "properties": {"building": "apartments", "source": "osm"}, "geometry": {"type": "MultiPolygon", "coordinates": [[[[116.4678923, 39.8707872], [116.4678973, 39.8703446], [116.4687215, 39.8703501], [116.4687202, 39.8704681], [116.4680578, 39.8704637], [116.4680541, 39.8707882], [116.4678923, 39.8707872]]]]}}, {"type": "Feature", "properties": {"building": "apartments", "source": "osm"}, "geometry": {"type": "MultiPolygon", "coordinates": [[[[116.4678425, 39.8712474], [116.4678435, 39.8710136], [116.4679858, 39.8710139], [116.4679849, 39.871208], [116.4686802, 39.8712098], [116.4686797, 39.8713363], [116.4679785, 39.8713346], [116.4679788, 39.8712478], [116.4678425, 39.8712474]]]]}}, {"type": "Feature", "properties": {"building": "apartments", "source": "osm"}, "geometry": {"type": "MultiPolygon", "coordinates": [[[[116.4694481, 39.8711806], [116.4694515, 39.8710351], [116.469809, 39.8710399], [116.46981, 39.8709974], [116.4701677, 39.8710023], [116.4701707, 39.870873], [116.4703097, 39.8708749], [116.4703049, 39.8710831], [116.4701792, 39.8710814], [116.4701774, 39.8711581], [116.469809, 39.8711531], [116.4698083, 39.8711855], [116.4694481, 39.8711806]]]]}}, {"type": "Feature", "properties": {"building": "apartments", "source": "osm"}, "geometry": {"type": "MultiPolygon", "coordinates": [[[[116.4694529, 39.8708042], [116.4694566, 39.8706772], [116.4698101, 39.8706833], [116.4698119, 39.8706235], [116.4701395, 39.8706292], [116.470135, 39.8707818], [116.4698141, 39.8707762], [116.4698131, 39.8708104], [116.4694529, 39.8708042]]]]}}, {"type": "Feature", "properties": {"building": "apartments", "source": "osm"}, "geometry": {"type": "MultiPolygon", "coordinates": [[[[116.4690744, 39.8726412], [116.4690817, 39.8723182], [116.4694272, 39.8723228], [116.4694198, 39.8726458], [116.4690744, 39.8726412]]]]}}, {"type": "Feature", "properties": {"building": "apartments", "source": "osm"}, "geometry": {"type": "MultiPolygon", "coordinates": [[[[116.4690411, 39.8719516], [116.4690485, 39.8716286], [116.4693939, 39.8716332], [116.4693865, 39.8719562], [116.4690411, 39.8719516]]]]}}, {"type": "Feature", "properties": {"building": "apartments", "source": "osm"}, "geometry": {"type": "MultiPolygon", "coordinates": [[[[116.4700117, 39.8722638], [116.4700153, 39.8721454], [116.4705397, 39.872155], [116.470536, 39.8722733], [116.4700117, 39.8722638]]]]}}, {"type": "Feature", "properties": {"building": "apartments", "source": "osm"}, "geometry": {"type": "MultiPolygon", "coordinates": [[[[116.4699969, 39.8719086], [116.4700006, 39.8717902], [116.4705249, 39.8717998], [116.4705212, 39.8719181], [116.4699969, 39.8719086]]]]}}, {"type": "Feature", "properties": {"building": "apartments", "source": "osm"}, "geometry": {"type": "MultiPolygon", "coordinates": [[[[116.4694506, 39.8702851], [116.4703414, 39.8702793], [116.4703445, 39.8705529], [116.470179, 39.870554], [116.4701772, 39.870391], [116.4694519, 39.8703958], [116.4694506, 39.8702851]]]]}}, {"type": "Feature", "properties": {"building": "apartments", "source": "osm"}, "geometry": {"type": "MultiPolygon", "coordinates": [[[[116.4695973, 39.871577], [116.4695975, 39.8714068], [116.4708506, 39.8714077], [116.470849, 39.8726081], [116.4700198, 39.8726074], [116.4700199, 39.8725703], [116.4696798, 39.8725701], [116.46968, 39.872464], [116.4700186, 39.8724642], [116.4700186, 39.8724889], [116.4706595, 39.8724895], [116.4706607, 39.8715779], [116.4695973, 39.871577]]]]}}, {"type": "Feature", "properties": {"building": "apartments", "source": "osm"}, "geometry": {"type": "MultiPolygon", "coordinates": [[[[116.4670033, 39.8712654], [116.4670055, 39.8711487], [116.4672484, 39.8711514], [116.4672476, 39.871189], [116.4676994, 39.8711942], [116.4676971, 39.871315], [116.4672298, 39.8713097], [116.4672306, 39.871268], [116.4670033, 39.8712654]]]]}}, {"type": "Feature", "properties": {"building": "apartments", "source": "osm"}, "geometry": {"type": "MultiPolygon", "coordinates": [[[[116.4669926, 39.870896], [116.4669948, 39.8707793], [116.4672376, 39.870782], [116.4672369, 39.8708196], [116.4676887, 39.8708247], [116.4676864, 39.8709455], [116.4672191, 39.8709402], [116.4672199, 39.8708985], [116.4669926, 39.870896]]]]}}, {"type": "Feature", "properties": {"building": "apartments", "source": "osm"}, "geometry": {"type": "MultiPolygon", "coordinates": [[[[116.466279, 39.8710186], [116.4662811, 39.8708087], [116.4664013, 39.8708094], [116.4663998, 39.8709504], [116.4665513, 39.8709514], [116.4665509, 39.8709907], [116.4668944, 39.8709928], [116.4668932, 39.8711076], [116.4665411, 39.8711054], [116.4665415, 39.8710679], [116.4663981, 39.871067], [116.4663986, 39.8710194], [116.466279, 39.8710186]]]]}}, {"type": "Feature", "properties": {"building": "apartments", "source": "osm"}, "geometry": {"type": "MultiPolygon", "coordinates": [[[[116.4662812, 39.8712515], [116.4662834, 39.8711625], [116.466426, 39.8711647], [116.4664253, 39.8711901], [116.466854, 39.8711966], [116.4668512, 39.8713063], [116.466359, 39.8712988], [116.4662812, 39.8712515]]]]}}, {"type": "Feature", "properties": {"building": "apartments", "source": "osm"}, "geometry": {"type": "MultiPolygon", "coordinates": [[[[116.4662755, 39.8705945], [116.4668816, 39.8705869], [116.4668838, 39.8706888], [116.4662776, 39.8706963], [116.4662755, 39.8705945]]]]}}, {"type": "Feature", "properties": {"building": "apartments", "source": "osm"}, "geometry": {"type": "MultiPolygon", "coordinates": [[[[116.4655889, 39.8707016], [116.4659041, 39.870701], [116.4659047, 39.8709131], [116.4655896, 39.8709136], [116.4655889, 39.8707016]]]]}}, {"type": "Feature", "properties": {"building": "apartments", "source": "osm"}, "geometry": {"type": "MultiPolygon", "coordinates": [[[[116.4648117, 39.8707155], [116.4651269, 39.8707149], [116.4651275, 39.870927], [116.4648124, 39.8709275], [116.4648117, 39.8707155]]]]}}, {"type": "Feature", "properties": {"building": "apartments", "source": "osm"}, "geometry": {"type": "MultiPolygon", "coordinates": [[[[116.4644389, 39.8702296], [116.464754, 39.8702291], [116.4647546, 39.8704411], [116.4644395, 39.8704417], [116.4644389, 39.8702296]]]]}}, {"type": "Feature", "properties": {"building": "apartments", "source": "osm"}, "geometry": {"type": "MultiPolygon", "coordinates": [[[[116.4652087, 39.8702379], [116.4655238, 39.8702373], [116.4655244, 39.8704494], [116.4652093, 39.8704499], [116.4652087, 39.8702379]]]]}}, {"type": "Feature", "properties": {"building": "apartments", "source": "osm"}, "geometry": {"type": "MultiPolygon", "coordinates": [[[[116.4655549, 39.8702594], [116.4658333, 39.8702551], [116.465911, 39.8703189], [116.4659171, 39.8705458], [116.4656723, 39.8705497], [116.4656691, 39.8704285], [116.4655594, 39.8704302], [116.4655549, 39.8702594]]]]}}, {"type": "Feature", "properties": {"building": "commercial", "source": "osm"}, "geometry": {"type": "MultiPolygon", "coordinates": [[[[116.4617873, 39.8737889], [116.4618919, 39.8737086], [116.4624937, 39.8737259], [116.4624874, 39.8738569], [116.4624042, 39.8739145], [116.4620498, 39.8738988], [116.4620341, 39.874108], [116.4619295, 39.8741986], [116.4617981, 39.8742006], [116.4617873, 39.8737889]]]]}}, {"type": "Feature", "properties": {"building": "yes", "source": "osm"}, "geometry": {"type": "MultiPolygon", "coordinates": [[[[116.4581479, 39.8711423], [116.4581508, 39.8709777], [116.4589233, 39.8709859], [116.4589203, 39.8711506], [116.4581479, 39.8711423]]]]}}, {"type": "Feature", "properties": {"building": "yes", "source": "osm"}, "geometry": {"type": "MultiPolygon", "coordinates": [[[[116.4603897, 39.871228], [116.4603913, 39.8710593], [116.4610663, 39.8710631], [116.4610646, 39.8712319], [116.4603897, 39.871228]]]]}}, {"type": "Feature", "properties": {"building": "yes", "source": "osm"}, "geometry": {"type": "MultiPolygon", "coordinates": [[[[116.4604093, 39.8708043], [116.4604109, 39.8706356], [116.4610859, 39.8706393], [116.4610842, 39.8708081], [116.4604093, 39.8708043]]]]}}, {"type": "Feature", "properties": {"building": "yes", "source": "osm"}, "geometry": {"type": "MultiPolygon", "coordinates": [[[[116.4604907, 39.8704185], [116.4604923, 39.8702498], [116.4611673, 39.8702536], [116.4611705, 39.8703871], [116.4611656, 39.8704224], [116.4604907, 39.8704185]]]]}}, {"type": "Feature", "properties": {"building": "apartments", "source": "osm"}, "geometry": {"type": "MultiPolygon", "coordinates": [[[[116.4596201, 39.8737524], [116.4596231, 39.8734852], [116.4599621, 39.8734876], [116.4599589, 39.8737548], [116.4596201, 39.8737524]]]]}}, {"type": "Feature", "properties": {"building": "apartments", "source": "osm"}, "geometry": {"type": "MultiPolygon", "coordinates": [[[[116.4602055, 39.8740185], [116.4602086, 39.8737513], [116.4605475, 39.8737536], [116.4605443, 39.8740208], [116.4602055, 39.8740185]]]]}}, {"type": "Feature", "properties": {"building": "apartments", "source": "osm"}, "geometry": {"type": "MultiPolygon", "coordinates": [[[[116.4597156, 39.8744417], [116.4597187, 39.8741745], [116.4600576, 39.8741769], [116.4600544, 39.874444], [116.4597156, 39.8744417]]]]}}, {"type": "Feature", "properties": {"building": "apartments", "source": "osm"}, "geometry": {"type": "MultiPolygon", "coordinates": [[[[116.4602332, 39.8746853], [116.4602363, 39.8744181], [116.4605752, 39.8744204], [116.4605721, 39.8746876], [116.4602332, 39.8746853]]]]}}, {"type": "Feature", "properties": {"building": "apartments", "source": "osm"}, "geometry": {"type": "MultiPolygon", "coordinates": [[[[116.4588318, 39.8737687], [116.4588322, 39.8736372], [116.4593803, 39.8736381], [116.4593799, 39.8737695], [116.4588318, 39.8737687]]]]}}, {"type": "Feature", "properties": {"building": "apartments", "source": "osm"}, "geometry": {"type": "MultiPolygon", "coordinates": [[[[116.4587959, 39.8734264], [116.4587963, 39.8732949], [116.4593443, 39.8732959], [116.459344, 39.8734273], [116.4587959, 39.8734264]]]]}}, {"type": "Feature", "properties": {"building": "apartments", "source": "osm"}, "geometry": {"type": "MultiPolygon", "coordinates": [[[[116.4581088, 39.8721069], [116.4581092, 39.8719755], [116.4586573, 39.8719764], [116.4586569, 39.8721078], [116.4581088, 39.8721069]]]]}}, {"type": "Feature", "properties": {"building": "apartments", "source": "osm"}, "geometry": {"type": "MultiPolygon", "coordinates": [[[[116.4599266, 39.8725515], [116.459927, 39.87242], [116.4604751, 39.872421], [116.4604747, 39.8725523], [116.4599266, 39.8725515]]]]}}, {"type": "Feature", "properties": {"building": "apartments", "source": "osm"}, "geometry": {"type": "MultiPolygon", "coordinates": [[[[116.4618026, 39.8717449], [116.461803, 39.8716266], [116.4624127, 39.8716276], [116.4624128, 39.8715757], [116.46288, 39.8715766], [116.4628795, 39.8717078], [116.4624252, 39.8717069], [116.4624251, 39.871746], [116.4618026, 39.8717449]]]]}}, {"type": "Feature", "properties": {"building": "apartments", "source": "osm"}, "geometry": {"type": "MultiPolygon", "coordinates": [[[[116.4617446, 39.871296], [116.4617997, 39.8712954], [116.4617979, 39.871209], [116.4618596, 39.8711493], [116.4623283, 39.8711438], [116.4623304, 39.8712472], [116.4619078, 39.8712522], [116.4619136, 39.8715386], [116.4617496, 39.8715406], [116.4617446, 39.871296]]]]}}, {"type": "Feature", "properties": {"building": "apartments", "source": "osm"}, "geometry": {"type": "MultiPolygon", "coordinates": [[[[116.4617411, 39.8707656], [116.4617962, 39.8707649], [116.4617944, 39.8706786], [116.4618561, 39.8706189], [116.4623248, 39.8706133], [116.4623269, 39.8707167], [116.4619043, 39.8707217], [116.4619101, 39.8710081], [116.4617461, 39.8710101], [116.4617411, 39.8707656]]]]}}, {"type": "Feature", "properties": {"building": "apartments", "source": "osm"}, "geometry": {"type": "MultiPolygon", "coordinates": [[[[116.4624116, 39.8713188], [116.4624131, 39.8712096], [116.4628864, 39.8712135], [116.4628849, 39.8713227], [116.4624116, 39.8713188]]]]}}, {"type": "Feature", "properties": {"building": "apartments", "source": "osm"}, "geometry": {"type": "MultiPolygon", "coordinates": [[[[116.4624081, 39.8709652], [116.4624097, 39.870856], [116.4628829, 39.87086], [116.4628814, 39.8709692], [116.4624081, 39.8709652]]]]}}, {"type": "Feature", "properties": {"building": "commercial", "source": "osm"}, "geometry": {"type": "MultiPolygon", "coordinates": [[[[116.4617756, 39.8702398], [116.4623227, 39.8702333], [116.4623252, 39.8703551], [116.4619341, 39.8703598], [116.4619373, 39.8705145], [116.4617812, 39.8705163], [116.4617756, 39.8702398]]]]}}, {"type": "Feature", "properties": {"building": "apartments", "source": "osm"}, "geometry": {"type": "MultiPolygon", "coordinates": [[[[116.45911, 39.8702645], [116.4601965, 39.8702574], [116.4601971, 39.8703112], [116.4603464, 39.8703103], [116.4603487, 39.8705129], [116.4601919, 39.870514], [116.4601902, 39.8703618], [116.4591112, 39.870369], [116.45911, 39.8702645]]]]}}, {"type": "Feature", "properties": {"building": "apartments", "source": "osm"}, "geometry": {"type": "MultiPolygon", "coordinates": [[[[116.4592174, 39.8707344], [116.459219, 39.8705893], [116.4601784, 39.8705952], [116.4601769, 39.8707404], [116.4592174, 39.8707344]]]]}}, {"type": "Feature", "properties": {"building": "apartments", "source": "osm"}, "geometry": {"type": "MultiPolygon", "coordinates": [[[[116.4597001, 39.8709846], [116.4602176, 39.8709837], [116.460218, 39.8711031], [116.4597005, 39.871104], [116.4597001, 39.8709846]]]]}}, {"type": "Feature", "properties": {"building": "apartments", "source": "osm"}, "geometry": {"type": "MultiPolygon", "coordinates": [[[[116.4595442, 39.8718765], [116.4595472, 39.8717447], [116.4602579, 39.8717541], [116.4602534, 39.8719556], [116.4601151, 39.8719538], [116.4601166, 39.871884], [116.4595442, 39.8718765]]]]}}, {"type": "Feature", "properties": {"building": "apartments", "source": "osm"}, "geometry": {"type": "MultiPolygon", "coordinates": [[[[116.4611543, 39.8706915], [116.4614024, 39.8706893], [116.4614118, 39.8713123], [116.4611638, 39.8713145], [116.4611543, 39.8706915]]]]}}, {"type": "Feature", "properties": {"building": "apartments", "source": "osm"}, "geometry": {"type": "MultiPolygon", "coordinates": [[[[116.4611883, 39.8718609], [116.4611902, 39.8715749], [116.4614149, 39.8715758], [116.4614129, 39.8718618], [116.4611883, 39.8718609]]]]}}, {"type": "Feature", "properties": {"building": "apartments", "source": "osm"}, "geometry": {"type": "MultiPolygon", "coordinates": [[[[116.461166, 39.8705798], [116.4611705, 39.8703871], [116.4613492, 39.8703895], [116.4613447, 39.8705822], [116.461166, 39.8705798]]]]}}, {"type": "Feature", "properties": {"building": "apartments", "source": "osm"}, "geometry": {"type": "MultiPolygon", "coordinates": [[[[116.4595596, 39.8713803], [116.4595605, 39.871215], [116.4597302, 39.8712155], [116.4597294, 39.8713579], [116.4600271, 39.8713588], [116.4600274, 39.8713066], [116.4601202, 39.8713068], [116.4601203, 39.8712788], [116.4602666, 39.8712792], [116.4602661, 39.8713929], [116.4601421, 39.8713926], [116.4601419, 39.8714276], [116.4600363, 39.8714273], [116.4600361, 39.8714601], [116.459706, 39.8714591], [116.4597065, 39.8713808], [116.4595596, 39.8713803]]]]}}, {"type": "Feature", "properties": {"building": "apartments", "source": "osm"}, "geometry": {"type": "MultiPolygon", "coordinates": [[[[116.4604405, 39.8718032], [116.4604425, 39.8716229], [116.4606661, 39.8716243], [116.4606667, 39.8715657], [116.4607629, 39.8715663], [116.4607636, 39.8714983], [116.4609004, 39.8714992], [116.4609009, 39.8714545], [116.4610175, 39.8714552], [116.4610162, 39.8715808], [116.4609014, 39.8715801], [116.4609006, 39.8716575], [116.4607855, 39.8716568], [116.4607847, 39.8717272], [116.4606887, 39.8717266], [116.4606879, 39.8718048], [116.4604405, 39.8718032]]]]}}, {"type": "Feature", "properties": {"building": "apartments", "source": "osm"}, "geometry": {"type": "MultiPolygon", "coordinates": [[[[116.4604543, 39.8721705], [116.4604549, 39.8720386], [116.4613995, 39.8720411], [116.4613981, 39.8723532], [116.4612335, 39.8723528], [116.4612342, 39.8721725], [116.4604543, 39.8721705]]]]}}, {"type": "Feature", "properties": {"building": "apartments", "source": "osm"}, "geometry": {"type": "MultiPolygon", "coordinates": [[[[116.4587628, 39.8721895], [116.4587632, 39.8720501], [116.4592114, 39.8720509], [116.4592109, 39.8721904], [116.4587628, 39.8721895]]]]}}, {"type": "Feature", "properties": {"building": "apartments", "source": "osm"}, "geometry": {"type": "MultiPolygon", "coordinates": [[[[116.4587367, 39.8724984], [116.45874, 39.8724054], [116.4592017, 39.8724152], [116.4592075, 39.8722547], [116.4593549, 39.8722578], [116.4593473, 39.8724676], [116.459214, 39.8724648], [116.4592124, 39.8725084], [116.4587367, 39.8724984]]]]}}, {"type": "Feature", "properties": {"building": "apartments", "source": "osm"}, "geometry": {"type": "MultiPolygon", "coordinates": [[[[116.4579196, 39.872345], [116.4579247, 39.8721778], [116.4580899, 39.8721808], [116.4580855, 39.8723236], [116.4583836, 39.8723291], [116.4583847, 39.8722917], [116.4586356, 39.8722963], [116.4586307, 39.8724516], [116.4583927, 39.8724473], [116.4583918, 39.8724771], [116.4580751, 39.8724713], [116.4580789, 39.8723479], [116.4579196, 39.872345]]]]}}, {"type": "Feature", "properties": {"building": "apartments", "source": "osm"}, "geometry": {"type": "MultiPolygon", "coordinates": [[[[116.4584578, 39.874171], [116.4584624, 39.8737796], [116.4586483, 39.8737809], [116.4586454, 39.8740291], [116.4593331, 39.874034], [116.4593314, 39.874177], [116.4584578, 39.874171]]]]}}, {"type": "Feature", "properties": {"building": "apartments", "source": "osm"}, "geometry": {"type": "MultiPolygon", "coordinates": [[[[116.4571984, 39.8741619], [116.4583537, 39.874142], [116.458357, 39.8742542], [116.4572017, 39.8742742], [116.4571984, 39.8741619]]]]}}, {"type": "Feature", "properties": {"building": "apartments", "source": "osm"}, "geometry": {"type": "MultiPolygon", "coordinates": [[[[116.4577684, 39.8737929], [116.4583552, 39.8737863], [116.4583574, 39.8738999], [116.4577706, 39.8739065], [116.4577684, 39.8737929]]]]}}, {"type": "Feature", "properties": {"building": "apartments", "source": "osm"}, "geometry": {"type": "MultiPolygon", "coordinates": [[[[116.458193, 39.8735288], [116.4583417, 39.8735249], [116.4583502, 39.8737121], [116.4582016, 39.8737161], [116.458193, 39.8735288]]]]}}, {"type": "Feature", "properties": {"building": "apartments", "source": "osm"}, "geometry": {"type": "MultiPolygon", "coordinates": [[[[116.4578974, 39.8728162], [116.4578986, 39.8726585], [116.4580765, 39.8726593], [116.4580762, 39.8727047], [116.4587774, 39.8727078], [116.4587754, 39.8729723], [116.4586248, 39.8729717], [116.4586259, 39.8728194], [116.4578974, 39.8728162]]]]}}, {"type": "Feature", "properties": {"building": "apartments", "source": "osm"}, "geometry": {"type": "MultiPolygon", "coordinates": [[[[116.4578943, 39.8732368], [116.4579047, 39.8729261], [116.4581006, 39.8729299], [116.4580952, 39.8730921], [116.4582483, 39.8730951], [116.4583007, 39.8730549], [116.4584132, 39.8730561], [116.4584102, 39.8732145], [116.4582976, 39.8732133], [116.4582607, 39.873244], [116.4578943, 39.8732368]]]]}}, {"type": "Feature", "properties": {"building": "commercial", "source": "osm"}, "geometry": {"type": "MultiPolygon", "coordinates": [[[[116.4584577, 39.8744872], [116.4593857, 39.8744839], [116.4593867, 39.8746462], [116.4584587, 39.8746496], [116.4584577, 39.8744872]]]]}}, {"type": "Feature", "properties": {"building": "commercial", "source": "osm"}, "geometry": {"type": "MultiPolygon", "coordinates": [[[[116.4443605, 39.8800822], [116.444363, 39.8793154], [116.4445052, 39.879315], [116.4445088, 39.8801145], [116.4443664, 39.8801149], [116.4443605, 39.8800822]]]]}}, {"type": "Feature", "properties": {"building": "commercial", "source": "osm"}, "geometry": {"type": "MultiPolygon", "coordinates": [[[[116.4435442, 39.8804586], [116.4442241, 39.8804511], [116.4442264, 39.8805725], [116.4435465, 39.88058], [116.4435442, 39.8804586]]]]}}, {"type": "Feature", "properties": {"building": "commercial", "source": "osm"}, "geometry": {"type": "MultiPolygon", "coordinates": [[[[116.4443221, 39.8804484], [116.4444615, 39.880448], [116.4444638, 39.8809832], [116.4443243, 39.8809835], [116.4443221, 39.8804484]]]]}}, {"type": "Feature", "properties": {"building": "commercial", "source": "osm"}, "geometry": {"type": "MultiPolygon", "coordinates": [[[[116.4448541, 39.8809912], [116.4448618, 39.8804346], [116.4450483, 39.8804361], [116.4450474, 39.8805076], [116.4449847, 39.8805071], [116.4449782, 39.8809922], [116.4448541, 39.8809912]]]]}}, {"type": "Feature", "properties": {"building": "yes", "name": "劲松西社区居委会", "amenity": "community_centre", "source": "osm"}, "geometry": {"type": "MultiPolygon", "coordinates": [[[[116.4437444, 39.8816552], [116.4437469, 39.881351], [116.4439291, 39.8813519], [116.4439267, 39.881656], [116.4437444, 39.8816552]]]]}}, {"type": "Feature", "properties": {"building": "commercial", "source": "osm"}, "geometry": {"type": "MultiPolygon", "coordinates": [[[[116.4439954, 39.8816731], [116.4439973, 39.8813735], [116.4441919, 39.8813742], [116.444191, 39.8815079], [116.4442705, 39.8815082], [116.4442702, 39.8815587], [116.444337, 39.881559], [116.4443363, 39.8816744], [116.4439954, 39.8816731]]]]}}, {"type": "Feature", "properties": {"building": "commercial", "source": "osm"}, "geometry": {"type": "MultiPolygon", "coordinates": [[[[116.4439802, 39.8813154], [116.4439811, 39.8810799], [116.4445119, 39.8810811], [116.4445112, 39.8812368], [116.4442111, 39.8812361], [116.4442108, 39.881316], [116.4439802, 39.8813154]]]]}}, {"type": "Feature", "properties": {"building": "commercial", "source": "osm"}, "geometry": {"type": "MultiPolygon", "coordinates": [[[[116.4442452, 39.8813795], [116.4442464, 39.8812564], [116.4445098, 39.8812579], [116.4445056, 39.8816888], [116.4443617, 39.881688], [116.4443647, 39.8813802], [116.4442452, 39.8813795]]]]}}, {"type": "Feature", "properties": {"building": "commercial", "source": "osm"}, "geometry": {"type": "MultiPolygon", "coordinates": [[[[116.4448583, 39.8817911], [116.4450054, 39.8817911], [116.4450016, 39.8824785], [116.4450024, 39.8825954], [116.4450048, 39.8828076], [116.4450053, 39.882866], [116.4448584, 39.882866], [116.4448583, 39.8817911]]]]}}, {"type": "Feature", "properties": {"building": "commercial", "source": "osm"}, "geometry": {"type": "MultiPolygon", "coordinates": [[[[116.4450048, 39.8828076], [116.4461028, 39.8827963], [116.4461051, 39.8829271], [116.445007, 39.8829384], [116.4450048, 39.8828076]]]]}}, {"type": "Feature", "properties": {"building": "yes", "name": "格林豪泰酒店", "source": "osm"}, "geometry": {"type": "MultiPolygon", "coordinates": [[[[116.4405157, 39.8772876], [116.441883, 39.8772772], [116.4418846, 39.8774042], [116.4406951, 39.8774132], [116.4407014, 39.8779064], [116.4416269, 39.8778995], [116.4416288, 39.8780438], [116.4407103, 39.8780507], [116.4407098, 39.8780105], [116.440525, 39.8780119], [116.4405157, 39.8772876]]]]}}, {"type": "Feature", "properties": {"building": "yes", "name": "国家方志馆", "source": "osm"}, "geometry": {"type": "MultiPolygon", "coordinates": [[[[116.4457829, 39.8771832], [116.4457854, 39.8769325], [116.4464647, 39.8769365], [116.4464622, 39.8771871], [116.4457829, 39.8771832]]]]}}, {"type": "Feature", "properties": {"building": "commercial", "name": "龙辉大厦", "source": "osm"}, "geometry": {"type": "MultiPolygon", "coordinates": [[[[116.4554839, 39.8795112], [116.4554885, 39.8790141], [116.4557648, 39.8790156], [116.45576, 39.8795127], [116.4554839, 39.8795112]]]]}}, {"type": "Feature", "properties": {"building": "commercial", "name": "北京眼镜城", "amenity": "marketplace", "source": "osm"}, "geometry": {"type": "MultiPolygon", "coordinates": [[[[116.4560847, 39.8766917], [116.4569268, 39.8766914], [116.4569272, 39.8775556], [116.4561756, 39.8775558], [116.4561755, 39.8773358], [116.4562658, 39.877272], [116.4562656, 39.8770576], [116.456085, 39.8770577], [116.4560847, 39.8766917]]]]}}, {"type": "Feature", "properties": {"building": "commercial", "name": "工美大厦", "source": "osm"}, "geometry": {"type": "MultiPolygon", "coordinates": [[[[116.4694824, 39.8825243], [116.4707958, 39.882519], [116.4707964, 39.8825998], [116.4705768, 39.8827511], [116.4694839, 39.8827552], [116.4694824, 39.8825243]]]]}}, {"type": "Feature", "properties": {"building": "commercial", "name": "劲松大厦", "source": "osm"}, "geometry": {"type": "MultiPolygon", "coordinates": [[[[116.4557645, 39.882624], [116.4557693, 39.8824252], [116.4568164, 39.8824399], [116.4568087, 39.8827585], [116.455914, 39.8827458], [116.4557645, 39.882624]]]]}}, {"type": "Feature", "properties": {"building": "commercial", "name": "海文大厦", "source": "osm"}, "geometry": {"type": "MultiPolygon", "coordinates": [[[[116.4533508, 39.8804204], [116.4543953, 39.8803991], [116.4544909, 39.8804779], [116.4545072, 39.8810985], [116.4542046, 39.8811032], [116.4542006, 39.8809559], [116.4537582, 39.8806436], [116.4533588, 39.8806517], [116.4533508, 39.8804204]]]]}}, {"type": "Feature", "properties": {"building": "commercial", "name": "华腾大厦", "source": "osm"}, "geometry": {"type": "MultiPolygon", "coordinates": [[[[116.4539937, 39.8812369], [116.4544094, 39.881233], [116.4544184, 39.8818047], [116.4540028, 39.8818086], [116.4539937, 39.8812369]]]]}}, {"type": "Feature", "properties": {"building": "commercial", "source": "osm"}, "geometry": {"type": "MultiPolygon", "coordinates": [[[[116.4538833, 39.8798778], [116.4545091, 39.8798639], [116.4545158, 39.8800435], [116.45389, 39.8800573], [116.4538833, 39.8798778]]]]}}, {"type": "Feature", "properties": {"building": "commercial", "source": "osm"}, "geometry": {"type": "MultiPolygon", "coordinates": [[[[116.452591, 39.878582], [116.4527339, 39.8784718], [116.4528515, 39.8785616], [116.4529827, 39.8784604], [116.4531386, 39.8785793], [116.4530003, 39.8786861], [116.453115, 39.8787735], [116.4529825, 39.8788757], [116.4528621, 39.8787839], [116.4527361, 39.8788811], [116.4526081, 39.8787833], [116.4527307, 39.8786887], [116.452591, 39.878582]]]]}}, {"type": "Feature", "properties": {"building": "yes", "shop": "optician", "source": "osm"}, "geometry": {"type": "MultiPolygon", "coordinates": [[[[116.454079, 39.8771501], [116.4540799, 39.8766214], [116.4542639, 39.8766216], [116.4542647, 39.8762225], [116.4541727, 39.8761546], [116.4541727, 39.8760296], [116.4543214, 39.8760296], [116.4543214, 39.8760867], [116.4544382, 39.8761654], [116.4544776, 39.8780774], [116.4543623, 39.8781461], [116.4541144, 39.8781468], [116.4541141, 39.8777147], [116.4543263, 39.8777147], [116.4543263, 39.8772617], [116.4542591, 39.8772617], [116.4542592, 39.8771503], [116.454079, 39.8771501]]]]}}, {"type": "Feature", "properties": {"building": "commercial", "source": "osm"}, "geometry": {"type": "MultiPolygon", "coordinates": [[[[116.4536699, 39.8828027], [116.4536718, 39.8826309], [116.4543855, 39.8826355], [116.4543887, 39.8823352], [116.4545568, 39.8823362], [116.4545518, 39.8828082], [116.4536699, 39.8828027]]]]}}, {"type": "Feature", "properties": {"building": "commercial", "source": "osm"}, "geometry": {"type": "MultiPolygon", "coordinates": [[[[116.4584405, 39.8827483], [116.4584414, 39.8826453], [116.4596242, 39.8826509], [116.4596234, 39.8827538], [116.4584405, 39.8827483]]]]}}, {"type": "Feature", "properties": {"building": "commercial", "source": "osm"}, "geometry": {"type": "MultiPolygon", "coordinates": [[[[116.4600611, 39.8827384], [116.4600637, 39.8825506], [116.4611377, 39.8825592], [116.4611459, 39.8819462], [116.4601885, 39.8819386], [116.4601909, 39.8817619], [116.4612061, 39.8817699], [116.4612047, 39.8818752], [116.4613753, 39.8818765], [116.4613633, 39.8827489], [116.4600611, 39.8827384]]]]}}, {"type": "Feature", "properties": {"building": "commercial", "name": "天客隆商务大厦", "source": "osm"}, "geometry": {"type": "MultiPolygon", "coordinates": [[[[116.461791, 39.8827043], [116.4617935, 39.8823934], [116.4634277, 39.8824009], [116.4634253, 39.882712], [116.4620292, 39.8827054], [116.461791, 39.8827043]]]]}}, {"type": "Feature", "properties": {"building": "apartments", "source": "osm"}, "geometry": {"type": "MultiPolygon", "coordinates": [[[[116.4685976, 39.8814764], [116.4686214, 39.8814763], [116.4686209, 39.8814308], [116.4688045, 39.8814295], [116.468805, 39.881471], [116.468926, 39.8814702], [116.468928, 39.8816394], [116.4687327, 39.8816407], [116.4687332, 39.8816897], [116.4686001, 39.8816906], [116.4685976, 39.8814764]]]]}}, {"type": "Feature", "properties": {"building": "apartments", "source": "osm"}, "geometry": {"type": "MultiPolygon", "coordinates": [[[[116.4682592, 39.8818806], [116.468283, 39.8818805], [116.4682825, 39.881835], [116.4684661, 39.8818337], [116.4684666, 39.8818752], [116.4685876, 39.8818744], [116.4685896, 39.8820436], [116.4683943, 39.8820449], [116.4683948, 39.8820939], [116.4682617, 39.8820948], [116.4682592, 39.8818806]]]]}}, {"type": "Feature", "properties": {"building": "apartments", "source": "osm"}, "geometry": {"type": "MultiPolygon", "coordinates": [[[[116.4689522, 39.8811526], [116.4689908, 39.8811525], [116.4689906, 39.881012], [116.4692325, 39.8810118], [116.4692327, 39.8811535], [116.4692861, 39.8811534], [116.4692863, 39.8813013], [116.4689525, 39.8813016], [116.4689522, 39.8811526]]]]}}, {"type": "Feature", "properties": {"building": "apartments", "source": "osm"}, "geometry": {"type": "MultiPolygon", "coordinates": [[[[116.4682675, 39.8810117], [116.4683061, 39.8810117], [116.4683059, 39.8808711], [116.4685477, 39.8808709], [116.4685479, 39.8810126], [116.4686014, 39.8810126], [116.4686016, 39.8811604], [116.4682677, 39.8811608], [116.4682675, 39.8810117]]]]}}, {"type": "Feature", "properties": {"building": "apartments", "source": "osm"}, "geometry": {"type": "MultiPolygon", "coordinates": [[[[116.4695471, 39.8813482], [116.4695494, 39.8811446], [116.47085, 39.881153], [116.4708477, 39.8813569], [116.4695471, 39.8813482]]]]}}, {"type": "Feature", "properties": {"building": "apartments", "source": "osm"}, "geometry": {"type": "MultiPolygon", "coordinates": [[[[116.4694701, 39.8822465], [116.4705935, 39.882238], [116.4705925, 39.8821653], [116.4707992, 39.8821638], [116.4708025, 39.8824273], [116.4694725, 39.8824371], [116.4694701, 39.8822465]]]]}}, {"type": "Feature", "properties": {"building": "apartments", "source": "osm"}, "geometry": {"type": "MultiPolygon", "coordinates": [[[[116.468687, 39.8824999], [116.4693147, 39.8824941], [116.4693178, 39.8826917], [116.4686901, 39.8826975], [116.468687, 39.8824999]]]]}}, {"type": "Feature", "properties": {"building": "commercial", "name": "兆佳商场", "shop": "mall", "source": "osm"}, "geometry": {"type": "MultiPolygon", "coordinates": [[[[116.4491074, 39.8804015], [116.4497354, 39.8803975], [116.4498248, 39.8804496], [116.4498261, 39.8805759], [116.4491093, 39.8805802], [116.4491074, 39.8804015]]]]}}, {"type": "Feature", "properties": {"building": "hospital", "name": "劲松社区卫生服务中心", "source": "osm"}, "geometry": {"type": "MultiPolygon", "coordinates": [[[[116.4469063, 39.8806027], [116.4469088, 39.8804044], [116.4475615, 39.8804092], [116.447559, 39.8806076], [116.4469063, 39.8806027]]]]}}, {"type": "Feature", "properties": {"building": "hospital", "source": "osm"}, "geometry": {"type": "MultiPolygon", "coordinates": [[[[116.4620926, 39.8834928], [116.4626507, 39.8834884], [116.4626624, 39.8843491], [116.4621042, 39.8843536], [116.4620926, 39.8834928]]]]}}, {"type": "Feature", "properties": {"building": "apartments", "source": "osm"}, "geometry": {"type": "MultiPolygon", "coordinates": [[[[116.4652682, 39.8819822], [116.4653984, 39.8819819], [116.4653985, 39.8820266], [116.4656346, 39.8820261], [116.4656352, 39.8822081], [116.4655475, 39.8822083], [116.4655474, 39.8821797], [116.4652689, 39.8821804], [116.4652682, 39.8819822]]]]}}, {"type": "Feature", "properties": {"building": "apartments", "source": "osm"}, "geometry": {"type": "MultiPolygon", "coordinates": [[[[116.4660096, 39.8819775], [116.4661398, 39.8819772], [116.4661399, 39.8820219], [116.466376, 39.8820214], [116.4663766, 39.8822034], [116.4662889, 39.8822036], [116.4662888, 39.882175], [116.4660103, 39.8821757], [116.4660096, 39.8819775]]]]}}, {"type": "Feature", "properties": {"building": "apartments", "source": "osm"}, "geometry": {"type": "MultiPolygon", "coordinates": [[[[116.4652646, 39.8813677], [116.4653948, 39.8813674], [116.4653949, 39.8814121], [116.465631, 39.8814116], [116.4656316, 39.8815937], [116.4655439, 39.8815939], [116.4655438, 39.8815653], [116.4652653, 39.8815659], [116.4652646, 39.8813677]]]]}}, {"type": "Feature", "properties": {"building": "apartments", "source": "osm"}, "geometry": {"type": "MultiPolygon", "coordinates": [[[[116.4652617, 39.8807788], [116.4653919, 39.8807785], [116.4653921, 39.8808232], [116.4656281, 39.8808227], [116.4656287, 39.8810048], [116.4655411, 39.881005], [116.4655409, 39.8809764], [116.4652624, 39.880977], [116.4652617, 39.8807788]]]]}}, {"type": "Feature", "properties": {"building": "apartments", "source": "osm"}, "geometry": {"type": "MultiPolygon", "coordinates": [[[[116.4652693, 39.880185], [116.4653996, 39.8801847], [116.4653997, 39.8802294], [116.4656357, 39.8802289], [116.4656364, 39.8804109], [116.4655487, 39.8804111], [116.4655486, 39.8803825], [116.4652701, 39.8803832], [116.4652693, 39.880185]]]]}}, {"type": "Feature", "properties": {"building": "apartments", "source": "osm"}, "geometry": {"type": "MultiPolygon", "coordinates": [[[[116.4661041, 39.8825724], [116.4662343, 39.8825721], [116.4662344, 39.8826168], [116.4664705, 39.8826163], [116.4664711, 39.8827984], [116.4663834, 39.8827986], [116.4663833, 39.88277], [116.4661048, 39.8827706], [116.4661041, 39.8825724]]]]}}, {"type": "Feature", "properties": {"building": "apartments", "source": "osm"}, "geometry": {"type": "MultiPolygon", "coordinates": [[[[116.4654281, 39.8825602], [116.4655583, 39.8825599], [116.4655585, 39.8826046], [116.4657945, 39.8826041], [116.4657951, 39.8827862], [116.4657075, 39.8827864], [116.4657073, 39.8827578], [116.4654288, 39.8827584], [116.4654281, 39.8825602]]]]}}, {"type": "Feature", "properties": {"building": "apartments", "source": "osm"}, "geometry": {"type": "MultiPolygon", "coordinates": [[[[116.46678, 39.8825792], [116.4669103, 39.8825789], [116.4669104, 39.8826236], [116.4671464, 39.8826231], [116.4671471, 39.8828052], [116.4670594, 39.8828054], [116.4670593, 39.8827768], [116.4667808, 39.8827774], [116.46678, 39.8825792]]]]}}, {"type": "Feature", "properties": {"building": "apartments", "source": "osm"}, "geometry": {"type": "MultiPolygon", "coordinates": [[[[116.4617721, 39.8803268], [116.4626089, 39.8803259], [116.4626092, 39.8804875], [116.4617724, 39.8804883], [116.4617721, 39.8803268]]]]}}, {"type": "Feature", "properties": {"building": "apartments", "source": "osm"}, "geometry": {"type": "MultiPolygon", "coordinates": [[[[116.4617714, 39.879892], [116.4626082, 39.8798911], [116.4626085, 39.8800528], [116.4617717, 39.8800535], [116.4617714, 39.879892]]]]}}, {"type": "Feature", "properties": {"building": "apartments", "source": "osm"}, "geometry": {"type": "MultiPolygon", "coordinates": [[[[116.4617687, 39.8795297], [116.4626055, 39.8795288], [116.4626058, 39.8796905], [116.461769, 39.8796913], [116.4617687, 39.8795297]]]]}}, {"type": "Feature", "properties": {"building": "apartments", "source": "osm"}, "geometry": {"type": "MultiPolygon", "coordinates": [[[[116.4617687, 39.8791777], [116.4626055, 39.8791769], [116.4626058, 39.8793385], [116.461769, 39.8793393], [116.4617687, 39.8791777]]]]}}, {"type": "Feature", "properties": {"building": "apartments", "source": "osm"}, "geometry": {"type": "MultiPolygon", "coordinates": [[[[116.4617714, 39.8788464], [116.4626082, 39.8788455], [116.4626085, 39.8790071], [116.4617717, 39.8790079], [116.4617714, 39.8788464]]]]}}, {"type": "Feature", "properties": {"building": "apartments", "source": "osm"}, "geometry": {"type": "MultiPolygon", "coordinates": [[[[116.4635249, 39.8792414], [116.4636129, 39.8791685], [116.4636891, 39.8792226], [116.4637841, 39.8791439], [116.4638637, 39.8792005], [116.4637991, 39.879254], [116.4638993, 39.8793251], [116.4638135, 39.8793962], [116.4637537, 39.8793538], [116.4636563, 39.8794345], [116.463592, 39.8793888], [116.4636568, 39.8793351], [116.4635249, 39.8792414]]]]}}, {"type": "Feature", "properties": {"building": "apartments", "source": "osm"}, "geometry": {"type": "MultiPolygon", "coordinates": [[[[116.4635213, 39.8798668], [116.4636093, 39.8797939], [116.4636855, 39.879848], [116.4637804, 39.8797693], [116.4638601, 39.8798259], [116.4637955, 39.8798794], [116.4638956, 39.8799505], [116.4638099, 39.8800216], [116.4637501, 39.8799791], [116.4636527, 39.8800599], [116.4635883, 39.8800142], [116.4636531, 39.8799605], [116.4635213, 39.8798668]]]]}}, {"type": "Feature", "properties": {"building": "apartments", "source": "osm"}, "geometry": {"type": "MultiPolygon", "coordinates": [[[[116.4635261, 39.880495], [116.4636141, 39.8804221], [116.4636903, 39.8804762], [116.4637852, 39.8803975], [116.4638649, 39.880454], [116.4638003, 39.8805076], [116.4639004, 39.8805787], [116.4638147, 39.8806498], [116.4637549, 39.8806073], [116.4636575, 39.8806881], [116.4635931, 39.8806424], [116.4636579, 39.8805887], [116.4635261, 39.880495]]]]}}, {"type": "Feature", "properties": {"building": "apartments", "source": "osm"}, "geometry": {"type": "MultiPolygon", "coordinates": [[[[116.4641937, 39.8816043], [116.4650305, 39.8816034], [116.4650307, 39.8817651], [116.4641939, 39.8817658], [116.4641937, 39.8816043]]]]}}, {"type": "Feature", "properties": {"building": "apartments", "source": "osm"}, "geometry": {"type": "MultiPolygon", "coordinates": [[[[116.4641843, 39.881959], [116.4650211, 39.8819582], [116.4650214, 39.8821198], [116.4641846, 39.8821206], [116.4641843, 39.881959]]]]}}, {"type": "Feature", "properties": {"building": "apartments", "source": "osm"}, "geometry": {"type": "MultiPolygon", "coordinates": [[[[116.4641983, 39.8823067], [116.4650351, 39.8823058], [116.4650354, 39.8824674], [116.4641986, 39.8824682], [116.4641983, 39.8823067]]]]}}, {"type": "Feature", "properties": {"building": "apartments", "source": "osm"}, "geometry": {"type": "MultiPolygon", "coordinates": [[[[116.4638741, 39.8759152], [116.4638746, 39.8758092], [116.464466, 39.8758109], [116.4644655, 39.8759169], [116.4638741, 39.8759152]]]]}}, {"type": "Feature", "properties": {"building": "apartments", "source": "osm"}, "geometry": {"type": "MultiPolygon", "coordinates": [[[[116.4638769, 39.8762405], [116.4638774, 39.8761344], [116.4644687, 39.8761361], [116.4644682, 39.8762421], [116.4638769, 39.8762405]]]]}}, {"type": "Feature", "properties": {"building": "apartments", "source": "osm"}, "geometry": {"type": "MultiPolygon", "coordinates": [[[[116.4638903, 39.8765945], [116.4638908, 39.8764884], [116.4644822, 39.8764902], [116.4644817, 39.8765961], [116.4638903, 39.8765945]]]]}}, {"type": "Feature", "properties": {"building": "apartments", "source": "osm"}, "geometry": {"type": "MultiPolygon", "coordinates": [[[[116.4638864, 39.8769564], [116.4638869, 39.8768503], [116.4644783, 39.8768521], [116.4644778, 39.876958], [116.4638864, 39.8769564]]]]}}, {"type": "Feature", "properties": {"building": "apartments", "source": "osm"}, "geometry": {"type": "MultiPolygon", "coordinates": [[[[116.4682939, 39.8797496], [116.4684792, 39.8797491], [116.4684794, 39.8797757], [116.4686457, 39.8797752], [116.4686458, 39.8797977], [116.4688095, 39.8797973], [116.4688101, 39.8799205], [116.4686454, 39.879921], [116.4686454, 39.8799078], [116.4684662, 39.8799083], [116.4684661, 39.8798884], [116.4682945, 39.8798889], [116.4682939, 39.8797496]]]]}}, {"type": "Feature", "properties": {"building": "apartments", "source": "osm"}, "geometry": {"type": "MultiPolygon", "coordinates": [[[[116.4682926, 39.8793951], [116.468478, 39.8793945], [116.4684781, 39.8794211], [116.4686445, 39.8794207], [116.4686446, 39.8794432], [116.4688083, 39.8794427], [116.4688088, 39.879566], [116.4686442, 39.8795664], [116.4686442, 39.8795532], [116.468465, 39.8795538], [116.4684649, 39.8795338], [116.4682933, 39.8795343], [116.4682926, 39.8793951]]]]}}, {"type": "Feature", "properties": {"building": "apartments", "source": "osm"}, "geometry": {"type": "MultiPolygon", "coordinates": [[[[116.4689289, 39.8794637], [116.4691143, 39.8794631], [116.4691144, 39.8794897], [116.4692807, 39.8794892], [116.4692808, 39.8795117], [116.4694445, 39.8795113], [116.4694451, 39.8796346], [116.4692805, 39.879635], [116.4692804, 39.8796218], [116.4691012, 39.8796223], [116.4691011, 39.8796024], [116.4689296, 39.8796029], [116.4689289, 39.8794637]]]]}}, {"type": "Feature", "properties": {"building": "apartments", "source": "osm"}, "geometry": {"type": "MultiPolygon", "coordinates": [[[[116.4689289, 39.8798278], [116.4691143, 39.8798272], [116.4691144, 39.8798538], [116.4692807, 39.8798533], [116.4692808, 39.8798759], [116.4694445, 39.8798754], [116.4694451, 39.8799987], [116.4692805, 39.8799991], [116.4692804, 39.8799859], [116.4691012, 39.8799864], [116.4691011, 39.8799665], [116.4689296, 39.879967], [116.4689289, 39.8798278]]]]}}, {"type": "Feature", "properties": {"building": "apartments", "source": "osm"}, "geometry": {"type": "MultiPolygon", "coordinates": [[[[116.4695713, 39.8799212], [116.4697567, 39.8799206], [116.4697568, 39.8799472], [116.4699231, 39.8799467], [116.4699232, 39.8799692], [116.4700869, 39.8799688], [116.4700875, 39.8800921], [116.4699229, 39.8800925], [116.4699228, 39.8800793], [116.4697436, 39.8800798], [116.4697435, 39.8800599], [116.469572, 39.8800604], [116.4695713, 39.8799212]]]]}}, {"type": "Feature", "properties": {"building": "apartments", "source": "osm"}, "geometry": {"type": "MultiPolygon", "coordinates": [[[[116.4695605, 39.8795559], [116.4697459, 39.8795553], [116.469746, 39.8795819], [116.4699123, 39.8795814], [116.4699124, 39.879604], [116.4700761, 39.8796035], [116.4700767, 39.8797268], [116.4699121, 39.8797272], [116.469912, 39.879714], [116.4697328, 39.8797145], [116.4697327, 39.8796946], [116.4695612, 39.8796951], [116.4695605, 39.8795559]]]]}}, {"type": "Feature", "properties": {"building": "apartments", "source": "osm"}, "geometry": {"type": "MultiPolygon", "coordinates": [[[[116.4692625, 39.8776192], [116.4692631, 39.877493], [116.4700222, 39.8774952], [116.4700215, 39.8776214], [116.4692625, 39.8776192]]]]}}, {"type": "Feature", "properties": {"building": "apartments", "source": "osm"}, "geometry": {"type": "MultiPolygon", "coordinates": [[[[116.4692624, 39.8779899], [116.4692631, 39.8778637], [116.4700221, 39.8778659], [116.4700215, 39.8779922], [116.4692624, 39.8779899]]]]}}, {"type": "Feature", "properties": {"building": "apartments", "source": "osm"}, "geometry": {"type": "MultiPolygon", "coordinates": [[[[116.4693224, 39.8771269], [116.4700179, 39.8771232], [116.4700195, 39.8773058], [116.4699215, 39.8773063], [116.469921, 39.8772536], [116.4693235, 39.8772568], [116.4693224, 39.8771269]]]]}}, {"type": "Feature", "properties": {"building": "apartments", "source": "osm"}, "geometry": {"type": "MultiPolygon", "coordinates": [[[[116.4693171, 39.8767769], [116.4700127, 39.8767732], [116.4700143, 39.8769557], [116.4699163, 39.8769563], [116.4699158, 39.8769036], [116.4693183, 39.8769068], [116.4693171, 39.8767769]]]]}}, {"type": "Feature", "properties": {"building": "apartments", "source": "osm"}, "geometry": {"type": "MultiPolygon", "coordinates": [[[[116.4692629, 39.876371], [116.469343, 39.8763709], [116.4693431, 39.8764005], [116.4699606, 39.8763995], [116.4699605, 39.8763714], [116.4700174, 39.8763713], [116.4700179, 39.8765885], [116.4699659, 39.8765886], [116.4699658, 39.8765481], [116.4693442, 39.8765489], [116.4693443, 39.8765848], [116.4692634, 39.8765849], [116.4692629, 39.876371]]]]}}, {"type": "Feature", "properties": {"building": "apartments", "source": "osm"}, "geometry": {"type": "MultiPolygon", "coordinates": [[[[116.470115, 39.8775271], [116.4708906, 39.8775239], [116.470894, 39.8780114], [116.4701696, 39.8780144], [116.4701681, 39.8778032], [116.4701169, 39.8778034], [116.470115, 39.8775271]]]]}}, {"type": "Feature", "properties": {"building": "apartments", "source": "osm"}, "geometry": {"type": "MultiPolygon", "coordinates": [[[[116.4448571, 39.8787104], [116.4448573, 39.8785873], [116.4455958, 39.8785879], [116.4455956, 39.8786951], [116.445727, 39.8786952], [116.4457267, 39.8788512], [116.4455856, 39.8788511], [116.4455858, 39.8787109], [116.4448571, 39.8787104]]]]}}, {"type": "Feature", "properties": {"building": "apartments", "source": "osm"}, "geometry": {"type": "MultiPolygon", "coordinates": [[[[116.4448577, 39.8790711], [116.4448579, 39.878948], [116.4455964, 39.8789487], [116.4455963, 39.8790558], [116.4457276, 39.879056], [116.4457273, 39.8792119], [116.4455862, 39.8792118], [116.4455864, 39.8790717], [116.4448577, 39.8790711]]]]}}, {"type": "Feature", "properties": {"building": "apartments", "source": "osm"}, "geometry": {"type": "MultiPolygon", "coordinates": [[[[116.4448634, 39.8794061], [116.4448635, 39.879283], [116.4456021, 39.8792836], [116.4456019, 39.8793908], [116.4457332, 39.8793909], [116.445733, 39.8795469], [116.4455919, 39.8795468], [116.4455921, 39.8794066], [116.4448634, 39.8794061]]]]}}, {"type": "Feature", "properties": {"building": "apartments", "source": "osm"}, "geometry": {"type": "MultiPolygon", "coordinates": [[[[116.4448569, 39.879788], [116.444857, 39.8796649], [116.4455956, 39.8796656], [116.4455954, 39.8797727], [116.4457267, 39.8797729], [116.4457265, 39.8799288], [116.4455854, 39.8799287], [116.4455856, 39.8797885], [116.4448569, 39.879788]]]]}}, {"type": "Feature", "properties": {"building": "apartments", "source": "osm"}, "geometry": {"type": "MultiPolygon", "coordinates": [[[[116.4458858, 39.8785458], [116.446803, 39.8785381], [116.4468051, 39.8786854], [116.4458879, 39.878693], [116.4458858, 39.8785458]]]]}}, {"type": "Feature", "properties": {"building": "apartments", "source": "osm"}, "geometry": {"type": "MultiPolygon", "coordinates": [[[[116.4458851, 39.8789272], [116.4468023, 39.8789194], [116.4468044, 39.8790667], [116.4458872, 39.8790743], [116.4458851, 39.8789272]]]]}}, {"type": "Feature", "properties": {"building": "apartments", "source": "osm"}, "geometry": {"type": "MultiPolygon", "coordinates": [[[[116.4458744, 39.8793038], [116.4467916, 39.8792961], [116.4467937, 39.8794434], [116.4458764, 39.879451], [116.4458744, 39.8793038]]]]}}, {"type": "Feature", "properties": {"building": "apartments", "source": "osm"}, "geometry": {"type": "MultiPolygon", "coordinates": [[[[116.4458744, 39.8796517], [116.4467916, 39.879644], [116.4467937, 39.8797912], [116.4458764, 39.8797988], [116.4458744, 39.8796517]]]]}}, {"type": "Feature", "properties": {"building": "apartments", "source": "osm"}, "geometry": {"type": "MultiPolygon", "coordinates": [[[[116.4458878, 39.8800037], [116.446805, 39.8799959], [116.4468071, 39.8801432], [116.4458899, 39.8801508], [116.4458878, 39.8800037]]]]}}, {"type": "Feature", "properties": {"building": "apartments", "source": "osm"}, "geometry": {"type": "MultiPolygon", "coordinates": [[[[116.4441852, 39.8737863], [116.4445163, 39.8737826], [116.4445191, 39.8739312], [116.444188, 39.873935], [116.4441852, 39.8737863]]]]}}, {"type": "Feature", "properties": {"building": "apartments", "source": "osm"}, "geometry": {"type": "MultiPolygon", "coordinates": [[[[116.4441737, 39.8734382], [116.4445047, 39.8734345], [116.4445076, 39.8735832], [116.4441765, 39.8735869], [116.4441737, 39.8734382]]]]}}, {"type": "Feature", "properties": {"building": "apartments", "source": "osm"}, "geometry": {"type": "MultiPolygon", "coordinates": [[[[116.444186, 39.8741476], [116.4445171, 39.8741439], [116.4445199, 39.8742926], [116.4441888, 39.8742963], [116.444186, 39.8741476]]]]}}, {"type": "Feature", "properties": {"building": "apartments", "source": "osm"}, "geometry": {"type": "MultiPolygon", "coordinates": [[[[116.444186, 39.8745283], [116.4445171, 39.8745246], [116.4445199, 39.8746732], [116.4441888, 39.874677], [116.444186, 39.8745283]]]]}}, {"type": "Feature", "properties": {"building": "apartments", "source": "osm"}, "geometry": {"type": "MultiPolygon", "coordinates": [[[[116.4414996, 39.8727845], [116.4422698, 39.8727827], [116.4422704, 39.8729245], [116.4415002, 39.8729265], [116.4414996, 39.8727845]]]]}}, {"type": "Feature", "properties": {"building": "apartments", "source": "osm"}, "geometry": {"type": "MultiPolygon", "coordinates": [[[[116.4415304, 39.8731427], [116.4423006, 39.8731409], [116.4423012, 39.8732827], [116.441531, 39.8732847], [116.4415304, 39.8731427]]]]}}, {"type": "Feature", "properties": {"building": "apartments", "source": "osm"}, "geometry": {"type": "MultiPolygon", "coordinates": [[[[116.4429927, 39.8742103], [116.4433434, 39.8742098], [116.4433443, 39.8745712], [116.4429936, 39.8745717], [116.4429927, 39.8742103]]]]}}, {"type": "Feature", "properties": {"building": "apartments", "source": "osm"}, "geometry": {"type": "MultiPolygon", "coordinates": [[[[116.4436955, 39.8741849], [116.4440442, 39.8741844], [116.4440452, 39.8745702], [116.4436965, 39.8745707], [116.4436955, 39.8741849]]]]}}, {"type": "Feature", "properties": {"building": "apartments", "source": "osm"}, "geometry": {"type": "MultiPolygon", "coordinates": [[[[116.4417984, 39.8742197], [116.4420597, 39.8742161], [116.4420646, 39.8744298], [116.4423381, 39.8744261], [116.4423328, 39.8742], [116.4425814, 39.8741966], [116.4425899, 39.8745626], [116.4418066, 39.8745733], [116.4417984, 39.8742197]]]]}}, {"type": "Feature", "properties": {"building": "apartments", "source": "osm"}, "geometry": {"type": "MultiPolygon", "coordinates": [[[[116.4402774, 39.8733931], [116.4408339, 39.873389], [116.4408353, 39.8734961], [116.4402787, 39.8735002], [116.4402774, 39.8733931]]]]}}, {"type": "Feature", "properties": {"building": "apartments", "source": "osm"}, "geometry": {"type": "MultiPolygon", "coordinates": [[[[116.4402754, 39.8737148], [116.4408319, 39.8737106], [116.4408333, 39.8738177], [116.4402767, 39.8738218], [116.4402754, 39.8737148]]]]}}, {"type": "Feature", "properties": {"building": "apartments", "source": "osm"}, "geometry": {"type": "MultiPolygon", "coordinates": [[[[116.4416069, 39.8722449], [116.44161, 39.8720669], [116.4425277, 39.8720764], [116.4425246, 39.8722541], [116.4416069, 39.8722449]]]]}}, {"type": "Feature", "properties": {"building": "apartments", "source": "osm"}, "geometry": {"type": "MultiPolygon", "coordinates": [[[[116.440303, 39.8731425], [116.4403037, 39.8730012], [116.4408248, 39.8730028], [116.4408241, 39.873144], [116.440303, 39.8731425]]]]}}, {"type": "Feature", "properties": {"building": "apartments", "source": "osm"}, "geometry": {"type": "MultiPolygon", "coordinates": [[[[116.4409459, 39.8729711], [116.4409465, 39.8728298], [116.4414677, 39.8728313], [116.441467, 39.8729725], [116.4409459, 39.8729711]]]]}}, {"type": "Feature", "properties": {"building": "apartments", "source": "osm"}, "geometry": {"type": "MultiPolygon", "coordinates": [[[[116.4408665, 39.8731439], [116.4415062, 39.8731439], [116.4415062, 39.8732817], [116.4408665, 39.8732818], [116.4408665, 39.8731439]]]]}}, {"type": "Feature", "properties": {"building": "apartments", "source": "osm"}, "geometry": {"type": "MultiPolygon", "coordinates": [[[[116.4388635, 39.8731697], [116.438939, 39.8731508], [116.4389395, 39.8730589], [116.4390673, 39.8730593], [116.4390669, 39.8731496], [116.4391603, 39.8731716], [116.4391328, 39.8732404], [116.4390083, 39.8732111], [116.4388933, 39.8732399], [116.4388635, 39.8731697]]]]}}, {"type": "Feature", "properties": {"building": "apartments", "source": "osm"}, "geometry": {"type": "MultiPolygon", "coordinates": [[[[116.4390263, 39.8736815], [116.4391018, 39.8736626], [116.4391023, 39.8735708], [116.4392301, 39.8735712], [116.4392296, 39.8736614], [116.4393231, 39.8736835], [116.4392956, 39.8737523], [116.4391711, 39.8737229], [116.4390561, 39.8737517], [116.4390263, 39.8736815]]]]}}, {"type": "Feature", "properties": {"building": "apartments", "source": "osm"}, "geometry": {"type": "MultiPolygon", "coordinates": [[[[116.4456004, 39.8746745], [116.4456018, 39.8745356], [116.4460232, 39.874538], [116.4460218, 39.874677], [116.4456004, 39.8746745]]]]}}, {"type": "Feature", "properties": {"building": "apartments", "source": "osm"}, "geometry": {"type": "MultiPolygon", "coordinates": [[[[116.4469209, 39.8747067], [116.4469224, 39.8745678], [116.4473437, 39.8745703], [116.4473423, 39.8747092], [116.4469209, 39.8747067]]]]}}, {"type": "Feature", "properties": {"building": "apartments", "source": "osm"}, "geometry": {"type": "MultiPolygon", "coordinates": [[[[116.4461645, 39.8745116], [116.4467705, 39.8745069], [116.4467723, 39.8746406], [116.4461662, 39.8746454], [116.4461645, 39.8745116]]]]}}, {"type": "Feature", "properties": {"building": "apartments", "source": "osm"}, "geometry": {"type": "MultiPolygon", "coordinates": [[[[116.4449173, 39.8743922], [116.4449187, 39.8742533], [116.44534, 39.8742558], [116.4453386, 39.8743947], [116.4449173, 39.8743922]]]]}}, {"type": "Feature", "properties": {"building": "apartments", "source": "osm"}, "geometry": {"type": "MultiPolygon", "coordinates": [[[[116.4429025, 39.8723314], [116.4433851, 39.8723247], [116.4433886, 39.8724762], [116.442906, 39.8724827], [116.4429025, 39.8723314]]]]}}, {"type": "Feature", "properties": {"building": "apartments", "source": "osm"}, "geometry": {"type": "MultiPolygon", "coordinates": [[[[116.4435679, 39.872487], [116.443569, 39.8722502], [116.4440088, 39.8722515], [116.4440077, 39.8724881], [116.4435679, 39.872487]]]]}}, {"type": "Feature", "properties": {"building": "apartments", "source": "osm"}, "geometry": {"type": "MultiPolygon", "coordinates": [[[[116.4440414, 39.8719273], [116.4444491, 39.8719239], [116.4444514, 39.8720813], [116.4440437, 39.8720848], [116.4440414, 39.8719273]]]]}}, {"type": "Feature", "properties": {"building": "apartments", "source": "osm"}, "geometry": {"type": "MultiPolygon", "coordinates": [[[[116.4408451, 39.874499], [116.4408508, 39.8739725], [116.4411062, 39.8739741], [116.4411021, 39.8743445], [116.4415749, 39.8743476], [116.4415732, 39.8745036], [116.4408451, 39.874499]]]]}}, {"type": "Feature", "properties": {"building": "apartments", "source": "osm"}, "geometry": {"type": "MultiPolygon", "coordinates": [[[[116.4409855, 39.8734504], [116.4412179, 39.8734495], [116.4412201, 39.8737882], [116.4409879, 39.8737891], [116.4409855, 39.8734504]]]]}}, {"type": "Feature", "properties": {"building": "apartments", "source": "osm"}, "geometry": {"type": "MultiPolygon", "coordinates": [[[[116.4417518, 39.8740039], [116.4417533, 39.8738551], [116.4426052, 39.8738601], [116.4426074, 39.8736432], [116.4428179, 39.8736444], [116.4428144, 39.8740099], [116.4417518, 39.8740039]]]]}}, {"type": "Feature", "properties": {"building": "apartments", "source": "osm"}, "geometry": {"type": "MultiPolygon", "coordinates": [[[[116.4416925, 39.8734859], [116.4422003, 39.873485], [116.4422001, 39.8734113], [116.4428007, 39.8734103], [116.4428011, 39.87355], [116.4422004, 39.8735509], [116.4422005, 39.873602], [116.4416928, 39.8736028], [116.4416925, 39.8734859]]]]}}, {"type": "Feature", "properties": {"building": "yes", "office": "yes", "source": "osm"}, "geometry": {"type": "MultiPolygon", "coordinates": [[[[116.4434375, 39.8730728], [116.4434379, 39.8728809], [116.4442279, 39.8728819], [116.4442284, 39.8726414], [116.4444337, 39.8726417], [116.4444328, 39.8730742], [116.4434375, 39.8730728]]]]}}, {"type": "Feature", "properties": {"building": "yes", "office": "yes", "source": "osm"}, "geometry": {"type": "MultiPolygon", "coordinates": [[[[116.442973, 39.872678], [116.4429735, 39.8725533], [116.4432631, 39.8725541], [116.4432625, 39.8726672], [116.4433684, 39.8726675], [116.4433669, 39.8730279], [116.4432094, 39.8730275], [116.443211, 39.8726786], [116.442973, 39.872678]]]]}}, {"type": "Feature", "properties": {"building": "yes", "office": "yes", "source": "osm"}, "geometry": {"type": "MultiPolygon", "coordinates": [[[[116.4423621, 39.8732807], [116.4423631, 39.8731449], [116.4426661, 39.8731462], [116.4426651, 39.873282], [116.4423621, 39.8732807]]]]}}, {"type": "Feature", "properties": {"building": "yes", "office": "yes", "source": "osm"}, "geometry": {"type": "MultiPolygon", "coordinates": [[[[116.442431, 39.8729183], [116.442711, 39.8729162], [116.4427091, 39.8727696], [116.4429285, 39.8727679], [116.4429299, 39.872878], [116.4427576, 39.8728792], [116.4427603, 39.8730926], [116.4430067, 39.8730908], [116.443009, 39.8732784], [116.4427003, 39.8732807], [116.4426983, 39.8731179], [116.4424336, 39.8731199], [116.442431, 39.8729183]]]]}}, {"type": "Feature", "properties": {"building": "yes", "office": "research", "source": "osm"}, "geometry": {"type": "MultiPolygon", "coordinates": [[[[116.4442798, 39.8721745], [116.4444554, 39.8721723], [116.4444619, 39.872481], [116.4442864, 39.8724832], [116.4442798, 39.8721745]]]]}}, {"type": "Feature", "properties": {"building": "apartments", "source": "osm"}, "geometry": {"type": "MultiPolygon", "coordinates": [[[[116.4429996, 39.8735264], [116.4430005, 39.8733973], [116.4439216, 39.8734011], [116.4439212, 39.8734588], [116.4440661, 39.8734594], [116.4440652, 39.8735908], [116.4439006, 39.8735901], [116.443901, 39.8735301], [116.4429996, 39.8735264]]]]}}, {"type": "Feature", "properties": {"building": "apartments", "source": "osm"}, "geometry": {"type": "MultiPolygon", "coordinates": [[[[116.443216, 39.8737859], [116.4440565, 39.8737808], [116.4440581, 39.8739413], [116.4432176, 39.8739462], [116.443216, 39.8737859]]]]}}, {"type": "Feature", "properties": {"building": "hospital", "source": "osm"}, "geometry": {"type": "MultiPolygon", "coordinates": [[[[116.4423783, 39.8705986], [116.4425499, 39.8705925], [116.4430086, 39.8708333], [116.4430193, 39.8716176], [116.4423809, 39.8716341], [116.4423783, 39.8705986]]]]}}, {"type": "Feature", "properties": {"building": "apartments", "source": "osm"}, "geometry": {"type": "MultiPolygon", "coordinates": [[[[116.4396092, 39.8736104], [116.4396102, 39.8735629], [116.440167, 39.8735579], [116.4401686, 39.8736673], [116.4396119, 39.8736723], [116.4396092, 39.8736104]]]]}}, {"type": "Feature", "properties": {"building": "apartments", "source": "osm"}, "geometry": {"type": "MultiPolygon", "coordinates": [[[[116.4394225, 39.8738122], [116.4394264, 39.8736083], [116.4396092, 39.8736104], [116.4396075, 39.8737006], [116.440217, 39.8737076], [116.4402148, 39.8738212], [116.4394225, 39.8738122]]]]}}, {"type": "Feature", "properties": {"building": "apartments", "source": "osm"}, "geometry": {"type": "MultiPolygon", "coordinates": [[[[116.4393565, 39.8733341], [116.4393578, 39.8732242], [116.4400465, 39.8732293], [116.4400456, 39.8732998], [116.4401704, 39.8733008], [116.4401686, 39.8734469], [116.4400328, 39.8734459], [116.4400341, 39.8733391], [116.4393565, 39.8733341]]]]}}, {"type": "Feature", "properties": {"building": "apartments", "source": "osm"}, "geometry": {"type": "MultiPolygon", "coordinates": [[[[116.4392157, 39.8730334], [116.4392165, 39.8729233], [116.4400411, 39.8729268], [116.4400405, 39.8729971], [116.4401659, 39.8729977], [116.4401647, 39.8731439], [116.4400275, 39.8731433], [116.4400283, 39.873037], [116.4392157, 39.8730334]]]]}}, {"type": "Feature", "properties": {"building": "yes", "name": "北京人卫酒店", "source": "osm"}, "geometry": {"type": "MultiPolygon", "coordinates": [[[[116.4392383, 39.8740739], [116.4393427, 39.8740223], [116.4397231, 39.8739802], [116.4402009, 39.8740753], [116.4401991, 39.8741649], [116.4397815, 39.874207], [116.4394789, 39.8742029], [116.4396329, 39.8745126], [116.4395727, 39.874662], [116.4394223, 39.8745818], [116.4393781, 39.8742912], [116.4392383, 39.8740739]]]]}}, {"type": "Feature", "properties": {"building": "apartments", "source": "osm"}, "geometry": {"type": "MultiPolygon", "coordinates": [[[[116.4483987, 39.8773404], [116.4490817, 39.8773311], [116.4490804, 39.8772774], [116.4494693, 39.877272], [116.4494716, 39.8773741], [116.4496261, 39.877372], [116.4496314, 39.8775983], [116.4494847, 39.8776003], [116.44948, 39.8774014], [116.4490946, 39.8774067], [116.4490959, 39.8774634], [116.4484018, 39.8774728], [116.4483987, 39.8773404]]]]}}, {"type": "Feature", "properties": {"building": "apartments", "source": "osm"}, "geometry": {"type": "MultiPolygon", "coordinates": [[[[116.4484925, 39.8781569], [116.4489965, 39.8781503], [116.4489955, 39.8781074], [116.4494722, 39.8781011], [116.4494744, 39.8782033], [116.4496287, 39.8782012], [116.4496335, 39.878418], [116.4494996, 39.8784197], [116.4494951, 39.8782207], [116.4490091, 39.878227], [116.4490097, 39.8782528], [116.4484947, 39.8782595], [116.4484925, 39.8781569]]]]}}, {"type": "Feature", "properties": {"building": "apartments", "source": "osm"}, "geometry": {"type": "MultiPolygon", "coordinates": [[[[116.4484287, 39.8775907], [116.4485563, 39.877589], [116.4485593, 39.8777213], [116.4489299, 39.8777163], [116.4489307, 39.877755], [116.4496031, 39.8777461], [116.4496057, 39.8778615], [116.4489297, 39.8778705], [116.4489289, 39.8778353], [116.4485677, 39.8778401], [116.4485667, 39.8777978], [116.4484335, 39.8777996], [116.4484287, 39.8775907]]]]}}, {"type": "Feature", "properties": {"building": "apartments", "source": "osm"}, "geometry": {"type": "MultiPolygon", "coordinates": [[[[116.448431, 39.8783944], [116.4485576, 39.8783926], [116.4485607, 39.8785249], [116.4489314, 39.8785198], [116.4489323, 39.8785585], [116.4496049, 39.8785493], [116.4496076, 39.8786649], [116.448931, 39.8786742], [116.4489301, 39.878639], [116.4484369, 39.8786458], [116.448431, 39.8783944]]]]}}, {"type": "Feature", "properties": {"building": "apartments", "source": "osm"}, "geometry": {"type": "MultiPolygon", "coordinates": [[[[116.4509315, 39.8813477], [116.4517403, 39.8813356], [116.4517432, 39.8814513], [116.4509344, 39.8814633], [116.4509315, 39.8813477]]]]}}, {"type": "Feature", "properties": {"building": "apartments", "source": "osm"}, "geometry": {"type": "MultiPolygon", "coordinates": [[[[116.4509302, 39.8810278], [116.451739, 39.8810157], [116.4517419, 39.8811314], [116.4509331, 39.8811434], [116.4509302, 39.8810278]]]]}}, {"type": "Feature", "properties": {"building": "apartments", "source": "osm"}, "geometry": {"type": "MultiPolygon", "coordinates": [[[[116.4509442, 39.8816639], [116.451753, 39.8816518], [116.4517559, 39.8817675], [116.4509471, 39.8817795], [116.4509442, 39.8816639]]]]}}, {"type": "Feature", "properties": {"building": "apartments", "source": "osm"}, "geometry": {"type": "MultiPolygon", "coordinates": [[[[116.4509512, 39.8820241], [116.45176, 39.882012], [116.4517629, 39.8821276], [116.4509541, 39.8821396], [116.4509512, 39.8820241]]]]}}, {"type": "Feature", "properties": {"building": "apartments", "source": "osm"}, "geometry": {"type": "MultiPolygon", "coordinates": [[[[116.4509605, 39.8823896], [116.4517693, 39.8823775], [116.4517723, 39.8824932], [116.4509634, 39.8825052], [116.4509605, 39.8823896]]]]}}, {"type": "Feature", "properties": {"building": "apartments", "source": "osm"}, "geometry": {"type": "MultiPolygon", "coordinates": [[[[116.4501279, 39.8816773], [116.4508842, 39.8816698], [116.4508861, 39.8817845], [116.4501299, 39.881792], [116.4501279, 39.8816773]]]]}}, {"type": "Feature", "properties": {"building": "apartments", "source": "osm"}, "geometry": {"type": "MultiPolygon", "coordinates": [[[[116.4501327, 39.8820042], [116.4508889, 39.8819968], [116.4508909, 39.8821114], [116.4501346, 39.882119], [116.4501327, 39.8820042]]]]}}, {"type": "Feature", "properties": {"building": "apartments", "source": "osm"}, "geometry": {"type": "MultiPolygon", "coordinates": [[[[116.4501397, 39.8823052], [116.4508959, 39.8822978], [116.4508979, 39.8824125], [116.4501416, 39.88242], [116.4501397, 39.8823052]]]]}}, {"type": "Feature", "properties": {"building": "apartments", "source": "osm"}, "geometry": {"type": "MultiPolygon", "coordinates": [[[[116.4518279, 39.8813394], [116.4525842, 39.881332], [116.4525861, 39.8814467], [116.4518298, 39.8814542], [116.4518279, 39.8813394]]]]}}, {"type": "Feature", "properties": {"building": "apartments", "source": "osm"}, "geometry": {"type": "MultiPolygon", "coordinates": [[[[116.4518209, 39.8810151], [116.4525771, 39.8810077], [116.4525791, 39.8811224], [116.4518228, 39.8811299], [116.4518209, 39.8810151]]]]}}, {"type": "Feature", "properties": {"building": "apartments", "source": "osm"}, "geometry": {"type": "MultiPolygon", "coordinates": [[[[116.4514407, 39.8803958], [116.4516234, 39.8803951], [116.4516237, 39.880441], [116.452003, 39.8804396], [116.4520037, 39.8805536], [116.4516153, 39.880555], [116.4516151, 39.8805138], [116.4514415, 39.8805145], [116.4514407, 39.8803958]]]]}}, {"type": "Feature", "properties": {"building": "apartments", "source": "osm"}, "geometry": {"type": "MultiPolygon", "coordinates": [[[[116.4521012, 39.8803999], [116.452284, 39.8803992], [116.4522843, 39.8804451], [116.4526635, 39.8804437], [116.4526642, 39.8805577], [116.4522759, 39.8805591], [116.4522756, 39.8805179], [116.452102, 39.8805186], [116.4521012, 39.8803999]]]]}}, {"type": "Feature", "properties": {"building": "apartments", "source": "osm"}, "geometry": {"type": "MultiPolygon", "coordinates": [[[[116.4507841, 39.8803893], [116.4509668, 39.8803886], [116.4509671, 39.8804345], [116.4513464, 39.880433], [116.4513471, 39.880547], [116.4509587, 39.8805485], [116.4509584, 39.8805073], [116.4507849, 39.880508], [116.4507841, 39.8803893]]]]}}, {"type": "Feature", "properties": {"building": "apartments", "source": "osm"}, "geometry": {"type": "MultiPolygon", "coordinates": [[[[116.4419003, 39.8813604], [116.44247, 39.8813604], [116.44247, 39.8814715], [116.4419003, 39.8814715], [116.4419003, 39.8813604]]]]}}, {"type": "Feature", "properties": {"building": "apartments", "source": "osm"}, "geometry": {"type": "MultiPolygon", "coordinates": [[[[116.4418911, 39.8810038], [116.4424607, 39.8810038], [116.4424607, 39.8811149], [116.4418911, 39.881115], [116.4418911, 39.8810038]]]]}}, {"type": "Feature", "properties": {"building": "apartments", "source": "osm"}, "geometry": {"type": "MultiPolygon", "coordinates": [[[[116.4418887, 39.8806418], [116.4424584, 39.8806419], [116.4424584, 39.880753], [116.4418887, 39.880753], [116.4418887, 39.8806418]]]]}}, {"type": "Feature", "properties": {"building": "apartments", "source": "osm"}, "geometry": {"type": "MultiPolygon", "coordinates": [[[[116.4418887, 39.8804627], [116.4424584, 39.8804627], [116.4424584, 39.8805738], [116.4418887, 39.8805738], [116.4418887, 39.8804627]]]]}}, {"type": "Feature", "properties": {"building": "apartments", "source": "osm"}, "geometry": {"type": "MultiPolygon", "coordinates": [[[[116.4404089, 39.8804844], [116.4409786, 39.8804844], [116.4409786, 39.8805955], [116.4404089, 39.8805956], [116.4404089, 39.8804844]]]]}}, {"type": "Feature", "properties": {"building": "apartments", "source": "osm"}, "geometry": {"type": "MultiPolygon", "coordinates": [[[[116.4404346, 39.8806295], [116.4410043, 39.8806296], [116.4410043, 39.8807407], [116.4404346, 39.8807407], [116.4404346, 39.8806295]]]]}}, {"type": "Feature", "properties": {"building": "apartments", "source": "osm"}, "geometry": {"type": "MultiPolygon", "coordinates": [[[[116.4404486, 39.881022], [116.4410183, 39.881022], [116.4410183, 39.8811331], [116.4404486, 39.8811331], [116.4404486, 39.881022]]]]}}, {"type": "Feature", "properties": {"building": "apartments", "source": "osm"}, "geometry": {"type": "MultiPolygon", "coordinates": [[[[116.4404556, 39.8813893], [116.4410253, 39.8813893], [116.4410253, 39.8815004], [116.4404556, 39.8815004], [116.4404556, 39.8813893]]]]}}, {"type": "Feature", "properties": {"building": "apartments", "source": "osm"}, "geometry": {"type": "MultiPolygon", "coordinates": [[[[116.4632531, 39.8754095], [116.4637582, 39.8754088], [116.4637584, 39.8755227], [116.4632533, 39.8755233], [116.4632531, 39.8754095]]]]}}, {"type": "Feature", "properties": {"building": "apartments", "source": "osm"}, "geometry": {"type": "MultiPolygon", "coordinates": [[[[116.4626204, 39.8754091], [116.4631255, 39.8754084], [116.4631257, 39.8755224], [116.4626206, 39.8755229], [116.4626204, 39.8754091]]]]}}, {"type": "Feature", "properties": {"building": "apartments", "source": "osm"}, "geometry": {"type": "MultiPolygon", "coordinates": [[[[116.4632546, 39.8750503], [116.4637597, 39.8750496], [116.46376, 39.8751636], [116.4632548, 39.8751641], [116.4632546, 39.8750503]]]]}}, {"type": "Feature", "properties": {"building": "apartments", "source": "osm"}, "geometry": {"type": "MultiPolygon", "coordinates": [[[[116.4632566, 39.875757], [116.4637618, 39.8757563], [116.463762, 39.8758702], [116.4632569, 39.8758708], [116.4632566, 39.875757]]]]}}, {"type": "Feature", "properties": {"building": "apartments", "source": "osm"}, "geometry": {"type": "MultiPolygon", "coordinates": [[[[116.4632566, 39.8761204], [116.4637618, 39.8761198], [116.463762, 39.8762337], [116.4632569, 39.8762343], [116.4632566, 39.8761204]]]]}}, {"type": "Feature", "properties": {"building": "apartments", "source": "osm"}, "geometry": {"type": "MultiPolygon", "coordinates": [[[[116.4632543, 39.8771953], [116.4637594, 39.8771947], [116.4637596, 39.8773086], [116.4632545, 39.8773092], [116.4632543, 39.8771953]]]]}}, {"type": "Feature", "properties": {"building": "apartments", "source": "osm"}, "geometry": {"type": "MultiPolygon", "coordinates": [[[[116.4632565, 39.8775424], [116.4637616, 39.8775417], [116.4637618, 39.8776556], [116.4632567, 39.8776562], [116.4632565, 39.8775424]]]]}}, {"type": "Feature", "properties": {"building": "apartments", "source": "osm"}, "geometry": {"type": "MultiPolygon", "coordinates": [[[[116.4626141, 39.877553], [116.4631192, 39.8775524], [116.4631194, 39.8776663], [116.4626143, 39.8776668], [116.4626141, 39.877553]]]]}}, {"type": "Feature", "properties": {"building": "apartments", "source": "osm"}, "geometry": {"type": "MultiPolygon", "coordinates": [[[[116.4632549, 39.8778967], [116.46376, 39.8778961], [116.4637602, 39.87801], [116.4632551, 39.8780105], [116.4632549, 39.8778967]]]]}}, {"type": "Feature", "properties": {"building": "apartments", "source": "osm"}, "geometry": {"type": "MultiPolygon", "coordinates": [[[[116.4621757, 39.8782676], [116.4623725, 39.8782641], [116.4623714, 39.878229], [116.4624837, 39.8782271], [116.4624864, 39.8783169], [116.4625341, 39.8783161], [116.4625382, 39.8784555], [116.4624501, 39.878457], [116.4624492, 39.8784267], [116.462291, 39.8784294], [116.4622919, 39.8784614], [116.4621816, 39.8784634], [116.4621757, 39.8782676]]]]}}, {"type": "Feature", "properties": {"building": "apartments", "source": "osm"}, "geometry": {"type": "MultiPolygon", "coordinates": [[[[116.4627468, 39.8782793], [116.4629436, 39.8782758], [116.4629425, 39.8782407], [116.4630548, 39.8782388], [116.4630575, 39.8783286], [116.4631052, 39.8783278], [116.4631093, 39.8784672], [116.4630212, 39.8784687], [116.4630203, 39.8784384], [116.4628621, 39.8784411], [116.462863, 39.8784731], [116.4627527, 39.8784751], [116.4627468, 39.8782793]]]]}}, {"type": "Feature", "properties": {"building": "apartments", "source": "osm"}, "geometry": {"type": "MultiPolygon", "coordinates": [[[[116.4632997, 39.8782918], [116.4634965, 39.8782883], [116.4634954, 39.8782532], [116.4636077, 39.8782512], [116.4636104, 39.8783411], [116.4636581, 39.8783402], [116.4636622, 39.8784797], [116.4635741, 39.8784812], [116.4635733, 39.8784508], [116.463415, 39.8784536], [116.4634159, 39.8784856], [116.4633056, 39.8784875], [116.4632997, 39.8782918]]]]}}, {"type": "Feature", "properties": {"building": "apartments", "source": "osm"}, "geometry": {"type": "MultiPolygon", "coordinates": [[[[116.4536371, 39.8779018], [116.4539443, 39.8778976], [116.4539496, 39.8781291], [116.4536425, 39.8781333], [116.4536371, 39.8779018]]]]}}, {"type": "Feature", "properties": {"building": "apartments", "source": "osm"}, "geometry": {"type": "MultiPolygon", "coordinates": [[[[116.4539064, 39.8773627], [116.4542136, 39.8773585], [116.4542189, 39.8775901], [116.4539118, 39.8775942], [116.4539064, 39.8773627]]]]}}, {"type": "Feature", "properties": {"building": "apartments", "source": "osm"}, "geometry": {"type": "MultiPolygon", "coordinates": [[[[116.4536248, 39.8768234], [116.4539319, 39.8768192], [116.4539372, 39.8770508], [116.4536301, 39.8770549], [116.4536248, 39.8768234]]]]}}, {"type": "Feature", "properties": {"building": "apartments", "source": "osm"}, "geometry": {"type": "MultiPolygon", "coordinates": [[[[116.4533165, 39.8760559], [116.4536236, 39.8760517], [116.4536289, 39.8762832], [116.4533218, 39.8762874], [116.4533165, 39.8760559]]]]}}, {"type": "Feature", "properties": {"building": "apartments", "source": "osm"}, "geometry": {"type": "MultiPolygon", "coordinates": [[[[116.4538905, 39.8762638], [116.4541976, 39.8762596], [116.4542029, 39.8764911], [116.4538958, 39.8764953], [116.4538905, 39.8762638]]]]}}, {"type": "Feature", "properties": {"building": "apartments", "source": "osm"}, "geometry": {"type": "MultiPolygon", "coordinates": [[[[116.4526325, 39.876377], [116.4529396, 39.8763728], [116.4529449, 39.8766043], [116.4526378, 39.8766085], [116.4526325, 39.876377]]]]}}, {"type": "Feature", "properties": {"building": "apartments", "source": "osm"}, "geometry": {"type": "MultiPolygon", "coordinates": [[[[116.4520183, 39.8761691], [116.4523254, 39.8761649], [116.4523307, 39.8763964], [116.4520236, 39.8764006], [116.4520183, 39.8761691]]]]}}, {"type": "Feature", "properties": {"building": "apartments", "source": "osm"}, "geometry": {"type": "MultiPolygon", "coordinates": [[[[116.4492783, 39.8755901], [116.4495854, 39.8755859], [116.4495908, 39.8758174], [116.4492836, 39.8758216], [116.4492783, 39.8755901]]]]}}, {"type": "Feature", "properties": {"building": "apartments", "source": "osm"}, "geometry": {"type": "MultiPolygon", "coordinates": [[[[116.4492989, 39.8763668], [116.449606, 39.8763627], [116.4496114, 39.8765942], [116.4493042, 39.8765983], [116.4492989, 39.8763668]]]]}}, {"type": "Feature", "properties": {"building": "apartments", "source": "osm"}, "geometry": {"type": "MultiPolygon", "coordinates": [[[[116.4482421, 39.8765912], [116.4485493, 39.876587], [116.4485546, 39.8768186], [116.4482475, 39.8768227], [116.4482421, 39.8765912]]]]}}, {"type": "Feature", "properties": {"building": "apartments", "source": "osm"}, "geometry": {"type": "MultiPolygon", "coordinates": [[[[116.4624571, 39.8811407], [116.4627642, 39.8811401], [116.4627651, 39.8814489], [116.462458, 39.8814494], [116.4624571, 39.8811407]]]]}}, {"type": "Feature", "properties": {"building": "apartments", "source": "osm"}, "geometry": {"type": "MultiPolygon", "coordinates": [[[[116.4630911, 39.8811815], [116.4634062, 39.8811804], [116.4634079, 39.8814823], [116.4630928, 39.8814833], [116.4630911, 39.8811815]]]]}}, {"type": "Feature", "properties": {"building": "apartments", "source": "osm"}, "geometry": {"type": "MultiPolygon", "coordinates": [[[[116.4618008, 39.8807397], [116.4621159, 39.8807386], [116.4621176, 39.8810404], [116.4618025, 39.8810415], [116.4618008, 39.8807397]]]]}}, {"type": "Feature", "properties": {"building": "apartments", "source": "osm"}, "geometry": {"type": "MultiPolygon", "coordinates": [[[[116.4618008, 39.8819829], [116.4621159, 39.8819818], [116.4621176, 39.8822837], [116.4618025, 39.8822847], [116.4618008, 39.8819829]]]]}}, {"type": "Feature", "properties": {"building": "apartments", "source": "osm"}, "geometry": {"type": "MultiPolygon", "coordinates": [[[[116.4624554, 39.8819735], [116.4627705, 39.8819725], [116.4627721, 39.8822743], [116.4624571, 39.8822753], [116.4624554, 39.8819735]]]]}}, {"type": "Feature", "properties": {"building": "apartments", "source": "osm"}, "geometry": {"type": "MultiPolygon", "coordinates": [[[[116.4630957, 39.8819642], [116.4634108, 39.8819631], [116.4634125, 39.8822649], [116.4630974, 39.882266], [116.4630957, 39.8819642]]]]}}, {"type": "Feature", "properties": {"building": "apartments", "source": "osm"}, "geometry": {"type": "MultiPolygon", "coordinates": [[[[116.4461151, 39.8764933], [116.4464352, 39.8764908], [116.4464391, 39.8767841], [116.446119, 39.8767866], [116.4461151, 39.8764933]]]]}}, {"type": "Feature", "properties": {"building": "apartments", "source": "osm"}, "geometry": {"type": "MultiPolygon", "coordinates": [[[[116.4455088, 39.876489], [116.4458289, 39.8764865], [116.4458328, 39.8767798], [116.4455127, 39.8767823], [116.4455088, 39.876489]]]]}}, {"type": "Feature", "properties": {"building": "apartments", "source": "osm"}, "geometry": {"type": "MultiPolygon", "coordinates": [[[[116.4448807, 39.8764953], [116.4452008, 39.8764928], [116.4452047, 39.876786], [116.4448846, 39.8767885], [116.4448807, 39.8764953]]]]}}, {"type": "Feature", "properties": {"building": "apartments", "source": "osm"}, "geometry": {"type": "MultiPolygon", "coordinates": [[[[116.4405984, 39.8751417], [116.4409043, 39.8751395], [116.4409075, 39.8754149], [116.4406017, 39.875417], [116.4405984, 39.8751417]]]]}}, {"type": "Feature", "properties": {"building": "apartments", "source": "osm"}, "geometry": {"type": "MultiPolygon", "coordinates": [[[[116.4412285, 39.87513], [116.4415344, 39.8751279], [116.4415377, 39.8754032], [116.4412318, 39.8754054], [116.4412285, 39.87513]]]]}}, {"type": "Feature", "properties": {"building": "apartments", "source": "osm"}, "geometry": {"type": "MultiPolygon", "coordinates": [[[[116.4402845, 39.879308], [116.4405437, 39.8793068], [116.4405444, 39.879403], [116.4414806, 39.8793988], [116.4414816, 39.8795338], [116.4405455, 39.879538], [116.440545, 39.8794808], [116.4402859, 39.879482], [116.4402845, 39.879308]]]]}}, {"type": "Feature", "properties": {"building": "apartments", "source": "osm"}, "geometry": {"type": "MultiPolygon", "coordinates": [[[[116.440403, 39.8787649], [116.4406621, 39.8787637], [116.4406629, 39.8788598], [116.4415991, 39.8788556], [116.4416001, 39.8789907], [116.4406639, 39.8789949], [116.4406635, 39.8789376], [116.4404043, 39.8789388], [116.440403, 39.8787649]]]]}}, {"type": "Feature", "properties": {"building": "apartments", "source": "osm"}, "geometry": {"type": "MultiPolygon", "coordinates": [[[[116.4405156, 39.8782133], [116.4407748, 39.878212], [116.4407755, 39.8783082], [116.4417117, 39.878304], [116.4417127, 39.878439], [116.4407766, 39.8784432], [116.4407761, 39.878386], [116.440517, 39.8783872], [116.4405156, 39.8782133]]]]}}, {"type": "Feature", "properties": {"building": "apartments", "source": "osm"}, "geometry": {"type": "MultiPolygon", "coordinates": [[[[116.4401777, 39.8798496], [116.4404368, 39.8798484], [116.4404376, 39.8799446], [116.4413738, 39.8799403], [116.4413748, 39.8800754], [116.4404386, 39.8800796], [116.4404382, 39.8800223], [116.440179, 39.8800235], [116.4401777, 39.8798496]]]]}}, {"type": "Feature", "properties": {"building": "apartments", "source": "osm"}, "geometry": {"type": "MultiPolygon", "coordinates": [[[[116.4423014, 39.8800536], [116.4424971, 39.8800492], [116.4425033, 39.8802092], [116.4423076, 39.8802137], [116.4423014, 39.8800536]]]]}}, {"type": "Feature", "properties": {"building": "apartments", "source": "osm"}, "geometry": {"type": "MultiPolygon", "coordinates": [[[[116.4419332, 39.8797998], [116.4421289, 39.8797953], [116.4421351, 39.8799553], [116.4419394, 39.8799598], [116.4419332, 39.8797998]]]]}}, {"type": "Feature", "properties": {"building": "apartments", "source": "osm"}, "geometry": {"type": "MultiPolygon", "coordinates": [[[[116.442298, 39.8795445], [116.4424937, 39.8795401], [116.4424999, 39.8797001], [116.4423042, 39.8797046], [116.442298, 39.8795445]]]]}}, {"type": "Feature", "properties": {"building": "apartments", "source": "osm"}, "geometry": {"type": "MultiPolygon", "coordinates": [[[[116.4415819, 39.8795445], [116.4417776, 39.8795401], [116.4417838, 39.8797001], [116.4415881, 39.8797046], [116.4415819, 39.8795445]]]]}}, {"type": "Feature", "properties": {"building": "apartments", "source": "osm"}, "geometry": {"type": "MultiPolygon", "coordinates": [[[[116.4415846, 39.8800571], [116.4417803, 39.8800526], [116.4417864, 39.8802126], [116.4415908, 39.8802171], [116.4415846, 39.8800571]]]]}}, {"type": "Feature", "properties": {"building": "apartments", "source": "osm"}, "geometry": {"type": "MultiPolygon", "coordinates": [[[[116.4460091, 39.8804121], [116.4467467, 39.8804095], [116.4467473, 39.8805176], [116.4460097, 39.8805201], [116.4460091, 39.8804121]]]]}}, {"type": "Feature", "properties": {"building": "apartments", "source": "osm"}, "geometry": {"type": "MultiPolygon", "coordinates": [[[[116.4460218, 39.880778], [116.4467594, 39.8807754], [116.44676, 39.8808835], [116.4460224, 39.880886], [116.4460218, 39.880778]]]]}}, {"type": "Feature", "properties": {"building": "apartments", "source": "osm"}, "geometry": {"type": "MultiPolygon", "coordinates": [[[[116.4460137, 39.8811382], [116.4467513, 39.8811356], [116.446752, 39.8812437], [116.4460144, 39.8812462], [116.4460137, 39.8811382]]]]}}, {"type": "Feature", "properties": {"building": "apartments", "source": "osm"}, "geometry": {"type": "MultiPolygon", "coordinates": [[[[116.4468997, 39.8820461], [116.4476373, 39.8820434], [116.4476379, 39.8821515], [116.4469003, 39.8821541], [116.4468997, 39.8820461]]]]}}, {"type": "Feature", "properties": {"building": "apartments", "source": "osm"}, "geometry": {"type": "MultiPolygon", "coordinates": [[[[116.4486176, 39.8804251], [116.4489408, 39.8804201], [116.4489485, 39.8807101], [116.4486252, 39.8807152], [116.4486176, 39.8804251]]]]}}, {"type": "Feature", "properties": {"building": "apartments", "source": "osm"}, "geometry": {"type": "MultiPolygon", "coordinates": [[[[116.4478105, 39.880433], [116.4481338, 39.880428], [116.4481415, 39.880718], [116.4478182, 39.8807231], [116.4478105, 39.880433]]]]}}, {"type": "Feature", "properties": {"building": "apartments", "source": "osm"}, "geometry": {"type": "MultiPolygon", "coordinates": [[[[116.4502587, 39.8797555], [116.450582, 39.8797505], [116.4505897, 39.8800406], [116.4502664, 39.8800456], [116.4502587, 39.8797555]]]]}}, {"type": "Feature", "properties": {"building": "apartments", "source": "osm"}, "geometry": {"type": "MultiPolygon", "coordinates": [[[[116.4502559, 39.8790432], [116.4505793, 39.8790383], [116.450587, 39.8793284], [116.4502637, 39.8793335], [116.4502559, 39.8790432]]]]}}, {"type": "Feature", "properties": {"building": "apartments", "source": "osm"}, "geometry": {"type": "MultiPolygon", "coordinates": [[[[116.4502462, 39.8783246], [116.4505695, 39.8783195], [116.4505771, 39.8786096], [116.4502539, 39.8786147], [116.4502462, 39.8783246]]]]}}, {"type": "Feature", "properties": {"building": "apartments", "source": "osm"}, "geometry": {"type": "MultiPolygon", "coordinates": [[[[116.4557277, 39.8801531], [116.4563222, 39.8801448], [116.4563255, 39.8802831], [116.455731, 39.8802915], [116.4557277, 39.8801531]]]]}}, {"type": "Feature", "properties": {"building": "apartments", "source": "osm"}, "geometry": {"type": "MultiPolygon", "coordinates": [[[[116.4557029, 39.8798341], [116.4562975, 39.8798258], [116.4563007, 39.8799641], [116.4557062, 39.8799725], [116.4557029, 39.8798341]]]]}}, {"type": "Feature", "properties": {"building": "apartments", "source": "osm"}, "geometry": {"type": "MultiPolygon", "coordinates": [[[[116.4556959, 39.8795353], [116.4562904, 39.879527], [116.4562937, 39.8796653], [116.4556992, 39.8796737], [116.4556959, 39.8795353]]]]}}, {"type": "Feature", "properties": {"building": "apartments", "source": "osm"}, "geometry": {"type": "MultiPolygon", "coordinates": [[[[116.4557171, 39.8804587], [116.4563116, 39.8804504], [116.4563149, 39.8805887], [116.4557204, 39.8805971], [116.4557171, 39.8804587]]]]}}, {"type": "Feature", "properties": {"building": "apartments", "source": "osm"}, "geometry": {"type": "MultiPolygon", "coordinates": [[[[116.4571977, 39.8798315], [116.4577922, 39.8798232], [116.4577955, 39.8799615], [116.457201, 39.8799699], [116.4571977, 39.8798315]]]]}}, {"type": "Feature", "properties": {"building": "apartments", "source": "osm"}, "geometry": {"type": "MultiPolygon", "coordinates": [[[[116.4572396, 39.8801502], [116.4579866, 39.8801401], [116.4579895, 39.8802645], [116.4572425, 39.8802747], [116.4572396, 39.8801502]]]]}}, {"type": "Feature", "properties": {"building": "apartments", "source": "osm"}, "geometry": {"type": "MultiPolygon", "coordinates": [[[[116.4581623, 39.8801357], [116.4589093, 39.8801256], [116.4589122, 39.8802501], [116.4581652, 39.8802603], [116.4581623, 39.8801357]]]]}}, {"type": "Feature", "properties": {"building": "apartments", "source": "osm"}, "geometry": {"type": "MultiPolygon", "coordinates": [[[[116.4581838, 39.8804301], [116.4589308, 39.88042], [116.4589337, 39.8805444], [116.4581866, 39.8805546], [116.4581838, 39.8804301]]]]}}, {"type": "Feature", "properties": {"building": "apartments", "source": "osm"}, "geometry": {"type": "MultiPolygon", "coordinates": [[[[116.4572557, 39.8804548], [116.4580027, 39.8804447], [116.4580056, 39.8805691], [116.4572586, 39.8805793], [116.4572557, 39.8804548]]]]}}, {"type": "Feature", "properties": {"building": "apartments", "source": "osm"}, "geometry": {"type": "MultiPolygon", "coordinates": [[[[116.4564082, 39.8804548], [116.4571552, 39.8804447], [116.457158, 39.8805691], [116.456411, 39.8805793], [116.4564082, 39.8804548]]]]}}, {"type": "Feature", "properties": {"building": "apartments", "source": "osm"}, "geometry": {"type": "MultiPolygon", "coordinates": [[[[116.4564055, 39.8801646], [116.4571525, 39.8801545], [116.4571554, 39.8802789], [116.4564083, 39.8802891], [116.4564055, 39.8801646]]]]}}, {"type": "Feature", "properties": {"building": "apartments", "source": "osm"}, "geometry": {"type": "MultiPolygon", "coordinates": [[[[116.4563974, 39.8798414], [116.4571444, 39.8798313], [116.4571473, 39.8799558], [116.4564003, 39.879966], [116.4563974, 39.8798414]]]]}}, {"type": "Feature", "properties": {"building": "apartments", "source": "osm"}, "geometry": {"type": "MultiPolygon", "coordinates": [[[[116.4563984, 39.8795339], [116.4571969, 39.8795233], [116.4571995, 39.8796361], [116.456401, 39.8796467], [116.4563984, 39.8795339]]]]}}, {"type": "Feature", "properties": {"building": "apartments", "source": "osm"}, "geometry": {"type": "MultiPolygon", "coordinates": [[[[116.4563915, 39.8792651], [116.45719, 39.8792546], [116.4571925, 39.8793673], [116.456394, 39.879378], [116.4563915, 39.8792651]]]]}}, {"type": "Feature", "properties": {"building": "apartments", "source": "osm"}, "geometry": {"type": "MultiPolygon", "coordinates": [[[[116.4563892, 39.87893], [116.4571877, 39.8789195], [116.4571902, 39.8790323], [116.4563917, 39.8790429], [116.4563892, 39.87893]]]]}}, {"type": "Feature", "properties": {"building": "apartments", "source": "osm"}, "geometry": {"type": "MultiPolygon", "coordinates": [[[[116.4557753, 39.8815332], [116.4563191, 39.8815291], [116.4563208, 39.8816633], [116.4557771, 39.8816674], [116.4557753, 39.8815332]]]]}}, {"type": "Feature", "properties": {"building": "apartments", "source": "osm"}, "geometry": {"type": "MultiPolygon", "coordinates": [[[[116.4557749, 39.8812373], [116.4563186, 39.8812331], [116.4563203, 39.8813673], [116.4557766, 39.8813714], [116.4557749, 39.8812373]]]]}}, {"type": "Feature", "properties": {"building": "apartments", "source": "osm"}, "geometry": {"type": "MultiPolygon", "coordinates": [[[[116.4557728, 39.8809549], [116.4563166, 39.8809508], [116.4563183, 39.8810849], [116.4557745, 39.8810891], [116.4557728, 39.8809549]]]]}}, {"type": "Feature", "properties": {"building": "apartments", "source": "osm"}, "geometry": {"type": "MultiPolygon", "coordinates": [[[[116.4555166, 39.8797754], [116.4556617, 39.8797746], [116.4556642, 39.8800543], [116.4555191, 39.8800551], [116.4555166, 39.8797754]]]]}}, {"type": "Feature", "properties": {"building": "apartments", "source": "osm"}, "geometry": {"type": "MultiPolygon", "coordinates": [[[[116.455521, 39.8801577], [116.4556317, 39.8801575], [116.4556327, 39.8806012], [116.4555221, 39.8806014], [116.455521, 39.8801577]]]]}}, {"type": "Feature", "properties": {"building": "apartments", "source": "osm"}, "geometry": {"type": "MultiPolygon", "coordinates": [[[[116.4563352, 39.8760299], [116.4564965, 39.8760283], [116.4564954, 39.8759612], [116.4567131, 39.875959], [116.4567161, 39.8761359], [116.4565524, 39.8761376], [116.4565538, 39.8762193], [116.4563384, 39.8762214], [116.4563352, 39.8760299]]]]}}, {"type": "Feature", "properties": {"building": "apartments", "source": "osm"}, "geometry": {"type": "MultiPolygon", "coordinates": [[[[116.4563259, 39.8755729], [116.4564872, 39.8755713], [116.4564861, 39.8755042], [116.4567038, 39.875502], [116.4567068, 39.8756789], [116.4565431, 39.8756806], [116.4565445, 39.8757622], [116.4563291, 39.8757644], [116.4563259, 39.8755729]]]]}}, {"type": "Feature", "properties": {"building": "apartments", "source": "osm"}, "geometry": {"type": "MultiPolygon", "coordinates": [[[[116.4554362, 39.8755801], [116.4555976, 39.8755785], [116.4555964, 39.8755114], [116.4558141, 39.8755092], [116.4558172, 39.8756861], [116.4556535, 39.8756877], [116.4556549, 39.8757694], [116.4554394, 39.8757715], [116.4554362, 39.8755801]]]]}}, {"type": "Feature", "properties": {"building": "apartments", "source": "osm"}, "geometry": {"type": "MultiPolygon", "coordinates": [[[[116.4554269, 39.8761159], [116.4555882, 39.8761143], [116.4555871, 39.8760472], [116.4558048, 39.876045], [116.4558078, 39.8762219], [116.4556442, 39.8762235], [116.4556455, 39.8763052], [116.4554301, 39.8763073], [116.4554269, 39.8761159]]]]}}, {"type": "Feature", "properties": {"building": "apartments", "source": "osm"}, "geometry": {"type": "MultiPolygon", "coordinates": [[[[116.4558122, 39.8763632], [116.4559735, 39.8763616], [116.4559724, 39.8762944], [116.4561901, 39.8762923], [116.4561931, 39.8764692], [116.4560294, 39.8764708], [116.4560308, 39.8765525], [116.4558154, 39.8765546], [116.4558122, 39.8763632]]]]}}, {"type": "Feature", "properties": {"building": "apartments", "source": "osm"}, "geometry": {"type": "MultiPolygon", "coordinates": [[[[116.4572766, 39.8795135], [116.4577124, 39.8795105], [116.4577138, 39.8796267], [116.457278, 39.8796298], [116.4572766, 39.8795135]]]]}}, {"type": "Feature", "properties": {"building": "apartments", "source": "osm"}, "geometry": {"type": "MultiPolygon", "coordinates": [[[[116.4572678, 39.8792515], [116.4576767, 39.8792477], [116.4576784, 39.8793526], [116.4572694, 39.8793564], [116.4572678, 39.8792515]]]]}}, {"type": "Feature", "properties": {"building": "apartments", "source": "osm"}, "geometry": {"type": "MultiPolygon", "coordinates": [[[[116.4580511, 39.8797497], [116.458869, 39.8797447], [116.4588705, 39.8798907], [116.4580526, 39.8798957], [116.4580511, 39.8797497]]]]}}, {"type": "Feature", "properties": {"building": "apartments", "source": "osm"}, "geometry": {"type": "MultiPolygon", "coordinates": [[[[116.4579103, 39.8793639], [116.4588388, 39.879348], [116.4588429, 39.8794908], [116.4580479, 39.8795043], [116.4580512, 39.8796201], [116.4579178, 39.8796224], [116.4579103, 39.8793639]]]]}}, {"type": "Feature", "properties": {"building": "apartments", "source": "osm"}, "geometry": {"type": "MultiPolygon", "coordinates": [[[[116.4572871, 39.8789905], [116.4573926, 39.8789896], [116.4573952, 39.8791669], [116.4572897, 39.8791678], [116.4572871, 39.8789905]]]]}}, {"type": "Feature", "properties": {"building": "apartments", "source": "osm"}, "geometry": {"type": "MultiPolygon", "coordinates": [[[[116.4572356, 39.8788008], [116.4575514, 39.8787979], [116.457553, 39.8789002], [116.4572372, 39.8789031], [116.4572356, 39.8788008]]]]}}, {"type": "Feature", "properties": {"building": "apartments", "source": "osm"}, "geometry": {"type": "MultiPolygon", "coordinates": [[[[116.4564993, 39.8787848], [116.4571668, 39.8787739], [116.4571697, 39.8788768], [116.4565022, 39.8788879], [116.4564993, 39.8787848]]]]}}, {"type": "Feature", "properties": {"building": "apartments", "source": "osm"}, "geometry": {"type": "MultiPolygon", "coordinates": [[[[116.4572175, 39.8771668], [116.4576088, 39.8771613], [116.4576154, 39.8774391], [116.4572241, 39.8774446], [116.4572175, 39.8771668]]]]}}, {"type": "Feature", "properties": {"building": "apartments", "source": "osm"}, "geometry": {"type": "MultiPolygon", "coordinates": [[[[116.4572151, 39.8765361], [116.4576064, 39.8765306], [116.4576131, 39.8768084], [116.4572218, 39.8768139], [116.4572151, 39.8765361]]]]}}, {"type": "Feature", "properties": {"building": "apartments", "source": "osm"}, "geometry": {"type": "MultiPolygon", "coordinates": [[[[116.4579607, 39.8765432], [116.458352, 39.8765377], [116.4583587, 39.8768155], [116.4579674, 39.876821], [116.4579607, 39.8765432]]]]}}, {"type": "Feature", "properties": {"building": "apartments", "source": "osm"}, "geometry": {"type": "MultiPolygon", "coordinates": [[[[116.4568714, 39.8761397], [116.4577677, 39.8761288], [116.4577703, 39.8762553], [116.456874, 39.8762664], [116.4568714, 39.8761397]]]]}}, {"type": "Feature", "properties": {"building": "apartments", "source": "osm"}, "geometry": {"type": "MultiPolygon", "coordinates": [[[[116.4568598, 39.8757845], [116.4577562, 39.8757736], [116.4577588, 39.8759001], [116.4568625, 39.8759111], [116.4568598, 39.8757845]]]]}}, {"type": "Feature", "properties": {"building": "apartments", "source": "osm"}, "geometry": {"type": "MultiPolygon", "coordinates": [[[[116.4581442, 39.8758176], [116.4581455, 39.875719], [116.4585091, 39.8757221], [116.4585078, 39.8758206], [116.4581442, 39.8758176]]]]}}, {"type": "Feature", "properties": {"building": "apartments", "source": "osm"}, "geometry": {"type": "MultiPolygon", "coordinates": [[[[116.4581432, 39.8762327], [116.4581446, 39.8761342], [116.4585082, 39.8761372], [116.4585068, 39.8762357], [116.4581432, 39.8762327]]]]}}, {"type": "Feature", "properties": {"building": "apartments", "source": "osm"}, "geometry": {"type": "MultiPolygon", "coordinates": [[[[116.4586722, 39.8759222], [116.4586726, 39.8757757], [116.4593088, 39.8757768], [116.4593083, 39.8759234], [116.4586722, 39.8759222]]]]}}, {"type": "Feature", "properties": {"building": "apartments", "source": "osm"}, "geometry": {"type": "MultiPolygon", "coordinates": [[[[116.45792, 39.8762494], [116.4579348, 39.8757614], [116.4581258, 39.8757648], [116.4581109, 39.8762528], [116.45792, 39.8762494]]]]}}, {"type": "Feature", "properties": {"building": "apartments", "source": "osm"}, "geometry": {"type": "MultiPolygon", "coordinates": [[[[116.4617991, 39.8764553], [116.4619669, 39.8764551], [116.4619668, 39.8764191], [116.462108, 39.8764189], [116.4621081, 39.8764959], [116.4621478, 39.8764959], [116.462148, 39.8766479], [116.4620641, 39.8766479], [116.4620641, 39.8766176], [116.4618825, 39.8766177], [116.4618825, 39.8766592], [116.4617994, 39.8766593], [116.4617991, 39.8764553]]]]}}, {"type": "Feature", "properties": {"building": "apartments", "source": "osm"}, "geometry": {"type": "MultiPolygon", "coordinates": [[[[116.4617975, 39.8757729], [116.4619653, 39.8757728], [116.4619652, 39.8757367], [116.4621063, 39.8757366], [116.4621064, 39.8758136], [116.4621462, 39.8758136], [116.4621463, 39.8759655], [116.4620625, 39.8759656], [116.4620625, 39.8759353], [116.4618808, 39.8759354], [116.4618809, 39.8759769], [116.4617978, 39.875977], [116.4617975, 39.8757729]]]]}}, {"type": "Feature", "properties": {"building": "apartments", "source": "osm"}, "geometry": {"type": "MultiPolygon", "coordinates": [[[[116.4617975, 39.8750938], [116.4619653, 39.8750936], [116.4619652, 39.8750576], [116.4621063, 39.8750575], [116.4621064, 39.8751345], [116.4621462, 39.8751344], [116.4621463, 39.8752864], [116.4620625, 39.8752864], [116.4620625, 39.8752561], [116.4618808, 39.8752563], [116.4618809, 39.8752977], [116.4617978, 39.8752978], [116.4617975, 39.8750938]]]]}}, {"type": "Feature", "properties": {"building": "apartments", "source": "osm"}, "geometry": {"type": "MultiPolygon", "coordinates": [[[[116.4665188, 39.880149], [116.4670517, 39.8801472], [116.4670524, 39.8802797], [116.4665195, 39.8802814], [116.4665188, 39.880149]]]]}}, {"type": "Feature", "properties": {"building": "apartments", "source": "osm"}, "geometry": {"type": "MultiPolygon", "coordinates": [[[[116.4665217, 39.8797896], [116.4670546, 39.8797878], [116.4670553, 39.8799203], [116.4665225, 39.879922], [116.4665217, 39.8797896]]]]}}, {"type": "Feature", "properties": {"building": "apartments", "source": "osm"}, "geometry": {"type": "MultiPolygon", "coordinates": [[[[116.4665186, 39.8794539], [116.4670515, 39.879452], [116.4670523, 39.8795846], [116.4665194, 39.8795863], [116.4665186, 39.8794539]]]]}}, {"type": "Feature", "properties": {"building": "apartments", "source": "osm"}, "geometry": {"type": "MultiPolygon", "coordinates": [[[[116.4665094, 39.8790874], [116.4670423, 39.8790856], [116.467043, 39.8792181], [116.4665101, 39.8792198], [116.4665094, 39.8790874]]]]}}, {"type": "Feature", "properties": {"building": "apartments", "source": "osm"}, "geometry": {"type": "MultiPolygon", "coordinates": [[[[116.4671819, 39.8806075], [116.4671833, 39.8804109], [116.4674054, 39.8804118], [116.4674051, 39.8804533], [116.46757, 39.880454], [116.4675685, 39.8806544], [116.4673501, 39.8806534], [116.4673505, 39.8806082], [116.4671819, 39.8806075]]]]}}, {"type": "Feature", "properties": {"building": "apartments", "source": "osm"}, "geometry": {"type": "MultiPolygon", "coordinates": [[[[116.467186, 39.8799889], [116.4671875, 39.8797923], [116.4674096, 39.8797932], [116.4674093, 39.8798347], [116.4675741, 39.8798354], [116.4675726, 39.8800358], [116.4673543, 39.8800348], [116.4673546, 39.8799896], [116.467186, 39.8799889]]]]}}, {"type": "Feature", "properties": {"building": "apartments", "source": "osm"}, "geometry": {"type": "MultiPolygon", "coordinates": [[[[116.467186, 39.8793505], [116.4671875, 39.8791539], [116.4674096, 39.8791548], [116.4674093, 39.8791963], [116.4675741, 39.879197], [116.4675726, 39.8793974], [116.4673543, 39.8793964], [116.4673546, 39.8793512], [116.467186, 39.8793505]]]]}}, {"type": "Feature", "properties": {"building": "apartments", "source": "osm"}, "geometry": {"type": "MultiPolygon", "coordinates": [[[[116.4663693, 39.875889], [116.4666542, 39.875889], [116.4666542, 39.8761796], [116.4663693, 39.8761796], [116.4663693, 39.875889]]]]}}, {"type": "Feature", "properties": {"building": "apartments", "source": "osm"}, "geometry": {"type": "MultiPolygon", "coordinates": [[[[116.4669745, 39.8757023], [116.4672594, 39.8757023], [116.4672594, 39.8759928], [116.4669745, 39.8759928], [116.4669745, 39.8757023]]]]}}, {"type": "Feature", "properties": {"building": "apartments", "source": "osm"}, "geometry": {"type": "MultiPolygon", "coordinates": [[[[116.4675709, 39.8758856], [116.4678558, 39.8758856], [116.4678558, 39.8761762], [116.4675709, 39.8761762], [116.4675709, 39.8758856]]]]}}, {"type": "Feature", "properties": {"building": "apartments", "source": "osm"}, "geometry": {"type": "MultiPolygon", "coordinates": [[[[116.4682786, 39.8758479], [116.469054, 39.8758426], [116.4690575, 39.8761498], [116.4689179, 39.8761508], [116.4689155, 39.8759489], [116.4682798, 39.8759534], [116.4682786, 39.8758479]]]]}}, {"type": "Feature", "properties": {"building": "apartments", "source": "osm"}, "geometry": {"type": "MultiPolygon", "coordinates": [[[[116.4683188, 39.8761581], [116.4684584, 39.8761567], [116.4684618, 39.8763585], [116.4690975, 39.8763522], [116.4690993, 39.8764577], [116.4683239, 39.8764653], [116.4683188, 39.8761581]]]]}}, {"type": "Feature", "properties": {"building": "apartments", "source": "osm"}, "geometry": {"type": "MultiPolygon", "coordinates": [[[[116.4687636, 39.8776401], [116.4687654, 39.8774941], [116.4692202, 39.8774975], [116.4692184, 39.8776435], [116.4687636, 39.8776401]]]]}}, {"type": "Feature", "properties": {"building": "apartments", "source": "osm"}, "geometry": {"type": "MultiPolygon", "coordinates": [[[[116.4687631, 39.8772595], [116.468765, 39.8771135], [116.4692198, 39.8771169], [116.4692179, 39.8772629], [116.4687631, 39.8772595]]]]}}, {"type": "Feature", "properties": {"building": "apartments", "source": "osm"}, "geometry": {"type": "MultiPolygon", "coordinates": [[[[116.4687578, 39.8779996], [116.4687597, 39.8778537], [116.4692144, 39.877857], [116.4692126, 39.878003], [116.4687578, 39.8779996]]]]}}, {"type": "Feature", "properties": {"building": "apartments", "source": "osm"}, "geometry": {"type": "MultiPolygon", "coordinates": [[[[116.4423026, 39.882809], [116.4424686, 39.8828052], [116.4424655, 39.882726], [116.4426908, 39.8827208], [116.4426969, 39.8828787], [116.4425295, 39.8828826], [116.4425316, 39.8829386], [116.4423078, 39.8829437], [116.4423026, 39.882809]]]]}}, {"type": "Feature", "properties": {"building": "apartments", "source": "osm"}, "geometry": {"type": "MultiPolygon", "coordinates": [[[[116.4429044, 39.882784], [116.4430704, 39.8827802], [116.4430673, 39.8827011], [116.4432925, 39.8826959], [116.4432987, 39.8828538], [116.4431312, 39.8828576], [116.4431334, 39.8829137], [116.4429096, 39.8829187], [116.4429044, 39.882784]]]]}}, {"type": "Feature", "properties": {"building": "apartments", "source": "osm"}, "geometry": {"type": "MultiPolygon", "coordinates": [[[[116.4434991, 39.8827876], [116.443665, 39.8827838], [116.4436619, 39.8827046], [116.4438872, 39.8826995], [116.4438933, 39.8828574], [116.4437259, 39.8828612], [116.443728, 39.8829172], [116.4435043, 39.8829223], [116.4434991, 39.8827876]]]]}}, {"type": "Feature", "properties": {"building": "apartments", "source": "osm"}, "geometry": {"type": "MultiPolygon", "coordinates": [[[[116.44411, 39.8827795], [116.4442759, 39.8827757], [116.4442728, 39.8826966], [116.4444981, 39.8826914], [116.4445042, 39.8828493], [116.4443368, 39.8828531], [116.4443389, 39.8829092], [116.4441152, 39.8829142], [116.44411, 39.8827795]]]]}}, {"type": "Feature", "properties": {"building": "apartments", "source": "osm"}, "geometry": {"type": "MultiPolygon", "coordinates": [[[[116.4457582, 39.891168], [116.4457614, 39.8908772], [116.4461073, 39.8908794], [116.4461042, 39.8911702], [116.4457582, 39.891168]]]]}}, {"type": "Feature", "properties": {"building": "apartments", "source": "osm"}, "geometry": {"type": "MultiPolygon", "coordinates": [[[[116.4444009, 39.8913199], [116.44444, 39.8909942], [116.4447125, 39.8909872], [116.4447599, 39.8913184], [116.4444009, 39.8913199]]]]}}, {"type": "Feature", "properties": {"building": "apartments", "source": "osm"}, "geometry": {"type": "MultiPolygon", "coordinates": [[[[116.445749, 39.8902617], [116.4457853, 39.8899624], [116.4460808, 39.8899631], [116.4461454, 39.8902568], [116.445749, 39.8902617]]]]}}, {"type": "Feature", "properties": {"building": "apartments", "source": "osm"}, "geometry": {"type": "MultiPolygon", "coordinates": [[[[116.4450178, 39.8911905], [116.4450214, 39.8909509], [116.4453665, 39.890954], [116.4453628, 39.8911936], [116.4450178, 39.8911905]]]]}}, {"type": "Feature", "properties": {"building": "apartments", "source": "osm"}, "geometry": {"type": "MultiPolygon", "coordinates": [[[[116.4422582, 39.8896383], [116.4422604, 39.8892254], [116.4425348, 39.8892262], [116.4425336, 39.8894669], [116.442815, 39.8894678], [116.4428163, 39.8892295], [116.4431175, 39.8892305], [116.4431153, 39.889641], [116.4422582, 39.8896383]]]]}}, {"type": "Feature", "properties": {"building": "apartments", "source": "osm"}, "geometry": {"type": "MultiPolygon", "coordinates": [[[[116.4433243, 39.8896517], [116.4433265, 39.8892388], [116.4436009, 39.8892396], [116.4435997, 39.8894803], [116.4438811, 39.8894812], [116.4438824, 39.8892429], [116.4441836, 39.8892439], [116.4441814, 39.8896544], [116.4433243, 39.8896517]]]]}}, {"type": "Feature", "properties": {"building": "apartments", "source": "osm"}, "geometry": {"type": "MultiPolygon", "coordinates": [[[[116.4472733, 39.8893427], [116.4472734, 39.8892272], [116.4479945, 39.8892278], [116.4479943, 39.8893432], [116.4472733, 39.8893427]]]]}}, {"type": "Feature", "properties": {"building": "apartments", "source": "osm"}, "geometry": {"type": "MultiPolygon", "coordinates": [[[[116.4472596, 39.88899], [116.4472597, 39.8888745], [116.4479807, 39.8888751], [116.4479806, 39.8889905], [116.4472596, 39.88899]]]]}}, {"type": "Feature", "properties": {"building": "apartments", "source": "osm"}, "geometry": {"type": "MultiPolygon", "coordinates": [[[[116.4464703, 39.8889927], [116.4464705, 39.8888772], [116.4471915, 39.8888778], [116.4471913, 39.8889932], [116.4464703, 39.8889927]]]]}}, {"type": "Feature", "properties": {"building": "apartments", "source": "osm"}, "geometry": {"type": "MultiPolygon", "coordinates": [[[[116.4445785, 39.8898494], [116.4449375, 39.8898478], [116.4449401, 39.890219], [116.4445812, 39.8902205], [116.4445785, 39.8898494]]]]}}, {"type": "Feature", "properties": {"building": "apartments", "source": "osm"}, "geometry": {"type": "MultiPolygon", "coordinates": [[[[116.4449379, 39.8905125], [116.444938, 39.8903969], [116.445659, 39.8903976], [116.4456589, 39.890513], [116.4449379, 39.8905125]]]]}}, {"type": "Feature", "properties": {"building": "apartments", "source": "osm"}, "geometry": {"type": "MultiPolygon", "coordinates": [[[[116.4446747, 39.8895724], [116.4448033, 39.8890938], [116.4449944, 39.889124], [116.4448657, 39.8896027], [116.4446747, 39.8895724]]]]}}, {"type": "Feature", "properties": {"building": "apartments", "source": "osm"}, "geometry": {"type": "MultiPolygon", "coordinates": [[[[116.4452024, 39.8890326], [116.4452841, 39.888934], [116.4463063, 39.8889216], [116.4463103, 39.8891136], [116.4454296, 39.8891243], [116.4454438, 39.889807], [116.4452188, 39.8898097], [116.4452024, 39.8890326]]]]}}, {"type": "Feature", "properties": {"building": "apartments", "source": "osm"}, "geometry": {"type": "MultiPolygon", "coordinates": [[[[116.4394637, 39.8866573], [116.439479, 39.8865139], [116.4396393, 39.886524], [116.4396477, 39.8864453], [116.4398747, 39.8864596], [116.4398564, 39.8866308], [116.4396871, 39.8866202], [116.4396817, 39.886671], [116.4394637, 39.8866573]]]]}}, {"type": "Feature", "properties": {"building": "apartments", "source": "osm"}, "geometry": {"type": "MultiPolygon", "coordinates": [[[[116.439418, 39.8871663], [116.4394334, 39.887023], [116.4395936, 39.8870331], [116.439602, 39.8869543], [116.439829, 39.8869686], [116.4398107, 39.8871399], [116.4396414, 39.8871292], [116.439636, 39.8871801], [116.439418, 39.8871663]]]]}}, {"type": "Feature", "properties": {"building": "apartments", "source": "osm"}, "geometry": {"type": "MultiPolygon", "coordinates": [[[[116.4393349, 39.8876729], [116.4393503, 39.8875295], [116.4395105, 39.8875396], [116.4395189, 39.8874608], [116.4397459, 39.8874751], [116.4397276, 39.8876464], [116.4395583, 39.8876357], [116.4395529, 39.8876866], [116.4393349, 39.8876729]]]]}}, {"type": "Feature", "properties": {"building": "apartments", "source": "osm"}, "geometry": {"type": "MultiPolygon", "coordinates": [[[[116.4392428, 39.8861787], [116.4392582, 39.8860353], [116.4394184, 39.8860454], [116.4394269, 39.8859667], [116.4396539, 39.885981], [116.4396356, 39.8861522], [116.4394663, 39.8861416], [116.4394608, 39.8861924], [116.4392428, 39.8861787]]]]}}, {"type": "Feature", "properties": {"building": "apartments", "source": "osm"}, "geometry": {"type": "MultiPolygon", "coordinates": [[[[116.439304, 39.8856802], [116.4393193, 39.8855368], [116.4394796, 39.8855469], [116.439488, 39.8854682], [116.439715, 39.8854825], [116.4396967, 39.8856537], [116.4395274, 39.885643], [116.439522, 39.8856939], [116.439304, 39.8856802]]]]}}, {"type": "Feature", "properties": {"building": "apartments", "source": "osm"}, "geometry": {"type": "MultiPolygon", "coordinates": [[[[116.4405186, 39.8903374], [116.4420901, 39.890334], [116.4420908, 39.8905271], [116.4405193, 39.8905307], [116.4405186, 39.8903374]]]]}}, {"type": "Feature", "properties": {"building": "apartments", "source": "osm"}, "geometry": {"type": "MultiPolygon", "coordinates": [[[[116.4398364, 39.8898962], [116.4404947, 39.8898962], [116.4404947, 39.8900763], [116.4398364, 39.8900762], [116.4398364, 39.8898962]]]]}}, {"type": "Feature", "properties": {"building": "apartments", "source": "osm"}, "geometry": {"type": "MultiPolygon", "coordinates": [[[[116.4407937, 39.889678], [116.441782, 39.889678], [116.441782, 39.8898067], [116.4407937, 39.8898068], [116.4407937, 39.889678]]]]}}, {"type": "Feature", "properties": {"building": "apartments", "source": "osm"}, "geometry": {"type": "MultiPolygon", "coordinates": [[[[116.4446451, 39.8915128], [116.4464732, 39.8915095], [116.4464742, 39.89184], [116.444646, 39.891843], [116.4446451, 39.8915128]]]]}}, {"type": "Feature", "properties": {"building": "apartments", "source": "osm"}, "geometry": {"type": "MultiPolygon", "coordinates": [[[[116.4398422, 39.8812254], [116.4399686, 39.8811746], [116.440403, 39.8819315], [116.4403133, 39.8826194], [116.440169, 39.8826069], [116.4402438, 39.881933], [116.4398422, 39.8812254]]]]}}, {"type": "Feature", "properties": {"building": "apartments", "source": "osm"}, "geometry": {"type": "MultiPolygon", "coordinates": [[[[116.4393808, 39.8851674], [116.439936, 39.884524], [116.4400145, 39.8838503], [116.4401595, 39.8838572], [116.4400924, 39.8845465], [116.4394937, 39.8852342], [116.4393808, 39.8851674]]]]}}, {"type": "Feature", "properties": {"building": "apartments", "source": "osm"}, "geometry": {"type": "MultiPolygon", "coordinates": [[[[116.4409982, 39.8880303], [116.441455, 39.8880249], [116.4414578, 39.8881642], [116.441001, 39.8881695], [116.4409982, 39.8880303]]]]}}, {"type": "Feature", "properties": {"building": "apartments", "source": "osm"}, "geometry": {"type": "MultiPolygon", "coordinates": [[[[116.4410074, 39.8883394], [116.4414641, 39.888334], [116.4414669, 39.8884733], [116.4410101, 39.8884786], [116.4410074, 39.8883394]]]]}}, {"type": "Feature", "properties": {"building": "apartments", "source": "osm"}, "geometry": {"type": "MultiPolygon", "coordinates": [[[[116.4398544, 39.887835], [116.4402489, 39.8878331], [116.4402501, 39.8879757], [116.4398556, 39.8879776], [116.4398544, 39.887835]]]]}}, {"type": "Feature", "properties": {"building": "apartments", "source": "osm"}, "geometry": {"type": "MultiPolygon", "coordinates": [[[[116.4399617, 39.8876704], [116.440267, 39.8876672], [116.4402691, 39.8877908], [116.4399639, 39.8877939], [116.4399617, 39.8876704]]]]}}, {"type": "Feature", "properties": {"building": "apartments", "source": "osm"}, "geometry": {"type": "MultiPolygon", "coordinates": [[[[116.4398475, 39.8876454], [116.4398547, 39.8872271], [116.4398745, 39.8872273], [116.4398757, 39.8871603], [116.4401244, 39.8871628], [116.4401219, 39.8873083], [116.4399153, 39.8873062], [116.4399123, 39.8874803], [116.4401625, 39.8874829], [116.4401596, 39.8876485], [116.4398475, 39.8876454]]]]}}, {"type": "Feature", "properties": {"building": "apartments", "source": "osm"}, "geometry": {"type": "MultiPolygon", "coordinates": [[[[116.44107, 39.8872333], [116.4412528, 39.8871538], [116.4412527, 39.8871143], [116.4414321, 39.887114], [116.4414341, 39.8877559], [116.4411879, 39.8877563], [116.4411874, 39.8875965], [116.4410729, 39.8874413], [116.4411869, 39.8873918], [116.44107, 39.8872333]]]]}}, {"type": "Feature", "properties": {"building": "commercial", "source": "osm"}, "geometry": {"type": "MultiPolygon", "coordinates": [[[[116.4390248, 39.8876491], [116.4392132, 39.8863711], [116.4393952, 39.8863869], [116.4392065, 39.8876649], [116.4390248, 39.8876491]]]]}}, {"type": "Feature", "properties": {"building": "commercial", "source": "osm"}, "geometry": {"type": "MultiPolygon", "coordinates": [[[[116.4390029, 39.8887165], [116.4390949, 39.8879806], [116.4391886, 39.8879875], [116.4392161, 39.8877681], [116.439761, 39.8878082], [116.4397252, 39.8880934], [116.4392969, 39.8880619], [116.43924, 39.8885168], [116.4394664, 39.8885335], [116.4394395, 39.8887487], [116.4390029, 39.8887165]]]]}}, {"type": "Feature", "properties": {"building": "apartments", "source": "osm"}, "geometry": {"type": "MultiPolygon", "coordinates": [[[[116.4398081, 39.8895797], [116.4398107, 39.8894229], [116.4401156, 39.8894258], [116.4401165, 39.8893675], [116.4407647, 39.8893736], [116.4407624, 39.8895193], [116.4401176, 39.8895132], [116.4401165, 39.8895827], [116.4398081, 39.8895797]]]]}}, {"type": "Feature", "properties": {"building": "apartments", "source": "osm"}, "geometry": {"type": "MultiPolygon", "coordinates": [[[[116.4394457, 39.8890536], [116.4396641, 39.8890536], [116.4396641, 39.889678], [116.4394458, 39.889678], [116.4394457, 39.8890536]]]]}}, {"type": "Feature", "properties": {"building": "apartments", "source": "osm"}, "geometry": {"type": "MultiPolygon", "coordinates": [[[[116.4388885, 39.8890733], [116.4389026, 39.8888778], [116.4390336, 39.8888941], [116.4390318, 39.8890557], [116.4391132, 39.8891236], [116.4392937, 39.8891521], [116.4392831, 39.8892729], [116.4390902, 39.8892512], [116.4389345, 39.889182], [116.4388885, 39.8890733]]]]}}, {"type": "Feature", "properties": {"building": "apartments", "source": "osm"}, "geometry": {"type": "MultiPolygon", "coordinates": [[[[116.4388681, 39.8894922], [116.4388823, 39.8892967], [116.4390132, 39.889313], [116.4390115, 39.8894746], [116.4390929, 39.8895425], [116.4392734, 39.889571], [116.4392627, 39.8896918], [116.4390699, 39.8896701], [116.4389141, 39.8896008], [116.4388681, 39.8894922]]]]}}, {"type": "Feature", "properties": {"building": "commercial", "source": "osm"}, "geometry": {"type": "MultiPolygon", "coordinates": [[[[116.4425583, 39.8899636], [116.4427346, 39.8899618], [116.442745, 39.8905673], [116.4425688, 39.8905691], [116.4425583, 39.8899636]]]]}}, {"type": "Feature", "properties": {"building": "commercial", "source": "osm"}, "geometry": {"type": "MultiPolygon", "coordinates": [[[[116.4429435, 39.8905593], [116.442946, 39.8903811], [116.443143, 39.8903828], [116.4431405, 39.890561], [116.4429435, 39.8905593]]]]}}, {"type": "Feature", "properties": {"building": "apartments", "source": "osm"}, "geometry": {"type": "MultiPolygon", "coordinates": [[[[116.4425616, 39.8908539], [116.4428235, 39.8908492], [116.4428406, 39.8914175], [116.4425789, 39.8914222], [116.4425616, 39.8908539]]]]}}, {"type": "Feature", "properties": {"building": "commercial", "source": "osm"}, "geometry": {"type": "MultiPolygon", "coordinates": [[[[116.4412203, 39.8914664], [116.4420947, 39.8914566], [116.4421019, 39.8918328], [116.4412274, 39.8918425], [116.4412203, 39.8914664]]]]}}, {"type": "Feature", "properties": {"building": "commercial", "source": "osm"}, "geometry": {"type": "MultiPolygon", "coordinates": [[[[116.4403072, 39.8914625], [116.4409737, 39.8914567], [116.440979, 39.8918133], [116.4403125, 39.891819], [116.4403072, 39.8914625]]]]}}, {"type": "Feature", "properties": {"building": "commercial", "source": "osm"}, "geometry": {"type": "MultiPolygon", "coordinates": [[[[116.4396017, 39.8908184], [116.4398911, 39.8908155], [116.4399005, 39.8913695], [116.439611, 39.8913724], [116.4396017, 39.8908184]]]]}}, {"type": "Feature", "properties": {"building": "commercial", "source": "osm"}, "geometry": {"type": "MultiPolygon", "coordinates": [[[[116.4406686, 39.8909707], [116.4406699, 39.8908307], [116.4415441, 39.8908355], [116.4415428, 39.8909757], [116.4406686, 39.8909707]]]]}}, {"type": "Feature", "properties": {"building": "commercial", "source": "osm"}, "geometry": {"type": "MultiPolygon", "coordinates": [[[[116.4395878, 39.8915277], [116.4400879, 39.891526], [116.4400897, 39.8918411], [116.4395897, 39.8918427], [116.4395878, 39.8915277]]]]}}, {"type": "Feature", "properties": {"building": "commercial", "source": "osm"}, "geometry": {"type": "MultiPolygon", "coordinates": [[[[116.4417857, 39.890859], [116.4421211, 39.8908581], [116.442123, 39.891283], [116.4417876, 39.8912839], [116.4417857, 39.890859]]]]}}, {"type": "Feature", "properties": {"building": "commercial", "source": "osm"}, "geometry": {"type": "MultiPolygon", "coordinates": [[[[116.443058, 39.8910734], [116.4430612, 39.8908395], [116.4433376, 39.8908417], [116.4433344, 39.8910756], [116.443058, 39.8910734]]]]}}, {"type": "Feature", "properties": {"building": "hospital", "source": "osm"}, "geometry": {"type": "MultiPolygon", "coordinates": [[[[116.4435616, 39.890835], [116.4438187, 39.8908344], [116.44382, 39.8911705], [116.4435629, 39.891171], [116.4435616, 39.890835]]]]}}, {"type": "Feature", "properties": {"building": "commercial", "source": "osm"}, "geometry": {"type": "MultiPolygon", "coordinates": [[[[116.4389022, 39.8902471], [116.4389124, 39.8900147], [116.4390933, 39.8898541], [116.4393494, 39.8898525], [116.4394836, 39.8898962], [116.4396116, 39.8900038], [116.4396177, 39.8902814], [116.4394836, 39.8903828], [116.4393616, 39.8904296], [116.4391502, 39.8904218], [116.4390323, 39.8903657], [116.4389022, 39.8902471]]]]}}, {"type": "Feature", "properties": {"building": "apartments", "source": "osm"}, "geometry": {"type": "MultiPolygon", "coordinates": [[[[116.4466699, 39.8858833], [116.4466712, 39.885746], [116.4476323, 39.8857514], [116.4476314, 39.8858473], [116.4477805, 39.8858482], [116.4477786, 39.8860344], [116.4476043, 39.8860334], [116.4476057, 39.8858888], [116.4466699, 39.8858833]]]]}}, {"type": "Feature", "properties": {"building": "apartments", "source": "osm"}, "geometry": {"type": "MultiPolygon", "coordinates": [[[[116.446562, 39.8861885], [116.4465642, 39.8858883], [116.4467149, 39.885889], [116.446713, 39.8861419], [116.4477906, 39.8861466], [116.4477895, 39.8862896], [116.4466797, 39.886285], [116.4466804, 39.886189], [116.446562, 39.8861885]]]]}}, {"type": "Feature", "properties": {"building": "commercial", "source": "osm"}, "geometry": {"type": "MultiPolygon", "coordinates": [[[[116.4400738, 39.8837924], [116.4400977, 39.8835873], [116.4401915, 39.8835275], [116.4404922, 39.8835482], [116.4404607, 39.8838189], [116.4400738, 39.8837924]]]]}}, {"type": "Feature", "properties": {"building": "yes", "source": "osm"}, "geometry": {"type": "MultiPolygon", "coordinates": [[[[116.4401669, 39.8828869], [116.4401933, 39.8826505], [116.4403376, 39.8826638], [116.4403295, 39.8827551], [116.4404576, 39.8827675], [116.4404332, 39.8829048], [116.4401669, 39.8828869]]]]}}, {"type": "Feature", "properties": {"building": "apartments", "source": "osm"}, "geometry": {"type": "MultiPolygon", "coordinates": [[[[116.4425978, 39.8811814], [116.4433483, 39.881179], [116.4433481, 39.8811475], [116.4439166, 39.8811457], [116.4439171, 39.8812461], [116.4433496, 39.8812478], [116.4433498, 39.8812765], [116.4425983, 39.8812789], [116.4425978, 39.8811814]]]]}}, {"type": "Feature", "properties": {"building": "apartments", "source": "osm"}, "geometry": {"type": "MultiPolygon", "coordinates": [[[[116.4425893, 39.8808232], [116.4433398, 39.8808208], [116.4433396, 39.8807893], [116.4439081, 39.8807876], [116.4439086, 39.8808879], [116.4433411, 39.8808897], [116.4433413, 39.8809183], [116.4425898, 39.8809207], [116.4425893, 39.8808232]]]]}}, {"type": "Feature", "properties": {"building": "apartments", "source": "osm"}, "geometry": {"type": "MultiPolygon", "coordinates": [[[[116.4425999, 39.8815403], [116.4433502, 39.8815376], [116.44335, 39.8815061], [116.4435567, 39.8815054], [116.4435573, 39.8816056], [116.4433513, 39.8816063], [116.4433515, 39.881635], [116.4426005, 39.8816376], [116.4425999, 39.8815403]]]]}}, {"type": "Feature", "properties": {"building": "apartments", "source": "osm"}, "geometry": {"type": "MultiPolygon", "coordinates": [[[[116.4425809, 39.8804644], [116.4433314, 39.8804615], [116.4433321, 39.8805589], [116.4425815, 39.8805618], [116.4425809, 39.8804644]]]]}}, {"type": "Feature", "properties": {"building": "apartments", "source": "osm"}, "geometry": {"type": "MultiPolygon", "coordinates": [[[[116.4450016, 39.8824785], [116.4459261, 39.8824751], [116.4459268, 39.8825921], [116.4450024, 39.8825954], [116.4450016, 39.8824785]]]]}}, {"type": "Feature", "properties": {"building": "apartments", "source": "osm"}, "geometry": {"type": "MultiPolygon", "coordinates": [[[[116.4450086, 39.882114], [116.445933, 39.8821106], [116.4459337, 39.8822275], [116.4450093, 39.8822308], [116.4450086, 39.882114]]]]}}, {"type": "Feature", "properties": {"building": "apartments", "source": "osm"}, "geometry": {"type": "MultiPolygon", "coordinates": [[[[116.4450126, 39.8817521], [116.4459371, 39.8817487], [116.4459378, 39.8818656], [116.4450134, 39.8818689], [116.4450126, 39.8817521]]]]}}, {"type": "Feature", "properties": {"building": "apartments", "source": "osm"}, "geometry": {"type": "MultiPolygon", "coordinates": [[[[116.4478668, 39.8784386], [116.4481839, 39.8784355], [116.4481889, 39.8787342], [116.4478719, 39.8787373], [116.4478668, 39.8784386]]]]}}, {"type": "Feature", "properties": {"building": "apartments", "source": "osm"}, "geometry": {"type": "MultiPolygon", "coordinates": [[[[116.4470705, 39.8784414], [116.4473875, 39.8784382], [116.4473925, 39.8787369], [116.4470755, 39.8787401], [116.4470705, 39.8784414]]]]}}, {"type": "Feature", "properties": {"building": "apartments", "source": "osm"}, "geometry": {"type": "MultiPolygon", "coordinates": [[[[116.4436509, 39.8800846], [116.4443605, 39.8800822], [116.4443611, 39.8801883], [116.4436516, 39.8801909], [116.4436509, 39.8800846]]]]}}, {"type": "Feature", "properties": {"building": "apartments", "source": "osm"}, "geometry": {"type": "MultiPolygon", "coordinates": [[[[116.4436442, 39.8797108], [116.4443599, 39.8797083], [116.4443606, 39.8798144], [116.4436449, 39.879817], [116.4436442, 39.8797108]]]]}}, {"type": "Feature", "properties": {"building": "apartments", "source": "osm"}, "geometry": {"type": "MultiPolygon", "coordinates": [[[[116.4436313, 39.8793645], [116.444347, 39.879362], [116.4443476, 39.8794681], [116.4436319, 39.8794707], [116.4436313, 39.8793645]]]]}}, {"type": "Feature", "properties": {"building": "apartments", "source": "osm"}, "geometry": {"type": "MultiPolygon", "coordinates": [[[[116.4418758, 39.8781828], [116.4426239, 39.8781738], [116.4426261, 39.8782804], [116.441878, 39.8782895], [116.4418758, 39.8781828]]]]}}, {"type": "Feature", "properties": {"building": "apartments", "source": "osm"}, "geometry": {"type": "MultiPolygon", "coordinates": [[[[116.4418827, 39.8785493], [116.4426308, 39.8785403], [116.442633, 39.8786468], [116.4418849, 39.878656], [116.4418827, 39.8785493]]]]}}, {"type": "Feature", "properties": {"building": "apartments", "source": "osm"}, "geometry": {"type": "MultiPolygon", "coordinates": [[[[116.4485938, 39.8763948], [116.4485952, 39.8761505], [116.4489133, 39.8761516], [116.4489128, 39.8762379], [116.4490221, 39.8762383], [116.4490207, 39.8764735], [116.4487216, 39.8764725], [116.4487221, 39.8763952], [116.4485938, 39.8763948]]]]}}, {"type": "Feature", "properties": {"building": "apartments", "source": "osm"}, "geometry": {"type": "MultiPolygon", "coordinates": [[[[116.4485735, 39.8755119], [116.4485748, 39.8752676], [116.448893, 39.8752686], [116.4488925, 39.875355], [116.4490018, 39.8753553], [116.4490004, 39.8755906], [116.4487013, 39.8755896], [116.4487017, 39.8755123], [116.4485735, 39.8755119]]]]}}, {"type": "Feature", "properties": {"building": "apartments", "source": "osm"}, "geometry": {"type": "MultiPolygon", "coordinates": [[[[116.4476238, 39.8772991], [116.4476252, 39.8770549], [116.4479433, 39.8770559], [116.4479428, 39.8771423], [116.4480521, 39.8771426], [116.4480507, 39.8773779], [116.4477516, 39.8773769], [116.447752, 39.8772996], [116.4476238, 39.8772991]]]]}}, {"type": "Feature", "properties": {"building": "apartments", "source": "osm"}, "geometry": {"type": "MultiPolygon", "coordinates": [[[[116.4518114, 39.8779842], [116.4521936, 39.8779896], [116.4522007, 39.8782477], [116.4518149, 39.8782477], [116.4518114, 39.8779842]]]]}}, {"type": "Feature", "properties": {"building": "apartments", "source": "osm"}, "geometry": {"type": "MultiPolygon", "coordinates": [[[[116.451277, 39.8781377], [116.4516592, 39.8781431], [116.4516663, 39.8784011], [116.4512805, 39.8784011], [116.451277, 39.8781377]]]]}}, {"type": "Feature", "properties": {"building": "apartments", "source": "osm"}, "geometry": {"type": "MultiPolygon", "coordinates": [[[[116.4512595, 39.8788951], [116.4516418, 39.8789005], [116.4516488, 39.8791586], [116.4512631, 39.8791586], [116.4512595, 39.8788951]]]]}}, {"type": "Feature", "properties": {"building": "apartments", "source": "osm"}, "geometry": {"type": "MultiPolygon", "coordinates": [[[[116.4554574, 39.8769274], [116.4556187, 39.8769258], [116.4556176, 39.8768586], [116.4558353, 39.8768565], [116.4558383, 39.8770334], [116.4556746, 39.877035], [116.455676, 39.8771167], [116.4554606, 39.8771188], [116.4554574, 39.8769274]]]]}}, {"type": "Feature", "properties": {"building": "apartments", "source": "osm"}, "geometry": {"type": "MultiPolygon", "coordinates": [[[[116.4555909, 39.8774176], [116.4557522, 39.877416], [116.4557511, 39.8773488], [116.4559688, 39.8773467], [116.4559718, 39.8775236], [116.4558081, 39.8775252], [116.4558095, 39.8776069], [116.4555941, 39.877609], [116.4555909, 39.8774176]]]]}}, {"type": "Feature", "properties": {"building": "apartments", "source": "osm"}, "geometry": {"type": "MultiPolygon", "coordinates": [[[[116.4554828, 39.8779588], [116.4556441, 39.8779572], [116.455643, 39.87789], [116.4558607, 39.8778879], [116.4558637, 39.8780648], [116.4557, 39.8780664], [116.4557014, 39.8781481], [116.455486, 39.8781502], [116.4554828, 39.8779588]]]]}}, {"type": "Feature", "properties": {"building": "apartments", "source": "osm"}, "geometry": {"type": "MultiPolygon", "coordinates": [[[[116.4555011, 39.8787276], [116.4556624, 39.878726], [116.4556613, 39.8786588], [116.455879, 39.8786567], [116.455882, 39.8788336], [116.4557183, 39.8788352], [116.4557197, 39.8789168], [116.4555043, 39.8789189], [116.4555011, 39.8787276]]]]}}, {"type": "Feature", "properties": {"building": "apartments", "source": "osm"}, "geometry": {"type": "MultiPolygon", "coordinates": [[[[116.4633528, 39.869027], [116.4633567, 39.8686864], [116.4636786, 39.8686885], [116.4636747, 39.8690292], [116.4633528, 39.869027]]]]}}, {"type": "Feature", "properties": {"building": "apartments", "source": "osm"}, "geometry": {"type": "MultiPolygon", "coordinates": [[[[116.4641591, 39.868858], [116.464163, 39.8685173], [116.4644849, 39.8685195], [116.464481, 39.8688601], [116.4641591, 39.868858]]]]}}, {"type": "Feature", "properties": {"building": "apartments", "source": "osm"}, "geometry": {"type": "MultiPolygon", "coordinates": [[[[116.4645841, 39.8683526], [116.4645879, 39.8680119], [116.4649099, 39.8680141], [116.464906, 39.8683547], [116.4645841, 39.8683526]]]]}}, {"type": "Feature", "properties": {"building": "apartments", "source": "osm"}, "geometry": {"type": "MultiPolygon", "coordinates": [[[[116.462674, 39.8680049], [116.4626779, 39.8676642], [116.4629998, 39.8676664], [116.4629959, 39.8680071], [116.462674, 39.8680049]]]]}}, {"type": "Feature", "properties": {"building": "apartments", "source": "osm"}, "geometry": {"type": "MultiPolygon", "coordinates": [[[[116.466418, 39.8692172], [116.4667479, 39.8692143], [116.4667522, 39.8695025], [116.4664223, 39.8695054], [116.466418, 39.8692172]]]]}}, {"type": "Feature", "properties": {"building": "apartments", "source": "osm"}, "geometry": {"type": "MultiPolygon", "coordinates": [[[[116.4671422, 39.869209], [116.4674721, 39.8692061], [116.4674764, 39.8694943], [116.4671465, 39.8694971], [116.4671422, 39.869209]]]]}}, {"type": "Feature", "properties": {"building": "apartments", "source": "osm"}, "geometry": {"type": "MultiPolygon", "coordinates": [[[[116.4609424, 39.8695125], [116.4609444, 39.869116], [116.4613266, 39.8691171], [116.4613245, 39.8695137], [116.4609424, 39.8695125]]]]}}, {"type": "Feature", "properties": {"building": "apartments", "source": "osm"}, "geometry": {"type": "MultiPolygon", "coordinates": [[[[116.4604133, 39.8690399], [116.4604152, 39.8686433], [116.4607975, 39.8686445], [116.4607954, 39.869041], [116.4604133, 39.8690399]]]]}}, {"type": "Feature", "properties": {"building": "apartments", "source": "osm"}, "geometry": {"type": "MultiPolygon", "coordinates": [[[[116.4599072, 39.8685509], [116.4599091, 39.8681544], [116.4602913, 39.8681555], [116.4602893, 39.8685521], [116.4599072, 39.8685509]]]]}}, {"type": "Feature", "properties": {"building": "apartments", "source": "osm"}, "geometry": {"type": "MultiPolygon", "coordinates": [[[[116.4609477, 39.8685482], [116.4609497, 39.8681517], [116.4613319, 39.8681528], [116.4613298, 39.8685494], [116.4609477, 39.8685482]]]]}}, {"type": "Feature", "properties": {"building": "apartments", "source": "osm"}, "geometry": {"type": "MultiPolygon", "coordinates": [[[[116.4609972, 39.86901], [116.4609992, 39.8686135], [116.4613814, 39.8686146], [116.4613793, 39.8690111], [116.4609972, 39.86901]]]]}}, {"type": "Feature", "properties": {"building": "apartments", "source": "osm"}, "geometry": {"type": "MultiPolygon", "coordinates": [[[[116.4603814, 39.869833], [116.4603834, 39.8694365], [116.4607656, 39.8694377], [116.4607635, 39.8698342], [116.4603814, 39.869833]]]]}}, {"type": "Feature", "properties": {"building": "apartments", "source": "osm"}, "geometry": {"type": "MultiPolygon", "coordinates": [[[[116.4618404, 39.8689896], [116.4618443, 39.868649], [116.4621662, 39.8686511], [116.4621623, 39.8689918], [116.4618404, 39.8689896]]]]}}, {"type": "Feature", "properties": {"building": "apartments", "source": "osm"}, "geometry": {"type": "MultiPolygon", "coordinates": [[[[116.4731929, 39.8678957], [116.4731937, 39.8678151], [116.473339, 39.867816], [116.473844, 39.8683068], [116.4746562, 39.8683093], [116.4746556, 39.8684215], [116.4737602, 39.8684189], [116.4731929, 39.8678957]]]]}}, {"type": "Feature", "properties": {"building": "apartments", "source": "osm"}, "geometry": {"type": "MultiPolygon", "coordinates": [[[[116.4678632, 39.8689785], [116.4681931, 39.8689756], [116.4681974, 39.8692638], [116.4678675, 39.8692666], [116.4678632, 39.8689785]]]]}}, {"type": "Feature", "properties": {"building": "apartments", "source": "osm"}, "geometry": {"type": "MultiPolygon", "coordinates": [[[[116.4623313, 39.8688131], [116.4623337, 39.8686589], [116.4631321, 39.8686661], [116.4631298, 39.8688202], [116.4623313, 39.8688131]]]]}}, {"type": "Feature", "properties": {"building": "apartments", "source": "osm"}, "geometry": {"type": "MultiPolygon", "coordinates": [[[[116.4618615, 39.8696757], [116.4618656, 39.869139], [116.4621217, 39.8691402], [116.4621189, 39.8694967], [116.4631184, 39.8695014], [116.4631195, 39.8693678], [116.4633866, 39.869369], [116.4633842, 39.8696825], [116.4618615, 39.8696757]]]]}}, {"type": "Feature", "properties": {"building": "apartments", "source": "osm"}, "geometry": {"type": "MultiPolygon", "coordinates": [[[[116.4639476, 39.8696791], [116.4639507, 39.8693726], [116.464228, 39.8693742], [116.4642265, 39.8695204], [116.4655976, 39.8695289], [116.4656033, 39.8689763], [116.4649271, 39.8689721], [116.4649295, 39.8687418], [116.4657297, 39.8687468], [116.4658348, 39.868831], [116.4658262, 39.8696902], [116.4639476, 39.8696791]]]]}}, {"type": "Feature", "properties": {"building": "apartments", "source": "osm"}, "geometry": {"type": "MultiPolygon", "coordinates": [[[[116.4649624, 39.8677731], [116.4649671, 39.8675593], [116.4656106, 39.8675676], [116.4658651, 39.8677432], [116.4658541, 39.8684928], [116.4651442, 39.8684866], [116.4651471, 39.8682962], [116.4656527, 39.8683007], [116.4656597, 39.8678418], [116.4655686, 39.8677808], [116.4649624, 39.8677731]]]]}}, {"type": "Feature", "properties": {"building": "commercial", "source": "osm"}, "geometry": {"type": "MultiPolygon", "coordinates": [[[[116.4663418, 39.8695579], [116.4675902, 39.8695535], [116.4675913, 39.8697409], [116.4663429, 39.8697452], [116.4663418, 39.8695579]]]]}}, {"type": "Feature", "properties": {"building": "commercial", "source": "osm"}, "geometry": {"type": "MultiPolygon", "coordinates": [[[[116.4677474, 39.8694735], [116.4683012, 39.869471], [116.4683032, 39.8697315], [116.4677495, 39.869734], [116.4677474, 39.8694735]]]]}}, {"type": "Feature", "properties": {"building": "commercial", "source": "osm"}, "geometry": {"type": "MultiPolygon", "coordinates": [[[[116.4683928, 39.8697177], [116.468394, 39.8695911], [116.4687993, 39.8695934], [116.4688003, 39.8694831], [116.4690053, 39.8694842], [116.469003, 39.8697212], [116.4683928, 39.8697177]]]]}}, {"type": "Feature", "properties": {"building": "apartments", "source": "osm"}, "geometry": {"type": "MultiPolygon", "coordinates": [[[[116.4670485, 39.8685628], [116.46705, 39.8684693], [116.4674705, 39.8684734], [116.4674688, 39.8685757], [116.4676013, 39.8685769], [116.4675951, 39.8689659], [116.4670953, 39.8689611], [116.4670971, 39.868849], [116.4674119, 39.868852], [116.4674166, 39.8685663], [116.4670485, 39.8685628]]]]}}, {"type": "Feature", "properties": {"building": "apartments", "source": "osm"}, "geometry": {"type": "MultiPolygon", "coordinates": [[[[116.4670482, 39.8677738], [116.4670497, 39.8676803], [116.4674702, 39.8676844], [116.4674685, 39.8677867], [116.4676011, 39.8677879], [116.4675948, 39.8681769], [116.4670951, 39.8681721], [116.4670969, 39.86806], [116.4674117, 39.868063], [116.4674163, 39.8677773], [116.4670482, 39.8677738]]]]}}, {"type": "Feature", "properties": {"building": "apartments", "source": "osm"}, "geometry": {"type": "MultiPolygon", "coordinates": [[[[116.4663385, 39.8677703], [116.4664342, 39.8677701], [116.4664336, 39.8676176], [116.4668388, 39.8676166], [116.4668393, 39.8677154], [116.4665268, 39.8677162], [116.466528, 39.8680084], [116.4669361, 39.8680074], [116.4669364, 39.8681018], [116.4664735, 39.8681029], [116.4664731, 39.8680014], [116.4663395, 39.8680017], [116.4663385, 39.8677703]]]]}}, {"type": "Feature", "properties": {"building": "apartments", "source": "osm"}, "geometry": {"type": "MultiPolygon", "coordinates": [[[[116.4627054, 39.8789593], [116.4630777, 39.8789593], [116.4630777, 39.879056], [116.4631835, 39.879056], [116.4631835, 39.8794885], [116.4630325, 39.8794885], [116.4630326, 39.8790766], [116.4627054, 39.8790766], [116.4627054, 39.8789593]]]]}}, {"type": "Feature", "properties": {"building": "apartments", "source": "osm"}, "geometry": {"type": "MultiPolygon", "coordinates": [[[[116.4626728, 39.8796067], [116.4630451, 39.8796066], [116.4630452, 39.8797034], [116.463151, 39.8797034], [116.4631509, 39.8801358], [116.463, 39.8801358], [116.463, 39.879724], [116.4626728, 39.879724], [116.4626728, 39.8796067]]]]}}, {"type": "Feature", "properties": {"building": "apartments", "source": "osm"}, "geometry": {"type": "MultiPolygon", "coordinates": [[[[116.4605193, 39.8785686], [116.4606078, 39.8785678], [116.4606057, 39.8784315], [116.4608293, 39.8784295], [116.4608315, 39.8785758], [116.4609986, 39.8785743], [116.4609962, 39.8784135], [116.4612594, 39.8784111], [116.4612615, 39.8785499], [116.4613417, 39.8785492], [116.4613449, 39.8787604], [116.4605223, 39.8787678], [116.4605193, 39.8785686]]]]}}, {"type": "Feature", "properties": {"building": "apartments", "source": "osm"}, "geometry": {"type": "MultiPolygon", "coordinates": [[[[116.4595904, 39.8781453], [116.4596789, 39.8781445], [116.4596769, 39.8780082], [116.4599004, 39.8780062], [116.4599026, 39.8781525], [116.4600698, 39.8781511], [116.4600674, 39.8779902], [116.4603306, 39.8779879], [116.4603327, 39.8781266], [116.4604128, 39.8781259], [116.4604161, 39.8783371], [116.4595935, 39.8783445], [116.4595904, 39.8781453]]]]}}, {"type": "Feature", "properties": {"building": "apartments", "source": "osm"}, "geometry": {"type": "MultiPolygon", "coordinates": [[[[116.4590532, 39.8785284], [116.4591492, 39.8785274], [116.4591463, 39.878369], [116.4593591, 39.8783667], [116.4593619, 39.8785222], [116.4594608, 39.8785211], [116.4594643, 39.8787113], [116.4590567, 39.8787158], [116.4590532, 39.8785284]]]]}}, {"type": "Feature", "properties": {"building": "apartments", "source": "osm"}, "geometry": {"type": "MultiPolygon", "coordinates": [[[[116.4601343, 39.8801779], [116.4604827, 39.8801772], [116.4604839, 39.8805101], [116.4601354, 39.8805108], [116.4601343, 39.8801779]]]]}}, {"type": "Feature", "properties": {"building": "apartments", "source": "osm"}, "geometry": {"type": "MultiPolygon", "coordinates": [[[[116.4590951, 39.8803599], [116.4592025, 39.8803597], [116.459202, 39.8801909], [116.4593878, 39.8801906], [116.4593882, 39.8803431], [116.4595065, 39.8803429], [116.4595071, 39.8805388], [116.4590956, 39.8805396], [116.4590951, 39.8803599]]]]}}, {"type": "Feature", "properties": {"building": "apartments", "source": "osm"}, "geometry": {"type": "MultiPolygon", "coordinates": [[[[116.4590704, 39.8794551], [116.4591778, 39.8794549], [116.4591773, 39.879286], [116.4593631, 39.8792857], [116.4593636, 39.8794382], [116.4594818, 39.879438], [116.4594824, 39.879634], [116.459071, 39.8796348], [116.4590704, 39.8794551]]]]}}, {"type": "Feature", "properties": {"building": "apartments", "source": "osm"}, "geometry": {"type": "MultiPolygon", "coordinates": [[[[116.4601091, 39.8794473], [116.4602166, 39.8794471], [116.4602161, 39.8792782], [116.4604018, 39.8792779], [116.4604023, 39.8794304], [116.4605205, 39.8794302], [116.4605212, 39.8796262], [116.4601097, 39.879627], [116.4601091, 39.8794473]]]]}}, {"type": "Feature", "properties": {"building": "apartments", "source": "osm"}, "geometry": {"type": "MultiPolygon", "coordinates": [[[[116.4609995, 39.8794519], [116.4611069, 39.8794517], [116.4611064, 39.8792829], [116.4612922, 39.8792826], [116.4612926, 39.8794351], [116.4614109, 39.8794349], [116.4614115, 39.8796309], [116.461, 39.8796316], [116.4609995, 39.8794519]]]]}}, {"type": "Feature", "properties": {"building": "apartments", "source": "osm"}, "geometry": {"type": "MultiPolygon", "coordinates": [[[[116.4594923, 39.8794254], [116.4599328, 39.8794233], [116.4599339, 39.8795623], [116.4594935, 39.8795644], [116.4594923, 39.8794254]]]]}}, {"type": "Feature", "properties": {"building": "apartments", "source": "osm"}, "geometry": {"type": "MultiPolygon", "coordinates": [[[[116.4605403, 39.8794216], [116.4609808, 39.8794195], [116.4609819, 39.8795584], [116.4605414, 39.8795605], [116.4605403, 39.8794216]]]]}}, {"type": "Feature", "properties": {"building": "apartments", "source": "osm"}, "geometry": {"type": "MultiPolygon", "coordinates": [[[[116.4605364, 39.8803239], [116.4609769, 39.8803219], [116.4609781, 39.8804608], [116.4605376, 39.8804629], [116.4605364, 39.8803239]]]]}}, {"type": "Feature", "properties": {"building": "apartments", "source": "osm"}, "geometry": {"type": "MultiPolygon", "coordinates": [[[[116.4595141, 39.8803136], [116.4599546, 39.8803116], [116.4599558, 39.8804505], [116.4595153, 39.8804526], [116.4595141, 39.8803136]]]]}}, {"type": "Feature", "properties": {"building": "apartments", "source": "osm"}, "geometry": {"type": "MultiPolygon", "coordinates": [[[[116.4601173, 39.8796894], [116.4602984, 39.8796891], [116.4602992, 39.8800272], [116.4601181, 39.8800274], [116.4601173, 39.8796894]]]]}}, {"type": "Feature", "properties": {"building": "apartments", "source": "osm"}, "geometry": {"type": "MultiPolygon", "coordinates": [[[[116.459097, 39.8796973], [116.4592781, 39.8796971], [116.4592789, 39.8800351], [116.4590978, 39.8800354], [116.459097, 39.8796973]]]]}}, {"type": "Feature", "properties": {"building": "apartments", "source": "osm"}, "geometry": {"type": "MultiPolygon", "coordinates": [[[[116.461182, 39.8797294], [116.4613987, 39.8797291], [116.4614009, 39.8804718], [116.4611841, 39.8804722], [116.461182, 39.8797294]]]]}}, {"type": "Feature", "properties": {"building": "apartments", "source": "osm"}, "geometry": {"type": "MultiPolygon", "coordinates": [[[[116.4596155, 39.8791311], [116.4596173, 39.8789961], [116.460039, 39.8789995], [116.4600373, 39.8791344], [116.4596155, 39.8791311]]]]}}, {"type": "Feature", "properties": {"building": "apartments", "source": "osm"}, "geometry": {"type": "MultiPolygon", "coordinates": [[[[116.4600497, 39.8789048], [116.4603313, 39.8789029], [116.4603328, 39.8790408], [116.4600512, 39.8790426], [116.4600497, 39.8789048]]]]}}, {"type": "Feature", "properties": {"building": "apartments", "source": "osm"}, "geometry": {"type": "MultiPolygon", "coordinates": [[[[116.4626731, 39.8802778], [116.4631762, 39.8802773], [116.4631765, 39.8804192], [116.4626734, 39.8804198], [116.4626731, 39.8802778]]]]}}, {"type": "Feature", "properties": {"building": "commercial", "source": "osm"}, "geometry": {"type": "MultiPolygon", "coordinates": [[[[116.4607942, 39.8791112], [116.4607951, 39.8788552], [116.461409, 39.8788564], [116.4614081, 39.8791126], [116.4607942, 39.8791112]]]]}}, {"type": "Feature", "properties": {"building": "apartments", "source": "osm"}, "geometry": {"type": "MultiPolygon", "coordinates": [[[[116.4657739, 39.8812144], [116.466388, 39.8812144], [116.466388, 39.8813721], [116.4657739, 39.8813721], [116.4657739, 39.8812144]]]]}}, {"type": "Feature", "properties": {"building": "apartments", "source": "osm"}, "geometry": {"type": "MultiPolygon", "coordinates": [[[[116.465774, 39.8808892], [116.466388, 39.8808892], [116.466388, 39.8810469], [116.465774, 39.8810469], [116.465774, 39.8808892]]]]}}, {"type": "Feature", "properties": {"building": "apartments", "source": "osm"}, "geometry": {"type": "MultiPolygon", "coordinates": [[[[116.4657763, 39.8805362], [116.4663904, 39.8805362], [116.4663904, 39.8806939], [116.4657763, 39.8806939], [116.4657763, 39.8805362]]]]}}, {"type": "Feature", "properties": {"building": "apartments", "source": "osm"}, "geometry": {"type": "MultiPolygon", "coordinates": [[[[116.4665328, 39.881287], [116.4665329, 39.8811293], [116.4671469, 39.8811293], [116.4671469, 39.881287], [116.4665328, 39.881287]]]]}}, {"type": "Feature", "properties": {"building": "apartments", "source": "osm"}, "geometry": {"type": "MultiPolygon", "coordinates": [[[[116.4665084, 39.8808775], [116.4665095, 39.880719], [116.4671924, 39.8807217], [116.4671913, 39.8808803], [116.4665084, 39.8808775]]]]}}, {"type": "Feature", "properties": {"building": "apartments", "source": "osm"}, "geometry": {"type": "MultiPolygon", "coordinates": [[[[116.4665116, 39.8816733], [116.4665132, 39.8815147], [116.4672428, 39.8815188], [116.4672412, 39.8816775], [116.4665116, 39.8816733]]]]}}, {"type": "Feature", "properties": {"building": "apartments", "source": "osm"}, "geometry": {"type": "MultiPolygon", "coordinates": [[[[116.4665327, 39.8820433], [116.4665342, 39.8818847], [116.4672638, 39.8818889], [116.4672623, 39.8820475], [116.4665327, 39.8820433]]]]}}, {"type": "Feature", "properties": {"building": "apartments", "source": "osm"}, "geometry": {"type": "MultiPolygon", "coordinates": [[[[116.4665257, 39.8823981], [116.4665272, 39.8822395], [116.4672568, 39.8822436], [116.4672553, 39.8824023], [116.4665257, 39.8823981]]]]}}, {"type": "Feature", "properties": {"building": "apartments", "source": "osm"}, "geometry": {"type": "MultiPolygon", "coordinates": [[[[116.4397747, 39.8751485], [116.4403392, 39.8751526], [116.4403374, 39.8753128], [116.4400384, 39.8753237], [116.4401091, 39.8756143], [116.439957, 39.8756361], [116.4397765, 39.8752762], [116.4397747, 39.8751485]]]]}}, {"type": "Feature", "properties": {"building": "apartments", "source": "osm"}, "geometry": {"type": "MultiPolygon", "coordinates": [[[[116.4418808, 39.8779894], [116.4418812, 39.8778566], [116.4423075, 39.8778573], [116.4423072, 39.8779901], [116.4418808, 39.8779894]]]]}}, {"type": "Feature", "properties": {"building": "apartments", "source": "osm"}, "geometry": {"type": "MultiPolygon", "coordinates": [[[[116.4416943, 39.8778205], [116.4416953, 39.8776317], [116.4417963, 39.8776321], [116.4417966, 39.8775849], [116.4419923, 39.8775856], [116.4419911, 39.8777815], [116.4419251, 39.8777813], [116.4419249, 39.8778213], [116.4416943, 39.8778205]]]]}}, {"type": "Feature", "properties": {"building": "apartments", "source": "osm"}, "geometry": {"type": "MultiPolygon", "coordinates": [[[[116.4419914, 39.8775164], [116.4419924, 39.8773276], [116.4420934, 39.8773279], [116.4420937, 39.8772808], [116.4422893, 39.8772815], [116.4422882, 39.8774774], [116.4422222, 39.8774772], [116.4422219, 39.8775171], [116.4419914, 39.8775164]]]]}}, {"type": "Feature", "properties": {"building": "apartments", "source": "osm"}, "geometry": {"type": "MultiPolygon", "coordinates": [[[[116.4623761, 39.8778921], [116.4631209, 39.8778939], [116.4631233, 39.8780139], [116.4623761, 39.8780086], [116.4623761, 39.8778921]]]]}}, {"type": "Feature", "properties": {"building": "apartments", "source": "osm"}, "geometry": {"type": "MultiPolygon", "coordinates": [[[[116.4623737, 39.877195], [116.4631186, 39.8771968], [116.4631209, 39.8773169], [116.4623737, 39.8773115], [116.4623737, 39.877195]]]]}}, {"type": "Feature", "properties": {"building": "apartments", "source": "osm"}, "geometry": {"type": "MultiPolygon", "coordinates": [[[[116.4623778, 39.8761186], [116.4631226, 39.8761204], [116.463125, 39.8762405], [116.4623778, 39.8762351], [116.4623778, 39.8761186]]]]}}, {"type": "Feature", "properties": {"building": "apartments", "source": "osm"}, "geometry": {"type": "MultiPolygon", "coordinates": [[[[116.4623676, 39.8757692], [116.4631125, 39.875771], [116.4631148, 39.875891], [116.4623676, 39.8758857], [116.4623676, 39.8757692]]]]}}, {"type": "Feature", "properties": {"building": "apartments", "source": "osm"}, "geometry": {"type": "MultiPolygon", "coordinates": [[[[116.4623757, 39.8750391], [116.4631206, 39.8750409], [116.4631229, 39.875161], [116.4623757, 39.8751556], [116.4623757, 39.8750391]]]]}}, {"type": "Feature", "properties": {"building": "apartments", "source": "osm"}, "geometry": {"type": "MultiPolygon", "coordinates": [[[[116.4617903, 39.8771299], [116.4619581, 39.8771298], [116.461958, 39.8770937], [116.4620991, 39.8770936], [116.4620992, 39.8771706], [116.462139, 39.8771706], [116.4621391, 39.8773225], [116.4620553, 39.8773226], [116.4620553, 39.8772923], [116.4618736, 39.8772924], [116.4618737, 39.8773339], [116.4617906, 39.877334], [116.4617903, 39.8771299]]]]}}, {"type": "Feature", "properties": {"building": "apartments", "source": "osm"}, "geometry": {"type": "MultiPolygon", "coordinates": [[[[116.4617984, 39.8778116], [116.4619662, 39.8778115], [116.4619661, 39.8777754], [116.4621072, 39.8777753], [116.4621073, 39.8778523], [116.4621471, 39.8778523], [116.4621472, 39.8780042], [116.4620634, 39.8780043], [116.4620634, 39.877974], [116.4618817, 39.8779741], [116.4618818, 39.8780156], [116.4617987, 39.8780157], [116.4617984, 39.8778116]]]]}}, {"type": "Feature", "properties": {"building": "apartments", "source": "osm"}, "geometry": {"type": "MultiPolygon", "coordinates": [[[[116.4581136, 39.8821214], [116.45841, 39.8821209], [116.4584107, 39.8823678], [116.4581143, 39.8823683], [116.4581136, 39.8821214]]]]}}, {"type": "Feature", "properties": {"building": "apartments", "source": "osm"}, "geometry": {"type": "MultiPolygon", "coordinates": [[[[116.4596687, 39.8821075], [116.4599651, 39.882107], [116.4599657, 39.882354], [116.4596694, 39.8823545], [116.4596687, 39.8821075]]]]}}, {"type": "Feature", "properties": {"building": "apartments", "source": "osm"}, "geometry": {"type": "MultiPolygon", "coordinates": [[[[116.4493944, 39.8806498], [116.4497176, 39.8806448], [116.4497253, 39.8809348], [116.449402, 39.8809399], [116.4493944, 39.8806498]]]]}}, {"type": "Feature", "properties": {"building": "apartments", "source": "osm"}, "geometry": {"type": "MultiPolygon", "coordinates": [[[[116.4502356, 39.8806427], [116.4505588, 39.8806377], [116.4505665, 39.8809277], [116.4502432, 39.8809328], [116.4502356, 39.8806427]]]]}}, {"type": "Feature", "properties": {"building": "apartments", "source": "osm"}, "geometry": {"type": "MultiPolygon", "coordinates": [[[[116.453295, 39.8808437], [116.4536182, 39.8808387], [116.4536259, 39.8811287], [116.4533026, 39.8811338], [116.453295, 39.8808437]]]]}}, {"type": "Feature", "properties": {"building": "apartments", "source": "osm"}, "geometry": {"type": "MultiPolygon", "coordinates": [[[[116.4528113, 39.8803874], [116.4531345, 39.8803824], [116.4531422, 39.8806724], [116.4528189, 39.8806775], [116.4528113, 39.8803874]]]]}}, {"type": "Feature", "properties": {"building": "apartments", "source": "osm"}, "geometry": {"type": "MultiPolygon", "coordinates": [[[[116.4617744, 39.8777156], [116.4617767, 39.877413], [116.4621755, 39.8774148], [116.4621732, 39.8777173], [116.4617744, 39.8777156]]]]}}, {"type": "Feature", "properties": {"building": "apartments", "source": "osm"}, "geometry": {"type": "MultiPolygon", "coordinates": [[[[116.46178, 39.8769914], [116.4617822, 39.8766889], [116.462181, 39.8766906], [116.4621787, 39.8769932], [116.46178, 39.8769914]]]]}}, {"type": "Feature", "properties": {"building": "apartments", "source": "osm"}, "geometry": {"type": "MultiPolygon", "coordinates": [[[[116.4617645, 39.8763554], [116.4617668, 39.8760528], [116.4621656, 39.8760546], [116.4621633, 39.8763571], [116.4617645, 39.8763554]]]]}}, {"type": "Feature", "properties": {"building": "apartments", "source": "osm"}, "geometry": {"type": "MultiPolygon", "coordinates": [[[[116.4617707, 39.8757122], [116.461773, 39.8754097], [116.4621718, 39.8754114], [116.4621695, 39.875714], [116.4617707, 39.8757122]]]]}}, {"type": "Feature", "properties": {"building": "apartments", "source": "osm"}, "geometry": {"type": "MultiPolygon", "coordinates": [[[[116.4673089, 39.8783951], [116.4676433, 39.8783899], [116.4676505, 39.8786617], [116.467316, 39.8786669], [116.4673089, 39.8783951]]]]}}, {"type": "Feature", "properties": {"building": "apartments", "source": "osm"}, "geometry": {"type": "MultiPolygon", "coordinates": [[[[116.4684066, 39.8786133], [116.468741, 39.8786081], [116.4687481, 39.8788799], [116.4684137, 39.8788851], [116.4684066, 39.8786133]]]]}}, {"type": "Feature", "properties": {"building": "apartments", "source": "osm"}, "geometry": {"type": "MultiPolygon", "coordinates": [[[[116.4694572, 39.8786558], [116.4697916, 39.8786507], [116.4697987, 39.8789225], [116.4694643, 39.8789276], [116.4694572, 39.8786558]]]]}}, {"type": "Feature", "properties": {"building": "apartments", "source": "osm"}, "geometry": {"type": "MultiPolygon", "coordinates": [[[[116.4682753, 39.8779971], [116.4682879, 39.8776208], [116.4686125, 39.8776272], [116.4685999, 39.8780035], [116.4682753, 39.8779971]]]]}}, {"type": "Feature", "properties": {"building": "apartments", "source": "osm"}, "geometry": {"type": "MultiPolygon", "coordinates": [[[[116.4682846, 39.8775098], [116.4682972, 39.8771335], [116.4686218, 39.8771399], [116.4686092, 39.8775162], [116.4682846, 39.8775098]]]]}}, {"type": "Feature", "properties": {"building": "apartments", "source": "osm"}, "geometry": {"type": "MultiPolygon", "coordinates": [[[[116.4433883, 39.875162], [116.4433897, 39.8750508], [116.4442084, 39.8750568], [116.4442077, 39.8751135], [116.4445271, 39.8751159], [116.4445258, 39.8752192], [116.4442031, 39.8752168], [116.4442038, 39.875168], [116.4433883, 39.875162]]]]}}, {"type": "Feature", "properties": {"building": "apartments", "source": "osm"}, "geometry": {"type": "MultiPolygon", "coordinates": [[[[116.4409092, 39.8767849], [116.4412151, 39.8767828], [116.4412184, 39.8770581], [116.4409125, 39.8770603], [116.4409092, 39.8767849]]]]}}, {"type": "Feature", "properties": {"building": "apartments", "source": "osm"}, "geometry": {"type": "MultiPolygon", "coordinates": [[[[116.4401641, 39.8756836], [116.4404004, 39.8756827], [116.4404019, 39.875905], [116.4404994, 39.8759046], [116.4405008, 39.8761135], [116.4402707, 39.8761144], [116.4402699, 39.8759921], [116.4401661, 39.8759925], [116.4401641, 39.8756836]]]]}}, {"type": "Feature", "properties": {"building": "apartments", "source": "osm"}, "geometry": {"type": "MultiPolygon", "coordinates": [[[[116.4403276, 39.8764929], [116.4403298, 39.8762481], [116.4405602, 39.8762493], [116.4405582, 39.8764647], [116.4406563, 39.8764653], [116.4406534, 39.8767637], [116.4404351, 39.8767625], [116.4404377, 39.8764935], [116.4403276, 39.8764929]]]]}}, {"type": "Feature", "properties": {"building": "apartments", "source": "osm"}, "geometry": {"type": "MultiPolygon", "coordinates": [[[[116.4409761, 39.8766366], [116.440981, 39.8762532], [116.441194, 39.8762548], [116.4411893, 39.876617], [116.4412517, 39.8766175], [116.4412505, 39.8767125], [116.4411331, 39.8767116], [116.4411341, 39.8766378], [116.4409761, 39.8766366]]]]}}, {"type": "Feature", "properties": {"building": "apartments", "source": "osm"}, "geometry": {"type": "MultiPolygon", "coordinates": [[[[116.4522966, 39.8777331], [116.4523008, 39.8772734], [116.4529076, 39.8772767], [116.4529062, 39.8774284], [116.4532377, 39.8774302], [116.4532329, 39.8779333], [116.4526008, 39.8779297], [116.4526026, 39.8777348], [116.4522966, 39.8777331]]]]}}, {"type": "Feature", "properties": {"building": "apartments", "source": "osm"}, "geometry": {"type": "MultiPolygon", "coordinates": [[[[116.4638819, 39.8773301], [116.4645428, 39.8773284], [116.4645433, 39.8774383], [116.4638824, 39.87744], [116.4638819, 39.8773301]]]]}}, {"type": "Feature", "properties": {"building": "apartments", "source": "osm"}, "geometry": {"type": "MultiPolygon", "coordinates": [[[[116.4638726, 39.8779301], [116.4645334, 39.8779285], [116.4645339, 39.8780383], [116.4638731, 39.87804], [116.4638726, 39.8779301]]]]}}, {"type": "Feature", "properties": {"building": "apartments", "source": "osm"}, "geometry": {"type": "MultiPolygon", "coordinates": [[[[116.4646537, 39.8779412], [116.4646556, 39.8774341], [116.4647987, 39.8774344], [116.4647969, 39.8779415], [116.4646537, 39.8779412]]]]}}, {"type": "Feature", "properties": {"building": "apartments", "source": "osm"}, "geometry": {"type": "MultiPolygon", "coordinates": [[[[116.464643, 39.8773546], [116.464645, 39.8768475], [116.4647881, 39.8768478], [116.4647863, 39.8773549], [116.464643, 39.8773546]]]]}}, {"type": "Feature", "properties": {"building": "apartments", "source": "osm"}, "geometry": {"type": "MultiPolygon", "coordinates": [[[[116.4646109, 39.8763151], [116.4646128, 39.875808], [116.4647559, 39.8758083], [116.4647541, 39.8763155], [116.4646109, 39.8763151]]]]}}, {"type": "Feature", "properties": {"building": "apartments", "source": "osm"}, "geometry": {"type": "MultiPolygon", "coordinates": [[[[116.4471069, 39.8775806], [116.4474141, 39.8775764], [116.4474194, 39.877808], [116.4471123, 39.8778121], [116.4471069, 39.8775806]]]]}}, {"type": "Feature", "properties": {"building": "apartments", "source": "osm"}, "geometry": {"type": "MultiPolygon", "coordinates": [[[[116.4464384, 39.8777516], [116.4467585, 39.8777491], [116.4467624, 39.8780424], [116.4464423, 39.8780449], [116.4464384, 39.8777516]]]]}}, {"type": "Feature", "properties": {"building": "apartments", "source": "osm"}, "geometry": {"type": "MultiPolygon", "coordinates": [[[[116.4448649, 39.8777614], [116.4455489, 39.8777606], [116.4455493, 39.8779249], [116.4448653, 39.8779258], [116.4448649, 39.8777614]]]]}}, {"type": "Feature", "properties": {"building": "apartments", "source": "osm"}, "geometry": {"type": "MultiPolygon", "coordinates": [[[[116.4448596, 39.8773802], [116.4455435, 39.8773793], [116.4455439, 39.8775436], [116.4448599, 39.8775445], [116.4448596, 39.8773802]]]]}}, {"type": "Feature", "properties": {"building": "apartments", "source": "osm"}, "geometry": {"type": "MultiPolygon", "coordinates": [[[[116.4448934, 39.878151], [116.4455774, 39.8781501], [116.4455778, 39.8783144], [116.4448938, 39.8783153], [116.4448934, 39.878151]]]]}}, {"type": "Feature", "properties": {"building": "apartments", "source": "osm"}, "geometry": {"type": "MultiPolygon", "coordinates": [[[[116.4438028, 39.8776899], [116.4444867, 39.877689], [116.4444871, 39.8778533], [116.4438031, 39.8778543], [116.4438028, 39.8776899]]]]}}, {"type": "Feature", "properties": {"building": "apartments", "source": "osm"}, "geometry": {"type": "MultiPolygon", "coordinates": [[[[116.4437997, 39.8772359], [116.4444837, 39.8772351], [116.444484, 39.8773994], [116.4438, 39.8774003], [116.4437997, 39.8772359]]]]}}, {"type": "Feature", "properties": {"building": "apartments", "source": "osm"}, "geometry": {"type": "MultiPolygon", "coordinates": [[[[116.443389, 39.8754075], [116.444073, 39.8754067], [116.4440734, 39.875571], [116.4433894, 39.8755719], [116.443389, 39.8754075]]]]}}, {"type": "Feature", "properties": {"building": "apartments", "source": "osm"}, "geometry": {"type": "MultiPolygon", "coordinates": [[[[116.443389, 39.8757719], [116.444073, 39.875771], [116.4440734, 39.8759353], [116.4433894, 39.8759363], [116.443389, 39.8757719]]]]}}, {"type": "Feature", "properties": {"building": "apartments", "source": "osm"}, "geometry": {"type": "MultiPolygon", "coordinates": [[[[116.4506776, 39.8769969], [116.4510563, 39.8769936], [116.4510552, 39.8769181], [116.4518067, 39.8769115], [116.4518084, 39.877025], [116.4510658, 39.8770315], [116.451067, 39.8771148], [116.4506793, 39.8771181], [116.4506776, 39.8769969]]]]}}, {"type": "Feature", "properties": {"building": "apartments", "source": "osm"}, "geometry": {"type": "MultiPolygon", "coordinates": [[[[116.4506773, 39.8766697], [116.4510561, 39.8766664], [116.451055, 39.876591], [116.4518064, 39.8765843], [116.4518081, 39.8766978], [116.4510656, 39.8767043], [116.4510668, 39.8767876], [116.4506791, 39.8767909], [116.4506773, 39.8766697]]]]}}, {"type": "Feature", "properties": {"building": "apartments", "source": "osm"}, "geometry": {"type": "MultiPolygon", "coordinates": [[[[116.4511147, 39.8776426], [116.4515137, 39.8776404], [116.4515154, 39.8778097], [116.4513979, 39.8778104], [116.4513976, 39.8777702], [116.4512252, 39.8777712], [116.4512256, 39.8778121], [116.4511164, 39.8778128], [116.4511147, 39.8776426]]]]}}, {"type": "Feature", "properties": {"building": "apartments", "source": "osm"}, "geometry": {"type": "MultiPolygon", "coordinates": [[[[116.4504884, 39.8777482], [116.4508874, 39.8777459], [116.450889, 39.8779153], [116.4507716, 39.8779159], [116.4507712, 39.8778757], [116.4505989, 39.8778767], [116.4505993, 39.8779177], [116.45049, 39.8779183], [116.4504884, 39.8777482]]]]}}, {"type": "Feature", "properties": {"building": "apartments", "source": "osm"}, "geometry": {"type": "MultiPolygon", "coordinates": [[[[116.4517554, 39.8827099], [116.451929, 39.8827063], [116.4519261, 39.8826223], [116.4521406, 39.8826178], [116.452147, 39.8827953], [116.451979, 39.8827988], [116.4519818, 39.882879], [116.4517616, 39.8828836], [116.4517554, 39.8827099]]]]}}, {"type": "Feature", "properties": {"building": "apartments", "source": "osm"}, "geometry": {"type": "MultiPolygon", "coordinates": [[[[116.4523233, 39.8826951], [116.4524969, 39.8826915], [116.452494, 39.8826075], [116.4527085, 39.882603], [116.4527149, 39.8827805], [116.4525469, 39.882784], [116.4525497, 39.8828642], [116.4523295, 39.8828688], [116.4523233, 39.8826951]]]]}}, {"type": "Feature", "properties": {"building": "apartments", "source": "osm"}, "geometry": {"type": "MultiPolygon", "coordinates": [[[[116.457279, 39.8813487], [116.4580494, 39.8813358], [116.458053, 39.8814637], [116.4572826, 39.8814765], [116.457279, 39.8813487]]]]}}, {"type": "Feature", "properties": {"building": "apartments", "source": "osm"}, "geometry": {"type": "MultiPolygon", "coordinates": [[[[116.4581693, 39.8813307], [116.4589397, 39.8813178], [116.4589433, 39.8814458], [116.4581729, 39.8814585], [116.4581693, 39.8813307]]]]}}, {"type": "Feature", "properties": {"building": "apartments", "source": "osm"}, "geometry": {"type": "MultiPolygon", "coordinates": [[[[116.4577404, 39.8810109], [116.4585108, 39.8809981], [116.4585144, 39.881126], [116.457744, 39.8811388], [116.4577404, 39.8810109]]]]}}, {"type": "Feature", "properties": {"building": "apartments", "source": "osm"}, "geometry": {"type": "MultiPolygon", "coordinates": [[[[116.45904, 39.8809936], [116.4592464, 39.8809898], [116.4592527, 39.8811956], [116.4590463, 39.8811993], [116.45904, 39.8809936]]]]}}, {"type": "Feature", "properties": {"building": "apartments", "source": "osm"}, "geometry": {"type": "MultiPolygon", "coordinates": [[[[116.4590557, 39.88127], [116.4592622, 39.8812663], [116.4592684, 39.8814721], [116.459062, 39.8814758], [116.4590557, 39.88127]]]]}}, {"type": "Feature", "properties": {"building": "apartments", "source": "osm"}, "geometry": {"type": "MultiPolygon", "coordinates": [[[[116.4583686, 39.8807941], [116.4589224, 39.8807882], [116.4589249, 39.8809199], [116.458371, 39.8809259], [116.4583686, 39.8807941]]]]}}, {"type": "Feature", "properties": {"building": "apartments", "source": "osm"}, "geometry": {"type": "MultiPolygon", "coordinates": [[[[116.4572781, 39.8808121], [116.4578319, 39.8808061], [116.4578343, 39.8809378], [116.4572805, 39.8809438], [116.4572781, 39.8808121]]]]}}, {"type": "Feature", "properties": {"building": "apartments", "source": "osm"}, "geometry": {"type": "MultiPolygon", "coordinates": [[[[116.4578745, 39.8808071], [116.4583156, 39.8807993], [116.4583195, 39.8809287], [116.4578784, 39.8809366], [116.4578745, 39.8808071]]]]}}, {"type": "Feature", "properties": {"building": "apartments", "source": "osm"}, "geometry": {"type": "MultiPolygon", "coordinates": [[[[116.4572793, 39.8809825], [116.457445, 39.8809803], [116.457452, 39.8812891], [116.4572864, 39.8812913], [116.4572793, 39.8809825]]]]}}, {"type": "Feature", "properties": {"building": "apartments", "source": "osm"}, "geometry": {"type": "MultiPolygon", "coordinates": [[[[116.4587871, 39.8809723], [116.4589301, 39.8809722], [116.4589303, 39.881272], [116.4587874, 39.881272], [116.4587871, 39.8809723]]]]}}, {"type": "Feature", "properties": {"building": "apartments", "source": "osm"}, "geometry": {"type": "MultiPolygon", "coordinates": [[[[116.4478527, 39.8827897], [116.4489559, 39.8827692], [116.4489541, 39.8827113], [116.4491179, 39.8827083], [116.4491241, 39.8829032], [116.447857, 39.8829266], [116.4478527, 39.8827897]]]]}}, {"type": "Feature", "properties": {"building": "apartments", "source": "osm"}, "geometry": {"type": "MultiPolygon", "coordinates": [[[[116.4478412, 39.882398], [116.448401, 39.8823876], [116.4484016, 39.8824057], [116.4489402, 39.8823957], [116.4489433, 39.882497], [116.4483927, 39.8825072], [116.4483922, 39.8824911], [116.4478444, 39.8825014], [116.4478412, 39.882398]]]]}}, {"type": "Feature", "properties": {"building": "apartments", "source": "osm"}, "geometry": {"type": "MultiPolygon", "coordinates": [[[[116.4491294, 39.8823165], [116.4498562, 39.8823122], [116.4498573, 39.8824244], [116.4491305, 39.8824287], [116.4491294, 39.8823165]]]]}}, {"type": "Feature", "properties": {"building": "apartments", "source": "osm"}, "geometry": {"type": "MultiPolygon", "coordinates": [[[[116.4478402, 39.8820393], [116.4483858, 39.8820325], [116.4483864, 39.8820593], [116.4491057, 39.8820505], [116.4491077, 39.8821497], [116.4483856, 39.8821585], [116.4483852, 39.8821383], [116.4478425, 39.882145], [116.4478402, 39.8820393]]]]}}, {"type": "Feature", "properties": {"building": "apartments", "source": "osm"}, "geometry": {"type": "MultiPolygon", "coordinates": [[[[116.447837, 39.881722], [116.4483826, 39.8817152], [116.4483832, 39.881742], [116.4491025, 39.8817332], [116.4491045, 39.8818324], [116.4483824, 39.8818412], [116.4483819, 39.881821], [116.4478393, 39.8818277], [116.447837, 39.881722]]]]}}, {"type": "Feature", "properties": {"building": "apartments", "source": "osm"}, "geometry": {"type": "MultiPolygon", "coordinates": [[[[116.448213, 39.8805206], [116.4485362, 39.8805156], [116.4485439, 39.8808056], [116.4482206, 39.8808107], [116.448213, 39.8805206]]]]}}, {"type": "Feature", "properties": {"building": "apartments", "source": "osm"}, "geometry": {"type": "MultiPolygon", "coordinates": [[[[116.4467281, 39.8824293], [116.4471067, 39.8824233], [116.4471061, 39.8824007], [116.4476365, 39.8823924], [116.4476394, 39.8825031], [116.4470999, 39.8825115], [116.4471004, 39.8825306], [116.446731, 39.8825365], [116.4467281, 39.8824293]]]]}}, {"type": "Feature", "properties": {"building": "apartments", "source": "osm"}, "geometry": {"type": "MultiPolygon", "coordinates": [[[[116.4465273, 39.8828162], [116.4470871, 39.8828075], [116.4470865, 39.8827821], [116.4476602, 39.8827733], [116.4476632, 39.8828908], [116.4470911, 39.8828995], [116.4470917, 39.8829218], [116.4465303, 39.8829304], [116.4465273, 39.8828162]]]]}}, {"type": "Feature", "properties": {"building": "apartments", "source": "osm"}, "geometry": {"type": "MultiPolygon", "coordinates": [[[[116.4462267, 39.8825498], [116.4464218, 39.882549], [116.4464229, 39.8827128], [116.4462278, 39.8827135], [116.4462267, 39.8825498]]]]}}, {"type": "Feature", "properties": {"building": "apartments", "source": "osm"}, "geometry": {"type": "MultiPolygon", "coordinates": [[[[116.4464086, 39.8822214], [116.4466038, 39.8822207], [116.4466048, 39.8823844], [116.4464097, 39.8823852], [116.4464086, 39.8822214]]]]}}, {"type": "Feature", "properties": {"building": "apartments", "source": "osm"}, "geometry": {"type": "MultiPolygon", "coordinates": [[[[116.4465713, 39.881897], [116.4467664, 39.8818962], [116.4467675, 39.88206], [116.4465723, 39.8820607], [116.4465713, 39.881897]]]]}}, {"type": "Feature", "properties": {"building": "apartments", "source": "osm"}, "geometry": {"type": "MultiPolygon", "coordinates": [[[[116.4657302, 39.877802], [116.4657378, 39.8776218], [116.4659373, 39.8776267], [116.4659297, 39.8778069], [116.4657302, 39.877802]]]]}}, {"type": "Feature", "properties": {"building": "apartments", "source": "osm"}, "geometry": {"type": "MultiPolygon", "coordinates": [[[[116.465729, 39.8774669], [116.4657366, 39.8772867], [116.4659361, 39.8772916], [116.4659285, 39.8774719], [116.465729, 39.8774669]]]]}}, {"type": "Feature", "properties": {"building": "apartments", "source": "osm"}, "geometry": {"type": "MultiPolygon", "coordinates": [[[[116.4657313, 39.8770906], [116.4657389, 39.8769104], [116.4659384, 39.8769153], [116.4659308, 39.8770956], [116.4657313, 39.8770906]]]]}}, {"type": "Feature", "properties": {"building": "apartments", "source": "osm"}, "geometry": {"type": "MultiPolygon", "coordinates": [[[[116.465116, 39.8776101], [116.4651164, 39.8774988], [116.4657391, 39.8775001], [116.4657387, 39.8776113], [116.465116, 39.8776101]]]]}}, {"type": "Feature", "properties": {"building": "apartments", "source": "osm"}, "geometry": {"type": "MultiPolygon", "coordinates": [[[[116.4650987, 39.878029], [116.4650991, 39.8779176], [116.4657218, 39.8779189], [116.4657215, 39.8780302], [116.4650987, 39.878029]]]]}}, {"type": "Feature", "properties": {"building": "apartments", "source": "osm"}, "geometry": {"type": "MultiPolygon", "coordinates": [[[[116.4651137, 39.8767542], [116.4658025, 39.8767541], [116.4658025, 39.8768678], [116.4651137, 39.8768678], [116.4651137, 39.8767542]]]]}}, {"type": "Feature", "properties": {"building": "apartments", "source": "osm"}, "geometry": {"type": "MultiPolygon", "coordinates": [[[[116.4638758, 39.8750582], [116.4646106, 39.8750536], [116.464612, 39.8751846], [116.4638772, 39.8751891], [116.4638758, 39.8750582]]]]}}, {"type": "Feature", "properties": {"building": "apartments", "source": "osm"}, "geometry": {"type": "MultiPolygon", "coordinates": [[[[116.4638366, 39.8754717], [116.4646531, 39.8754663], [116.4646546, 39.8756], [116.4638381, 39.8756053], [116.4638366, 39.8754717]]]]}}, {"type": "Feature", "properties": {"building": "apartments", "source": "osm"}, "geometry": {"type": "MultiPolygon", "coordinates": [[[[116.4589341, 39.8769431], [116.4596789, 39.8769449], [116.4596813, 39.877065], [116.4589341, 39.8770596], [116.4589341, 39.8769431]]]]}}, {"type": "Feature", "properties": {"building": "apartments", "source": "osm"}, "geometry": {"type": "MultiPolygon", "coordinates": [[[[116.4595617, 39.8765459], [116.4603066, 39.8765478], [116.4603055, 39.8766704], [116.4595617, 39.8766624], [116.4595617, 39.8765459]]]]}}, {"type": "Feature", "properties": {"building": "apartments", "source": "osm"}, "geometry": {"type": "MultiPolygon", "coordinates": [[[[116.457416, 39.8779948], [116.4581608, 39.8779966], [116.4581632, 39.8781167], [116.457416, 39.8781113], [116.457416, 39.8779948]]]]}}, {"type": "Feature", "properties": {"building": "apartments", "source": "osm"}, "geometry": {"type": "MultiPolygon", "coordinates": [[[[116.4556055, 39.8783426], [116.4563503, 39.8783444], [116.4563527, 39.8784645], [116.4556055, 39.8784591], [116.4556055, 39.8783426]]]]}}, {"type": "Feature", "properties": {"building": "apartments", "source": "osm"}, "geometry": {"type": "MultiPolygon", "coordinates": [[[[116.4597633, 39.8769357], [116.4606152, 39.8769353], [116.4606153, 39.8770557], [116.4597634, 39.877056], [116.4597633, 39.8769357]]]]}}, {"type": "Feature", "properties": {"building": "apartments", "source": "osm"}, "geometry": {"type": "MultiPolygon", "coordinates": [[[[116.4588632, 39.8774109], [116.4588633, 39.8772866], [116.4599524, 39.8772871], [116.4599523, 39.8774115], [116.4588632, 39.8774109]]]]}}, {"type": "Feature", "properties": {"building": "apartments", "source": "osm"}, "geometry": {"type": "MultiPolygon", "coordinates": [[[[116.4585496, 39.877965], [116.4588212, 39.8779631], [116.4588257, 39.878329], [116.4585542, 39.878331], [116.4585496, 39.877965]]]]}}, {"type": "Feature", "properties": {"building": "apartments", "source": "osm"}, "geometry": {"type": "MultiPolygon", "coordinates": [[[[116.4590238, 39.8779242], [116.4594262, 39.8779239], [116.4594266, 39.8782402], [116.4590242, 39.8782406], [116.4590238, 39.8779242]]]]}}, {"type": "Feature", "properties": {"building": "apartments", "source": "osm"}, "geometry": {"type": "MultiPolygon", "coordinates": [[[[116.4638015, 39.878445], [116.464374, 39.8784414], [116.4643754, 39.8785744], [116.463803, 39.8785781], [116.4638015, 39.878445]]]]}}, {"type": "Feature", "properties": {"building": "apartments", "source": "osm"}, "geometry": {"type": "MultiPolygon", "coordinates": [[[[116.4638011, 39.8781846], [116.4643736, 39.878181], [116.464375, 39.878314], [116.4638025, 39.8783177], [116.4638011, 39.8781846]]]]}}, {"type": "Feature", "properties": {"building": "apartments", "source": "osm"}, "geometry": {"type": "MultiPolygon", "coordinates": [[[[116.4644652, 39.8785928], [116.4644657, 39.8784672], [116.4648204, 39.8784682], [116.4648199, 39.8785937], [116.4644652, 39.8785928]]]]}}, {"type": "Feature", "properties": {"building": "apartments", "source": "osm"}, "geometry": {"type": "MultiPolygon", "coordinates": [[[[116.4644643, 39.878313], [116.4644649, 39.8781875], [116.4648196, 39.8781884], [116.464819, 39.8783139], [116.4644643, 39.878313]]]]}}, {"type": "Feature", "properties": {"building": "apartments", "source": "osm"}, "geometry": {"type": "MultiPolygon", "coordinates": [[[[116.446412, 39.8759216], [116.4469508, 39.8759138], [116.4469541, 39.8760497], [116.4464153, 39.8760574], [116.446412, 39.8759216]]]]}}, {"type": "Feature", "properties": {"building": "apartments", "source": "osm"}, "geometry": {"type": "MultiPolygon", "coordinates": [[[[116.4458172, 39.8760293], [116.4463034, 39.8760256], [116.4463053, 39.8761692], [116.4459521, 39.8761719], [116.4459534, 39.8762717], [116.4458204, 39.8762727], [116.4458172, 39.8760293]]]]}}, {"type": "Feature", "properties": {"building": "apartments", "source": "osm"}, "geometry": {"type": "MultiPolygon", "coordinates": [[[[116.4458585, 39.8751879], [116.4462454, 39.8751849], [116.4462495, 39.8755006], [116.4458626, 39.8755036], [116.4458585, 39.8751879]]]]}}, {"type": "Feature", "properties": {"building": "apartments", "source": "osm"}, "geometry": {"type": "MultiPolygon", "coordinates": [[[[116.4449124, 39.8752239], [116.4449129, 39.8751108], [116.4456589, 39.8751128], [116.4456584, 39.8752258], [116.4449124, 39.8752239]]]]}}, {"type": "Feature", "properties": {"building": "apartments", "source": "osm"}, "geometry": {"type": "MultiPolygon", "coordinates": [[[[116.4449104, 39.8754271], [116.4454923, 39.8754247], [116.4454924, 39.8754433], [116.4456621, 39.8754427], [116.4456631, 39.8755959], [116.4454837, 39.8755966], [116.4454834, 39.8755423], [116.4449112, 39.8755446], [116.4449104, 39.8754271]]]]}}, {"type": "Feature", "properties": {"building": "apartments", "source": "osm"}, "geometry": {"type": "MultiPolygon", "coordinates": [[[[116.445497, 39.8760513], [116.4454993, 39.8756637], [116.4456619, 39.8756643], [116.4456596, 39.8760519], [116.445497, 39.8760513]]]]}}, {"type": "Feature", "properties": {"building": "apartments", "source": "osm"}, "geometry": {"type": "MultiPolygon", "coordinates": [[[[116.4457906, 39.8756377], [116.4462692, 39.8756349], [116.4462707, 39.8757894], [116.4457921, 39.8757921], [116.4457906, 39.8756377]]]]}}, {"type": "Feature", "properties": {"building": "apartments", "source": "osm"}, "geometry": {"type": "MultiPolygon", "coordinates": [[[[116.4442015, 39.8759078], [116.4442027, 39.8757868], [116.4445109, 39.8757886], [116.4445097, 39.8759096], [116.4442015, 39.8759078]]]]}}, {"type": "Feature", "properties": {"building": "apartments", "source": "osm"}, "geometry": {"type": "MultiPolygon", "coordinates": [[[[116.4442033, 39.8755391], [116.4442045, 39.8754181], [116.4445127, 39.8754199], [116.4445115, 39.8755409], [116.4442033, 39.8755391]]]]}}, {"type": "Feature", "properties": {"building": "apartments", "source": "osm"}, "geometry": {"type": "MultiPolygon", "coordinates": [[[[116.4409224, 39.876069], [116.4409259, 39.8759123], [116.4412014, 39.8759159], [116.441208, 39.8756215], [116.4414455, 39.8756246], [116.4414375, 39.8759877], [116.441264, 39.8759854], [116.4412621, 39.8760735], [116.4409224, 39.876069]]]]}}, {"type": "Feature", "properties": {"building": "apartments", "source": "osm"}, "geometry": {"type": "MultiPolygon", "coordinates": [[[[116.4451929, 39.8761284], [116.4457174, 39.8761229], [116.4457204, 39.8762929], [116.4451959, 39.8762984], [116.4451929, 39.8761284]]]]}}, {"type": "Feature", "properties": {"building": "apartments", "source": "osm"}, "geometry": {"type": "MultiPolygon", "coordinates": [[[[116.444904, 39.8756227], [116.4450765, 39.8756226], [116.4450768, 39.8759265], [116.4453575, 39.8759264], [116.4453576, 39.8760441], [116.4451017, 39.8760443], [116.4451019, 39.8762378], [116.4449048, 39.8762379], [116.444904, 39.8756227]]]]}}, {"type": "Feature", "properties": {"building": "apartments", "source": "osm"}, "geometry": {"type": "MultiPolygon", "coordinates": [[[[116.4419732, 39.8751519], [116.4419739, 39.8750387], [116.4427006, 39.8750414], [116.4426999, 39.8751544], [116.4419732, 39.8751519]]]]}}, {"type": "Feature", "properties": {"building": "apartments", "source": "osm"}, "geometry": {"type": "MultiPolygon", "coordinates": [[[[116.4427737, 39.8750753], [116.4432737, 39.8750741], [116.4432742, 39.8751817], [116.4427741, 39.875183], [116.4427737, 39.8750753]]]]}}, {"type": "Feature", "properties": {"building": "apartments", "source": "osm"}, "geometry": {"type": "MultiPolygon", "coordinates": [[[[116.442777, 39.875577], [116.442778, 39.8754203], [116.4432372, 39.8754218], [116.4432363, 39.8755787], [116.442777, 39.875577]]]]}}, {"type": "Feature", "properties": {"building": "apartments", "source": "osm"}, "geometry": {"type": "MultiPolygon", "coordinates": [[[[116.4427673, 39.8756632], [116.442973, 39.8756622], [116.4429756, 39.87598], [116.4432783, 39.8759786], [116.4432796, 39.8761406], [116.4427713, 39.8761431], [116.4427673, 39.8756632]]]]}}, {"type": "Feature", "properties": {"building": "apartments", "source": "osm"}, "geometry": {"type": "MultiPolygon", "coordinates": [[[[116.4443823, 39.8770076], [116.4443918, 39.8765878], [116.4445352, 39.8765897], [116.4445256, 39.8770095], [116.4443823, 39.8770076]]]]}}, {"type": "Feature", "properties": {"building": "apartments", "source": "osm"}, "geometry": {"type": "MultiPolygon", "coordinates": [[[[116.4443038, 39.8760015], [116.4445078, 39.8759995], [116.444516, 39.8765182], [116.4443121, 39.8765201], [116.4443038, 39.8760015]]]]}}, {"type": "Feature", "properties": {"building": "apartments", "source": "osm"}, "geometry": {"type": "MultiPolygon", "coordinates": [[[[116.4435318, 39.8764716], [116.4436606, 39.8764688], [116.4436798, 39.8769924], [116.4435509, 39.8769952], [116.4435318, 39.8764716]]]]}}, {"type": "Feature", "properties": {"building": "apartments", "source": "osm"}, "geometry": {"type": "MultiPolygon", "coordinates": [[[[116.4437665, 39.8768898], [116.4443188, 39.8768814], [116.4443225, 39.8770264], [116.4437702, 39.8770349], [116.4437665, 39.8768898]]]]}}, {"type": "Feature", "properties": {"building": "apartments", "source": "osm"}, "geometry": {"type": "MultiPolygon", "coordinates": [[[[116.4437493, 39.8765887], [116.4442976, 39.8765847], [116.4442991, 39.8767041], [116.4437508, 39.8767081], [116.4437493, 39.8765887]]]]}}, {"type": "Feature", "properties": {"building": "apartments", "source": "osm"}, "geometry": {"type": "MultiPolygon", "coordinates": [[[[116.4435, 39.8762596], [116.4436649, 39.8762575], [116.4436675, 39.8763798], [116.4435026, 39.8763819], [116.4435, 39.8762596]]]]}}, {"type": "Feature", "properties": {"building": "apartments", "source": "osm"}, "geometry": {"type": "MultiPolygon", "coordinates": [[[[116.4437316, 39.8763939], [116.4437655, 39.8763932], [116.4437629, 39.8763171], [116.4439925, 39.8763125], [116.443995, 39.8763869], [116.4440446, 39.8763859], [116.4440474, 39.8764674], [116.4437344, 39.8764737], [116.4437316, 39.8763939]]]]}}, {"type": "Feature", "properties": {"building": "commercial", "source": "osm"}, "geometry": {"type": "MultiPolygon", "coordinates": [[[[116.4434636, 39.8760615], [116.4440931, 39.876058], [116.4440945, 39.8762091], [116.443465, 39.8762127], [116.4434636, 39.8760615]]]]}}, {"type": "Feature", "properties": {"building": "apartments", "source": "osm"}, "geometry": {"type": "MultiPolygon", "coordinates": [[[[116.4517791, 39.8796145], [116.4526837, 39.8796101], [116.4526849, 39.8797489], [116.4517802, 39.8797534], [116.4517791, 39.8796145]]]]}}, {"type": "Feature", "properties": {"building": "apartments", "source": "osm"}, "geometry": {"type": "MultiPolygon", "coordinates": [[[[116.4517861, 39.8799469], [116.4526908, 39.8799425], [116.452692, 39.8800813], [116.4517873, 39.8800858], [116.4517861, 39.8799469]]]]}}, {"type": "Feature", "properties": {"building": "apartments", "source": "osm"}, "geometry": {"type": "MultiPolygon", "coordinates": [[[[116.4514467, 39.8798863], [116.4516637, 39.8798858], [116.4516643, 39.8800587], [116.4514473, 39.8800591], [116.4514467, 39.8798863]]]]}}, {"type": "Feature", "properties": {"building": "apartments", "source": "osm"}, "geometry": {"type": "MultiPolygon", "coordinates": [[[[116.4514344, 39.8795373], [116.4516515, 39.8795369], [116.451652, 39.8797097], [116.451435, 39.8797102], [116.4514344, 39.8795373]]]]}}, {"type": "Feature", "properties": {"building": "apartments", "source": "osm"}, "geometry": {"type": "MultiPolygon", "coordinates": [[[[116.4448715, 39.8800451], [116.4457967, 39.8800244], [116.4458021, 39.8801665], [116.4448768, 39.880187], [116.4448715, 39.8800451]]]]}}, {"type": "Feature", "properties": {"building": "apartments", "source": "osm"}, "geometry": {"type": "MultiPolygon", "coordinates": [[[[116.4414697, 39.8826255], [116.4414715, 39.8825026], [116.4420121, 39.8825072], [116.4420103, 39.8826301], [116.4414697, 39.8826255]]]]}}, {"type": "Feature", "properties": {"building": "apartments", "source": "osm"}, "geometry": {"type": "MultiPolygon", "coordinates": [[[[116.44058, 39.8826155], [116.4405818, 39.8824926], [116.4411225, 39.8824971], [116.4411207, 39.8826201], [116.44058, 39.8826155]]]]}}, {"type": "Feature", "properties": {"building": "apartments", "source": "osm"}, "geometry": {"type": "MultiPolygon", "coordinates": [[[[116.4441034, 39.8780557], [116.4441644, 39.8779761], [116.4443026, 39.8780385], [116.4444738, 39.8779618], [116.4445352, 39.8780424], [116.444368, 39.8781174], [116.4443708, 39.8782521], [116.4442586, 39.8782534], [116.4442559, 39.8781245], [116.4441034, 39.8780557]]]]}}, {"type": "Feature", "properties": {"building": "apartments", "source": "osm"}, "geometry": {"type": "MultiPolygon", "coordinates": [[[[116.4435333, 39.8780636], [116.4435943, 39.8779841], [116.4437325, 39.8780465], [116.4439037, 39.8779697], [116.4439651, 39.8780504], [116.4437979, 39.8781253], [116.4438007, 39.87826], [116.4436885, 39.8782614], [116.4436858, 39.8781325], [116.4435333, 39.8780636]]]]}}, {"type": "Feature", "properties": {"building": "apartments", "source": "osm"}, "geometry": {"type": "MultiPolygon", "coordinates": [[[[116.4672677, 39.8775162], [116.4678715, 39.8775143], [116.4678721, 39.877642], [116.4672684, 39.8776438], [116.4672677, 39.8775162]]]]}}, {"type": "Feature", "properties": {"building": "apartments", "source": "osm"}, "geometry": {"type": "MultiPolygon", "coordinates": [[[[116.4672861, 39.8772621], [116.4678899, 39.8772602], [116.4678905, 39.8773878], [116.4672868, 39.8773896], [116.4672861, 39.8772621]]]]}}, {"type": "Feature", "properties": {"building": "apartments", "source": "osm"}, "geometry": {"type": "MultiPolygon", "coordinates": [[[[116.467243, 39.8778816], [116.4678467, 39.8778797], [116.4678474, 39.8780073], [116.4672437, 39.8780091], [116.467243, 39.8778816]]]]}}, {"type": "Feature", "properties": {"building": "apartments", "source": "osm"}, "geometry": {"type": "MultiPolygon", "coordinates": [[[[116.4650498, 39.8781823], [116.465766, 39.8781784], [116.4657672, 39.8783096], [116.465051, 39.8783133], [116.4650498, 39.8781823]]]]}}, {"type": "Feature", "properties": {"building": "apartments", "source": "osm"}, "geometry": {"type": "MultiPolygon", "coordinates": [[[[116.4650637, 39.8784932], [116.4657798, 39.8784893], [116.465781, 39.8786205], [116.4650649, 39.8786242], [116.4650637, 39.8784932]]]]}}, {"type": "Feature", "properties": {"building": "apartments", "source": "osm"}, "geometry": {"type": "MultiPolygon", "coordinates": [[[[116.4581576, 39.8774434], [116.4581614, 39.8773188], [116.458738, 39.8773292], [116.4587341, 39.8774539], [116.4581576, 39.8774434]]]]}}, {"type": "Feature", "properties": {"building": "apartments", "source": "osm"}, "geometry": {"type": "MultiPolygon", "coordinates": [[[[116.4600077, 39.8773688], [116.4600116, 39.8772442], [116.4605881, 39.8772546], [116.4605843, 39.8773793], [116.4600077, 39.8773688]]]]}}, {"type": "Feature", "properties": {"building": "apartments", "source": "osm"}, "geometry": {"type": "MultiPolygon", "coordinates": [[[[116.4606813, 39.8814772], [116.4614148, 39.8814707], [116.461417, 39.8816157], [116.4606835, 39.8816223], [116.4606813, 39.8814772]]]]}}, {"type": "Feature", "properties": {"building": "apartments", "source": "osm"}, "geometry": {"type": "MultiPolygon", "coordinates": [[[[116.4606022, 39.881115], [116.4613357, 39.8811085], [116.4613379, 39.8812534], [116.4606044, 39.88126], [116.4606022, 39.881115]]]]}}, {"type": "Feature", "properties": {"building": "apartments", "source": "osm"}, "geometry": {"type": "MultiPolygon", "coordinates": [[[[116.4605946, 39.880714], [116.4613329, 39.8807114], [116.4613337, 39.8808573], [116.4614061, 39.8808571], [116.4614069, 39.8809915], [116.4612798, 39.8809919], [116.4612791, 39.8808653], [116.4605955, 39.8808676], [116.4605946, 39.880714]]]]}}, {"type": "Feature", "properties": {"building": "apartments", "source": "osm"}, "geometry": {"type": "MultiPolygon", "coordinates": [[[[116.4622958, 39.8807553], [116.4632867, 39.8807552], [116.4632867, 39.8808802], [116.4622958, 39.8808801], [116.4622958, 39.8807553]]]]}}, {"type": "Feature", "properties": {"building": "apartments", "source": "osm"}, "geometry": {"type": "MultiPolygon", "coordinates": [[[[116.4555744, 39.8819133], [116.4555752, 39.8817562], [116.4557884, 39.8817568], [116.4557879, 39.8818475], [116.4563392, 39.8818492], [116.4563384, 39.8819971], [116.4557905, 39.8819955], [116.4557909, 39.8819139], [116.4555744, 39.8819133]]]]}}, {"type": "Feature", "properties": {"building": "apartments", "source": "osm"}, "geometry": {"type": "MultiPolygon", "coordinates": [[[[116.4555631, 39.8822782], [116.4555639, 39.8821211], [116.4557771, 39.8821217], [116.4557766, 39.8822124], [116.4563278, 39.8822141], [116.4563271, 39.882362], [116.4557792, 39.8823604], [116.4557796, 39.8822788], [116.4555631, 39.8822782]]]]}}, {"type": "Feature", "properties": {"building": "apartments", "source": "osm"}, "geometry": {"type": "MultiPolygon", "coordinates": [[[[116.4564408, 39.8821615], [116.4567985, 39.8821594], [116.4567999, 39.8822966], [116.4564421, 39.8822987], [116.4564408, 39.8821615]]]]}}, {"type": "Feature", "properties": {"building": "apartments", "source": "osm"}, "geometry": {"type": "MultiPolygon", "coordinates": [[[[116.4564306, 39.8817793], [116.4567884, 39.8817773], [116.4567897, 39.8819145], [116.456432, 39.8819166], [116.4564306, 39.8817793]]]]}}, {"type": "Feature", "properties": {"building": "apartments", "source": "osm"}, "geometry": {"type": "MultiPolygon", "coordinates": [[[[116.4584332, 39.8826277], [116.4584341, 39.8824682], [116.4596138, 39.882472], [116.4596129, 39.8826318], [116.4584332, 39.8826277]]]]}}, {"type": "Feature", "properties": {"building": "apartments", "source": "osm"}, "geometry": {"type": "MultiPolygon", "coordinates": [[[[116.4568994, 39.8827306], [116.4569002, 39.882571], [116.4580058, 39.8825743], [116.4580049, 39.8827339], [116.4568994, 39.8827306]]]]}}, {"type": "Feature", "properties": {"building": "apartments", "source": "osm"}, "geometry": {"type": "MultiPolygon", "coordinates": [[[[116.4533178, 39.8752667], [116.4540241, 39.8752595], [116.4540251, 39.8753212], [116.4541672, 39.8753197], [116.4541713, 39.8755628], [116.4540193, 39.8755643], [116.4540159, 39.8753657], [116.4533196, 39.8753727], [116.4533178, 39.8752667]]]]}}, {"type": "Feature", "properties": {"building": "apartments", "source": "osm"}, "geometry": {"type": "MultiPolygon", "coordinates": [[[[116.4532567, 39.8756516], [116.4540491, 39.8756456], [116.4540499, 39.8757074], [116.4541915, 39.8757063], [116.4541947, 39.8759502], [116.4540431, 39.8759514], [116.4540405, 39.8757521], [116.4532581, 39.8757581], [116.4532567, 39.8756516]]]]}}, {"type": "Feature", "properties": {"building": "apartments", "source": "osm"}, "geometry": {"type": "MultiPolygon", "coordinates": [[[[116.4522102, 39.8759388], [116.4522125, 39.8758019], [116.4525928, 39.8758057], [116.4525922, 39.8758453], [116.4529352, 39.8758487], [116.4529331, 39.8759775], [116.4525888, 39.8759742], [116.4525893, 39.8759426], [116.4522102, 39.8759388]]]]}}, {"type": "Feature", "properties": {"building": "apartments", "source": "osm"}, "geometry": {"type": "MultiPolygon", "coordinates": [[[[116.4523423, 39.8755957], [116.4523446, 39.8754588], [116.4527249, 39.8754626], [116.4527243, 39.8755022], [116.4530673, 39.8755055], [116.4530652, 39.8756344], [116.4527209, 39.875631], [116.4527215, 39.8755994], [116.4523423, 39.8755957]]]]}}, {"type": "Feature", "properties": {"building": "apartments", "source": "osm"}, "geometry": {"type": "MultiPolygon", "coordinates": [[[[116.4523748, 39.8752088], [116.4523771, 39.8750719], [116.4527575, 39.8750757], [116.4527568, 39.8751153], [116.4530999, 39.8751186], [116.4530977, 39.8752475], [116.4527535, 39.8752441], [116.452754, 39.8752125], [116.4523748, 39.8752088]]]]}}, {"type": "Feature", "properties": {"building": "apartments", "source": "osm"}, "geometry": {"type": "MultiPolygon", "coordinates": [[[[116.452198, 39.8754254], [116.4522013, 39.8751852], [116.4523569, 39.8751865], [116.4523535, 39.8754267], [116.452198, 39.8754254]]]]}}, {"type": "Feature", "properties": {"building": "apartments", "source": "osm"}, "geometry": {"type": "MultiPolygon", "coordinates": [[[[116.450686, 39.8762521], [116.4512287, 39.8762475], [116.4512308, 39.8763894], [116.4506881, 39.8763941], [116.450686, 39.8762521]]]]}}, {"type": "Feature", "properties": {"building": "apartments", "source": "osm"}, "geometry": {"type": "MultiPolygon", "coordinates": [[[[116.4500681, 39.8769635], [116.4506108, 39.8769588], [116.4506129, 39.8771008], [116.4500701, 39.8771055], [116.4500681, 39.8769635]]]]}}, {"type": "Feature", "properties": {"building": "apartments", "source": "osm"}, "geometry": {"type": "MultiPolygon", "coordinates": [[[[116.451245, 39.8762162], [116.4517877, 39.8762116], [116.4517898, 39.8763535], [116.4512471, 39.8763582], [116.451245, 39.8762162]]]]}}, {"type": "Feature", "properties": {"building": "apartments", "source": "osm"}, "geometry": {"type": "MultiPolygon", "coordinates": [[[[116.4514248, 39.8758426], [116.4519441, 39.875842], [116.4519444, 39.8759885], [116.4514251, 39.8759891], [116.4514248, 39.8758426]]]]}}, {"type": "Feature", "properties": {"building": "apartments", "source": "osm"}, "geometry": {"type": "MultiPolygon", "coordinates": [[[[116.4505567, 39.8773385], [116.4510997, 39.877334], [116.4510986, 39.87726], [116.4518343, 39.8772541], [116.4518362, 39.8773898], [116.4510993, 39.8773957], [116.4511004, 39.8774749], [116.4505587, 39.8774793], [116.4505567, 39.8773385]]]]}}, {"type": "Feature", "properties": {"building": "apartments", "source": "osm"}, "geometry": {"type": "MultiPolygon", "coordinates": [[[[116.4505424, 39.8757878], [116.4512233, 39.8757878], [116.4512233, 39.8759656], [116.4505424, 39.8759656], [116.4505424, 39.8757878]]]]}}, {"type": "Feature", "properties": {"building": "apartments", "source": "osm"}, "geometry": {"type": "MultiPolygon", "coordinates": [[[[116.4511552, 39.8750756], [116.4519784, 39.8750757], [116.4519784, 39.8752144], [116.4511552, 39.8752145], [116.4511552, 39.8750756]]]]}}, {"type": "Feature", "properties": {"building": "apartments", "source": "osm"}, "geometry": {"type": "MultiPolygon", "coordinates": [[[[116.4514183, 39.8756569], [116.4514186, 39.8755586], [116.4516595, 39.8755591], [116.4516591, 39.8756574], [116.4514183, 39.8756569]]]]}}, {"type": "Feature", "properties": {"building": "apartments", "source": "osm"}, "geometry": {"type": "MultiPolygon", "coordinates": [[[[116.4519097, 39.8758007], [116.4519122, 39.8752791], [116.4520584, 39.8752795], [116.4520558, 39.8758011], [116.4519097, 39.8758007]]]]}}, {"type": "Feature", "properties": {"building": "apartments", "source": "osm"}, "geometry": {"type": "MultiPolygon", "coordinates": [[[[116.4506711, 39.8752462], [116.4506747, 39.875128], [116.4510801, 39.8751316], [116.4510777, 39.8752877], [116.4506723, 39.8752841], [116.4506711, 39.8752462]]]]}}, {"type": "Feature", "properties": {"building": "apartments", "source": "osm"}, "geometry": {"type": "MultiPolygon", "coordinates": [[[[116.4505346, 39.8756953], [116.4505439, 39.8752446], [116.4506711, 39.8752462], [116.4506617, 39.8756969], [116.4505346, 39.8756953]]]]}}, {"type": "Feature", "properties": {"building": "apartments", "source": "osm"}, "geometry": {"type": "MultiPolygon", "coordinates": [[[[116.4500655, 39.8766826], [116.4505916, 39.8766767], [116.4505938, 39.8767913], [116.4500677, 39.8767973], [116.4500655, 39.8766826]]]]}}, {"type": "Feature", "properties": {"building": "apartments", "source": "osm"}, "geometry": {"type": "MultiPolygon", "coordinates": [[[[116.4500512, 39.8762886], [116.4501051, 39.8762437], [116.4506859, 39.8762389], [116.4506884, 39.8764145], [116.450268, 39.8764181], [116.4502709, 39.8766202], [116.4500561, 39.876622], [116.4500512, 39.8762886]]]]}}, {"type": "Feature", "properties": {"building": "apartments", "source": "osm"}, "geometry": {"type": "MultiPolygon", "coordinates": [[[[116.4507708, 39.8797233], [116.4512871, 39.8797221], [116.4512882, 39.8800051], [116.4507719, 39.8800062], [116.4507708, 39.8797233]]]]}}, {"type": "Feature", "properties": {"building": "apartments", "source": "osm"}, "geometry": {"type": "MultiPolygon", "coordinates": [[[[116.4507599, 39.8793918], [116.4507651, 39.878941], [116.4509751, 39.8789424], [116.4509718, 39.8792189], [116.4510577, 39.8792909], [116.4512819, 39.8792942], [116.4512772, 39.8794863], [116.4508672, 39.8794803], [116.4507599, 39.8793918]]]]}}, {"type": "Feature", "properties": {"building": "commercial", "source": "osm"}, "geometry": {"type": "MultiPolygon", "coordinates": [[[[116.4501759, 39.8794488], [116.4503487, 39.8794479], [116.4503501, 39.879613], [116.4502574, 39.8796135], [116.4502587, 39.8797555], [116.4501785, 39.8797559], [116.4501759, 39.8794488]]]]}}, {"type": "Feature", "properties": {"building": "commercial", "source": "osm"}, "geometry": {"type": "MultiPolygon", "coordinates": [[[[116.4501586, 39.879042], [116.4501659, 39.8787071], [116.4503441, 39.8787094], [116.4503399, 39.8789004], [116.450259, 39.8788994], [116.4502559, 39.8790432], [116.4501586, 39.879042]]]]}}, {"type": "Feature", "properties": {"building": "commercial", "name": "亚朵酒店", "source": "osm"}, "geometry": {"type": "MultiPolygon", "coordinates": [[[[116.4493915, 39.8797706], [116.449735, 39.8797698], [116.4497361, 39.8800787], [116.4493926, 39.8800794], [116.4493915, 39.8797706]]]]}}, {"type": "Feature", "properties": {"building": "apartments", "source": "osm"}, "geometry": {"type": "MultiPolygon", "coordinates": [[[[116.4470105, 39.8799557], [116.4481648, 39.8799406], [116.4481677, 39.8800685], [116.4470133, 39.8800834], [116.4470105, 39.8799557]]]]}}, {"type": "Feature", "properties": {"building": "commercial", "source": "osm"}, "geometry": {"type": "MultiPolygon", "coordinates": [[[[116.4440745, 39.8786529], [116.4440775, 39.8784737], [116.4445194, 39.8784781], [116.4445164, 39.8786573], [116.4440745, 39.8786529]]]]}}, {"type": "Feature", "properties": {"building": "apartments", "source": "osm"}, "geometry": {"type": "MultiPolygon", "coordinates": [[[[116.4428266, 39.879028], [116.4433508, 39.8790253], [116.4433524, 39.8792069], [116.4431741, 39.8792079], [116.4431736, 39.8791518], [116.4428277, 39.8791537], [116.4428266, 39.879028]]]]}}, {"type": "Feature", "properties": {"building": "apartments", "source": "osm"}, "geometry": {"type": "MultiPolygon", "coordinates": [[[[116.4405794, 39.882397], [116.4405809, 39.8822658], [116.4414513, 39.8822717], [116.4414498, 39.882403], [116.4405794, 39.882397]]]]}}, {"type": "Feature", "properties": {"building": "apartments", "source": "osm"}, "geometry": {"type": "MultiPolygon", "coordinates": [[[[116.4415257, 39.8824444], [116.4415345, 39.8822598], [116.4420101, 39.8822732], [116.4420013, 39.8824577], [116.4415257, 39.8824444]]]]}}, {"type": "Feature", "properties": {"building": "apartments", "source": "osm"}, "geometry": {"type": "MultiPolygon", "coordinates": [[[[116.4404879, 39.8817879], [116.4404888, 39.8815943], [116.440877, 39.8815953], [116.4408766, 39.881673], [116.4409806, 39.8816733], [116.4409801, 39.8817893], [116.4404879, 39.8817879]]]]}}, {"type": "Feature", "properties": {"building": "apartments", "source": "osm"}, "geometry": {"type": "MultiPolygon", "coordinates": [[[[116.4406452, 39.8819099], [116.4410247, 39.881907], [116.4410263, 39.8820244], [116.4406467, 39.8820273], [116.4406452, 39.8819099]]]]}}, {"type": "Feature", "properties": {"building": "apartments", "source": "osm"}, "geometry": {"type": "MultiPolygon", "coordinates": [[[[116.4406352, 39.8829192], [116.4406391, 39.882774], [116.4420071, 39.8827961], [116.4420032, 39.8829411], [116.4406352, 39.8829192]]]]}}, {"type": "Feature", "properties": {"building": "apartments", "source": "osm"}, "geometry": {"type": "MultiPolygon", "coordinates": [[[[116.4398189, 39.889166], [116.4398211, 39.8890572], [116.4407617, 39.8890685], [116.4407595, 39.8891772], [116.4398189, 39.889166]]]]}}, {"type": "Feature", "properties": {"building": "apartments", "source": "osm"}, "geometry": {"type": "MultiPolygon", "coordinates": [[[[116.4395245, 39.888518], [116.4400776, 39.8885154], [116.4400788, 39.888669], [116.4395258, 39.8886716], [116.4395245, 39.888518]]]]}}, {"type": "Feature", "properties": {"building": "apartments", "source": "osm"}, "geometry": {"type": "MultiPolygon", "coordinates": [[[[116.4408321, 39.8887149], [116.4414425, 39.8887105], [116.4414443, 39.8888652], [116.440834, 39.8888694], [116.4408321, 39.8887149]]]]}}, {"type": "Feature", "properties": {"building": "commercial", "source": "osm"}, "geometry": {"type": "MultiPolygon", "coordinates": [[[[116.4391592, 39.888789], [116.4400641, 39.888773], [116.4400697, 39.8889615], [116.4391648, 39.8889774], [116.4391592, 39.888789]]]]}}, {"type": "Feature", "properties": {"building": "apartments", "source": "osm"}, "geometry": {"type": "MultiPolygon", "coordinates": [[[[116.4422549, 39.8861278], [116.4422562, 39.8859094], [116.4438893, 39.8859155], [116.4438879, 39.8861337], [116.4422549, 39.8861278]]]]}}, {"type": "Feature", "properties": {"building": "apartments", "source": "osm"}, "geometry": {"type": "MultiPolygon", "coordinates": [[[[116.4466034, 39.884183], [116.4470085, 39.8841775], [116.447011, 39.8842839], [116.4466059, 39.8842895], [116.4466034, 39.884183]]]]}}, {"type": "Feature", "properties": {"building": "apartments", "source": "osm"}, "geometry": {"type": "MultiPolygon", "coordinates": [[[[116.4467182, 39.8850426], [116.4467194, 39.8846685], [116.4469327, 39.884669], [116.4469314, 39.8850431], [116.4467182, 39.8850426]]]]}}, {"type": "Feature", "properties": {"building": "commercial", "source": "osm"}, "geometry": {"type": "MultiPolygon", "coordinates": [[[[116.4471227, 39.8834309], [116.4472853, 39.8834243], [116.4472916, 39.8835159], [116.4471291, 39.8835226], [116.4471227, 39.8834309]]]]}}, {"type": "Feature", "properties": {"building": "commercial", "source": "osm"}, "geometry": {"type": "MultiPolygon", "coordinates": [[[[116.447343, 39.8835323], [116.4473461, 39.8834344], [116.4476848, 39.8834408], [116.4476816, 39.8835387], [116.447343, 39.8835323]]]]}}, {"type": "Feature", "properties": {"building": "apartments", "source": "osm"}, "geometry": {"type": "MultiPolygon", "coordinates": [[[[116.4793115, 39.8836339], [116.4793117, 39.8834705], [116.4803307, 39.8834713], [116.4803305, 39.8836348], [116.4793115, 39.8836339]]]]}}, {"type": "Feature", "properties": {"building": "apartments", "source": "osm"}, "geometry": {"type": "MultiPolygon", "coordinates": [[[[116.4793322, 39.8848724], [116.4793324, 39.884709], [116.4803515, 39.8847098], [116.4803512, 39.8848733], [116.4793322, 39.8848724]]]]}}, {"type": "Feature", "properties": {"building": "apartments", "source": "osm"}, "geometry": {"type": "MultiPolygon", "coordinates": [[[[116.479344, 39.8838433], [116.4794924, 39.8838428], [116.479496, 39.884427], [116.4793475, 39.8844276], [116.479344, 39.8838433]]]]}}, {"type": "Feature", "properties": {"building": "apartments", "source": "osm"}, "geometry": {"type": "MultiPolygon", "coordinates": [[[[116.4795545, 39.8861607], [116.4798503, 39.8861536], [116.4798472, 39.88639], [116.479561, 39.8863947], [116.4795545, 39.8861607]]]]}}, {"type": "Feature", "properties": {"building": "apartments", "source": "osm"}, "geometry": {"type": "MultiPolygon", "coordinates": [[[[116.4798965, 39.8868226], [116.4801923, 39.8868155], [116.4801892, 39.887052], [116.479903, 39.8870566], [116.4798965, 39.8868226]]]]}}, {"type": "Feature", "properties": {"building": "apartments", "source": "osm"}, "geometry": {"type": "MultiPolygon", "coordinates": [[[[116.4792279, 39.8868226], [116.4795237, 39.8868155], [116.4795206, 39.887052], [116.4792344, 39.8870566], [116.4792279, 39.8868226]]]]}}, {"type": "Feature", "properties": {"building": "commercial", "source": "osm"}, "geometry": {"type": "MultiPolygon", "coordinates": [[[[116.4779843, 39.8837459], [116.4787001, 39.8837418], [116.4787029, 39.884024], [116.477987, 39.8840281], [116.4779843, 39.8837459]]]]}}, {"type": "Feature", "properties": {"building": "commercial", "source": "osm"}, "geometry": {"type": "MultiPolygon", "coordinates": [[[[116.4780054, 39.8840557], [116.4787213, 39.8840516], [116.478724, 39.8843338], [116.4780082, 39.8843378], [116.4780054, 39.8840557]]]]}}, {"type": "Feature", "properties": {"building": "commercial", "source": "osm"}, "geometry": {"type": "MultiPolygon", "coordinates": [[[[116.4787586, 39.8837683], [116.4790388, 39.883768], [116.4790398, 39.8843155], [116.4787594, 39.8843158], [116.4787586, 39.8837683]]]]}}, {"type": "Feature", "properties": {"building": "commercial", "name": "低空经济产业咨询投资中心/中国通用咨询投资有限公司/北京吉原东有投资有限公司", "source": "osm"}, "geometry": {"type": "MultiPolygon", "coordinates": [[[[116.4776966, 39.8840504], [116.4778936, 39.8840498], [116.4778956, 39.8844193], [116.4776985, 39.8844199], [116.4776966, 39.8840504]]]]}}, {"type": "Feature", "properties": {"building": "commercial", "source": "osm"}, "geometry": {"type": "MultiPolygon", "coordinates": [[[[116.4780807, 39.8844213], [116.4784938, 39.8844209], [116.4784945, 39.8848191], [116.4780815, 39.8848196], [116.4780807, 39.8844213]]]]}}, {"type": "Feature", "properties": {"building": "commercial", "source": "osm"}, "geometry": {"type": "MultiPolygon", "coordinates": [[[[116.4777311, 39.8845315], [116.4779174, 39.8845298], [116.4779228, 39.8848713], [116.4784956, 39.884866], [116.4784986, 39.8850506], [116.4777395, 39.8850577], [116.4777311, 39.8845315]]]]}}, {"type": "Feature", "properties": {"building": "commercial", "name": "光芒影业", "source": "osm"}, "geometry": {"type": "MultiPolygon", "coordinates": [[[[116.4785691, 39.8843829], [116.4790158, 39.884382], [116.4790173, 39.8848437], [116.4785707, 39.8848445], [116.4785691, 39.8843829]]]]}}, {"type": "Feature", "properties": {"building": "commercial", "source": "osm"}, "geometry": {"type": "MultiPolygon", "coordinates": [[[[116.4715864, 39.8834571], [116.4728631, 39.8834448], [116.4728682, 39.8837568], [116.4715915, 39.8837689], [116.4715864, 39.8834571]]]]}}, {"type": "Feature", "properties": {"building": "commercial", "source": "osm"}, "geometry": {"type": "MultiPolygon", "coordinates": [[[[116.4718218, 39.8857968], [116.4718251, 39.8855381], [116.4724242, 39.8855426], [116.4724209, 39.8858014], [116.4718218, 39.8857968]]]]}}, {"type": "Feature", "properties": {"building": "apartments", "source": "osm"}, "geometry": {"type": "MultiPolygon", "coordinates": [[[[116.4604421, 39.87612], [116.4612897, 39.8761188], [116.4612886, 39.8762466], [116.4612901, 39.8762779], [116.4604425, 39.8762792], [116.4604421, 39.87612]]]]}}, {"type": "Feature", "properties": {"building": "apartments", "source": "osm"}, "geometry": {"type": "MultiPolygon", "coordinates": [[[[116.4599911, 39.8761265], [116.460377, 39.8761233], [116.4603789, 39.8762528], [116.4599929, 39.876256], [116.4599911, 39.8761265]]]]}}, {"type": "Feature", "properties": {"building": "apartments", "source": "osm"}, "geometry": {"type": "MultiPolygon", "coordinates": [[[[116.4610352, 39.87503], [116.4614049, 39.87503], [116.4614049, 39.8751742], [116.4610352, 39.8751741], [116.4610352, 39.87503]]]]}}, {"type": "Feature", "properties": {"building": "apartments", "source": "osm"}, "geometry": {"type": "MultiPolygon", "coordinates": [[[[116.4599398, 39.8750406], [116.4608841, 39.8750395], [116.4608843, 39.875153], [116.45994, 39.875154], [116.4599398, 39.8750406]]]]}}, {"type": "Feature", "properties": {"building": "apartments", "source": "osm"}, "geometry": {"type": "MultiPolygon", "coordinates": [[[[116.4606713, 39.8755315], [116.4606719, 39.8753873], [116.4614175, 39.8753892], [116.4614169, 39.8755334], [116.4606713, 39.8755315]]]]}}, {"type": "Feature", "properties": {"building": "apartments", "source": "osm"}, "geometry": {"type": "MultiPolygon", "coordinates": [[[[116.4603739, 39.8758324], [116.4605737, 39.8758321], [116.4605735, 39.8757633], [116.461323, 39.8757621], [116.4613232, 39.8758635], [116.4614065, 39.8758633], [116.461407, 39.8760295], [116.4612761, 39.8760297], [116.4612757, 39.8758692], [116.4605803, 39.8758702], [116.4605804, 39.8759389], [116.4603742, 39.8759392], [116.4603739, 39.8758324]]]]}}, {"type": "Feature", "properties": {"building": "apartments", "source": "osm"}, "geometry": {"type": "MultiPolygon", "coordinates": [[[[116.4597986, 39.8763477], [116.4598008, 39.8762344], [116.4599686, 39.8762362], [116.4599665, 39.8763496], [116.4597986, 39.8763477]]]]}}, {"type": "Feature", "properties": {"building": "apartments", "source": "osm"}, "geometry": {"type": "MultiPolygon", "coordinates": [[[[116.4612786, 39.8767561], [116.4612886, 39.8762466], [116.4614199, 39.8762481], [116.46141, 39.8767576], [116.4612786, 39.8767561]]]]}}, {"type": "Feature", "properties": {"building": "apartments", "source": "osm"}, "geometry": {"type": "MultiPolygon", "coordinates": [[[[116.4603055, 39.8766704], [116.4603066, 39.8765478], [116.4609663, 39.8765512], [116.4609652, 39.8766739], [116.4603055, 39.8766704]]]]}}, {"type": "Feature", "properties": {"building": "apartments", "source": "osm"}, "geometry": {"type": "MultiPolygon", "coordinates": [[[[116.4568623, 39.8755086], [116.4568635, 39.8754082], [116.4579016, 39.8754154], [116.4579004, 39.875516], [116.4568623, 39.8755086]]]]}}, {"type": "Feature", "properties": {"building": "apartments", "source": "osm"}, "geometry": {"type": "MultiPolygon", "coordinates": [[[[116.458521, 39.8766049], [116.4587486, 39.8766023], [116.4587478, 39.8765587], [116.4591104, 39.8765545], [116.4591128, 39.8766735], [116.4587638, 39.8766776], [116.4587646, 39.8767185], [116.4585233, 39.8767212], [116.458521, 39.8766049]]]]}}, {"type": "Feature", "properties": {"building": "apartments", "source": "osm"}, "geometry": {"type": "MultiPolygon", "coordinates": [[[[116.4586655, 39.8762882], [116.4586662, 39.8761676], [116.4591595, 39.8761692], [116.4591593, 39.8762], [116.4595152, 39.8762012], [116.4595145, 39.8763268], [116.459156, 39.8763257], [116.4591562, 39.8762898], [116.4586655, 39.8762882]]]]}}, {"type": "Feature", "properties": {"building": "apartments", "source": "osm"}, "geometry": {"type": "MultiPolygon", "coordinates": [[[[116.459509, 39.8760972], [116.4595109, 39.8757329], [116.4602117, 39.875735], [116.4602109, 39.8758826], [116.4597133, 39.8758811], [116.4597122, 39.8760978], [116.459509, 39.8760972]]]]}}, {"type": "Feature", "properties": {"building": "apartments", "source": "osm"}, "geometry": {"type": "MultiPolygon", "coordinates": [[[[116.4605235, 39.8776712], [116.4605246, 39.8774022], [116.4606547, 39.8774025], [116.4606536, 39.8776716], [116.4605235, 39.8776712]]]]}}, {"type": "Feature", "properties": {"building": "apartments", "source": "osm"}, "geometry": {"type": "MultiPolygon", "coordinates": [[[[116.4607287, 39.8772515], [116.4612749, 39.8772507], [116.4612753, 39.8773993], [116.4614235, 39.8773991], [116.4614247, 39.8778281], [116.4612307, 39.8778285], [116.4612295, 39.8774038], [116.4607292, 39.8774046], [116.4607287, 39.8772515]]]]}}, {"type": "Feature", "properties": {"building": "apartments", "source": "osm"}, "geometry": {"type": "MultiPolygon", "coordinates": [[[[116.4608285, 39.8776311], [116.460829, 39.8775011], [116.4611078, 39.8775019], [116.4611073, 39.8776319], [116.4608285, 39.8776311]]]]}}, {"type": "Feature", "properties": {"building": "apartments", "source": "osm"}, "geometry": {"type": "MultiPolygon", "coordinates": [[[[116.4606548, 39.8778354], [116.460655, 39.8776914], [116.4608208, 39.8776915], [116.4608207, 39.8777743], [116.4610264, 39.8777745], [116.4610263, 39.8778528], [116.4612267, 39.877853], [116.4612265, 39.8779334], [116.4614234, 39.8779337], [116.461423, 39.8780941], [116.4612144, 39.8780939], [116.4612146, 39.8780016], [116.4610239, 39.8780013], [116.461024, 39.8779209], [116.4608363, 39.8779207], [116.4608364, 39.8778356], [116.4606548, 39.8778354]]]]}}, {"type": "Feature", "properties": {"building": "apartments", "source": "osm"}, "geometry": {"type": "MultiPolygon", "coordinates": [[[[116.4576166, 39.8777121], [116.4577816, 39.8777112], [116.4577812, 39.8776636], [116.4587223, 39.8776585], [116.4587233, 39.8777649], [116.4577873, 39.87777], [116.4577879, 39.8778342], [116.4576178, 39.8778351], [116.4576166, 39.8777121]]]]}}, {"type": "Feature", "properties": {"building": "apartments", "source": "osm"}, "geometry": {"type": "MultiPolygon", "coordinates": [[[[116.4571856, 39.8780815], [116.4573874, 39.87808], [116.4573885, 39.8781686], [116.4571867, 39.8781702], [116.4571856, 39.8780815]]]]}}, {"type": "Feature", "properties": {"building": "apartments", "source": "osm"}, "geometry": {"type": "MultiPolygon", "coordinates": [[[[116.4568091, 39.8783457], [116.4573805, 39.8783383], [116.4573832, 39.8784577], [116.4568117, 39.8784652], [116.4568091, 39.8783457]]]]}}, {"type": "Feature", "properties": {"building": "apartments", "source": "osm"}, "geometry": {"type": "MultiPolygon", "coordinates": [[[[116.4592836, 39.8767927], [116.4592851, 39.8766308], [116.4594992, 39.876632], [116.4594977, 39.8767939], [116.4592836, 39.8767927]]]]}}, {"type": "Feature", "properties": {"building": "apartments", "source": "osm"}, "geometry": {"type": "MultiPolygon", "coordinates": [[[[116.4585022, 39.8769757], [116.4587132, 39.8769751], [116.458714, 39.8771382], [116.4585029, 39.8771388], [116.4585022, 39.8769757]]]]}}, {"type": "Feature", "properties": {"building": "apartments", "source": "osm"}, "geometry": {"type": "MultiPolygon", "coordinates": [[[[116.462362, 39.8769554], [116.462364, 39.8768053], [116.4629276, 39.8768097], [116.4629256, 39.8769598], [116.462362, 39.8769554]]]]}}, {"type": "Feature", "properties": {"building": "apartments", "source": "osm"}, "geometry": {"type": "MultiPolygon", "coordinates": [[[[116.4630879, 39.8769918], [116.463092, 39.8767376], [116.4637375, 39.8767438], [116.4637333, 39.876998], [116.4630879, 39.8769918]]]]}}, {"type": "Feature", "properties": {"building": "apartments", "source": "osm"}, "geometry": {"type": "MultiPolygon", "coordinates": [[[[116.463469, 39.8766615], [116.4634736, 39.8763517], [116.4637616, 39.8763542], [116.4637571, 39.876664], [116.463469, 39.8766615]]]]}}, {"type": "Feature", "properties": {"building": "apartments", "source": "osm"}, "geometry": {"type": "MultiPolygon", "coordinates": [[[[116.4646007, 39.8764247], [116.46473, 39.8764244], [116.4647311, 39.8767092], [116.4646019, 39.8767095], [116.4646007, 39.8764247]]]]}}, {"type": "Feature", "properties": {"building": "hospital", "source": "osm"}, "geometry": {"type": "MultiPolygon", "coordinates": [[[[116.4649907, 39.8773806], [116.4650023, 39.8770237], [116.465598, 39.8770352], [116.4655916, 39.8772325], [116.4652635, 39.8772263], [116.4652583, 39.8773858], [116.4649907, 39.8773806]]]]}}, {"type": "Feature", "properties": {"building": "apartments", "source": "osm"}, "geometry": {"type": "MultiPolygon", "coordinates": [[[[116.4641626, 39.8777276], [116.4641634, 39.8776283], [116.4645269, 39.87763], [116.4645261, 39.8777293], [116.4641626, 39.8777276]]]]}}, {"type": "Feature", "properties": {"building": "apartments", "source": "osm"}, "geometry": {"type": "MultiPolygon", "coordinates": [[[[116.4682679, 39.878369], [116.468269, 39.8782485], [116.4692071, 39.8782535], [116.469206, 39.8783742], [116.4682679, 39.878369]]]]}}, {"type": "Feature", "properties": {"building": "apartments", "source": "osm"}, "geometry": {"type": "MultiPolygon", "coordinates": [[[[116.4692711, 39.8783465], [116.4692713, 39.8782371], [116.4697489, 39.8782374], [116.4697489, 39.8782988], [116.470897, 39.8782999], [116.4708967, 39.8784422], [116.4697452, 39.8784412], [116.4697453, 39.8783469], [116.4692711, 39.8783465]]]]}}, {"type": "Feature", "properties": {"building": "commercial", "source": "osm"}, "geometry": {"type": "MultiPolygon", "coordinates": [[[[116.4661256, 39.8780648], [116.4661329, 39.8774656], [116.4663441, 39.8774671], [116.4663369, 39.8780663], [116.4661256, 39.8780648]]]]}}, {"type": "Feature", "properties": {"building": "commercial", "source": "osm"}, "geometry": {"type": "MultiPolygon", "coordinates": [[[[116.4672389, 39.8782365], [116.4672423, 39.8780802], [116.4673544, 39.8780816], [116.4673528, 39.8781562], [116.4678703, 39.8781629], [116.4678685, 39.8782445], [116.4672389, 39.8782365]]]]}}, {"type": "Feature", "properties": {"building": "apartments", "source": "osm"}, "geometry": {"type": "MultiPolygon", "coordinates": [[[[116.4658854, 39.8784381], [116.4659193, 39.8782422], [116.4671458, 39.8783674], [116.4671118, 39.8785634], [116.4658854, 39.8784381]]]]}}, {"type": "Feature", "properties": {"building": "yes", "name": "北京农商银行", "amenity": "bank", "source": "osm"}, "geometry": {"type": "MultiPolygon", "coordinates": [[[[116.4703488, 39.8790068], [116.4704091, 39.8787433], [116.4708728, 39.8788057], [116.4708125, 39.8790694], [116.4703488, 39.8790068]]]]}}, {"type": "Feature", "properties": {"building": "apartments", "source": "osm"}, "geometry": {"type": "MultiPolygon", "coordinates": [[[[116.4701857, 39.8797355], [116.4701858, 39.8796013], [116.4706527, 39.8796014], [116.4706527, 39.8796441], [116.4708718, 39.8796442], [116.4708715, 39.8801354], [116.4701935, 39.8801351], [116.4701936, 39.8799785], [116.4706795, 39.8799786], [116.4706795, 39.8797356], [116.4701857, 39.8797355]]]]}}, {"type": "Feature", "properties": {"building": "apartments", "source": "osm"}, "geometry": {"type": "MultiPolygon", "coordinates": [[[[116.4701964, 39.8804917], [116.4701965, 39.8803576], [116.4706634, 39.8803577], [116.4706634, 39.8804004], [116.4708825, 39.8804005], [116.4708822, 39.8808916], [116.4702042, 39.8808914], [116.4702042, 39.8807348], [116.4706901, 39.8807349], [116.4706902, 39.8804918], [116.4701964, 39.8804917]]]]}}, {"type": "Feature", "properties": {"building": "apartments", "source": "osm"}, "geometry": {"type": "MultiPolygon", "coordinates": [[[[116.4684403, 39.8801446], [116.4689043, 39.8801433], [116.4689045, 39.8801852], [116.4691228, 39.8801846], [116.4691234, 39.8803101], [116.4688875, 39.8803107], [116.4688873, 39.8802731], [116.4684409, 39.8802743], [116.4684403, 39.8801446]]]]}}, {"type": "Feature", "properties": {"building": "apartments", "source": "osm"}, "geometry": {"type": "MultiPolygon", "coordinates": [[[[116.4682422, 39.8805983], [116.468245, 39.8803738], [116.4684192, 39.8803751], [116.4684175, 39.8805058], [116.4686853, 39.8805078], [116.468685, 39.8805252], [116.4689066, 39.8805268], [116.4689063, 39.8805489], [116.4691338, 39.8805505], [116.4691322, 39.880682], [116.4688895, 39.8806802], [116.4688898, 39.8806566], [116.4686683, 39.8806551], [116.4686685, 39.8806315], [116.4684471, 39.8806299], [116.4684475, 39.8805998], [116.4682422, 39.8805983]]]]}}, {"type": "Feature", "properties": {"building": "apartments", "source": "osm"}, "geometry": {"type": "MultiPolygon", "coordinates": [[[[116.4636652, 39.8812773], [116.4649807, 39.8812689], [116.464982, 39.8813871], [116.4636665, 39.8813956], [116.4636652, 39.8812773]]]]}}, {"type": "Feature", "properties": {"building": "apartments", "source": "osm"}, "geometry": {"type": "MultiPolygon", "coordinates": [[[[116.463644, 39.8826755], [116.4636464, 39.8821802], [116.4638021, 39.8821806], [116.4637995, 39.8826759], [116.463644, 39.8826755]]]]}}, {"type": "Feature", "properties": {"building": "apartments", "source": "osm"}, "geometry": {"type": "MultiPolygon", "coordinates": [[[[116.4636455, 39.882062], [116.4636491, 39.8815061], [116.4638114, 39.8815067], [116.4638083, 39.8819653], [116.464075, 39.8819664], [116.464074, 39.8821041], [116.4637954, 39.8821029], [116.4637957, 39.8820626], [116.4636455, 39.882062]]]]}}, {"type": "Feature", "properties": {"building": "apartments", "source": "osm"}, "geometry": {"type": "MultiPolygon", "coordinates": [[[[116.4638144, 39.8827811], [116.4638167, 39.8826442], [116.4649489, 39.8826553], [116.4649465, 39.8827924], [116.4638144, 39.8827811]]]]}}, {"type": "Feature", "properties": {"building": "apartments", "source": "osm"}, "geometry": {"type": "MultiPolygon", "coordinates": [[[[116.4618204, 39.881162], [116.4620115, 39.881162], [116.4620115, 39.8817578], [116.4618204, 39.8817578], [116.4618204, 39.881162]]]]}}, {"type": "Feature", "properties": {"building": "apartments", "source": "osm"}, "geometry": {"type": "MultiPolygon", "coordinates": [[[[116.4580835, 39.8816986], [116.4585877, 39.8816986], [116.4585877, 39.8818465], [116.4580835, 39.8818466], [116.4580835, 39.8816986]]]]}}, {"type": "Feature", "properties": {"building": "apartments", "source": "osm"}, "geometry": {"type": "MultiPolygon", "coordinates": [[[[116.4586556, 39.8820426], [116.4594236, 39.8820404], [116.4594244, 39.8822034], [116.4586564, 39.8822054], [116.4586556, 39.8820426]]]]}}, {"type": "Feature", "properties": {"building": "apartments", "source": "osm"}, "geometry": {"type": "MultiPolygon", "coordinates": [[[[116.4569213, 39.8821534], [116.4575604, 39.8821527], [116.4575603, 39.8821037], [116.4578905, 39.8821033], [116.4578907, 39.882235], [116.457562, 39.8822354], [116.4575621, 39.882287], [116.4569215, 39.8822878], [116.4569213, 39.8821534]]]]}}, {"type": "Feature", "properties": {"building": "apartments", "source": "osm"}, "geometry": {"type": "MultiPolygon", "coordinates": [[[[116.4587937, 39.8817004], [116.4594417, 39.8816928], [116.4594412, 39.8816646], [116.4599494, 39.8816586], [116.4599517, 39.881777], [116.4594534, 39.8817829], [116.4594541, 39.8818188], [116.4587962, 39.8818265], [116.4587937, 39.8817004]]]]}}, {"type": "Feature", "properties": {"building": "apartments", "source": "osm"}, "geometry": {"type": "MultiPolygon", "coordinates": [[[[116.4555146, 39.8809768], [116.4556638, 39.8809753], [116.4556756, 39.8816606], [116.4555266, 39.8816621], [116.4555146, 39.8809768]]]]}}, {"type": "Feature", "properties": {"building": "commercial", "source": "osm"}, "geometry": {"type": "MultiPolygon", "coordinates": [[[[116.4555212, 39.8808045], [116.4562791, 39.8807937], [116.4562819, 39.8809106], [116.455524, 39.8809215], [116.4555212, 39.8808045]]]]}}, {"type": "Feature", "properties": {"building": "apartments", "source": "osm"}, "geometry": {"type": "MultiPolygon", "coordinates": [[[[116.4530384, 39.8820623], [116.4541284, 39.8820504], [116.4541305, 39.8821617], [116.4530405, 39.8821738], [116.4530384, 39.8820623]]]]}}, {"type": "Feature", "properties": {"building": "apartments", "source": "osm"}, "geometry": {"type": "MultiPolygon", "coordinates": [[[[116.4528952, 39.8823572], [116.4535588, 39.8823517], [116.4535605, 39.8824712], [116.4528969, 39.8824767], [116.4528952, 39.8823572]]]]}}, {"type": "Feature", "properties": {"building": "apartments", "source": "osm"}, "geometry": {"type": "MultiPolygon", "coordinates": [[[[116.4536697, 39.8823404], [116.4541581, 39.8823373], [116.4541593, 39.8824445], [116.4536709, 39.8824477], [116.4536697, 39.8823404]]]]}}, {"type": "Feature", "properties": {"building": "apartments", "source": "osm"}, "geometry": {"type": "MultiPolygon", "coordinates": [[[[116.4529068, 39.8827237], [116.4535908, 39.8827072], [116.4535959, 39.8828328], [116.4529119, 39.8828492], [116.4529068, 39.8827237]]]]}}, {"type": "Feature", "properties": {"building": "apartments", "source": "osm"}, "geometry": {"type": "MultiPolygon", "coordinates": [[[[116.4509599, 39.8827321], [116.4516408, 39.882718], [116.4516453, 39.8828454], [116.4509644, 39.8828596], [116.4509599, 39.8827321]]]]}}, {"type": "Feature", "properties": {"building": "apartments", "source": "osm"}, "geometry": {"type": "MultiPolygon", "coordinates": [[[[116.4502166, 39.8825068], [116.4503539, 39.8825054], [116.4503583, 39.8827601], [116.4508814, 39.8827549], [116.4508836, 39.8828858], [116.4502861, 39.8828918], [116.4502843, 39.8827875], [116.4502215, 39.8827882], [116.4502166, 39.8825068]]]]}}, {"type": "Feature", "properties": {"building": "apartments", "source": "osm"}, "geometry": {"type": "MultiPolygon", "coordinates": [[[[116.4525354, 39.8814731], [116.4530962, 39.8814633], [116.4531012, 39.8816327], [116.4525404, 39.8816424], [116.4525354, 39.8814731]]]]}}, {"type": "Feature", "properties": {"building": "apartments", "source": "osm"}, "geometry": {"type": "MultiPolygon", "coordinates": [[[[116.4526755, 39.8821766], [116.4526813, 39.8817992], [116.4527946, 39.8818003], [116.4527889, 39.8821776], [116.4526755, 39.8821766]]]]}}, {"type": "Feature", "properties": {"building": "apartments", "source": "osm"}, "geometry": {"type": "MultiPolygon", "coordinates": [[[[116.4518238, 39.88179], [116.4526237, 39.8817795], [116.4526262, 39.8818928], [116.4519687, 39.8819014], [116.451976, 39.8822326], [116.4524798, 39.882226], [116.4524792, 39.8822013], [116.4526857, 39.8821986], [116.4526878, 39.8822887], [116.4524695, 39.8822916], [116.4524711, 39.8823638], [116.4518368, 39.8823721], [116.4518238, 39.88179]]]]}}, {"type": "Feature", "properties": {"building": "hospital", "name": "劲松第二社区卫生服务中心", "source": "osm"}, "geometry": {"type": "MultiPolygon", "coordinates": [[[[116.4501025, 39.8804334], [116.4501913, 39.8803684], [116.4507269, 39.880357], [116.4507315, 39.8805339], [116.4501039, 39.8805444], [116.4501025, 39.8804334]]]]}}, {"type": "Feature", "properties": {"building": "apartments", "source": "osm"}, "geometry": {"type": "MultiPolygon", "coordinates": [[[[116.4460171, 39.8814685], [116.44671, 39.8814558], [116.4467148, 39.8816083], [116.4460218, 39.8816209], [116.4460171, 39.8814685]]]]}}, {"type": "Feature", "properties": {"building": "apartments", "source": "osm"}, "geometry": {"type": "MultiPolygon", "coordinates": [[[[116.4453337, 39.8808388], [116.445898, 39.8808294], [116.4459016, 39.8809543], [116.4453372, 39.8809638], [116.4453337, 39.8808388]]]]}}, {"type": "Feature", "properties": {"building": "apartments", "source": "osm"}, "geometry": {"type": "MultiPolygon", "coordinates": [[[[116.4449979, 39.880517], [116.4451157, 39.8805163], [116.4451147, 39.8804129], [116.4458553, 39.8804086], [116.4458566, 39.8805369], [116.4451539, 39.8805409], [116.4451577, 39.8809402], [116.445002, 39.880941], [116.4449979, 39.880517]]]]}}, {"type": "Feature", "properties": {"building": "apartments", "source": "osm"}, "geometry": {"type": "MultiPolygon", "coordinates": [[[[116.4469072, 39.8808549], [116.4470744, 39.8808536], [116.4470732, 39.8807581], [116.4472858, 39.8807565], [116.4472877, 39.8809082], [116.4471283, 39.8809094], [116.4471293, 39.8809945], [116.446909, 39.8809962], [116.4469072, 39.8808549]]]]}}, {"type": "Feature", "properties": {"building": "apartments", "source": "osm"}, "geometry": {"type": "MultiPolygon", "coordinates": [[[[116.447243, 39.8811631], [116.4474103, 39.8811618], [116.447409, 39.8810663], [116.4476216, 39.8810647], [116.4476235, 39.8812164], [116.4474641, 39.8812176], [116.4474652, 39.8813027], [116.4472448, 39.8813044], [116.447243, 39.8811631]]]]}}, {"type": "Feature", "properties": {"building": "hospital", "source": "osm"}, "geometry": {"type": "MultiPolygon", "coordinates": [[[[116.4491873, 39.881139], [116.449367, 39.8811374], [116.4493711, 39.8814079], [116.4498596, 39.8814035], [116.4498625, 39.8815914], [116.4491944, 39.8815975], [116.4491873, 39.881139]]]]}}, {"type": "Feature", "properties": {"building": "retail", "name": "劲松中街便民超市", "source": "osm"}, "geometry": {"type": "MultiPolygon", "coordinates": [[[[116.4501273, 39.8816283], [116.4501358, 39.8809635], [116.4503638, 39.8809652], [116.4503553, 39.88163], [116.4501273, 39.8816283]]]]}}, {"type": "Feature", "properties": {"building": "commercial", "source": "osm"}, "geometry": {"type": "MultiPolygon", "coordinates": [[[[116.4487143, 39.8769287], [116.4492578, 39.8769237], [116.4492561, 39.8768132], [116.4496024, 39.87681], [116.4496065, 39.8770802], [116.4487167, 39.8770883], [116.4487143, 39.8769287]]]]}}, {"type": "Feature", "properties": {"building": "apartments", "source": "osm"}, "geometry": {"type": "MultiPolygon", "coordinates": [[[[116.4560252, 39.8778338], [116.4567182, 39.8778331], [116.4567185, 39.8779897], [116.4560255, 39.8779905], [116.4560252, 39.8778338]]]]}}, {"type": "Feature", "properties": {"building": "apartments", "source": "osm"}, "geometry": {"type": "MultiPolygon", "coordinates": [[[[116.4554912, 39.8781681], [116.4561372, 39.8781417], [116.4561443, 39.8782452], [116.4554983, 39.8782715], [116.4554912, 39.8781681]]]]}}, {"type": "Feature", "properties": {"building": "apartments", "source": "osm"}, "geometry": {"type": "MultiPolygon", "coordinates": [[[[116.4560869, 39.8787585], [116.4561604, 39.8787572], [116.4561552, 39.8785764], [116.4563766, 39.8785727], [116.4563818, 39.8787537], [116.4562703, 39.8787556], [116.4562728, 39.8788436], [116.4560894, 39.8788467], [116.4560869, 39.8787585]]]]}}, {"type": "Feature", "properties": {"building": "apartments", "source": "osm"}, "geometry": {"type": "MultiPolygon", "coordinates": [[[[116.4640605, 39.8793803], [116.4640635, 39.8790286], [116.4641903, 39.8790292], [116.4641909, 39.878964], [116.4648347, 39.8789671], [116.4648342, 39.8790232], [116.4649864, 39.879024], [116.4649833, 39.8793887], [116.4648146, 39.8793878], [116.464817, 39.8791051], [116.4642142, 39.8791021], [116.4642118, 39.8793811], [116.4640605, 39.8793803]]]]}}, {"type": "Feature", "properties": {"building": "apartments", "source": "osm"}, "geometry": {"type": "MultiPolygon", "coordinates": [[[[116.4640888, 39.8797425], [116.4640913, 39.8795239], [116.4649576, 39.8795295], [116.4649521, 39.8800298], [116.4648067, 39.8800288], [116.4648098, 39.8797472], [116.4640888, 39.8797425]]]]}}, {"type": "Feature", "properties": {"building": "apartments", "source": "osm"}, "geometry": {"type": "MultiPolygon", "coordinates": [[[[116.4522337, 39.8782488], [116.4534237, 39.8782339], [116.4534385, 39.8789312], [116.4533743, 39.878932], [116.4533758, 39.8789986], [116.4532816, 39.8789998], [116.4532227, 39.8790731], [116.453121, 39.8790747], [116.4530621, 39.8790076], [116.4531109, 39.8789312], [116.4531007, 39.8788703], [116.4531434, 39.878836], [116.4531881, 39.878836], [116.4532633, 39.8787799], [116.4532616, 39.8786968], [116.4532431, 39.878697], [116.4532361, 39.8783609], [116.4523335, 39.878372], [116.4523386, 39.8786145], [116.4522415, 39.8786157], [116.4522337, 39.8782488]]]]}}, {"type": "Feature", "properties": {"building": "commercial", "source": "osm"}, "geometry": {"type": "MultiPolygon", "coordinates": [[[[116.4543398, 39.8782332], [116.4545024, 39.8782315], [116.4545062, 39.8784389], [116.4543436, 39.8784407], [116.4543398, 39.8782332]]]]}}, {"type": "Feature", "properties": {"building": "commercial", "source": "osm"}, "geometry": {"type": "MultiPolygon", "coordinates": [[[[116.4536916, 39.8786463], [116.4540377, 39.8786407], [116.4540347, 39.8785339], [116.4545255, 39.8785259], [116.4545406, 39.8790734], [116.4539753, 39.8790826], [116.4539726, 39.8789829], [116.4541124, 39.8789806], [116.4541062, 39.878757], [116.4536948, 39.8787637], [116.4536916, 39.8786463]]]]}}, {"type": "Feature", "properties": {"building": "commercial", "source": "osm"}, "geometry": {"type": "MultiPolygon", "coordinates": [[[[116.4534202, 39.8789489], [116.4537489, 39.8789455], [116.4537494, 39.8789716], [116.4539347, 39.8789697], [116.4539367, 39.879086], [116.4534227, 39.8790913], [116.4534202, 39.8789489]]]]}}, {"type": "Feature", "properties": {"building": "hospital", "name": "北京双井中西医结合医院", "source": "osm"}, "geometry": {"type": "MultiPolygon", "coordinates": [[[[116.4527664, 39.8799452], [116.4531993, 39.8799415], [116.4532012, 39.8800693], [116.4527683, 39.880073], [116.4527664, 39.8799452]]]]}}, {"type": "Feature", "properties": {"building": "commercial", "source": "osm"}, "geometry": {"type": "MultiPolygon", "coordinates": [[[[116.4532885, 39.8792178], [116.4545115, 39.8792093], [116.4545193, 39.8798618], [116.4538898, 39.8798663], [116.4538877, 39.8796892], [116.4532941, 39.8796933], [116.4532885, 39.8792178]]]]}}, {"type": "Feature", "properties": {"building": "kindergarten", "name": "睿泽幼儿园", "source": "osm"}, "geometry": {"type": "MultiPolygon", "coordinates": [[[[116.4527023, 39.8810819], [116.4530629, 39.8810696], [116.4530751, 39.8812814], [116.4527145, 39.8812936], [116.4527023, 39.8810819]]]]}}, {"type": "Feature", "properties": {"building": "yes", "name": "劲松电影院", "amenity": "cinema", "source": "osm"}, "geometry": {"type": "MultiPolygon", "coordinates": [[[[116.4492309, 39.8817084], [116.4498627, 39.8816983], [116.4498695, 39.8819475], [116.4492377, 39.8819577], [116.4492309, 39.8817084]]]]}}, {"type": "Feature", "properties": {"building": "commercial", "source": "osm"}, "geometry": {"type": "MultiPolygon", "coordinates": [[[[116.4491984, 39.8820164], [116.4498573, 39.8819999], [116.4498666, 39.8822178], [116.4492077, 39.8822343], [116.4491984, 39.8820164]]]]}}, {"type": "Feature", "properties": {"building": "apartments", "source": "osm"}, "geometry": {"type": "MultiPolygon", "coordinates": [[[[116.4461418, 39.882206], [116.4463048, 39.8822014], [116.446313, 39.882375], [116.44615, 39.8823796], [116.4461418, 39.882206]]]]}}, {"type": "Feature", "properties": {"building": "apartments", "source": "osm"}, "geometry": {"type": "MultiPolygon", "coordinates": [[[[116.4460333, 39.8820269], [116.4460377, 39.8818545], [116.4464481, 39.8818606], [116.4464437, 39.8820331], [116.4460333, 39.8820269]]]]}}, {"type": "Feature", "properties": {"building": "commercial", "source": "osm"}, "geometry": {"type": "MultiPolygon", "coordinates": [[[[116.4419104, 39.8816063], [116.4425514, 39.8816063], [116.4425514, 39.8818475], [116.442207, 39.8818474], [116.442207, 39.8817524], [116.4420564, 39.8817525], [116.4420564, 39.8818564], [116.4419104, 39.8818564], [116.4419104, 39.8816063]]]]}}, {"type": "Feature", "properties": {"building": "apartments", "source": "osm"}, "geometry": {"type": "MultiPolygon", "coordinates": [[[[116.4414112, 39.8807417], [116.4414137, 39.880643], [116.4417503, 39.8806482], [116.4417478, 39.8807469], [116.4414112, 39.8807417]]]]}}, {"type": "Feature", "properties": {"building": "commercial", "source": "osm"}, "geometry": {"type": "MultiPolygon", "coordinates": [[[[116.4410257, 39.8806759], [116.4410267, 39.8804772], [116.4413386, 39.8804782], [116.4413376, 39.8806768], [116.4410257, 39.8806759]]]]}}, {"type": "Feature", "properties": {"building": "apartments", "source": "osm"}, "geometry": {"type": "MultiPolygon", "coordinates": [[[[116.4419387, 39.8761704], [116.4419393, 39.8760082], [116.4427006, 39.87601], [116.4426999, 39.8761723], [116.4419387, 39.8761704]]]]}}, {"type": "Feature", "properties": {"building": "apartments", "source": "osm"}, "geometry": {"type": "MultiPolygon", "coordinates": [[[[116.4420016, 39.8752587], [116.44228, 39.8752564], [116.4422891, 39.875885], [116.4420108, 39.8758873], [116.4420016, 39.8752587]]]]}}, {"type": "Feature", "properties": {"building": "apartments", "source": "osm"}, "geometry": {"type": "MultiPolygon", "coordinates": [[[[116.4463933, 39.8756591], [116.4463946, 39.8754416], [116.4468151, 39.875443], [116.4468138, 39.8756605], [116.4463933, 39.8756591]]]]}}, {"type": "Feature", "properties": {"building": "apartments", "source": "osm"}, "geometry": {"type": "MultiPolygon", "coordinates": [[[[116.4466205, 39.8751918], [116.4471488, 39.8751904], [116.4471494, 39.8753199], [116.446621, 39.8753212], [116.4466205, 39.8751918]]]]}}, {"type": "Feature", "properties": {"building": "commercial", "source": "osm"}, "geometry": {"type": "MultiPolygon", "coordinates": [[[[116.448166, 39.875477], [116.4483654, 39.8754768], [116.448366, 39.8757735], [116.4481665, 39.8757737], [116.448166, 39.875477]]]]}}, {"type": "Feature", "properties": {"building": "commercial", "source": "osm"}, "geometry": {"type": "MultiPolygon", "coordinates": [[[[116.4472934, 39.8750566], [116.4481937, 39.8750529], [116.4481957, 39.8753366], [116.4472955, 39.8753405], [116.4472934, 39.8750566]]]]}}, {"type": "Feature", "properties": {"building": "commercial", "source": "osm"}, "geometry": {"type": "MultiPolygon", "coordinates": [[[[116.4476342, 39.8758453], [116.4476345, 39.8757205], [116.4481529, 39.8757215], [116.4481525, 39.8758462], [116.4476342, 39.8758453]]]]}}, {"type": "Feature", "properties": {"building": "commercial", "source": "osm"}, "geometry": {"type": "MultiPolygon", "coordinates": [[[[116.4491172, 39.8754385], [116.4491176, 39.8752565], [116.4495891, 39.8752571], [116.4495887, 39.8754391], [116.4491172, 39.8754385]]]]}}, {"type": "Feature", "properties": {"building": "commercial", "source": "osm"}, "geometry": {"type": "MultiPolygon", "coordinates": [[[[116.4502433, 39.8758537], [116.4502449, 39.875559], [116.4504211, 39.8755596], [116.4504195, 39.8758543], [116.4502433, 39.8758537]]]]}}, {"type": "Feature", "properties": {"building": "apartments", "source": "osm"}, "geometry": {"type": "MultiPolygon", "coordinates": [[[[116.4557585, 39.8750813], [116.4569771, 39.8750786], [116.4569778, 39.8752574], [116.4557592, 39.8752599], [116.4557585, 39.8750813]]]]}}, {"type": "Feature", "properties": {"building": "commercial", "source": "osm"}, "geometry": {"type": "MultiPolygon", "coordinates": [[[[116.4570661, 39.8750381], [116.4577704, 39.8750376], [116.4577706, 39.8751748], [116.4572204, 39.8751752], [116.4572205, 39.8752675], [116.4570663, 39.8752676], [116.4570661, 39.8750381]]]]}}, {"type": "Feature", "properties": {"building": "apartments", "source": "osm"}, "geometry": {"type": "MultiPolygon", "coordinates": [[[[116.4580658, 39.8753415], [116.4580692, 39.8750294], [116.4585194, 39.8750323], [116.458516, 39.8753443], [116.4580658, 39.8753415]]]]}}, {"type": "Feature", "properties": {"building": "apartments", "source": "osm"}, "geometry": {"type": "MultiPolygon", "coordinates": [[[[116.4591975, 39.8753411], [116.4592009, 39.875029], [116.4596511, 39.8750319], [116.4596477, 39.8753439], [116.4591975, 39.8753411]]]]}}, {"type": "Feature", "properties": {"building": "commercial", "source": "osm"}, "geometry": {"type": "MultiPolygon", "coordinates": [[[[116.4585394, 39.8753258], [116.4585416, 39.8750535], [116.4591848, 39.8750566], [116.4591827, 39.8753288], [116.4585394, 39.8753258]]]]}}, {"type": "Feature", "properties": {"building": "apartments", "source": "osm"}, "geometry": {"type": "MultiPolygon", "coordinates": [[[[116.4596717, 39.8745118], [116.4600617, 39.8745053], [116.4600664, 39.87467], [116.4596764, 39.8746766], [116.4596717, 39.8745118]]]]}}, {"type": "Feature", "properties": {"building": "commercial", "name": "朝阳区养老服务指导中心", "amenity": "social_facility", "source": "osm"}, "geometry": {"type": "MultiPolygon", "coordinates": [[[[116.4494528, 39.8810175], [116.4498268, 39.881013], [116.4498325, 39.8812911], [116.4496386, 39.8812934], [116.4496358, 39.8811559], [116.4494556, 39.881158], [116.4494528, 39.8810175]]]]}}, {"type": "Feature", "properties": {"building": "commercial", "source": "osm"}, "geometry": {"type": "MultiPolygon", "coordinates": [[[[116.446398, 39.8773775], [116.4467631, 39.8773727], [116.4467691, 39.8776363], [116.446404, 39.8776412], [116.446398, 39.8773775]]]]}}, {"type": "Feature", "properties": {"building": "commercial", "source": "osm"}, "geometry": {"type": "MultiPolygon", "coordinates": [[[[116.4492484, 39.878779], [116.4497406, 39.8787718], [116.4497526, 39.8792606], [116.4492606, 39.8792678], [116.4492484, 39.878779]]]]}}, {"type": "Feature", "properties": {"building": "yes", "name": "新年华学校", "amenity": "language_school", "source": "osm"}, "geometry": {"type": "MultiPolygon", "coordinates": [[[[116.4504679, 39.8810499], [116.450682, 39.8810475], [116.4506911, 39.881538], [116.4504772, 39.8815404], [116.4504679, 39.8810499]]]]}}, {"type": "Feature", "properties": {"building": "apartments", "source": "osm"}, "geometry": {"type": "MultiPolygon", "coordinates": [[[[116.4513973, 39.8808414], [116.4513978, 39.8807184], [116.4521772, 39.8807204], [116.4521767, 39.8808434], [116.4513973, 39.8808414]]]]}}, {"type": "Feature", "properties": {"building": "yes", "name": "京东物流", "amenity": "post_office", "source": "osm"}, "geometry": {"type": "MultiPolygon", "coordinates": [[[[116.4677212, 39.8805048], [116.4677224, 39.8799955], [116.4679502, 39.8799958], [116.4679491, 39.8805051], [116.4677212, 39.8805048]]]]}}, {"type": "Feature", "properties": {"building": "commercial", "source": "osm"}, "geometry": {"type": "MultiPolygon", "coordinates": [[[[116.4705792, 39.881977], [116.4705862, 39.8814709], [116.4708161, 39.8814728], [116.4708092, 39.8819789], [116.4705792, 39.881977]]]]}}, {"type": "Feature", "properties": {"building": "commercial", "source": "osm"}, "geometry": {"type": "MultiPolygon", "coordinates": [[[[116.4596189, 39.8756361], [116.4596199, 39.8754442], [116.4601342, 39.8754458], [116.4601351, 39.8752703], [116.4603851, 39.8752711], [116.4603831, 39.8756386], [116.4596189, 39.8756361]]]]}}, {"type": "Feature", "properties": {"building": "commercial", "source": "osm"}, "geometry": {"type": "MultiPolygon", "coordinates": [[[[116.4606233, 39.8769979], [116.4606238, 39.8768939], [116.4608088, 39.8768945], [116.4608084, 39.8769753], [116.4611643, 39.8769763], [116.4611638, 39.8770731], [116.4608055, 39.8770721], [116.4608058, 39.8769985], [116.4606233, 39.8769979]]]]}}, {"type": "Feature", "properties": {"building": "commercial", "source": "osm"}, "geometry": {"type": "MultiPolygon", "coordinates": [[[[116.4612467, 39.8768635], [116.4614084, 39.8768612], [116.4614131, 39.8770539], [116.4612514, 39.8770562], [116.4612467, 39.8768635]]]]}}, {"type": "Feature", "properties": {"building": "apartments", "source": "osm"}, "geometry": {"type": "MultiPolygon", "coordinates": [[[[116.4574624, 39.8784203], [116.4574633, 39.8782661], [116.4576926, 39.8782669], [116.4576919, 39.8783823], [116.4575286, 39.8783817], [116.4575283, 39.8784205], [116.4574624, 39.8784203]]]]}}, {"type": "Feature", "properties": {"building": "commercial", "source": "osm"}, "geometry": {"type": "MultiPolygon", "coordinates": [[[[116.4554477, 39.8783868], [116.45559, 39.8783862], [116.4555921, 39.8786521], [116.4554499, 39.8786528], [116.4554477, 39.8783868]]]]}}, {"type": "Feature", "properties": {"building": "apartments", "source": "osm"}, "geometry": {"type": "MultiPolygon", "coordinates": [[[[116.4590532, 39.878775], [116.4592479, 39.878774], [116.459251, 39.8791522], [116.4590564, 39.8791532], [116.4590532, 39.878775]]]]}}, {"type": "Feature", "properties": {"building": "hospital", "name": "北京广仁中西医结合医院（南磨房路）", "source": "osm"}, "geometry": {"type": "MultiPolygon", "coordinates": [[[[116.4568524, 39.8820242], [116.4568577, 39.8817207], [116.4573348, 39.8817256], [116.4573362, 39.8816426], [116.4575451, 39.8816448], [116.4575382, 39.8820314], [116.4568524, 39.8820242]]]]}}, {"type": "Feature", "properties": {"building": "commercial", "source": "osm"}, "geometry": {"type": "MultiPolygon", "coordinates": [[[[116.4641886, 39.8805824], [116.4641893, 39.8802859], [116.464978, 39.880287], [116.4649773, 39.8805834], [116.4641886, 39.8805824]]]]}}, {"type": "Feature", "properties": {"building": "kindergarten", "source": "osm"}, "geometry": {"type": "MultiPolygon", "coordinates": [[[[116.4642631, 39.8811041], [116.4642652, 39.8809572], [116.4646777, 39.8809606], [116.4646757, 39.8811075], [116.4642631, 39.8811041]]]]}}, {"type": "Feature", "properties": {"building": "apartments", "source": "osm"}, "geometry": {"type": "MultiPolygon", "coordinates": [[[[116.4648091, 39.8806554], [116.4649315, 39.8806546], [116.4649322, 39.8807178], [116.4649757, 39.8807176], [116.4649797, 39.8811007], [116.4648136, 39.8811018], [116.4648091, 39.8806554]]]]}}, {"type": "Feature", "properties": {"building": "apartments", "source": "osm"}, "geometry": {"type": "MultiPolygon", "coordinates": [[[[116.4352574, 39.8936663], [116.4352755, 39.8932499], [116.4355868, 39.8932578], [116.4355754, 39.8935223], [116.4359287, 39.8935313], [116.4359399, 39.8932728], [116.4362471, 39.8932807], [116.4362293, 39.8936911], [116.4352574, 39.8936663]]]]}}, {"type": "Feature", "properties": {"building": "commercial", "source": "osm"}, "geometry": {"type": "MultiPolygon", "coordinates": [[[[116.4345173, 39.8917053], [116.4345275, 39.8914473], [116.4362785, 39.8914881], [116.4362684, 39.8917458], [116.4345173, 39.8917053]]]]}}, {"type": "Feature", "properties": {"building": "apartments", "source": "osm"}, "geometry": {"type": "MultiPolygon", "coordinates": [[[[116.437069, 39.8841719], [116.4370761, 39.8840492], [116.437676, 39.8840696], [116.4376689, 39.8841924], [116.437069, 39.8841719]]]]}}, {"type": "Feature", "properties": {"building": "apartments", "source": "osm"}, "geometry": {"type": "MultiPolygon", "coordinates": [[[[116.4365615, 39.8838607], [116.4365685, 39.8837459], [116.4371614, 39.8837674], [116.4371544, 39.8838822], [116.4365615, 39.8838607]]]]}}, {"type": "Feature", "properties": {"building": "apartments", "source": "osm"}, "geometry": {"type": "MultiPolygon", "coordinates": [[[[116.4353349, 39.8837896], [116.4353404, 39.883687], [116.435708, 39.8836984], [116.4357068, 39.8837208], [116.4363056, 39.8837394], [116.4363005, 39.8838348], [116.4357086, 39.8838163], [116.4357094, 39.8838013], [116.4353349, 39.8837896]]]]}}, {"type": "Feature", "properties": {"building": "apartments", "source": "osm"}, "geometry": {"type": "MultiPolygon", "coordinates": [[[[116.4372696, 39.883912], [116.4373136, 39.8835921], [116.4374267, 39.8836013], [116.4373826, 39.8839212], [116.4372696, 39.883912]]]]}}, {"type": "Feature", "properties": {"building": "apartments", "source": "osm"}, "geometry": {"type": "MultiPolygon", "coordinates": [[[[116.4353247, 39.8834695], [116.4353296, 39.8833668], [116.4357364, 39.8833784], [116.4357371, 39.8833627], [116.4365143, 39.8833849], [116.4365094, 39.8834842], [116.4357336, 39.8834621], [116.4357327, 39.8834811], [116.4353247, 39.8834695]]]]}}, {"type": "Feature", "properties": {"building": "apartments", "source": "osm"}, "geometry": {"type": "MultiPolygon", "coordinates": [[[[116.4365947, 39.8835202], [116.4366, 39.8834242], [116.4373705, 39.8834497], [116.4373651, 39.8835456], [116.4365947, 39.8835202]]]]}}, {"type": "Feature", "properties": {"building": "apartments", "source": "osm"}, "geometry": {"type": "MultiPolygon", "coordinates": [[[[116.4363823, 39.8838695], [116.4364039, 39.8835496], [116.4365065, 39.8835537], [116.436485, 39.8838736], [116.4363823, 39.8838695]]]]}}, {"type": "Feature", "properties": {"building": "apartments", "source": "osm"}, "geometry": {"type": "MultiPolygon", "coordinates": [[[[116.435563, 39.8853974], [116.4355694, 39.8852747], [116.436119, 39.8852917], [116.4361126, 39.8854142], [116.435563, 39.8853974]]]]}}, {"type": "Feature", "properties": {"building": "apartments", "source": "osm"}, "geometry": {"type": "MultiPolygon", "coordinates": [[[[116.4372204, 39.8850441], [116.4372578, 39.8848212], [116.4374417, 39.8848394], [116.4374337, 39.8848874], [116.4375348, 39.8848974], [116.4375053, 39.8850723], [116.4372204, 39.8850441]]]]}}, {"type": "Feature", "properties": {"building": "apartments", "source": "osm"}, "geometry": {"type": "MultiPolygon", "coordinates": [[[[116.4370767, 39.8846218], [116.4370957, 39.8842152], [116.4372342, 39.884219], [116.4372223, 39.8844758], [116.4375792, 39.8844856], [116.4375723, 39.8846354], [116.4370767, 39.8846218]]]]}}, {"type": "Feature", "properties": {"building": "apartments", "source": "osm"}, "geometry": {"type": "MultiPolygon", "coordinates": [[[[116.4353262, 39.8904032], [116.435336, 39.8902443], [116.4360612, 39.8902707], [116.4360514, 39.8904297], [116.4353262, 39.8904032]]]]}}, {"type": "Feature", "properties": {"building": "apartments", "source": "osm"}, "geometry": {"type": "MultiPolygon", "coordinates": [[[[116.4353048, 39.8872537], [116.4353169, 39.8870348], [116.436113, 39.8870605], [116.4361204, 39.8869265], [116.4363836, 39.886935], [116.4363641, 39.8872881], [116.4353048, 39.8872537]]]]}}, {"type": "Feature", "properties": {"building": "apartments", "source": "osm"}, "geometry": {"type": "MultiPolygon", "coordinates": [[[[116.4354514, 39.8859648], [116.4354727, 39.8856273], [116.4357568, 39.8856378], [116.4357463, 39.8858048], [116.4367434, 39.8858417], [116.4367539, 39.8856741], [116.4370229, 39.8856841], [116.4370016, 39.8860224], [116.4354514, 39.8859648]]]]}}, {"type": "Feature", "properties": {"building": "apartments", "source": "osm"}, "geometry": {"type": "MultiPolygon", "coordinates": [[[[116.4366354, 39.8874233], [116.4366761, 39.8870171], [116.4368962, 39.8870301], [116.4368554, 39.8874363], [116.4366354, 39.8874233]]]]}}, {"type": "Feature", "properties": {"building": "apartments", "source": "osm"}, "geometry": {"type": "MultiPolygon", "coordinates": [[[[116.4365963, 39.8878148], [116.4366254, 39.8875275], [116.4368184, 39.8875391], [116.4367892, 39.8878263], [116.4365963, 39.8878148]]]]}}, {"type": "Feature", "properties": {"building": "apartments", "source": "osm"}, "geometry": {"type": "MultiPolygon", "coordinates": [[[[116.4367068, 39.8869103], [116.4367862, 39.8861446], [116.4369843, 39.8861567], [116.436905, 39.8869224], [116.4367068, 39.8869103]]]]}}, {"type": "Feature", "properties": {"building": "commercial", "source": "osm"}, "geometry": {"type": "MultiPolygon", "coordinates": [[[[116.4351946, 39.8875809], [116.4352014, 39.8873936], [116.436124, 39.8874131], [116.4361172, 39.8876004], [116.4351946, 39.8875809]]]]}}, {"type": "Feature", "properties": {"building": "commercial", "source": "osm"}, "geometry": {"type": "MultiPolygon", "coordinates": [[[[116.4352388, 39.8878027], [116.4352473, 39.8876904], [116.436125, 39.8877293], [116.4361165, 39.8878415], [116.4352388, 39.8878027]]]]}}, {"type": "Feature", "properties": {"building": "retail", "name": "商品部", "source": "osm"}, "geometry": {"type": "MultiPolygon", "coordinates": [[[[116.4522982, 39.874582], [116.4522985, 39.8745505], [116.4530445, 39.8745542], [116.4530442, 39.8745859], [116.4522982, 39.874582]]]]}}, {"type": "Feature", "properties": {"building": "retail", "name": "甲排", "source": "osm"}, "geometry": {"type": "MultiPolygon", "coordinates": [[[[116.4531471, 39.874551], [116.4537095, 39.8745445], [116.4537098, 39.8745623], [116.4538305, 39.8745609], [116.4538312, 39.8745953], [116.4537119, 39.8745967], [116.4537115, 39.874577], [116.4531477, 39.8745836], [116.4531471, 39.874551]]]]}}, {"type": "Feature", "properties": {"building": "retail", "name": "潘书馆", "source": "osm"}, "geometry": {"type": "MultiPolygon", "coordinates": [[[[116.4540167, 39.8745101], [116.4541627, 39.8743537], [116.4542954, 39.8743395], [116.4543592, 39.8743469], [116.4543681, 39.8744049], [116.4541546, 39.8745943], [116.4540167, 39.8745101]]]]}}, {"type": "Feature", "properties": {"building": "roof", "name": "东地摊", "source": "osm"}, "geometry": {"type": "MultiPolygon", "coordinates": [[[[116.4539151, 39.8743167], [116.4539159, 39.8737774], [116.4542658, 39.8737689], [116.4542665, 39.873848], [116.4541249, 39.8738474], [116.454122, 39.8741352], [116.4542539, 39.8741361], [116.454336, 39.8741366], [116.4543332, 39.8743207], [116.4539151, 39.8743167]]]]}}, {"type": "Feature", "properties": {"building": "roof", "name": "书刊区", "source": "osm"}, "geometry": {"type": "MultiPolygon", "coordinates": [[[[116.4530391, 39.8735728], [116.4540354, 39.8735597], [116.4540362, 39.8736277], [116.4530425, 39.8736382], [116.4530391, 39.8735728]]]]}}, {"type": "Feature", "properties": {"building": "retail", "name": "丙排", "source": "osm"}, "geometry": {"type": "MultiPolygon", "coordinates": [[[[116.4521331, 39.87364], [116.4540456, 39.8736388], [116.4540439, 39.8737231], [116.4521348, 39.8737257], [116.4521331, 39.87364]]]]}}, {"type": "Feature", "properties": {"building": "retail", "name": "丁排", "source": "osm"}, "geometry": {"type": "MultiPolygon", "coordinates": [[[[116.4520403, 39.8745182], [116.4520455, 39.8737743], [116.4523088, 39.8737743], [116.4523217, 39.8745192], [116.4520403, 39.8745182]]]]}}, {"type": "Feature", "properties": {"building": "retail", "name": "南排", "source": "osm"}, "geometry": {"type": "MultiPolygon", "coordinates": [[[[116.4517415, 39.873559], [116.4521099, 39.8735601], [116.4521121, 39.8736142], [116.4517422, 39.8736159], [116.4517415, 39.873559]]]]}}, {"type": "Feature", "properties": {"building": "roof", "name": "西地摊", "source": "osm"}, "geometry": {"type": "MultiPolygon", "coordinates": [[[[116.4507078, 39.873571], [116.4510407, 39.873566], [116.4510446, 39.8742415], [116.4507116, 39.8742346], [116.4507078, 39.873571]]]]}}, {"type": "Feature", "properties": {"building": "retail", "name": "北商房", "source": "osm"}, "geometry": {"type": "MultiPolygon", "coordinates": [[[[116.4505692, 39.8746563], [116.4505726, 39.8745718], [116.4512759, 39.8745821], [116.4512737, 39.8746649], [116.4505692, 39.8746563]]]]}}, {"type": "Feature", "properties": {"building": "retail", "name": "西商房", "source": "osm"}, "geometry": {"type": "MultiPolygon", "coordinates": [[[[116.4500007, 39.8736026], [116.4500636, 39.8736026], [116.4500702, 39.8741942], [116.4500083, 39.8741932], [116.4500007, 39.8736026]]]]}}, {"type": "Feature", "properties": {"building": "commercial", "name": "北京市建设工程质量检测第五检测所", "office": "research", "source": "osm"}, "geometry": {"type": "MultiPolygon", "coordinates": [[[[116.4507202, 39.8787646], [116.450721, 39.8786305], [116.4510765, 39.8786317], [116.4510758, 39.8787657], [116.4507202, 39.8787646]]]]}}, {"type": "Feature", "properties": {"building": "yes", "name": "潘家园街道党群服务中心", "source": "osm"}, "geometry": {"type": "MultiPolygon", "coordinates": [[[[116.4588128, 39.8726894], [116.4593774, 39.8726736], [116.4593728, 39.873245], [116.458828, 39.8732453], [116.4588128, 39.8726894]]]]}}, {"type": "Feature", "properties": {"building": "commercial", "source": "osm"}, "geometry": {"type": "MultiPolygon", "coordinates": [[[[116.4609856, 39.8726963], [116.4613335, 39.8726879], [116.4613481, 39.8730455], [116.4611013, 39.8730514], [116.4610934, 39.8728588], [116.4609923, 39.8728612], [116.4609856, 39.8726963]]]]}}, {"type": "Feature", "properties": {"building": "yes", "source": "osm"}, "geometry": {"type": "MultiPolygon", "coordinates": [[[[116.4400375, 39.8908307], [116.4404772, 39.8908269], [116.4404799, 39.8910026], [116.4400401, 39.8910066], [116.4400375, 39.8908307]]]]}}, {"type": "Feature", "properties": {"building": "yes", "source": "osm"}, "geometry": {"type": "MultiPolygon", "coordinates": [[[[116.4416318, 39.8902025], [116.4416402, 39.8898939], [116.4420086, 39.8898998], [116.4420059, 39.8899993], [116.4418235, 39.8899963], [116.441822, 39.8900482], [116.4420697, 39.8900522], [116.4420654, 39.8902095], [116.4416318, 39.8902025]]]]}}, {"type": "Feature", "properties": {"building": "yes", "source": "osm"}, "geometry": {"type": "MultiPolygon", "coordinates": [[[[116.4393667, 39.894797], [116.4393881, 39.8946513], [116.4398766, 39.8946935], [116.4398552, 39.8948392], [116.4393667, 39.894797]]]]}}, {"type": "Feature", "properties": {"building": "yes", "source": "osm"}, "geometry": {"type": "MultiPolygon", "coordinates": [[[[116.4393442, 39.8951731], [116.4393448, 39.8950388], [116.4398024, 39.8950401], [116.4398018, 39.8951743], [116.4393442, 39.8951731]]]]}}, {"type": "Feature", "properties": {"building": "yes", "source": "osm"}, "geometry": {"type": "MultiPolygon", "coordinates": [[[[116.440886, 39.8953077], [116.4409029, 39.8951804], [116.4419656, 39.8952638], [116.4419487, 39.895391], [116.440886, 39.8953077]]]]}}, {"type": "Feature", "properties": {"building": "yes", "source": "osm"}, "geometry": {"type": "MultiPolygon", "coordinates": [[[[116.4408153, 39.896067], [116.4408318, 39.8959135], [116.441883, 39.8959798], [116.4418666, 39.8961332], [116.4408153, 39.896067]]]]}}, {"type": "Feature", "properties": {"building": "yes", "source": "osm"}, "geometry": {"type": "MultiPolygon", "coordinates": [[[[116.4407845, 39.8964021], [116.4408009, 39.8962486], [116.4418522, 39.896315], [116.4418357, 39.8964684], [116.4407845, 39.8964021]]]]}}, {"type": "Feature", "properties": {"building": "yes", "source": "osm"}, "geometry": {"type": "MultiPolygon", "coordinates": [[[[116.4407359, 39.8967563], [116.4407524, 39.8966028], [116.4418036, 39.8966691], [116.4417871, 39.8968225], [116.4407359, 39.8967563]]]]}}, {"type": "Feature", "properties": {"building": "yes", "source": "osm"}, "geometry": {"type": "MultiPolygon", "coordinates": [[[[116.4408935, 39.8956423], [116.4409104, 39.895515], [116.4419732, 39.8955984], [116.4419562, 39.8957256], [116.4408935, 39.8956423]]]]}}, {"type": "Feature", "properties": {"building": "yes", "source": "osm"}, "geometry": {"type": "MultiPolygon", "coordinates": [[[[116.4420926, 39.895061], [116.4421113, 39.8948884], [116.4426874, 39.8949251], [116.4426987, 39.8948206], [116.443235, 39.8948548], [116.4432147, 39.8950415], [116.4429587, 39.8950251], [116.4429107, 39.8954677], [116.4432316, 39.8954881], [116.4432098, 39.8956892], [116.4421609, 39.8956224], [116.4421821, 39.8954268], [116.4426987, 39.8954597], [116.4427374, 39.8951021], [116.4420926, 39.895061]]]]}}, {"type": "Feature", "properties": {"building": "yes", "source": "osm"}, "geometry": {"type": "MultiPolygon", "coordinates": [[[[116.440968, 39.8949164], [116.4409797, 39.894769], [116.4418966, 39.8948121], [116.4418848, 39.8949596], [116.440968, 39.8949164]]]]}}, {"type": "Feature", "properties": {"building": "yes", "source": "osm"}, "geometry": {"type": "MultiPolygon", "coordinates": [[[[116.4423358, 39.8945913], [116.4425412, 39.8944289], [116.4428713, 39.8946746], [116.4426659, 39.894837], [116.4423358, 39.8945913]]]]}}, {"type": "Feature", "properties": {"building": "yes", "source": "osm"}, "geometry": {"type": "MultiPolygon", "coordinates": [[[[116.4421672, 39.896014], [116.4426851, 39.8960059], [116.4426863, 39.8960509], [116.4428796, 39.896048], [116.4428838, 39.8962099], [116.4426825, 39.896213], [116.4426809, 39.8961547], [116.4421712, 39.8961626], [116.4421672, 39.896014]]]]}}, {"type": "Feature", "properties": {"building": "yes", "source": "osm"}, "geometry": {"type": "MultiPolygon", "coordinates": [[[[116.4430511, 39.8960964], [116.443569, 39.8960884], [116.4435702, 39.8961334], [116.4437635, 39.8961304], [116.4437677, 39.8962924], [116.4435664, 39.8962955], [116.4435649, 39.8962372], [116.4430551, 39.8962451], [116.4430511, 39.8960964]]]]}}, {"type": "Feature", "properties": {"building": "yes", "source": "osm"}, "geometry": {"type": "MultiPolygon", "coordinates": [[[[116.4421628, 39.896354], [116.4423731, 39.8963532], [116.4423762, 39.896802], [116.4436115, 39.896797], [116.4436094, 39.8964882], [116.4438182, 39.8964873], [116.4438211, 39.8969241], [116.4421666, 39.8969305], [116.4421628, 39.896354]]]]}}, {"type": "Feature", "properties": {"building": "yes", "source": "osm"}, "geometry": {"type": "MultiPolygon", "coordinates": [[[[116.4392731, 39.8969502], [116.4396997, 39.8969405], [116.4397042, 39.8970562], [116.4392775, 39.8970658], [116.4392731, 39.8969502]]]]}}, {"type": "Feature", "properties": {"building": "yes", "source": "osm"}, "geometry": {"type": "MultiPolygon", "coordinates": [[[[116.4381967, 39.8973113], [116.4383104, 39.8973104], [116.4383068, 39.8970529], [116.4385497, 39.8970508], [116.4385547, 39.8973999], [116.438198, 39.8974029], [116.4381967, 39.8973113]]]]}}, {"type": "Feature", "properties": {"building": "yes", "source": "osm"}, "geometry": {"type": "MultiPolygon", "coordinates": [[[[116.4389389, 39.8991234], [116.4390571, 39.8987606], [116.4392936, 39.8987606], [116.439394, 39.8991234], [116.4389389, 39.8991234]]]]}}, {"type": "Feature", "properties": {"building": "yes", "source": "osm"}, "geometry": {"type": "MultiPolygon", "coordinates": [[[[116.4461386, 39.8971639], [116.446895, 39.8971543], [116.4469044, 39.8975921], [116.446148, 39.8976016], [116.4461386, 39.8971639]], [[116.4463807, 39.8972425], [116.4463886, 39.8975218], [116.4467753, 39.8975154], [116.4467675, 39.8972361], [116.4463807, 39.8972425]]]]}}, {"type": "Feature", "properties": {"building": "yes", "source": "osm"}, "geometry": {"type": "MultiPolygon", "coordinates": [[[[116.4472478, 39.8975517], [116.4472512, 39.897294], [116.447401, 39.8972952], [116.4473977, 39.8975529], [116.4472478, 39.8975517]]]]}}, {"type": "Feature", "properties": {"building": "yes", "source": "osm"}, "geometry": {"type": "MultiPolygon", "coordinates": [[[[116.4475683, 39.8978485], [116.4479277, 39.8978464], [116.4479292, 39.8979925], [116.4475697, 39.8979946], [116.4475683, 39.8978485]]]]}}, {"type": "Feature", "properties": {"building": "apartments", "source": "osm"}, "geometry": {"type": "MultiPolygon", "coordinates": [[[[116.4463479, 39.889878], [116.4463842, 39.8895788], [116.4466797, 39.8895795], [116.4467443, 39.8898732], [116.4463479, 39.889878]]]]}}, {"type": "Feature", "properties": {"building": "apartments", "source": "osm"}, "geometry": {"type": "MultiPolygon", "coordinates": [[[[116.4470643, 39.8898647], [116.4471005, 39.8895655], [116.4473961, 39.8895662], [116.4474607, 39.8898599], [116.4470643, 39.8898647]]]]}}, {"type": "Feature", "properties": {"building": "yes", "source": "osm"}, "geometry": {"type": "MultiPolygon", "coordinates": [[[[116.4497865, 39.8905643], [116.4501841, 39.8905611], [116.4501879, 39.8908371], [116.4497903, 39.8908403], [116.4497865, 39.8905643]]]]}}, {"type": "Feature", "properties": {"building": "yes", "source": "osm"}, "geometry": {"type": "MultiPolygon", "coordinates": [[[[116.4503806, 39.8904536], [116.4505322, 39.8904527], [116.4505354, 39.8907599], [116.4503837, 39.8907608], [116.4503806, 39.8904536]]]]}}, {"type": "Feature", "properties": {"building": "yes", "source": "osm"}, "geometry": {"type": "MultiPolygon", "coordinates": [[[[116.4484178, 39.8900706], [116.4492171, 39.8900658], [116.4492186, 39.8902114], [116.4484193, 39.8902163], [116.4484178, 39.8900706]]]]}}, {"type": "Feature", "properties": {"building": "yes", "source": "osm"}, "geometry": {"type": "MultiPolygon", "coordinates": [[[[116.4492161, 39.8893992], [116.4494245, 39.8893967], [116.4494366, 39.8899979], [116.4492284, 39.8900004], [116.4492168, 39.8894339], [116.4492161, 39.8893992]]]]}}, {"type": "Feature", "properties": {"building": "yes", "source": "osm"}, "geometry": {"type": "MultiPolygon", "coordinates": [[[[116.4484487, 39.8891773], [116.4492123, 39.8891754], [116.4492161, 39.8893992], [116.4492168, 39.8894339], [116.4491297, 39.8894342], [116.4491291, 39.8892813], [116.4486102, 39.8892825], [116.4486109, 39.8894529], [116.4484499, 39.8894533], [116.4484487, 39.8891773]]]]}}, {"type": "Feature", "properties": {"building": "yes", "source": "osm"}, "geometry": {"type": "MultiPolygon", "coordinates": [[[[116.4481162, 39.8888458], [116.4482458, 39.8888446], [116.4482474, 39.8889491], [116.4481178, 39.8889503], [116.4481162, 39.8888458]]]]}}, {"type": "Feature", "properties": {"building": "yes", "source": "osm"}, "geometry": {"type": "MultiPolygon", "coordinates": [[[[116.4466282, 39.889318], [116.446629, 39.8892055], [116.4471725, 39.8892078], [116.4471717, 39.8893202], [116.4466282, 39.889318]]]]}}, {"type": "Feature", "properties": {"building": "yes", "source": "osm"}, "geometry": {"type": "MultiPolygon", "coordinates": [[[[116.441867, 39.8889382], [116.4418696, 39.8887536], [116.442226, 39.8887565], [116.4422235, 39.888941], [116.441867, 39.8889382]]]]}}, {"type": "Feature", "properties": {"building": "yes", "source": "osm"}, "geometry": {"type": "MultiPolygon", "coordinates": [[[[116.4422681, 39.8887635], [116.442442, 39.8887631], [116.4424427, 39.8889215], [116.4422688, 39.8889219], [116.4422681, 39.8887635]]]]}}, {"type": "Feature", "properties": {"building": "yes", "source": "osm"}, "geometry": {"type": "MultiPolygon", "coordinates": [[[[116.4425085, 39.8887645], [116.4435708, 39.888764], [116.4435709, 39.8889755], [116.4425086, 39.8889759], [116.4425085, 39.8887645]]]]}}, {"type": "Feature", "properties": {"building": "yes", "source": "osm"}, "geometry": {"type": "MultiPolygon", "coordinates": [[[[116.4436846, 39.8889352], [116.4436848, 39.8887668], [116.4442941, 39.8887673], [116.4442939, 39.8889356], [116.4436846, 39.8889352]]]]}}, {"type": "Feature", "properties": {"building": "yes", "source": "osm"}, "geometry": {"type": "MultiPolygon", "coordinates": [[[[116.4418097, 39.887531], [116.442495, 39.8875287], [116.4424961, 39.8877233], [116.4420629, 39.8877248], [116.4420662, 39.8883238], [116.4418142, 39.8883246], [116.4418097, 39.887531]]]]}}, {"type": "Feature", "properties": {"building": "yes", "source": "osm"}, "geometry": {"type": "MultiPolygon", "coordinates": [[[[116.4436467, 39.8875355], [116.444332, 39.8875332], [116.4443365, 39.8883267], [116.4440844, 39.8883276], [116.444081, 39.8877286], [116.4436478, 39.88773], [116.4436467, 39.8875355]]]]}}, {"type": "Feature", "properties": {"building": "yes", "source": "osm"}, "geometry": {"type": "MultiPolygon", "coordinates": [[[[116.4418981, 39.8865472], [116.4424794, 39.8865422], [116.4424821, 39.8867269], [116.4419009, 39.886732], [116.4418981, 39.8865472]]]]}}, {"type": "Feature", "properties": {"building": "yes", "source": "osm"}, "geometry": {"type": "MultiPolygon", "coordinates": [[[[116.4436871, 39.8865199], [116.4442684, 39.8865149], [116.4442711, 39.8866996], [116.4436899, 39.8867047], [116.4436871, 39.8865199]]]]}}, {"type": "Feature", "properties": {"building": "yes", "source": "osm"}, "geometry": {"type": "MultiPolygon", "coordinates": [[[[116.4426115, 39.8867995], [116.4435527, 39.886793], [116.443555, 39.8869905], [116.4426138, 39.8869968], [116.4426115, 39.8867995]]]]}}, {"type": "Feature", "properties": {"building": "yes", "source": "osm"}, "geometry": {"type": "MultiPolygon", "coordinates": [[[[116.442633, 39.8864794], [116.4435742, 39.8864729], [116.4435765, 39.8866704], [116.4426353, 39.8866768], [116.442633, 39.8864794]]]]}}, {"type": "Feature", "properties": {"building": "yes", "source": "osm"}, "geometry": {"type": "MultiPolygon", "coordinates": [[[[116.4419382, 39.8868694], [116.4421608, 39.8868691], [116.4421618, 39.887257], [116.441939, 39.8872573], [116.4419382, 39.8868694]]]]}}, {"type": "Feature", "properties": {"building": "yes", "source": "osm"}, "geometry": {"type": "MultiPolygon", "coordinates": [[[[116.4440953, 39.8868235], [116.444318, 39.8868232], [116.4443189, 39.8872111], [116.4440962, 39.8872114], [116.4440953, 39.8868235]]]]}}, {"type": "Feature", "properties": {"building": "yes", "source": "osm"}, "geometry": {"type": "MultiPolygon", "coordinates": [[[[116.4425182, 39.8880617], [116.4436508, 39.8880416], [116.4436568, 39.8882417], [116.4425243, 39.8882616], [116.4425182, 39.8880617]]]]}}, {"type": "Feature", "properties": {"building": "yes", "source": "osm"}, "geometry": {"type": "MultiPolygon", "coordinates": [[[[116.4432513, 39.8903834], [116.443871, 39.8903791], [116.4438727, 39.8905248], [116.443253, 39.890529], [116.4432513, 39.8903834]]]]}}, {"type": "Feature", "properties": {"building": "yes", "source": "osm"}, "geometry": {"type": "MultiPolygon", "coordinates": [[[[116.4408733, 39.8893881], [116.4408737, 39.8890514], [116.4414647, 39.8890519], [116.4414646, 39.8891249], [116.4409905, 39.8891245], [116.4409902, 39.8893041], [116.4414961, 39.8893045], [116.441496, 39.8893886], [116.4408733, 39.8893881]]]]}}, {"type": "Feature", "properties": {"building": "yes", "source": "osm"}, "geometry": {"type": "MultiPolygon", "coordinates": [[[[116.4398241, 39.8883823], [116.4398244, 39.8882493], [116.4409, 39.888251], [116.4408997, 39.8883838], [116.4398241, 39.8883823]]]]}}, {"type": "Feature", "properties": {"building": "residential", "source": "osm"}, "geometry": {"type": "MultiPolygon", "coordinates": [[[[116.4774658, 39.8997818], [116.4774973, 39.8997818], [116.4774973, 39.8997724], [116.4775607, 39.8997724], [116.4775607, 39.8997441], [116.4775893, 39.8997441], [116.4775893, 39.8997345], [116.4776903, 39.8997345], [116.4776903, 39.8997475], [116.4777075, 39.8997475], [116.4777075, 39.8997724], [116.4778138, 39.8997723], [116.4778137, 39.899743], [116.4778395, 39.8997429], [116.4778394, 39.8997362], [116.4779403, 39.899736], [116.4779403, 39.899747], [116.4779606, 39.8997469], [116.4779607, 39.8997661], [116.4780298, 39.8997659], [116.4780379, 39.8997798], [116.4780637, 39.8997798], [116.4780637, 39.899889], [116.4774658, 39.8998889], [116.4774658, 39.8997818]]]]}}, {"type": "Feature", "properties": {"building": "residential", "source": "osm"}, "geometry": {"type": "MultiPolygon", "coordinates": [[[[116.4787623, 39.8997716], [116.4787938, 39.8997716], [116.4787938, 39.8997621], [116.4788572, 39.8997621], [116.4788572, 39.8997338], [116.4788858, 39.8997338], [116.4788858, 39.8997243], [116.4789868, 39.8997242], [116.4789868, 39.8997373], [116.479004, 39.8997373], [116.479004, 39.8997621], [116.4791103, 39.899762], [116.4791102, 39.8997327], [116.479136, 39.8997327], [116.4791359, 39.899726], [116.4792367, 39.8997258], [116.4792368, 39.8997367], [116.4792571, 39.8997367], [116.4792572, 39.8997558], [116.4793263, 39.8997556], [116.4793344, 39.8997696], [116.4793602, 39.8997696], [116.4793602, 39.8998788], [116.4787623, 39.8998786], [116.4787623, 39.8997716]]]]}}, {"type": "Feature", "properties": {"building": "residential", "source": "osm"}, "geometry": {"type": "MultiPolygon", "coordinates": [[[[116.4793688, 39.9001923], [116.4794003, 39.9001923], [116.4794003, 39.9001828], [116.4794637, 39.9001828], [116.4794637, 39.9001545], [116.4794922, 39.9001545], [116.4794922, 39.900145], [116.4795933, 39.9001449], [116.4795933, 39.900158], [116.4796104, 39.9001579], [116.4796105, 39.9001828], [116.4797167, 39.9001827], [116.4797167, 39.9001534], [116.4797424, 39.9001534], [116.4797424, 39.9001467], [116.4798432, 39.9001464], [116.4798433, 39.9001574], [116.4798636, 39.9001574], [116.4798637, 39.9001765], [116.4799328, 39.9001763], [116.4799409, 39.9001903], [116.4799667, 39.9001903], [116.4799667, 39.9002994], [116.4793688, 39.9002993], [116.4793688, 39.9001923]]]]}}, {"type": "Feature", "properties": {"building": "residential", "source": "osm"}, "geometry": {"type": "MultiPolygon", "coordinates": [[[[116.4747377, 39.9000017], [116.4747692, 39.9000017], [116.4747692, 39.8999922], [116.4748326, 39.8999922], [116.4748326, 39.899964], [116.4748611, 39.899964], [116.4748611, 39.8999544], [116.4749622, 39.8999544], [116.4749622, 39.8999674], [116.4749793, 39.8999674], [116.4749794, 39.8999922], [116.4750856, 39.8999921], [116.4750856, 39.8999628], [116.4751113, 39.8999628], [116.4751113, 39.8999561], [116.4752121, 39.8999559], [116.4752122, 39.8999669], [116.4752325, 39.8999668], [116.4752326, 39.899986], [116.4753017, 39.8999858], [116.4753098, 39.8999997], [116.4753356, 39.8999997], [116.4753356, 39.9001089], [116.4747377, 39.9001088], [116.4747377, 39.9000017]]]]}}, {"type": "Feature", "properties": {"building": "residential", "source": "osm"}, "geometry": {"type": "MultiPolygon", "coordinates": [[[[116.4752995, 39.9003104], [116.475331, 39.9003104], [116.475331, 39.9003009], [116.4753943, 39.9003009], [116.4753943, 39.9002726], [116.4754229, 39.9002726], [116.4754229, 39.9002631], [116.475524, 39.900263], [116.475524, 39.9002761], [116.4755411, 39.9002761], [116.4755412, 39.9003009], [116.4756474, 39.9003008], [116.4756474, 39.9002715], [116.4756731, 39.9002715], [116.4756731, 39.9002648], [116.4757739, 39.9002646], [116.4757739, 39.9002755], [116.4757942, 39.9002755], [116.4757943, 39.9002946], [116.4758634, 39.9002944], [116.4758716, 39.9003084], [116.4758974, 39.9003084], [116.4758973, 39.9004175], [116.4752995, 39.9004174], [116.4752995, 39.9003104]]]]}}, {"type": "Feature", "properties": {"building": "residential", "source": "osm"}, "geometry": {"type": "MultiPolygon", "coordinates": [[[[116.4724988, 39.9000159], [116.4724989, 39.8999088], [116.4725304, 39.8999088], [116.4725304, 39.8998993], [116.4725937, 39.8998994], [116.4725937, 39.8998711], [116.4726223, 39.8998711], [116.4726223, 39.8998615], [116.4727233, 39.8998615], [116.4727234, 39.8998745], [116.4727405, 39.8998745], [116.4727405, 39.8998994], [116.4728468, 39.8998993], [116.4728467, 39.89987], [116.4728725, 39.8998699], [116.4728725, 39.8998632], [116.4729733, 39.899863], [116.4729733, 39.899874], [116.4729936, 39.8998739], [116.4729937, 39.8998931], [116.4730628, 39.8998929], [116.473071, 39.8999068], [116.4730968, 39.8999068], [116.4730967, 39.900016], [116.4724988, 39.9000159]]]]}}, {"type": "Feature", "properties": {"building": "residential", "source": "osm"}, "geometry": {"type": "MultiPolygon", "coordinates": [[[[116.4738072, 39.8999388], [116.4738073, 39.8998318], [116.4738388, 39.8998318], [116.4738388, 39.8998223], [116.4739021, 39.8998223], [116.4739021, 39.899794], [116.4739307, 39.899794], [116.4739307, 39.8997845], [116.4740317, 39.8997844], [116.4740317, 39.8997975], [116.4740489, 39.8997974], [116.4740489, 39.8998223], [116.4741552, 39.8998222], [116.4741551, 39.8997929], [116.4741809, 39.8997929], [116.4741809, 39.8997862], [116.4742817, 39.8997859], [116.4742817, 39.8997969], [116.474302, 39.8997969], [116.4743021, 39.899816], [116.4743712, 39.8998158], [116.4743793, 39.8998298], [116.4744052, 39.8998298], [116.4744051, 39.8999389], [116.4738072, 39.8999388]]]]}}, {"type": "Feature", "properties": {"building": "residential", "source": "osm"}, "geometry": {"type": "MultiPolygon", "coordinates": [[[[116.4730925, 39.8995677], [116.4730934, 39.8994483], [116.4731427, 39.8994485], [116.473143, 39.8994169], [116.4732287, 39.8994172], [116.4732285, 39.8994468], [116.4733287, 39.8994472], [116.4733289, 39.8994238], [116.4733984, 39.8994241], [116.4733981, 39.8994588], [116.473504, 39.8994592], [116.4735043, 39.8994195], [116.4735756, 39.8994198], [116.4735754, 39.899439], [116.4736742, 39.8994394], [116.4736743, 39.8994213], [116.4737499, 39.8994216], [116.4737496, 39.8994526], [116.4738064, 39.8994529], [116.4738054, 39.899571], [116.4730925, 39.8995677]]]]}}, {"type": "Feature", "properties": {"building": "residential", "source": "osm"}, "geometry": {"type": "MultiPolygon", "coordinates": [[[[116.4780547, 39.9004153], [116.4780556, 39.9002958], [116.478105, 39.900296], [116.4781052, 39.9002644], [116.478191, 39.9002648], [116.4781908, 39.9002943], [116.4782909, 39.9002948], [116.4782911, 39.9002713], [116.4783606, 39.9002716], [116.4783604, 39.9003063], [116.4784663, 39.9003068], [116.4784666, 39.900267], [116.4785378, 39.9002673], [116.4785377, 39.9002865], [116.4786364, 39.900287], [116.4786366, 39.9002688], [116.4787121, 39.9002691], [116.4787119, 39.9003001], [116.4787686, 39.9003004], [116.4787677, 39.9004185], [116.4780547, 39.9004153]]]]}}, {"type": "Feature", "properties": {"building": "residential", "source": "osm"}, "geometry": {"type": "MultiPolygon", "coordinates": [[[[116.4769013, 39.9001223], [116.4769328, 39.9001223], [116.4769328, 39.9001128], [116.4769962, 39.9001128], [116.4769962, 39.9000845], [116.4770247, 39.9000845], [116.4770247, 39.900075], [116.4771258, 39.9000749], [116.4771258, 39.900088], [116.4771429, 39.900088], [116.477143, 39.9001128], [116.4772492, 39.9001127], [116.4772492, 39.9000834], [116.4772749, 39.9000834], [116.4772749, 39.9000767], [116.4773757, 39.9000764], [116.4773758, 39.9000874], [116.4773961, 39.9000874], [116.4773962, 39.9001065], [116.4774653, 39.9001063], [116.4774734, 39.9001203], [116.4774992, 39.9001203], [116.4774992, 39.9002294], [116.4769013, 39.9002293], [116.4769013, 39.9001223]]]]}}, {"type": "Feature", "properties": {"building": "yes", "source": "osm"}, "geometry": {"type": "MultiPolygon", "coordinates": [[[[116.4768984, 39.899871], [116.4769043, 39.8996663], [116.4773688, 39.8996742], [116.4773675, 39.8997184], [116.4774567, 39.8997199], [116.4774552, 39.8997725], [116.4772402, 39.8997689], [116.4772371, 39.8998768], [116.4768984, 39.899871]]]]}}, {"type": "Feature", "properties": {"building": "yes", "source": "osm"}, "geometry": {"type": "MultiPolygon", "coordinates": [[[[116.4781315, 39.8998775], [116.4781323, 39.8997232], [116.478708, 39.899725], [116.4787071, 39.8998792], [116.4781315, 39.8998775]]]]}}, {"type": "Feature", "properties": {"building": "yes", "source": "osm"}, "geometry": {"type": "MultiPolygon", "coordinates": [[[[116.4793654, 39.899755], [116.4799018, 39.8997544], [116.4799022, 39.8999651], [116.4793658, 39.8999656], [116.4793654, 39.899755]]]]}}, {"type": "Feature", "properties": {"building": "yes", "source": "osm"}, "geometry": {"type": "MultiPolygon", "coordinates": [[[[116.4352406, 39.8828365], [116.4352466, 39.8827098], [116.4360032, 39.882731], [116.4359972, 39.8828576], [116.4352406, 39.8828365]]]]}}, {"type": "Feature", "properties": {"building": "yes", "source": "osm"}, "geometry": {"type": "MultiPolygon", "coordinates": [[[[116.4350634, 39.8819186], [116.4350839, 39.8817392], [116.4352586, 39.881751], [116.4352561, 39.8817737], [116.4355179, 39.8817911], [116.4355206, 39.8817672], [116.4356056, 39.8817728], [116.4356037, 39.8817898], [116.4356925, 39.8817955], [116.4356942, 39.8817803], [116.4357601, 39.8817844], [116.4357567, 39.8818162], [116.436043, 39.8818338], [116.4360946, 39.88134], [116.4362684, 39.8813507], [116.436245, 39.8815741], [116.436201, 39.8815714], [116.436186, 39.8817144], [116.4362177, 39.8817164], [116.4362036, 39.8818507], [116.4374938, 39.8819305], [116.4374783, 39.8820783], [116.4365778, 39.8820224], [116.4365742, 39.8820562], [116.4360964, 39.8820262], [116.4360994, 39.8819982], [116.4360486, 39.8819949], [116.4360506, 39.8819768], [116.4357602, 39.8819578], [116.4357584, 39.8819738], [116.4355105, 39.8819573], [116.4355137, 39.881929], [116.4352345, 39.8819102], [116.4352322, 39.8819299], [116.4350634, 39.8819186]]]]}}, {"type": "Feature", "properties": {"building": "yes", "source": "osm"}, "geometry": {"type": "MultiPolygon", "coordinates": [[[[116.4351505, 39.8812219], [116.4351713, 39.881032], [116.4353312, 39.8810423], [116.4353272, 39.8810785], [116.4356317, 39.8810981], [116.4356332, 39.881085], [116.4358138, 39.8810968], [116.4358119, 39.8811131], [116.4360701, 39.8811303], [116.4360725, 39.8811092], [116.4362434, 39.8811207], [116.4362254, 39.8812791], [116.4358127, 39.8812513], [116.4358105, 39.8812712], [116.4355943, 39.8812568], [116.435597, 39.881233], [116.4353498, 39.8812168], [116.4353478, 39.8812346], [116.4351505, 39.8812219]]]]}}, {"type": "Feature", "properties": {"building": "yes", "source": "osm"}, "geometry": {"type": "MultiPolygon", "coordinates": [[[[116.4365336, 39.8813142], [116.4365516, 39.8811408], [116.4367299, 39.8811518], [116.4367268, 39.8811814], [116.4370187, 39.8811993], [116.4370205, 39.881182], [116.4372022, 39.8811932], [116.4372005, 39.8812095], [116.4374423, 39.8812245], [116.4374448, 39.881201], [116.4376353, 39.8812129], [116.4376158, 39.8813974], [116.4374222, 39.8813854], [116.4374247, 39.8813612], [116.4371886, 39.8813465], [116.4371864, 39.8813679], [116.4369828, 39.8813554], [116.4369858, 39.8813259], [116.4367217, 39.8813097], [116.43672, 39.8813256], [116.4365336, 39.8813142]]]]}}, {"type": "Feature", "properties": {"building": "yes", "source": "osm"}, "geometry": {"type": "MultiPolygon", "coordinates": [[[[116.4366834, 39.8810497], [116.4366968, 39.8809423], [116.43744, 39.8809974], [116.4374265, 39.8811046], [116.4366834, 39.8810497]]]]}}, {"type": "Feature", "properties": {"building": "yes", "source": "osm"}, "geometry": {"type": "MultiPolygon", "coordinates": [[[[116.4376136, 39.8810652], [116.4376275, 39.8809794], [116.437998, 39.8810148], [116.4379841, 39.8811006], [116.4376136, 39.8810652]]]]}}, {"type": "Feature", "properties": {"building": "yes", "source": "osm"}, "geometry": {"type": "MultiPolygon", "coordinates": [[[[116.4369438, 39.8808377], [116.4369505, 39.8807274], [116.4374887, 39.8807465], [116.437482, 39.8808569], [116.4369438, 39.8808377]]]]}}, {"type": "Feature", "properties": {"building": "yes", "source": "osm"}, "geometry": {"type": "MultiPolygon", "coordinates": [[[[116.4376402, 39.8808303], [116.4376507, 39.880746], [116.4380248, 39.8807734], [116.4380143, 39.8808578], [116.4376402, 39.8808303]]]]}}, {"type": "Feature", "properties": {"building": "yes", "source": "osm"}, "geometry": {"type": "MultiPolygon", "coordinates": [[[[116.4353377, 39.8807734], [116.435357, 39.8806051], [116.4362798, 39.8806671], [116.4362605, 39.8808355], [116.4353377, 39.8807734]]]]}}, {"type": "Feature", "properties": {"building": "yes", "source": "osm"}, "geometry": {"type": "MultiPolygon", "coordinates": [[[[116.4350957, 39.8804233], [116.4351084, 39.8803189], [116.4362501, 39.8804008], [116.4362375, 39.880505], [116.4350957, 39.8804233]]]]}}, {"type": "Feature", "properties": {"building": "yes", "source": "osm"}, "geometry": {"type": "MultiPolygon", "coordinates": [[[[116.4366865, 39.8805121], [116.4366914, 39.8804198], [116.4379749, 39.8804599], [116.43797, 39.8805521], [116.4366865, 39.8805121]]]]}}, {"type": "Feature", "properties": {"building": "yes", "source": "osm"}, "geometry": {"type": "MultiPolygon", "coordinates": [[[[116.4357859, 39.8799419], [116.435794, 39.879797], [116.4364548, 39.8798188], [116.4364467, 39.8799636], [116.4357859, 39.8799419]]]]}}, {"type": "Feature", "properties": {"building": "hotel", "name": "北京准噶尔明珠酒店", "source": "osm"}, "geometry": {"type": "MultiPolygon", "coordinates": [[[[116.4364843, 39.8799693], [116.4364899, 39.8798242], [116.4372116, 39.8798407], [116.437206, 39.8799859], [116.4364843, 39.8799693]]]]}}, {"type": "Feature", "properties": {"building": "yes", "source": "osm"}, "geometry": {"type": "MultiPolygon", "coordinates": [[[[116.4365947, 39.8797302], [116.4366044, 39.8795459], [116.4371346, 39.8795625], [116.4371249, 39.8797449], [116.4370065, 39.8797412], [116.4370107, 39.879661], [116.4366675, 39.8796502], [116.4366653, 39.8796914], [116.4367085, 39.8796928], [116.4367063, 39.8797337], [116.4365947, 39.8797302]]]]}}, {"type": "Feature", "properties": {"building": "yes", "source": "osm"}, "geometry": {"type": "MultiPolygon", "coordinates": [[[[116.4377851, 39.8800523], [116.4377863, 39.8799932], [116.4379524, 39.8799952], [116.4379511, 39.8800543], [116.4377851, 39.8800523]]]]}}, {"type": "Feature", "properties": {"building": "yes", "source": "osm"}, "geometry": {"type": "MultiPolygon", "coordinates": [[[[116.4380114, 39.88006], [116.4380158, 39.8800021], [116.4381843, 39.8800096], [116.4381799, 39.8800674], [116.4380114, 39.88006]]]]}}, {"type": "Feature", "properties": {"building": "yes", "source": "osm"}, "geometry": {"type": "MultiPolygon", "coordinates": [[[[116.4378329, 39.8799286], [116.4378813, 39.8794257], [116.4379698, 39.8794307], [116.4379215, 39.8799336], [116.4378329, 39.8799286]]]]}}, {"type": "Feature", "properties": {"building": "yes", "source": "osm"}, "geometry": {"type": "MultiPolygon", "coordinates": [[[[116.4382047, 39.8800289], [116.438242, 39.8797066], [116.4383377, 39.8797131], [116.4383003, 39.8800354], [116.4382047, 39.8800289]]]]}}, {"type": "Feature", "properties": {"building": "commercial", "source": "osm"}, "geometry": {"type": "MultiPolygon", "coordinates": [[[[116.4429936, 39.8745717], [116.4433443, 39.8745712], [116.4436965, 39.8745707], [116.4440452, 39.8745702], [116.4440456, 39.8747257], [116.442994, 39.8747272], [116.4429936, 39.8745717]]]]}}]}