{"type": "FeatureCollection", "features": [{"type": "Feature", "properties": {"highway": "tertiary", "name": "东三环南路", "bridge": "", "tunnel": "", "layer": "", "source": "osm"}, "geometry": {"type": "LineString", "coordinates": [[116.4552619, 39.8766272], [116.4552871, 39.8773168], [116.4552943, 39.8775126], [116.455278, 39.8778545], [116.4552978, 39.8782924], [116.4553263, 39.8789252], [116.4553345, 39.879107], [116.4553467, 39.8798191]]}}, {"type": "Feature", "properties": {"highway": "primary", "name": "广渠门桥", "bridge": "yes", "tunnel": "", "layer": "3", "source": "osm"}, "geometry": {"type": "LineString", "coordinates": [[116.4388312, 39.892357], [116.4383495, 39.8923652], [116.4371022, 39.8923865], [116.4365527, 39.8923974], [116.4351893, 39.8923909]]}}, {"type": "Feature", "properties": {"highway": "primary", "name": "南磨房路", "bridge": "", "tunnel": "", "layer": "", "source": "osm"}, "geometry": {"type": "LineString", "coordinates": [[116.4760529, 39.883036], [116.4770964, 39.8829964], [116.4787691, 39.8829903], [116.480255, 39.8829938], [116.4811124, 39.882824], [116.4815997, 39.8826693], [116.4818155, 39.8825914]]}}, {"type": "Feature", "properties": {"highway": "tertiary", "name": "武圣路", "bridge": "", "tunnel": "", "layer": "", "source": "osm"}, "geometry": {"type": "LineString", "coordinates": [[116.4616267, 39.870095], [116.4616268, 39.870165], [116.4616334, 39.8708053], [116.4616316, 39.8718215], [116.4616286, 39.8726647], [116.4616268, 39.8736164], [116.4616232, 39.8748302], [116.4616232, 39.8748837]]}}, {"type": "Feature", "properties": {"highway": "tertiary", "name": "弘善东路", "bridge": "", "tunnel": "", "layer": "", "source": "osm"}, "geometry": {"type": "LineString", "coordinates": [[116.4496989, 39.8655981], [116.4497516, 39.8676659], [116.4497949, 39.8690246], [116.4497931, 39.8700493]]}}, {"type": "Feature", "properties": {"highway": "tertiary", "name": "劲松南路", "bridge": "", "tunnel": "", "layer": "", "source": "osm"}, "geometry": {"type": "LineString", "coordinates": [[116.4499888, 39.8802212], [116.4468486, 39.8802549], [116.4460332, 39.8802598], [116.4458702, 39.8802607], [116.4455724, 39.8802637], [116.4447458, 39.880267]]}}, {"type": "Feature", "properties": {"highway": "tertiary", "name": "东三环南路", "bridge": "", "tunnel": "", "layer": "", "source": "osm"}, "geometry": {"type": "LineString", "coordinates": [[116.4546131, 39.8699746], [116.4545802, 39.8681414], [116.4545791, 39.8680436], [116.4544466, 39.8673698], [116.4543821, 39.8672263]]}}, {"type": "Feature", "properties": {"highway": "primary", "name": "华威南路", "bridge": "", "tunnel": "", "layer": "", "source": "osm"}, "geometry": {"type": "LineString", "coordinates": [[116.4528339, 39.8701142], [116.4516728, 39.8701214], [116.4516053, 39.8701218], [116.4513767, 39.8701177], [116.4497949, 39.8701331], [116.4470154, 39.8701321], [116.4446856, 39.8701301]]}}, {"type": "Feature", "properties": {"highway": "tertiary", "name": "松榆北路", "bridge": "", "tunnel": "", "layer": "", "source": "osm"}, "geometry": {"type": "LineString", "coordinates": [[116.4615588, 39.87483], [116.4616232, 39.8748302], [116.4622023, 39.874828], [116.4646992, 39.8748186], [116.4660852, 39.8748122], [116.4663169, 39.8748111], [116.469606, 39.8747961], [116.4711296, 39.8747891], [116.471279, 39.874789]]}}, {"type": "Feature", "properties": {"highway": "residential", "name": "八棵杨中街", "bridge": "", "tunnel": "", "layer": "", "source": "osm"}, "geometry": {"type": "LineString", "coordinates": [[116.4554574, 39.8875504], [116.4565758, 39.887519], [116.456708, 39.8874266], [116.4589036, 39.8874217], [116.461458, 39.8873778]]}}, {"type": "Feature", "properties": {"highway": "residential", "name": "", "bridge": "", "tunnel": "", "layer": "", "source": "osm"}, "geometry": {"type": "LineString", "coordinates": [[116.4588412, 39.8902463], [116.4571731, 39.8901762], [116.4566886, 39.8901558], [116.4566988, 39.8890109], [116.456708, 39.8874266], [116.4566298, 39.8846288]]}}, {"type": "Feature", "properties": {"highway": "residential", "name": "八棵杨北街", "bridge": "", "tunnel": "", "layer": "", "source": "osm"}, "geometry": {"type": "LineString", "coordinates": [[116.4606747, 39.8902241], [116.4619916, 39.8902161], [116.4628034, 39.8902111], [116.4631703, 39.8902169], [116.4634359, 39.8902169], [116.463832, 39.890217], [116.4638919, 39.8902173], [116.46646, 39.8902319]]}}, {"type": "Feature", "properties": {"highway": "residential", "name": "", "bridge": "", "tunnel": "", "layer": "", "source": "osm"}, "geometry": {"type": "LineString", "coordinates": [[116.4551428, 39.8975671], [116.4537079, 39.8975915], [116.4521304, 39.8976057], [116.4497307, 39.8976438], [116.447057, 39.8976793], [116.4441378, 39.8977055]]}}, {"type": "Feature", "properties": {"highway": "primary", "name": "双龙路", "bridge": "yes", "tunnel": "", "layer": "1", "source": "osm"}, "geometry": {"type": "LineString", "coordinates": [[116.4780514, 39.8699234], [116.4816132, 39.8698933]]}}, {"type": "Feature", "properties": {"highway": "tertiary", "name": "垂杨柳南街", "bridge": "", "tunnel": "", "layer": "", "source": "osm"}, "geometry": {"type": "LineString", "coordinates": [[116.4446626, 39.8870288], [116.4448192, 39.886812], [116.4449161, 39.8867918], [116.4456991, 39.8867749], [116.4469692, 39.8865545], [116.4478869, 39.8863952], [116.4495469, 39.8864002], [116.4495905, 39.8863971], [116.4501308, 39.8864118], [116.4523926, 39.8864524], [116.4547455, 39.8864559], [116.4548831, 39.8864561]]}}, {"type": "Feature", "properties": {"highway": "tertiary", "name": "东三环中路", "bridge": "", "tunnel": "", "layer": "", "source": "osm"}, "geometry": {"type": "LineString", "coordinates": [[116.4552088, 39.9017641], [116.4552027, 39.9006939], [116.4554025, 39.900329]]}}, {"type": "Feature", "properties": {"highway": "unclassified", "name": "", "bridge": "", "tunnel": "", "layer": "", "source": "osm"}, "geometry": {"type": "LineString", "coordinates": [[116.4521889, 39.8991215], [116.4521304, 39.8976057]]}}, {"type": "Feature", "properties": {"highway": "unclassified", "name": "天力街", "bridge": "", "tunnel": "", "layer": "", "source": "osm"}, "geometry": {"type": "LineString", "coordinates": [[116.4550754, 39.8959153], [116.4540199, 39.8959286], [116.4521035, 39.8959584], [116.4497941, 39.8959587], [116.449654, 39.8959612], [116.448142, 39.895978], [116.4469854, 39.8960314], [116.4441596, 39.8960306]]}}, {"type": "Feature", "properties": {"highway": "unclassified", "name": "", "bridge": "", "tunnel": "", "layer": "", "source": "osm"}, "geometry": {"type": "LineString", "coordinates": [[116.4497812, 39.8992558], [116.4497307, 39.8976438]]}}, {"type": "Feature", "properties": {"highway": "primary", "name": "广渠门外大街", "bridge": "", "tunnel": "", "layer": "", "source": "osm"}, "geometry": {"type": "LineString", "coordinates": [[116.4416255, 39.8921942], [116.4428525, 39.8921696], [116.4442483, 39.8921416], [116.4466626, 39.8921211], [116.4474285, 39.8921146], [116.4494053, 39.8920979], [116.4496508, 39.8920958], [116.4520126, 39.8920671], [116.4547802, 39.892002], [116.4550308, 39.8919961]]}}, {"type": "Feature", "properties": {"highway": "tertiary", "name": "", "bridge": "", "tunnel": "", "layer": "", "source": "osm"}, "geometry": {"type": "LineString", "coordinates": [[116.4665868, 39.8958276], [116.4665436, 39.8945168], [116.466503, 39.8932847], [116.4664982, 39.8931392], [116.4665187, 39.8922738], [116.4665058, 39.892152], [116.4664958, 39.8920459], [116.4664737, 39.8918948]]}}, {"type": "Feature", "properties": {"highway": "primary", "name": "广渠路", "bridge": "", "tunnel": "", "layer": "", "source": "osm"}, "geometry": {"type": "LineString", "coordinates": [[116.4712465, 39.8920181], [116.4704271, 39.8920218], [116.4696141, 39.8920207], [116.4692793, 39.8920299], [116.4677619, 39.8920422], [116.4672976, 39.8920292], [116.4667526, 39.8920381], [116.4664958, 39.8920459], [116.4631328, 39.8920979], [116.4628538, 39.892102], [116.4615169, 39.8921028], [116.4608137, 39.8921049], [116.4607571, 39.8921056], [116.460659, 39.8921057], [116.4590557, 39.892127], [116.4572329, 39.89215], [116.4558073, 39.8921679], [116.4555996, 39.8921705]]}}, {"type": "Feature", "properties": {"highway": "primary", "name": "", "bridge": "", "tunnel": "", "layer": "", "source": "osm"}, "geometry": {"type": "LineString", "coordinates": [[116.4546131, 39.8699746], [116.4551113, 39.8699641]]}}, {"type": "Feature", "properties": {"highway": "tertiary", "name": "南新园中路", "bridge": "", "tunnel": "", "layer": "", "source": "osm"}, "geometry": {"type": "LineString", "coordinates": [[116.4616258, 39.8666494], [116.4616072, 39.8685737], [116.4615939, 39.8699572]]}}, {"type": "Feature", "properties": {"highway": "primary", "name": "西大望路", "bridge": "", "tunnel": "", "layer": "", "source": "osm"}, "geometry": {"type": "LineString", "coordinates": [[116.4713061, 39.885709], [116.4713122, 39.8860267], [116.4713283, 39.8862428], [116.4713544, 39.8871772], [116.4713568, 39.8872986], [116.4713618, 39.8875528], [116.4713739, 39.8882268], [116.4713605, 39.8884028], [116.4713672, 39.8890022], [116.4713822, 39.8896933], [116.4713856, 39.8898506], [116.47139, 39.8900533], [116.4714438, 39.8902081], [116.4714544, 39.8915607], [116.4714596, 39.891811]]}}, {"type": "Feature", "properties": {"highway": "secondary", "name": "南磨房路", "bridge": "", "tunnel": "", "layer": "", "source": "osm"}, "geometry": {"type": "LineString", "coordinates": [[116.4615906, 39.8831221], [116.4614067, 39.8831224], [116.4595575, 39.8831257], [116.4578471, 39.8831328], [116.4575358, 39.8831337], [116.4572019, 39.8831346], [116.4553979, 39.8831396]]}}, {"type": "Feature", "properties": {"highway": "primary", "name": "广渠门桥", "bridge": "yes", "tunnel": "", "layer": "3", "source": "osm"}, "geometry": {"type": "LineString", "coordinates": [[116.4372092, 39.8922613], [116.4383833, 39.8922356], [116.4388804, 39.8922306], [116.4404574, 39.8922121]]}}, {"type": "Feature", "properties": {"highway": "secondary", "name": "光明桥", "bridge": "yes", "tunnel": "", "layer": "1", "source": "osm"}, "geometry": {"type": "LineString", "coordinates": [[116.4418437, 39.8832873], [116.4400671, 39.8832509]]}}, {"type": "Feature", "properties": {"highway": "secondary", "name": "劲松路", "bridge": "", "tunnel": "", "layer": "", "source": "osm"}, "geometry": {"type": "LineString", "coordinates": [[116.45004, 39.8831967], [116.4478318, 39.8832233], [116.4470798, 39.883231], [116.4469701, 39.8832321], [116.444751, 39.8832549], [116.4438799, 39.8832643], [116.4434239, 39.8832693], [116.4431236, 39.8832726], [116.4430363, 39.8832735], [116.4418437, 39.8832873]]}}, {"type": "Feature", "properties": {"highway": "secondary", "name": "劲松路", "bridge": "", "tunnel": "", "layer": "", "source": "osm"}, "geometry": {"type": "LineString", "coordinates": [[116.4447675, 39.8831683], [116.4461161, 39.8831571], [116.4471361, 39.8831412], [116.44723, 39.8831412], [116.4476482, 39.8831334]]}}, {"type": "Feature", "properties": {"highway": "secondary", "name": "南磨房路", "bridge": "", "tunnel": "", "layer": "", "source": "osm"}, "geometry": {"type": "LineString", "coordinates": [[116.4615911, 39.883011], [116.4618246, 39.8830103], [116.4636073, 39.8830053], [116.463908, 39.8830044], [116.4651313, 39.8830101], [116.4652061, 39.8830103], [116.4686466, 39.8830189], [116.4694141, 39.8830208]]}}, {"type": "Feature", "properties": {"highway": "secondary", "name": "光明桥", "bridge": "yes", "tunnel": "", "layer": "1", "source": "osm"}, "geometry": {"type": "LineString", "coordinates": [[116.4395857, 39.8831234], [116.4398713, 39.8831332], [116.4400719, 39.883137]]}}, {"type": "Feature", "properties": {"highway": "tertiary", "name": "潘家园路", "bridge": "", "tunnel": "", "layer": "", "source": "osm"}, "geometry": {"type": "LineString", "coordinates": [[116.4447293, 39.8748632], [116.4464548, 39.8748688], [116.4469457, 39.8748749], [116.447645, 39.8748777], [116.4484708, 39.8748845], [116.4498384, 39.8748649]]}}, {"type": "Feature", "properties": {"highway": "tertiary", "name": "潘家园东路", "bridge": "", "tunnel": "", "layer": "", "source": "osm"}, "geometry": {"type": "LineString", "coordinates": [[116.4447293, 39.8748632], [116.4447369, 39.8773389], [116.4447248, 39.8785595], [116.4447458, 39.880267]]}}, {"type": "Feature", "properties": {"highway": "tertiary", "name": "广和东街", "bridge": "", "tunnel": "", "layer": "", "source": "osm"}, "geometry": {"type": "LineString", "coordinates": [[116.4447458, 39.880267], [116.4447516, 39.8818651], [116.4447668, 39.8830812], [116.4447675, 39.8831683]]}}, {"type": "Feature", "properties": {"highway": "trunk_link", "name": "", "bridge": "", "tunnel": "", "layer": "", "source": "osm"}, "geometry": {"type": "LineString", "coordinates": [[116.4395645, 39.880913], [116.4396055, 39.8811086], [116.439643, 39.8812413], [116.4399139, 39.881677], [116.4399918, 39.8818097], [116.4400062, 39.8818959], [116.4399907, 39.8820287], [116.4399102, 39.8826935], [116.4398928, 39.8828973]]}}, {"type": "Feature", "properties": {"highway": "trunk_link", "name": "", "bridge": "yes", "tunnel": "", "layer": "1", "source": "osm"}, "geometry": {"type": "LineString", "coordinates": [[116.4400671, 39.8832509], [116.4399934, 39.8832642], [116.4399069, 39.8833141], [116.4398445, 39.8833959], [116.4398251, 39.8834237], [116.4398164, 39.8834489], [116.4398107, 39.883481]]}}, {"type": "Feature", "properties": {"highway": "primary", "name": "", "bridge": "", "tunnel": "", "layer": "", "source": "osm"}, "geometry": {"type": "LineString", "coordinates": [[116.4550308, 39.8919961], [116.4556012, 39.8919928]]}}, {"type": "Feature", "properties": {"highway": "primary", "name": "广渠门外大街", "bridge": "", "tunnel": "", "layer": "", "source": "osm"}, "geometry": {"type": "LineString", "coordinates": [[116.4550394, 39.8921804], [116.4534559, 39.8922077], [116.4520629, 39.8922364], [116.4498962, 39.8922732], [116.4497239, 39.8922761], [116.4496263, 39.8922799], [116.4475648, 39.8923109], [116.4442509, 39.8923332], [116.4425469, 39.8923447]]}}, {"type": "Feature", "properties": {"highway": "footway", "name": "", "bridge": "yes", "tunnel": "", "layer": "1", "source": "osm"}, "geometry": {"type": "LineString", "coordinates": [[116.4548526, 39.8884059], [116.4556384, 39.8883883]]}}, {"type": "Feature", "properties": {"highway": "footway", "name": "", "bridge": "yes", "tunnel": "", "layer": "1", "source": "osm"}, "geometry": {"type": "LineString", "coordinates": [[116.4547814, 39.8866684], [116.4555754, 39.8866672]]}}, {"type": "Feature", "properties": {"highway": "trunk_link", "name": "", "bridge": "", "tunnel": "", "layer": "", "source": "osm"}, "geometry": {"type": "LineString", "coordinates": [[116.4400437, 39.8794081], [116.4397989, 39.8797782]]}}, {"type": "Feature", "properties": {"highway": "residential", "name": "", "bridge": "", "tunnel": "", "layer": "", "source": "osm"}, "geometry": {"type": "LineString", "coordinates": [[116.4476626, 39.8734368], [116.447645, 39.8748777]]}}, {"type": "Feature", "properties": {"highway": "residential", "name": "", "bridge": "", "tunnel": "", "layer": "", "source": "osm"}, "geometry": {"type": "LineString", "coordinates": [[116.4485222, 39.8730495], [116.4484708, 39.8748845], [116.448445, 39.8760664], [116.4483248, 39.876185], [116.4469265, 39.877242], [116.4469086, 39.8779239], [116.4468486, 39.8802549], [116.4467802, 39.8821163], [116.4464438, 39.8827655], [116.4461674, 39.8827872], [116.4461581, 39.8830596]]}}, {"type": "Feature", "properties": {"highway": "residential", "name": "", "bridge": "", "tunnel": "", "layer": "", "source": "osm"}, "geometry": {"type": "LineString", "coordinates": [[116.4458443, 39.878543], [116.4458702, 39.8802607]]}}, {"type": "Feature", "properties": {"highway": "residential", "name": "华威西里", "bridge": "", "tunnel": "", "layer": "", "source": "osm"}, "geometry": {"type": "LineString", "coordinates": [[116.4498434, 39.8721267], [116.4479018, 39.8720914], [116.4479052, 39.8719625], [116.446428, 39.8719626]]}}, {"type": "Feature", "properties": {"highway": "residential", "name": "", "bridge": "", "tunnel": "", "layer": "", "source": "osm"}, "geometry": {"type": "LineString", "coordinates": [[116.4491316, 39.8723578], [116.4491347, 39.8729896], [116.4492206, 39.8730423], [116.4498189, 39.8730321]]}}, {"type": "Feature", "properties": {"highway": "footway", "name": "", "bridge": "yes", "tunnel": "", "layer": "1", "source": "osm"}, "geometry": {"type": "LineString", "coordinates": [[116.456825, 39.8697925], [116.4568178, 39.8701987]]}}, {"type": "Feature", "properties": {"highway": "footway", "name": "", "bridge": "yes", "tunnel": "", "layer": "1", "source": "osm"}, "geometry": {"type": "LineString", "coordinates": [[116.4525704, 39.8832855], [116.4521829, 39.8832854], [116.4521799, 39.8829154], [116.4526241, 39.8829212]]}}, {"type": "Feature", "properties": {"highway": "footway", "name": "", "bridge": "yes", "tunnel": "", "layer": "1", "source": "osm"}, "geometry": {"type": "LineString", "coordinates": [[116.4546776, 39.877557], [116.4548452, 39.8775549], [116.4552531, 39.8775499], [116.4553942, 39.8775482]]}}, {"type": "Feature", "properties": {"highway": "tertiary", "name": "松榆北路", "bridge": "yes", "tunnel": "", "layer": "1", "source": "osm"}, "geometry": {"type": "LineString", "coordinates": [[116.4544682, 39.8748245], [116.4553438, 39.8748193]]}}, {"type": "Feature", "properties": {"highway": "primary", "name": "双龙路", "bridge": "", "tunnel": "", "layer": "", "source": "osm"}, "geometry": {"type": "LineString", "coordinates": [[116.4751712, 39.8700589], [116.4737119, 39.8700642], [116.4729163, 39.870067], [116.4725898, 39.8700682]]}}, {"type": "Feature", "properties": {"highway": "footway", "name": "", "bridge": "yes", "tunnel": "", "layer": "1", "source": "osm"}, "geometry": {"type": "LineString", "coordinates": [[116.4709796, 39.8722389], [116.4714575, 39.8722373]]}}, {"type": "Feature", "properties": {"highway": "footway", "name": "", "bridge": "yes", "tunnel": "", "layer": "1", "source": "osm"}, "geometry": {"type": "LineString", "coordinates": [[116.4709285, 39.8764873], [116.471449, 39.876497]]}}, {"type": "Feature", "properties": {"highway": "footway", "name": "", "bridge": "yes", "tunnel": "", "layer": "1", "source": "osm"}, "geometry": {"type": "LineString", "coordinates": [[116.4547148, 39.8797959], [116.4547177, 39.8800734], [116.4547198, 39.8802781], [116.4547202, 39.8803166], [116.4554347, 39.8803129]]}}, {"type": "Feature", "properties": {"highway": "footway", "name": "", "bridge": "yes", "tunnel": "", "layer": "", "source": "osm"}, "geometry": {"type": "LineString", "coordinates": [[116.4643563, 39.8698386], [116.4643563, 39.8701548]]}}, {"type": "Feature", "properties": {"highway": "footway", "name": "", "bridge": "yes", "tunnel": "", "layer": "", "source": "osm"}, "geometry": {"type": "LineString", "coordinates": [[116.4684575, 39.8698423], [116.4684575, 39.8701321]]}}, {"type": "Feature", "properties": {"highway": "footway", "name": "", "bridge": "yes", "tunnel": "", "layer": "1", "source": "osm"}, "geometry": {"type": "LineString", "coordinates": [[116.439375, 39.8802572], [116.43897, 39.8802059], [116.4386482, 39.880167], [116.4385946, 39.8801607]]}}, {"type": "Feature", "properties": {"highway": "trunk_link", "name": "", "bridge": "yes", "tunnel": "", "layer": "1", "source": "osm"}, "geometry": {"type": "LineString", "coordinates": [[116.4382383, 39.8828551], [116.4382473, 39.8829035], [116.4382821, 39.8829621], [116.4383331, 39.8830197], [116.4383874, 39.8830828]]}}, {"type": "Feature", "properties": {"highway": "tertiary", "name": "北工大路", "bridge": "", "tunnel": "", "layer": "", "source": "osm"}, "geometry": {"type": "LineString", "coordinates": [[116.4712701, 39.878133], [116.4720136, 39.878119], [116.4721316, 39.878119], [116.4747617, 39.8781073], [116.475479, 39.8780984]]}}, {"type": "Feature", "properties": {"highway": "tertiary", "name": "百子湾路", "bridge": "", "tunnel": "", "layer": "", "source": "osm"}, "geometry": {"type": "LineString", "coordinates": [[116.4556997, 39.8993592], [116.460882, 39.8993654], [116.4610156, 39.899358], [116.4611369, 39.8993513], [116.4616204, 39.8993049], [116.4626314, 39.8990722], [116.4629699, 39.8990095], [116.463363, 39.8989632], [116.4638338, 39.8989566], [116.4642489, 39.898981], [116.464693, 39.8990215], [116.4650952, 39.8990874], [116.4659057, 39.8992809], [116.4661743, 39.8993047], [116.4664907, 39.8992975], [116.466674, 39.8992933], [116.4678866, 39.8992655], [116.4695746, 39.899227], [116.4715005, 39.899149]]}}, {"type": "Feature", "properties": {"highway": "tertiary", "name": "大柳树路", "bridge": "", "tunnel": "", "layer": "", "source": "osm"}, "geometry": {"type": "LineString", "coordinates": [[116.4793628, 39.8753648], [116.4785972, 39.8760931], [116.4783906, 39.8762852], [116.4780092, 39.8766399], [116.4774887, 39.8772073], [116.4772682, 39.877529], [116.4772124, 39.877859], [116.4771728, 39.8780935]]}}, {"type": "Feature", "properties": {"highway": "tertiary", "name": "南新园东路", "bridge": "", "tunnel": "", "layer": "", "source": "osm"}, "geometry": {"type": "LineString", "coordinates": [[116.4660977, 39.8700594], [116.4660851, 39.8699334], [116.4660893, 39.8686417], [116.4660931, 39.8674888], [116.466091, 39.8665988]]}}, {"type": "Feature", "properties": {"highway": "tertiary", "name": "", "bridge": "", "tunnel": "", "layer": "", "source": "osm"}, "geometry": {"type": "LineString", "coordinates": [[116.4443508, 39.8668424], [116.4444284, 39.8670448], [116.4445236, 39.8671889], [116.4446255, 39.8676544], [116.4446519, 39.8680508], [116.4446685, 39.8683], [116.4446754, 39.869039], [116.4446851, 39.8700717]]}}, {"type": "Feature", "properties": {"highway": "tertiary", "name": "南新园西路", "bridge": "", "tunnel": "", "layer": "", "source": "osm"}, "geometry": {"type": "LineString", "coordinates": [[116.457873, 39.8699566], [116.4578702, 39.8698379], [116.4577951, 39.8666755]]}}, {"type": "Feature", "properties": {"highway": "primary", "name": "双龙路", "bridge": "", "tunnel": "", "layer": "", "source": "osm"}, "geometry": {"type": "LineString", "coordinates": [[116.4712428, 39.8699384], [116.4713578, 39.8699364], [116.4723387, 39.8699362]]}}, {"type": "Feature", "properties": {"highway": "residential", "name": "北杨庄路", "bridge": "", "tunnel": "", "layer": "", "source": "osm"}, "geometry": {"type": "LineString", "coordinates": [[116.4758177, 39.8697981], [116.4758208, 39.8695887], [116.475835, 39.8686396], [116.4758154, 39.8680531], [116.4758044, 39.8677234]]}}, {"type": "Feature", "properties": {"highway": "tertiary", "name": "左安门西滨河路", "bridge": "", "tunnel": "", "layer": "", "source": "osm"}, "geometry": {"type": "LineString", "coordinates": [[116.4377799, 39.870827], [116.4374642, 39.8705441], [116.4372252, 39.8704001], [116.4369744, 39.8702879], [116.4367255, 39.8702303], [116.4364886, 39.8702086], [116.43624, 39.870215], [116.4346306, 39.8702724], [116.4334851, 39.8702869], [116.4333285, 39.8702918]]}}, {"type": "Feature", "properties": {"highway": "residential", "name": "广和路", "bridge": "", "tunnel": "", "layer": "", "source": "osm"}, "geometry": {"type": "LineString", "coordinates": [[116.4446626, 39.8870288], [116.4446968, 39.8885998], [116.4447111, 39.8892581]]}}, {"type": "Feature", "properties": {"highway": "residential", "name": "", "bridge": "", "tunnel": "", "layer": "", "source": "osm"}, "geometry": {"type": "LineString", "coordinates": [[116.4362396, 39.8942571], [116.436209, 39.895157]]}}, {"type": "Feature", "properties": {"highway": "residential", "name": "", "bridge": "", "tunnel": "", "layer": "", "source": "osm"}, "geometry": {"type": "LineString", "coordinates": [[116.435197, 39.8953189], [116.4361965, 39.8953115], [116.436638, 39.8953083]]}}, {"type": "Feature", "properties": {"highway": "residential", "name": "", "bridge": "", "tunnel": "", "layer": "", "source": "osm"}, "geometry": {"type": "LineString", "coordinates": [[116.4352457, 39.895044], [116.4352402, 39.8951444], [116.4357185, 39.8951507], [116.436209, 39.895157], [116.4366642, 39.8951624]]}}, {"type": "Feature", "properties": {"highway": "tertiary", "name": "广渠门外大街辅路", "bridge": "", "tunnel": "", "layer": "2", "source": "osm"}, "geometry": {"type": "LineString", "coordinates": [[116.4442541, 39.8924578], [116.4412357, 39.8924923], [116.4406412, 39.8924626], [116.4398461, 39.8924571], [116.4393769, 39.8924539], [116.4390261, 39.8924583], [116.4386848, 39.8924626], [116.4386294, 39.8924631], [116.4383629, 39.8924655]]}}, {"type": "Feature", "properties": {"highway": "residential", "name": "", "bridge": "", "tunnel": "", "layer": "", "source": "osm"}, "geometry": {"type": "LineString", "coordinates": [[116.4353148, 39.8945209], [116.4353094, 39.8942308], [116.4362396, 39.8942571], [116.43662, 39.8942416], [116.4367208, 39.8942455]]}}, {"type": "Feature", "properties": {"highway": "residential", "name": "", "bridge": "", "tunnel": "", "layer": "", "source": "osm"}, "geometry": {"type": "LineString", "coordinates": [[116.4335642, 39.8910097], [116.4338837, 39.8912254], [116.4368605, 39.8913357]]}}, {"type": "Feature", "properties": {"highway": "residential", "name": "夕照寺中街", "bridge": "", "tunnel": "", "layer": "", "source": "osm"}, "geometry": {"type": "LineString", "coordinates": [[116.4374281, 39.8880795], [116.4358662, 39.8879937], [116.4344898, 39.8879185], [116.4339522, 39.8878891], [116.4324135, 39.88784], [116.4303696, 39.8877363]]}}, {"type": "Feature", "properties": {"highway": "footway", "name": "", "bridge": "yes", "tunnel": "", "layer": "", "source": "osm"}, "geometry": {"type": "LineString", "coordinates": [[116.4381786, 39.8775184], [116.4378734, 39.877601]]}}, {"type": "Feature", "properties": {"highway": "residential", "name": "广和东街", "bridge": "", "tunnel": "", "layer": "", "source": "osm"}, "geometry": {"type": "LineString", "coordinates": [[116.444751, 39.8832549], [116.4447452, 39.8833787], [116.4447188, 39.8836346], [116.4446679, 39.8841273], [116.4446029, 39.8846013], [116.4445372, 39.8846704]]}}, {"type": "Feature", "properties": {"highway": "residential", "name": "", "bridge": "", "tunnel": "", "layer": "", "source": "osm"}, "geometry": {"type": "LineString", "coordinates": [[116.4469692, 39.8865545], [116.4449828, 39.8863873], [116.4429325, 39.8863781], [116.4416105, 39.8863698], [116.439008, 39.8862509]]}}, {"type": "Feature", "properties": {"highway": "tertiary", "name": "惠林路", "bridge": "", "tunnel": "", "layer": "", "source": "osm"}, "geometry": {"type": "LineString", "coordinates": [[116.4441412, 39.8979888], [116.4441378, 39.8977055], [116.4441453, 39.8971258], [116.4441596, 39.8960306], [116.4441596, 39.8959449]]}}, {"type": "Feature", "properties": {"highway": "residential", "name": "", "bridge": "", "tunnel": "", "layer": "2", "source": "osm"}, "geometry": {"type": "LineString", "coordinates": [[116.4390815, 39.8959681], [116.439109, 39.8956311], [116.4392299, 39.8941517], [116.4393681, 39.8933713], [116.4394331, 39.8926869], [116.4393867, 39.8925622], [116.4393769, 39.8924539]]}}, {"type": "Feature", "properties": {"highway": "residential", "name": "", "bridge": "", "tunnel": "", "layer": "", "source": "osm"}, "geometry": {"type": "LineString", "coordinates": [[116.4498491, 39.8723463], [116.4521962, 39.8723164], [116.4533444, 39.8723018], [116.4545968, 39.8722859]]}}, {"type": "Feature", "properties": {"highway": "residential", "name": "", "bridge": "", "tunnel": "", "layer": "", "source": "osm"}, "geometry": {"type": "LineString", "coordinates": [[116.4447452, 39.8833787], [116.4429967, 39.8833892], [116.4430086, 39.8848311]]}}, {"type": "Feature", "properties": {"highway": "residential", "name": "", "bridge": "", "tunnel": "", "layer": "", "source": "osm"}, "geometry": {"type": "LineString", "coordinates": [[116.4386699, 39.8994712], [116.4387748, 39.8985781], [116.4390815, 39.8959681], [116.4381737, 39.8959787]]}}, {"type": "Feature", "properties": {"highway": "residential", "name": "广渠门外南街", "bridge": "", "tunnel": "", "layer": "", "source": "osm"}, "geometry": {"type": "LineString", "coordinates": [[116.4388123, 39.8907277], [116.438996, 39.8907313], [116.4395617, 39.8907255], [116.4422915, 39.8906976], [116.443064, 39.8907017], [116.444156, 39.8907107]]}}, {"type": "Feature", "properties": {"highway": "unclassified", "name": "双花园西巷", "bridge": "", "tunnel": "", "layer": "", "source": "osm"}, "geometry": {"type": "LineString", "coordinates": [[116.4417407, 39.898251], [116.4406045, 39.8982065]]}}, {"type": "Feature", "properties": {"highway": "unclassified", "name": "光华北二街", "bridge": "", "tunnel": "", "layer": "", "source": "osm"}, "geometry": {"type": "LineString", "coordinates": [[116.4416401, 39.899717], [116.4419497, 39.8997119], [116.4422931, 39.8996839], [116.4431639, 39.8994862], [116.4443805, 39.8991695], [116.4449579, 39.8990478], [116.4455719, 39.8989696], [116.4459814, 39.8989464], [116.4465436, 39.8989452], [116.4470939, 39.8989712], [116.4474821, 39.8990235], [116.4485897, 39.8991887], [116.4491719, 39.8992399], [116.4497812, 39.8992558], [116.4521845, 39.8993164]]}}, {"type": "Feature", "properties": {"highway": "residential", "name": "", "bridge": "", "tunnel": "", "layer": "1", "source": "osm"}, "geometry": {"type": "LineString", "coordinates": [[116.4353472, 39.8974712], [116.4353211, 39.8974182], [116.4351325, 39.8972023], [116.435027, 39.8971214], [116.4350044, 39.8969363], [116.4354451, 39.896842], [116.4357882, 39.8967686], [116.4358184, 39.8963407], [116.4358829, 39.8962771], [116.4359767, 39.8961846], [116.4360068, 39.8959938], [116.4361926, 39.8959617], [116.4363036, 39.8959687], [116.436433, 39.8959769], [116.4365651, 39.8959554]]}}, {"type": "Feature", "properties": {"highway": "tertiary", "name": "", "bridge": "yes", "tunnel": "", "layer": "2", "source": "osm"}, "geometry": {"type": "LineString", "coordinates": [[116.437782, 39.8967076], [116.4375222, 39.8969707], [116.4372413, 39.8971903], [116.4369972, 39.8973615], [116.4367581, 39.8974651], [116.4364976, 39.8975648]]}}, {"type": "Feature", "properties": {"highway": "trunk_link", "name": "", "bridge": "", "tunnel": "", "layer": "", "source": "osm"}, "geometry": {"type": "LineString", "coordinates": [[116.4380061, 39.8936814], [116.4381201, 39.8937542], [116.4382215, 39.8937899], [116.4383202, 39.8937878], [116.4383853, 39.8937673], [116.4384418, 39.8937226], [116.4384886, 39.8936707], [116.4385464, 39.8935379]]}}, {"type": "Feature", "properties": {"highway": "trunk_link", "name": "", "bridge": "", "tunnel": "", "layer": "3", "source": "osm"}, "geometry": {"type": "LineString", "coordinates": [[116.4368226, 39.8931343], [116.4368203, 39.8926125]]}}, {"type": "Feature", "properties": {"highway": "tertiary", "name": "广渠门外大街辅路", "bridge": "", "tunnel": "", "layer": "2", "source": "osm"}, "geometry": {"type": "LineString", "coordinates": [[116.4384223, 39.8921325], [116.4386452, 39.8921285], [116.4387892, 39.892126], [116.4389537, 39.8921246], [116.4390174, 39.892125], [116.4391168, 39.8921255], [116.4398334, 39.8920691], [116.4399691, 39.8920584], [116.4404572, 39.8920447], [116.4411318, 39.8920372], [116.4422915, 39.8920163], [116.4424549, 39.8920146], [116.4439461, 39.892011], [116.4442483, 39.8921416]]}}, {"type": "Feature", "properties": {"highway": "trunk_link", "name": "", "bridge": "", "tunnel": "", "layer": "", "source": "osm"}, "geometry": {"type": "LineString", "coordinates": [[116.4390946, 39.8844353], [116.439159, 39.8845626], [116.4392379, 39.8846192], [116.4393557, 39.8846677], [116.4394668, 39.8846545], [116.4395697, 39.884578], [116.4396131, 39.8845232], [116.4396688, 39.8842876], [116.4397667, 39.8834839]]}}, {"type": "Feature", "properties": {"highway": "trunk_link", "name": "", "bridge": "", "tunnel": "", "layer": "", "source": "osm"}, "geometry": {"type": "LineString", "coordinates": [[116.4380287, 39.8844317], [116.4380139, 39.8843864], [116.4380126, 39.8842721], [116.4380877, 39.8837319], [116.4381239, 39.883452], [116.4381252, 39.8833995]]}}, {"type": "Feature", "properties": {"highway": "tertiary", "name": "建国门南大街", "bridge": "", "tunnel": "", "layer": "1", "source": "osm"}, "geometry": {"type": "LineString", "coordinates": [[116.4364976, 39.8975648], [116.4360329, 39.8976831], [116.4339232, 39.8981737], [116.4322217, 39.8984979], [116.4317795, 39.8986314], [116.4314998, 39.8987095], [116.4312456, 39.8988364], [116.4309282, 39.8990648], [116.4306977, 39.8992833], [116.4305409, 39.8994851], [116.4304296, 39.8997313], [116.4303601, 39.8999643], [116.4303505, 39.9002105], [116.4303999, 39.9006836], [116.4304572, 39.9010615], [116.4305111, 39.901573], [116.4305491, 39.9016462], [116.4306178, 39.9017405], [116.4307027, 39.9017862], [116.4308126, 39.9018116], [116.4321525, 39.9017999], [116.4324577, 39.9018013], [116.4326015, 39.9018355], [116.432589, 39.9020531], [116.4309361, 39.9020707], [116.4307361, 39.9020918], [116.4306002, 39.9021381], [116.4304641, 39.9022265], [116.4303648, 39.9023298], [116.4303101, 39.9024505], [116.4302405, 39.9027778], [116.4302244, 39.9028846], [116.4301237, 39.9034201], [116.4299992, 39.90422], [116.4299931, 39.9042836], [116.4299422, 39.9044724], [116.4299122, 39.9047432], [116.4299161, 39.9048392], [116.4299251, 39.9049137], [116.4299832, 39.9050799], [116.4300481, 39.9052011], [116.4301347, 39.9053597], [116.4302394, 39.9055453], [116.4302965, 39.9057124], [116.4303298, 39.9059965], [116.4303228, 39.9067422], [116.4303261, 39.906783], [116.4303374, 39.9068136], [116.4303515, 39.9068621]]}}, {"type": "Feature", "properties": {"highway": "trunk_link", "name": "", "bridge": "yes", "tunnel": "", "layer": "3", "source": "osm"}, "geometry": {"type": "LineString", "coordinates": [[116.4383833, 39.8922356], [116.4385208, 39.8921668], [116.4385959, 39.892101], [116.4386214, 39.8920619], [116.4386386, 39.8920293]]}}, {"type": "Feature", "properties": {"highway": "trunk_link", "name": "", "bridge": "yes", "tunnel": "", "layer": "1", "source": "osm"}, "geometry": {"type": "LineString", "coordinates": [[116.4370876, 39.890083], [116.4371494, 39.8908414], [116.4371954, 39.8909608], [116.4373104, 39.8910651]]}}, {"type": "Feature", "properties": {"highway": "trunk_link", "name": "", "bridge": "yes", "tunnel": "", "layer": "3", "source": "osm"}, "geometry": {"type": "LineString", "coordinates": [[116.4388312, 39.892357], [116.4386619, 39.892448], [116.4385758, 39.8925823]]}}, {"type": "Feature", "properties": {"highway": "trunk_link", "name": "", "bridge": "yes", "tunnel": "", "layer": "1", "source": "osm"}, "geometry": {"type": "LineString", "coordinates": [[116.4376955, 39.8910949], [116.4373104, 39.8910651]]}}, {"type": "Feature", "properties": {"highway": "tertiary", "name": "广渠门桥", "bridge": "yes", "tunnel": "", "layer": "2", "source": "osm"}, "geometry": {"type": "LineString", "coordinates": [[116.4383629, 39.8924655], [116.4370218, 39.8924897]]}}, {"type": "Feature", "properties": {"highway": "trunk_link", "name": "", "bridge": "", "tunnel": "", "layer": "2", "source": "osm"}, "geometry": {"type": "LineString", "coordinates": [[116.4375376, 39.8935391], [116.4376565, 39.8934852], [116.4377084, 39.8934278], [116.437769, 39.8933075]]}}, {"type": "Feature", "properties": {"highway": "tertiary_link", "name": "", "bridge": "", "tunnel": "", "layer": "", "source": "osm"}, "geometry": {"type": "LineString", "coordinates": [[116.4396073, 39.8830357], [116.4396335, 39.883036], [116.4397541, 39.8830375]]}}, {"type": "Feature", "properties": {"highway": "tertiary", "name": "光明桥", "bridge": "yes", "tunnel": "", "layer": "1", "source": "osm"}, "geometry": {"type": "LineString", "coordinates": [[116.4383623, 39.8829921], [116.4396073, 39.8830357]]}}, {"type": "Feature", "properties": {"highway": "trunk_link", "name": "", "bridge": "", "tunnel": "", "layer": "3", "source": "osm"}, "geometry": {"type": "LineString", "coordinates": [[116.4385464, 39.8935379], [116.4385758, 39.8925823]]}}, {"type": "Feature", "properties": {"highway": "trunk_link", "name": "", "bridge": "", "tunnel": "", "layer": "", "source": "osm"}, "geometry": {"type": "LineString", "coordinates": [[116.4389969, 39.8817755], [116.4390492, 39.8817591], [116.439119, 39.8817272], [116.4391686, 39.8816891], [116.4392075, 39.8816304], [116.4392517, 39.8815275], [116.4393225, 39.8814261]]}}, {"type": "Feature", "properties": {"highway": "tertiary", "name": "光明桥", "bridge": "yes", "tunnel": "", "layer": "1", "source": "osm"}, "geometry": {"type": "LineString", "coordinates": [[116.439562, 39.8833417], [116.4383305, 39.8833087]]}}, {"type": "Feature", "properties": {"highway": "trunk_link", "name": "", "bridge": "", "tunnel": "", "layer": "", "source": "osm"}, "geometry": {"type": "LineString", "coordinates": [[116.4398472, 39.8828983], [116.4398807, 39.8825577], [116.4399371, 39.88204], [116.4399317, 39.8819232], [116.4398864, 39.8818339], [116.4398289, 39.8817775], [116.4397053, 39.8817541], [116.4395735, 39.88179], [116.4394767, 39.8818588], [116.439381, 39.8819835]]}}, {"type": "Feature", "properties": {"highway": "trunk_link", "name": "", "bridge": "", "tunnel": "", "layer": "", "source": "osm"}, "geometry": {"type": "LineString", "coordinates": [[116.4388829, 39.8860308], [116.439008, 39.8862509]]}}, {"type": "Feature", "properties": {"highway": "tertiary", "name": "", "bridge": "", "tunnel": "", "layer": "", "source": "osm"}, "geometry": {"type": "LineString", "coordinates": [[116.4430363, 39.8832735], [116.4428858, 39.8833645], [116.4416309, 39.8833827], [116.4399568, 39.883368]]}}, {"type": "Feature", "properties": {"highway": "tertiary", "name": "广渠门内大街", "bridge": "", "tunnel": "", "layer": "2", "source": "osm"}, "geometry": {"type": "LineString", "coordinates": [[116.4370218, 39.8924897], [116.4367421, 39.8924957], [116.4366307, 39.8924965], [116.4328351, 39.8925225], [116.4302461, 39.8924794], [116.4292318, 39.8924621], [116.4273924, 39.8924395], [116.4249096, 39.8924023], [116.424854, 39.8924014], [116.4241334, 39.8923894], [116.4231719, 39.8924378], [116.4215684, 39.8923813], [116.4214045, 39.8923735], [116.4199366, 39.8922482], [116.4193023, 39.8921942], [116.4175105, 39.8920945], [116.4148506, 39.8919465], [116.4146797, 39.8919305]]}}, {"type": "Feature", "properties": {"highway": "tertiary", "name": "广渠门内大街", "bridge": "", "tunnel": "", "layer": "2", "source": "osm"}, "geometry": {"type": "LineString", "coordinates": [[116.4145498, 39.8915852], [116.4171835, 39.891792], [116.4180435, 39.8918417], [116.419797, 39.8919142], [116.4214915, 39.8919239], [116.4216925, 39.8919314], [116.4245685, 39.8920188], [116.4268911, 39.8920802], [116.4283429, 39.8920884], [116.4292463, 39.8920938], [116.4301628, 39.8921017], [116.4328422, 39.8921248], [116.4366261, 39.8921565], [116.43674, 39.8921575], [116.4370471, 39.8921418]]}}, {"type": "Feature", "properties": {"highway": "trunk_link", "name": "", "bridge": "", "tunnel": "", "layer": "", "source": "osm"}, "geometry": {"type": "LineString", "coordinates": [[116.4392057, 39.8821343], [116.4391887, 39.8820658], [116.439174, 39.8820256], [116.4391619, 39.8819824], [116.4391431, 39.881933], [116.4391042, 39.8818826], [116.4390264, 39.8818352], [116.4389943, 39.8818239]]}}, {"type": "Feature", "properties": {"highway": "trunk_link", "name": "", "bridge": "", "tunnel": "", "layer": "", "source": "osm"}, "geometry": {"type": "LineString", "coordinates": [[116.4387287, 39.8912457], [116.4387096, 39.8911274], [116.4386706, 39.8910659], [116.4386335, 39.8910219], [116.4385891, 39.8909806], [116.438503, 39.8909449], [116.4384274, 39.8909446], [116.4383476, 39.8909608], [116.4382745, 39.8910125], [116.4382159, 39.8910972], [116.4381246, 39.8912948]]}}, {"type": "Feature", "properties": {"highway": "tertiary", "name": "光明路辅路", "bridge": "", "tunnel": "", "layer": "", "source": "osm"}, "geometry": {"type": "LineString", "coordinates": [[116.435839, 39.8830315], [116.4363139, 39.8829228], [116.4380553, 39.8829772], [116.4381771, 39.8829833], [116.4383623, 39.8829921]]}}, {"type": "Feature", "properties": {"highway": "trunk_link", "name": "", "bridge": "", "tunnel": "", "layer": "3", "source": "osm"}, "geometry": {"type": "LineString", "coordinates": [[116.4387287, 39.8912457], [116.4386386, 39.8920293]]}}, {"type": "Feature", "properties": {"highway": "trunk_link", "name": "", "bridge": "yes", "tunnel": "", "layer": "3", "source": "osm"}, "geometry": {"type": "LineString", "coordinates": [[116.4371022, 39.8923865], [116.436974, 39.8924386], [116.4368996, 39.8925143], [116.4368702, 39.8926121], [116.4368654, 39.8928354], [116.4368631, 39.8931301]]}}, {"type": "Feature", "properties": {"highway": "trunk_link", "name": "", "bridge": "yes", "tunnel": "", "layer": "3", "source": "osm"}, "geometry": {"type": "LineString", "coordinates": [[116.4370486, 39.891296], [116.4369428, 39.892052]]}}, {"type": "Feature", "properties": {"highway": "tertiary", "name": "广渠门桥", "bridge": "yes", "tunnel": "", "layer": "2", "source": "osm"}, "geometry": {"type": "LineString", "coordinates": [[116.4370471, 39.8921418], [116.4376853, 39.8921336], [116.4384223, 39.8921325]]}}, {"type": "Feature", "properties": {"highway": "trunk_link", "name": "", "bridge": "yes", "tunnel": "", "layer": "1", "source": "osm"}, "geometry": {"type": "LineString", "coordinates": [[116.4381668, 39.8845577], [116.4381239, 39.8845819], [116.4380662, 39.8846241], [116.4380246, 39.8846663], [116.4379817, 39.8847404], [116.437912, 39.8849318], [116.4378125, 39.885073]]}}, {"type": "Feature", "properties": {"highway": "trunk_link", "name": "", "bridge": "yes", "tunnel": "", "layer": "3", "source": "osm"}, "geometry": {"type": "LineString", "coordinates": [[116.4369428, 39.892052], [116.436996, 39.8921164], [116.4370564, 39.8921843], [116.437114, 39.8922255], [116.4372092, 39.8922613]]}}, {"type": "Feature", "properties": {"highway": "trunk_link", "name": "", "bridge": "", "tunnel": "", "layer": "", "source": "osm"}, "geometry": {"type": "LineString", "coordinates": [[116.4383843, 39.8898026], [116.4383995, 39.8901522], [116.4384214, 39.8902846], [116.4384597, 39.8903792], [116.43852, 39.8904549], [116.438742, 39.8907514], [116.4387858, 39.8908397], [116.4388077, 39.8909364], [116.4388077, 39.8910352], [116.4387287, 39.8912457]]}}, {"type": "Feature", "properties": {"highway": "tertiary", "name": "广渠门北滨河路", "bridge": "", "tunnel": "", "layer": "2", "source": "osm"}, "geometry": {"type": "LineString", "coordinates": [[116.4386848, 39.8924626], [116.4386804, 39.8925477], [116.4386306, 39.8935074], [116.4386253, 39.8937407], [116.4386036, 39.8938313], [116.4385411, 39.8939477], [116.4384674, 39.8940678], [116.4383807, 39.894207], [116.4382943, 39.8944061], [116.4381926, 39.8947268]]}}, {"type": "Feature", "properties": {"highway": "tertiary_link", "name": "", "bridge": "", "tunnel": "", "layer": "2", "source": "osm"}, "geometry": {"type": "LineString", "coordinates": [[116.4387892, 39.892126], [116.4388461, 39.8921902], [116.4388774, 39.8922538], [116.4388786, 39.8923392], [116.4388428, 39.8923899], [116.4387809, 39.8924189], [116.4386848, 39.8924626]]}}, {"type": "Feature", "properties": {"highway": "residential", "name": "", "bridge": "", "tunnel": "", "layer": "", "source": "osm"}, "geometry": {"type": "LineString", "coordinates": [[116.4551929, 39.8718196], [116.4552919, 39.8718236], [116.4554804, 39.8718312], [116.4560919, 39.8718119], [116.456859, 39.871705], [116.4573954, 39.8716186], [116.4579572, 39.8715884], [116.4589672, 39.8716639], [116.4593051, 39.8719025], [116.4594875, 39.8721865], [116.4594763, 39.8725484], [116.4594747, 39.8725998]]}}, {"type": "Feature", "properties": {"highway": "tertiary", "name": "松榆北路", "bridge": "", "tunnel": "", "layer": "", "source": "osm"}, "geometry": {"type": "LineString", "coordinates": [[116.4616232, 39.8748837], [116.4590853, 39.8748914], [116.4565845, 39.8748957], [116.455344, 39.8748965]]}}, {"type": "Feature", "properties": {"highway": "tertiary_link", "name": "", "bridge": "", "tunnel": "", "layer": "", "source": "osm"}, "geometry": {"type": "LineString", "coordinates": [[116.4565845, 39.8748957], [116.4562225, 39.874966], [116.4557815, 39.8749764], [116.4555684, 39.8750305], [116.4555023, 39.8750747], [116.4554274, 39.8751439], [116.4553665, 39.8752538], [116.4553554, 39.8754169], [116.4553547, 39.8761662], [116.4552619, 39.8766272]]}}, {"type": "Feature", "properties": {"highway": "secondary_link", "name": "", "bridge": "", "tunnel": "", "layer": "", "source": "osm"}, "geometry": {"type": "LineString", "coordinates": [[116.4553979, 39.8831396], [116.4548384, 39.8831485]]}}, {"type": "Feature", "properties": {"highway": "trunk_link", "name": "", "bridge": "", "tunnel": "", "layer": "", "source": "osm"}, "geometry": {"type": "LineString", "coordinates": [[116.4546812, 39.873574], [116.454739, 39.8731115], [116.4547445, 39.872931], [116.4548074, 39.8728196]]}}, {"type": "Feature", "properties": {"highway": "trunk_link", "name": "", "bridge": "", "tunnel": "", "layer": "", "source": "osm"}, "geometry": {"type": "LineString", "coordinates": [[116.4551302, 39.8790601], [116.4553467, 39.8798191]]}}, {"type": "Feature", "properties": {"highway": "trunk_link", "name": "", "bridge": "", "tunnel": "", "layer": "", "source": "osm"}, "geometry": {"type": "LineString", "coordinates": [[116.4550077, 39.8728332], [116.4552126, 39.8733659]]}}, {"type": "Feature", "properties": {"highway": "footway", "name": "", "bridge": "", "tunnel": "", "layer": "", "source": "osm"}, "geometry": {"type": "LineString", "coordinates": [[116.4546943, 39.8750949], [116.4546859, 39.8746493]]}}, {"type": "Feature", "properties": {"highway": "service", "name": "", "bridge": "", "tunnel": "", "layer": "", "source": "osm"}, "geometry": {"type": "LineString", "coordinates": [[116.4498149, 39.8710847], [116.4502621, 39.8710841]]}}, {"type": "Feature", "properties": {"highway": "footway", "name": "", "bridge": "yes", "tunnel": "", "layer": "1", "source": "osm"}, "geometry": {"type": "LineString", "coordinates": [[116.4546356, 39.8749533], [116.45532, 39.8749512]]}}, {"type": "Feature", "properties": {"highway": "footway", "name": "", "bridge": "yes", "tunnel": "", "layer": "1", "source": "osm"}, "geometry": {"type": "LineString", "coordinates": [[116.4546287, 39.8747758], [116.4553242, 39.8747651]]}}, {"type": "Feature", "properties": {"highway": "secondary_link", "name": "", "bridge": "", "tunnel": "", "layer": "", "source": "osm"}, "geometry": {"type": "LineString", "coordinates": [[116.4548384, 39.8830184], [116.4553923, 39.8830126]]}}, {"type": "Feature", "properties": {"highway": "trunk_link", "name": "", "bridge": "", "tunnel": "", "layer": "", "source": "osm"}, "geometry": {"type": "LineString", "coordinates": [[116.4551831, 39.8715988], [116.4550137, 39.8724406]]}}, {"type": "Feature", "properties": {"highway": "footway", "name": "", "bridge": "", "tunnel": "", "layer": "", "source": "osm"}, "geometry": {"type": "LineString", "coordinates": [[116.455288, 39.8750953], [116.4552908, 39.8746439]]}}, {"type": "Feature", "properties": {"highway": "service", "name": "", "bridge": "", "tunnel": "", "layer": "", "source": "osm"}, "geometry": {"type": "LineString", "coordinates": [[116.4502621, 39.8710841], [116.4504626, 39.8710829], [116.4504558, 39.870449], [116.4502446, 39.8704503], [116.4498028, 39.8704508]]}}, {"type": "Feature", "properties": {"highway": "trunk_link", "name": "", "bridge": "", "tunnel": "", "layer": "", "source": "osm"}, "geometry": {"type": "LineString", "coordinates": [[116.455278, 39.8778545], [116.4551206, 39.8782973]]}}, {"type": "Feature", "properties": {"highway": "service", "name": "", "bridge": "", "tunnel": "", "layer": "", "source": "osm"}, "geometry": {"type": "LineString", "coordinates": [[116.4498338, 39.874245], [116.4500355, 39.874244], [116.4506837, 39.8742407], [116.4506759, 39.8735156]]}}, {"type": "Feature", "properties": {"highway": "trunk_link", "name": "", "bridge": "", "tunnel": "", "layer": "", "source": "osm"}, "geometry": {"type": "LineString", "coordinates": [[116.4548016, 39.8811327], [116.4549799, 39.8800479]]}}, {"type": "Feature", "properties": {"highway": "trunk_link", "name": "", "bridge": "", "tunnel": "", "layer": "", "source": "osm"}, "geometry": {"type": "LineString", "coordinates": [[116.4548041, 39.8726038], [116.4547316, 39.8724209], [116.4547236, 39.8723141], [116.4546055, 39.87174]]}}, {"type": "Feature", "properties": {"highway": "footway", "name": "", "bridge": "", "tunnel": "", "layer": "", "source": "osm"}, "geometry": {"type": "LineString", "coordinates": [[116.452166, 39.8748194], [116.452165, 39.8747618], [116.4521658, 39.8746808], [116.4521672, 39.8745395]]}}, {"type": "Feature", "properties": {"highway": "steps", "name": "", "bridge": "", "tunnel": "", "layer": "", "source": "osm"}, "geometry": {"type": "LineString", "coordinates": [[116.4553242, 39.8747651], [116.4553249, 39.8746998], [116.4553256, 39.8746431], [116.4552908, 39.8746439]]}}, {"type": "Feature", "properties": {"highway": "footway", "name": "", "bridge": "", "tunnel": "", "layer": "", "source": "osm"}, "geometry": {"type": "LineString", "coordinates": [[116.4544085, 39.8751148], [116.4544605, 39.8750834], [116.4545409, 39.8750346], [116.4546382, 39.8750346]]}}, {"type": "Feature", "properties": {"highway": "footway", "name": "", "bridge": "", "tunnel": "", "layer": "", "source": "osm"}, "geometry": {"type": "LineString", "coordinates": [[116.4553212, 39.8750143], [116.4554148, 39.8750132], [116.4555023, 39.8750747], [116.4555695, 39.8751191]]}}, {"type": "Feature", "properties": {"highway": "footway", "name": "", "bridge": "", "tunnel": "", "layer": "", "source": "osm"}, "geometry": {"type": "LineString", "coordinates": [[116.4553249, 39.8746998], [116.4554148, 39.874702], [116.4554925, 39.8746353], [116.4555625, 39.8745811]]}}, {"type": "Feature", "properties": {"highway": "steps", "name": "", "bridge": "", "tunnel": "", "layer": "", "source": "osm"}, "geometry": {"type": "LineString", "coordinates": [[116.4546859, 39.8746493], [116.4546287, 39.8746506], [116.4546287, 39.8747052], [116.4546287, 39.8747758]]}}, {"type": "Feature", "properties": {"highway": "steps", "name": "", "bridge": "", "tunnel": "", "layer": "", "source": "osm"}, "geometry": {"type": "LineString", "coordinates": [[116.4546356, 39.8749533], [116.4546382, 39.8750346], [116.4546402, 39.8750959], [116.4546943, 39.8750949]]}}, {"type": "Feature", "properties": {"highway": "steps", "name": "", "bridge": "", "tunnel": "", "layer": "", "source": "osm"}, "geometry": {"type": "LineString", "coordinates": [[116.45532, 39.8749512], [116.4553212, 39.8750143], [116.4553228, 39.8750988], [116.455288, 39.8750953]]}}, {"type": "Feature", "properties": {"highway": "footway", "name": "", "bridge": "", "tunnel": "", "layer": "", "source": "osm"}, "geometry": {"type": "LineString", "coordinates": [[116.4528513, 39.8749587], [116.4521052, 39.8749621], [116.4521049, 39.8748997], [116.4521045, 39.8748185], [116.4521043, 39.8747621], [116.452165, 39.8747618], [116.452419, 39.8747614]]}}, {"type": "Feature", "properties": {"highway": "tertiary_link", "name": "", "bridge": "", "tunnel": "", "layer": "", "source": "osm"}, "geometry": {"type": "LineString", "coordinates": [[116.4552126, 39.8733659], [116.455304, 39.8735939], [116.455334, 39.8743501], [116.4553515, 39.8744585], [116.4554004, 39.8745609], [116.4554925, 39.8746353], [116.4556062, 39.8746927], [116.4557602, 39.8747224], [116.4562377, 39.8747157], [116.4565888, 39.8748168]]}}, {"type": "Feature", "properties": {"highway": "tertiary_link", "name": "", "bridge": "", "tunnel": "", "layer": "", "source": "osm"}, "geometry": {"type": "LineString", "coordinates": [[116.4547416, 39.8765538], [116.4546028, 39.8760753], [116.4546143, 39.8753198], [116.4545553, 39.8751692], [116.4544605, 39.8750834], [116.4543261, 39.8750145], [116.454151, 39.8749869], [116.4536335, 39.8749785], [116.4532092, 39.8748969]]}}, {"type": "Feature", "properties": {"highway": "tertiary", "name": "潘家园路", "bridge": "yes", "tunnel": "", "layer": "1", "source": "osm"}, "geometry": {"type": "LineString", "coordinates": [[116.455344, 39.8748965], [116.4544708, 39.8748999]]}}, {"type": "Feature", "properties": {"highway": "tertiary", "name": "潘家园路", "bridge": "", "tunnel": "", "layer": "", "source": "osm"}, "geometry": {"type": "LineString", "coordinates": [[116.4544708, 39.8748999], [116.4532092, 39.8748969], [116.4529349, 39.8748993], [116.4521049, 39.8748997], [116.4501089, 39.8748982], [116.4498384, 39.8748649]]}}, {"type": "Feature", "properties": {"highway": "tertiary", "name": "潘家园路", "bridge": "", "tunnel": "", "layer": "", "source": "osm"}, "geometry": {"type": "LineString", "coordinates": [[116.4498384, 39.8748649], [116.4501011, 39.8748121], [116.4514021, 39.8748163], [116.4521045, 39.8748185], [116.452166, 39.8748194], [116.4525182, 39.8748196], [116.4532869, 39.8748212], [116.4544682, 39.8748245]]}}, {"type": "Feature", "properties": {"highway": "residential", "name": "银杏大道", "bridge": "", "tunnel": "", "layer": "", "source": "osm"}, "geometry": {"type": "LineString", "coordinates": [[116.4717178, 39.8748612], [116.4719071, 39.8748606], [116.4727022, 39.8748582], [116.4727654, 39.874858], [116.473039, 39.8748572], [116.4736613, 39.8748553], [116.4741817, 39.8748537], [116.4745641, 39.8748503], [116.4750346, 39.8748464], [116.4755112, 39.8748425], [116.4757751, 39.8748402], [116.4759396, 39.8748387], [116.476175, 39.8748397], [116.4775541, 39.8748456], [116.4786636, 39.8748417], [116.4795661, 39.8748374], [116.4797315, 39.8749429]]}}, {"type": "Feature", "properties": {"highway": "primary", "name": "松榆南路", "bridge": "", "tunnel": "", "layer": "", "source": "osm"}, "geometry": {"type": "LineString", "coordinates": [[116.4616267, 39.870095], [116.4615481, 39.8700701], [116.4579573, 39.8700679], [116.4575967, 39.8700703], [116.4568645, 39.8700699], [116.4552846, 39.8700765], [116.455253, 39.870076], [116.4551144, 39.8700772]]}}, {"type": "Feature", "properties": {"highway": "primary", "name": "松榆南路", "bridge": "", "tunnel": "", "layer": "", "source": "osm"}, "geometry": {"type": "LineString", "coordinates": [[116.471084, 39.8700665], [116.4693565, 39.8700678], [116.4688272, 39.8700664], [116.4660977, 39.8700594], [116.4641387, 39.8700536], [116.4630451, 39.8700772], [116.4627144, 39.870099], [116.4623915, 39.8701019], [116.4616267, 39.870095]]}}, {"type": "Feature", "properties": {"highway": "primary", "name": "西大望路", "bridge": "", "tunnel": "", "layer": "", "source": "osm"}, "geometry": {"type": "LineString", "coordinates": [[116.4710963, 39.8699387], [116.4711085, 39.869841], [116.4711204, 39.8697451], [116.4711153, 39.8689185], [116.4711043, 39.8671285], [116.4711044, 39.866545]]}}, {"type": "Feature", "properties": {"highway": "tertiary", "name": "广渠门南滨河路", "bridge": "", "tunnel": "", "layer": "", "source": "osm"}, "geometry": {"type": "LineString", "coordinates": [[116.439266, 39.8748011], [116.4395494, 39.8754316], [116.4396447, 39.8755995], [116.4399109, 39.8761212], [116.4401767, 39.8767077], [116.4402515, 39.8769266], [116.4402996, 39.877187], [116.440338, 39.8774906], [116.4403137, 39.8779289], [116.4403006, 39.8780642], [116.4402254, 39.8784023], [116.4401677, 39.8787035], [116.4400437, 39.8794081]]}}, {"type": "Feature", "properties": {"highway": "tertiary", "name": "广渠门南滨河路", "bridge": "", "tunnel": "", "layer": "", "source": "osm"}, "geometry": {"type": "LineString", "coordinates": [[116.4400437, 39.8794081], [116.4398336, 39.8803635], [116.4397266, 39.880963], [116.4397252, 39.8811722], [116.4398055, 39.8813816], [116.4400597, 39.881855], [116.4400813, 39.8820269], [116.4399877, 39.8830122]]}}, {"type": "Feature", "properties": {"highway": "primary", "name": "西大望路", "bridge": "", "tunnel": "", "layer": "", "source": "osm"}, "geometry": {"type": "LineString", "coordinates": [[116.4711087, 39.8781281], [116.4711177, 39.8766946], [116.4711216, 39.8760648], [116.471129, 39.8748906], [116.4711296, 39.8747891], [116.4711113, 39.8728987], [116.471084, 39.8700665]]}}, {"type": "Feature", "properties": {"highway": "secondary", "name": "光明桥", "bridge": "yes", "tunnel": "", "layer": "1", "source": "osm"}, "geometry": {"type": "LineString", "coordinates": [[116.4384095, 39.8832087], [116.4381927, 39.883203], [116.4379435, 39.8831952]]}}, {"type": "Feature", "properties": {"highway": "trunk_link", "name": "", "bridge": "", "tunnel": "", "layer": "", "source": "osm"}, "geometry": {"type": "LineString", "coordinates": [[116.4368137, 39.8948606], [116.4367136, 39.894619]]}}, {"type": "Feature", "properties": {"highway": "trunk_link", "name": "", "bridge": "", "tunnel": "", "layer": "", "source": "osm"}, "geometry": {"type": "LineString", "coordinates": [[116.4380354, 39.8945476], [116.4380371, 39.894873]]}}, {"type": "Feature", "properties": {"highway": "trunk_link", "name": "", "bridge": "", "tunnel": "", "layer": "", "source": "osm"}, "geometry": {"type": "LineString", "coordinates": [[116.4367754, 39.8965673], [116.4367985, 39.8959196], [116.4368027, 39.8951908], [116.4368137, 39.8948606], [116.4368482, 39.8938276], [116.4368226, 39.8931343]]}}, {"type": "Feature", "properties": {"highway": "trunk_link", "name": "", "bridge": "", "tunnel": "", "layer": "", "source": "osm"}, "geometry": {"type": "LineString", "coordinates": [[116.4379654, 39.8931084], [116.4380061, 39.8936814], [116.4380354, 39.8945476], [116.4381783, 39.8948859]]}}, {"type": "Feature", "properties": {"highway": "trunk_link", "name": "", "bridge": "", "tunnel": "", "layer": "", "source": "osm"}, "geometry": {"type": "LineString", "coordinates": [[116.4385464, 39.8935379], [116.4385268, 39.8937694], [116.4384476, 39.8939092], [116.4383487, 39.8940433], [116.4382527, 39.8942272], [116.4382082, 39.8943576], [116.4381936, 39.8944854], [116.4381926, 39.8947268]]}}, {"type": "Feature", "properties": {"highway": "trunk_link", "name": "", "bridge": "", "tunnel": "", "layer": "", "source": "osm"}, "geometry": {"type": "LineString", "coordinates": [[116.4556174, 39.894177], [116.4554455, 39.8948952]]}}, {"type": "Feature", "properties": {"highway": "trunk_link", "name": "", "bridge": "", "tunnel": "", "layer": "", "source": "osm"}, "geometry": {"type": "LineString", "coordinates": [[116.4554623, 39.8956723], [116.455637, 39.8961491]]}}, {"type": "Feature", "properties": {"highway": "trunk_link", "name": "", "bridge": "", "tunnel": "", "layer": "", "source": "osm"}, "geometry": {"type": "LineString", "coordinates": [[116.4555159, 39.8884498], [116.4553275, 39.8891614]]}}, {"type": "Feature", "properties": {"highway": "trunk_link", "name": "", "bridge": "", "tunnel": "", "layer": "", "source": "osm"}, "geometry": {"type": "LineString", "coordinates": [[116.4548776, 39.8862067], [116.4550611, 39.8852562]]}}, {"type": "Feature", "properties": {"highway": "trunk_link", "name": "", "bridge": "", "tunnel": "", "layer": "", "source": "osm"}, "geometry": {"type": "LineString", "coordinates": [[116.4551632, 39.8893393], [116.4549379, 39.8884439]]}}, {"type": "Feature", "properties": {"highway": "trunk_link", "name": "", "bridge": "", "tunnel": "", "layer": "", "source": "osm"}, "geometry": {"type": "LineString", "coordinates": [[116.4552649, 39.8860256], [116.4554247, 39.8866055]]}}, {"type": "Feature", "properties": {"highway": "footway", "name": "", "bridge": "yes", "tunnel": "", "layer": "", "source": "osm"}, "geometry": {"type": "LineString", "coordinates": [[116.4557185, 39.8958778], [116.4557193, 39.8955873]]}}, {"type": "Feature", "properties": {"highway": "footway", "name": "", "bridge": "yes", "tunnel": "", "layer": "", "source": "osm"}, "geometry": {"type": "LineString", "coordinates": [[116.4555727, 39.8868889], [116.4555754, 39.8866672], [116.4555789, 39.8863824]]}}, {"type": "Feature", "properties": {"highway": "footway", "name": "", "bridge": "yes", "tunnel": "", "layer": "", "source": "osm"}, "geometry": {"type": "LineString", "coordinates": [[116.455226, 39.8680644], [116.4552212, 39.8678474], [116.4550867, 39.8672543]]}}, {"type": "Feature", "properties": {"highway": "footway", "name": "", "bridge": "yes", "tunnel": "", "layer": "", "source": "osm"}, "geometry": {"type": "LineString", "coordinates": [[116.4556447, 39.8884839], [116.4556384, 39.8883883], [116.4556221, 39.8881404]]}}, {"type": "Feature", "properties": {"highway": "footway", "name": "", "bridge": "yes", "tunnel": "", "layer": "", "source": "osm"}, "geometry": {"type": "LineString", "coordinates": [[116.4544393, 39.8681387], [116.4544378, 39.867882], [116.4542647, 39.8672222]]}}, {"type": "Feature", "properties": {"highway": "footway", "name": "", "bridge": "yes", "tunnel": "", "layer": "", "source": "osm"}, "geometry": {"type": "LineString", "coordinates": [[116.4548553, 39.888547], [116.4548526, 39.8884059], [116.4548493, 39.8882382]]}}, {"type": "Feature", "properties": {"highway": "footway", "name": "", "bridge": "yes", "tunnel": "", "layer": "", "source": "osm"}, "geometry": {"type": "LineString", "coordinates": [[116.4547812, 39.886522], [116.4547814, 39.8866684], [116.4547822, 39.8871555]]}}, {"type": "Feature", "properties": {"highway": "footway", "name": "", "bridge": "yes", "tunnel": "", "layer": "1", "source": "osm"}, "geometry": {"type": "LineString", "coordinates": [[116.4557609, 39.8958755], [116.4557531, 39.8949419], [116.4557209, 39.8949412], [116.4557193, 39.8955873], [116.4549917, 39.8955929], [116.4550017, 39.8961518], [116.4549375, 39.8961524]]}}, {"type": "Feature", "properties": {"highway": "residential", "name": "", "bridge": "", "tunnel": "", "layer": "", "source": "osm"}, "geometry": {"type": "LineString", "coordinates": [[116.44241, 39.9015526], [116.442584, 39.9011383], [116.4426311, 39.9009196], [116.442639, 39.9008705]]}}, {"type": "Feature", "properties": {"highway": "steps", "name": "", "bridge": "", "tunnel": "yes", "layer": "", "source": "osm"}, "geometry": {"type": "LineString", "coordinates": [[116.4426687, 39.9004231], [116.442842, 39.9004299]]}}, {"type": "Feature", "properties": {"highway": "service", "name": "", "bridge": "", "tunnel": "yes", "layer": "-1", "source": "osm"}, "geometry": {"type": "LineString", "coordinates": [[116.4405164, 39.9011202], [116.4403733, 39.9006822]]}}, {"type": "Feature", "properties": {"highway": "service", "name": "", "bridge": "", "tunnel": "", "layer": "", "source": "osm"}, "geometry": {"type": "LineString", "coordinates": [[116.4403733, 39.9006822], [116.4403522, 39.9006176], [116.4395064, 39.9006018], [116.4395064, 39.9005044]]}}, {"type": "Feature", "properties": {"highway": "footway", "name": "", "bridge": "", "tunnel": "", "layer": "", "source": "osm"}, "geometry": {"type": "LineString", "coordinates": [[116.4429068, 39.9008851], [116.4428818, 39.9007292]]}}, {"type": "Feature", "properties": {"highway": "service", "name": "", "bridge": "", "tunnel": "", "layer": "", "source": "osm"}, "geometry": {"type": "LineString", "coordinates": [[116.4442534, 39.9001007], [116.4438048, 39.9001625], [116.4437994, 39.9003199], [116.4434561, 39.9003384], [116.4434067, 39.9003564], [116.4433837, 39.9003754], [116.4431572, 39.9003766], [116.4428448, 39.9003609], [116.4425668, 39.9003468], [116.4420575, 39.9003712], [116.4420271, 39.9004757], [116.4418457, 39.90054], [116.440644, 39.9005208], [116.4404539, 39.9005177], [116.4395064, 39.9005044], [116.4386446, 39.900466], [116.4383748, 39.9004356], [116.43806, 39.9004248], [116.4361785, 39.9003925], [116.4356864, 39.9003801], [116.4356361, 39.9003508], [116.4355614, 39.9002917], [116.4355255, 39.9002597], [116.4353958, 39.9001441], [116.435333, 39.9000709], [116.4352405, 39.9000267], [116.4347658, 39.90004]]}}, {"type": "Feature", "properties": {"highway": "service", "name": "", "bridge": "", "tunnel": "", "layer": "", "source": "osm"}, "geometry": {"type": "LineString", "coordinates": [[116.4434037, 39.9010795], [116.443385, 39.9008381], [116.4429068, 39.9008851]]}}, {"type": "Feature", "properties": {"highway": "service", "name": "", "bridge": "", "tunnel": "", "layer": "", "source": "osm"}, "geometry": {"type": "LineString", "coordinates": [[116.4441513, 39.9010297], [116.4442373, 39.9009234], [116.4444777, 39.9005674], [116.4446296, 39.9005586], [116.4449117, 39.9005666], [116.445062, 39.9005893], [116.4451692, 39.9006056]]}}, {"type": "Feature", "properties": {"highway": "residential", "name": "八棵杨东路", "bridge": "", "tunnel": "", "layer": "", "source": "osm"}, "geometry": {"type": "LineString", "coordinates": [[116.4588683, 39.8919644], [116.4588632, 39.8918276], [116.4588412, 39.8902463], [116.4588477, 39.8896388], [116.4588704, 39.8890027], [116.4588901, 39.8880645], [116.4588906, 39.8880409], [116.4589036, 39.8874217]]}}, {"type": "Feature", "properties": {"highway": "tertiary", "name": "营盘沟路", "bridge": "", "tunnel": "", "layer": "", "source": "osm"}, "geometry": {"type": "LineString", "coordinates": [[116.4664737, 39.8918948], [116.4664545, 39.891673], [116.46646, 39.8902319]]}}, {"type": "Feature", "properties": {"highway": "primary", "name": "华威南路", "bridge": "", "tunnel": "", "layer": "", "source": "osm"}, "geometry": {"type": "LineString", "coordinates": [[116.4446851, 39.8700717], [116.4463287, 39.8700645], [116.4472917, 39.87006], [116.4479327, 39.8700575], [116.4497931, 39.8700493]]}}, {"type": "Feature", "properties": {"highway": "primary", "name": "松榆南路", "bridge": "", "tunnel": "", "layer": "", "source": "osm"}, "geometry": {"type": "LineString", "coordinates": [[116.4551113, 39.8699641], [116.4552488, 39.8699633], [116.4565185, 39.8699603], [116.4566553, 39.8699612], [116.457873, 39.8699566], [116.4615939, 39.8699572]]}}, {"type": "Feature", "properties": {"highway": "tertiary_link", "name": "", "bridge": "", "tunnel": "", "layer": "", "source": "osm"}, "geometry": {"type": "LineString", "coordinates": [[116.4547416, 39.8765538], [116.4547366, 39.8746899], [116.4546812, 39.873574]]}}, {"type": "Feature", "properties": {"highway": "tertiary_link", "name": "", "bridge": "", "tunnel": "", "layer": "", "source": "osm"}, "geometry": {"type": "LineString", "coordinates": [[116.4552126, 39.8733659], [116.4552053, 39.8750682], [116.4551908, 39.8762449], [116.4552619, 39.8766272]]}}, {"type": "Feature", "properties": {"highway": "tertiary", "name": "东三环中路", "bridge": "", "tunnel": "", "layer": "", "source": "osm"}, "geometry": {"type": "LineString", "coordinates": [[116.4553979, 39.8831396], [116.4554006, 39.8832476], [116.4554141, 39.8837852], [116.4554323, 39.8846325], [116.4554393, 39.8857284], [116.4554541, 39.8863794], [116.4554247, 39.8866055], [116.4554362, 39.8869057], [116.4554574, 39.8875504], [116.4554912, 39.8881301], [116.4555159, 39.8884498]]}}, {"type": "Feature", "properties": {"highway": "residential", "name": "", "bridge": "", "tunnel": "", "layer": "", "source": "osm"}, "geometry": {"type": "LineString", "coordinates": [[116.4418566, 39.8803354], [116.4418557, 39.881999], [116.4420766, 39.8823274], [116.4421154, 39.8830448]]}}, {"type": "Feature", "properties": {"highway": "primary", "name": "南磨房路", "bridge": "", "tunnel": "", "layer": "", "source": "osm"}, "geometry": {"type": "LineString", "coordinates": [[116.48078, 39.8830108], [116.4802705, 39.8830939], [116.4787651, 39.8830974], [116.4770981, 39.8831119], [116.4761957, 39.8831198]]}}, {"type": "Feature", "properties": {"highway": "tertiary", "name": "", "bridge": "", "tunnel": "", "layer": "", "source": "osm"}, "geometry": {"type": "LineString", "coordinates": [[116.4756797, 39.8831993], [116.4748675, 39.883205], [116.4734523, 39.8832083], [116.4726546, 39.8831988], [116.4723032, 39.8831288]]}}, {"type": "Feature", "properties": {"highway": "primary_link", "name": "", "bridge": "", "tunnel": "", "layer": "", "source": "osm"}, "geometry": {"type": "LineString", "coordinates": [[116.4787691, 39.8829903], [116.4793627, 39.882904]]}}, {"type": "Feature", "properties": {"highway": "primary_link", "name": "", "bridge": "", "tunnel": "", "layer": "", "source": "osm"}, "geometry": {"type": "LineString", "coordinates": [[116.4792894, 39.883195], [116.4787651, 39.8830974]]}}, {"type": "Feature", "properties": {"highway": "tertiary_link", "name": "", "bridge": "", "tunnel": "", "layer": "", "source": "osm"}, "geometry": {"type": "LineString", "coordinates": [[116.4761957, 39.8831198], [116.4756797, 39.8831993]]}}, {"type": "Feature", "properties": {"highway": "tertiary_link", "name": "", "bridge": "", "tunnel": "", "layer": "", "source": "osm"}, "geometry": {"type": "LineString", "coordinates": [[116.4756581, 39.8829324], [116.4760529, 39.883036]]}}, {"type": "Feature", "properties": {"highway": "tertiary", "name": "", "bridge": "", "tunnel": "", "layer": "", "source": "osm"}, "geometry": {"type": "LineString", "coordinates": [[116.4756581, 39.8829324], [116.4770951, 39.882911], [116.4793627, 39.882904], [116.4803986, 39.8829007], [116.4805809, 39.882859], [116.480708, 39.8828067], [116.4817299, 39.8823865], [116.4820815, 39.8822181], [116.4822856, 39.8820834], [116.4825266, 39.8819216], [116.4827375, 39.8817674], [116.4828781, 39.8816493], [116.4829852, 39.8815414], [116.4830588, 39.8814001], [116.4831158, 39.8812409], [116.4831258, 39.8810893], [116.4831732, 39.8793622], [116.4831803, 39.8792532], [116.4832064, 39.8791188], [116.4834001, 39.8785321]]}}, {"type": "Feature", "properties": {"highway": "unclassified", "name": "", "bridge": "", "tunnel": "", "layer": "", "source": "osm"}, "geometry": {"type": "LineString", "coordinates": [[116.4833671, 39.8901878], [116.4811158, 39.8901996], [116.4793884, 39.890208], [116.4775517, 39.8902184], [116.4766067, 39.8902455], [116.4714438, 39.8902081]]}}, {"type": "Feature", "properties": {"highway": "footway", "name": "", "bridge": "", "tunnel": "", "layer": "", "source": "osm"}, "geometry": {"type": "LineString", "coordinates": [[116.4771001, 39.8832458], [116.4770994, 39.8831976], [116.4770981, 39.8831119], [116.4770964, 39.8829964], [116.4770951, 39.882911], [116.4770942, 39.882848]]}}, {"type": "Feature", "properties": {"highway": "secondary", "name": "双龙路辅路", "bridge": "", "tunnel": "", "layer": "", "source": "osm"}, "geometry": {"type": "LineString", "coordinates": [[116.480841, 39.8708169], [116.4805351, 39.870617], [116.4803386, 39.8705069], [116.4799172, 39.8703099], [116.4797892, 39.8702629], [116.4794553, 39.8702071]]}}, {"type": "Feature", "properties": {"highway": "secondary", "name": "双龙路辅路", "bridge": "", "tunnel": "", "layer": "", "source": "osm"}, "geometry": {"type": "LineString", "coordinates": [[116.4775818, 39.8698011], [116.4783371, 39.8698078], [116.4785506, 39.8698078], [116.4786425, 39.8698078], [116.479009, 39.8697752], [116.479311, 39.8697166]]}}, {"type": "Feature", "properties": {"highway": "secondary_link", "name": "", "bridge": "", "tunnel": "", "layer": "", "source": "osm"}, "geometry": {"type": "LineString", "coordinates": [[116.4797892, 39.8702629], [116.4797878, 39.8701951], [116.4797752, 39.869796], [116.4797726, 39.8697142], [116.4797643, 39.8696159]]}}, {"type": "Feature", "properties": {"highway": "primary_link", "name": "", "bridge": "", "tunnel": "", "layer": "", "source": "osm"}, "geometry": {"type": "LineString", "coordinates": [[116.4723387, 39.8699362], [116.4727948, 39.8698126]]}}, {"type": "Feature", "properties": {"highway": "primary_link", "name": "", "bridge": "", "tunnel": "", "layer": "", "source": "osm"}, "geometry": {"type": "LineString", "coordinates": [[116.4732964, 39.8701941], [116.4725898, 39.8700682]]}}, {"type": "Feature", "properties": {"highway": "primary_link", "name": "", "bridge": "", "tunnel": "", "layer": "", "source": "osm"}, "geometry": {"type": "LineString", "coordinates": [[116.4751712, 39.8700589], [116.474757, 39.8701785]]}}, {"type": "Feature", "properties": {"highway": "service", "name": "", "bridge": "", "tunnel": "", "layer": "", "source": "osm"}, "geometry": {"type": "LineString", "coordinates": [[116.4541058, 39.9012592], [116.4540205, 39.9012599], [116.453808, 39.9012627], [116.4532719, 39.9012698], [116.4532589, 39.9008375], [116.4532508, 39.900572], [116.4532475, 39.9003291], [116.4549038, 39.9002911]]}}, {"type": "Feature", "properties": {"highway": "tertiary", "name": "百子湾南二路", "bridge": "", "tunnel": "", "layer": "", "source": "osm"}, "geometry": {"type": "LineString", "coordinates": [[116.4715128, 39.8957656], [116.4713492, 39.895769], [116.4701529, 39.8957837], [116.4665868, 39.8958276], [116.4657627, 39.8958355], [116.4630744, 39.8958611], [116.4629854, 39.895862], [116.4610432, 39.8958806], [116.4609917, 39.8958811], [116.4609066, 39.8958823], [116.4587607, 39.8959115], [116.4571065, 39.895934], [116.4556332, 39.895954]]}}, {"type": "Feature", "properties": {"highway": "unclassified", "name": "", "bridge": "", "tunnel": "", "layer": "", "source": "osm"}, "geometry": {"type": "LineString", "coordinates": [[116.4664907, 39.8992975], [116.4665747, 39.899422], [116.4667951, 39.8996127], [116.4669736, 39.8996946], [116.4678083, 39.899955], [116.4679576, 39.89997], [116.468059, 39.8999453], [116.4681184, 39.8998931], [116.4681444, 39.8998077], [116.4681246, 39.8997479], [116.4680256, 39.8996938], [116.4679093, 39.8996814], [116.4677707, 39.8996843], [116.4674837, 39.8997593]]}}, {"type": "Feature", "properties": {"highway": "tertiary_link", "name": "", "bridge": "", "tunnel": "", "layer": "", "source": "osm"}, "geometry": {"type": "LineString", "coordinates": [[116.4715005, 39.899149], [116.4716369, 39.8991463]]}}, {"type": "Feature", "properties": {"highway": "unclassified", "name": "", "bridge": "", "tunnel": "yes", "layer": "-1", "source": "osm"}, "geometry": {"type": "LineString", "coordinates": [[116.4674837, 39.8997593], [116.4669776, 39.899935]]}}, {"type": "Feature", "properties": {"highway": "residential", "name": "", "bridge": "", "tunnel": "", "layer": "", "source": "osm"}, "geometry": {"type": "LineString", "coordinates": [[116.4685515, 39.9024192], [116.4685562, 39.9018847], [116.46853, 39.9017977], [116.4684911, 39.9016682], [116.4682392, 39.900872]]}}, {"type": "Feature", "properties": {"highway": "residential", "name": "", "bridge": "", "tunnel": "", "layer": "", "source": "osm"}, "geometry": {"type": "LineString", "coordinates": [[116.4682392, 39.900872], [116.469079, 39.9005882], [116.4698896, 39.9006094], [116.470616, 39.900699], [116.4713282, 39.9010938], [116.4713507, 39.9020282], [116.4714156, 39.9024734]]}}, {"type": "Feature", "properties": {"highway": "cycleway", "name": "", "bridge": "", "tunnel": "", "layer": "", "source": "osm"}, "geometry": {"type": "LineString", "coordinates": [[116.4716369, 39.8991463], [116.4717825, 39.8993823], [116.4717912, 39.9004499], [116.4718056, 39.9007934], [116.4718496, 39.9018021], [116.4718867, 39.902029], [116.4718891, 39.9023873], [116.4718856, 39.9026198], [116.4718467, 39.9028048], [116.4718498, 39.9029796]]}}, {"type": "Feature", "properties": {"highway": "unclassified", "name": "", "bridge": "", "tunnel": "", "layer": "", "source": "osm"}, "geometry": {"type": "LineString", "coordinates": [[116.4669776, 39.899935], [116.4668813, 39.8999296], [116.4667164, 39.8998714], [116.4658977, 39.8995827], [116.465399, 39.899435], [116.4651277, 39.8993679], [116.4650088, 39.8993501], [116.4649178, 39.8993576], [116.4648801, 39.8993806], [116.46484, 39.8994093], [116.4648072, 39.8995095], [116.4647734, 39.8998327], [116.4647645, 39.8999306]]}}, {"type": "Feature", "properties": {"highway": "tertiary", "name": "百子湾路", "bridge": "", "tunnel": "", "layer": "", "source": "osm"}, "geometry": {"type": "LineString", "coordinates": [[116.4716369, 39.8991463], [116.4733087, 39.8991687], [116.4734789, 39.8991711], [116.4740454, 39.899179], [116.474596, 39.8992203], [116.4748631, 39.8992404], [116.4755162, 39.8992571], [116.4765411, 39.8992735], [116.4765921, 39.8992757], [116.4766397, 39.8992777], [116.4768711, 39.8992817], [116.4781961, 39.8992941], [116.4787674, 39.8993065], [116.4800885, 39.899329], [116.4827801, 39.8993924], [116.483556, 39.8994065]]}}, {"type": "Feature", "properties": {"highway": "primary", "name": "西大望路", "bridge": "", "tunnel": "", "layer": "", "source": "osm"}, "geometry": {"type": "LineString", "coordinates": [[116.4716713, 39.9007928], [116.4717556, 39.9023525], [116.4717493, 39.9024771], [116.4717497, 39.9025854], [116.4717504, 39.902805], [116.4717304, 39.9029797]]}}, {"type": "Feature", "properties": {"highway": "primary", "name": "西大望路", "bridge": "", "tunnel": "", "layer": "", "source": "osm"}, "geometry": {"type": "LineString", "coordinates": [[116.4716674, 39.9004474], [116.4716713, 39.9007928]]}}, {"type": "Feature", "properties": {"highway": "primary", "name": "西大望路", "bridge": "", "tunnel": "", "layer": "", "source": "osm"}, "geometry": {"type": "LineString", "coordinates": [[116.4715935, 39.900793], [116.4715908, 39.9004466]]}}, {"type": "Feature", "properties": {"highway": "primary", "name": "西大望路", "bridge": "", "tunnel": "", "layer": "", "source": "osm"}, "geometry": {"type": "LineString", "coordinates": [[116.4715908, 39.9004466], [116.4715745, 39.8993797], [116.4715005, 39.899149]]}}, {"type": "Feature", "properties": {"highway": "primary", "name": "西大望路", "bridge": "", "tunnel": "", "layer": "", "source": "osm"}, "geometry": {"type": "LineString", "coordinates": [[116.4716369, 39.8991463], [116.4716644, 39.8993738], [116.4716674, 39.9004474]]}}, {"type": "Feature", "properties": {"highway": "primary", "name": "西大望路", "bridge": "", "tunnel": "", "layer": "", "source": "osm"}, "geometry": {"type": "LineString", "coordinates": [[116.4715005, 39.899149], [116.4714556, 39.8978455], [116.4714533, 39.8977776], [116.4714391, 39.897368], [116.4713492, 39.895769], [116.4713598, 39.8950901], [116.471362, 39.8949541], [116.47137, 39.8944414], [116.4712385, 39.8922862], [116.4712465, 39.8920181]]}}, {"type": "Feature", "properties": {"highway": "tertiary", "name": "西大望路", "bridge": "", "tunnel": "", "layer": "", "source": "osm"}, "geometry": {"type": "LineString", "coordinates": [[116.4716369, 39.8991463], [116.4717462, 39.8993821], [116.4717491, 39.9004489], [116.4717635, 39.9007905], [116.4718126, 39.9018058], [116.4718485, 39.9020281], [116.4717493, 39.9024771]]}}, {"type": "Feature", "properties": {"highway": "residential", "name": "", "bridge": "", "tunnel": "", "layer": "", "source": "osm"}, "geometry": {"type": "LineString", "coordinates": [[116.4834778, 39.9014797], [116.4833714, 39.9014456], [116.4832925, 39.9014112], [116.4826573, 39.9014696], [116.4823072, 39.9017043], [116.4806882, 39.9017169], [116.4805865, 39.9017793], [116.4805621, 39.901929], [116.4797368, 39.9018073], [116.4795898, 39.9018252], [116.4785797, 39.9016669], [116.4783889, 39.9015984], [116.4780872, 39.9014901], [116.4778492, 39.9014265], [116.4765731, 39.9013751], [116.4760563, 39.901329], [116.4753575, 39.9012134], [116.474371, 39.9010276], [116.4737966, 39.9009472], [116.4725408, 39.9008198], [116.4721717, 39.9008081], [116.4721158, 39.9008691], [116.4719907, 39.9012402], [116.4720116, 39.9017386]]}}, {"type": "Feature", "properties": {"highway": "footway", "name": "", "bridge": "", "tunnel": "yes", "layer": "-1", "source": "osm"}, "geometry": {"type": "LineString", "coordinates": [[116.478249, 39.9006776], [116.4782353, 39.9011118], [116.4782287, 39.9013314]]}}, {"type": "Feature", "properties": {"highway": "cycleway", "name": "", "bridge": "", "tunnel": "", "layer": "", "source": "osm"}, "geometry": {"type": "LineString", "coordinates": [[116.4714153, 39.90298], [116.4714146, 39.9028888], [116.4714688, 39.9024737], [116.471525, 39.9020441], [116.4714839, 39.9010274], [116.4714747, 39.9007992], [116.4714651, 39.9004465], [116.4714492, 39.8993548], [116.4715005, 39.899149]]}}, {"type": "Feature", "properties": {"highway": "primary", "name": "西大望路", "bridge": "", "tunnel": "", "layer": "", "source": "osm"}, "geometry": {"type": "LineString", "coordinates": [[116.4715867, 39.9029798], [116.4715866, 39.9029216], [116.4716102, 39.9024743], [116.4716367, 39.9020421], [116.4715935, 39.900793]]}}, {"type": "Feature", "properties": {"highway": "tertiary", "name": "西大望路", "bridge": "", "tunnel": "", "layer": "", "source": "osm"}, "geometry": {"type": "LineString", "coordinates": [[116.4714472, 39.90298], [116.4714461, 39.902888], [116.4715025, 39.9024738], [116.4715609, 39.9020448], [116.4715142, 39.9007982], [116.471507, 39.9004455], [116.4714819, 39.8993619], [116.4715005, 39.899149]]}}, {"type": "Feature", "properties": {"highway": "residential", "name": "学子路", "bridge": "", "tunnel": "", "layer": "", "source": "osm"}, "geometry": {"type": "LineString", "coordinates": [[116.473672, 39.87787], [116.4736705, 39.8776642], [116.4736676, 39.8772813], [116.4736667, 39.8771578], [116.4736628, 39.8765972], [116.4736619, 39.8764689], [116.4736612, 39.8764113], [116.4736684, 39.876067], [116.4736702, 39.8757386], [116.4736718, 39.8756123], [116.4736613, 39.8748553]]}}, {"type": "Feature", "properties": {"highway": "residential", "name": "秋实路", "bridge": "", "tunnel": "", "layer": "", "source": "osm"}, "geometry": {"type": "LineString", "coordinates": [[116.4719233, 39.8729524], [116.4719071, 39.8748606], [116.4719143, 39.8756083], [116.471917, 39.8760651], [116.4719178, 39.8762644], [116.471923, 39.8764678], [116.4719152, 39.8766987], [116.471905, 39.8770407]]}}, {"type": "Feature", "properties": {"highway": "service", "name": "", "bridge": "", "tunnel": "", "layer": "", "source": "osm"}, "geometry": {"type": "LineString", "coordinates": [[116.4711216, 39.8760648], [116.470954, 39.876071], [116.4708527, 39.876073]]}}, {"type": "Feature", "properties": {"highway": "service", "name": "", "bridge": "", "tunnel": "", "layer": "", "source": "osm"}, "geometry": {"type": "LineString", "coordinates": [[116.4708522, 39.8763138], [116.4701038, 39.8763138], [116.4700957, 39.8758116], [116.4708533, 39.8758087]]}}, {"type": "Feature", "properties": {"highway": "footway", "name": "", "bridge": "", "tunnel": "", "layer": "", "source": "osm"}, "geometry": {"type": "LineString", "coordinates": [[116.4742676, 39.8771559], [116.4745805, 39.8770857], [116.4745724, 39.8769107], [116.474695, 39.8768252]]}}, {"type": "Feature", "properties": {"highway": "residential", "name": "奥林匹克路", "bridge": "", "tunnel": "", "layer": "", "source": "osm"}, "geometry": {"type": "LineString", "coordinates": [[116.4799172, 39.8703099], [116.479825, 39.8703889], [116.4794352, 39.8711583], [116.4790633, 39.8718922], [116.4790087, 39.8719967], [116.47875, 39.872492], [116.4785966, 39.8727856], [116.4784073, 39.8731596], [116.4777586, 39.8744415], [116.4775541, 39.8748456], [116.4775446, 39.8766482]]}}, {"type": "Feature", "properties": {"highway": "residential", "name": "", "bridge": "", "tunnel": "", "layer": "", "source": "osm"}, "geometry": {"type": "LineString", "coordinates": [[116.4755032, 39.8766844], [116.4759469, 39.8766766], [116.4761441, 39.8766731], [116.4766429, 39.8766642], [116.4775446, 39.8766482], [116.4777551, 39.8766444], [116.4780092, 39.8766399]]}}, {"type": "Feature", "properties": {"highway": "steps", "name": "", "bridge": "yes", "tunnel": "", "layer": "", "source": "osm"}, "geometry": {"type": "LineString", "coordinates": [[116.4714568, 39.8768626], [116.471449, 39.876497], [116.4714483, 39.8762796]]}}, {"type": "Feature", "properties": {"highway": "footway", "name": "", "bridge": "", "tunnel": "", "layer": "", "source": "osm"}, "geometry": {"type": "LineString", "coordinates": [[116.4727601, 39.8771609], [116.4727601, 39.8767543]]}}, {"type": "Feature", "properties": {"highway": "steps", "name": "", "bridge": "", "tunnel": "", "layer": "", "source": "osm"}, "geometry": {"type": "LineString", "coordinates": [[116.4714583, 39.8724028], [116.4714575, 39.8722373]]}}, {"type": "Feature", "properties": {"highway": "residential", "name": "", "bridge": "", "tunnel": "", "layer": "", "source": "osm"}, "geometry": {"type": "LineString", "coordinates": [[116.4616316, 39.8718215], [116.4630202, 39.871813], [116.4638849, 39.8725147], [116.4646641, 39.8730512], [116.4646992, 39.8748186]]}}, {"type": "Feature", "properties": {"highway": "service", "name": "", "bridge": "", "tunnel": "", "layer": "", "source": "osm"}, "geometry": {"type": "LineString", "coordinates": [[116.471917, 39.8760651], [116.4714817, 39.8760586], [116.4712868, 39.8760607]]}}, {"type": "Feature", "properties": {"highway": "residential", "name": "", "bridge": "", "tunnel": "", "layer": "", "source": "osm"}, "geometry": {"type": "LineString", "coordinates": [[116.4715973, 39.8717606], [116.4727779, 39.8717564]]}}, {"type": "Feature", "properties": {"highway": "residential", "name": "春华路", "bridge": "", "tunnel": "", "layer": "", "source": "osm"}, "geometry": {"type": "LineString", "coordinates": [[116.474466, 39.8706201], [116.4745572, 39.8704348], [116.4761611, 39.8704224], [116.4761696, 39.8704905], [116.4761691, 39.8709055], [116.4761686, 39.8712737], [116.4761645, 39.8722996], [116.4761643, 39.8723515], [116.476166, 39.8727573], [116.4761674, 39.8730715], [116.4761692, 39.8734962], [116.4761706, 39.8738324], [116.4761719, 39.874139], [116.476175, 39.8748397]]}}, {"type": "Feature", "properties": {"highway": "steps", "name": "", "bridge": "yes", "tunnel": "", "layer": "", "source": "osm"}, "geometry": {"type": "LineString", "coordinates": [[116.470954, 39.876071], [116.4709285, 39.8764873]]}}, {"type": "Feature", "properties": {"highway": "service", "name": "", "bridge": "", "tunnel": "", "layer": "", "source": "osm"}, "geometry": {"type": "LineString", "coordinates": [[116.473613, 39.8706077], [116.4736211, 39.8702655], [116.4736237, 39.8701906]]}}, {"type": "Feature", "properties": {"highway": "residential", "name": "日新路", "bridge": "", "tunnel": "", "layer": "", "source": "osm"}, "geometry": {"type": "LineString", "coordinates": [[116.4744821, 39.8722957], [116.4761645, 39.8722996], [116.4762311, 39.8722998], [116.4770302, 39.8723863], [116.4778456, 39.8725551], [116.4785966, 39.8727856], [116.4790579, 39.8729092], [116.47953, 39.8729503], [116.4799305, 39.8728959], [116.480045, 39.8728803], [116.4804098, 39.8728186], [116.4806941, 39.8728392], [116.4807983, 39.8728777], [116.4809945, 39.8729503]]}}, {"type": "Feature", "properties": {"highway": "residential", "name": "", "bridge": "", "tunnel": "", "layer": "", "source": "osm"}, "geometry": {"type": "LineString", "coordinates": [[116.4616268, 39.8736164], [116.4625079, 39.8736235], [116.4638849, 39.8725147], [116.4653186, 39.8715073], [116.4655653, 39.8714167], [116.4660788, 39.8713967]]}}, {"type": "Feature", "properties": {"highway": "residential", "name": "", "bridge": "", "tunnel": "", "layer": "", "source": "osm"}, "geometry": {"type": "LineString", "coordinates": [[116.4757481, 39.8771516], [116.4757513, 39.8772694], [116.4757468, 39.8774414], [116.4757415, 39.8776436], [116.4757411, 39.8777543], [116.4757418, 39.8779487]]}}, {"type": "Feature", "properties": {"highway": "footway", "name": "", "bridge": "", "tunnel": "", "layer": "", "source": "osm"}, "geometry": {"type": "LineString", "coordinates": [[116.4723524, 39.8771623], [116.4727601, 39.8767543]]}}, {"type": "Feature", "properties": {"highway": "service", "name": "", "bridge": "", "tunnel": "", "layer": "", "source": "osm"}, "geometry": {"type": "LineString", "coordinates": [[116.4708504, 39.8771413], [116.4708522, 39.8763138], [116.4708527, 39.876073], [116.4708533, 39.8758087], [116.4708537, 39.8756327], [116.4708543, 39.8753773], [116.4708548, 39.8751364]]}}, {"type": "Feature", "properties": {"highway": "unclassified", "name": "", "bridge": "", "tunnel": "", "layer": "", "source": "osm"}, "geometry": {"type": "LineString", "coordinates": [[116.4693565, 39.8700678], [116.4693232, 39.871425], [116.4696112, 39.8717132], [116.4696129, 39.8727177]]}}, {"type": "Feature", "properties": {"highway": "service", "name": "", "bridge": "", "tunnel": "", "layer": "", "source": "osm"}, "geometry": {"type": "LineString", "coordinates": [[116.4741817, 39.8748537], [116.4741833, 39.874141], [116.4741839, 39.8738393], [116.474185, 39.8733471], [116.4741851, 39.8732896], [116.4741863, 39.8727272], [116.474187, 39.8724233]]}}, {"type": "Feature", "properties": {"highway": "residential", "name": "", "bridge": "", "tunnel": "", "layer": "", "source": "osm"}, "geometry": {"type": "LineString", "coordinates": [[116.472048, 39.8771633], [116.4720486, 39.8772813], [116.4720504, 39.8776518], [116.472052, 39.8779564]]}}, {"type": "Feature", "properties": {"highway": "service", "name": "", "bridge": "", "tunnel": "", "layer": "", "source": "osm"}, "geometry": {"type": "LineString", "coordinates": [[116.4747592, 39.8776477], [116.4757415, 39.8776436]]}}, {"type": "Feature", "properties": {"highway": "service", "name": "", "bridge": "", "tunnel": "", "layer": "", "source": "osm"}, "geometry": {"type": "LineString", "coordinates": [[116.4720504, 39.8776518], [116.4736705, 39.8776642]]}}, {"type": "Feature", "properties": {"highway": "footway", "name": "", "bridge": "", "tunnel": "", "layer": "", "source": "osm"}, "geometry": {"type": "LineString", "coordinates": [[116.4720486, 39.8772813], [116.4736676, 39.8772813], [116.473728, 39.8772811], [116.4746268, 39.8772778], [116.4747565, 39.8772773], [116.4757513, 39.8772694]]}}, {"type": "Feature", "properties": {"highway": "residential", "name": "", "bridge": "", "tunnel": "", "layer": "", "source": "osm"}, "geometry": {"type": "LineString", "coordinates": [[116.4630202, 39.871813], [116.4630334, 39.8701711]]}}, {"type": "Feature", "properties": {"highway": "residential", "name": "", "bridge": "", "tunnel": "", "layer": "", "source": "osm"}, "geometry": {"type": "LineString", "coordinates": [[116.4747556, 39.8771544], [116.4747565, 39.8772773], [116.4747592, 39.8776477], [116.4747617, 39.8781073]]}}, {"type": "Feature", "properties": {"highway": "residential", "name": "", "bridge": "", "tunnel": "", "layer": "", "source": "osm"}, "geometry": {"type": "LineString", "coordinates": [[116.4719143, 39.8756083], [116.4726855, 39.8756089], [116.4727988, 39.8756089], [116.4736718, 39.8756123], [116.4750977, 39.8756083], [116.4752492, 39.8758157], [116.4755013, 39.8758116], [116.4759316, 39.8758149]]}}, {"type": "Feature", "properties": {"highway": "residential", "name": "", "bridge": "", "tunnel": "", "layer": "", "source": "osm"}, "geometry": {"type": "LineString", "coordinates": [[116.4730498, 39.8724233], [116.474187, 39.8724233], [116.4744821, 39.8722957], [116.4744823, 39.8712459], [116.4744764, 39.8710211], [116.474466, 39.8706201], [116.4739177, 39.8706121], [116.473613, 39.8706077], [116.4731412, 39.8706147], [116.4727816, 39.8706201], [116.4727803, 39.8710238], [116.4727797, 39.8712117], [116.4727796, 39.8712303], [116.4727795, 39.8712764], [116.4727779, 39.8717564], [116.4727762, 39.8722998], [116.4730498, 39.8724233]]}}, {"type": "Feature", "properties": {"highway": "residential", "name": "", "bridge": "", "tunnel": "", "layer": "", "source": "osm"}, "geometry": {"type": "LineString", "coordinates": [[116.4727816, 39.8706201], [116.4727708, 39.8704965], [116.4726904, 39.8704307], [116.4717462, 39.8704595], [116.4716175, 39.8705336], [116.4715973, 39.8717606], [116.4715861, 39.8724372], [116.4715786, 39.8728933], [116.4717055, 39.872952], [116.4719233, 39.8729524], [116.4730474, 39.8729545]]}}, {"type": "Feature", "properties": {"highway": "residential", "name": "博雅路", "bridge": "", "tunnel": "", "layer": "", "source": "osm"}, "geometry": {"type": "LineString", "coordinates": [[116.4744823, 39.8712459], [116.4747805, 39.8712436], [116.4760699, 39.8712335], [116.4761686, 39.8712737], [116.4763132, 39.871323], [116.476431, 39.8713636], [116.4765673, 39.8714278], [116.4769764, 39.8716858], [116.4771006, 39.8717487], [116.4772334, 39.8718042], [116.4773276, 39.8718372], [116.4774218, 39.8718582], [116.4775794, 39.8718778], [116.4777187, 39.871886], [116.4778548, 39.8718871], [116.4779779, 39.8718729], [116.4782843, 39.8718205], [116.478387, 39.871821], [116.4785479, 39.8718341], [116.4787062, 39.8718531], [116.4790633, 39.8718922]]}}, {"type": "Feature", "properties": {"highway": "steps", "name": "", "bridge": "", "tunnel": "", "layer": "", "source": "osm"}, "geometry": {"type": "LineString", "coordinates": [[116.4709835, 39.8720796], [116.4709796, 39.8722389]]}}, {"type": "Feature", "properties": {"highway": "service", "name": "", "bridge": "", "tunnel": "", "layer": "", "source": "osm"}, "geometry": {"type": "LineString", "coordinates": [[116.471923, 39.8764678], [116.4726829, 39.8764747]]}}, {"type": "Feature", "properties": {"highway": "residential", "name": "松榆东里中街", "bridge": "", "tunnel": "", "layer": "", "source": "osm"}, "geometry": {"type": "LineString", "coordinates": [[116.4646641, 39.8730512], [116.4660723, 39.8729678], [116.4676521, 39.8728742], [116.4696129, 39.8727177], [116.4709916, 39.8726436]]}}, {"type": "Feature", "properties": {"highway": "primary_link", "name": "", "bridge": "yes", "tunnel": "", "layer": "3", "source": "osm"}, "geometry": {"type": "LineString", "coordinates": [[116.4395328, 39.8925915], [116.4395848, 39.8923529]]}}, {"type": "Feature", "properties": {"highway": "primary_link", "name": "", "bridge": "", "tunnel": "", "layer": "", "source": "osm"}, "geometry": {"type": "LineString", "coordinates": [[116.4393681, 39.8933713], [116.4395328, 39.8925915]]}}, {"type": "Feature", "properties": {"highway": "trunk_link", "name": "", "bridge": "", "tunnel": "", "layer": "", "source": "osm"}, "geometry": {"type": "LineString", "coordinates": [[116.436179, 39.8973995], [116.4363725, 39.8972685], [116.4364917, 39.8971728], [116.4365583, 39.8970776], [116.436609, 39.8969543], [116.4366665, 39.8964552], [116.4366951, 39.8957542], [116.4367327, 39.8954026], [116.4368027, 39.8951908]]}}, {"type": "Feature", "properties": {"highway": "footway", "name": "", "bridge": "yes", "tunnel": "", "layer": "1", "source": "osm"}, "geometry": {"type": "LineString", "coordinates": [[116.4395969, 39.8833986], [116.438915, 39.8833744], [116.4383031, 39.8833549]]}}, {"type": "Feature", "properties": {"highway": "steps", "name": "", "bridge": "", "tunnel": "", "layer": "", "source": "osm"}, "geometry": {"type": "LineString", "coordinates": [[116.4396176, 39.8831936], [116.4393535, 39.8831824]]}}, {"type": "Feature", "properties": {"highway": "tertiary", "name": "", "bridge": "", "tunnel": "", "layer": "2", "source": "osm"}, "geometry": {"type": "LineString", "coordinates": [[116.4367421, 39.8924957], [116.43674, 39.8921575]]}}, {"type": "Feature", "properties": {"highway": "trunk_link", "name": "", "bridge": "", "tunnel": "", "layer": "", "source": "osm"}, "geometry": {"type": "LineString", "coordinates": [[116.4366665, 39.8964552], [116.4365485, 39.8962553]]}}, {"type": "Feature", "properties": {"highway": "trunk_link", "name": "", "bridge": "", "tunnel": "", "layer": "", "source": "osm"}, "geometry": {"type": "LineString", "coordinates": [[116.4381065, 39.8963004], [116.4376373, 39.8966198]]}}, {"type": "Feature", "properties": {"highway": "steps", "name": "", "bridge": "yes", "tunnel": "", "layer": "1", "source": "osm"}, "geometry": {"type": "LineString", "coordinates": [[116.4389746, 39.8829661], [116.4390026, 39.8827483]]}}, {"type": "Feature", "properties": {"highway": "tertiary", "name": "", "bridge": "", "tunnel": "", "layer": "", "source": "osm"}, "geometry": {"type": "LineString", "coordinates": [[116.4383305, 39.8833087], [116.4381653, 39.8833081], [116.4380438, 39.8833029], [116.4379929, 39.8832979], [116.4362293, 39.8832457], [116.435842, 39.8831297]]}}, {"type": "Feature", "properties": {"highway": "footway", "name": "", "bridge": "yes", "tunnel": "", "layer": "1", "source": "osm"}, "geometry": {"type": "LineString", "coordinates": [[116.4383355, 39.8829474], [116.4389746, 39.8829661], [116.4396386, 39.8829854]]}}, {"type": "Feature", "properties": {"highway": "footway", "name": "", "bridge": "", "tunnel": "", "layer": "", "source": "osm"}, "geometry": {"type": "LineString", "coordinates": [[116.4393248, 39.8834295], [116.4393535, 39.8831824], [116.4393803, 39.882952]]}}, {"type": "Feature", "properties": {"highway": "tertiary_link", "name": "", "bridge": "", "tunnel": "", "layer": "", "source": "osm"}, "geometry": {"type": "LineString", "coordinates": [[116.4397301, 39.883347], [116.4396025, 39.883343], [116.439562, 39.8833417]]}}, {"type": "Feature", "properties": {"highway": "tertiary", "name": "", "bridge": "", "tunnel": "", "layer": "", "source": "osm"}, "geometry": {"type": "LineString", "coordinates": [[116.4399877, 39.8830122], [116.4421154, 39.8830448], [116.442875, 39.883055], [116.4431123, 39.8831743]]}}, {"type": "Feature", "properties": {"highway": "footway", "name": "", "bridge": "", "tunnel": "", "layer": "", "source": "osm"}, "geometry": {"type": "LineString", "coordinates": [[116.4390026, 39.8827483], [116.4390311, 39.882751], [116.4389987, 39.88295], [116.4389828, 39.8830474]]}}, {"type": "Feature", "properties": {"highway": "tertiary", "name": "", "bridge": "", "tunnel": "", "layer": "", "source": "osm"}, "geometry": {"type": "LineString", "coordinates": [[116.4397301, 39.883347], [116.4397541, 39.8830375], [116.4399877, 39.8830122], [116.4399568, 39.883368], [116.4397301, 39.883347]]}}, {"type": "Feature", "properties": {"highway": "footway", "name": "", "bridge": "", "tunnel": "", "layer": "", "source": "osm"}, "geometry": {"type": "LineString", "coordinates": [[116.4396386, 39.8829854], [116.4396335, 39.883036], [116.4396176, 39.8831936], [116.4396025, 39.883343], [116.4395969, 39.8833986]]}}, {"type": "Feature", "properties": {"highway": "tertiary", "name": "东直门南大街", "bridge": "", "tunnel": "", "layer": "1", "source": "osm"}, "geometry": {"type": "LineString", "coordinates": [[116.4323213, 39.8981187], [116.4353472, 39.8974712], [116.4360244, 39.8973127], [116.4362206, 39.8972474], [116.4363254, 39.8971809], [116.4363886, 39.8971134], [116.4364506, 39.8970261], [116.4364825, 39.8969401], [116.4365045, 39.89683], [116.4365485, 39.8962553]]}}, {"type": "Feature", "properties": {"highway": "tertiary", "name": "广渠门北滨河路", "bridge": "", "tunnel": "", "layer": "2", "source": "osm"}, "geometry": {"type": "LineString", "coordinates": [[116.4365485, 39.8962553], [116.4365651, 39.8959554], [116.4365946, 39.895665], [116.436638, 39.8953083], [116.4366642, 39.8951624], [116.4367136, 39.894619], [116.4367208, 39.8942455], [116.4367416, 39.8925405], [116.4367421, 39.8924957]]}}, {"type": "Feature", "properties": {"highway": "tertiary", "name": "广渠门南滨河路", "bridge": "", "tunnel": "", "layer": "2", "source": "osm"}, "geometry": {"type": "LineString", "coordinates": [[116.4399568, 39.883368], [116.4399513, 39.8834028], [116.43977, 39.8845494], [116.4397239, 39.8846224], [116.4396359, 39.8847274], [116.4392568, 39.8851211], [116.4391689, 39.8852578], [116.4391309, 39.8854094], [116.439008, 39.8862509], [116.438898, 39.8870349], [116.4388547, 39.8873736], [116.4388128, 39.8877011], [116.4386784, 39.8887513], [116.4385562, 39.8897062], [116.4385085, 39.890023], [116.4385601, 39.8903824], [116.4388123, 39.8907277], [116.4388616, 39.8908655], [116.4388747, 39.891008], [116.4388364, 39.8912175], [116.4387306, 39.8920211], [116.4387644, 39.8920815], [116.4387892, 39.892126]]}}, {"type": "Feature", "properties": {"highway": "tertiary", "name": "广渠门南滨河路", "bridge": "", "tunnel": "", "layer": "2", "source": "osm"}, "geometry": {"type": "LineString", "coordinates": [[116.43674, 39.8921575], [116.4367453, 39.8921161], [116.4367488, 39.8920893], [116.4368605, 39.8913357], [116.437075, 39.8901526], [116.4370876, 39.890083], [116.4374281, 39.8880795], [116.4378125, 39.885073], [116.4380366, 39.8834369], [116.4380438, 39.8833029]]}}, {"type": "Feature", "properties": {"highway": "trunk_link", "name": "", "bridge": "", "tunnel": "", "layer": "", "source": "osm"}, "geometry": {"type": "LineString", "coordinates": [[116.4382465, 39.8712593], [116.4381528, 39.871725]]}}, {"type": "Feature", "properties": {"highway": "trunk_link", "name": "", "bridge": "", "tunnel": "", "layer": "", "source": "osm"}, "geometry": {"type": "LineString", "coordinates": [[116.4385114, 39.8733169], [116.4388856, 39.8738877]]}}, {"type": "Feature", "properties": {"highway": "tertiary", "name": "广渠门南滨河路", "bridge": "", "tunnel": "", "layer": "", "source": "osm"}, "geometry": {"type": "LineString", "coordinates": [[116.4335561, 39.8689371], [116.4336969, 39.8689374], [116.4338751, 39.8689381], [116.43476, 39.8689433], [116.4352209, 39.8689647], [116.4356599, 39.8690174], [116.4359289, 39.869075], [116.4362964, 39.8691824], [116.4365688, 39.8692836], [116.4368768, 39.8694307], [116.4370917, 39.8695545], [116.4371381, 39.8695812], [116.4372706, 39.8696758], [116.4373721, 39.8697483], [116.4375809, 39.8699515], [116.4377704, 39.8701551], [116.4380377, 39.8706007], [116.4380784, 39.8706885], [116.4381482, 39.8709377], [116.4382465, 39.8712593], [116.4383321, 39.8717036], [116.4384187, 39.8721264], [116.4385017, 39.8725511], [116.4385979, 39.8729413], [116.4386886, 39.8732873], [116.4387853, 39.8736034], [116.4388856, 39.8738877], [116.4389326, 39.8740118], [116.4389939, 39.8741736], [116.4390663, 39.8743241], [116.4391152, 39.8744258], [116.4392122, 39.8746645], [116.439266, 39.8748011]]}}, {"type": "Feature", "properties": {"highway": "steps", "name": "", "bridge": "yes", "tunnel": "", "layer": "1", "source": "osm"}, "geometry": {"type": "LineString", "coordinates": [[116.438915, 39.8833744], [116.4388926, 39.8836044]]}}, {"type": "Feature", "properties": {"highway": "footway", "name": "", "bridge": "", "tunnel": "", "layer": "", "source": "osm"}, "geometry": {"type": "LineString", "coordinates": [[116.4388926, 39.8836044], [116.4389234, 39.8836059], [116.4389419, 39.8834109], [116.4389828, 39.8830474]]}}, {"type": "Feature", "properties": {"highway": "tertiary", "name": "龙潭东路", "bridge": "", "tunnel": "", "layer": "", "source": "osm"}, "geometry": {"type": "LineString", "coordinates": [[116.4380553, 39.8829772], [116.438073, 39.8828324], [116.4382406, 39.8815673], [116.4383247, 39.8812204], [116.4385475, 39.8803455], [116.4385946, 39.8801607], [116.4386794, 39.8798668], [116.4388674, 39.8792156], [116.4389477, 39.8787584], [116.4390742, 39.8781331], [116.4390857, 39.8777901], [116.4390866, 39.8777636], [116.4390711, 39.8773112], [116.4389755, 39.8768422], [116.4388674, 39.8766124], [116.4380477, 39.8750355], [116.4379931, 39.874931], [116.437895, 39.874743], [116.4377923, 39.8745464], [116.4377679, 39.8744813], [116.4376679, 39.8742147], [116.43755, 39.8739216], [116.4371077, 39.8717664], [116.4370399, 39.8713923], [116.4369924, 39.8712663], [116.4369104, 39.8711596], [116.4368094, 39.8710894], [116.436705, 39.8710439], [116.4361148, 39.8709376], [116.4358255, 39.8708905], [116.4355541, 39.8708905], [116.4352165, 39.870906]]}}, {"type": "Feature", "properties": {"highway": "footway", "name": "", "bridge": "yes", "tunnel": "", "layer": "1", "source": "osm"}, "geometry": {"type": "LineString", "coordinates": [[116.4366601, 39.8697359], [116.4370051, 39.8693887]]}}, {"type": "Feature", "properties": {"highway": "steps", "name": "", "bridge": "yes", "tunnel": "", "layer": "1", "source": "osm"}, "geometry": {"type": "LineString", "coordinates": [[116.4365535, 39.8696712], [116.4366601, 39.8697359], [116.4367985, 39.8698146]]}}, {"type": "Feature", "properties": {"highway": "steps", "name": "", "bridge": "yes", "tunnel": "", "layer": "1", "source": "osm"}, "geometry": {"type": "LineString", "coordinates": [[116.4371493, 39.8694709], [116.4370051, 39.8693887], [116.4369077, 39.8693295]]}}, {"type": "Feature", "properties": {"highway": "residential", "name": "", "bridge": "", "tunnel": "", "layer": "", "source": "osm"}, "geometry": {"type": "LineString", "coordinates": [[116.4390809, 39.8683692], [116.438963, 39.8679695], [116.4389234, 39.8676672], [116.4388947, 39.8667876], [116.4389204, 39.8645289]]}}, {"type": "Feature", "properties": {"highway": "tertiary", "name": "左安路", "bridge": "", "tunnel": "", "layer": "", "source": "osm"}, "geometry": {"type": "LineString", "coordinates": [[116.4443508, 39.8668424], [116.4433737, 39.8671423], [116.4431669, 39.8672124], [116.4426694, 39.8674311], [116.4422098, 39.8676332], [116.4414196, 39.8679499], [116.441222, 39.8680029], [116.4410758, 39.8680333], [116.4407223, 39.8679817], [116.4405425, 39.8679832], [116.440347, 39.8680242], [116.4390809, 39.8683692], [116.4376664, 39.8688429], [116.4371513, 39.8689841], [116.4365422, 39.8691097], [116.4362964, 39.8691824]]}}, {"type": "Feature", "properties": {"highway": "tertiary", "name": "", "bridge": "", "tunnel": "", "layer": "", "source": "osm"}, "geometry": {"type": "LineString", "coordinates": [[116.4497931, 39.8700493], [116.4497949, 39.8701331]]}}, {"type": "Feature", "properties": {"highway": "service", "name": "", "bridge": "", "tunnel": "", "layer": "", "source": "osm"}, "geometry": {"type": "LineString", "coordinates": [[116.4498042, 39.8705235], [116.4501004, 39.8705951]]}}, {"type": "Feature", "properties": {"highway": "tertiary", "name": "华威路", "bridge": "", "tunnel": "", "layer": "", "source": "osm"}, "geometry": {"type": "LineString", "coordinates": [[116.4497949, 39.8701331], [116.4498028, 39.8704508], [116.4498042, 39.8705235], [116.4498072, 39.8706715], [116.4498091, 39.8707827]]}}, {"type": "Feature", "properties": {"highway": "tertiary_link", "name": "", "bridge": "", "tunnel": "", "layer": "", "source": "osm"}, "geometry": {"type": "LineString", "coordinates": [[116.4546228, 39.8705176], [116.4551215, 39.8705093]]}}, {"type": "Feature", "properties": {"highway": "footway", "name": "", "bridge": "", "tunnel": "", "layer": "", "source": "osm"}, "geometry": {"type": "LineString", "coordinates": [[116.4516743, 39.8702007], [116.4516728, 39.8701214], [116.4516713, 39.8700383], [116.4516699, 39.8699627]]}}, {"type": "Feature", "properties": {"highway": "tertiary", "name": "东三环南路", "bridge": "", "tunnel": "", "layer": "", "source": "osm"}, "geometry": {"type": "LineString", "coordinates": [[116.4551144, 39.8700772], [116.4551215, 39.8705093], [116.4551831, 39.8715988]]}}, {"type": "Feature", "properties": {"highway": "primary", "name": "华威南路", "bridge": "", "tunnel": "", "layer": "", "source": "osm"}, "geometry": {"type": "LineString", "coordinates": [[116.4497931, 39.8700493], [116.4511782, 39.8700412], [116.4514276, 39.8700415], [116.4516713, 39.8700383], [116.453728, 39.8699938], [116.4544747, 39.8699776], [116.454507, 39.8699769], [116.4546131, 39.8699746]]}}, {"type": "Feature", "properties": {"highway": "tertiary", "name": "华威路", "bridge": "", "tunnel": "", "layer": "", "source": "osm"}, "geometry": {"type": "LineString", "coordinates": [[116.4498277, 39.871709], [116.4498434, 39.8721267], [116.4498491, 39.8723463], [116.4498189, 39.8730321], [116.4498125, 39.8735316], [116.4498338, 39.874245], [116.4498384, 39.8748649]]}}, {"type": "Feature", "properties": {"highway": "tertiary", "name": "松榆北路", "bridge": "", "tunnel": "", "layer": "", "source": "osm"}, "geometry": {"type": "LineString", "coordinates": [[116.4712779, 39.8748914], [116.471129, 39.8748906], [116.4663007, 39.8748871], [116.4660851, 39.8748869], [116.4637458, 39.8748852], [116.4622023, 39.8748841], [116.4616232, 39.8748837]]}}, {"type": "Feature", "properties": {"highway": "steps", "name": "", "bridge": "", "tunnel": "", "layer": "1", "source": "osm"}, "geometry": {"type": "LineString", "coordinates": [[116.4548452, 39.8775549], [116.4548424, 39.8774206]]}}, {"type": "Feature", "properties": {"highway": "tertiary_link", "name": "", "bridge": "", "tunnel": "", "layer": "", "source": "osm"}, "geometry": {"type": "LineString", "coordinates": [[116.4550459, 39.892852], [116.4556056, 39.8928489]]}}, {"type": "Feature", "properties": {"highway": "footway", "name": "", "bridge": "yes", "tunnel": "", "layer": "1", "source": "osm"}, "geometry": {"type": "LineString", "coordinates": [[116.4547177, 39.8800734], [116.454343, 39.8800796]]}}, {"type": "Feature", "properties": {"highway": "footway", "name": "", "bridge": "yes", "tunnel": "", "layer": "1", "source": "osm"}, "geometry": {"type": "LineString", "coordinates": [[116.4547198, 39.8802781], [116.4543751, 39.8802836]]}}, {"type": "Feature", "properties": {"highway": "tertiary_link", "name": "", "bridge": "", "tunnel": "", "layer": "", "source": "osm"}, "geometry": {"type": "LineString", "coordinates": [[116.4553923, 39.8830126], [116.4553979, 39.8831396]]}}, {"type": "Feature", "properties": {"highway": "tertiary_link", "name": "", "bridge": "", "tunnel": "", "layer": "", "source": "osm"}, "geometry": {"type": "LineString", "coordinates": [[116.4555749, 39.890899], [116.4550022, 39.890902]]}}, {"type": "Feature", "properties": {"highway": "tertiary_link", "name": "", "bridge": "", "tunnel": "", "layer": "", "source": "osm"}, "geometry": {"type": "LineString", "coordinates": [[116.4548384, 39.8831485], [116.4548384, 39.8830184]]}}, {"type": "Feature", "properties": {"highway": "tertiary_link", "name": "", "bridge": "", "tunnel": "", "layer": "", "source": "osm"}, "geometry": {"type": "LineString", "coordinates": [[116.4548466, 39.8837914], [116.4554141, 39.8837852]]}}, {"type": "Feature", "properties": {"highway": "steps", "name": "", "bridge": "", "tunnel": "", "layer": "1", "source": "osm"}, "geometry": {"type": "LineString", "coordinates": [[116.4552531, 39.8775499], [116.4552503, 39.8774152]]}}, {"type": "Feature", "properties": {"highway": "primary", "name": "", "bridge": "", "tunnel": "", "layer": "", "source": "osm"}, "geometry": {"type": "LineString", "coordinates": [[116.4555996, 39.8921705], [116.4550394, 39.8921804]]}}, {"type": "Feature", "properties": {"highway": "steps", "name": "", "bridge": "", "tunnel": "", "layer": "1", "source": "osm"}, "geometry": {"type": "LineString", "coordinates": [[116.4546831, 39.8778234], [116.4546776, 39.877557], [116.454672, 39.8772867]]}}, {"type": "Feature", "properties": {"highway": "steps", "name": "", "bridge": "", "tunnel": "", "layer": "1", "source": "osm"}, "geometry": {"type": "LineString", "coordinates": [[116.4554325, 39.8805753], [116.4554347, 39.8803129], [116.4554325, 39.8800241]]}}, {"type": "Feature", "properties": {"highway": "steps", "name": "", "bridge": "", "tunnel": "", "layer": "1", "source": "osm"}, "geometry": {"type": "LineString", "coordinates": [[116.4553987, 39.8777668], [116.4553942, 39.8775482], [116.4553894, 39.877315]]}}, {"type": "Feature", "properties": {"highway": "footway", "name": "", "bridge": "yes", "tunnel": "", "layer": "1", "source": "osm"}, "geometry": {"type": "LineString", "coordinates": [[116.4545215, 39.8803967], [116.4546329, 39.8803167], [116.4547202, 39.8803166], [116.4547102, 39.8805923]]}}, {"type": "Feature", "properties": {"highway": "tertiary", "name": "东三环中路", "bridge": "", "tunnel": "", "layer": "", "source": "osm"}, "geometry": {"type": "LineString", "coordinates": [[116.455386, 39.8995875], [116.4551889, 39.8992465], [116.4551428, 39.8975671], [116.4551161, 39.8969111], [116.4551139, 39.8968465], [116.4550932, 39.8963501]]}}, {"type": "Feature", "properties": {"highway": "tertiary", "name": "东三环中路", "bridge": "", "tunnel": "", "layer": "", "source": "osm"}, "geometry": {"type": "LineString", "coordinates": [[116.4554025, 39.900329], [116.455386, 39.8995875]]}}, {"type": "Feature", "properties": {"highway": "tertiary", "name": "东三环中路", "bridge": "", "tunnel": "", "layer": "", "source": "osm"}, "geometry": {"type": "LineString", "coordinates": [[116.455541, 39.8995858], [116.4555548, 39.9003247]]}}, {"type": "Feature", "properties": {"highway": "tertiary", "name": "东三环中路", "bridge": "", "tunnel": "", "layer": "", "source": "osm"}, "geometry": {"type": "LineString", "coordinates": [[116.4555548, 39.9003247], [116.455734, 39.9007192], [116.4557031, 39.9012986], [116.4556993, 39.9013695], [116.4557384, 39.9016839], [116.4557616, 39.9021112], [116.4557826, 39.9022615]]}}, {"type": "Feature", "properties": {"highway": "tertiary", "name": "东三环南路", "bridge": "", "tunnel": "", "layer": "", "source": "osm"}, "geometry": {"type": "LineString", "coordinates": [[116.454779, 39.8801862], [116.4547697, 39.8794713], [116.454773, 39.8791525], [116.4547641, 39.8781102], [116.4547595, 39.8778929], [116.4547437, 39.877008], [116.4547416, 39.8765538]]}}, {"type": "Feature", "properties": {"highway": "primary", "name": "广渠路", "bridge": "", "tunnel": "", "layer": "", "source": "osm"}, "geometry": {"type": "LineString", "coordinates": [[116.4714596, 39.891811], [116.4741164, 39.8918015], [116.4745784, 39.8918027], [116.4774503, 39.8918288], [116.4795515, 39.891823], [116.4803254, 39.8918105], [116.4805782, 39.8918067]]}}, {"type": "Feature", "properties": {"highway": "residential", "name": "八棵杨南街", "bridge": "", "tunnel": "", "layer": "", "source": "osm"}, "geometry": {"type": "LineString", "coordinates": [[116.4554323, 39.8846325], [116.4566298, 39.8846288], [116.4570498, 39.8846237], [116.4596165, 39.884604], [116.4616348, 39.8846118], [116.4639295, 39.8848094], [116.4654101, 39.885051], [116.4663373, 39.8852108]]}}, {"type": "Feature", "properties": {"highway": "tertiary", "name": "武圣路", "bridge": "", "tunnel": "", "layer": "", "source": "osm"}, "geometry": {"type": "LineString", "coordinates": [[116.4616232, 39.8748837], [116.4616146, 39.8770453], [116.4616137, 39.8772771], [116.4616111, 39.8779522], [116.4616104, 39.8781244], [116.4616101, 39.878194], [116.4616061, 39.8791935], [116.4616007, 39.8805593], [116.4615971, 39.8814822], [116.4615954, 39.8819063], [116.4615917, 39.8828556], [116.4615911, 39.883011]]}}, {"type": "Feature", "properties": {"highway": "residential", "name": "", "bridge": "", "tunnel": "", "layer": "", "source": "osm"}, "geometry": {"type": "LineString", "coordinates": [[116.4595575, 39.8831257], [116.4595626, 39.8832532], [116.4596165, 39.884604]]}}, {"type": "Feature", "properties": {"highway": "tertiary", "name": "劲松中街", "bridge": "", "tunnel": "", "layer": "", "source": "osm"}, "geometry": {"type": "LineString", "coordinates": [[116.4501308, 39.8864118], [116.45004, 39.8831967]]}}, {"type": "Feature", "properties": {"highway": "residential", "name": "", "bridge": "", "tunnel": "", "layer": "", "source": "osm"}, "geometry": {"type": "LineString", "coordinates": [[116.4579572, 39.8715884], [116.4579573, 39.8700679]]}}, {"type": "Feature", "properties": {"highway": "residential", "name": "", "bridge": "", "tunnel": "", "layer": "", "source": "osm"}, "geometry": {"type": "LineString", "coordinates": [[116.4773882, 39.8686212], [116.4774462, 39.8664613]]}}, {"type": "Feature", "properties": {"highway": "residential", "name": "", "bridge": "", "tunnel": "", "layer": "", "source": "osm"}, "geometry": {"type": "LineString", "coordinates": [[116.4786425, 39.8698078], [116.4786428, 39.8697515], [116.4786493, 39.868626]]}}, {"type": "Feature", "properties": {"highway": "service", "name": "", "bridge": "", "tunnel": "yes", "layer": "", "source": "osm"}, "geometry": {"type": "LineString", "coordinates": [[116.444957, 39.8853203], [116.4452477, 39.8853207], [116.4453043, 39.8852961]]}}, {"type": "Feature", "properties": {"highway": "residential", "name": "忠实里一巷", "bridge": "", "tunnel": "", "layer": "", "source": "osm"}, "geometry": {"type": "LineString", "coordinates": [[116.4406045, 39.8982065], [116.4405759, 39.8986008], [116.4397312, 39.8986465], [116.4397307, 39.898655], [116.4396601, 39.8995703]]}}, {"type": "Feature", "properties": {"highway": "residential", "name": "", "bridge": "", "tunnel": "yes", "layer": "", "source": "osm"}, "geometry": {"type": "LineString", "coordinates": [[116.4443536, 39.884705], [116.4443029, 39.8846969], [116.4441279, 39.884701], [116.4439763, 39.8847012], [116.4439307, 39.8846785]]}}, {"type": "Feature", "properties": {"highway": "residential", "name": "广和路", "bridge": "", "tunnel": "", "layer": "", "source": "osm"}, "geometry": {"type": "LineString", "coordinates": [[116.4442821, 39.8896262], [116.4442204, 39.8900234], [116.4441614, 39.8903074], [116.444148, 39.8905152]]}}, {"type": "Feature", "properties": {"highway": "service", "name": "", "bridge": "", "tunnel": "", "layer": "", "source": "osm"}, "geometry": {"type": "LineString", "coordinates": [[116.4446679, 39.8841273], [116.444784, 39.884162], [116.4447598, 39.8851602], [116.4448751, 39.8852652], [116.4448966, 39.8853125], [116.444957, 39.8853203]]}}, {"type": "Feature", "properties": {"highway": "residential", "name": "", "bridge": "", "tunnel": "", "layer": "", "source": "osm"}, "geometry": {"type": "LineString", "coordinates": [[116.4470939, 39.8989712], [116.447057, 39.8976793], [116.4470083, 39.8975889], [116.4469854, 39.8960314]]}}, {"type": "Feature", "properties": {"highway": "service", "name": "", "bridge": "", "tunnel": "yes", "layer": "", "source": "osm"}, "geometry": {"type": "LineString", "coordinates": [[116.4438744, 39.8845345], [116.4438745, 39.8843282]]}}, {"type": "Feature", "properties": {"highway": "service", "name": "", "bridge": "", "tunnel": "", "layer": "", "source": "osm"}, "geometry": {"type": "LineString", "coordinates": [[116.4537079, 39.8975915], [116.453694, 39.8968741], [116.4540081, 39.896868], [116.4540199, 39.8959286]]}}, {"type": "Feature", "properties": {"highway": "unclassified", "name": "", "bridge": "", "tunnel": "", "layer": "", "source": "osm"}, "geometry": {"type": "LineString", "coordinates": [[116.4521304, 39.8976057], [116.4521035, 39.8959584], [116.4520367, 39.8943125], [116.4520904, 39.8932566], [116.4520673, 39.892497], [116.4520633, 39.8923647]]}}, {"type": "Feature", "properties": {"highway": "tertiary", "name": "百子湾南一路", "bridge": "", "tunnel": "", "layer": "", "source": "osm"}, "geometry": {"type": "LineString", "coordinates": [[116.4609611, 39.8976209], [116.4610902, 39.8976218], [116.466633, 39.8976621]]}}, {"type": "Feature", "properties": {"highway": "residential", "name": "垂杨柳中街", "bridge": "", "tunnel": "", "layer": "", "source": "osm"}, "geometry": {"type": "LineString", "coordinates": [[116.4496508, 39.8920958], [116.4496475, 39.891789], [116.44964, 39.8910792], [116.4496305, 39.8901771], [116.4496087, 39.8881148], [116.4495905, 39.8863971]]}}, {"type": "Feature", "properties": {"highway": "residential", "name": "", "bridge": "", "tunnel": "", "layer": "", "source": "osm"}, "geometry": {"type": "LineString", "coordinates": [[116.4461704, 39.8907478], [116.4461921, 39.8906946], [116.4461919, 39.8904556], [116.4462133, 39.8904041], [116.4462643, 39.8903506], [116.4467685, 39.8900872], [116.4469134, 39.8900152], [116.4470475, 39.8899966], [116.4472999, 39.8901163], [116.4473214, 39.8902306], [116.4473294, 39.8908901], [116.4472999, 39.8909539]]}}, {"type": "Feature", "properties": {"highway": "residential", "name": "劲松东街", "bridge": "", "tunnel": "", "layer": "", "source": "osm"}, "geometry": {"type": "LineString", "coordinates": [[116.4523926, 39.8864524], [116.4523931, 39.8858702], [116.4524817, 39.8852075], [116.4525621, 39.8846127], [116.4527175, 39.8833468], [116.4527282, 39.8832834], [116.4527475, 39.8831695]]}}, {"type": "Feature", "properties": {"highway": "service", "name": "", "bridge": "", "tunnel": "", "layer": "", "source": "osm"}, "geometry": {"type": "LineString", "coordinates": [[116.454773, 39.8791525], [116.4547055, 39.8791566], [116.4533453, 39.8791811], [116.4531495, 39.8791296], [116.4529908, 39.8790135], [116.4529028, 39.8789609], [116.452605, 39.8788456], [116.4524951, 39.8787921], [116.4524602, 39.8787056], [116.4524548, 39.8786109], [116.4524977, 39.8785307], [116.4526104, 39.8784401], [116.4531464, 39.8784427], [116.4531825, 39.8784702], [116.4531951, 39.8786439], [116.4531468, 39.8787591], [116.4529908, 39.8790135]]}}, {"type": "Feature", "properties": {"highway": "footway", "name": "", "bridge": "", "tunnel": "yes", "layer": "-1", "source": "osm"}, "geometry": {"type": "LineString", "coordinates": [[116.4621537, 39.883207], [116.4623927, 39.8832093], [116.4623817, 39.8829415], [116.4621558, 39.8829411]]}}, {"type": "Feature", "properties": {"highway": "tertiary", "name": "东三环南路", "bridge": "", "tunnel": "", "layer": "", "source": "osm"}, "geometry": {"type": "LineString", "coordinates": [[116.455011, 39.8675245], [116.4550828, 39.8680645], [116.4551023, 39.8688866], [116.4551048, 39.8690266], [116.4551084, 39.8697677], [116.4551092, 39.8698202], [116.4551113, 39.8699641]]}}, {"type": "Feature", "properties": {"highway": "tertiary", "name": "东三环南路", "bridge": "", "tunnel": "", "layer": "", "source": "osm"}, "geometry": {"type": "LineString", "coordinates": [[116.4551831, 39.8715988], [116.4551929, 39.8718196], [116.4552126, 39.8733659]]}}, {"type": "Feature", "properties": {"highway": "residential", "name": "", "bridge": "", "tunnel": "", "layer": "", "source": "osm"}, "geometry": {"type": "LineString", "coordinates": [[116.4571877, 39.8832508], [116.4570498, 39.8846237]]}}, {"type": "Feature", "properties": {"highway": "tertiary_link", "name": "", "bridge": "", "tunnel": "", "layer": "", "source": "osm"}, "geometry": {"type": "LineString", "coordinates": [[116.4553835, 39.8823751], [116.4548259, 39.8823783]]}}, {"type": "Feature", "properties": {"highway": "tertiary", "name": "", "bridge": "", "tunnel": "", "layer": "", "source": "osm"}, "geometry": {"type": "LineString", "coordinates": [[116.4595626, 39.8832532], [116.4578097, 39.883252], [116.4571877, 39.8832508], [116.4554006, 39.8832476]]}}, {"type": "Feature", "properties": {"highway": "tertiary", "name": "东三环中路", "bridge": "", "tunnel": "", "layer": "", "source": "osm"}, "geometry": {"type": "LineString", "coordinates": [[116.455637, 39.8961491], [116.455636, 39.8967548], [116.4556997, 39.8993592], [116.455541, 39.8995858]]}}, {"type": "Feature", "properties": {"highway": "tertiary", "name": "东三环中路", "bridge": "", "tunnel": "", "layer": "", "source": "osm"}, "geometry": {"type": "LineString", "coordinates": [[116.4552027, 39.9006939], [116.4551939, 39.9005218], [116.4551666, 39.8994666], [116.4551889, 39.8992465]]}}, {"type": "Feature", "properties": {"highway": "tertiary", "name": "东三环中路", "bridge": "", "tunnel": "", "layer": "", "source": "osm"}, "geometry": {"type": "LineString", "coordinates": [[116.4556997, 39.8993592], [116.4557642, 39.8995356], [116.4557771, 39.9005338], [116.455734, 39.9007192]]}}, {"type": "Feature", "properties": {"highway": "tertiary", "name": "东三环中路", "bridge": "", "tunnel": "", "layer": "", "source": "osm"}, "geometry": {"type": "LineString", "coordinates": [[116.4555996, 39.8921705], [116.4556056, 39.8928489], [116.4556092, 39.8935775], [116.4556151, 39.8939227], [116.4556174, 39.894177], [116.4556235, 39.8948597], [116.455632, 39.8955253], [116.4556325, 39.8958806], [116.4556332, 39.895954]]}}, {"type": "Feature", "properties": {"highway": "tertiary_link", "name": "", "bridge": "", "tunnel": "", "layer": "", "source": "osm"}, "geometry": {"type": "LineString", "coordinates": [[116.4554025, 39.900329], [116.4555548, 39.9003247]]}}, {"type": "Feature", "properties": {"highway": "footway", "name": "", "bridge": "yes", "tunnel": "", "layer": "1", "source": "osm"}, "geometry": {"type": "LineString", "coordinates": [[116.4549917, 39.8955929], [116.4549803, 39.895295]]}}, {"type": "Feature", "properties": {"highway": "footway", "name": "", "bridge": "yes", "tunnel": "", "layer": "1", "source": "osm"}, "geometry": {"type": "LineString", "coordinates": [[116.4550284, 39.8968466], [116.4550017, 39.8961518]]}}, {"type": "Feature", "properties": {"highway": "tertiary_link", "name": "", "bridge": "", "tunnel": "", "layer": "", "source": "osm"}, "geometry": {"type": "LineString", "coordinates": [[116.455541, 39.8995858], [116.455386, 39.8995875]]}}, {"type": "Feature", "properties": {"highway": "tertiary", "name": "东三环中路", "bridge": "", "tunnel": "", "layer": "", "source": "osm"}, "geometry": {"type": "LineString", "coordinates": [[116.4550308, 39.8919961], [116.4550022, 39.890902], [116.454995, 39.8906985], [116.4549878, 39.8903507], [116.4549379, 39.8884439], [116.4549266, 39.8880354], [116.4549306, 39.8875909], [116.4549083, 39.8871102], [116.4548831, 39.8864561], [116.4548776, 39.8862067]]}}, {"type": "Feature", "properties": {"highway": "tertiary_link", "name": "", "bridge": "", "tunnel": "", "layer": "", "source": "osm"}, "geometry": {"type": "LineString", "coordinates": [[116.4555996, 39.8921705], [116.4550408, 39.8923201]]}}, {"type": "Feature", "properties": {"highway": "primary_link", "name": "", "bridge": "", "tunnel": "", "layer": "", "source": "osm"}, "geometry": {"type": "LineString", "coordinates": [[116.4534559, 39.8922077], [116.453114, 39.8923378]]}}, {"type": "Feature", "properties": {"highway": "tertiary", "name": "广渠门外大街", "bridge": "", "tunnel": "", "layer": "", "source": "osm"}, "geometry": {"type": "LineString", "coordinates": [[116.4550408, 39.8923201], [116.453114, 39.8923378], [116.4520633, 39.8923647], [116.4498937, 39.8923882], [116.4497265, 39.89239], [116.4496234, 39.8923893], [116.4475665, 39.8923762], [116.4471998, 39.8923771], [116.4457923, 39.8924157], [116.4442541, 39.8924578]]}}, {"type": "Feature", "properties": {"highway": "primary_link", "name": "", "bridge": "", "tunnel": "", "layer": "", "source": "osm"}, "geometry": {"type": "LineString", "coordinates": [[116.440534, 39.8922093], [116.4411318, 39.8920372]]}}, {"type": "Feature", "properties": {"highway": "primary_link", "name": "", "bridge": "", "tunnel": "", "layer": "", "source": "osm"}, "geometry": {"type": "LineString", "coordinates": [[116.4424549, 39.8920146], [116.4428525, 39.8921696]]}}, {"type": "Feature", "properties": {"highway": "residential", "name": "", "bridge": "", "tunnel": "", "layer": "", "source": "osm"}, "geometry": {"type": "LineString", "coordinates": [[116.4496508, 39.8920958], [116.4497239, 39.8922761]]}}, {"type": "Feature", "properties": {"highway": "residential", "name": "", "bridge": "", "tunnel": "", "layer": "", "source": "osm"}, "geometry": {"type": "LineString", "coordinates": [[116.4496263, 39.8922799], [116.4496508, 39.8920958]]}}, {"type": "Feature", "properties": {"highway": "residential", "name": "惠力路", "bridge": "", "tunnel": "", "layer": "", "source": "osm"}, "geometry": {"type": "LineString", "coordinates": [[116.4497307, 39.8976438], [116.4496815, 39.8974796], [116.449654, 39.8959612], [116.4495856, 39.8943545], [116.4495847, 39.8938649], [116.4496207, 39.8924947], [116.4496234, 39.8923893], [116.4496263, 39.8922799]]}}, {"type": "Feature", "properties": {"highway": "residential", "name": "惠力路", "bridge": "", "tunnel": "", "layer": "", "source": "osm"}, "geometry": {"type": "LineString", "coordinates": [[116.4497239, 39.8922761], [116.4497265, 39.89239], [116.4497342, 39.8943555], [116.4497941, 39.8959587], [116.449813, 39.8974772], [116.4497307, 39.8976438]]}}, {"type": "Feature", "properties": {"highway": "tertiary", "name": "东三环中路", "bridge": "", "tunnel": "", "layer": "", "source": "osm"}, "geometry": {"type": "LineString", "coordinates": [[116.4550713, 39.8950623], [116.4550677, 39.8942294], [116.4550697, 39.8940648], [116.4550459, 39.892852], [116.4550418, 39.8924241], [116.4550408, 39.8923201], [116.4550394, 39.8921804]]}}, {"type": "Feature", "properties": {"highway": "residential", "name": "", "bridge": "", "tunnel": "", "layer": "", "source": "osm"}, "geometry": {"type": "LineString", "coordinates": [[116.4416835, 39.898929], [116.4425518, 39.8988861], [116.4428026, 39.8988728], [116.4428302, 39.8988189], [116.4428227, 39.8979893]]}}, {"type": "Feature", "properties": {"highway": "tertiary", "name": "武圣北路", "bridge": "", "tunnel": "", "layer": "", "source": "osm"}, "geometry": {"type": "LineString", "coordinates": [[116.4615906, 39.8831221], [116.4615957, 39.8832956], [116.4616348, 39.8846118], [116.4616173, 39.8851952], [116.4616067, 39.8853733], [116.461553, 39.8857139], [116.4615008, 39.8862226], [116.461458, 39.8873778]]}}, {"type": "Feature", "properties": {"highway": "tertiary", "name": "东柏街", "bridge": "", "tunnel": "", "layer": "", "source": "osm"}, "geometry": {"type": "LineString", "coordinates": [[116.4556151, 39.8939227], [116.4570581, 39.8939136], [116.460429, 39.8938922], [116.4606389, 39.8938937], [116.4607356, 39.8938928]]}}, {"type": "Feature", "properties": {"highway": "tertiary", "name": "九龙山路", "bridge": "", "tunnel": "", "layer": "", "source": "osm"}, "geometry": {"type": "LineString", "coordinates": [[116.466674, 39.8992933], [116.4666443, 39.8981134], [116.466633, 39.8976621], [116.4665868, 39.8958276]]}}, {"type": "Feature", "properties": {"highway": "residential", "name": "垂杨柳北二街", "bridge": "", "tunnel": "", "layer": "", "source": "osm"}, "geometry": {"type": "LineString", "coordinates": [[116.4496087, 39.8881148], [116.452066, 39.8880781], [116.4535739, 39.8880556], [116.4548433, 39.8880366], [116.4549266, 39.8880354]]}}, {"type": "Feature", "properties": {"highway": "residential", "name": "劲松西街", "bridge": "", "tunnel": "", "layer": "", "source": "osm"}, "geometry": {"type": "LineString", "coordinates": [[116.4478869, 39.8863952], [116.4478317, 39.886299], [116.447832, 39.8839881], [116.4478318, 39.8832233]]}}, {"type": "Feature", "properties": {"highway": "footway", "name": "", "bridge": "", "tunnel": "", "layer": "", "source": "osm"}, "geometry": {"type": "LineString", "coordinates": [[116.4551139, 39.8968465], [116.4550284, 39.8968466]]}}, {"type": "Feature", "properties": {"highway": "footway", "name": "", "bridge": "", "tunnel": "", "layer": "", "source": "osm"}, "geometry": {"type": "LineString", "coordinates": [[116.4557609, 39.8958755], [116.4557185, 39.8958778], [116.4556325, 39.8958806]]}}, {"type": "Feature", "properties": {"highway": "footway", "name": "", "bridge": "", "tunnel": "", "layer": "", "source": "osm"}, "geometry": {"type": "LineString", "coordinates": [[116.4550724, 39.8952982], [116.4549803, 39.895295]]}}, {"type": "Feature", "properties": {"highway": "residential", "name": "", "bridge": "", "tunnel": "", "layer": "", "source": "osm"}, "geometry": {"type": "LineString", "coordinates": [[116.4615538, 39.8726029], [116.4594747, 39.8725998]]}}, {"type": "Feature", "properties": {"highway": "residential", "name": "", "bridge": "", "tunnel": "", "layer": "", "source": "osm"}, "geometry": {"type": "LineString", "coordinates": [[116.4570178, 39.872534], [116.4570148, 39.8729023], [116.4570132, 39.8730864], [116.4570125, 39.8731772]]}}, {"type": "Feature", "properties": {"highway": "residential", "name": "", "bridge": "", "tunnel": "", "layer": "", "source": "osm"}, "geometry": {"type": "LineString", "coordinates": [[116.4594747, 39.8725998], [116.4594822, 39.8732858], [116.4594875, 39.8737634], [116.4595246, 39.8741192], [116.4595838, 39.874823]]}}, {"type": "Feature", "properties": {"highway": "residential", "name": "", "bridge": "", "tunnel": "", "layer": "", "source": "osm"}, "geometry": {"type": "LineString", "coordinates": [[116.4594763, 39.8725484], [116.4587747, 39.8725442], [116.4578185, 39.8725323], [116.4577823, 39.8725319], [116.4570178, 39.872534], [116.4564063, 39.872534]]}}, {"type": "Feature", "properties": {"highway": "tertiary", "name": "武圣路", "bridge": "", "tunnel": "", "layer": "", "source": "osm"}, "geometry": {"type": "LineString", "coordinates": [[116.4615588, 39.87483], [116.4615503, 39.8733969], [116.4615538, 39.8726029], [116.4615481, 39.8700701], [116.4615939, 39.8699572]]}}, {"type": "Feature", "properties": {"highway": "unclassified", "name": "光华北二街", "bridge": "", "tunnel": "", "layer": "", "source": "osm"}, "geometry": {"type": "LineString", "coordinates": [[116.4416401, 39.899717], [116.4407325, 39.8996777], [116.4396601, 39.8995703], [116.4386699, 39.8994712]]}}, {"type": "Feature", "properties": {"highway": "steps", "name": "", "bridge": "", "tunnel": "yes", "layer": "-1", "source": "osm"}, "geometry": {"type": "LineString", "coordinates": [[116.4426286, 39.899734], [116.4422931, 39.8996839]]}}, {"type": "Feature", "properties": {"highway": "footway", "name": "地下通道", "bridge": "", "tunnel": "yes", "layer": "-1", "source": "osm"}, "geometry": {"type": "LineString", "coordinates": [[116.442639, 39.9008705], [116.4426687, 39.9004231], [116.4426286, 39.899734]]}}, {"type": "Feature", "properties": {"highway": "service", "name": "", "bridge": "", "tunnel": "", "layer": "", "source": "osm"}, "geometry": {"type": "LineString", "coordinates": [[116.4528339, 39.8701142], [116.452838, 39.8702919], [116.4519988, 39.870296], [116.4518737, 39.8701987], [116.4516743, 39.8702007], [116.4516067, 39.8702011], [116.4516053, 39.8701218]]}}, {"type": "Feature", "properties": {"highway": "secondary", "name": "", "bridge": "", "tunnel": "", "layer": "", "source": "osm"}, "geometry": {"type": "LineString", "coordinates": [[116.4442541, 39.8924578], [116.4441785, 39.8947991], [116.4441596, 39.8959449]]}}, {"type": "Feature", "properties": {"highway": "steps", "name": "", "bridge": "", "tunnel": "", "layer": "", "source": "osm"}, "geometry": {"type": "LineString", "coordinates": [[116.4377172, 39.8921131], [116.4377425, 39.8918634], [116.4377023, 39.8918577], [116.4376904, 39.8919785], [116.4376482, 39.8919772]]}}, {"type": "Feature", "properties": {"highway": "footway", "name": "", "bridge": "", "tunnel": "", "layer": "", "source": "osm"}, "geometry": {"type": "LineString", "coordinates": [[116.4393181, 39.8805212], [116.4391329, 39.8810562], [116.4390555, 39.8811947], [116.4387366, 39.8835978], [116.4382223, 39.8874733], [116.4377008, 39.8915134], [116.4376482, 39.8919772]]}}, {"type": "Feature", "properties": {"highway": "footway", "name": "", "bridge": "", "tunnel": "", "layer": "", "source": "osm"}, "geometry": {"type": "LineString", "coordinates": [[116.4387366, 39.8835978], [116.4388926, 39.8836044]]}}, {"type": "Feature", "properties": {"highway": "footway", "name": "", "bridge": "", "tunnel": "", "layer": "", "source": "osm"}, "geometry": {"type": "LineString", "coordinates": [[116.4359766, 39.8775464], [116.4360907, 39.8775734], [116.4362587, 39.8775527], [116.436381, 39.8774819], [116.4365695, 39.8774735], [116.4367536, 39.8773867], [116.4369443, 39.8773439], [116.4372039, 39.8773439], [116.4374928, 39.8774936], [116.4378734, 39.877601]]}}, {"type": "Feature", "properties": {"highway": "footway", "name": "", "bridge": "", "tunnel": "", "layer": "", "source": "osm"}, "geometry": {"type": "LineString", "coordinates": [[116.4318918, 39.8796538], [116.4318679, 39.8795369], [116.4319109, 39.8792899], [116.4320235, 39.8789688], [116.432104, 39.8785983], [116.4320581, 39.8784508], [116.4319216, 39.8783349], [116.4316212, 39.8782772], [116.4311813, 39.8781084], [116.4306985, 39.8779685], [116.4306878, 39.8777215], [116.4308594, 39.8774251], [116.4309506, 39.8770875], [116.4313315, 39.8767829], [116.431589, 39.8768281], [116.4319967, 39.8768652], [116.4324902, 39.8767829], [116.4326351, 39.8766799], [116.4326297, 39.8760953], [116.4328335, 39.8757372], [116.4330857, 39.8755849], [116.4335524, 39.8755025], [116.433783, 39.8752967], [116.4340352, 39.8751896], [116.4344858, 39.875132], [116.4348774, 39.8750538], [116.4351456, 39.8749591], [116.4352904, 39.8746997], [116.4353816, 39.8741234], [116.4355157, 39.8739381], [116.4359342, 39.8737981], [116.4360468, 39.8736623], [116.4365403, 39.8735099], [116.4368622, 39.8736046], [116.4370929, 39.8739587], [116.4373128, 39.8743745], [116.4375167, 39.8749179], [116.4374143, 39.8752095], [116.437494, 39.87547], [116.4375956, 39.875611], [116.4378127, 39.8758598], [116.4380488, 39.8764], [116.43815, 39.8765137], [116.4383788, 39.8766488], [116.4384976, 39.8768806], [116.4384624, 39.8771181], [116.4382732, 39.8774051], [116.4382055, 39.8774861], [116.4381786, 39.8775184]]}}, {"type": "Feature", "properties": {"highway": "footway", "name": "", "bridge": "", "tunnel": "", "layer": "", "source": "osm"}, "geometry": {"type": "LineString", "coordinates": [[116.4365695, 39.8774735], [116.4361461, 39.8777757], [116.4360977, 39.8779005], [116.4362724, 39.8781006], [116.4365574, 39.8780965], [116.4367133, 39.8781346], [116.436888, 39.8780862], [116.4371448, 39.8782388], [116.4372684, 39.8782594], [116.4373007, 39.8784513], [116.4375399, 39.8784719], [116.4376071, 39.8784991], [116.4377709, 39.8786375]]}}, {"type": "Feature", "properties": {"highway": "steps", "name": "", "bridge": "", "tunnel": "", "layer": "", "source": "osm"}, "geometry": {"type": "LineString", "coordinates": [[116.4379612, 39.8788107], [116.4379878, 39.8788442]]}}, {"type": "Feature", "properties": {"highway": "steps", "name": "", "bridge": "", "tunnel": "", "layer": "", "source": "osm"}, "geometry": {"type": "LineString", "coordinates": [[116.4377709, 39.8786375], [116.4377977, 39.8786643]]}}, {"type": "Feature", "properties": {"highway": "footway", "name": "", "bridge": "", "tunnel": "", "layer": "", "source": "osm"}, "geometry": {"type": "LineString", "coordinates": [[116.4379878, 39.8788442], [116.4379886, 39.8788979]]}}, {"type": "Feature", "properties": {"highway": "footway", "name": "", "bridge": "yes", "tunnel": "", "layer": "", "source": "osm"}, "geometry": {"type": "LineString", "coordinates": [[116.4377977, 39.8786643], [116.4379612, 39.8788107]]}}, {"type": "Feature", "properties": {"highway": "steps", "name": "", "bridge": "", "tunnel": "", "layer": "", "source": "osm"}, "geometry": {"type": "LineString", "coordinates": [[116.4374817, 39.8789999], [116.4375258, 39.8791262], [116.4375234, 39.8791917]]}}, {"type": "Feature", "properties": {"highway": "footway", "name": "", "bridge": "", "tunnel": "", "layer": "", "source": "osm"}, "geometry": {"type": "LineString", "coordinates": [[116.4379886, 39.8788979], [116.4377766, 39.8790043], [116.4375438, 39.8789752], [116.4374817, 39.8789999]]}}, {"type": "Feature", "properties": {"highway": "service", "name": "", "bridge": "", "tunnel": "", "layer": "", "source": "osm"}, "geometry": {"type": "LineString", "coordinates": [[116.4373163, 39.8801367], [116.4373782, 39.8792908], [116.4375153, 39.8792928], [116.4375234, 39.8791917]]}}, {"type": "Feature", "properties": {"highway": "residential", "name": "", "bridge": "", "tunnel": "", "layer": "", "source": "osm"}, "geometry": {"type": "LineString", "coordinates": [[116.4660851, 39.8748869], [116.4660852, 39.8748122], [116.4660723, 39.8729678], [116.4660788, 39.8713967], [116.4660977, 39.8700594]]}}, {"type": "Feature", "properties": {"highway": "unclassified", "name": "", "bridge": "", "tunnel": "", "layer": "", "source": "osm"}, "geometry": {"type": "LineString", "coordinates": [[116.4774503, 39.8918288], [116.4774358, 39.8910829], [116.476605, 39.8907168], [116.4766067, 39.8902455], [116.4766268, 39.8873193], [116.476836, 39.8861915]]}}, {"type": "Feature", "properties": {"highway": "residential", "name": "", "bridge": "", "tunnel": "", "layer": "", "source": "osm"}, "geometry": {"type": "LineString", "coordinates": [[116.4793884, 39.890208], [116.4790912, 39.8887826], [116.4790392, 39.8872539]]}}, {"type": "Feature", "properties": {"highway": "residential", "name": "大郊亭中街", "bridge": "", "tunnel": "", "layer": "", "source": "osm"}, "geometry": {"type": "LineString", "coordinates": [[116.4711832, 39.8873073], [116.4713568, 39.8872986], [116.4715019, 39.8872966], [116.4716486, 39.8872946], [116.4728262, 39.8873019], [116.473447, 39.8873058], [116.4763414, 39.8873239], [116.4766268, 39.8873193], [116.4790046, 39.8872535], [116.4790392, 39.8872539], [116.4810562, 39.8872776], [116.4811349, 39.8872929]]}}, {"type": "Feature", "properties": {"highway": "residential", "name": "", "bridge": "", "tunnel": "", "layer": "", "source": "osm"}, "geometry": {"type": "LineString", "coordinates": [[116.4472999, 39.8909539], [116.4467551, 39.8912499], [116.4466025, 39.8913038], [116.4462699, 39.8913182], [116.4462187, 39.891287], [116.4462133, 39.8912273], [116.4462485, 39.8908181], [116.4461704, 39.8907478], [116.4448508, 39.890754], [116.444543, 39.8907427], [116.4441845, 39.8909961]]}}, {"type": "Feature", "properties": {"highway": "residential", "name": "广和路", "bridge": "", "tunnel": "", "layer": "", "source": "osm"}, "geometry": {"type": "LineString", "coordinates": [[116.444148, 39.8905152], [116.444156, 39.8907107], [116.4441845, 39.8909961], [116.4442071, 39.891402], [116.4442483, 39.8921416], [116.4442509, 39.8923332], [116.4442541, 39.8924578]]}}, {"type": "Feature", "properties": {"highway": "residential", "name": "", "bridge": "", "tunnel": "", "layer": "", "source": "osm"}, "geometry": {"type": "LineString", "coordinates": [[116.4771728, 39.8780935], [116.476981, 39.8789876], [116.4768251, 39.8791804]]}}, {"type": "Feature", "properties": {"highway": "residential", "name": "", "bridge": "", "tunnel": "", "layer": "", "source": "osm"}, "geometry": {"type": "LineString", "coordinates": [[116.4792987, 39.8797374], [116.4772924, 39.8794204], [116.4766913, 39.8793457], [116.4760047, 39.8793004], [116.4753771, 39.879321], [116.4750924, 39.8793467], [116.4749211, 39.8793622], [116.4744275, 39.8793787], [116.473934, 39.8793334], [116.4732474, 39.8792716], [116.4727002, 39.8792099], [116.4723408, 39.8791893], [116.4719975, 39.8792263], [116.471291, 39.8792676]]}}, {"type": "Feature", "properties": {"highway": "living_street", "name": "", "bridge": "", "tunnel": "", "layer": "", "source": "osm"}, "geometry": {"type": "LineString", "coordinates": [[116.4772246, 39.8686215], [116.4772171, 39.8693426], [116.4772773, 39.8695165], [116.4772804, 39.8697984]]}}, {"type": "Feature", "properties": {"highway": "residential", "name": "", "bridge": "", "tunnel": "", "layer": "", "source": "osm"}, "geometry": {"type": "LineString", "coordinates": [[116.4728651, 39.8665182], [116.4728343, 39.8677111], [116.4737144, 39.8686381], [116.4736876, 39.8698083]]}}, {"type": "Feature", "properties": {"highway": "residential", "name": "", "bridge": "", "tunnel": "", "layer": "", "source": "osm"}, "geometry": {"type": "LineString", "coordinates": [[116.4750924, 39.8793467], [116.4751037, 39.8812482], [116.475093, 39.8829173]]}}, {"type": "Feature", "properties": {"highway": "residential", "name": "", "bridge": "", "tunnel": "", "layer": "", "source": "osm"}, "geometry": {"type": "LineString", "coordinates": [[116.4710667, 39.8809684], [116.4712607, 39.8809645], [116.4718365, 39.8809677], [116.4732729, 39.8810864], [116.474283, 39.8812112], [116.4751037, 39.8812482], [116.4770886, 39.8812359]]}}, {"type": "Feature", "properties": {"highway": "residential", "name": "", "bridge": "", "tunnel": "", "layer": "", "source": "osm"}, "geometry": {"type": "LineString", "coordinates": [[116.4732474, 39.8792716], [116.4732729, 39.8810864]]}}, {"type": "Feature", "properties": {"highway": "residential", "name": "", "bridge": "", "tunnel": "", "layer": "", "source": "osm"}, "geometry": {"type": "LineString", "coordinates": [[116.4520673, 39.892497], [116.4521639, 39.8924959], [116.4540844, 39.8924735], [116.4540852, 39.8925365], [116.4540962, 39.8932319], [116.4541185, 39.8946475], [116.4540199, 39.8959286]]}}, {"type": "Feature", "properties": {"highway": "steps", "name": "", "bridge": "yes", "tunnel": "", "layer": "1", "source": "osm"}, "geometry": {"type": "LineString", "coordinates": [[116.4529135, 39.8919378], [116.4526786, 39.8919399]]}}, {"type": "Feature", "properties": {"highway": "steps", "name": "", "bridge": "yes", "tunnel": "", "layer": "1", "source": "osm"}, "geometry": {"type": "LineString", "coordinates": [[116.4529182, 39.8922897], [116.4526786, 39.8922835]]}}, {"type": "Feature", "properties": {"highway": "footway", "name": "", "bridge": "yes", "tunnel": "", "layer": "1", "source": "osm"}, "geometry": {"type": "LineString", "coordinates": [[116.4522119, 39.8918143], [116.452912, 39.8918266], [116.4529135, 39.8919378], [116.4529182, 39.8922897], [116.45292, 39.8924255], [116.4522522, 39.8924214]]}}, {"type": "Feature", "properties": {"highway": "steps", "name": "", "bridge": "yes", "tunnel": "", "layer": "1", "source": "osm"}, "geometry": {"type": "LineString", "coordinates": [[116.4689049, 39.8917911], [116.4691141, 39.8917933]]}}, {"type": "Feature", "properties": {"highway": "steps", "name": "", "bridge": "yes", "tunnel": "", "layer": "1", "source": "osm"}, "geometry": {"type": "LineString", "coordinates": [[116.4688994, 39.892108], [116.4691114, 39.8921061]]}}, {"type": "Feature", "properties": {"highway": "steps", "name": "", "bridge": "yes", "tunnel": "", "layer": "1", "source": "osm"}, "geometry": {"type": "LineString", "coordinates": [[116.4688984, 39.8921637], [116.4691157, 39.8921637]]}}, {"type": "Feature", "properties": {"highway": "steps", "name": "", "bridge": "yes", "tunnel": "", "layer": "1", "source": "osm"}, "geometry": {"type": "LineString", "coordinates": [[116.4689065, 39.8916965], [116.4691291, 39.8917006]]}}, {"type": "Feature", "properties": {"highway": "footway", "name": "", "bridge": "yes", "tunnel": "", "layer": "1", "source": "osm"}, "geometry": {"type": "LineString", "coordinates": [[116.4681018, 39.8921575], [116.4688984, 39.8921637], [116.4688994, 39.892108], [116.4689049, 39.8917911], [116.4689065, 39.8916965], [116.4680911, 39.8916924]]}}, {"type": "Feature", "properties": {"highway": "steps", "name": "", "bridge": "yes", "tunnel": "", "layer": "1", "source": "osm"}, "geometry": {"type": "LineString", "coordinates": [[116.4745999, 39.8916628], [116.4748393, 39.891671]]}}, {"type": "Feature", "properties": {"highway": "steps", "name": "", "bridge": "yes", "tunnel": "", "layer": "1", "source": "osm"}, "geometry": {"type": "LineString", "coordinates": [[116.4745735, 39.891758], [116.4748407, 39.8917595]]}}, {"type": "Feature", "properties": {"highway": "steps", "name": "", "bridge": "yes", "tunnel": "", "layer": "1", "source": "osm"}, "geometry": {"type": "LineString", "coordinates": [[116.474529, 39.8920767], [116.4748458, 39.8920857]]}}, {"type": "Feature", "properties": {"highway": "footway", "name": "", "bridge": "yes", "tunnel": "", "layer": "1", "source": "osm"}, "geometry": {"type": "LineString", "coordinates": [[116.4740856, 39.8921752], [116.4748473, 39.8921772], [116.4748458, 39.8920857], [116.4748407, 39.8917595], [116.4748393, 39.891671]]}}, {"type": "Feature", "properties": {"highway": "steps", "name": "", "bridge": "yes", "tunnel": "", "layer": "1", "source": "osm"}, "geometry": {"type": "LineString", "coordinates": [[116.4793253, 39.8917553], [116.4795499, 39.8917509]]}}, {"type": "Feature", "properties": {"highway": "steps", "name": "", "bridge": "yes", "tunnel": "", "layer": "1", "source": "osm"}, "geometry": {"type": "LineString", "coordinates": [[116.479328, 39.8920836], [116.4795322, 39.8920818]]}}, {"type": "Feature", "properties": {"highway": "steps", "name": "", "bridge": "yes", "tunnel": "", "layer": "1", "source": "osm"}, "geometry": {"type": "LineString", "coordinates": [[116.4793287, 39.8921782], [116.4795212, 39.8921731]]}}, {"type": "Feature", "properties": {"highway": "footway", "name": "", "bridge": "yes", "tunnel": "", "layer": "1", "source": "osm"}, "geometry": {"type": "LineString", "coordinates": [[116.4787239, 39.89217], [116.4793287, 39.8921782], [116.479328, 39.8920836], [116.4793253, 39.8917553], [116.4793247, 39.8916792], [116.479896, 39.8916699]]}}, {"type": "Feature", "properties": {"highway": "steps", "name": "", "bridge": "yes", "tunnel": "", "layer": "1", "source": "osm"}, "geometry": {"type": "LineString", "coordinates": [[116.4748473, 39.8921772], [116.4750633, 39.8921772]]}}, {"type": "Feature", "properties": {"highway": "steps", "name": "", "bridge": "yes", "tunnel": "", "layer": "1", "source": "osm"}, "geometry": {"type": "LineString", "coordinates": [[116.452912, 39.8918266], [116.4531162, 39.8918263]]}}, {"type": "Feature", "properties": {"highway": "steps", "name": "", "bridge": "yes", "tunnel": "", "layer": "1", "source": "osm"}, "geometry": {"type": "LineString", "coordinates": [[116.45292, 39.8924255], [116.4531269, 39.8924211]]}}, {"type": "Feature", "properties": {"highway": "service", "name": "", "bridge": "", "tunnel": "", "layer": "", "source": "osm"}, "geometry": {"type": "LineString", "coordinates": [[116.4607529, 39.8919478], [116.4607389, 39.8911106]]}}, {"type": "Feature", "properties": {"highway": "residential", "name": "", "bridge": "", "tunnel": "", "layer": "", "source": "osm"}, "geometry": {"type": "LineString", "coordinates": [[116.4628034, 39.8902111], [116.4628206, 39.8919301]]}}, {"type": "Feature", "properties": {"highway": "residential", "name": "", "bridge": "", "tunnel": "", "layer": "", "source": "osm"}, "geometry": {"type": "LineString", "coordinates": [[116.4767477, 39.879276], [116.4766913, 39.8793457]]}}, {"type": "Feature", "properties": {"highway": "residential", "name": "", "bridge": "yes", "tunnel": "", "layer": "1", "source": "osm"}, "geometry": {"type": "LineString", "coordinates": [[116.4768251, 39.8791804], [116.4767477, 39.879276]]}}, {"type": "Feature", "properties": {"highway": "service", "name": "", "bridge": "", "tunnel": "", "layer": "", "source": "osm"}, "geometry": {"type": "LineString", "coordinates": [[116.4501004, 39.8705951], [116.4501001, 39.8707918]]}}, {"type": "Feature", "properties": {"highway": "service", "name": "", "bridge": "", "tunnel": "", "layer": "", "source": "osm"}, "geometry": {"type": "LineString", "coordinates": [[116.4501001, 39.8707918], [116.4498121, 39.8709392]]}}, {"type": "Feature", "properties": {"highway": "unclassified", "name": "", "bridge": "", "tunnel": "", "layer": "", "source": "osm"}, "geometry": {"type": "LineString", "coordinates": [[116.4696764, 39.8944586], [116.4696408, 39.8933297], [116.4695672, 39.8921483]]}}, {"type": "Feature", "properties": {"highway": "unclassified", "name": "", "bridge": "", "tunnel": "", "layer": "", "source": "osm"}, "geometry": {"type": "LineString", "coordinates": [[116.47137, 39.8944414], [116.4696764, 39.8944586], [116.4665436, 39.8945168]]}}, {"type": "Feature", "properties": {"highway": "service", "name": "", "bridge": "", "tunnel": "", "layer": "", "source": "osm"}, "geometry": {"type": "LineString", "coordinates": [[116.4672632, 39.8921475], [116.467276, 39.893316], [116.4696408, 39.8933297]]}}, {"type": "Feature", "properties": {"highway": "residential", "name": "", "bridge": "", "tunnel": "", "layer": "", "source": "osm"}, "geometry": {"type": "LineString", "coordinates": [[116.4759396, 39.8748387], [116.4759364, 39.8752332], [116.4759316, 39.8758149], [116.4759469, 39.8766766]]}}, {"type": "Feature", "properties": {"highway": "path", "name": "", "bridge": "", "tunnel": "", "layer": "", "source": "osm"}, "geometry": {"type": "LineString", "coordinates": [[116.4750977, 39.8756083], [116.475089, 39.875236], [116.474184, 39.8752392], [116.4741817, 39.8748537]]}}, {"type": "Feature", "properties": {"highway": "service", "name": "", "bridge": "", "tunnel": "", "layer": "", "source": "osm"}, "geometry": {"type": "LineString", "coordinates": [[116.4783906, 39.8762852], [116.4785317, 39.8764261], [116.4785632, 39.8764694], [116.4785632, 39.8765358], [116.4785632, 39.8771718], [116.4785574, 39.8776704], [116.4785632, 39.8778126], [116.4795665, 39.8778126], [116.4795726, 39.8776782], [116.4795697, 39.8771719], [116.4795774, 39.875599], [116.479422, 39.8756097], [116.4785317, 39.8764261]]}}, {"type": "Feature", "properties": {"highway": "service", "name": "", "bridge": "", "tunnel": "", "layer": "", "source": "osm"}, "geometry": {"type": "LineString", "coordinates": [[116.4785632, 39.8771718], [116.4787782, 39.8771718], [116.4789869, 39.8771718], [116.4792027, 39.8771719], [116.4794193, 39.8771719], [116.4795697, 39.8771719]]}}, {"type": "Feature", "properties": {"highway": "service", "name": "", "bridge": "", "tunnel": "", "layer": "", "source": "osm"}, "geometry": {"type": "LineString", "coordinates": [[116.4785574, 39.8776704], [116.4787803, 39.8776722], [116.478993, 39.8776738], [116.4792108, 39.8776754], [116.4794184, 39.877677], [116.4795726, 39.8776782]]}}, {"type": "Feature", "properties": {"highway": "service", "name": "", "bridge": "", "tunnel": "", "layer": "", "source": "osm"}, "geometry": {"type": "LineString", "coordinates": [[116.4785632, 39.8765358], [116.4787747, 39.8763397], [116.4789746, 39.8761544], [116.4791834, 39.8759609], [116.4794218, 39.8757533]]}}, {"type": "Feature", "properties": {"highway": "service", "name": "", "bridge": "", "tunnel": "", "layer": "", "source": "osm"}, "geometry": {"type": "LineString", "coordinates": [[116.4794184, 39.877677], [116.4794193, 39.8771719], [116.4794212, 39.8760545], [116.4794218, 39.8757533], [116.479422, 39.8756097]]}}, {"type": "Feature", "properties": {"highway": "service", "name": "", "bridge": "", "tunnel": "", "layer": "", "source": "osm"}, "geometry": {"type": "LineString", "coordinates": [[116.4787803, 39.8776722], [116.4787782, 39.8771718], [116.4787747, 39.8763397]]}}, {"type": "Feature", "properties": {"highway": "service", "name": "", "bridge": "", "tunnel": "", "layer": "", "source": "osm"}, "geometry": {"type": "LineString", "coordinates": [[116.478993, 39.8776738], [116.4789869, 39.8771718], [116.4789746, 39.8761544]]}}, {"type": "Feature", "properties": {"highway": "service", "name": "", "bridge": "", "tunnel": "", "layer": "", "source": "osm"}, "geometry": {"type": "LineString", "coordinates": [[116.4792108, 39.8776754], [116.4792027, 39.8771719], [116.479185, 39.8760631], [116.4791834, 39.8759609]]}}, {"type": "Feature", "properties": {"highway": "service", "name": "", "bridge": "", "tunnel": "", "layer": "", "source": "osm"}, "geometry": {"type": "LineString", "coordinates": [[116.479185, 39.8760631], [116.4794212, 39.8760545]]}}, {"type": "Feature", "properties": {"highway": "footway", "name": "", "bridge": "", "tunnel": "", "layer": "", "source": "osm"}, "geometry": {"type": "LineString", "coordinates": [[116.474695, 39.8768252], [116.4750951, 39.8768275], [116.4750968, 39.8767028], [116.4751002, 39.8764603]]}}, {"type": "Feature", "properties": {"highway": "footway", "name": "", "bridge": "", "tunnel": "", "layer": "", "source": "osm"}, "geometry": {"type": "LineString", "coordinates": [[116.4727601, 39.8767543], [116.4734092, 39.8771587]]}}, {"type": "Feature", "properties": {"highway": "unclassified", "name": "", "bridge": "", "tunnel": "", "layer": "", "source": "osm"}, "geometry": {"type": "LineString", "coordinates": [[116.4726829, 39.8764747], [116.4736619, 39.8764689], [116.4738489, 39.8764677], [116.4751002, 39.8764603], [116.47531, 39.8764591], [116.4755065, 39.8764579]]}}, {"type": "Feature", "properties": {"highway": "path", "name": "", "bridge": "", "tunnel": "", "layer": "", "source": "osm"}, "geometry": {"type": "LineString", "coordinates": [[116.4736684, 39.876067], [116.4730944, 39.876066], [116.4726846, 39.8760654], [116.4722788, 39.8760679]]}}, {"type": "Feature", "properties": {"highway": "path", "name": "", "bridge": "", "tunnel": "", "layer": "", "source": "osm"}, "geometry": {"type": "LineString", "coordinates": [[116.4726829, 39.8764747], [116.4726846, 39.8760654], [116.4726855, 39.8756089]]}}, {"type": "Feature", "properties": {"highway": "path", "name": "", "bridge": "", "tunnel": "", "layer": "", "source": "osm"}, "geometry": {"type": "LineString", "coordinates": [[116.4726973, 39.8753689], [116.4727022, 39.8748582]]}}, {"type": "Feature", "properties": {"highway": "footway", "name": "", "bridge": "", "tunnel": "", "layer": "", "source": "osm"}, "geometry": {"type": "LineString", "coordinates": [[116.4745641, 39.8748503], [116.4745706, 39.8744278]]}}, {"type": "Feature", "properties": {"highway": "footway", "name": "", "bridge": "", "tunnel": "", "layer": "", "source": "osm"}, "geometry": {"type": "LineString", "coordinates": [[116.4750346, 39.8748464], [116.4750281, 39.8744278]]}}, {"type": "Feature", "properties": {"highway": "footway", "name": "", "bridge": "", "tunnel": "", "layer": "", "source": "osm"}, "geometry": {"type": "LineString", "coordinates": [[116.4755112, 39.8748425], [116.4755112, 39.8747393], [116.4755113, 39.8744377]]}}, {"type": "Feature", "properties": {"highway": "footway", "name": "", "bridge": "", "tunnel": "", "layer": "", "source": "osm"}, "geometry": {"type": "LineString", "coordinates": [[116.4741839, 39.8738393], [116.4751441, 39.873837], [116.4761706, 39.8738324]]}}, {"type": "Feature", "properties": {"highway": "footway", "name": "", "bridge": "", "tunnel": "building_passage", "layer": "", "source": "osm"}, "geometry": {"type": "LineString", "coordinates": [[116.4743217, 39.8741409], [116.4760249, 39.8741391], [116.4761719, 39.874139]]}}, {"type": "Feature", "properties": {"highway": "footway", "name": "", "bridge": "", "tunnel": "", "layer": "", "source": "osm"}, "geometry": {"type": "LineString", "coordinates": [[116.4751441, 39.873837], [116.475146, 39.8734964], [116.475147, 39.8733385], [116.4751486, 39.8730759], [116.4751491, 39.8729941], [116.4751505, 39.8727663]]}}, {"type": "Feature", "properties": {"highway": "footway", "name": "", "bridge": "", "tunnel": "", "layer": "", "source": "osm"}, "geometry": {"type": "LineString", "coordinates": [[116.475146, 39.8734964], [116.4761692, 39.8734962]]}}, {"type": "Feature", "properties": {"highway": "footway", "name": "", "bridge": "", "tunnel": "", "layer": "", "source": "osm"}, "geometry": {"type": "LineString", "coordinates": [[116.4751486, 39.8730759], [116.4761674, 39.8730715]]}}, {"type": "Feature", "properties": {"highway": "footway", "name": "", "bridge": "", "tunnel": "", "layer": "", "source": "osm"}, "geometry": {"type": "LineString", "coordinates": [[116.4751505, 39.8727663], [116.476166, 39.8727573]]}}, {"type": "Feature", "properties": {"highway": "footway", "name": "", "bridge": "", "tunnel": "", "layer": "", "source": "osm"}, "geometry": {"type": "LineString", "coordinates": [[116.474185, 39.8733471], [116.475147, 39.8733385]]}}, {"type": "Feature", "properties": {"highway": "footway", "name": "", "bridge": "", "tunnel": "", "layer": "", "source": "osm"}, "geometry": {"type": "LineString", "coordinates": [[116.4751491, 39.8729941], [116.4747498, 39.8729979], [116.4747464, 39.8727857], [116.4746717, 39.8727864], [116.4746707, 39.8727225], [116.4741863, 39.8727272]]}}, {"type": "Feature", "properties": {"highway": "service", "name": "", "bridge": "", "tunnel": "", "layer": "", "source": "osm"}, "geometry": {"type": "LineString", "coordinates": [[116.4761441, 39.8771511], [116.4761441, 39.8766731]]}}, {"type": "Feature", "properties": {"highway": "service", "name": "", "bridge": "", "tunnel": "", "layer": "", "source": "osm"}, "geometry": {"type": "LineString", "coordinates": [[116.4766371, 39.8771504], [116.4766429, 39.8766642]]}}, {"type": "Feature", "properties": {"highway": "footway", "name": "", "bridge": "", "tunnel": "", "layer": "", "source": "osm"}, "geometry": {"type": "LineString", "coordinates": [[116.475089, 39.875236], [116.4751743, 39.8752357], [116.4758754, 39.8752334], [116.4759364, 39.8752332]]}}, {"type": "Feature", "properties": {"highway": "living_street", "name": "", "bridge": "", "tunnel": "", "layer": "", "source": "osm"}, "geometry": {"type": "LineString", "coordinates": [[116.4757468, 39.8774414], [116.47629, 39.8774415]]}}, {"type": "Feature", "properties": {"highway": "living_street", "name": "", "bridge": "", "tunnel": "", "layer": "", "source": "osm"}, "geometry": {"type": "LineString", "coordinates": [[116.4762958, 39.8771508], [116.47629, 39.8774415], [116.476286, 39.8776422], [116.4762853, 39.877752], [116.4762818, 39.8778536]]}}, {"type": "Feature", "properties": {"highway": "living_street", "name": "", "bridge": "", "tunnel": "", "layer": "", "source": "osm"}, "geometry": {"type": "LineString", "coordinates": [[116.4757415, 39.8776436], [116.476286, 39.8776422]]}}, {"type": "Feature", "properties": {"highway": "footway", "name": "", "bridge": "", "tunnel": "", "layer": "", "source": "osm"}, "geometry": {"type": "LineString", "coordinates": [[116.4727796, 39.8712303], [116.4728243, 39.871227], [116.4729479, 39.8712179], [116.4730766, 39.871384], [116.473399, 39.8714968], [116.4737816, 39.8715032], [116.473964, 39.8713953], [116.4740474, 39.8713173], [116.4740802, 39.8712308], [116.4740811, 39.8712295], [116.4743216, 39.8712393], [116.4744823, 39.8712459]]}}, {"type": "Feature", "properties": {"highway": "footway", "name": "", "bridge": "", "tunnel": "", "layer": "", "source": "osm"}, "geometry": {"type": "LineString", "coordinates": [[116.4729479, 39.8712179], [116.4731506, 39.8711917], [116.4732646, 39.8712673], [116.4734495, 39.8713146], [116.4736189, 39.8713146], [116.4737792, 39.8712839], [116.4738931, 39.8712177], [116.4740802, 39.8712308]]}}, {"type": "Feature", "properties": {"highway": "footway", "name": "", "bridge": "", "tunnel": "", "layer": "", "source": "osm"}, "geometry": {"type": "LineString", "coordinates": [[116.4731506, 39.8711917], [116.4731938, 39.8711278], [116.473253, 39.8710756], [116.4732769, 39.8710545], [116.473471, 39.8710072], [116.4736559, 39.8710096], [116.4737884, 39.8710521], [116.4738122, 39.8710795], [116.4738716, 39.8711444], [116.4738931, 39.8712177]]}}, {"type": "Feature", "properties": {"highway": "footway", "name": "", "bridge": "", "tunnel": "", "layer": "", "source": "osm"}, "geometry": {"type": "LineString", "coordinates": [[116.473253, 39.8710756], [116.4731691, 39.8710096], [116.4730859, 39.8709197], [116.4730459, 39.8708275], [116.4730705, 39.8707235], [116.4731412, 39.8706147]]}}, {"type": "Feature", "properties": {"highway": "footway", "name": "", "bridge": "", "tunnel": "", "layer": "", "source": "osm"}, "geometry": {"type": "LineString", "coordinates": [[116.4738122, 39.8710795], [116.4739424, 39.8709978], [116.4740226, 39.8709126], [116.474038, 39.8708015], [116.4739794, 39.8706714], [116.4739177, 39.8706121]]}}, {"type": "Feature", "properties": {"highway": "footway", "name": "", "bridge": "", "tunnel": "", "layer": "", "source": "osm"}, "geometry": {"type": "LineString", "coordinates": [[116.4727803, 39.8710238], [116.4731691, 39.8710096]]}}, {"type": "Feature", "properties": {"highway": "footway", "name": "", "bridge": "", "tunnel": "", "layer": "", "source": "osm"}, "geometry": {"type": "LineString", "coordinates": [[116.4739424, 39.8709978], [116.4744764, 39.8710211]]}}, {"type": "Feature", "properties": {"highway": "residential", "name": "磨坊北路", "bridge": "", "tunnel": "", "layer": "", "source": "osm"}, "geometry": {"type": "LineString", "coordinates": [[116.4710914, 39.8793177], [116.4702917, 39.8794313], [116.4701021, 39.8794256], [116.46994, 39.8793965], [116.4679852, 39.8790918], [116.4675303, 39.8790137], [116.4661155, 39.8789575], [116.4650419, 39.8789125]]}}, {"type": "Feature", "properties": {"highway": "living_street", "name": "实训路", "bridge": "", "tunnel": "", "layer": "", "source": "osm"}, "geometry": {"type": "LineString", "coordinates": [[116.4809945, 39.8729503], [116.4811907, 39.8727264], [116.4812831, 39.8724473], [116.4812523, 39.8719744], [116.4810982, 39.8715299], [116.4807162, 39.8711563], [116.4804512, 39.8710664], [116.4801678, 39.871038], [116.4798165, 39.8711373], [116.4795269, 39.8711752], [116.4794352, 39.8711583]]}}, {"type": "Feature", "properties": {"highway": "living_street", "name": "", "bridge": "", "tunnel": "", "layer": "", "source": "osm"}, "geometry": {"type": "LineString", "coordinates": [[116.4804098, 39.8728186], [116.4803325, 39.8725379], [116.4802512, 39.8722883], [116.4799991, 39.8720636], [116.4798067, 39.8719907], [116.4796698, 39.8719388], [116.4792836, 39.8718733], [116.4790633, 39.8718922]]}}, {"type": "Feature", "properties": {"highway": "footway", "name": "", "bridge": "", "tunnel": "", "layer": "", "source": "osm"}, "geometry": {"type": "LineString", "coordinates": [[116.4799305, 39.8728959], [116.4798975, 39.8727844], [116.4799056, 39.8727064], [116.4799219, 39.8726471], [116.4799625, 39.8725816], [116.4799707, 39.8725098], [116.4799707, 39.872438], [116.4799544, 39.872385], [116.4798812, 39.8723007], [116.4797796, 39.8722352], [116.4796586, 39.872201], [116.4796251, 39.8721915], [116.4794503, 39.872151], [116.4792592, 39.8721385], [116.479121, 39.872073], [116.4790087, 39.8719967]]}}, {"type": "Feature", "properties": {"highway": "footway", "name": "", "bridge": "", "tunnel": "", "layer": "", "source": "osm"}, "geometry": {"type": "LineString", "coordinates": [[116.4796586, 39.872201], [116.4796983, 39.8720855], [116.4797633, 39.8720199], [116.4798067, 39.8719907]]}}, {"type": "Feature", "properties": {"highway": "footway", "name": "", "bridge": "", "tunnel": "", "layer": "", "source": "osm"}, "geometry": {"type": "LineString", "coordinates": [[116.47875, 39.872492], [116.4790641, 39.8724755], [116.4791738, 39.8724755], [116.4792348, 39.8723476], [116.479308, 39.8722758], [116.4794015, 39.8722227], [116.4796586, 39.872201]]}}, {"type": "Feature", "properties": {"highway": "living_street", "name": "四教北路", "bridge": "", "tunnel": "", "layer": "", "source": "osm"}, "geometry": {"type": "LineString", "coordinates": [[116.4809945, 39.8729503], [116.4809039, 39.873104], [116.4808449, 39.8733716], [116.4808663, 39.8736433], [116.4808824, 39.8739356], [116.48092, 39.874195], [116.4809039, 39.8744461], [116.4777586, 39.8744415]]}}, {"type": "Feature", "properties": {"highway": "residential", "name": "", "bridge": "", "tunnel": "", "layer": "", "source": "osm"}, "geometry": {"type": "LineString", "coordinates": [[116.4761691, 39.8709055], [116.4764393, 39.870912], [116.4766912, 39.870744], [116.4769916, 39.870554], [116.4774288, 39.8704796], [116.4777026, 39.8705026], [116.4779731, 39.8705778], [116.478185, 39.8706847], [116.4783674, 39.8708261], [116.4785479, 39.8709864], [116.4787659, 39.8711081], [116.4788409, 39.8711499], [116.4790763, 39.8712468], [116.4790934, 39.8712538], [116.4792435, 39.8712119], [116.4793318, 39.871184], [116.4794352, 39.8711583]]}}, {"type": "Feature", "properties": {"highway": "footway", "name": "", "bridge": "", "tunnel": "", "layer": "", "source": "osm"}, "geometry": {"type": "LineString", "coordinates": [[116.4555677, 39.8906018], [116.4562554, 39.8905854]]}}, {"type": "Feature", "properties": {"highway": "trunk_link", "name": "", "bridge": "", "tunnel": "", "layer": "", "source": "osm"}, "geometry": {"type": "LineString", "coordinates": [[116.4550713, 39.8950623], [116.4552563, 39.8944779]]}}, {"type": "Feature", "properties": {"highway": "trunk_link", "name": "", "bridge": "", "tunnel": "", "layer": "", "source": "osm"}, "geometry": {"type": "LineString", "coordinates": [[116.455316, 39.8961879], [116.4550746, 39.8957435]]}}, {"type": "Feature", "properties": {"highway": "unclassified", "name": "", "bridge": "", "tunnel": "", "layer": "", "source": "osm"}, "geometry": {"type": "LineString", "coordinates": [[116.4634841, 39.8873596], [116.4635039, 39.8877706], [116.4636101, 39.887939], [116.4638154, 39.8880531], [116.4639264, 39.8881183], [116.4640277, 39.888178], [116.4641905, 39.8883518], [116.464289, 39.8885147], [116.464325, 39.8885745], [116.4643598, 39.8887718], [116.4643178, 39.8889975], [116.4642057, 39.8892089], [116.4640235, 39.8894204], [116.4638414, 39.8895924], [116.4638347, 39.8900351], [116.4638336, 39.8901062], [116.463832, 39.890217]]}}, {"type": "Feature", "properties": {"highway": "residential", "name": "", "bridge": "", "tunnel": "", "layer": "", "source": "osm"}, "geometry": {"type": "LineString", "coordinates": [[116.4663373, 39.8852108], [116.4679819, 39.8852108]]}}, {"type": "Feature", "properties": {"highway": "unclassified", "name": "", "bridge": "", "tunnel": "", "layer": "", "source": "osm"}, "geometry": {"type": "LineString", "coordinates": [[116.4638414, 39.8895924], [116.4637508, 39.8895512], [116.4635424, 39.8895499], [116.4628642, 39.8895457], [116.4627902, 39.8896215], [116.4626929, 39.8897111], [116.4624363, 39.8897125], [116.4620876, 39.8897152]]}}, {"type": "Feature", "properties": {"highway": "unclassified", "name": "", "bridge": "", "tunnel": "", "layer": "", "source": "osm"}, "geometry": {"type": "LineString", "coordinates": [[116.464289, 39.8885147], [116.4643677, 39.8885045], [116.4645815, 39.8884766], [116.4648396, 39.8884408], [116.4650363, 39.8884416], [116.4652035, 39.8884423], [116.4656832, 39.8884642], [116.4659211, 39.888472], [116.4659231, 39.8880009], [116.4659271, 39.8878528], [116.465224, 39.8878453], [116.4652371, 39.8881113], [116.4639264, 39.8881183]]}}, {"type": "Feature", "properties": {"highway": "unclassified", "name": "", "bridge": "", "tunnel": "", "layer": "", "source": "osm"}, "geometry": {"type": "LineString", "coordinates": [[116.4650363, 39.8884416], [116.4650455, 39.8888912], [116.4658096, 39.8888841], [116.4658743, 39.8889101], [116.4658959, 39.8889527], [116.4658743, 39.8895815], [116.4659236, 39.8896146], [116.4659514, 39.8896666], [116.4659421, 39.8898723], [116.4659412, 39.8898974], [116.4653659, 39.8899067]]}}, {"type": "Feature", "properties": {"highway": "unclassified", "name": "", "bridge": "", "tunnel": "", "layer": "", "source": "osm"}, "geometry": {"type": "LineString", "coordinates": [[116.4643677, 39.8885045], [116.4646654, 39.8885088]]}}, {"type": "Feature", "properties": {"highway": "unclassified", "name": "", "bridge": "", "tunnel": "", "layer": "", "source": "osm"}, "geometry": {"type": "LineString", "coordinates": [[116.4650455, 39.8888912], [116.465051, 39.8890638], [116.4649812, 39.8891667], [116.4647747, 39.8891625], [116.4647371, 39.889533], [116.464418, 39.8895227], [116.464418, 39.8898479], [116.4643804, 39.8898911], [116.4643295, 39.8899096], [116.4642651, 39.8899096], [116.4642597, 39.8900351], [116.4638347, 39.8900351]]}}, {"type": "Feature", "properties": {"highway": "unclassified", "name": "", "bridge": "", "tunnel": "", "layer": "", "source": "osm"}, "geometry": {"type": "LineString", "coordinates": [[116.4665436, 39.8945168], [116.4649455, 39.8941447], [116.4640782, 39.8939427], [116.4634897, 39.8939319], [116.4632282, 39.8939463], [116.4630834, 39.8941111], [116.4630274, 39.8942974], [116.4629994, 39.8944837], [116.4629854, 39.895862]]}}, {"type": "Feature", "properties": {"highway": "residential", "name": "农光路", "bridge": "", "tunnel": "", "layer": "", "source": "osm"}, "geometry": {"type": "LineString", "coordinates": [[116.4553601, 39.8806893], [116.4563265, 39.8806793], [116.4563782, 39.8806788], [116.4588848, 39.8806529], [116.4590326, 39.8806195], [116.4591725, 39.8805879], [116.4616007, 39.8805593]]}}, {"type": "Feature", "properties": {"highway": "residential", "name": "磨坊中街", "bridge": "", "tunnel": "", "layer": "", "source": "osm"}, "geometry": {"type": "LineString", "coordinates": [[116.4616104, 39.8781244], [116.4637927, 39.8781121], [116.4649166, 39.8781057], [116.4657876, 39.8781008], [116.4658725, 39.8781318], [116.466034, 39.8781906], [116.4678395, 39.8783278], [116.4683017, 39.8784271], [116.469263, 39.8785264], [116.4700456, 39.878673], [116.4704091, 39.8787203], [116.4710997, 39.8787395]]}}, {"type": "Feature", "properties": {"highway": "residential", "name": "农光东里路", "bridge": "", "tunnel": "", "layer": "", "source": "osm"}, "geometry": {"type": "LineString", "coordinates": [[116.4649166, 39.8781057], [116.4649227, 39.8788117], [116.4650419, 39.8789125], [116.4651161, 39.8791477], [116.4651076, 39.8814645], [116.4652061, 39.8830103]]}}, {"type": "Feature", "properties": {"highway": "residential", "name": "", "bridge": "", "tunnel": "", "layer": "", "source": "osm"}, "geometry": {"type": "LineString", "coordinates": [[116.4616101, 39.878194], [116.4611647, 39.8781688], [116.4609265, 39.8781151], [116.4600999, 39.8777567], [116.4590492, 39.8777352], [116.4588016, 39.8778176], [116.4583907, 39.8779251], [116.4581665, 39.8781903], [116.4578116, 39.8783552], [116.4572138, 39.8786025], [116.4564666, 39.8786634], [116.456434, 39.8787853], [116.4563674, 39.8788396], [116.4562845, 39.8789071], [116.4553263, 39.8789252]]}}, {"type": "Feature", "properties": {"highway": "residential", "name": "", "bridge": "", "tunnel": "", "layer": "", "source": "osm"}, "geometry": {"type": "LineString", "coordinates": [[116.4563265, 39.8806793], [116.4563467, 39.8823392]]}}, {"type": "Feature", "properties": {"highway": "residential", "name": "", "bridge": "", "tunnel": "", "layer": "", "source": "osm"}, "geometry": {"type": "LineString", "coordinates": [[116.4658725, 39.8781318], [116.4659388, 39.8779516], [116.4660086, 39.8771283], [116.4661158, 39.8763708], [116.4663007, 39.8748871]]}}, {"type": "Feature", "properties": {"highway": "residential", "name": "", "bridge": "", "tunnel": "", "layer": "", "source": "osm"}, "geometry": {"type": "LineString", "coordinates": [[116.4637927, 39.8781121], [116.4637984, 39.8770641], [116.4638089, 39.8751109]]}}, {"type": "Feature", "properties": {"highway": "residential", "name": "", "bridge": "", "tunnel": "", "layer": "", "source": "osm"}, "geometry": {"type": "LineString", "coordinates": [[116.4637984, 39.8770641], [116.4616146, 39.8770453]]}}, {"type": "Feature", "properties": {"highway": "path", "name": "", "bridge": "", "tunnel": "", "layer": "", "source": "osm"}, "geometry": {"type": "LineString", "coordinates": [[116.4638089, 39.8751109], [116.4637458, 39.8748852]]}}, {"type": "Feature", "properties": {"highway": "residential", "name": "", "bridge": "", "tunnel": "", "layer": "", "source": "osm"}, "geometry": {"type": "LineString", "coordinates": [[116.4500128, 39.8816674], [116.4477871, 39.8816727], [116.4477835, 39.8809961]]}}, {"type": "Feature", "properties": {"highway": "residential", "name": "", "bridge": "", "tunnel": "", "layer": "", "source": "osm"}, "geometry": {"type": "LineString", "coordinates": [[116.4469265, 39.877242], [116.4461173, 39.8772727], [116.4454271, 39.877339], [116.4447369, 39.8773389]]}}, {"type": "Feature", "properties": {"highway": "residential", "name": "方丹苑路", "bridge": "", "tunnel": "", "layer": "", "source": "osm"}, "geometry": {"type": "LineString", "coordinates": [[116.4403006, 39.8780642], [116.4424043, 39.8780505]]}}, {"type": "Feature", "properties": {"highway": "footway", "name": "", "bridge": "", "tunnel": "", "layer": "", "source": "osm"}, "geometry": {"type": "LineString", "coordinates": [[116.4550828, 39.8680645], [116.455226, 39.8680644]]}}, {"type": "Feature", "properties": {"highway": "footway", "name": "", "bridge": "", "tunnel": "", "layer": "", "source": "osm"}, "geometry": {"type": "LineString", "coordinates": [[116.4545802, 39.8681414], [116.4544393, 39.8681387]]}}, {"type": "Feature", "properties": {"highway": "footway", "name": "", "bridge": "", "tunnel": "", "layer": "", "source": "osm"}, "geometry": {"type": "LineString", "coordinates": [[116.4565185, 39.8699603], [116.4565379, 39.8698294], [116.4565426, 39.8697976]]}}, {"type": "Feature", "properties": {"highway": "steps", "name": "", "bridge": "", "tunnel": "", "layer": "", "source": "osm"}, "geometry": {"type": "LineString", "coordinates": [[116.4565426, 39.8697976], [116.456825, 39.8697925]]}}, {"type": "Feature", "properties": {"highway": "steps", "name": "", "bridge": "", "tunnel": "", "layer": "", "source": "osm"}, "geometry": {"type": "LineString", "coordinates": [[116.4568623, 39.8702031], [116.4568178, 39.8701987]]}}, {"type": "Feature", "properties": {"highway": "service", "name": "", "bridge": "", "tunnel": "", "layer": "", "source": "osm"}, "geometry": {"type": "LineString", "coordinates": [[116.456859, 39.871705], [116.4568564, 39.8705562], [116.4568623, 39.8702031], [116.4568645, 39.8700699]]}}, {"type": "Feature", "properties": {"highway": "service", "name": "", "bridge": "", "tunnel": "", "layer": "", "source": "osm"}, "geometry": {"type": "LineString", "coordinates": [[116.451176, 39.8696844], [116.4512184, 39.8696524], [116.4514799, 39.8696329], [116.4519158, 39.869638], [116.4523369, 39.8696349], [116.4525421, 39.8695505], [116.4527687, 39.8694733], [116.4532167, 39.8694013], [116.4534795, 39.8693539], [116.4537263, 39.869356], [116.453728, 39.8699938]]}}, {"type": "Feature", "properties": {"highway": "residential", "name": "", "bridge": "", "tunnel": "", "layer": "", "source": "osm"}, "geometry": {"type": "LineString", "coordinates": [[116.4446754, 39.869039], [116.4463192, 39.8690266], [116.447925, 39.8689978], [116.4497949, 39.8690246], [116.4510173, 39.8690122], [116.4511406, 39.8690781], [116.4511728, 39.8691893], [116.451176, 39.8696844], [116.4511782, 39.8700412]]}}, {"type": "Feature", "properties": {"highway": "residential", "name": "", "bridge": "", "tunnel": "", "layer": "", "source": "osm"}, "geometry": {"type": "LineString", "coordinates": [[116.4479327, 39.8700575], [116.447925, 39.8689978], [116.4479247, 39.8689587], [116.4479194, 39.8676969], [116.4479294, 39.8658672]]}}, {"type": "Feature", "properties": {"highway": "residential", "name": "", "bridge": "", "tunnel": "", "layer": "", "source": "osm"}, "geometry": {"type": "LineString", "coordinates": [[116.4446519, 39.8680508], [116.4455134, 39.8678779], [116.4463073, 39.8677235], [116.4479194, 39.8676969], [116.4497516, 39.8676659]]}}, {"type": "Feature", "properties": {"highway": "residential", "name": "", "bridge": "", "tunnel": "", "layer": "", "source": "osm"}, "geometry": {"type": "LineString", "coordinates": [[116.4463287, 39.8700645], [116.4463192, 39.8690266], [116.4463073, 39.8677235], [116.446323, 39.8664197]]}}, {"type": "Feature", "properties": {"highway": "secondary", "name": "", "bridge": "", "tunnel": "", "layer": "", "source": "osm"}, "geometry": {"type": "LineString", "coordinates": [[116.440688, 39.8703954], [116.4406452, 39.8700086], [116.440621, 39.8696607], [116.4406612, 39.8694672], [116.440849, 39.8692469], [116.4420587, 39.868302], [116.4426461, 39.8678491], [116.4431879, 39.8676041], [116.4436519, 39.8673735], [116.4440247, 39.8672253], [116.4444284, 39.8670448], [116.4466252, 39.8663073]]}}, {"type": "Feature", "properties": {"highway": "service", "name": "", "bridge": "", "tunnel": "", "layer": "", "source": "osm"}, "geometry": {"type": "LineString", "coordinates": [[116.4372706, 39.8696758], [116.4374346, 39.8696051], [116.4376884, 39.8695079]]}}, {"type": "Feature", "properties": {"highway": "footway", "name": "", "bridge": "", "tunnel": "", "layer": "", "source": "osm"}, "geometry": {"type": "LineString", "coordinates": [[116.4368657, 39.8697556], [116.4367985, 39.8698146]]}}, {"type": "Feature", "properties": {"highway": "footway", "name": "", "bridge": "", "tunnel": "", "layer": "", "source": "osm"}, "geometry": {"type": "LineString", "coordinates": [[116.4370917, 39.8695545], [116.4371493, 39.8694709]]}}, {"type": "Feature", "properties": {"highway": "service", "name": "", "bridge": "", "tunnel": "", "layer": "", "source": "osm"}, "geometry": {"type": "LineString", "coordinates": [[116.4498102, 39.8708423], [116.4490136, 39.8708608], [116.4488715, 39.870865], [116.4488849, 39.8720198]]}}, {"type": "Feature", "properties": {"highway": "service", "name": "", "bridge": "", "tunnel": "", "layer": "", "source": "osm"}, "geometry": {"type": "LineString", "coordinates": [[116.4714533, 39.8977776], [116.4711633, 39.8977642], [116.471099, 39.897652], [116.4711151, 39.897437], [116.4714391, 39.897368]]}}, {"type": "Feature", "properties": {"highway": "unclassified", "name": "", "bridge": "", "tunnel": "", "layer": "", "source": "osm"}, "geometry": {"type": "LineString", "coordinates": [[116.4702618, 39.8971231], [116.470269, 39.8973906], [116.4702818, 39.897862], [116.4702741, 39.897967], [116.4702467, 39.898022], [116.4702361, 39.8981741]]}}, {"type": "Feature", "properties": {"highway": "tertiary", "name": "", "bridge": "", "tunnel": "", "layer": "", "source": "osm"}, "geometry": {"type": "LineString", "coordinates": [[116.476696, 39.8933959], [116.4770856, 39.8933944], [116.479218, 39.8933903], [116.4801101, 39.8933903], [116.4807039, 39.8933903], [116.4833915, 39.893382], [116.4835379, 39.893382]]}}, {"type": "Feature", "properties": {"highway": "service", "name": "", "bridge": "", "tunnel": "", "layer": "", "source": "osm"}, "geometry": {"type": "LineString", "coordinates": [[116.4755162, 39.8992571], [116.47553, 39.8990174]]}}, {"type": "Feature", "properties": {"highway": "service", "name": "", "bridge": "", "tunnel": "", "layer": "", "source": "osm"}, "geometry": {"type": "LineString", "coordinates": [[116.474596, 39.8992203], [116.4746127, 39.8989834], [116.4753208, 39.8989855], [116.4754871, 39.8990184], [116.47553, 39.8990174], [116.4756668, 39.8990143], [116.4764552, 39.8990182]]}}, {"type": "Feature", "properties": {"highway": "service", "name": "", "bridge": "", "tunnel": "", "layer": "", "source": "osm"}, "geometry": {"type": "LineString", "coordinates": [[116.4735522, 39.8981957], [116.4735813, 39.8982045], [116.4737128, 39.8981932], [116.4738402, 39.8981757], [116.4739273, 39.8981274], [116.4739904, 39.8980924], [116.4740185, 39.8980842]]}}, {"type": "Feature", "properties": {"highway": "residential", "name": "", "bridge": "", "tunnel": "", "layer": "", "source": "osm"}, "geometry": {"type": "LineString", "coordinates": [[116.4734018, 39.8981875], [116.4733989, 39.8977752]]}}, {"type": "Feature", "properties": {"highway": "residential", "name": "", "bridge": "", "tunnel": "", "layer": "", "source": "osm"}, "geometry": {"type": "LineString", "coordinates": [[116.4735652, 39.8977771], [116.4735522, 39.8981957]]}}, {"type": "Feature", "properties": {"highway": "residential", "name": "", "bridge": "", "tunnel": "", "layer": "", "source": "osm"}, "geometry": {"type": "LineString", "coordinates": [[116.473578, 39.8982551], [116.4735415, 39.8983111], [116.4734641, 39.8983308], [116.4733911, 39.8983028], [116.4733653, 39.8982434], [116.4734018, 39.8981875], [116.4734792, 39.8981677], [116.4735522, 39.8981957], [116.473578, 39.8982551]]}}, {"type": "Feature", "properties": {"highway": "residential", "name": "", "bridge": "", "tunnel": "", "layer": "", "source": "osm"}, "geometry": {"type": "LineString", "coordinates": [[116.4667487, 39.9004577], [116.4668375, 39.9002398], [116.4669562, 39.9002361], [116.467492, 39.9003254], [116.469079, 39.9005882]]}}, {"type": "Feature", "properties": {"highway": "service", "name": "", "bridge": "", "tunnel": "", "layer": "", "source": "osm"}, "geometry": {"type": "LineString", "coordinates": [[116.4591495, 39.8974426], [116.4591765, 39.8968454], [116.4592382, 39.8967857], [116.4593133, 39.8967713], [116.4596942, 39.8967651], [116.4597988, 39.896724], [116.4598176, 39.8965799], [116.4598189, 39.8964287], [116.4598511, 39.8963628], [116.4599356, 39.8962692], [116.4600429, 39.8962671], [116.4603205, 39.8963453], [116.460456, 39.8964132], [116.4605297, 39.8965676], [116.4607081, 39.8965933], [116.4609286, 39.8965852]]}}, {"type": "Feature", "properties": {"highway": "service", "name": "", "bridge": "", "tunnel": "", "layer": "", "source": "osm"}, "geometry": {"type": "LineString", "coordinates": [[116.4611209, 39.898757], [116.4609967, 39.8987559], [116.4596754, 39.8987447], [116.459536, 39.8986459], [116.4593911, 39.898471], [116.4591846, 39.8981932], [116.4590988, 39.8981212], [116.4580286, 39.8981171], [116.4580339, 39.8975471], [116.4581144, 39.8974442], [116.4583558, 39.8974174], [116.4591495, 39.8974426], [116.4592651, 39.8974463], [116.4607483, 39.8976047], [116.4609611, 39.8976209]]}}, {"type": "Feature", "properties": {"highway": "service", "name": "", "bridge": "", "tunnel": "", "layer": "", "source": "osm"}, "geometry": {"type": "LineString", "coordinates": [[116.4587607, 39.8959115], [116.4587742, 39.8973166]]}}, {"type": "Feature", "properties": {"highway": "residential", "name": "", "bridge": "", "tunnel": "", "layer": "", "source": "osm"}, "geometry": {"type": "LineString", "coordinates": [[116.4566988, 39.8890109], [116.4573747, 39.8890083], [116.4582352, 39.889005], [116.4588704, 39.8890027], [116.4595172, 39.8890063], [116.4603353, 39.8890109], [116.4603299, 39.8895439], [116.4595064, 39.8895522], [116.4595011, 39.8894266], [116.4595172, 39.8890063]]}}, {"type": "Feature", "properties": {"highway": "service", "name": "", "bridge": "", "tunnel": "", "layer": "", "source": "osm"}, "geometry": {"type": "LineString", "coordinates": [[116.4649455, 39.8941447], [116.4649272, 39.8946559], [116.4643532, 39.8946538]]}}, {"type": "Feature", "properties": {"highway": "service", "name": "", "bridge": "", "tunnel": "", "layer": "", "source": "osm"}, "geometry": {"type": "LineString", "coordinates": [[116.4631328, 39.8920979], [116.463149, 39.8925609], [116.4631579, 39.8928164], [116.4631703, 39.8931701], [116.4649674, 39.893166], [116.4657077, 39.8931639], [116.4656997, 39.8927153], [116.4645115, 39.89274], [116.4645115, 39.8925218], [116.463149, 39.8925609]]}}, {"type": "Feature", "properties": {"highway": "tertiary", "name": "茂兴中街", "bridge": "", "tunnel": "", "layer": "", "source": "osm"}, "geometry": {"type": "LineString", "coordinates": [[116.4714469, 39.8934426], [116.4722279, 39.8934431], [116.4727524, 39.8933995], [116.4741689, 39.8933928], [116.4765972, 39.8933964], [116.476696, 39.8933959]]}}, {"type": "Feature", "properties": {"highway": "service", "name": "", "bridge": "", "tunnel": "", "layer": "", "source": "osm"}, "geometry": {"type": "LineString", "coordinates": [[116.4537987, 39.8994567], [116.4521813, 39.8994608], [116.4521845, 39.8993164], [116.4521889, 39.8991215]]}}, {"type": "Feature", "properties": {"highway": "residential", "name": "问渠路", "bridge": "", "tunnel": "", "layer": "1", "source": "osm"}, "geometry": {"type": "LineString", "coordinates": [[116.4378621, 39.896607], [116.4377608, 39.8968291], [116.4376657, 39.8970375], [116.4376491, 39.8971063], [116.4375844, 39.8973744], [116.4375662, 39.8975141], [116.4375519, 39.8976239], [116.4370884, 39.8980668], [116.4364095, 39.898335], [116.4362477, 39.8983871], [116.4360792, 39.8984394], [116.4359234, 39.8984992], [116.4358774, 39.8985752]]}}, {"type": "Feature", "properties": {"highway": "footway", "name": "", "bridge": "", "tunnel": "", "layer": "", "source": "osm"}, "geometry": {"type": "LineString", "coordinates": [[116.4376482, 39.8919772], [116.4376488, 39.8920098], [116.4376218, 39.8928375], [116.4376032, 39.8933937], [116.4375908, 39.8940403], [116.43758, 39.8944116], [116.4375591, 39.8949867], [116.4375534, 39.8953614], [116.4374933, 39.8962045], [116.4374562, 39.8971161], [116.4373898, 39.8972934], [116.4373627, 39.8973656], [116.4372488, 39.897559], [116.4370699, 39.8977555], [116.4368187, 39.8979755], [116.4364843, 39.8981805], [116.4362312, 39.8983013], [116.4361773, 39.8983113], [116.4358437, 39.8983733], [116.4356224, 39.8983934], [116.4352037, 39.8985067], [116.4348946, 39.8985595], [116.434631, 39.8985547], [116.434423, 39.8985862], [116.434341, 39.898626], [116.4340945, 39.8987265], [116.4335334, 39.8988317], [116.4321398, 39.899093], [116.4316824, 39.8992484], [116.4312542, 39.8995964], [116.4311078, 39.8998517], [116.4310719, 39.9000453]]}}, {"type": "Feature", "properties": {"highway": "footway", "name": "", "bridge": "", "tunnel": "", "layer": "", "source": "osm"}, "geometry": {"type": "LineString", "coordinates": [[116.4370699, 39.8977555], [116.4371352, 39.897792], [116.4372272, 39.8976983], [116.4373547, 39.8975789], [116.4375662, 39.8975141]]}}, {"type": "Feature", "properties": {"highway": "unclassified", "name": "", "bridge": "", "tunnel": "", "layer": "", "source": "osm"}, "geometry": {"type": "LineString", "coordinates": [[116.4667164, 39.8998714], [116.4667216, 39.8999808], [116.4667602, 39.9000416], [116.4668049, 39.900065], [116.4671769, 39.9000728], [116.4672968, 39.900104], [116.467492, 39.9003254]]}}, {"type": "Feature", "properties": {"highway": "service", "name": "", "bridge": "", "tunnel": "", "layer": "", "source": "osm"}, "geometry": {"type": "LineString", "coordinates": [[116.462367, 39.8685212], [116.4622948, 39.8685428]]}}, {"type": "Feature", "properties": {"highway": "service", "name": "", "bridge": "", "tunnel": "", "layer": "", "source": "osm"}, "geometry": {"type": "LineString", "coordinates": [[116.4616072, 39.8685737], [116.4621556, 39.8685665]]}}, {"type": "Feature", "properties": {"highway": "service", "name": "", "bridge": "", "tunnel": "", "layer": "", "source": "osm"}, "geometry": {"type": "LineString", "coordinates": [[116.4623107, 39.8685625], [116.4622742, 39.8686151], [116.4621966, 39.8686171], [116.4621556, 39.8685665], [116.4621921, 39.8685139], [116.4622697, 39.8685119], [116.4622948, 39.8685428], [116.4623107, 39.8685625]]}}, {"type": "Feature", "properties": {"highway": "service", "name": "", "bridge": "", "tunnel": "", "layer": "", "source": "osm"}, "geometry": {"type": "LineString", "coordinates": [[116.4660893, 39.8686417], [116.4648923, 39.8686355], [116.4648333, 39.8687322], [116.4646241, 39.8689381], [116.4643934, 39.8691151], [116.4639831, 39.8692634], [116.4632884, 39.8692572], [116.4632294, 39.8691584], [116.4632294, 39.8686211], [116.4631355, 39.8685449], [116.462414, 39.8685264], [116.462367, 39.8685212], [116.4623389, 39.8684976], [116.4623228, 39.8683143], [116.4623576, 39.8680014], [116.4624515, 39.8677832], [116.4626151, 39.8675897], [116.4630577, 39.8673406], [116.4634386, 39.8672232], [116.4637551, 39.8672109], [116.4640528, 39.8672377], [116.46438, 39.8673488], [116.4645919, 39.8674723], [116.464785, 39.8676823], [116.4648709, 39.8677832], [116.4649808, 39.8679602], [116.4649916, 39.868234], [116.4649594, 39.8685017], [116.4648923, 39.8686355]]}}, {"type": "Feature", "properties": {"highway": "service", "name": "", "bridge": "", "tunnel": "", "layer": "", "source": "osm"}, "geometry": {"type": "LineString", "coordinates": [[116.4641387, 39.8700536], [116.4640367, 39.8701424], [116.4638114, 39.8701712], [116.4630334, 39.8701711], [116.4627144, 39.870099]]}}, {"type": "Feature", "properties": {"highway": "service", "name": "", "bridge": "", "tunnel": "", "layer": "", "source": "osm"}, "geometry": {"type": "LineString", "coordinates": [[116.4772009, 39.8807497], [116.4772237, 39.8796044], [116.4772924, 39.8794204]]}}, {"type": "Feature", "properties": {"highway": "residential", "name": "", "bridge": "", "tunnel": "", "layer": "", "source": "osm"}, "geometry": {"type": "LineString", "coordinates": [[116.4681675, 39.8795806], [116.4680559, 39.8806706], [116.4691492, 39.8808155], [116.4694174, 39.8809473], [116.4710667, 39.8809684]]}}, {"type": "Feature", "properties": {"highway": "service", "name": "", "bridge": "", "tunnel": "", "layer": "", "source": "osm"}, "geometry": {"type": "LineString", "coordinates": [[116.4749437, 39.8842711], [116.4749421, 39.8845526], [116.4749383, 39.8852298], [116.4749418, 39.886009], [116.4760943, 39.8859925]]}}, {"type": "Feature", "properties": {"highway": "service", "name": "大郊亭南街", "bridge": "", "tunnel": "", "layer": "", "source": "osm"}, "geometry": {"type": "LineString", "coordinates": [[116.4714262, 39.885258], [116.4715611, 39.8852091], [116.473283, 39.8852272], [116.4734803, 39.8852293], [116.4749383, 39.8852298], [116.4763035, 39.8852081], [116.4816784, 39.8851948], [116.4817285, 39.8852816]]}}, {"type": "Feature", "properties": {"highway": "residential", "name": "黄辛庄西路", "bridge": "", "tunnel": "", "layer": "", "source": "osm"}, "geometry": {"type": "LineString", "coordinates": [[116.4734153, 39.8859048], [116.473447, 39.8873058]]}}, {"type": "Feature", "properties": {"highway": "service", "name": "", "bridge": "", "tunnel": "", "layer": "", "source": "osm"}, "geometry": {"type": "LineString", "coordinates": [[116.4763035, 39.8852081], [116.4763099, 39.8845444], [116.4763116, 39.8843657], [116.476317, 39.8840982]]}}, {"type": "Feature", "properties": {"highway": "service", "name": "", "bridge": "", "tunnel": "", "layer": "", "source": "osm"}, "geometry": {"type": "LineString", "coordinates": [[116.4734803, 39.8852293], [116.4734523, 39.8832083]]}}, {"type": "Feature", "properties": {"highway": "service", "name": "", "bridge": "", "tunnel": "", "layer": "", "source": "osm"}, "geometry": {"type": "LineString", "coordinates": [[116.4749421, 39.8845526], [116.4760458, 39.8845444], [116.4763099, 39.8845444]]}}, {"type": "Feature", "properties": {"highway": "steps", "name": "", "bridge": "", "tunnel": "", "layer": "", "source": "osm"}, "geometry": {"type": "LineString", "coordinates": [[116.471461, 39.8720034], [116.4714575, 39.8722373]]}}, {"type": "Feature", "properties": {"highway": "service", "name": "", "bridge": "", "tunnel": "", "layer": "", "source": "osm"}, "geometry": {"type": "LineString", "coordinates": [[116.4572329, 39.89215], [116.4572295, 39.8928782], [116.457057, 39.8929933], [116.4570581, 39.8939136]]}}, {"type": "Feature", "properties": {"highway": "footway", "name": "", "bridge": "yes", "tunnel": "", "layer": "1", "source": "osm"}, "geometry": {"type": "LineString", "coordinates": [[116.4476647, 39.883382], [116.4473133, 39.8833882], [116.4473106, 39.8830074], [116.4476459, 39.8830012]]}}, {"type": "Feature", "properties": {"highway": "steps", "name": "", "bridge": "", "tunnel": "", "layer": "", "source": "osm"}, "geometry": {"type": "LineString", "coordinates": [[116.4473133, 39.8833882], [116.4471577, 39.8833902]]}}, {"type": "Feature", "properties": {"highway": "steps", "name": "", "bridge": "", "tunnel": "", "layer": "", "source": "osm"}, "geometry": {"type": "LineString", "coordinates": [[116.4473106, 39.8830074], [116.4471551, 39.8830084]]}}, {"type": "Feature", "properties": {"highway": "footway", "name": "", "bridge": "yes", "tunnel": "", "layer": "1", "source": "osm"}, "geometry": {"type": "LineString", "coordinates": [[116.4443441, 39.8830455], [116.4440035, 39.8830537], [116.4440115, 39.8833954], [116.4443481, 39.8833923]]}}, {"type": "Feature", "properties": {"highway": "steps", "name": "", "bridge": "", "tunnel": "", "layer": "", "source": "osm"}, "geometry": {"type": "LineString", "coordinates": [[116.4440115, 39.8833954], [116.4438238, 39.8833985]]}}, {"type": "Feature", "properties": {"highway": "steps", "name": "", "bridge": "", "tunnel": "", "layer": "", "source": "osm"}, "geometry": {"type": "LineString", "coordinates": [[116.4440035, 39.8830537], [116.4438077, 39.8830537]]}}, {"type": "Feature", "properties": {"highway": "residential", "name": "广和里西路", "bridge": "", "tunnel": "", "layer": "", "source": "osm"}, "geometry": {"type": "LineString", "coordinates": [[116.4416309, 39.8833827], [116.4416309, 39.8835944], [116.4416309, 39.8839205], [116.4416105, 39.8863698], [116.4416383, 39.8874528], [116.4416098, 39.8886449], [116.4415985, 39.889117], [116.4416674, 39.8892202], [116.4417584, 39.8892923], [116.4419344, 39.889446], [116.4420364, 39.8895342], [116.4421561, 39.8896852], [116.4422261, 39.8898421], [116.4422566, 39.8899498], [116.4422718, 39.8901023], [116.4422915, 39.8906976], [116.4422915, 39.8913887], [116.4422915, 39.8919037], [116.4422915, 39.8920163]]}}, {"type": "Feature", "properties": {"highway": "secondary_link", "name": "", "bridge": "", "tunnel": "", "layer": "", "source": "osm"}, "geometry": {"type": "LineString", "coordinates": [[116.4834078, 39.8832109], [116.4833037, 39.883092], [116.4831984, 39.8830361], [116.4830786, 39.8830125], [116.4822192, 39.8830208], [116.4812981, 39.8830298], [116.4811744, 39.8830474], [116.4808721, 39.8831124], [116.4805148, 39.8831704], [116.4801918, 39.8831968], [116.4792894, 39.883195]]}}, {"type": "Feature", "properties": {"highway": "tertiary", "name": "", "bridge": "", "tunnel": "", "layer": "", "source": "osm"}, "geometry": {"type": "LineString", "coordinates": [[116.4796641, 39.8751011], [116.4797315, 39.8749429], [116.4798744, 39.8748134], [116.4803601, 39.8746593], [116.4809392, 39.8745948], [116.4824421, 39.8746127], [116.482943, 39.8745789], [116.4830704, 39.8745324], [116.4831487, 39.874458]]}}, {"type": "Feature", "properties": {"highway": "tertiary", "name": "", "bridge": "", "tunnel": "", "layer": "", "source": "osm"}, "geometry": {"type": "LineString", "coordinates": [[116.482442, 39.8748214], [116.4809112, 39.8748242], [116.4804395, 39.8748528], [116.4801733, 39.8749138], [116.4799071, 39.8750285], [116.4796641, 39.8751011]]}}, {"type": "Feature", "properties": {"highway": "tertiary", "name": "大柳树路", "bridge": "", "tunnel": "", "layer": "", "source": "osm"}, "geometry": {"type": "LineString", "coordinates": [[116.4802785, 39.874829], [116.4800369, 39.8749054], [116.4798342, 39.8749967], [116.4796824, 39.8750841], [116.4796641, 39.8751011]]}}, {"type": "Feature", "properties": {"highway": "service", "name": "", "bridge": "", "tunnel": "", "layer": "", "source": "osm"}, "geometry": {"type": "LineString", "coordinates": [[116.4631579, 39.8928164], [116.461533, 39.8928164], [116.4615169, 39.8927752], [116.4615169, 39.8922113], [116.4615169, 39.8921028]]}}, {"type": "Feature", "properties": {"highway": "residential", "name": "", "bridge": "", "tunnel": "", "layer": "", "source": "osm"}, "geometry": {"type": "LineString", "coordinates": [[116.4619916, 39.8902161], [116.4620131, 39.8897089], [116.4620024, 39.8878661]]}}, {"type": "Feature", "properties": {"highway": "residential", "name": "", "bridge": "", "tunnel": "", "layer": "", "source": "osm"}, "geometry": {"type": "LineString", "coordinates": [[116.4573747, 39.8890083], [116.4573821, 39.8896077], [116.458097, 39.8896223], [116.4582305, 39.8896236], [116.4588477, 39.8896388], [116.4589067, 39.8896388], [116.4595082, 39.8896333], [116.4595064, 39.8895522]]}}, {"type": "Feature", "properties": {"highway": "residential", "name": "", "bridge": "", "tunnel": "", "layer": "", "source": "osm"}, "geometry": {"type": "LineString", "coordinates": [[116.4603353, 39.8890109], [116.4603947, 39.8889698], [116.4604054, 39.8889368], [116.4604054, 39.8886612], [116.4604054, 39.8883073], [116.4603839, 39.8881139], [116.4603518, 39.8880851], [116.4601641, 39.8880645], [116.4595367, 39.8880645], [116.4588901, 39.8880645]]}}, {"type": "Feature", "properties": {"highway": "residential", "name": "", "bridge": "", "tunnel": "", "layer": "", "source": "osm"}, "geometry": {"type": "LineString", "coordinates": [[116.4556235, 39.8948597], [116.456399, 39.8948514], [116.4570636, 39.8948309], [116.4582749, 39.8948268]]}}, {"type": "Feature", "properties": {"highway": "residential", "name": "", "bridge": "", "tunnel": "", "layer": "", "source": "osm"}, "geometry": {"type": "LineString", "coordinates": [[116.44964, 39.8910792], [116.4541802, 39.8910669]]}}, {"type": "Feature", "properties": {"highway": "residential", "name": "", "bridge": "", "tunnel": "", "layer": "", "source": "osm"}, "geometry": {"type": "LineString", "coordinates": [[116.452066, 39.8880781], [116.4520886, 39.888869], [116.4521958, 39.8901696], [116.452228, 39.890289]]}}, {"type": "Feature", "properties": {"highway": "residential", "name": "", "bridge": "", "tunnel": "", "layer": "", "source": "osm"}, "geometry": {"type": "LineString", "coordinates": [[116.4535739, 39.8880556], [116.4535634, 39.8894205], [116.4535001, 39.8897116], [116.4536278, 39.8903302]]}}, {"type": "Feature", "properties": {"highway": "residential", "name": "", "bridge": "", "tunnel": "", "layer": "", "source": "osm"}, "geometry": {"type": "LineString", "coordinates": [[116.4540962, 39.8932319], [116.4520904, 39.8932566]]}}, {"type": "Feature", "properties": {"highway": "residential", "name": "", "bridge": "", "tunnel": "", "layer": "", "source": "osm"}, "geometry": {"type": "LineString", "coordinates": [[116.4520367, 39.8943125], [116.4497342, 39.8943555], [116.4495856, 39.8943545]]}}, {"type": "Feature", "properties": {"highway": "residential", "name": "", "bridge": "", "tunnel": "", "layer": "", "source": "osm"}, "geometry": {"type": "LineString", "coordinates": [[116.4495847, 39.8938649], [116.4473476, 39.8938739], [116.4472457, 39.8938533], [116.4469775, 39.8937669], [116.4467201, 39.8936681], [116.4462535, 39.8935199], [116.4459586, 39.8934047], [116.4459157, 39.8933635], [116.4458781, 39.8931989], [116.4457923, 39.8924157]]}}, {"type": "Feature", "properties": {"highway": "residential", "name": "", "bridge": "", "tunnel": "", "layer": "", "source": "osm"}, "geometry": {"type": "LineString", "coordinates": [[116.4466626, 39.8921211], [116.4466626, 39.891982], [116.4466025, 39.8913038]]}}, {"type": "Feature", "properties": {"highway": "residential", "name": "", "bridge": "", "tunnel": "", "layer": "", "source": "osm"}, "geometry": {"type": "LineString", "coordinates": [[116.4442071, 39.891402], [116.4442284, 39.891402], [116.4461639, 39.8913815], [116.4462699, 39.8913182]]}}, {"type": "Feature", "properties": {"highway": "residential", "name": "", "bridge": "", "tunnel": "", "layer": "", "source": "osm"}, "geometry": {"type": "LineString", "coordinates": [[116.441254, 39.893487], [116.4417529, 39.893487], [116.441946, 39.8935364], [116.4421713, 39.8937093], [116.442402, 39.8941883], [116.4426809, 39.8943596], [116.4430672, 39.8946354], [116.4434534, 39.8947918], [116.4441785, 39.8947991], [116.4446926, 39.8947959], [116.445272, 39.8949441], [116.445626, 39.8950758], [116.4458567, 39.8951375], [116.4469457, 39.8951293], [116.4471871, 39.8951581], [116.447981, 39.8954339], [116.4481205, 39.8955368], [116.448142, 39.895978]]}}, {"type": "Feature", "properties": {"highway": "residential", "name": "", "bridge": "", "tunnel": "", "layer": "", "source": "osm"}, "geometry": {"type": "LineString", "coordinates": [[116.4407517, 39.8956375], [116.4400601, 39.8956352], [116.439109, 39.8956311]]}}, {"type": "Feature", "properties": {"highway": "residential", "name": "", "bridge": "", "tunnel": "", "layer": "", "source": "osm"}, "geometry": {"type": "LineString", "coordinates": [[116.4407517, 39.8956375], [116.4414801, 39.8957717], [116.442065, 39.8958443]]}}, {"type": "Feature", "properties": {"highway": "residential", "name": "忠实里一巷", "bridge": "", "tunnel": "", "layer": "", "source": "osm"}, "geometry": {"type": "LineString", "coordinates": [[116.4406045, 39.8982065], [116.4407517, 39.8956375]]}}, {"type": "Feature", "properties": {"highway": "residential", "name": "", "bridge": "", "tunnel": "", "layer": "", "source": "osm"}, "geometry": {"type": "LineString", "coordinates": [[116.4419917, 39.8972116], [116.4437565, 39.8972159], [116.4437598, 39.897131], [116.4441453, 39.8971258]]}}, {"type": "Feature", "properties": {"highway": "residential", "name": "", "bridge": "", "tunnel": "", "layer": "", "source": "osm"}, "geometry": {"type": "LineString", "coordinates": [[116.4387748, 39.8985781], [116.4394643, 39.8985822], [116.439652, 39.8985575], [116.4397312, 39.8986465]]}}, {"type": "Feature", "properties": {"highway": "residential", "name": "", "bridge": "", "tunnel": "", "layer": "", "source": "osm"}, "geometry": {"type": "LineString", "coordinates": [[116.4586501, 39.9009943], [116.4579647, 39.9009575], [116.4578837, 39.9009532], [116.4574066, 39.9007476], [116.457203, 39.9006982], [116.4568278, 39.9006941], [116.456667, 39.9007065], [116.4565223, 39.9007435], [116.4563615, 39.900838], [116.4561363, 39.9009984], [116.4560827, 39.9010395], [116.4557031, 39.9012986]]}}, {"type": "Feature", "properties": {"highway": "service", "name": "", "bridge": "", "tunnel": "", "layer": "", "source": "osm"}, "geometry": {"type": "LineString", "coordinates": [[116.4632282, 39.8939463], [116.463169, 39.8938892], [116.4631703, 39.8931701]]}}, {"type": "Feature", "properties": {"highway": "service", "name": "", "bridge": "", "tunnel": "", "layer": "", "source": "osm"}, "geometry": {"type": "LineString", "coordinates": [[116.4657077, 39.8931639], [116.4664982, 39.8931392]]}}, {"type": "Feature", "properties": {"highway": "service", "name": "", "bridge": "", "tunnel": "", "layer": "", "source": "osm"}, "geometry": {"type": "LineString", "coordinates": [[116.466503, 39.8932847], [116.467276, 39.893316]]}}, {"type": "Feature", "properties": {"highway": "residential", "name": "", "bridge": "", "tunnel": "", "layer": "", "source": "osm"}, "geometry": {"type": "LineString", "coordinates": [[116.4722655, 39.8937778], [116.4730269, 39.8937819], [116.4741734, 39.8937719], [116.4749251, 39.8937819], [116.4758474, 39.8937696]]}}, {"type": "Feature", "properties": {"highway": "residential", "name": "", "bridge": "", "tunnel": "", "layer": "", "source": "osm"}, "geometry": {"type": "LineString", "coordinates": [[116.4722547, 39.8949705], [116.4722547, 39.8947525], [116.4722547, 39.8945304], [116.472244, 39.8944482], [116.472244, 39.8943495], [116.4722547, 39.8940657], [116.4722655, 39.8937778], [116.472244, 39.8937079], [116.4722279, 39.8934431]]}}, {"type": "Feature", "properties": {"highway": "residential", "name": "", "bridge": "", "tunnel": "", "layer": "", "source": "osm"}, "geometry": {"type": "LineString", "coordinates": [[116.4741734, 39.8937719], [116.4741689, 39.8933928]]}}, {"type": "Feature", "properties": {"highway": "trunk_link", "name": "", "bridge": "yes", "tunnel": "", "layer": "2", "source": "osm"}, "geometry": {"type": "LineString", "coordinates": [[116.4368482, 39.8938276], [116.4369156, 39.8937103], [116.4369772, 39.8936518], [116.4370443, 39.8935987], [116.4371073, 39.8935535], [116.4371923, 39.8935356]]}}, {"type": "Feature", "properties": {"highway": "footway", "name": "", "bridge": "", "tunnel": "", "layer": "", "source": "osm"}, "geometry": {"type": "LineString", "coordinates": [[116.45526, 39.8702624], [116.455253, 39.870076], [116.4552488, 39.8699633], [116.4552435, 39.869821], [116.4552411, 39.8697573]]}}, {"type": "Feature", "properties": {"highway": "footway", "name": "", "bridge": "", "tunnel": "", "layer": "", "source": "osm"}, "geometry": {"type": "LineString", "coordinates": [[116.4545054, 39.869811], [116.454507, 39.8699769], [116.4545082, 39.8700947], [116.4545091, 39.8701826]]}}, {"type": "Feature", "properties": {"highway": "residential", "name": "", "bridge": "", "tunnel": "", "layer": "", "source": "osm"}, "geometry": {"type": "LineString", "coordinates": [[116.4792386, 39.8819785], [116.4792987, 39.8797374], [116.4793181, 39.879583]]}}, {"type": "Feature", "properties": {"highway": "unclassified", "name": "", "bridge": "", "tunnel": "", "layer": "", "source": "osm"}, "geometry": {"type": "LineString", "coordinates": [[116.4782848, 39.8819009], [116.4786894, 39.8819453], [116.4792386, 39.8819785], [116.4796361, 39.882034], [116.4798023, 39.8820063], [116.480272, 39.8819009], [116.4805827, 39.8818787], [116.4807056, 39.8818954], [116.480708, 39.8828067]]}}, {"type": "Feature", "properties": {"highway": "unclassified", "name": "", "bridge": "", "tunnel": "", "layer": "", "source": "osm"}, "geometry": {"type": "LineString", "coordinates": [[116.4696962, 39.8971321], [116.4702618, 39.8971231], [116.4710426, 39.8971108]]}}, {"type": "Feature", "properties": {"highway": "unclassified", "name": "", "bridge": "", "tunnel": "", "layer": "", "source": "osm"}, "geometry": {"type": "LineString", "coordinates": [[116.4688441, 39.8978408], [116.4701096, 39.8978408], [116.4702818, 39.897862]]}}, {"type": "Feature", "properties": {"highway": "unclassified", "name": "", "bridge": "", "tunnel": "", "layer": "", "source": "osm"}, "geometry": {"type": "LineString", "coordinates": [[116.4691268, 39.8980091], [116.4701897, 39.8979702], [116.4702818, 39.897862]]}}, {"type": "Feature", "properties": {"highway": "unclassified", "name": "", "bridge": "", "tunnel": "", "layer": "", "source": "osm"}, "geometry": {"type": "LineString", "coordinates": [[116.4702818, 39.897862], [116.4714556, 39.8978455]]}}, {"type": "Feature", "properties": {"highway": "unclassified", "name": "", "bridge": "", "tunnel": "", "layer": "", "source": "osm"}, "geometry": {"type": "LineString", "coordinates": [[116.470269, 39.8973906], [116.469287, 39.8974007]]}}, {"type": "Feature", "properties": {"highway": "residential", "name": "", "bridge": "", "tunnel": "", "layer": "", "source": "osm"}, "geometry": {"type": "LineString", "coordinates": [[116.4573747, 39.8890083], [116.4573696, 39.8880432], [116.4588906, 39.8880409]]}}, {"type": "Feature", "properties": {"highway": "residential", "name": "", "bridge": "", "tunnel": "", "layer": "", "source": "osm"}, "geometry": {"type": "LineString", "coordinates": [[116.4582352, 39.889005], [116.4582305, 39.8896236]]}}, {"type": "Feature", "properties": {"highway": "footway", "name": "", "bridge": "", "tunnel": "", "layer": "", "source": "osm"}, "geometry": {"type": "LineString", "coordinates": [[116.4552871, 39.8773168], [116.4553894, 39.877315]]}}, {"type": "Feature", "properties": {"highway": "primary", "name": "双龙路", "bridge": "yes", "tunnel": "", "layer": "1", "source": "osm"}, "geometry": {"type": "LineString", "coordinates": [[116.4815998, 39.8700271], [116.4780454, 39.8700603]]}}, {"type": "Feature", "properties": {"highway": "service", "name": "", "bridge": "", "tunnel": "", "layer": "", "source": "osm"}, "geometry": {"type": "LineString", "coordinates": [[116.479311, 39.8697166], [116.4797726, 39.8697142], [116.4799006, 39.8697266], [116.4803056, 39.8697533], [116.4804317, 39.8697935], [116.4804894, 39.8698315], [116.4805202, 39.8698676], [116.4805484, 39.8701897], [116.4805122, 39.8702597], [116.4804652, 39.8702927], [116.4803848, 39.8703163], [116.4802869, 39.8702968], [116.480142, 39.8702566], [116.4800455, 39.8702391], [116.4799409, 39.8702299], [116.4798859, 39.8702422], [116.4797892, 39.8702629]]}}, {"type": "Feature", "properties": {"highway": "secondary_link", "name": "", "bridge": "", "tunnel": "", "layer": "", "source": "osm"}, "geometry": {"type": "LineString", "coordinates": [[116.479311, 39.8697166], [116.479383, 39.8697348], [116.4794299, 39.8697523], [116.4794715, 39.8697801], [116.4795077, 39.8698182], [116.4795144, 39.8701537], [116.4794943, 39.8701784], [116.4794553, 39.8702071]]}}, {"type": "Feature", "properties": {"highway": "residential", "name": "", "bridge": "", "tunnel": "", "layer": "", "source": "osm"}, "geometry": {"type": "LineString", "coordinates": [[116.475835, 39.8686396], [116.4772246, 39.8686215], [116.4773882, 39.8686212], [116.4786493, 39.868626], [116.4795034, 39.8679797], [116.4800149, 39.8675785], [116.4800512, 39.8672516], [116.4800511, 39.8664423]]}}, {"type": "Feature", "properties": {"highway": "residential", "name": "", "bridge": "", "tunnel": "", "layer": "", "source": "osm"}, "geometry": {"type": "LineString", "coordinates": [[116.473039, 39.8748572], [116.4730474, 39.8729545], [116.4730498, 39.8724233]]}}, {"type": "Feature", "properties": {"highway": "residential", "name": "", "bridge": "", "tunnel": "", "layer": "", "source": "osm"}, "geometry": {"type": "LineString", "coordinates": [[116.475497, 39.877152], [116.4755032, 39.8766844], [116.4755065, 39.8764579], [116.4755013, 39.8758116]]}}, {"type": "Feature", "properties": {"highway": "footway", "name": "", "bridge": "", "tunnel": "", "layer": "", "source": "osm"}, "geometry": {"type": "LineString", "coordinates": [[116.4741833, 39.874141], [116.4743217, 39.8741409]]}}, {"type": "Feature", "properties": {"highway": "footway", "name": "", "bridge": "", "tunnel": "", "layer": "", "source": "osm"}, "geometry": {"type": "LineString", "coordinates": [[116.4391636, 39.8777801], [116.4390857, 39.8777901], [116.4390026, 39.8778007]]}}, {"type": "Feature", "properties": {"highway": "footway", "name": "", "bridge": "", "tunnel": "", "layer": "", "source": "osm"}, "geometry": {"type": "LineString", "coordinates": [[116.4390026, 39.8778007], [116.4387934, 39.8776649]]}}, {"type": "Feature", "properties": {"highway": "footway", "name": "", "bridge": "", "tunnel": "", "layer": "", "source": "osm"}, "geometry": {"type": "LineString", "coordinates": [[116.4382055, 39.8774861], [116.4385735, 39.8775681], [116.4387934, 39.8776649]]}}, {"type": "Feature", "properties": {"highway": "footway", "name": "", "bridge": "", "tunnel": "", "layer": "", "source": "osm"}, "geometry": {"type": "LineString", "coordinates": [[116.4358789, 39.8791264], [116.4360066, 39.8790275], [116.4359717, 39.8788114], [116.4360254, 39.8785356], [116.4360197, 39.8782154], [116.4360173, 39.8780786], [116.4360977, 39.8779005]]}}, {"type": "Feature", "properties": {"highway": "footway", "name": "", "bridge": "", "tunnel": "", "layer": "", "source": "osm"}, "geometry": {"type": "LineString", "coordinates": [[116.4362724, 39.8781006], [116.4360197, 39.8782154], [116.4356338, 39.878409], [116.4352119, 39.8785229]]}}, {"type": "Feature", "properties": {"highway": "footway", "name": "", "bridge": "", "tunnel": "", "layer": "-1", "source": "osm"}, "geometry": {"type": "LineString", "coordinates": [[116.4152619, 39.8715953], [116.4160118, 39.8715919], [116.4167356, 39.8715886], [116.4167349, 39.871533], [116.4175246, 39.8715299], [116.4175236, 39.8715896], [116.4193653, 39.87157], [116.4201783, 39.8715148], [116.4215445, 39.8714208], [116.4226287, 39.871358], [116.4233263, 39.8713149], [116.4263668, 39.871133], [116.4288433, 39.8709773], [116.4304842, 39.870907], [116.4324608, 39.870821], [116.4327616, 39.8708156], [116.4340094, 39.8707784], [116.4348441, 39.8707489], [116.4361618, 39.8706939], [116.4364223, 39.8706783], [116.4366296, 39.8707049], [116.4367863, 39.8707409], [116.4368608, 39.8707782], [116.4369286, 39.870815], [116.4370213, 39.8709036], [116.437091, 39.8710753], [116.4371809, 39.8715301], [116.4372651, 39.8719253], [116.4373519, 39.8723809], [116.4374435, 39.8728248], [116.4375294, 39.8732464], [116.4376105, 39.8736671], [116.4376955, 39.8740733], [116.4378232, 39.8744384], [116.4379673, 39.8747075], [116.4380667, 39.8749013], [116.4380988, 39.874964]]}}, {"type": "Feature", "properties": {"highway": "residential", "name": "广和里西路", "bridge": "", "tunnel": "", "layer": "", "source": "osm"}, "geometry": {"type": "LineString", "coordinates": [[116.4420364, 39.8895342], [116.4419432, 39.8895871], [116.4418601, 39.889585], [116.4417286, 39.889513], [116.4416589, 39.8895109], [116.4412727, 39.8895109]]}}, {"type": "Feature", "properties": {"highway": "path", "name": "", "bridge": "yes", "tunnel": "", "layer": "1", "source": "osm"}, "geometry": {"type": "LineString", "coordinates": [[116.4379114, 39.8746415], [116.4384609, 39.8744839]]}}, {"type": "Feature", "properties": {"highway": "path", "name": "", "bridge": "", "tunnel": "", "layer": "", "source": "osm"}, "geometry": {"type": "LineString", "coordinates": [[116.4384609, 39.8744839], [116.4383829, 39.87432], [116.4383234, 39.8743333]]}}, {"type": "Feature", "properties": {"highway": "path", "name": "", "bridge": "", "tunnel": "", "layer": "", "source": "osm"}, "geometry": {"type": "LineString", "coordinates": [[116.4384609, 39.8744839], [116.4385264, 39.8746097], [116.4384511, 39.8746339]]}}, {"type": "Feature", "properties": {"highway": "path", "name": "", "bridge": "", "tunnel": "", "layer": "", "source": "osm"}, "geometry": {"type": "LineString", "coordinates": [[116.4379114, 39.8746415], [116.4379574, 39.8747246], [116.437895, 39.874743]]}}, {"type": "Feature", "properties": {"highway": "path", "name": "", "bridge": "", "tunnel": "", "layer": "", "source": "osm"}, "geometry": {"type": "LineString", "coordinates": [[116.4379114, 39.8746415], [116.4378207, 39.8744658], [116.4377679, 39.8744813]]}}, {"type": "Feature", "properties": {"highway": "path", "name": "", "bridge": "yes", "tunnel": "", "layer": "1", "source": "osm"}, "geometry": {"type": "LineString", "coordinates": [[116.4384609, 39.8744839], [116.4384865, 39.8744774], [116.4385391, 39.874533], [116.4386147, 39.8745654], [116.4386469, 39.8745625], [116.4390261, 39.8744731], [116.4391913, 39.8744349]]}}, {"type": "Feature", "properties": {"highway": "path", "name": "", "bridge": "", "tunnel": "", "layer": "", "source": "osm"}, "geometry": {"type": "LineString", "coordinates": [[116.4391913, 39.8744349], [116.4390663, 39.8743241]]}}, {"type": "Feature", "properties": {"highway": "path", "name": "", "bridge": "", "tunnel": "", "layer": "", "source": "osm"}, "geometry": {"type": "LineString", "coordinates": [[116.4390261, 39.8744731], [116.4389573, 39.8743281]]}}, {"type": "Feature", "properties": {"highway": "steps", "name": "", "bridge": "", "tunnel": "", "layer": "", "source": "osm"}, "geometry": {"type": "LineString", "coordinates": [[116.4380667, 39.8749013], [116.4379931, 39.874931]]}}, {"type": "Feature", "properties": {"highway": "residential", "name": "垂杨柳北一街", "bridge": "", "tunnel": "", "layer": "", "source": "osm"}, "geometry": {"type": "LineString", "coordinates": [[116.4496305, 39.8901771], [116.452042, 39.8901539], [116.4521021, 39.8902066], [116.452228, 39.890289], [116.4522924, 39.8903137], [116.4536278, 39.8903302], [116.45366, 39.8903425], [116.4539925, 39.8903548], [116.4549878, 39.8903507]]}}, {"type": "Feature", "properties": {"highway": "residential", "name": "", "bridge": "", "tunnel": "", "layer": "", "source": "osm"}, "geometry": {"type": "LineString", "coordinates": [[116.4445372, 39.8846704], [116.4443536, 39.884705], [116.4442502, 39.8847445], [116.4439146, 39.8847423], [116.44388, 39.8846889], [116.4438744, 39.8845345]]}}, {"type": "Feature", "properties": {"highway": "residential", "name": "营盘沟路", "bridge": "", "tunnel": "", "layer": "", "source": "osm"}, "geometry": {"type": "LineString", "coordinates": [[116.4663373, 39.8852108], [116.4663052, 39.8834081]]}}, {"type": "Feature", "properties": {"highway": "trunk_link", "name": "", "bridge": "yes", "tunnel": "", "layer": "2", "source": "osm"}, "geometry": {"type": "LineString", "coordinates": [[116.4368631, 39.8931301], [116.4368751, 39.8932839], [116.4369269, 39.8933764], [116.43698, 39.893449], [116.4370776, 39.8935018], [116.4371923, 39.8935356]]}}, {"type": "Feature", "properties": {"highway": "pedestrian", "name": "搏跃广场", "bridge": "", "tunnel": "", "layer": "", "source": "osm"}, "geometry": {"type": "LineString", "coordinates": [[116.4751752, 39.8753091], [116.4751743, 39.8752357], [116.4751754, 39.8750328], [116.4758765, 39.8750349], [116.4758754, 39.8752334], [116.4758719, 39.8753139], [116.4751752, 39.8753091]]}}, {"type": "Feature", "properties": {"highway": "pedestrian", "name": "春华广场", "bridge": "", "tunnel": "", "layer": "", "source": "osm"}, "geometry": {"type": "LineString", "coordinates": [[116.473111, 39.8730106], [116.4731071, 39.8724653], [116.4741172, 39.872461], [116.4741212, 39.8730063], [116.473111, 39.8730106]]}}, {"type": "Feature", "properties": {"highway": "pedestrian", "name": "秋实广场", "bridge": "", "tunnel": "", "layer": "", "source": "osm"}, "geometry": {"type": "LineString", "coordinates": [[116.4731162, 39.8742905], [116.4741277, 39.8742927], [116.4741258, 39.8748012], [116.4731143, 39.874799], [116.4731162, 39.8742905]]}}, {"type": "Feature", "properties": {"highway": "residential", "name": "思源路", "bridge": "", "tunnel": "", "layer": "", "source": "osm"}, "geometry": {"type": "LineString", "coordinates": [[116.471905, 39.8770407], [116.472048, 39.8771633], [116.4723524, 39.8771623], [116.4727601, 39.8771609], [116.4734092, 39.8771587], [116.4736667, 39.8771578], [116.4737308, 39.8771588], [116.4742676, 39.8771559], [116.4746253, 39.8771536], [116.4747556, 39.8771544], [116.475497, 39.877152], [116.4757481, 39.8771516], [116.4761441, 39.8771511], [116.4762958, 39.8771508], [116.4766371, 39.8771504], [116.4770238, 39.8771498]]}}, {"type": "Feature", "properties": {"highway": "pedestrian", "name": "艺术广场", "bridge": "", "tunnel": "", "layer": "", "source": "osm"}, "geometry": {"type": "LineString", "coordinates": [[116.4790382, 39.8731721], [116.4784073, 39.8731596], [116.4785966, 39.8727856], [116.4790579, 39.8729092], [116.4790382, 39.8731721]]}}, {"type": "Feature", "properties": {"highway": "pedestrian", "name": "奥运广场", "bridge": "", "tunnel": "", "layer": "", "source": "osm"}, "geometry": {"type": "LineString", "coordinates": [[116.4790763, 39.8712468], [116.4787659, 39.8711081], [116.4786883, 39.8708525], [116.4786115, 39.8705985], [116.4789767, 39.8706701], [116.479276, 39.870637], [116.4795057, 39.8707276], [116.4793318, 39.871184], [116.4792435, 39.8712119], [116.4790763, 39.8712468]]}}, {"type": "Feature", "properties": {"highway": "pedestrian", "name": "日新广场", "bridge": "", "tunnel": "", "layer": "", "source": "osm"}, "geometry": {"type": "LineString", "coordinates": [[116.473471, 39.8710072], [116.4736559, 39.8710096], [116.4738122, 39.8710795], [116.4738716, 39.8711444], [116.4738931, 39.8712177], [116.4740784, 39.8712089], [116.4743216, 39.8711933], [116.4743216, 39.8712393], [116.4743216, 39.8712767], [116.4741562, 39.8712913], [116.4739499, 39.8714995], [116.4738253, 39.8715354], [116.4733054, 39.8715431], [116.4731656, 39.8714959], [116.4730382, 39.8714136], [116.472935, 39.8712987], [116.4727795, 39.8712764], [116.472747, 39.8712718], [116.4727552, 39.8712108], [116.4727797, 39.8712117], [116.4729479, 39.8712179], [116.4731506, 39.8711917], [116.4731938, 39.8711278], [116.473253, 39.8710756], [116.4732769, 39.8710545], [116.473471, 39.8710072]]}}, {"type": "Feature", "properties": {"highway": "path", "name": "", "bridge": "", "tunnel": "", "layer": "", "source": "osm"}, "geometry": {"type": "LineString", "coordinates": [[116.4730944, 39.876066], [116.4736619, 39.8764689]]}}, {"type": "Feature", "properties": {"highway": "path", "name": "", "bridge": "", "tunnel": "", "layer": "", "source": "osm"}, "geometry": {"type": "LineString", "coordinates": [[116.4730944, 39.876066], [116.4736718, 39.8756123]]}}, {"type": "Feature", "properties": {"highway": "path", "name": "", "bridge": "", "tunnel": "", "layer": "", "source": "osm"}, "geometry": {"type": "LineString", "coordinates": [[116.4722788, 39.8760679], [116.4726855, 39.8756089]]}}, {"type": "Feature", "properties": {"highway": "path", "name": "", "bridge": "", "tunnel": "", "layer": "", "source": "osm"}, "geometry": {"type": "LineString", "coordinates": [[116.4722788, 39.8760679], [116.4726829, 39.8764747]]}}, {"type": "Feature", "properties": {"highway": "pedestrian", "name": "初心广场", "bridge": "", "tunnel": "", "layer": "", "source": "osm"}, "geometry": {"type": "LineString", "coordinates": [[116.4742807, 39.8764111], [116.4745838, 39.87641], [116.4745798, 39.8757605], [116.4742768, 39.8757616], [116.4742807, 39.8764111]]}}, {"type": "Feature", "properties": {"highway": "primary", "name": "松榆南路", "bridge": "", "tunnel": "", "layer": "", "source": "osm"}, "geometry": {"type": "LineString", "coordinates": [[116.4615939, 39.8699572], [116.4625937, 39.8699519], [116.4660851, 39.8699334], [116.4674646, 39.8699347], [116.4688191, 39.8699361], [116.4702675, 39.8699406], [116.4710963, 39.8699387]]}}, {"type": "Feature", "properties": {"highway": "tertiary", "name": "武圣路", "bridge": "", "tunnel": "", "layer": "", "source": "osm"}, "geometry": {"type": "LineString", "coordinates": [[116.4615911, 39.883011], [116.4615906, 39.8831221]]}}, {"type": "Feature", "properties": {"highway": "secondary", "name": "南磨房路", "bridge": "", "tunnel": "", "layer": "", "source": "osm"}, "geometry": {"type": "LineString", "coordinates": [[116.4553923, 39.8830126], [116.4572983, 39.8830096], [116.4577327, 39.883009], [116.4614052, 39.8830109], [116.4615911, 39.883011]]}}, {"type": "Feature", "properties": {"highway": "secondary", "name": "光明路", "bridge": "", "tunnel": "", "layer": "", "source": "osm"}, "geometry": {"type": "LineString", "coordinates": [[116.4341945, 39.8829893], [116.435839, 39.8830315], [116.4366697, 39.8830591]]}}, {"type": "Feature", "properties": {"highway": "tertiary", "name": "龙潭路", "bridge": "", "tunnel": "", "layer": "", "source": "osm"}, "geometry": {"type": "LineString", "coordinates": [[116.4385946, 39.8801607], [116.4373163, 39.8801367], [116.4345252, 39.8800799], [116.4343222, 39.8800801]]}}, {"type": "Feature", "properties": {"highway": "secondary", "name": "光明路", "bridge": "", "tunnel": "", "layer": "", "source": "osm"}, "geometry": {"type": "LineString", "coordinates": [[116.4366844, 39.8831556], [116.435842, 39.8831297], [116.4341819, 39.8830811]]}}, {"type": "Feature", "properties": {"highway": "secondary", "name": "南磨房路", "bridge": "", "tunnel": "", "layer": "", "source": "osm"}, "geometry": {"type": "LineString", "coordinates": [[116.4710294, 39.8831423], [116.4701368, 39.8831404], [116.4694167, 39.8831388], [116.4677741, 39.8831353]]}}, {"type": "Feature", "properties": {"highway": "primary", "name": "双龙路", "bridge": "", "tunnel": "", "layer": "", "source": "osm"}, "geometry": {"type": "LineString", "coordinates": [[116.4712536, 39.8700644], [116.471084, 39.8700665]]}}, {"type": "Feature", "properties": {"highway": "secondary", "name": "双龙路辅路", "bridge": "", "tunnel": "", "layer": "", "source": "osm"}, "geometry": {"type": "LineString", "coordinates": [[116.474757, 39.8701785], [116.4741808, 39.8701815], [116.4736237, 39.8701906], [116.4732964, 39.8701941]]}}, {"type": "Feature", "properties": {"highway": "primary", "name": "双龙路", "bridge": "", "tunnel": "", "layer": "", "source": "osm"}, "geometry": {"type": "LineString", "coordinates": [[116.4780454, 39.8700603], [116.4751712, 39.8700589]]}}, {"type": "Feature", "properties": {"highway": "service", "name": "", "bridge": "", "tunnel": "", "layer": "", "source": "osm"}, "geometry": {"type": "LineString", "coordinates": [[116.4532589, 39.9008375], [116.4479634, 39.9009535], [116.4474803, 39.9009494]]}}, {"type": "Feature", "properties": {"highway": "primary", "name": "广渠路", "bridge": "", "tunnel": "", "layer": "", "source": "osm"}, "geometry": {"type": "LineString", "coordinates": [[116.4556012, 39.8919928], [116.4588683, 39.8919644], [116.4590291, 39.891963], [116.4606541, 39.8919489], [116.4607529, 39.8919478], [116.4628206, 39.8919301], [116.4642325, 39.8919106], [116.4662536, 39.8918949], [116.4664737, 39.8918948], [116.4691398, 39.8918467], [116.469487, 39.8918412], [116.4696478, 39.8918386], [116.4702891, 39.8918299], [116.4709663, 39.8918207], [116.471254, 39.8918146]]}}, {"type": "Feature", "properties": {"highway": "primary", "name": "西大望路", "bridge": "", "tunnel": "", "layer": "", "source": "osm"}, "geometry": {"type": "LineString", "coordinates": [[116.4710363, 39.8830248], [116.4710667, 39.8809684], [116.4710882, 39.8796627], [116.4710914, 39.8793177], [116.4710997, 39.8787395], [116.4711087, 39.8781281]]}}, {"type": "Feature", "properties": {"highway": "primary", "name": "西大望路", "bridge": "", "tunnel": "", "layer": "", "source": "osm"}, "geometry": {"type": "LineString", "coordinates": [[116.4714648, 39.8920124], [116.47146, 39.8922346], [116.4714664, 39.8930829], [116.4714469, 39.8934426], [116.4715206, 39.8947957], [116.4715198, 39.8949028], [116.4715128, 39.8957656]]}}, {"type": "Feature", "properties": {"highway": "primary", "name": "广渠路", "bridge": "", "tunnel": "", "layer": "", "source": "osm"}, "geometry": {"type": "LineString", "coordinates": [[116.478931, 39.8919846], [116.4787768, 39.8919848], [116.476698, 39.8920006], [116.4765751, 39.8919991], [116.4745212, 39.8919909], [116.473529, 39.8919868], [116.4717655, 39.8920093], [116.4714648, 39.8920124]]}}, {"type": "Feature", "properties": {"highway": "trunk_link", "name": "", "bridge": "yes", "tunnel": "", "layer": "3", "source": "osm"}, "geometry": {"type": "LineString", "coordinates": [[116.4386386, 39.8920293], [116.4386716, 39.8921006], [116.4387461, 39.892172], [116.438783, 39.8921961], [116.4388804, 39.8922306]]}}, {"type": "Feature", "properties": {"highway": "trunk_link", "name": "", "bridge": "yes", "tunnel": "", "layer": "3", "source": "osm"}, "geometry": {"type": "LineString", "coordinates": [[116.4366594, 39.8922706], [116.4368069, 39.8922111], [116.436874, 39.8921668], [116.4369428, 39.892052]]}}, {"type": "Feature", "properties": {"highway": "tertiary", "name": "东三环南路", "bridge": "", "tunnel": "", "layer": "", "source": "osm"}, "geometry": {"type": "LineString", "coordinates": [[116.4546055, 39.87174], [116.4546228, 39.8705176], [116.4546168, 39.8702494], [116.4546152, 39.8700909]]}}, {"type": "Feature", "properties": {"highway": "secondary", "name": "光明桥", "bridge": "yes", "tunnel": "", "layer": "1", "source": "osm"}, "geometry": {"type": "LineString", "coordinates": [[116.4366697, 39.8830591], [116.4379381, 39.8830764], [116.4383874, 39.8830828]]}}, {"type": "Feature", "properties": {"highway": "trunk_link", "name": "", "bridge": "yes", "tunnel": "", "layer": "1", "source": "osm"}, "geometry": {"type": "LineString", "coordinates": [[116.4384095, 39.8832087], [116.438315, 39.8832384], [116.4382198, 39.8833177], [116.4381769, 39.8833707], [116.4381708, 39.8833995]]}}, {"type": "Feature", "properties": {"highway": "trunk_link", "name": "", "bridge": "yes", "tunnel": "", "layer": "1", "source": "osm"}, "geometry": {"type": "LineString", "coordinates": [[116.4381252, 39.8833995], [116.4381202, 39.8833663], [116.4380924, 39.8833182], [116.4380702, 39.8832883], [116.4380233, 39.8832446], [116.4379435, 39.8831952]]}}, {"type": "Feature", "properties": {"highway": "trunk_link", "name": "", "bridge": "yes", "tunnel": "", "layer": "1", "source": "osm"}, "geometry": {"type": "LineString", "coordinates": [[116.4381708, 39.8845057], [116.4386348, 39.8845562]]}}, {"type": "Feature", "properties": {"highway": "trunk_link", "name": "", "bridge": "yes", "tunnel": "", "layer": "1", "source": "osm"}, "geometry": {"type": "LineString", "coordinates": [[116.4386322, 39.8846025], [116.4385919, 39.8845943], [116.4381668, 39.8845577]]}}, {"type": "Feature", "properties": {"highway": "trunk_link", "name": "", "bridge": "", "tunnel": "", "layer": "", "source": "osm"}, "geometry": {"type": "LineString", "coordinates": [[116.4386348, 39.8845562], [116.4386791, 39.8845541], [116.4387394, 39.8845274], [116.4388132, 39.8844594], [116.4388454, 39.884407], [116.438935, 39.8842674]]}}, {"type": "Feature", "properties": {"highway": "trunk_link", "name": "", "bridge": "", "tunnel": "", "layer": "", "source": "osm"}, "geometry": {"type": "LineString", "coordinates": [[116.4388543, 39.8848681], [116.4388159, 39.8847836], [116.4387837, 39.8847239], [116.4387488, 39.8846725], [116.4386724, 39.8846169], [116.4386322, 39.8846025]]}}, {"type": "Feature", "properties": {"highway": "trunk_link", "name": "", "bridge": "", "tunnel": "", "layer": "", "source": "osm"}, "geometry": {"type": "LineString", "coordinates": [[116.4381708, 39.8833995], [116.4380622, 39.8843102], [116.438081, 39.8844059]]}}, {"type": "Feature", "properties": {"highway": "trunk_link", "name": "", "bridge": "yes", "tunnel": "", "layer": "1", "source": "osm"}, "geometry": {"type": "LineString", "coordinates": [[116.4398928, 39.8828973], [116.4398955, 39.8829312], [116.4399062, 39.8829652], [116.4399558, 39.8830347], [116.4400155, 39.8830974], [116.4400719, 39.883137]]}}, {"type": "Feature", "properties": {"highway": "trunk_link", "name": "", "bridge": "yes", "tunnel": "", "layer": "1", "source": "osm"}, "geometry": {"type": "LineString", "coordinates": [[116.4395857, 39.8831234], [116.4396655, 39.8830969], [116.4397285, 39.8830552], [116.4397882, 39.8830033], [116.4398244, 39.8829616], [116.4398472, 39.8828983]]}}, {"type": "Feature", "properties": {"highway": "trunk_link", "name": "", "bridge": "yes", "tunnel": "", "layer": "1", "source": "osm"}, "geometry": {"type": "LineString", "coordinates": [[116.4379381, 39.8830764], [116.4380199, 39.8830336], [116.4380877, 39.8829966], [116.4381333, 39.8829554], [116.4381735, 39.8829035], [116.4381903, 39.8828474]]}}, {"type": "Feature", "properties": {"highway": "trunk_link", "name": "", "bridge": "yes", "tunnel": "", "layer": "1", "source": "osm"}, "geometry": {"type": "LineString", "coordinates": [[116.4385664, 39.8817406], [116.4389969, 39.8817755]]}}, {"type": "Feature", "properties": {"highway": "trunk_link", "name": "", "bridge": "", "tunnel": "", "layer": "", "source": "osm"}, "geometry": {"type": "LineString", "coordinates": [[116.4381903, 39.8828474], [116.4382875, 39.8819947], [116.4383076, 39.881897], [116.4383532, 39.8818332], [116.4384323, 39.8817725], [116.4384766, 39.881755], [116.4385664, 39.8817406]]}}, {"type": "Feature", "properties": {"highway": "trunk_link", "name": "", "bridge": "", "tunnel": "", "layer": "", "source": "osm"}, "geometry": {"type": "LineString", "coordinates": [[116.4383247, 39.8812204], [116.4383599, 39.8814678], [116.4384136, 39.881614], [116.4384672, 39.8816757], [116.4385329, 39.8817169], [116.4385664, 39.8817406]]}}, {"type": "Feature", "properties": {"highway": "trunk_link", "name": "", "bridge": "yes", "tunnel": "", "layer": "1", "source": "osm"}, "geometry": {"type": "LineString", "coordinates": [[116.4389943, 39.8818239], [116.4385664, 39.881792]]}}, {"type": "Feature", "properties": {"highway": "trunk_link", "name": "", "bridge": "", "tunnel": "", "layer": "", "source": "osm"}, "geometry": {"type": "LineString", "coordinates": [[116.4385664, 39.881792], [116.4385141, 39.8818044], [116.4384525, 39.8818311], [116.4383948, 39.8818826], [116.4383546, 39.8819587], [116.4383385, 39.882039], [116.4382955, 39.8823364]]}}, {"type": "Feature", "properties": {"highway": "trunk_link", "name": "", "bridge": "", "tunnel": "", "layer": "", "source": "osm"}, "geometry": {"type": "LineString", "coordinates": [[116.4382955, 39.8823364], [116.4382383, 39.8828551]]}}, {"type": "Feature", "properties": {"highway": "trunk_link", "name": "", "bridge": "", "tunnel": "", "layer": "", "source": "osm"}, "geometry": {"type": "LineString", "coordinates": [[116.4398107, 39.883481], [116.439807, 39.8835024], [116.4396813, 39.8845296], [116.4395384, 39.8846898], [116.4389597, 39.8853067]]}}, {"type": "Feature", "properties": {"highway": "trunk_link", "name": "", "bridge": "yes", "tunnel": "", "layer": "1", "source": "osm"}, "geometry": {"type": "LineString", "coordinates": [[116.4397667, 39.8834839], [116.4397681, 39.8833995], [116.439748, 39.8833655], [116.4396782, 39.8832997], [116.4395753, 39.8832395]]}}, {"type": "Feature", "properties": {"highway": "tertiary", "name": "东三环南路", "bridge": "", "tunnel": "", "layer": "", "source": "osm"}, "geometry": {"type": "LineString", "coordinates": [[116.4551113, 39.8699641], [116.4551144, 39.8700772]]}}, {"type": "Feature", "properties": {"highway": "primary", "name": "松榆南路", "bridge": "", "tunnel": "", "layer": "", "source": "osm"}, "geometry": {"type": "LineString", "coordinates": [[116.4546152, 39.8700909], [116.4545082, 39.8700947], [116.4528339, 39.8701142]]}}, {"type": "Feature", "properties": {"highway": "secondary", "name": "双龙路辅路", "bridge": "", "tunnel": "", "layer": "", "source": "osm"}, "geometry": {"type": "LineString", "coordinates": [[116.4794553, 39.8702071], [116.479136, 39.8701686], [116.4786666, 39.8701629], [116.4781344, 39.870165]]}}, {"type": "Feature", "properties": {"highway": "secondary", "name": "双龙路辅路", "bridge": "", "tunnel": "", "layer": "", "source": "osm"}, "geometry": {"type": "LineString", "coordinates": [[116.4799996, 39.8695082], [116.4803714, 39.8693288], [116.4806662, 39.869178], [116.4809079, 39.868993]]}}, {"type": "Feature", "properties": {"highway": "secondary", "name": "双龙路辅路", "bridge": "", "tunnel": "", "layer": "", "source": "osm"}, "geometry": {"type": "LineString", "coordinates": [[116.4727948, 39.8698126], [116.4736876, 39.8698083], [116.4745161, 39.8698151], [116.4758177, 39.8697981]]}}, {"type": "Feature", "properties": {"highway": "tertiary", "name": "北工大路", "bridge": "", "tunnel": "", "layer": "", "source": "osm"}, "geometry": {"type": "LineString", "coordinates": [[116.4711087, 39.8781281], [116.4712701, 39.878133]]}}, {"type": "Feature", "properties": {"highway": "primary", "name": "西大望路", "bridge": "", "tunnel": "", "layer": "", "source": "osm"}, "geometry": {"type": "LineString", "coordinates": [[116.4712536, 39.8700644], [116.4712626, 39.8708094], [116.4712749, 39.8731705], [116.471279, 39.874789], [116.4712779, 39.8748914], [116.4712868, 39.8760607], [116.4712803, 39.8768644], [116.4712701, 39.878133]]}}, {"type": "Feature", "properties": {"highway": "tertiary", "name": "武圣路", "bridge": "", "tunnel": "", "layer": "", "source": "osm"}, "geometry": {"type": "LineString", "coordinates": [[116.4616232, 39.8748837], [116.4615588, 39.87483]]}}, {"type": "Feature", "properties": {"highway": "tertiary", "name": "松榆北路", "bridge": "", "tunnel": "", "layer": "", "source": "osm"}, "geometry": {"type": "LineString", "coordinates": [[116.4553438, 39.8748193], [116.4565888, 39.8748168], [116.4592087, 39.8748255], [116.4595838, 39.874823], [116.4615588, 39.87483]]}}, {"type": "Feature", "properties": {"highway": "tertiary", "name": "潘家园路", "bridge": "", "tunnel": "", "layer": "", "source": "osm"}, "geometry": {"type": "LineString", "coordinates": [[116.439266, 39.8748011], [116.4396797, 39.8748058], [116.440527, 39.8748154], [116.4407819, 39.8748214], [116.4447293, 39.8748632]]}}, {"type": "Feature", "properties": {"highway": "tertiary", "name": "潘家园东路", "bridge": "", "tunnel": "", "layer": "", "source": "osm"}, "geometry": {"type": "LineString", "coordinates": [[116.4446856, 39.8701301], [116.4447193, 39.873782], [116.4447194, 39.8740042], [116.4447293, 39.8748632]]}}, {"type": "Feature", "properties": {"highway": "secondary", "name": "劲松路", "bridge": "", "tunnel": "", "layer": "", "source": "osm"}, "geometry": {"type": "LineString", "coordinates": [[116.4418568, 39.883171], [116.4427667, 39.8831734], [116.4431123, 39.8831743], [116.443271, 39.8831737], [116.4447675, 39.8831683]]}}, {"type": "Feature", "properties": {"highway": "secondary", "name": "光明桥", "bridge": "yes", "tunnel": "", "layer": "1", "source": "osm"}, "geometry": {"type": "LineString", "coordinates": [[116.4400671, 39.8832509], [116.4395753, 39.8832395]]}}, {"type": "Feature", "properties": {"highway": "primary", "name": "西大望路", "bridge": "", "tunnel": "", "layer": "", "source": "osm"}, "geometry": {"type": "LineString", "coordinates": [[116.471254, 39.8918146], [116.4712628, 39.8916056], [116.4712508, 39.8909406], [116.4712858, 39.890208], [116.4712599, 39.8901284], [116.4712265, 39.8883874], [116.4711989, 39.8882217], [116.4711875, 39.8875497], [116.4711832, 39.8873073], [116.4711797, 39.8871062], [116.4711727, 39.8867203], [116.471189, 39.886603], [116.4711735, 39.8857789], [116.4711717, 39.8856804]]}}, {"type": "Feature", "properties": {"highway": "primary", "name": "西大望路", "bridge": "", "tunnel": "", "layer": "", "source": "osm"}, "geometry": {"type": "LineString", "coordinates": [[116.4712465, 39.8920181], [116.471254, 39.8918146]]}}, {"type": "Feature", "properties": {"highway": "primary", "name": "广渠路", "bridge": "", "tunnel": "", "layer": "", "source": "osm"}, "geometry": {"type": "LineString", "coordinates": [[116.4714648, 39.8920124], [116.4712465, 39.8920181]]}}, {"type": "Feature", "properties": {"highway": "primary", "name": "广渠路", "bridge": "", "tunnel": "", "layer": "", "source": "osm"}, "geometry": {"type": "LineString", "coordinates": [[116.471254, 39.8918146], [116.4714596, 39.891811]]}}, {"type": "Feature", "properties": {"highway": "primary", "name": "西大望路", "bridge": "", "tunnel": "", "layer": "", "source": "osm"}, "geometry": {"type": "LineString", "coordinates": [[116.4714596, 39.891811], [116.4714648, 39.8920124]]}}, {"type": "Feature", "properties": {"highway": "primary", "name": "西大望路", "bridge": "", "tunnel": "", "layer": "", "source": "osm"}, "geometry": {"type": "LineString", "coordinates": [[116.4712701, 39.878133], [116.471291, 39.8792676], [116.4712768, 39.8800631], [116.4712607, 39.8809645], [116.471204, 39.8827965], [116.4712048, 39.8830261]]}}, {"type": "Feature", "properties": {"highway": "primary", "name": "南磨房路", "bridge": "", "tunnel": "", "layer": "", "source": "osm"}, "geometry": {"type": "LineString", "coordinates": [[116.4710363, 39.8830248], [116.4712048, 39.8830261]]}}, {"type": "Feature", "properties": {"highway": "service", "name": "", "bridge": "", "tunnel": "", "layer": "", "source": "osm"}, "geometry": {"type": "LineString", "coordinates": [[116.4694767, 39.8833525], [116.4695542, 39.8834753], [116.4700842, 39.8834733], [116.4701367, 39.883364], [116.4701367, 39.8833179], [116.4701368, 39.8831404]]}}, {"type": "Feature", "properties": {"highway": "tertiary", "name": "劲松南路", "bridge": "", "tunnel": "", "layer": "", "source": "osm"}, "geometry": {"type": "LineString", "coordinates": [[116.4447458, 39.880267], [116.4418566, 39.8803354], [116.4398336, 39.8803635]]}}, {"type": "Feature", "properties": {"highway": "tertiary", "name": "劲松南路", "bridge": "", "tunnel": "", "layer": "", "source": "osm"}, "geometry": {"type": "LineString", "coordinates": [[116.454779, 39.8801862], [116.451783, 39.8802081], [116.4508516, 39.8802149], [116.4499888, 39.8802212]]}}, {"type": "Feature", "properties": {"highway": "tertiary", "name": "华威路", "bridge": "", "tunnel": "", "layer": "", "source": "osm"}, "geometry": {"type": "LineString", "coordinates": [[116.4498384, 39.8748649], [116.4499163, 39.8758428], [116.449919, 39.8760039], [116.4499199, 39.8760606], [116.4499388, 39.8772005], [116.4499512, 39.8779494], [116.4499709, 39.879138], [116.4499888, 39.8802212]]}}, {"type": "Feature", "properties": {"highway": "tertiary", "name": "华威路", "bridge": "", "tunnel": "", "layer": "", "source": "osm"}, "geometry": {"type": "LineString", "coordinates": [[116.4499888, 39.8802212], [116.4500128, 39.8816674], [116.450035, 39.8830095]]}}, {"type": "Feature", "properties": {"highway": "tertiary", "name": "华威路", "bridge": "", "tunnel": "", "layer": "", "source": "osm"}, "geometry": {"type": "LineString", "coordinates": [[116.4498253, 39.8714645], [116.4498277, 39.871709]]}}, {"type": "Feature", "properties": {"highway": "tertiary", "name": "华威路", "bridge": "", "tunnel": "", "layer": "", "source": "osm"}, "geometry": {"type": "LineString", "coordinates": [[116.4498091, 39.8707827], [116.4498102, 39.8708423], [116.4498121, 39.8709392], [116.4498149, 39.8710847], [116.4498253, 39.8714645]]}}, {"type": "Feature", "properties": {"highway": "primary", "name": "南磨房路", "bridge": "", "tunnel": "", "layer": "", "source": "osm"}, "geometry": {"type": "LineString", "coordinates": [[116.4761957, 39.8831198], [116.4723032, 39.8831288]]}}, {"type": "Feature", "properties": {"highway": "tertiary", "name": "", "bridge": "", "tunnel": "", "layer": "", "source": "osm"}, "geometry": {"type": "LineString", "coordinates": [[116.4792894, 39.883195], [116.4770994, 39.8831976], [116.4756797, 39.8831993]]}}, {"type": "Feature", "properties": {"highway": "primary", "name": "南磨房路", "bridge": "", "tunnel": "", "layer": "", "source": "osm"}, "geometry": {"type": "LineString", "coordinates": [[116.4723032, 39.8831288], [116.4715201, 39.8831309], [116.4714195, 39.8831311], [116.4712048, 39.8831314]]}}, {"type": "Feature", "properties": {"highway": "primary", "name": "南磨房路", "bridge": "", "tunnel": "", "layer": "", "source": "osm"}, "geometry": {"type": "LineString", "coordinates": [[116.4722872, 39.8830204], [116.4760529, 39.883036]]}}, {"type": "Feature", "properties": {"highway": "tertiary", "name": "", "bridge": "", "tunnel": "", "layer": "", "source": "osm"}, "geometry": {"type": "LineString", "coordinates": [[116.4722872, 39.8830204], [116.4725889, 39.88292], [116.4749694, 39.8829174], [116.475093, 39.8829173], [116.4756581, 39.8829324]]}}, {"type": "Feature", "properties": {"highway": "primary", "name": "南磨房路", "bridge": "", "tunnel": "", "layer": "", "source": "osm"}, "geometry": {"type": "LineString", "coordinates": [[116.4712048, 39.8830261], [116.4722872, 39.8830204]]}}, {"type": "Feature", "properties": {"highway": "footway", "name": "", "bridge": "", "tunnel": "", "layer": "", "source": "osm"}, "geometry": {"type": "LineString", "coordinates": [[116.442842, 39.9004299], [116.4428448, 39.9003609]]}}, {"type": "Feature", "properties": {"highway": "service", "name": "", "bridge": "", "tunnel": "", "layer": "", "source": "osm"}, "geometry": {"type": "LineString", "coordinates": [[116.440644, 39.9005208], [116.4407316, 39.9003166], [116.440908, 39.9003213]]}}, {"type": "Feature", "properties": {"highway": "secondary", "name": "", "bridge": "", "tunnel": "", "layer": "", "source": "osm"}, "geometry": {"type": "LineString", "coordinates": [[116.4713216, 39.8677441], [116.4713471, 39.8698125], [116.4713542, 39.8698933]]}}, {"type": "Feature", "properties": {"highway": "primary", "name": "西大望路", "bridge": "", "tunnel": "", "layer": "", "source": "osm"}, "geometry": {"type": "LineString", "coordinates": [[116.4712233, 39.8677462], [116.4712308, 39.8685665], [116.4712428, 39.8699384]]}}, {"type": "Feature", "properties": {"highway": "secondary", "name": "双龙路辅路", "bridge": "", "tunnel": "", "layer": "", "source": "osm"}, "geometry": {"type": "LineString", "coordinates": [[116.4712428, 39.8699384], [116.4713542, 39.8698933]]}}, {"type": "Feature", "properties": {"highway": "secondary", "name": "", "bridge": "", "tunnel": "", "layer": "", "source": "osm"}, "geometry": {"type": "LineString", "coordinates": [[116.4713542, 39.8698933], [116.4713578, 39.8699364]]}}, {"type": "Feature", "properties": {"highway": "secondary", "name": "光明桥", "bridge": "yes", "tunnel": "", "layer": "1", "source": "osm"}, "geometry": {"type": "LineString", "coordinates": [[116.4395753, 39.8832395], [116.4384095, 39.8832087]]}}, {"type": "Feature", "properties": {"highway": "primary", "name": "华威南路", "bridge": "", "tunnel": "", "layer": "", "source": "osm"}, "geometry": {"type": "LineString", "coordinates": [[116.4446856, 39.8701301], [116.4380784, 39.8706885]]}}, {"type": "Feature", "properties": {"highway": "tertiary", "name": "南新园中路", "bridge": "", "tunnel": "", "layer": "", "source": "osm"}, "geometry": {"type": "LineString", "coordinates": [[116.4615939, 39.8699572], [116.4616267, 39.870095]]}}, {"type": "Feature", "properties": {"highway": "primary", "name": "华威南路", "bridge": "", "tunnel": "", "layer": "", "source": "osm"}, "geometry": {"type": "LineString", "coordinates": [[116.4380377, 39.8706007], [116.440688, 39.8703954], [116.4446851, 39.8700717]]}}, {"type": "Feature", "properties": {"highway": "tertiary", "name": "", "bridge": "", "tunnel": "", "layer": "", "source": "osm"}, "geometry": {"type": "LineString", "coordinates": [[116.4446851, 39.8700717], [116.4446856, 39.8701301]]}}, {"type": "Feature", "properties": {"highway": "secondary", "name": "南磨房路", "bridge": "", "tunnel": "", "layer": "", "source": "osm"}, "geometry": {"type": "LineString", "coordinates": [[116.4677741, 39.8831353], [116.466759, 39.8831332], [116.4632987, 39.8831258], [116.4618232, 39.8831226], [116.4615906, 39.8831221]]}}, {"type": "Feature", "properties": {"highway": "service", "name": "", "bridge": "", "tunnel": "", "layer": "", "source": "osm"}, "geometry": {"type": "LineString", "coordinates": [[116.4694141, 39.8830208], [116.4694167, 39.8831388], [116.4694392, 39.8832892], [116.4694767, 39.8833525]]}}, {"type": "Feature", "properties": {"highway": "secondary", "name": "南磨房路", "bridge": "", "tunnel": "", "layer": "", "source": "osm"}, "geometry": {"type": "LineString", "coordinates": [[116.4694141, 39.8830208], [116.4708039, 39.8830197], [116.4710363, 39.8830248]]}}, {"type": "Feature", "properties": {"highway": "tertiary", "name": "东三环南路", "bridge": "", "tunnel": "", "layer": "", "source": "osm"}, "geometry": {"type": "LineString", "coordinates": [[116.4546152, 39.8700909], [116.4546131, 39.8699746]]}}, {"type": "Feature", "properties": {"highway": "primary", "name": "松榆南路", "bridge": "", "tunnel": "", "layer": "", "source": "osm"}, "geometry": {"type": "LineString", "coordinates": [[116.4551144, 39.8700772], [116.4546152, 39.8700909]]}}, {"type": "Feature", "properties": {"highway": "secondary", "name": "双龙路辅路", "bridge": "", "tunnel": "", "layer": "", "source": "osm"}, "geometry": {"type": "LineString", "coordinates": [[116.4781344, 39.870165], [116.474757, 39.8701785]]}}, {"type": "Feature", "properties": {"highway": "secondary", "name": "双龙路辅路", "bridge": "", "tunnel": "", "layer": "", "source": "osm"}, "geometry": {"type": "LineString", "coordinates": [[116.4758177, 39.8697981], [116.4772804, 39.8697984], [116.4775818, 39.8698011]]}}, {"type": "Feature", "properties": {"highway": "tertiary", "name": "东三环中路", "bridge": "", "tunnel": "", "layer": "", "source": "osm"}, "geometry": {"type": "LineString", "coordinates": [[116.4555159, 39.8884498], [116.4555395, 39.8895234], [116.4555677, 39.8906018], [116.4555749, 39.890899], [116.4555959, 39.8917725], [116.4556012, 39.8919928]]}}, {"type": "Feature", "properties": {"highway": "secondary", "name": "劲松路", "bridge": "", "tunnel": "", "layer": "", "source": "osm"}, "geometry": {"type": "LineString", "coordinates": [[116.4476482, 39.8831334], [116.4478287, 39.88313], [116.4500364, 39.8830951]]}}, {"type": "Feature", "properties": {"highway": "tertiary", "name": "华威路", "bridge": "", "tunnel": "", "layer": "", "source": "osm"}, "geometry": {"type": "LineString", "coordinates": [[116.450035, 39.8830095], [116.4500364, 39.8830951]]}}, {"type": "Feature", "properties": {"highway": "tertiary", "name": "", "bridge": "", "tunnel": "", "layer": "", "source": "osm"}, "geometry": {"type": "LineString", "coordinates": [[116.4476482, 39.8831334], [116.4477169, 39.8830468], [116.450035, 39.8830095]]}}, {"type": "Feature", "properties": {"highway": "secondary", "name": "劲松路", "bridge": "", "tunnel": "", "layer": "", "source": "osm"}, "geometry": {"type": "LineString", "coordinates": [[116.4548384, 39.8831485], [116.4527475, 39.8831695], [116.45004, 39.8831967]]}}, {"type": "Feature", "properties": {"highway": "tertiary", "name": "华威路", "bridge": "", "tunnel": "", "layer": "", "source": "osm"}, "geometry": {"type": "LineString", "coordinates": [[116.4500364, 39.8830951], [116.45004, 39.8831967]]}}, {"type": "Feature", "properties": {"highway": "secondary", "name": "劲松路", "bridge": "", "tunnel": "", "layer": "", "source": "osm"}, "geometry": {"type": "LineString", "coordinates": [[116.4500364, 39.8830951], [116.4528117, 39.8830508], [116.4548384, 39.8830184]]}}, {"type": "Feature", "properties": {"highway": "residential", "name": "", "bridge": "", "tunnel": "", "layer": "", "source": "osm"}, "geometry": {"type": "LineString", "coordinates": [[116.4416098, 39.8886449], [116.4422058, 39.8886], [116.4423989, 39.8885917], [116.4439868, 39.8885897], [116.4443194, 39.8886164], [116.4446968, 39.8885998]]}}, {"type": "Feature", "properties": {"highway": "tertiary", "name": "武圣北路", "bridge": "", "tunnel": "", "layer": "", "source": "osm"}, "geometry": {"type": "LineString", "coordinates": [[116.461458, 39.8873778], [116.4609898, 39.8890791], [116.4609721, 39.8891435], [116.4606747, 39.8902241]]}}, {"type": "Feature", "properties": {"highway": "residential", "name": "八棵杨中街", "bridge": "", "tunnel": "", "layer": "", "source": "osm"}, "geometry": {"type": "LineString", "coordinates": [[116.461458, 39.8873778], [116.4622074, 39.8873789], [116.462835, 39.8873694], [116.4634841, 39.8873596], [116.4648145, 39.8873535]]}}, {"type": "Feature", "properties": {"highway": "residential", "name": "八棵杨中街", "bridge": "", "tunnel": "", "layer": "", "source": "osm"}, "geometry": {"type": "LineString", "coordinates": [[116.4648145, 39.8873535], [116.4664382, 39.887333]]}}, {"type": "Feature", "properties": {"highway": "tertiary", "name": "营盘沟路", "bridge": "", "tunnel": "", "layer": "", "source": "osm"}, "geometry": {"type": "LineString", "coordinates": [[116.4664382, 39.887333], [116.4663373, 39.8852108]]}}, {"type": "Feature", "properties": {"highway": "tertiary", "name": "营盘沟路", "bridge": "", "tunnel": "", "layer": "", "source": "osm"}, "geometry": {"type": "LineString", "coordinates": [[116.46646, 39.8902319], [116.4664382, 39.887333]]}}, {"type": "Feature", "properties": {"highway": "residential", "name": "八棵杨北街", "bridge": "", "tunnel": "", "layer": "", "source": "osm"}, "geometry": {"type": "LineString", "coordinates": [[116.4588412, 39.8902463], [116.4606747, 39.8902241]]}}, {"type": "Feature", "properties": {"highway": "secondary", "name": "光明桥", "bridge": "yes", "tunnel": "", "layer": "1", "source": "osm"}, "geometry": {"type": "LineString", "coordinates": [[116.4400719, 39.883137], [116.4418568, 39.883171]]}}, {"type": "Feature", "properties": {"highway": "primary", "name": "", "bridge": "", "tunnel": "", "layer": "", "source": "osm"}, "geometry": {"type": "LineString", "coordinates": [[116.471084, 39.8700665], [116.4710882, 39.8699839], [116.4710963, 39.8699387]]}}, {"type": "Feature", "properties": {"highway": "primary", "name": "松榆南路", "bridge": "", "tunnel": "", "layer": "", "source": "osm"}, "geometry": {"type": "LineString", "coordinates": [[116.4710963, 39.8699387], [116.4712428, 39.8699384]]}}, {"type": "Feature", "properties": {"highway": "primary", "name": "西大望路", "bridge": "", "tunnel": "", "layer": "", "source": "osm"}, "geometry": {"type": "LineString", "coordinates": [[116.4712428, 39.8699384], [116.4712536, 39.8700644]]}}, {"type": "Feature", "properties": {"highway": "secondary", "name": "双龙路辅路", "bridge": "", "tunnel": "", "layer": "", "source": "osm"}, "geometry": {"type": "LineString", "coordinates": [[116.479311, 39.8697166], [116.4797643, 39.8696159], [116.4799996, 39.8695082]]}}, {"type": "Feature", "properties": {"highway": "trunk_link", "name": "", "bridge": "", "tunnel": "", "layer": "", "source": "osm"}, "geometry": {"type": "LineString", "coordinates": [[116.4379399, 39.8914215], [116.4378883, 39.8912933], [116.4378378, 39.8912073]]}}, {"type": "Feature", "properties": {"highway": "trunk_link", "name": "", "bridge": "", "tunnel": "", "layer": "", "source": "osm"}, "geometry": {"type": "LineString", "coordinates": [[116.4378695, 39.8910374], [116.4379236, 39.8909881], [116.438038, 39.890792]]}}, {"type": "Feature", "properties": {"highway": "trunk_link", "name": "", "bridge": "yes", "tunnel": "", "layer": "1", "source": "osm"}, "geometry": {"type": "LineString", "coordinates": [[116.4373104, 39.8910651], [116.4372488, 39.8910744], [116.4371835, 39.8910968], [116.4371218, 39.891139], [116.4370851, 39.8911853], [116.4370612, 39.891241], [116.4370486, 39.891296]]}}, {"type": "Feature", "properties": {"highway": "primary", "name": "广渠门桥", "bridge": "yes", "tunnel": "", "layer": "3", "source": "osm"}, "geometry": {"type": "LineString", "coordinates": [[116.4352007, 39.8922705], [116.4366012, 39.8922716], [116.4366594, 39.8922706], [116.4372092, 39.8922613]]}}, {"type": "Feature", "properties": {"highway": "trunk_link", "name": "", "bridge": "yes", "tunnel": "", "layer": "3", "source": "osm"}, "geometry": {"type": "LineString", "coordinates": [[116.4368203, 39.8926125], [116.4368005, 39.8925432], [116.4367614, 39.8924823], [116.4366913, 39.8924321], [116.4365527, 39.8923974]]}}, {"type": "Feature", "properties": {"highway": "trunk_link", "name": "", "bridge": "yes", "tunnel": "", "layer": "3", "source": "osm"}, "geometry": {"type": "LineString", "coordinates": [[116.4385758, 39.8925823], [116.4385068, 39.892464], [116.4383495, 39.8923652]]}}, {"type": "Feature", "properties": {"highway": "trunk_link", "name": "", "bridge": "yes", "tunnel": "", "layer": "2", "source": "osm"}, "geometry": {"type": "LineString", "coordinates": [[116.4371923, 39.8935356], [116.4375376, 39.8935391]]}}, {"type": "Feature", "properties": {"highway": "secondary", "name": "双龙路辅路", "bridge": "", "tunnel": "", "layer": "", "source": "osm"}, "geometry": {"type": "LineString", "coordinates": [[116.4732964, 39.8701941], [116.4715817, 39.8702248], [116.4712536, 39.8700644]]}}, {"type": "Feature", "properties": {"highway": "primary", "name": "双龙路", "bridge": "", "tunnel": "", "layer": "", "source": "osm"}, "geometry": {"type": "LineString", "coordinates": [[116.4725898, 39.8700682], [116.4712536, 39.8700644]]}}, {"type": "Feature", "properties": {"highway": "primary", "name": "双龙路", "bridge": "", "tunnel": "", "layer": "", "source": "osm"}, "geometry": {"type": "LineString", "coordinates": [[116.4723387, 39.8699362], [116.4736957, 39.8699164], [116.4780514, 39.8699234]]}}, {"type": "Feature", "properties": {"highway": "secondary", "name": "双龙路辅路", "bridge": "", "tunnel": "", "layer": "", "source": "osm"}, "geometry": {"type": "LineString", "coordinates": [[116.4713542, 39.8698933], [116.4715477, 39.8698151], [116.4727948, 39.8698126]]}}, {"type": "Feature", "properties": {"highway": "unclassified", "name": "", "bridge": "", "tunnel": "", "layer": "", "source": "osm"}, "geometry": {"type": "LineString", "coordinates": [[116.4386784, 39.8887513], [116.4390002, 39.8887779], [116.4390705, 39.8888], [116.4391216, 39.8888564], [116.439128, 39.8889447], [116.43916, 39.8889987], [116.4392335, 39.8890306], [116.4393166, 39.8890477], [116.439355, 39.8890796], [116.4393742, 39.8891605], [116.4393614, 39.8896094]]}}, {"type": "Feature", "properties": {"highway": "service", "name": "", "bridge": "", "tunnel": "", "layer": "", "source": "osm"}, "geometry": {"type": "LineString", "coordinates": [[116.4680777, 39.8902324], [116.4711123, 39.8902093], [116.4712858, 39.890208]]}}, {"type": "Feature", "properties": {"highway": "service", "name": "", "bridge": "", "tunnel": "", "layer": "", "source": "osm"}, "geometry": {"type": "LineString", "coordinates": [[116.4704282, 39.8889751], [116.4703984, 39.8889752], [116.4681296, 39.8889853], [116.4681269, 39.8891418], [116.4682422, 39.8891582], [116.4703236, 39.8891335], [116.4704282, 39.8889751]]}}, {"type": "Feature", "properties": {"highway": "service", "name": "", "bridge": "", "tunnel": "", "layer": "", "source": "osm"}, "geometry": {"type": "LineString", "coordinates": [[116.4703236, 39.8891335], [116.4703049, 39.8893537]]}}, {"type": "Feature", "properties": {"highway": "service", "name": "", "bridge": "", "tunnel": "", "layer": "", "source": "osm"}, "geometry": {"type": "LineString", "coordinates": [[116.4704282, 39.8889751], [116.4708198, 39.8884317], [116.4710921, 39.8884317]]}}, {"type": "Feature", "properties": {"highway": "residential", "name": "", "bridge": "", "tunnel": "", "layer": "", "source": "osm"}, "geometry": {"type": "LineString", "coordinates": [[116.4697412, 39.8855558], [116.4697532, 39.8864043], [116.4710413, 39.8864087]]}}, {"type": "Feature", "properties": {"highway": "unclassified", "name": "", "bridge": "", "tunnel": "", "layer": "", "source": "osm"}, "geometry": {"type": "LineString", "coordinates": [[116.471254, 39.8918146], [116.4711374, 39.8915541], [116.4711424, 39.8912927], [116.4711123, 39.8902093], [116.4710921, 39.8884317]]}}, {"type": "Feature", "properties": {"highway": "service", "name": "", "bridge": "", "tunnel": "", "layer": "", "source": "osm"}, "geometry": {"type": "LineString", "coordinates": [[116.472566, 39.8853096], [116.4722924, 39.8853055], [116.4720054, 39.8853569], [116.4716822, 39.8853858], [116.4714299, 39.8854784]]}}, {"type": "Feature", "properties": {"highway": "residential", "name": "百子湾南一路", "bridge": "", "tunnel": "", "layer": "", "source": "osm"}, "geometry": {"type": "LineString", "coordinates": [[116.4715923, 39.8977551], [116.4733989, 39.8977752], [116.4735652, 39.8977771], [116.4765811, 39.8978134], [116.4766745, 39.8978137], [116.4766919, 39.8978139], [116.4775208, 39.8978212], [116.4800972, 39.8978361], [116.4828846, 39.8978573], [116.4835451, 39.8978592], [116.4836852, 39.8978568], [116.4838514, 39.8978567]]}}, {"type": "Feature", "properties": {"highway": "secondary", "name": "光明桥", "bridge": "yes", "tunnel": "", "layer": "1", "source": "osm"}, "geometry": {"type": "LineString", "coordinates": [[116.4383874, 39.8830828], [116.4395857, 39.8831234]]}}, {"type": "Feature", "properties": {"highway": "secondary", "name": "光明桥", "bridge": "yes", "tunnel": "", "layer": "1", "source": "osm"}, "geometry": {"type": "LineString", "coordinates": [[116.4379435, 39.8831952], [116.4366844, 39.8831556]]}}, {"type": "Feature", "properties": {"highway": "tertiary_link", "name": "", "bridge": "", "tunnel": "", "layer": "2", "source": "osm"}, "geometry": {"type": "LineString", "coordinates": [[116.4386294, 39.8924631], [116.4385693, 39.8923966], [116.4385586, 39.8923423], [116.4385586, 39.892255], [116.4386068, 39.8921702], [116.4386452, 39.8921285]]}}, {"type": "Feature", "properties": {"highway": "tertiary_link", "name": "", "bridge": "", "tunnel": "", "layer": "", "source": "osm"}, "geometry": {"type": "LineString", "coordinates": [[116.4380438, 39.8833029], [116.4380064, 39.8832555], [116.4380004, 39.8831705], [116.4380095, 39.883025], [116.4380553, 39.8829772]]}}, {"type": "Feature", "properties": {"highway": "tertiary_link", "name": "", "bridge": "", "tunnel": "", "layer": "", "source": "osm"}, "geometry": {"type": "LineString", "coordinates": [[116.4381771, 39.8829833], [116.4382325, 39.8830413], [116.4382598, 39.8831566], [116.4382234, 39.8832509], [116.4381653, 39.8833081]]}}, {"type": "Feature", "properties": {"highway": "tertiary", "name": "东三环中路", "bridge": "", "tunnel": "", "layer": "", "source": "osm"}, "geometry": {"type": "LineString", "coordinates": [[116.4556012, 39.8919928], [116.4555996, 39.8921705]]}}, {"type": "Feature", "properties": {"highway": "tertiary", "name": "东三环中路", "bridge": "", "tunnel": "", "layer": "", "source": "osm"}, "geometry": {"type": "LineString", "coordinates": [[116.4550394, 39.8921804], [116.4550308, 39.8919961]]}}, {"type": "Feature", "properties": {"highway": "tertiary", "name": "东三环中路", "bridge": "", "tunnel": "", "layer": "", "source": "osm"}, "geometry": {"type": "LineString", "coordinates": [[116.4548776, 39.8862067], [116.4548726, 39.8858146], [116.4548466, 39.8837914], [116.4548384, 39.8831485]]}}, {"type": "Feature", "properties": {"highway": "cycleway", "name": "广渠南水关胡同", "bridge": "", "tunnel": "", "layer": "", "source": "osm"}, "geometry": {"type": "LineString", "coordinates": [[116.4363018, 39.8901484], [116.437075, 39.8901526]]}}, {"type": "Feature", "properties": {"highway": "service", "name": "广渠南水关胡同", "bridge": "", "tunnel": "", "layer": "", "source": "osm"}, "geometry": {"type": "LineString", "coordinates": [[116.4363018, 39.8901484], [116.4357522, 39.890142]]}}, {"type": "Feature", "properties": {"highway": "service", "name": "", "bridge": "", "tunnel": "", "layer": "", "source": "osm"}, "geometry": {"type": "LineString", "coordinates": [[116.4532475, 39.9003291], [116.4499859, 39.9003991], [116.4499631, 39.9004945], [116.4499377, 39.9005596], [116.447643, 39.9006049]]}}, {"type": "Feature", "properties": {"highway": "residential", "name": "", "bridge": "", "tunnel": "", "layer": "", "source": "osm"}, "geometry": {"type": "LineString", "coordinates": [[116.4418763, 39.8989669], [116.4418522, 39.8994083], [116.4425361, 39.8993908], [116.4425723, 39.8993497], [116.442567, 39.8990575], [116.4425518, 39.8988861]]}}, {"type": "Feature", "properties": {"highway": "service", "name": "", "bridge": "", "tunnel": "", "layer": "", "source": "osm"}, "geometry": {"type": "LineString", "coordinates": [[116.4463073, 39.9009999], [116.4462805, 39.9013693], [116.4460914, 39.9013621], [116.4460845, 39.901464], [116.4460753, 39.9015987]]}}, {"type": "Feature", "properties": {"highway": "service", "name": "", "bridge": "", "tunnel": "", "layer": "", "source": "osm"}, "geometry": {"type": "LineString", "coordinates": [[116.4482962, 39.9016502], [116.4481097, 39.9016172], [116.4479274, 39.9016039], [116.4478295, 39.9015956], [116.4476739, 39.9015617], [116.44747, 39.9015421], [116.4472675, 39.9014783], [116.4470865, 39.9014094], [116.4468504, 39.9012973], [116.4467422, 39.9012347], [116.4465675, 39.9011337], [116.4464173, 39.9010946], [116.4463073, 39.9009999], [116.4461866, 39.9009351], [116.4459573, 39.9008322], [116.445791, 39.9007942], [116.4450507, 39.9007458], [116.445062, 39.9005893]]}}, {"type": "Feature", "properties": {"highway": "tertiary", "name": "东三环南路", "bridge": "", "tunnel": "", "layer": "", "source": "osm"}, "geometry": {"type": "LineString", "coordinates": [[116.4553467, 39.8798191], [116.4553558, 39.880409], [116.4553601, 39.8806893], [116.4553609, 39.8807423], [116.4553835, 39.8823751], [116.4553923, 39.8830126]]}}, {"type": "Feature", "properties": {"highway": "tertiary", "name": "东三环中路", "bridge": "", "tunnel": "", "layer": "", "source": "osm"}, "geometry": {"type": "LineString", "coordinates": [[116.4550932, 39.8963501], [116.4550754, 39.8959153], [116.4550746, 39.8957435], [116.4550724, 39.8952982], [116.4550713, 39.8950623]]}}, {"type": "Feature", "properties": {"highway": "primary", "name": "西大望路", "bridge": "", "tunnel": "", "layer": "", "source": "osm"}, "geometry": {"type": "LineString", "coordinates": [[116.4712048, 39.8830261], [116.4712048, 39.8831314]]}}, {"type": "Feature", "properties": {"highway": "primary", "name": "南磨房路", "bridge": "", "tunnel": "", "layer": "", "source": "osm"}, "geometry": {"type": "LineString", "coordinates": [[116.4712048, 39.8831314], [116.4710294, 39.8831423]]}}, {"type": "Feature", "properties": {"highway": "primary", "name": "西大望路", "bridge": "", "tunnel": "", "layer": "", "source": "osm"}, "geometry": {"type": "LineString", "coordinates": [[116.4710294, 39.8831423], [116.4710363, 39.8830248]]}}, {"type": "Feature", "properties": {"highway": "tertiary", "name": "大柳树路", "bridge": "", "tunnel": "", "layer": "", "source": "osm"}, "geometry": {"type": "LineString", "coordinates": [[116.4794701, 39.8752578], [116.4793628, 39.8753648]]}}, {"type": "Feature", "properties": {"highway": "tertiary", "name": "大柳树路", "bridge": "", "tunnel": "", "layer": "", "source": "osm"}, "geometry": {"type": "LineString", "coordinates": [[116.4796641, 39.8751011], [116.4794701, 39.8752578]]}}, {"type": "Feature", "properties": {"highway": "residential", "name": "", "bridge": "", "tunnel": "", "layer": "", "source": "osm"}, "geometry": {"type": "LineString", "coordinates": [[116.4521962, 39.8723164], [116.4521951, 39.8722264], [116.4521961, 39.8721703], [116.4521937, 39.8720753], [116.4521891, 39.8717526], [116.4521825, 39.8712316], [116.4537199, 39.8712201], [116.4537227, 39.871436], [116.4537266, 39.8717442], [116.4534234, 39.8717465], [116.4533372, 39.8717472], [116.4533433, 39.872213], [116.4533444, 39.8723018]]}}, {"type": "Feature", "properties": {"highway": "footway", "name": "", "bridge": "", "tunnel": "", "layer": "", "source": "osm"}, "geometry": {"type": "LineString", "coordinates": [[116.4533372, 39.8717472], [116.4521891, 39.8717526]]}}, {"type": "Feature", "properties": {"highway": "residential", "name": "", "bridge": "", "tunnel": "", "layer": "", "source": "osm"}, "geometry": {"type": "LineString", "coordinates": [[116.4537227, 39.871436], [116.4534285, 39.8714332], [116.4534234, 39.8717465]]}}, {"type": "Feature", "properties": {"highway": "residential", "name": "", "bridge": "", "tunnel": "", "layer": "", "source": "osm"}, "geometry": {"type": "LineString", "coordinates": [[116.4533444, 39.8723018], [116.4533466, 39.8729845], [116.4521599, 39.8729867]]}}, {"type": "Feature", "properties": {"highway": "residential", "name": "", "bridge": "", "tunnel": "", "layer": "", "source": "osm"}, "geometry": {"type": "LineString", "coordinates": [[116.4521599, 39.8729867], [116.4521581, 39.8735056], [116.4537708, 39.8735089], [116.4537727, 39.8729855], [116.4533466, 39.8729845]]}}, {"type": "Feature", "properties": {"highway": "pedestrian", "name": "三识广场", "bridge": "", "tunnel": "", "layer": "", "source": "osm"}, "geometry": {"type": "LineString", "coordinates": [[116.473729, 39.8773243], [116.473728, 39.8772811], [116.4737261, 39.8772037], [116.4746252, 39.8772072], [116.4746268, 39.8772778], [116.4746278, 39.8773223], [116.473729, 39.8773243]]}}, {"type": "Feature", "properties": {"highway": "footway", "name": "", "bridge": "", "tunnel": "", "layer": "", "source": "osm"}, "geometry": {"type": "LineString", "coordinates": [[116.4750968, 39.8767028], [116.47531, 39.8764591]]}}, {"type": "Feature", "properties": {"highway": "primary", "name": "广渠门外大街", "bridge": "", "tunnel": "", "layer": "", "source": "osm"}, "geometry": {"type": "LineString", "coordinates": [[116.4404574, 39.8922121], [116.440534, 39.8922093], [116.4416255, 39.8921942]]}}, {"type": "Feature", "properties": {"highway": "primary", "name": "广渠门外大街", "bridge": "", "tunnel": "", "layer": "", "source": "osm"}, "geometry": {"type": "LineString", "coordinates": [[116.4425469, 39.8923447], [116.4404577, 39.8923418]]}}, {"type": "Feature", "properties": {"highway": "secondary", "name": "茂兴西路", "bridge": "", "tunnel": "", "layer": "", "source": "osm"}, "geometry": {"type": "LineString", "coordinates": [[116.476698, 39.8920006], [116.4766901, 39.892939], [116.476696, 39.8933959], [116.4767006, 39.8957596], [116.4767009, 39.895853], [116.4766745, 39.8978137], [116.4766397, 39.8992777]]}}, {"type": "Feature", "properties": {"highway": "secondary", "name": "茂兴西路", "bridge": "", "tunnel": "", "layer": "", "source": "osm"}, "geometry": {"type": "LineString", "coordinates": [[116.4765411, 39.8992735], [116.4765811, 39.8978134], [116.4766004, 39.8958571], [116.4766001, 39.8957584], [116.4765972, 39.8933964], [116.4765751, 39.8919991]]}}, {"type": "Feature", "properties": {"highway": "secondary", "name": "", "bridge": "", "tunnel": "", "layer": "", "source": "osm"}, "geometry": {"type": "LineString", "coordinates": [[116.4715128, 39.8957656], [116.4716313, 39.8957094], [116.4766001, 39.8957584], [116.4767006, 39.8957596], [116.4800813, 39.8958048], [116.4835327, 39.8958017]]}}, {"type": "Feature", "properties": {"highway": "secondary", "name": "黄木厂路", "bridge": "", "tunnel": "", "layer": "", "source": "osm"}, "geometry": {"type": "LineString", "coordinates": [[116.4835317, 39.8959004], [116.4800948, 39.8958835], [116.4767009, 39.895853], [116.4766004, 39.8958571], [116.4716007, 39.8958298], [116.4715128, 39.8957656]]}}, {"type": "Feature", "properties": {"highway": "secondary", "name": "黄木厂路", "bridge": "", "tunnel": "", "layer": "", "source": "osm"}, "geometry": {"type": "LineString", "coordinates": [[116.4610156, 39.899358], [116.4609967, 39.8987559], [116.4609611, 39.8976209], [116.4609286, 39.8965852], [116.4609066, 39.8958823], [116.4606389, 39.8938937], [116.4606246, 39.893766], [116.4606405, 39.8932628], [116.4606697, 39.8930497], [116.4606674, 39.8923671], [116.460659, 39.8921057], [116.4606541, 39.8919489]]}}, {"type": "Feature", "properties": {"highway": "secondary", "name": "黄木厂路", "bridge": "", "tunnel": "", "layer": "", "source": "osm"}, "geometry": {"type": "LineString", "coordinates": [[116.4607529, 39.8919478], [116.4607571, 39.8921056], [116.4607469, 39.8930963], [116.4607293, 39.893298], [116.460725, 39.8937286], [116.4607356, 39.8938928], [116.4610432, 39.8958806], [116.4610902, 39.8976218], [116.4611209, 39.898757], [116.4611369, 39.8993513]]}}, {"type": "Feature", "properties": {"highway": "residential", "name": "", "bridge": "", "tunnel": "", "layer": "", "source": "osm"}, "geometry": {"type": "LineString", "coordinates": [[116.4633125, 39.8789499], [116.4633018, 39.8805056], [116.4635108, 39.8806785], [116.4635644, 39.8807649], [116.4635859, 39.8808678], [116.4635859, 39.8823165], [116.4636019, 39.8823494], [116.4636073, 39.8830053]]}}, {"type": "Feature", "properties": {"highway": "residential", "name": "", "bridge": "", "tunnel": "", "layer": "", "source": "osm"}, "geometry": {"type": "LineString", "coordinates": [[116.4635859, 39.8823165], [116.4631481, 39.8823188], [116.4618561, 39.8823368]]}}, {"type": "Feature", "properties": {"highway": "residential", "name": "", "bridge": "", "tunnel": "", "layer": "", "source": "osm"}, "geometry": {"type": "LineString", "coordinates": [[116.4633018, 39.8805056], [116.4632536, 39.880518], [116.4628087, 39.8805303], [116.4616007, 39.8805593]]}}, {"type": "Feature", "properties": {"highway": "residential", "name": "", "bridge": "", "tunnel": "", "layer": "", "source": "osm"}, "geometry": {"type": "LineString", "coordinates": [[116.4616061, 39.8791935], [116.4600676, 39.8792099], [116.4590272, 39.8792017]]}}, {"type": "Feature", "properties": {"highway": "residential", "name": "", "bridge": "", "tunnel": "", "layer": "", "source": "osm"}, "geometry": {"type": "LineString", "coordinates": [[116.4590058, 39.8783253], [116.4590272, 39.8792017], [116.4590272, 39.8795103], [116.4590433, 39.8796008], [116.4590326, 39.8806195], [116.4590004, 39.8815593]]}}, {"type": "Feature", "properties": {"highway": "residential", "name": "", "bridge": "", "tunnel": "", "layer": "", "source": "osm"}, "geometry": {"type": "LineString", "coordinates": [[116.4563782, 39.8806788], [116.4563513, 39.8792881], [116.4563674, 39.8788396]]}}, {"type": "Feature", "properties": {"highway": "residential", "name": "", "bridge": "", "tunnel": "", "layer": "", "source": "osm"}, "geometry": {"type": "LineString", "coordinates": [[116.457826, 39.8781854], [116.4570377, 39.8781936], [116.4569788, 39.8781731], [116.4567214, 39.8782307], [116.456598, 39.8782348], [116.4564103, 39.8782677], [116.4552978, 39.8782924]]}}, {"type": "Feature", "properties": {"highway": "residential", "name": "", "bridge": "", "tunnel": "", "layer": "", "source": "osm"}, "geometry": {"type": "LineString", "coordinates": [[116.4567214, 39.8782307], [116.4567214, 39.8783541], [116.4565444, 39.8785269], [116.4564666, 39.8786634]]}}, {"type": "Feature", "properties": {"highway": "residential", "name": "", "bridge": "", "tunnel": "", "layer": "", "source": "osm"}, "geometry": {"type": "LineString", "coordinates": [[116.4494133, 39.8772128], [116.4499173, 39.8772005], [116.4499388, 39.8772005], [116.4518585, 39.8771552], [116.4519496, 39.8771675], [116.4520247, 39.8771799], [116.4535744, 39.877184], [116.4535476, 39.8766655], [116.4534511, 39.8765914], [116.4532419, 39.8765873], [116.453183, 39.8765421], [116.4531937, 39.8760606], [116.4522553, 39.8760277], [116.451955, 39.8760565], [116.4518049, 39.8760277], [116.4500353, 39.8760277], [116.4499495, 39.8760442], [116.4499199, 39.8760606]]}}, {"type": "Feature", "properties": {"highway": "residential", "name": "", "bridge": "", "tunnel": "", "layer": "", "source": "osm"}, "geometry": {"type": "LineString", "coordinates": [[116.451955, 39.8760565], [116.4519711, 39.8768836], [116.4519496, 39.8771675], [116.4519764, 39.8777971], [116.4519657, 39.8778547], [116.4519175, 39.8779], [116.4499512, 39.8779494]]}}, {"type": "Feature", "properties": {"highway": "footway", "name": "", "bridge": "", "tunnel": "yes", "layer": "-1", "source": "osm"}, "geometry": {"type": "LineString", "coordinates": [[116.4382223, 39.8874733], [116.4387468, 39.8875123], [116.4387237, 39.8876565]]}}, {"type": "Feature", "properties": {"highway": "footway", "name": "", "bridge": "", "tunnel": "yes", "layer": "-1", "source": "osm"}, "geometry": {"type": "LineString", "coordinates": [[116.4387468, 39.8875123], [116.4387677, 39.8873456]]}}, {"type": "Feature", "properties": {"highway": "footway", "name": "", "bridge": "", "tunnel": "", "layer": "", "source": "osm"}, "geometry": {"type": "LineString", "coordinates": [[116.4387237, 39.8876565], [116.4388128, 39.8877011], [116.438908, 39.8877488]]}}, {"type": "Feature", "properties": {"highway": "footway", "name": "", "bridge": "", "tunnel": "", "layer": "", "source": "osm"}, "geometry": {"type": "LineString", "coordinates": [[116.4387677, 39.8873456], [116.4388547, 39.8873736], [116.43897, 39.8874087]]}}, {"type": "Feature", "properties": {"highway": "footway", "name": "", "bridge": "", "tunnel": "", "layer": "", "source": "osm"}, "geometry": {"type": "LineString", "coordinates": [[116.43823, 39.8833812], [116.4382122, 39.8833877], [116.438172, 39.8837664], [116.4382176, 39.8837684], [116.4381304, 39.8843982], [116.4380728, 39.8848253], [116.4379829, 39.8854942], [116.4378984, 39.8862382], [116.4377978, 39.8869863], [116.4376892, 39.8877972], [116.4375672, 39.8887449], [116.4374585, 39.8895424], [116.4373445, 39.8903553], [116.4372574, 39.8908585], [116.4371675, 39.8913771], [116.4371045, 39.8920521], [116.437079, 39.8928372], [116.4370575, 39.8934021], [116.4370468, 39.8937262], [116.4370307, 39.8944702], [116.4369999, 39.8952151], [116.4369677, 39.8961926], [116.4369395, 39.8968716], [116.4369248, 39.8971319], [116.4367464, 39.8974097], [116.436469, 39.8976808], [116.4362407, 39.8978326], [116.435933, 39.8979411], [116.4358639, 39.8979567], [116.4357211, 39.897989], [116.435517, 39.8980353], [116.434988, 39.898157], [116.4347851, 39.8982035], [116.4345444, 39.8982534], [116.4341716, 39.8982776], [116.4338492, 39.8983462], [116.4331679, 39.8984938], [116.43299, 39.8985323], [116.4326944, 39.8985872], [116.4325697, 39.8986098], [116.4323773, 39.8986446], [116.4320946, 39.8987015], [116.4319422, 39.8987321], [116.4315737, 39.8988469], [116.4313207, 39.8989735], [116.4311029, 39.8991211], [116.4308831, 39.8993276], [116.4307268, 39.8995268], [116.4305993, 39.8997637], [116.4305136, 39.8997673], [116.4304661, 39.8999432], [116.4304462, 39.9001765], [116.4304546, 39.9003621], [116.4304985, 39.9007268], [116.4305507, 39.9011028], [116.4305889, 39.9014251], [116.4305945, 39.9015811], [116.4305962, 39.9016283], [116.4306427, 39.901704], [116.4307461, 39.9017525], [116.4310069, 39.9017589], [116.4318329, 39.9017686], [116.4321535, 39.9017725], [116.4322244, 39.9017385], [116.432299, 39.9017471], [116.4324771, 39.9016916], [116.4327061, 39.901772]]}}, {"type": "Feature", "properties": {"highway": "trunk_link", "name": "", "bridge": "yes", "tunnel": "", "layer": "1", "source": "osm"}, "geometry": {"type": "LineString", "coordinates": [[116.4381668, 39.8845577], [116.4381225, 39.8845371], [116.4380602, 39.8844867], [116.4380287, 39.8844317]]}}, {"type": "Feature", "properties": {"highway": "trunk_link", "name": "", "bridge": "yes", "tunnel": "", "layer": "1", "source": "osm"}, "geometry": {"type": "LineString", "coordinates": [[116.438081, 39.8844059], [116.4380877, 39.8844245], [116.4380944, 39.884443], [116.4381386, 39.8844831], [116.4381708, 39.8845057]]}}, {"type": "Feature", "properties": {"highway": "footway", "name": "", "bridge": "", "tunnel": "", "layer": "", "source": "osm"}, "geometry": {"type": "LineString", "coordinates": [[116.4384992, 39.8816501], [116.4385259, 39.8814544], [116.4385715, 39.8810747], [116.4385098, 39.8810551], [116.4385876, 39.8804603], [116.4386232, 39.8802467]]}}, {"type": "Feature", "properties": {"highway": "footway", "name": "", "bridge": "yes", "tunnel": "", "layer": "1", "source": "osm"}, "geometry": {"type": "LineString", "coordinates": [[116.4383031, 39.8833549], [116.43823, 39.8833812]]}}, {"type": "Feature", "properties": {"highway": "footway", "name": "", "bridge": "", "tunnel": "", "layer": "", "source": "osm"}, "geometry": {"type": "LineString", "coordinates": [[116.4382176, 39.8837684], [116.4382598, 39.8834139]]}}, {"type": "Feature", "properties": {"highway": "footway", "name": "", "bridge": "", "tunnel": "yes", "layer": "-1", "source": "osm"}, "geometry": {"type": "LineString", "coordinates": [[116.4382598, 39.8834139], [116.4383261, 39.8829217]]}}, {"type": "Feature", "properties": {"highway": "footway", "name": "", "bridge": "", "tunnel": "", "layer": "", "source": "osm"}, "geometry": {"type": "LineString", "coordinates": [[116.4383261, 39.8829217], [116.438373, 39.8825721], [116.4384622, 39.8819109]]}}, {"type": "Feature", "properties": {"highway": "footway", "name": "", "bridge": "", "tunnel": "yes", "layer": "-1", "source": "osm"}, "geometry": {"type": "LineString", "coordinates": [[116.4384622, 39.8819109], [116.4384992, 39.8816501]]}}, {"type": "Feature", "properties": {"highway": "footway", "name": "", "bridge": "", "tunnel": "", "layer": "", "source": "osm"}, "geometry": {"type": "LineString", "coordinates": [[116.4386232, 39.8802467], [116.4386482, 39.880167], [116.4387256, 39.8798562], [116.4388071, 39.8798458], [116.4388938, 39.8795511], [116.4390849, 39.8785924], [116.4391822, 39.8779949], [116.4391928, 39.877778], [116.4391946, 39.8777409], [116.4391468, 39.877119], [116.4390708, 39.8767971], [116.4388531, 39.876353], [116.4385947, 39.8758831], [116.4380988, 39.874964]]}}, {"type": "Feature", "properties": {"highway": "footway", "name": "", "bridge": "", "tunnel": "", "layer": "", "source": "osm"}, "geometry": {"type": "LineString", "coordinates": [[116.4393181, 39.8805212], [116.439375, 39.8802572], [116.4394404, 39.8799419], [116.4394233, 39.8798444], [116.4393862, 39.8795918], [116.4394977, 39.8790459], [116.4395968, 39.8786032], [116.4396552, 39.8782841], [116.4396994, 39.8777409], [116.4396552, 39.8771787], [116.4395047, 39.8765893], [116.4391065, 39.8758053], [116.4387383, 39.8751527], [116.4384511, 39.8746339], [116.4384379, 39.8746101], [116.4383234, 39.8743333], [116.4382238, 39.8740922], [116.4380805, 39.8734786], [116.4379696, 39.8729111], [116.4378263, 39.8722065], [116.4377262, 39.871704], [116.4376399, 39.8712322], [116.4375798, 39.8709579], [116.4374427, 39.8707203], [116.4371469, 39.8704732], [116.4367895, 39.8703242], [116.4365708, 39.8702911], [116.4363443, 39.8702946], [116.4346991, 39.8703443], [116.4335868, 39.870375], [116.4334698, 39.8703537]]}}, {"type": "Feature", "properties": {"highway": "tertiary", "name": "东三环南路", "bridge": "", "tunnel": "", "layer": "", "source": "osm"}, "geometry": {"type": "LineString", "coordinates": [[116.4546812, 39.873574], [116.4546275, 39.8733413], [116.4545968, 39.8722859], [116.4546055, 39.87174]]}}, {"type": "Feature", "properties": {"highway": "footway", "name": "", "bridge": "", "tunnel": "", "layer": "", "source": "osm"}, "geometry": {"type": "LineString", "coordinates": [[116.4709964, 39.8849385], [116.4710292, 39.8849393], [116.4711578, 39.8849425], [116.47131, 39.8849463], [116.4714487, 39.8849498], [116.4714885, 39.8849508]]}}, {"type": "Feature", "properties": {"highway": "primary_link", "name": "", "bridge": "", "tunnel": "", "layer": "", "source": "osm"}, "geometry": {"type": "LineString", "coordinates": [[116.4711727, 39.8867203], [116.4710413, 39.8864087]]}}, {"type": "Feature", "properties": {"highway": "unclassified", "name": "", "bridge": "", "tunnel": "", "layer": "", "source": "osm"}, "geometry": {"type": "LineString", "coordinates": [[116.4710921, 39.8884317], [116.4710695, 39.8883791], [116.4710507, 39.8875538], [116.4710534, 39.8870774], [116.4710413, 39.8864087], [116.4710399, 39.8863334], [116.4710353, 39.8855527], [116.4710319, 39.8849822], [116.4710292, 39.8849393], [116.4710265, 39.8848958], [116.4710185, 39.884515], [116.4710824, 39.8843378]]}}, {"type": "Feature", "properties": {"highway": "primary_link", "name": "", "bridge": "", "tunnel": "", "layer": "", "source": "osm"}, "geometry": {"type": "LineString", "coordinates": [[116.4710921, 39.8884317], [116.4711989, 39.8882217]]}}, {"type": "Feature", "properties": {"highway": "unclassified", "name": "", "bridge": "", "tunnel": "", "layer": "", "source": "osm"}, "geometry": {"type": "LineString", "coordinates": [[116.4714262, 39.885258], [116.4714299, 39.8854784], [116.4714396, 39.8860452], [116.4714812, 39.886213], [116.4714946, 39.8871731], [116.4715019, 39.8872966], [116.4715174, 39.8875569], [116.4715321, 39.8883626], [116.4714973, 39.8885612], [116.4715013, 39.8890037], [116.4714999, 39.8890891], [116.4715254, 39.8900626], [116.4714438, 39.8902081]]}}, {"type": "Feature", "properties": {"highway": "primary_link", "name": "", "bridge": "", "tunnel": "", "layer": "", "source": "osm"}, "geometry": {"type": "LineString", "coordinates": [[116.4713135, 39.8850697], [116.4714262, 39.885258]]}}, {"type": "Feature", "properties": {"highway": "cycleway", "name": "", "bridge": "", "tunnel": "", "layer": "", "source": "osm"}, "geometry": {"type": "LineString", "coordinates": [[116.4714195, 39.8831311], [116.4714168, 39.8833593], [116.4714476, 39.8849091], [116.4714487, 39.8849498], [116.4714544, 39.8851685], [116.4714262, 39.885258]]}}, {"type": "Feature", "properties": {"highway": "tertiary", "name": "广渠门北滨河路", "bridge": "", "tunnel": "", "layer": "1", "source": "osm"}, "geometry": {"type": "LineString", "coordinates": [[116.4381065, 39.8963004], [116.4378621, 39.896607], [116.437782, 39.8967076]]}}, {"type": "Feature", "properties": {"highway": "tertiary", "name": "广渠门北滨河路", "bridge": "", "tunnel": "", "layer": "1", "source": "osm"}, "geometry": {"type": "LineString", "coordinates": [[116.4381926, 39.8947268], [116.4381783, 39.8948859], [116.4381737, 39.8959787], [116.4381471, 39.8961757], [116.4381065, 39.8963004]]}}, {"type": "Feature", "properties": {"highway": "primary", "name": "广渠门桥", "bridge": "yes", "tunnel": "", "layer": "1", "source": "osm"}, "geometry": {"type": "LineString", "coordinates": [[116.4404577, 39.8923418], [116.4395848, 39.8923529], [116.4388312, 39.892357]]}}, {"type": "Feature", "properties": {"highway": "unclassified", "name": "双花园路", "bridge": "", "tunnel": "", "layer": "", "source": "osm"}, "geometry": {"type": "LineString", "coordinates": [[116.4416401, 39.899717], [116.4416835, 39.898929], [116.4417407, 39.898251], [116.4417667, 39.8979903], [116.4418734, 39.8972038], [116.442065, 39.8958443], [116.4421027, 39.895834]]}}, {"type": "Feature", "properties": {"highway": "unclassified", "name": "天力街", "bridge": "", "tunnel": "", "layer": "", "source": "osm"}, "geometry": {"type": "LineString", "coordinates": [[116.4421027, 39.895834], [116.4441596, 39.8959449]]}}, {"type": "Feature", "properties": {"highway": "unclassified", "name": "双花园东巷", "bridge": "", "tunnel": "", "layer": "", "source": "osm"}, "geometry": {"type": "LineString", "coordinates": [[116.4441412, 39.8979888], [116.4428227, 39.8979893], [116.4417667, 39.8979903]]}}, {"type": "Feature", "properties": {"highway": "service", "name": "东站货场北街", "bridge": "", "tunnel": "", "layer": "", "source": "osm"}, "geometry": {"type": "LineString", "coordinates": [[116.4832933, 39.900777], [116.4810837, 39.9008758], [116.4801086, 39.9008314], [116.4765613, 39.9006698], [116.4748957, 39.9005063]]}}, {"type": "Feature", "properties": {"highway": "service", "name": "百茂西路", "bridge": "", "tunnel": "", "layer": "", "source": "osm"}, "geometry": {"type": "LineString", "coordinates": [[116.4765613, 39.9006698], [116.4765921, 39.8992757]]}}, {"type": "Feature", "properties": {"highway": "service", "name": "东站货场路", "bridge": "", "tunnel": "", "layer": "", "source": "osm"}, "geometry": {"type": "LineString", "coordinates": [[116.474596, 39.8992203], [116.474581, 39.9001644], [116.4746063, 39.900325], [116.4746926, 39.9004294], [116.4748957, 39.9005063]]}}, {"type": "Feature", "properties": {"highway": "tertiary", "name": "东三环南路", "bridge": "", "tunnel": "", "layer": "", "source": "osm"}, "geometry": {"type": "LineString", "coordinates": [[116.4548384, 39.8830184], [116.454837, 39.8829486], [116.4548259, 39.8823783], [116.4548016, 39.8811327], [116.454779, 39.8801862]]}}, {"type": "Feature", "properties": {"highway": "trunk_link", "name": "", "bridge": "yes", "tunnel": "", "layer": "1", "source": "osm"}, "geometry": {"type": "LineString", "coordinates": [[116.4378378, 39.8912073], [116.4377881, 39.8911566], [116.4376955, 39.8910949]]}}, {"type": "Feature", "properties": {"highway": "trunk_link", "name": "", "bridge": "yes", "tunnel": "", "layer": "1", "source": "osm"}, "geometry": {"type": "LineString", "coordinates": [[116.4376955, 39.8910949], [116.437805, 39.8910773], [116.4378695, 39.8910374]]}}, {"type": "Feature", "properties": {"highway": "residential", "name": "", "bridge": "", "tunnel": "", "layer": "", "source": "osm"}, "geometry": {"type": "LineString", "coordinates": [[116.4710353, 39.8855527], [116.4697412, 39.8855558]]}}, {"type": "Feature", "properties": {"highway": "residential", "name": "忠实里北街", "bridge": "", "tunnel": "", "layer": "", "source": "osm"}, "geometry": {"type": "LineString", "coordinates": [[116.4358774, 39.8985752], [116.4359234, 39.8986485], [116.4362172, 39.8988684], [116.4363623, 39.8989553], [116.4368189, 39.899159], [116.4373179, 39.8993164], [116.4378877, 39.8994088], [116.4386699, 39.8994712]]}}, {"type": "Feature", "properties": {"highway": "tertiary", "name": "东三环中路", "bridge": "", "tunnel": "", "layer": "", "source": "osm"}, "geometry": {"type": "LineString", "coordinates": [[116.4556332, 39.895954], [116.455637, 39.8961491]]}}, {"type": "Feature", "properties": {"highway": "primary", "name": "西大望路", "bridge": "", "tunnel": "", "layer": "", "source": "osm"}, "geometry": {"type": "LineString", "coordinates": [[116.4715128, 39.8957656], [116.4715923, 39.8977551], [116.4716369, 39.8991463]]}}, {"type": "Feature", "properties": {"highway": "primary", "name": "西大望路", "bridge": "", "tunnel": "", "layer": "", "source": "osm"}, "geometry": {"type": "LineString", "coordinates": [[116.4711717, 39.8856804], [116.4711586, 39.8849858], [116.4711578, 39.8849425], [116.4711499, 39.8845387], [116.4710824, 39.8843378], [116.4710815, 39.8841075], [116.4710949, 39.8839583], [116.4710775, 39.8833686], [116.4710341, 39.8832713], [116.4710294, 39.8831423]]}}, {"type": "Feature", "properties": {"highway": "primary", "name": "西大望路", "bridge": "", "tunnel": "", "layer": "", "source": "osm"}, "geometry": {"type": "LineString", "coordinates": [[116.4712048, 39.8831314], [116.4712934, 39.8833604], [116.4712988, 39.8842516], [116.4713043, 39.8843956], [116.4713068, 39.884903], [116.47131, 39.8849463], [116.4713135, 39.8849935], [116.4713135, 39.8850697], [116.4712961, 39.885186], [116.4713042, 39.8856117], [116.4713061, 39.885709]]}}, {"type": "Feature", "properties": {"highway": "primary", "name": "广渠路", "bridge": "", "tunnel": "", "layer": "", "source": "osm"}, "geometry": {"type": "LineString", "coordinates": [[116.4834534, 39.8919857], [116.4800549, 39.8919838], [116.4795319, 39.8919837], [116.478931, 39.8919846]]}}, {"type": "Feature", "properties": {"highway": "footway", "name": "印象胡同", "bridge": "", "tunnel": "", "layer": "", "source": "osm"}, "geometry": {"type": "LineString", "coordinates": [[116.4519997, 39.8745654], [116.4519997, 39.8737503], [116.4519997, 39.8736364]]}}, {"type": "Feature", "properties": {"highway": "footway", "name": "", "bridge": "", "tunnel": "", "layer": "", "source": "osm"}, "geometry": {"type": "LineString", "coordinates": [[116.4511182, 39.8745536], [116.451381, 39.8745571], [116.4519997, 39.8745654], [116.4521672, 39.8745395], [116.4523701, 39.8745258], [116.453884, 39.8745159], [116.4538943, 39.8737463]]}}, {"type": "Feature", "properties": {"highway": "footway", "name": "", "bridge": "", "tunnel": "", "layer": "", "source": "osm"}, "geometry": {"type": "LineString", "coordinates": [[116.4519997, 39.8737503], [116.4538943, 39.8737463], [116.4540944, 39.8737413], [116.4541491, 39.8736862], [116.4541976, 39.8736373], [116.4545626, 39.8736258]]}}, {"type": "Feature", "properties": {"highway": "footway", "name": "山行市集", "bridge": "", "tunnel": "", "layer": "", "source": "osm"}, "geometry": {"type": "LineString", "coordinates": [[116.4514021, 39.8748163], [116.4514021, 39.8746481], [116.451381, 39.8745571], [116.4513997, 39.8735142], [116.4514004, 39.8734766]]}}, {"type": "Feature", "properties": {"highway": "footway", "name": "", "bridge": "", "tunnel": "", "layer": "", "source": "osm"}, "geometry": {"type": "LineString", "coordinates": [[116.4498125, 39.8735316], [116.4499873, 39.8735283], [116.4506759, 39.8735156], [116.4511202, 39.8735062], [116.4513997, 39.8735142]]}}, {"type": "Feature", "properties": {"highway": "footway", "name": "", "bridge": "", "tunnel": "", "layer": "", "source": "osm"}, "geometry": {"type": "LineString", "coordinates": [[116.4511202, 39.8735062], [116.4511182, 39.8745536]]}}, {"type": "Feature", "properties": {"highway": "tertiary", "name": "广渠路辅路", "bridge": "", "tunnel": "", "layer": "", "source": "osm"}, "geometry": {"type": "LineString", "coordinates": [[116.4712465, 39.8920181], [116.4711098, 39.8921348], [116.4698071, 39.8921423], [116.4695672, 39.8921483], [116.4691216, 39.8921389], [116.4690324, 39.892137], [116.468099, 39.8921397], [116.4679976, 39.89214], [116.4674137, 39.892158], [116.4672632, 39.8921475], [116.4667554, 39.8921475], [116.4665058, 39.892152]]}}, {"type": "Feature", "properties": {"highway": "tertiary_link", "name": "", "bridge": "", "tunnel": "", "layer": "", "source": "osm"}, "geometry": {"type": "LineString", "coordinates": [[116.4704271, 39.8920218], [116.4702433, 39.8920807], [116.4700262, 39.8920882], [116.4698071, 39.8921423]]}}, {"type": "Feature", "properties": {"highway": "residential", "name": "", "bridge": "", "tunnel": "", "layer": "", "source": "osm"}, "geometry": {"type": "LineString", "coordinates": [[116.4578185, 39.8725323], [116.4577895, 39.8731042], [116.4577819, 39.8732532]]}}, {"type": "Feature", "properties": {"highway": "residential", "name": "", "bridge": "", "tunnel": "", "layer": "", "source": "osm"}, "geometry": {"type": "LineString", "coordinates": [[116.4570132, 39.8730864], [116.4574833, 39.8730972], [116.4577895, 39.8731042]]}}, {"type": "Feature", "properties": {"highway": "residential", "name": "", "bridge": "", "tunnel": "", "layer": "", "source": "osm"}, "geometry": {"type": "LineString", "coordinates": [[116.4574833, 39.8730972], [116.4574708, 39.8728991], [116.4570148, 39.8729023], [116.456541, 39.8728977], [116.456533, 39.87307], [116.4570132, 39.8730864]]}}, {"type": "Feature", "properties": {"highway": "residential", "name": "", "bridge": "", "tunnel": "", "layer": "", "source": "osm"}, "geometry": {"type": "LineString", "coordinates": [[116.4570178, 39.872534], [116.4570415, 39.8722943], [116.4570555, 39.8721536], [116.4570723, 39.871983]]}}, {"type": "Feature", "properties": {"highway": "residential", "name": "", "bridge": "", "tunnel": "", "layer": "", "source": "osm"}, "geometry": {"type": "LineString", "coordinates": [[116.4570415, 39.8722943], [116.4575278, 39.8722942], [116.4575233, 39.872161], [116.4570555, 39.8721536], [116.4565518, 39.8721521], [116.4565473, 39.8722939], [116.4570415, 39.8722943]]}}, {"type": "Feature", "properties": {"highway": "residential", "name": "", "bridge": "", "tunnel": "", "layer": "", "source": "osm"}, "geometry": {"type": "LineString", "coordinates": [[116.4560919, 39.8718119], [116.4561313, 39.8719054], [116.4563696, 39.8721278], [116.4565518, 39.8721521]]}}, {"type": "Feature", "properties": {"highway": "footway", "name": "", "bridge": "", "tunnel": "", "layer": "", "source": "osm"}, "geometry": {"type": "LineString", "coordinates": [[116.4795515, 39.891823], [116.4795499, 39.8917509]]}}, {"type": "Feature", "properties": {"highway": "footway", "name": "", "bridge": "", "tunnel": "", "layer": "", "source": "osm"}, "geometry": {"type": "LineString", "coordinates": [[116.4795322, 39.8920818], [116.4795319, 39.8919837]]}}, {"type": "Feature", "properties": {"highway": "footway", "name": "", "bridge": "", "tunnel": "", "layer": "", "source": "osm"}, "geometry": {"type": "LineString", "coordinates": [[116.4745784, 39.8918027], [116.4745735, 39.891758]]}}, {"type": "Feature", "properties": {"highway": "footway", "name": "", "bridge": "", "tunnel": "", "layer": "", "source": "osm"}, "geometry": {"type": "LineString", "coordinates": [[116.474529, 39.8920767], [116.4745212, 39.8919909]]}}, {"type": "Feature", "properties": {"highway": "footway", "name": "", "bridge": "", "tunnel": "", "layer": "", "source": "osm"}, "geometry": {"type": "LineString", "coordinates": [[116.4691114, 39.8921061], [116.469286, 39.892109], [116.4693444, 39.892108]]}}, {"type": "Feature", "properties": {"highway": "footway", "name": "", "bridge": "", "tunnel": "", "layer": "", "source": "osm"}, "geometry": {"type": "LineString", "coordinates": [[116.4691157, 39.8921637], [116.4691216, 39.8921389]]}}, {"type": "Feature", "properties": {"highway": "footway", "name": "", "bridge": "", "tunnel": "", "layer": "", "source": "osm"}, "geometry": {"type": "LineString", "coordinates": [[116.4681018, 39.8921575], [116.468099, 39.8921397]]}}, {"type": "Feature", "properties": {"highway": "tertiary", "name": "广渠路辅路", "bridge": "", "tunnel": "", "layer": "", "source": "osm"}, "geometry": {"type": "LineString", "coordinates": [[116.4664737, 39.8918948], [116.4666649, 39.8917461], [116.4680867, 39.8917355], [116.4689951, 39.8917288], [116.4691313, 39.8917257], [116.4700931, 39.8917039], [116.4702891, 39.8918299]]}}, {"type": "Feature", "properties": {"highway": "footway", "name": "", "bridge": "", "tunnel": "", "layer": "", "source": "osm"}, "geometry": {"type": "LineString", "coordinates": [[116.4680911, 39.8916924], [116.4680867, 39.8917355]]}}, {"type": "Feature", "properties": {"highway": "footway", "name": "", "bridge": "", "tunnel": "", "layer": "", "source": "osm"}, "geometry": {"type": "LineString", "coordinates": [[116.4691291, 39.8917006], [116.4691313, 39.8917257]]}}, {"type": "Feature", "properties": {"highway": "footway", "name": "", "bridge": "", "tunnel": "", "layer": "", "source": "osm"}, "geometry": {"type": "LineString", "coordinates": [[116.4691141, 39.8917933], [116.4693465, 39.8917511], [116.4696963, 39.8917424]]}}, {"type": "Feature", "properties": {"highway": "footway", "name": "", "bridge": "", "tunnel": "", "layer": "", "source": "osm"}, "geometry": {"type": "LineString", "coordinates": [[116.4618266, 39.882855], [116.4615917, 39.8828556], [116.4614565, 39.882856], [116.4614042, 39.8829373], [116.4614052, 39.8830109], [116.4614067, 39.8831224], [116.4614082, 39.8832327], [116.4614846, 39.8832975], [116.4615957, 39.8832956], [116.4617958, 39.8832923], [116.4618212, 39.8832718], [116.4618232, 39.8831226], [116.4618246, 39.8830103], [116.4618266, 39.882855]]}}, {"type": "Feature", "properties": {"highway": "footway", "name": "", "bridge": "", "tunnel": "", "layer": "", "source": "osm"}, "geometry": {"type": "LineString", "coordinates": [[116.4547812, 39.886522], [116.4547808, 39.8865054], [116.4547471, 39.8865064], [116.4547455, 39.8864559]]}}, {"type": "Feature", "properties": {"highway": "footway", "name": "", "bridge": "", "tunnel": "", "layer": "", "source": "osm"}, "geometry": {"type": "LineString", "coordinates": [[116.4548493, 39.8882382], [116.4548433, 39.8880366]]}}, {"type": "Feature", "properties": {"highway": "footway", "name": "", "bridge": "", "tunnel": "", "layer": "", "source": "osm"}, "geometry": {"type": "LineString", "coordinates": [[116.4522522, 39.8924214], [116.4521705, 39.8924214], [116.4521639, 39.8924959]]}}, {"type": "Feature", "properties": {"highway": "footway", "name": "", "bridge": "", "tunnel": "", "layer": "", "source": "osm"}, "geometry": {"type": "LineString", "coordinates": [[116.4526245, 39.8832848], [116.4527282, 39.8832834], [116.4527896, 39.8832826]]}}, {"type": "Feature", "properties": {"highway": "footway", "name": "", "bridge": "", "tunnel": "", "layer": "", "source": "osm"}, "geometry": {"type": "LineString", "coordinates": [[116.4525704, 39.8832855], [116.4526245, 39.8832848]]}}, {"type": "Feature", "properties": {"highway": "footway", "name": "", "bridge": "", "tunnel": "", "layer": "", "source": "osm"}, "geometry": {"type": "LineString", "coordinates": [[116.4391636, 39.8777801], [116.4391928, 39.877778]]}}, {"type": "Feature", "properties": {"highway": "footway", "name": "", "bridge": "", "tunnel": "", "layer": "2", "source": "osm"}, "geometry": {"type": "LineString", "coordinates": [[116.4376978, 39.896829], [116.4377608, 39.8968291], [116.437808, 39.8968292], [116.4379352, 39.8966127], [116.4381383, 39.8962905], [116.4382098, 39.8960876], [116.4382452, 39.8959114], [116.438261, 39.8954299], [116.438261, 39.8950373], [116.4383186, 39.8946902], [116.4383812, 39.8943607], [116.4386861, 39.893851], [116.438726, 39.8933783], [116.4387557, 39.8927293], [116.4387804, 39.8925546], [116.4386804, 39.8925477], [116.4384128, 39.8925294], [116.4376511, 39.8925264], [116.4370173, 39.8925415], [116.4367416, 39.8925405], [116.4366313, 39.8925401], [116.4360247, 39.8925711], [116.4354781, 39.8925711], [116.4346399, 39.8925842], [116.4337156, 39.8925996], [116.4329318, 39.8926038], [116.4323837, 39.8925875], [116.43195, 39.8925875]]}}, {"type": "Feature", "properties": {"highway": "footway", "name": "", "bridge": "", "tunnel": "", "layer": "1", "source": "osm"}, "geometry": {"type": "LineString", "coordinates": [[116.4247606, 39.899256], [116.4253266, 39.899258], [116.4255244, 39.8991392], [116.4255894, 39.8991392], [116.4260537, 39.899164], [116.4263366, 39.8991673], [116.4266824, 39.8991633], [116.4272034, 39.8991569], [116.4272402, 39.8991549], [116.4275958, 39.8991359], [116.4284096, 39.899111], [116.4288977, 39.8991097], [116.4289864, 39.8991068], [116.4291281, 39.8991127], [116.4294677, 39.8991266], [116.429777, 39.8990637], [116.4300575, 39.8989329], [116.4303117, 39.8987022], [116.4303915, 39.8986437], [116.4304968, 39.8985665], [116.4308695, 39.8983977], [116.4316739, 39.8981994], [116.4319799, 39.8981231], [116.4322064, 39.898068], [116.4325132, 39.898009], [116.4329585, 39.897914], [116.4342542, 39.8976525], [116.4345891, 39.8975893], [116.4351251, 39.8974655], [116.4353211, 39.8974182], [116.4356598, 39.897345], [116.4361143, 39.8972272], [116.4363301, 39.8971145], [116.4363047, 39.8969319], [116.4363054, 39.8966897], [116.436287, 39.8964354], [116.4363036, 39.8959687], [116.4363307, 39.8957112], [116.436373, 39.8955049], [116.4361858, 39.8953846], [116.4361965, 39.8953115]]}}, {"type": "Feature", "properties": {"highway": "footway", "name": "", "bridge": "", "tunnel": "", "layer": "", "source": "osm"}, "geometry": {"type": "LineString", "coordinates": [[116.4373898, 39.8972934], [116.4374466, 39.8973072], [116.4374833, 39.8972048], [116.437539, 39.8972159], [116.4375706, 39.8970941], [116.4376491, 39.8971063]]}}, {"type": "Feature", "properties": {"highway": "residential", "name": "", "bridge": "", "tunnel": "", "layer": "", "source": "osm"}, "geometry": {"type": "LineString", "coordinates": [[116.4370884, 39.8980668], [116.4368872, 39.8982533], [116.4369286, 39.898436], [116.4370534, 39.8985301], [116.4370948, 39.8986776]]}}, {"type": "Feature", "properties": {"highway": "footway", "name": "", "bridge": "", "tunnel": "", "layer": "", "source": "osm"}, "geometry": {"type": "LineString", "coordinates": [[116.4362477, 39.8983871], [116.4361773, 39.8983113]]}}, {"type": "Feature", "properties": {"highway": "footway", "name": "", "bridge": "", "tunnel": "", "layer": "2", "source": "osm"}, "geometry": {"type": "LineString", "coordinates": [[116.4339054, 39.8982276], [116.4339382, 39.8982124], [116.4343119, 39.8981274], [116.4345617, 39.898042], [116.4348672, 39.8979827], [116.4349781, 39.8979406], [116.4352794, 39.8978748], [116.4353985, 39.8978561], [116.4356712, 39.8978109], [116.4357833, 39.8977886], [116.4359313, 39.8977592], [116.4363386, 39.8976702], [116.4365824, 39.8975951], [116.4368357, 39.8974924], [116.4370717, 39.8973524], [116.4372905, 39.8972213], [116.4375002, 39.8970372], [116.4376978, 39.896829]]}}, {"type": "Feature", "properties": {"highway": "footway", "name": "", "bridge": "", "tunnel": "", "layer": "2", "source": "osm"}, "geometry": {"type": "LineString", "coordinates": [[116.4390174, 39.892125], [116.4390116, 39.892303], [116.4390264, 39.8923965], [116.4390261, 39.8924583], [116.4390256, 39.8925285]]}}, {"type": "Feature", "properties": {"highway": "footway", "name": "", "bridge": "", "tunnel": "", "layer": "2", "source": "osm"}, "geometry": {"type": "LineString", "coordinates": [[116.4390256, 39.8925285], [116.4389408, 39.8925285], [116.438814, 39.8925285], [116.4387804, 39.8925546]]}}, {"type": "Feature", "properties": {"highway": "footway", "name": "", "bridge": "", "tunnel": "", "layer": "2", "source": "osm"}, "geometry": {"type": "LineString", "coordinates": [[116.4389408, 39.8925285], [116.4389598, 39.8926397]]}}, {"type": "Feature", "properties": {"highway": "footway", "name": "", "bridge": "", "tunnel": "", "layer": "2", "source": "osm"}, "geometry": {"type": "LineString", "coordinates": [[116.4390256, 39.8925285], [116.4392405, 39.8925348], [116.4392928, 39.8925765], [116.4393867, 39.8925622], [116.4396186, 39.8925426], [116.4397686, 39.8925119], [116.4398477, 39.8925054], [116.4398461, 39.8924571], [116.4398334, 39.8920691], [116.4398321, 39.8920285], [116.4397164, 39.8920386], [116.4395292, 39.892055], [116.4394743, 39.8920768], [116.438955, 39.8920834], [116.4389537, 39.8921246]]}}, {"type": "Feature", "properties": {"highway": "footway", "name": "", "bridge": "", "tunnel": "", "layer": "2", "source": "osm"}, "geometry": {"type": "LineString", "coordinates": [[116.438955, 39.8920834], [116.4388343, 39.8920815], [116.4387644, 39.8920815], [116.4385124, 39.8920815], [116.4384272, 39.8921049], [116.4377172, 39.8921131], [116.4375385, 39.8921119], [116.4372232, 39.8921169], [116.4370643, 39.8921207], [116.4367992, 39.8921163], [116.4367453, 39.8921161], [116.4366255, 39.8921156], [116.4366261, 39.8921565], [116.4366307, 39.8924965], [116.4366313, 39.8925401]]}}, {"type": "Feature", "properties": {"highway": "footway", "name": "", "bridge": "", "tunnel": "", "layer": "", "source": "osm"}, "geometry": {"type": "LineString", "coordinates": [[116.4377425, 39.8918634], [116.4377458, 39.8917667], [116.4377206, 39.8917632], [116.4377402, 39.8915853], [116.4377511, 39.8915157], [116.4377008, 39.8915134]]}}, {"type": "Feature", "properties": {"highway": "footway", "name": "", "bridge": "", "tunnel": "", "layer": "", "source": "osm"}, "geometry": {"type": "LineString", "coordinates": [[116.4579647, 39.9009575], [116.4579722, 39.9010457], [116.4580054, 39.9011128], [116.4580421, 39.9011765], [116.4580769, 39.9012082], [116.4582777, 39.9012917]]}}, {"type": "Feature", "properties": {"highway": "footway", "name": "", "bridge": "", "tunnel": "", "layer": "", "source": "osm"}, "geometry": {"type": "LineString", "coordinates": [[116.4650639, 39.8940552], [116.4651712, 39.8939325], [116.4653365, 39.8938263], [116.46555, 39.8938354], [116.4656851, 39.8938963], [116.4657581, 39.8939531], [116.4658075, 39.8939482], [116.4658557, 39.8938477], [116.4658944, 39.8937901], [116.4659491, 39.8937613], [116.4659695, 39.8937926], [116.4659555, 39.8938576], [116.4659652, 39.8939111], [116.4660059, 39.8942042], [116.4661465, 39.8942412], [116.4661744, 39.8943103]]}}, {"type": "Feature", "properties": {"highway": "footway", "name": "", "bridge": "", "tunnel": "", "layer": "", "source": "osm"}, "geometry": {"type": "LineString", "coordinates": [[116.45526, 39.8702624], [116.4552919, 39.8718236], [116.4553125, 39.8728339]]}}, {"type": "Feature", "properties": {"highway": "footway", "name": "", "bridge": "", "tunnel": "yes", "layer": "-1", "source": "osm"}, "geometry": {"type": "LineString", "coordinates": [[116.4553125, 39.8728339], [116.4544439, 39.8728446]]}}, {"type": "Feature", "properties": {"highway": "unclassified", "name": "", "bridge": "", "tunnel": "", "layer": "", "source": "osm"}, "geometry": {"type": "LineString", "coordinates": [[116.4551092, 39.8698202], [116.4552435, 39.869821], [116.4564012, 39.8698285], [116.4565379, 39.8698294], [116.4578702, 39.8698379], [116.4589967, 39.8698452]]}}, {"type": "Feature", "properties": {"highway": "footway", "name": "", "bridge": "", "tunnel": "", "layer": "", "source": "osm"}, "geometry": {"type": "LineString", "coordinates": [[116.4564012, 39.8698285], [116.4564074, 39.8697764], [116.4564348, 39.8695822], [116.4563393, 39.8694834], [116.4561452, 39.8694539], [116.4562099, 39.8693274]]}}, {"type": "Feature", "properties": {"highway": "steps", "name": "", "bridge": "", "tunnel": "", "layer": "", "source": "osm"}, "geometry": {"type": "LineString", "coordinates": [[116.4562099, 39.8693274], [116.4563808, 39.8691637]]}}, {"type": "Feature", "properties": {"highway": "footway", "name": "", "bridge": "", "tunnel": "", "layer": "", "source": "osm"}, "geometry": {"type": "LineString", "coordinates": [[116.4422915, 39.8913887], [116.439556, 39.8914281]]}}, {"type": "Feature", "properties": {"highway": "service", "name": "", "bridge": "", "tunnel": "", "layer": "", "source": "osm"}, "geometry": {"type": "LineString", "coordinates": [[116.4395617, 39.8907255], [116.439556, 39.8914281], [116.4395522, 39.8919086], [116.4397236, 39.8919083], [116.4422915, 39.8919037]]}}, {"type": "Feature", "properties": {"highway": "footway", "name": "", "bridge": "", "tunnel": "", "layer": "", "source": "osm"}, "geometry": {"type": "LineString", "coordinates": [[116.4397236, 39.8919083], [116.4397164, 39.8920386]]}}, {"type": "Feature", "properties": {"highway": "footway", "name": "", "bridge": "", "tunnel": "", "layer": "", "source": "osm"}, "geometry": {"type": "LineString", "coordinates": [[116.4352634, 39.8698697], [116.4353657, 39.8698499], [116.4354456, 39.8698296], [116.4356858, 39.8697879], [116.4357917, 39.8698462], [116.4358715, 39.8698871], [116.4359374, 39.8698567], [116.4359914, 39.869784], [116.4360594, 39.8697534], [116.4361684, 39.8697008], [116.4363098, 39.8696468], [116.4364561, 39.8696468], [116.4365535, 39.8696712]]}}, {"type": "Feature", "properties": {"highway": "tertiary", "name": "北工大路", "bridge": "", "tunnel": "", "layer": "", "source": "osm"}, "geometry": {"type": "LineString", "coordinates": [[116.475479, 39.8780984], [116.4760315, 39.8780943]]}}, {"type": "Feature", "properties": {"highway": "tertiary", "name": "北工大路", "bridge": "", "tunnel": "", "layer": "", "source": "osm"}, "geometry": {"type": "LineString", "coordinates": [[116.4760315, 39.8780943], [116.4771728, 39.8780935]]}}]}